scale,q,q_mod30,candidate,candidate_mod30,status,endpoint_class,tau_candidate,endpoint_family,factor_signature,false_exclusion,unresolved_composite,least_factor,cofactor,first_remainder_family,second_factor,second_remainder,second_remainder_family,third_factor,third_remainder,third_remainder_family,grammar_terminal,terminal_family,grammar_accounted
10000000,9942539,29,9942541,1,excluded,composite_obstruction,20,multi_prime_family,7^4*41*101,False,False,7,1420363,multi_prime_family,7,202909,multi_prime_family,7,28987,multi_prime_family,,multi_prime_family,False
10000000,9930191,11,9930193,13,excluded,composite_obstruction,32,multi_prime_family,7^3*13*17*131,False,False,7,1418599,multi_prime_family,7,202657,multi_prime_family,7,28951,multi_prime_family,,multi_prime_family,False
10000000,9911669,29,9911671,1,excluded,composite_obstruction,32,multi_prime_family,7^3*11*37*71,False,False,7,1415953,multi_prime_family,7,202279,multi_prime_family,7,28897,multi_prime_family,,multi_prime_family,False
10000000,9860219,29,9860221,1,excluded,composite_obstruction,32,multi_prime_family,7^3*17*19*89,False,False,7,1408603,multi_prime_family,7,201229,multi_prime_family,7,28747,multi_prime_family,,multi_prime_family,False
100000000,99990329,29,99990331,1,excluded,composite_obstruction,32,multi_prime_family,7^3*19*67*229,False,False,7,14284333,multi_prime_family,7,2040619,multi_prime_family,7,291517,multi_prime_family,,multi_prime_family,False
100000000,99968867,17,99968869,19,excluded,composite_obstruction,36,multi_prime_family,7^2*11^2*13*1297,False,False,7,14281267,multi_prime_family,7,2040181,multi_prime_family,11,185471,multi_prime_family,,multi_prime_family,False
100000000,99949169,29,99949171,1,excluded,composite_obstruction,32,multi_prime_family,7^3*17*61*281,False,False,7,14278453,multi_prime_family,7,2039779,multi_prime_family,7,291397,multi_prime_family,,multi_prime_family,False
100000000,99936821,11,99936823,13,excluded,composite_obstruction,20,multi_prime_family,7^4*107*389,False,False,7,14276689,multi_prime_family,7,2039527,multi_prime_family,7,291361,multi_prime_family,,multi_prime_family,False
100000000,99875081,11,99875083,13,excluded,composite_obstruction,32,multi_prime_family,7^3*11*103*257,False,False,7,14267869,multi_prime_family,7,2038267,multi_prime_family,7,291181,multi_prime_family,,multi_prime_family,False
100000000,99861851,11,99861853,13,excluded,composite_obstruction,48,multi_prime_family,7^2*13*19*37*223,False,False,7,14265979,multi_prime_family,7,2037997,multi_prime_family,13,156769,multi_prime_family,,multi_prime_family,False
100000000,99830729,29,99830731,1,excluded,composite_obstruction,64,multi_prime_family,7*11*13*19*29*181,False,False,7,14261533,multi_prime_family,11,1296503,multi_prime_family,13,99731,multi_prime_family,,multi_prime_family,False
100000000,99829217,17,99829219,19,excluded,composite_obstruction,48,multi_prime_family,7^2*17*37*41*79,False,False,7,14261317,multi_prime_family,7,2037331,multi_prime_family,17,119843,multi_prime_family,,multi_prime_family,False
100000000,99817859,29,99817861,1,excluded,composite_obstruction,48,multi_prime_family,11^2*13*23*31*89,False,False,11,9074351,multi_prime_family,11,824941,multi_prime_family,13,63457,multi_prime_family,,multi_prime_family,False
100000000,99805991,11,99805993,13,excluded,composite_obstruction,48,multi_prime_family,7^2*19*23*59*79,False,False,7,14257999,multi_prime_family,7,2036857,multi_prime_family,19,107203,multi_prime_family,,multi_prime_family,False
1000000000,999996149,29,999996151,1,excluded,composite_obstruction,48,multi_prime_family,7*11^2*17*37*1877,False,False,7,142856593,multi_prime_family,11,12986963,multi_prime_family,11,1180633,multi_prime_family,,multi_prime_family,False
1000000000,999992537,17,999992539,19,excluded,composite_obstruction,48,multi_prime_family,7^2*13*47*127*263,False,False,7,142856077,multi_prime_family,7,20408011,multi_prime_family,13,1569847,multi_prime_family,,multi_prime_family,False
1000000000,999991067,17,999991069,19,excluded,composite_obstruction,36,multi_prime_family,7^2*11^2*227*743,False,False,7,142855867,multi_prime_family,7,20407981,multi_prime_family,11,1855271,multi_prime_family,,multi_prime_family,False
1000000000,999978887,17,999978889,19,excluded,composite_obstruction,64,multi_prime_family,7*13*23*41*43*271,False,False,7,142854127,multi_prime_family,13,10988779,multi_prime_family,23,477773,multi_prime_family,,multi_prime_family,False
1000000000,999939029,29,999939031,1,excluded,composite_obstruction,36,multi_prime_family,7^2*13^2*17*7103,False,False,7,142848433,multi_prime_family,7,20406919,multi_prime_family,13,1569763,multi_prime_family,,multi_prime_family,False
1000000000,999919919,29,999919921,1,excluded,composite_obstruction,36,multi_prime_family,7^2*11^2*13*12973,False,False,7,142845703,multi_prime_family,7,20406529,multi_prime_family,11,1855139,multi_prime_family,,multi_prime_family,False
1000000000,999895271,11,999895273,13,excluded,composite_obstruction,48,multi_prime_family,13*17*19^2*83*151,False,False,13,76915021,multi_prime_family,17,4524413,multi_prime_family,19,238127,multi_prime_family,,multi_prime_family,False
1000000000,999877289,29,999877291,1,excluded,composite_obstruction,36,multi_prime_family,7^2*41^2*61*199,False,False,7,142839613,multi_prime_family,7,20405659,multi_prime_family,41,497699,multi_prime_family,,multi_prime_family,False
1000000000,999855239,29,999855241,1,excluded,composite_obstruction,48,multi_prime_family,7^2*11*23*59*1367,False,False,7,142836463,multi_prime_family,7,20405209,multi_prime_family,11,1855019,multi_prime_family,,multi_prime_family,False
1000000000,999850829,29,999850831,1,excluded,composite_obstruction,20,multi_prime_family,7^4*89*4679,False,False,7,142835833,multi_prime_family,7,20405119,multi_prime_family,7,2915017,multi_prime_family,,multi_prime_family,False
1000000000,999839069,29,999839071,1,excluded,composite_obstruction,48,multi_prime_family,7^2*11*17*19*5743,False,False,7,142834153,multi_prime_family,7,20404879,multi_prime_family,11,1854989,multi_prime_family,,multi_prime_family,False
1000000000,999833357,17,999833359,19,excluded,composite_obstruction,48,multi_prime_family,7*17^2*31*107*149,False,False,7,142833337,multi_prime_family,17,8401961,multi_prime_family,17,494233,multi_prime_family,,multi_prime_family,False
1000000000,999782639,29,999782641,1,excluded,composite_obstruction,48,multi_prime_family,11*13*19^2*107*181,False,False,11,90889331,multi_prime_family,13,6991487,multi_prime_family,19,367973,multi_prime_family,,multi_prime_family,False
10000000000,9999988451,11,9999988453,13,excluded,composite_obstruction,48,multi_prime_family,7^2*13*43*67*5449,False,False,7,1428569779,multi_prime_family,7,204081397,multi_prime_family,13,15698569,multi_prime_family,,multi_prime_family,False
10000000000,9999973187,17,9999973189,19,excluded,composite_obstruction,48,multi_prime_family,17*23^2*47*59*401,False,False,17,588233717,multi_prime_family,23,25575379,multi_prime_family,23,1111973,multi_prime_family,,multi_prime_family,False
10000000000,9999966149,29,9999966151,1,excluded,composite_obstruction,48,multi_prime_family,7*17^2*23*29*7411,False,False,7,1428566593,multi_prime_family,17,84033329,multi_prime_family,17,4943137,multi_prime_family,,multi_prime_family,False
10000000000,9999960227,17,9999960229,19,excluded,composite_obstruction,32,multi_prime_family,7^3*41*251*2833,False,False,7,1428565747,multi_prime_family,7,204080821,multi_prime_family,7,29154403,multi_prime_family,,multi_prime_family,False
10000000000,9999946409,29,9999946411,1,excluded,composite_obstruction,48,multi_prime_family,7^2*13*19*571*1447,False,False,7,1428563773,multi_prime_family,7,204080539,multi_prime_family,13,15698503,multi_prime_family,,multi_prime_family,False
10000000000,9999937589,29,9999937591,1,excluded,composite_obstruction,32,multi_prime_family,7^3*17*257*6673,False,False,7,1428562513,multi_prime_family,7,204080359,multi_prime_family,7,29154337,multi_prime_family,,multi_prime_family,False
10000000000,9999934271,11,9999934273,13,excluded,composite_obstruction,64,multi_prime_family,7*23*43*47*73*421,False,False,7,1428562039,multi_prime_family,23,62111393,multi_prime_family,43,1444451,multi_prime_family,,multi_prime_family,False
10000000000,9999927299,29,9999927301,1,excluded,composite_obstruction,20,multi_prime_family,7^4*13*320377,False,False,7,1428561043,multi_prime_family,7,204080149,multi_prime_family,7,29154307,multi_prime_family,,multi_prime_family,False
10000000000,9999912011,11,9999912013,13,excluded,composite_obstruction,36,multi_prime_family,7^2*13^2*41*29453,False,False,7,1428558859,multi_prime_family,7,204079837,multi_prime_family,13,15698449,multi_prime_family,,multi_prime_family,False
10000000000,9999893627,17,9999893629,19,excluded,composite_obstruction,48,multi_prime_family,11^2*17*19*331*773,False,False,11,909081239,multi_prime_family,11,82643749,multi_prime_family,17,4861397,multi_prime_family,,multi_prime_family,False
10000000000,9999867617,17,9999867619,19,excluded,composite_obstruction,64,multi_prime_family,7^3*17*23*173*431,False,False,7,1428552517,multi_prime_family,7,204078931,multi_prime_family,7,29154133,multi_prime_family,,multi_prime_family,False
10000000000,9999867491,11,9999867493,13,excluded,composite_obstruction,48,multi_prime_family,7*11^2*29*37*11003,False,False,7,1428552499,multi_prime_family,11,129868409,multi_prime_family,11,11806219,multi_prime_family,,multi_prime_family,False
10000000000,9999848297,17,9999848299,19,excluded,composite_obstruction,64,multi_prime_family,7*23*41*53*101*283,False,False,7,1428549757,multi_prime_family,23,62110859,multi_prime_family,41,1514899,multi_prime_family,,multi_prime_family,False
10000000000,9999847037,17,9999847039,19,excluded,composite_obstruction,32,multi_prime_family,7^3*13*311*7211,False,False,7,1428549577,multi_prime_family,7,204078511,multi_prime_family,7,29154073,multi_prime_family,,multi_prime_family,False
10000000000,9999835259,29,9999835261,1,excluded,composite_obstruction,64,multi_prime_family,13*19*31*41*53*601,False,False,13,769218097,multi_prime_family,19,40485163,multi_prime_family,31,1305973,multi_prime_family,,multi_prime_family,False
10000000000,9999832841,11,9999832843,13,excluded,composite_obstruction,64,multi_prime_family,7*11*13*23*31*14011,False,False,7,1428547549,multi_prime_family,11,129867959,multi_prime_family,13,9989843,multi_prime_family,,multi_prime_family,False
10000000000,9999818519,29,9999818521,1,excluded,composite_obstruction,48,multi_prime_family,7^2*11*31*563*1063,False,False,7,1428545503,multi_prime_family,7,204077929,multi_prime_family,11,18552539,multi_prime_family,,multi_prime_family,False
10000000000,9999791471,11,9999791473,13,excluded,composite_obstruction,32,multi_prime_family,7^3*41*67*10613,False,False,7,1428541639,multi_prime_family,7,204077377,multi_prime_family,7,29153911,multi_prime_family,,multi_prime_family,False
10000000000,9999759089,29,9999759091,1,excluded,composite_obstruction,64,multi_prime_family,7*17*29*43*79*853,False,False,7,1428537013,multi_prime_family,17,84031589,multi_prime_family,29,2897641,multi_prime_family,,multi_prime_family,False
100000000000,99999991661,11,99999991663,13,excluded,composite_obstruction,48,multi_prime_family,11*13^2*67*283*2837,False,False,11,9090908333,multi_prime_family,13,699300641,multi_prime_family,13,53792357,multi_prime_family,,multi_prime_family,False
100000000000,99999973379,29,99999973381,1,excluded,composite_obstruction,48,multi_prime_family,7*11^2*41*137*21019,False,False,7,14285710483,multi_prime_family,11,1298700953,multi_prime_family,11,118063723,multi_prime_family,,multi_prime_family,False
100000000000,99999971699,29,99999971701,1,excluded,composite_obstruction,20,multi_prime_family,7^4*739*56359,False,False,7,14285710243,multi_prime_family,7,2040815749,multi_prime_family,7,291545107,multi_prime_family,,multi_prime_family,False
100000000000,99999963941,11,99999963943,13,excluded,composite_obstruction,32,multi_prime_family,11^3*19*1511*2617,False,False,11,9090905813,multi_prime_family,11,826445983,multi_prime_family,11,75131453,multi_prime_family,,multi_prime_family,False
100000000000,99999959351,11,99999959353,13,excluded,composite_obstruction,32,multi_prime_family,7^3*223*1019*1283,False,False,7,14285708479,multi_prime_family,7,2040815497,multi_prime_family,7,291545071,multi_prime_family,,multi_prime_family,False
100000000000,99999941039,29,99999941041,1,excluded,composite_obstruction,64,multi_prime_family,7*11*13*17*29*202637,False,False,7,14285705863,multi_prime_family,11,1298700533,multi_prime_family,13,99900041,multi_prime_family,,multi_prime_family,False
100000000000,99999932849,29,99999932851,1,excluded,composite_obstruction,32,multi_prime_family,7*13^3*1571*4139,False,False,7,14285704693,multi_prime_family,13,1098900361,multi_prime_family,13,84530797,multi_prime_family,,multi_prime_family,False
100000000000,99999930539,29,99999930541,1,excluded,composite_obstruction,64,multi_prime_family,7^3*19*23*31*21521,False,False,7,14285704363,multi_prime_family,7,2040814909,multi_prime_family,7,291544987,multi_prime_family,,multi_prime_family,False
100000000000,99999929951,11,99999929953,13,excluded,composite_obstruction,48,multi_prime_family,7^2*11*59*157*20029,False,False,7,14285704279,multi_prime_family,7,2040814897,multi_prime_family,11,185528627,multi_prime_family,,multi_prime_family,False
100000000000,99999927779,29,99999927781,1,excluded,composite_obstruction,48,multi_prime_family,13^2*17*23*83*18233,False,False,13,7692302137,multi_prime_family,13,591715549,multi_prime_family,17,34806797,multi_prime_family,,multi_prime_family,False
100000000000,99999924209,29,99999924211,1,excluded,composite_obstruction,32,multi_prime_family,11*17^3*479*3863,False,False,11,9090902201,multi_prime_family,17,534758953,multi_prime_family,17,31456409,multi_prime_family,,multi_prime_family,False
100000000000,99999913271,11,99999913273,13,excluded,composite_obstruction,48,multi_prime_family,13*67^2*79*109*199,False,False,13,7692301021,multi_prime_family,67,114810463,multi_prime_family,67,1713589,multi_prime_family,,multi_prime_family,False
100000000000,99999899669,29,99999899671,1,excluded,composite_obstruction,20,multi_prime_family,7^4*163*255517,False,False,7,14285699953,multi_prime_family,7,2040814279,multi_prime_family,7,291544897,multi_prime_family,,multi_prime_family,False
100000000000,99999892067,17,99999892069,19,excluded,composite_obstruction,32,multi_prime_family,7*11^3*347*30931,False,False,7,14285698867,multi_prime_family,11,1298699897,multi_prime_family,11,118063627,multi_prime_family,,multi_prime_family,False
100000000000,99999887447,17,99999887449,19,excluded,composite_obstruction,128,multi_prime_family,7*11*19*29*71*89*373,False,False,7,14285698207,multi_prime_family,11,1298699837,multi_prime_family,19,68352623,multi_prime_family,,multi_prime_family,False
100000000000,99999882617,17,99999882619,19,excluded,composite_obstruction,48,multi_prime_family,7^2*13*47*331*10091,False,False,7,14285697517,multi_prime_family,7,2040813931,multi_prime_family,13,156985687,multi_prime_family,,multi_prime_family,False
100000000000,99999878669,29,99999878671,1,excluded,composite_obstruction,128,multi_prime_family,7*11*19*41*47*79*449,False,False,7,14285696953,multi_prime_family,11,1298699723,multi_prime_family,19,68352617,multi_prime_family,,multi_prime_family,False
100000000000,99999877547,17,99999877549,19,excluded,composite_obstruction,48,multi_prime_family,11^2*13*23*1291*2141,False,False,11,9090897959,multi_prime_family,11,826445269,multi_prime_family,13,63572713,multi_prime_family,,multi_prime_family,False
100000000000,99999875561,11,99999875563,13,excluded,composite_obstruction,48,multi_prime_family,7^2*113*137*241*547,False,False,7,14285696509,multi_prime_family,7,2040813787,multi_prime_family,113,18060299,multi_prime_family,,multi_prime_family,False
100000000000,99999868967,17,99999868969,19,excluded,composite_obstruction,48,multi_prime_family,7*11*13^2*367*20939,False,False,7,14285695567,multi_prime_family,11,1298699597,multi_prime_family,13,99899969,multi_prime_family,,multi_prime_family,False
100000000000,99999868109,29,99999868111,1,excluded,composite_obstruction,64,multi_prime_family,11^3*13*17*73*4657,False,False,11,9090897101,multi_prime_family,11,826445191,multi_prime_family,11,75131381,multi_prime_family,,multi_prime_family,False
100000000000,99999860567,17,99999860569,19,excluded,composite_obstruction,32,multi_prime_family,7^3*59*251*19687,False,False,7,14285694367,multi_prime_family,7,2040813481,multi_prime_family,7,291544783,multi_prime_family,,multi_prime_family,False
100000000000,99999846329,29,99999846331,1,excluded,composite_obstruction,48,multi_prime_family,7*11^2*89*211*6287,False,False,7,14285692333,multi_prime_family,11,1298699303,multi_prime_family,11,118063573,multi_prime_family,,multi_prime_family,False
100000000000,99999845867,17,99999845869,19,excluded,composite_obstruction,48,multi_prime_family,7^2*11*37*983*5101,False,False,7,14285692267,multi_prime_family,7,2040813181,multi_prime_family,11,185528471,multi_prime_family,,multi_prime_family,False
100000000000,99999839399,29,99999839401,1,excluded,composite_obstruction,48,multi_prime_family,7^2*11*31*379*15791,False,False,7,14285691343,multi_prime_family,7,2040813049,multi_prime_family,11,185528459,multi_prime_family,,multi_prime_family,False
100000000000,99999826379,29,99999826381,1,excluded,composite_obstruction,48,multi_prime_family,7*13^2*31*53*51449,False,False,7,14285689483,multi_prime_family,13,1098899191,multi_prime_family,13,84530707,multi_prime_family,,multi_prime_family,False
100000000000,99999826001,11,99999826003,13,excluded,composite_obstruction,48,multi_prime_family,7*11^2*19*1117*5563,False,False,7,14285689429,multi_prime_family,11,1298699039,multi_prime_family,11,118063549,multi_prime_family,,multi_prime_family,False
100000000000,99999825521,11,99999825523,13,excluded,composite_obstruction,48,multi_prime_family,13*23^2*59*193*1277,False,False,13,7692294271,multi_prime_family,23,334447577,multi_prime_family,23,14541199,multi_prime_family,,multi_prime_family,False
100000000000,99999819047,17,99999819049,19,excluded,composite_obstruction,48,multi_prime_family,13*17*19^2*823*1523,False,False,13,7692293773,multi_prime_family,17,452487869,multi_prime_family,19,23815151,multi_prime_family,,multi_prime_family,False
100000000000,99999807647,17,99999807649,19,excluded,composite_obstruction,48,multi_prime_family,7^2*19*61*227*7757,False,False,7,14285686807,multi_prime_family,7,2040812401,multi_prime_family,19,107411179,multi_prime_family,,multi_prime_family,False
100000000000,99999806051,11,99999806053,13,excluded,composite_obstruction,48,multi_prime_family,7*19^2*59*173*3877,False,False,7,14285686579,multi_prime_family,19,751878241,multi_prime_family,19,39572539,multi_prime_family,,multi_prime_family,False
100000000000,99999802901,11,99999802903,13,excluded,composite_obstruction,64,multi_prime_family,7*11*13*41*509*4787,False,False,7,14285686129,multi_prime_family,11,1298698739,multi_prime_family,13,99899903,multi_prime_family,,multi_prime_family,False
100000000000,99999782177,17,99999782179,19,excluded,composite_obstruction,64,multi_prime_family,11*29*53*173*179*191,False,False,11,9090889289,multi_prime_family,29,313478941,multi_prime_family,53,5914697,multi_prime_family,,multi_prime_family,False
100000000000,99999782111,11,99999782113,13,excluded,composite_obstruction,64,multi_prime_family,7*11*19*31*103*21407,False,False,7,14285683159,multi_prime_family,11,1298698469,multi_prime_family,19,68352551,multi_prime_family,,multi_prime_family,False
100000000000,99999774131,11,99999774133,13,excluded,composite_obstruction,32,multi_prime_family,7^3*19*71*216119,False,False,7,14285682019,multi_prime_family,7,2040811717,multi_prime_family,7,291544531,multi_prime_family,,multi_prime_family,False
100000000000,99999759221,11,99999759223,13,excluded,composite_obstruction,64,multi_prime_family,7*13*71*79*107*1831,False,False,7,14285679889,multi_prime_family,13,1098898453,multi_prime_family,71,15477443,multi_prime_family,,multi_prime_family,False
100000000000,99999758867,17,99999758869,19,excluded,composite_obstruction,48,multi_prime_family,17*23^2*41*367*739,False,False,17,5882338757,multi_prime_family,23,255753859,multi_prime_family,23,11119733,multi_prime_family,,multi_prime_family,False
100000000000,99999751829,29,99999751831,1,excluded,composite_obstruction,64,multi_prime_family,7*17*23*103*229*1549,False,False,7,14285678833,multi_prime_family,17,840334049,multi_prime_family,23,36536263,multi_prime_family,,multi_prime_family,False
100000000000,99999751487,17,99999751489,19,excluded,composite_obstruction,64,multi_prime_family,11*41*47*83*113*503,False,False,11,9090886499,multi_prime_family,41,221728939,multi_prime_family,47,4717637,multi_prime_family,,multi_prime_family,False
100000000000,99999743237,17,99999743239,19,excluded,composite_obstruction,36,multi_prime_family,11^2*19^2*31*73849,False,False,11,9090885749,multi_prime_family,11,826444159,multi_prime_family,19,43497061,multi_prime_family,,multi_prime_family,False
100000000000,99999735977,17,99999735979,19,excluded,composite_obstruction,96,multi_prime_family,11^2*13*37*47*139*263,False,False,11,9090885089,multi_prime_family,11,826444099,multi_prime_family,13,63572623,multi_prime_family,,multi_prime_family,False
100000000000,99999733979,29,99999733981,1,excluded,composite_obstruction,64,multi_prime_family,7*17*29*37*67*11689,False,False,7,14285676283,multi_prime_family,17,840333899,multi_prime_family,29,28977031,multi_prime_family,,multi_prime_family,False
1000000000000,999999999611,11,999999999613,13,excluded,composite_obstruction,64,multi_prime_family,17*19*41*53*223*6389,False,False,17,58823529389,multi_prime_family,19,3095975231,multi_prime_family,41,75511591,multi_prime_family,,multi_prime_family,False
1000000000000,999999999269,29,999999999271,1,excluded,composite_obstruction,192,multi_prime_family,7*13^2*19*61*73*97*103,False,False,7,142857142753,multi_prime_family,13,10989010981,multi_prime_family,13,845308537,multi_prime_family,,multi_prime_family,False
1000000000000,999999997397,17,999999997399,19,excluded,composite_obstruction,64,multi_prime_family,13*29^3*41*43*1789,False,False,13,76923076723,multi_prime_family,29,2652519887,multi_prime_family,29,91466203,multi_prime_family,,multi_prime_family,False
1000000000000,999999994817,17,999999994819,19,excluded,composite_obstruction,128,multi_prime_family,7*17*31*37*43*67*2543,False,False,7,142857142117,multi_prime_family,17,8403361301,multi_prime_family,31,271076171,multi_prime_family,,multi_prime_family,False
1000000000000,999999979991,11,999999979993,13,excluded,composite_obstruction,48,multi_prime_family,7^2*47*179*1291*1879,False,False,7,142857139999,multi_prime_family,7,20408162857,multi_prime_family,47,434216231,multi_prime_family,,multi_prime_family,False
1000000000000,999999976589,29,999999976591,1,excluded,composite_obstruction,64,multi_prime_family,7*11*31*419*467*2141,False,False,7,142857139513,multi_prime_family,11,12987012683,multi_prime_family,31,418935893,multi_prime_family,,multi_prime_family,False
1000000000000,999999971111,11,999999971113,13,excluded,composite_obstruction,64,multi_prime_family,11*13*19*101*191*19079,False,False,11,90909088283,multi_prime_family,13,6993006791,multi_prime_family,19,368052989,multi_prime_family,,multi_prime_family,False
1000000000000,999999968147,17,999999968149,19,excluded,composite_obstruction,64,multi_prime_family,7*13*19*47*2663*4621,False,False,7,142857138307,multi_prime_family,13,10989010639,multi_prime_family,19,578368981,multi_prime_family,,multi_prime_family,False
1000000000000,999999967289,29,999999967291,1,excluded,composite_obstruction,64,multi_prime_family,13*31*37*83*139*5813,False,False,13,76923074407,multi_prime_family,31,2481389497,multi_prime_family,37,67064581,multi_prime_family,,multi_prime_family,False
1000000000000,999999965417,17,999999965419,19,excluded,composite_obstruction,64,multi_prime_family,7*13*41*163*211*7793,False,False,7,142857137917,multi_prime_family,13,10989010609,multi_prime_family,41,268024649,multi_prime_family,,multi_prime_family,False
1000000000000,999999962219,29,999999962221,1,excluded,composite_obstruction,64,multi_prime_family,13*19*23*41*1579*2719,False,False,13,76923074017,multi_prime_family,19,4048582843,multi_prime_family,23,176025341,multi_prime_family,,multi_prime_family,False
1000000000000,999999955667,17,999999955669,19,excluded,composite_obstruction,48,multi_prime_family,11*13^2*59*941*9689,False,False,11,90909086879,multi_prime_family,13,6993006683,multi_prime_family,13,537923591,multi_prime_family,,multi_prime_family,False
1000000000000,999999953111,11,999999953113,13,excluded,composite_obstruction,48,multi_prime_family,7*23*139^2*563*571,False,False,7,142857136159,multi_prime_family,23,6211179833,multi_prime_family,139,44684747,multi_prime_family,,multi_prime_family,False
1000000000000,999999948197,17,999999948199,19,excluded,composite_obstruction,48,multi_prime_family,7*19^2*37*41*260861,False,False,7,142857135457,multi_prime_family,19,7518796603,multi_prime_family,19,395726137,multi_prime_family,,multi_prime_family,False
1000000000000,999999944711,11,999999944713,13,excluded,composite_obstruction,36,multi_prime_family,7^2*11^2*181*931837,False,False,7,142857134959,multi_prime_family,7,20408162137,multi_prime_family,11,1855287467,multi_prime_family,,multi_prime_family,False
1000000000000,999999943109,29,999999943111,1,excluded,composite_obstruction,64,multi_prime_family,13*29*31*71*227*5309,False,False,13,76923072547,multi_prime_family,29,2652519743,multi_prime_family,31,85565153,multi_prime_family,,multi_prime_family,False
1000000000000,999999941807,17,999999941809,19,excluded,composite_obstruction,48,multi_prime_family,11^2*31*61*313*13963,False,False,11,90909085619,multi_prime_family,11,8264462329,multi_prime_family,31,266595559,multi_prime_family,,multi_prime_family,False
1000000000000,999999938537,17,999999938539,19,excluded,composite_obstruction,48,multi_prime_family,7^2*47*67*2161*2999,False,False,7,142857134077,multi_prime_family,7,20408162011,multi_prime_family,47,434216213,multi_prime_family,,multi_prime_family,False
1000000000000,999999934127,17,999999934129,19,excluded,composite_obstruction,32,multi_prime_family,7^3*17*2699*63541,False,False,7,142857133447,multi_prime_family,7,20408161921,multi_prime_family,7,2915451703,multi_prime_family,,multi_prime_family,False
1000000000000,999999916991,11,999999916993,13,excluded,composite_obstruction,96,multi_prime_family,7*11*17*83^2*173*641,False,False,7,142857130999,multi_prime_family,11,12987011909,multi_prime_family,17,763941877,multi_prime_family,,multi_prime_family,False
1000000000000,999999911789,29,999999911791,1,excluded,composite_obstruction,64,multi_prime_family,17*29*37*41*659*2029,False,False,17,58823524223,multi_prime_family,29,2028397387,multi_prime_family,37,54821551,multi_prime_family,,multi_prime_family,False
1000000000000,999999902711,11,999999902713,13,excluded,composite_obstruction,48,multi_prime_family,7*17*19^2*43*541349,False,False,7,142857128959,multi_prime_family,17,8403360527,multi_prime_family,19,442282133,multi_prime_family,,multi_prime_family,False
1000000000000,999999897521,11,999999897523,13,excluded,composite_obstruction,48,multi_prime_family,11^2*29*41*61*113947,False,False,11,90909081593,multi_prime_family,11,8264461963,multi_prime_family,29,284981447,multi_prime_family,,multi_prime_family,False
1000000000000,999999893891,11,999999893893,13,excluded,composite_obstruction,48,multi_prime_family,7*11^2*13*6779*13397,False,False,7,142857127699,multi_prime_family,11,12987011609,multi_prime_family,11,1180637419,multi_prime_family,,multi_prime_family,False
1000000000000,999999875561,11,999999875563,13,excluded,composite_obstruction,32,multi_prime_family,13^3*61*157*47527,False,False,13,76923067351,multi_prime_family,13,5917159027,multi_prime_family,13,455166079,multi_prime_family,,multi_prime_family,False
1000000000000,999999874151,11,999999874153,13,excluded,composite_obstruction,72,multi_prime_family,7^2*17^2*41*101*17053,False,False,7,142857124879,multi_prime_family,7,20408160697,multi_prime_family,17,1200480041,multi_prime_family,,multi_prime_family,False
1000000000000,999999872387,17,999999872389,19,excluded,composite_obstruction,48,multi_prime_family,7^3*19^2*421*19183,False,False,7,142857124627,multi_prime_family,7,20408160661,multi_prime_family,7,2915451523,multi_prime_family,,multi_prime_family,False
1000000000000,999999869867,17,999999869869,19,excluded,composite_obstruction,128,multi_prime_family,7*11*13*17*53*547*2027,False,False,7,142857124267,multi_prime_family,11,12987011297,multi_prime_family,13,999000869,multi_prime_family,,multi_prime_family,False
1000000000000,999999864407,17,999999864409,19,excluded,composite_obstruction,48,multi_prime_family,7*13^2*19*631*70507,False,False,7,142857123487,multi_prime_family,13,10989009499,multi_prime_family,13,845308423,multi_prime_family,,multi_prime_family,False
1000000000000,999999856529,29,999999856531,1,excluded,composite_obstruction,64,multi_prime_family,13*43*61*67*167*2621,False,False,13,76923065887,multi_prime_family,43,1788908509,multi_prime_family,61,29326369,multi_prime_family,,multi_prime_family,False
1000000000000,999999853487,17,999999853489,19,excluded,composite_obstruction,64,multi_prime_family,7*13*41*181*743*1993,False,False,7,142857121927,multi_prime_family,13,10989009379,multi_prime_family,41,268024619,multi_prime_family,,multi_prime_family,False
1000000000000,999999848531,11,999999848533,13,excluded,composite_obstruction,64,multi_prime_family,7*43*97*109*199*1579,False,False,7,142857121219,multi_prime_family,43,3322258633,multi_prime_family,97,34250089,multi_prime_family,,multi_prime_family,False
1000000000000,999999844457,17,999999844459,19,excluded,composite_obstruction,96,multi_prime_family,7^2*11*19*97*101*9967,False,False,7,142857120637,multi_prime_family,7,20408160091,multi_prime_family,11,1855287281,multi_prime_family,,multi_prime_family,False
1000000000000,999999840761,11,999999840763,13,excluded,composite_obstruction,64,multi_prime_family,7*11*89*269*457*1187,False,False,7,142857120109,multi_prime_family,11,12987010919,multi_prime_family,89,145921471,multi_prime_family,,multi_prime_family,False
1000000000000,999999839837,17,999999839839,19,excluded,composite_obstruction,64,multi_prime_family,7*11*13*47*73*291169,False,False,7,142857119977,multi_prime_family,11,12987010907,multi_prime_family,13,999000839,multi_prime_family,,multi_prime_family,False
1000000000000,999999825599,29,999999825601,1,excluded,composite_obstruction,48,multi_prime_family,7*17^2*23*937*22937,False,False,7,142857117943,multi_prime_family,17,8403359879,multi_prime_family,17,494315287,multi_prime_family,,multi_prime_family,False
1000000000000,999999809177,17,999999809179,19,excluded,composite_obstruction,96,multi_prime_family,7^2*17*23*73*397*1801,False,False,7,142857115597,multi_prime_family,7,20408159371,multi_prime_family,17,1200479963,multi_prime_family,,multi_prime_family,False
1000000000000,999999806279,29,999999806281,1,excluded,composite_obstruction,128,multi_prime_family,7*23*47*59*67*101*331,False,False,7,142857115183,multi_prime_family,23,6211178921,multi_prime_family,47,132152743,multi_prime_family,,multi_prime_family,False
1000000000000,999999785717,17,999999785719,19,excluded,composite_obstruction,36,multi_prime_family,11^2*17^2*23*1243337,False,False,11,90909071429,multi_prime_family,11,8264461039,multi_prime_family,17,486144767,multi_prime_family,,multi_prime_family,False
1000000000000,999999775661,11,999999775663,13,excluded,composite_obstruction,32,multi_prime_family,7^3*439*829*8011,False,False,7,142857110809,multi_prime_family,7,20408158687,multi_prime_family,7,2915451241,multi_prime_family,,multi_prime_family,False
1000000000000,999999757931,11,999999757933,13,excluded,composite_obstruction,64,multi_prime_family,11*19*53*73*463*2671,False,False,11,90909068903,multi_prime_family,19,4784687837,multi_prime_family,53,90277129,multi_prime_family,,multi_prime_family,False
1000000000000,999999752057,17,999999752059,19,excluded,composite_obstruction,64,multi_prime_family,7*11*17*29*239*110221,False,False,7,142857107437,multi_prime_family,11,12987009767,multi_prime_family,17,763941751,multi_prime_family,,multi_prime_family,False
1000000000000,999999750839,29,999999750841,1,excluded,composite_obstruction,96,multi_prime_family,7*13^2*29*37*751*1049,False,False,7,142857107263,multi_prime_family,13,10989008251,multi_prime_family,13,845308327,multi_prime_family,,multi_prime_family,False
1000000000000,999999748427,17,999999748429,19,excluded,composite_obstruction,64,multi_prime_family,11*43*71*97*373*823,False,False,11,90909068039,multi_prime_family,43,2114164373,multi_prime_family,71,29776963,multi_prime_family,,multi_prime_family,False
1000000000000,999999744791,11,999999744793,13,excluded,composite_obstruction,64,multi_prime_family,7^3*73*281*311*457,False,False,7,142857106399,multi_prime_family,7,20408158057,multi_prime_family,7,2915451151,multi_prime_family,,multi_prime_family,False
1000000000000,999999737579,29,999999737581,1,excluded,composite_obstruction,64,multi_prime_family,13*31*53*61*743*1033,False,False,13,76923056737,multi_prime_family,31,2481388927,multi_prime_family,53,46818659,multi_prime_family,,multi_prime_family,False
1000000000000,999999734501,11,999999734503,13,excluded,composite_obstruction,32,multi_prime_family,7^3*11*7919*33469,False,False,7,142857104929,multi_prime_family,7,20408157847,multi_prime_family,7,2915451121,multi_prime_family,,multi_prime_family,False
1000000000000,999999723089,29,999999723091,1,excluded,composite_obstruction,64,multi_prime_family,17*37*47*59*359*1597,False,False,17,58823513123,multi_prime_family,37,1589824679,multi_prime_family,47,33826057,multi_prime_family,,multi_prime_family,False
1000000000000,999999718037,17,999999718039,19,excluded,composite_obstruction,32,multi_prime_family,7^3*151*2917*6619,False,False,7,142857102577,multi_prime_family,7,20408157511,multi_prime_family,7,2915451073,multi_prime_family,,multi_prime_family,False
1000000000000,999999717449,29,999999717451,1,excluded,composite_obstruction,48,multi_prime_family,7^2*41*47*61*173617,False,False,7,142857102493,multi_prime_family,7,20408157499,multi_prime_family,41,497759939,multi_prime_family,,multi_prime_family,False
1000000000000,999999704219,29,999999704221,1,excluded,composite_obstruction,72,multi_prime_family,7^2*17^2*37*487*3919,False,False,7,142857100603,multi_prime_family,7,20408157229,multi_prime_family,17,1200479837,multi_prime_family,,multi_prime_family,False
10000000000000,9999999998579,29,9999999998581,1,excluded,composite_obstruction,36,multi_prime_family,19^2*103^2*397*6577,False,False,19,526315789399,multi_prime_family,19,27700831021,multi_prime_family,103,268940107,multi_prime_family,,multi_prime_family,False
10000000000000,9999999994241,11,9999999994243,13,excluded,composite_obstruction,64,multi_prime_family,7*17*43*73*3691*7253,False,False,7,1428571427749,multi_prime_family,17,84033613397,multi_prime_family,43,1954270079,multi_prime_family,,multi_prime_family,False
10000000000000,9999999990881,11,9999999990883,13,excluded,composite_obstruction,48,multi_prime_family,7^2*53*83*131*354143,False,False,7,1428571427269,multi_prime_family,7,204081632467,multi_prime_family,53,3850596839,multi_prime_family,,multi_prime_family,False
10000000000000,9999999989411,11,9999999989413,13,excluded,composite_obstruction,48,multi_prime_family,7^2*79*139*821*22637,False,False,7,1428571427059,multi_prime_family,7,204081632437,multi_prime_family,79,2583311803,multi_prime_family,,multi_prime_family,False
10000000000000,9999999989117,17,9999999989119,19,excluded,composite_obstruction,48,multi_prime_family,7^2*19*41*1609*162821,False,False,7,1428571427017,multi_prime_family,7,204081632431,multi_prime_family,19,10741138549,multi_prime_family,,multi_prime_family,False
10000000000000,9999999988529,29,9999999988531,1,excluded,composite_obstruction,64,multi_prime_family,7^3*17*23*71*1050197,False,False,7,1428571426933,multi_prime_family,7,204081632419,multi_prime_family,7,29154518917,multi_prime_family,,multi_prime_family,False
10000000000000,9999999983417,17,9999999983419,19,excluded,composite_obstruction,48,multi_prime_family,19^2*71*223*401*4363,False,False,19,526315788601,multi_prime_family,19,27700830979,multi_prime_family,71,390152549,multi_prime_family,,multi_prime_family,False
10000000000000,9999999973829,29,9999999973831,1,excluded,composite_obstruction,48,multi_prime_family,7^2*37*101*193*282959,False,False,7,1428571424833,multi_prime_family,7,204081632119,multi_prime_family,37,5515719787,multi_prime_family,,multi_prime_family,False
10000000000000,9999999949769,29,9999999949771,1,excluded,composite_obstruction,48,multi_prime_family,13*17*31^2*199*236609,False,False,13,769230765367,multi_prime_family,17,45248868551,multi_prime_family,31,1459640921,multi_prime_family,,multi_prime_family,False
10000000000000,9999999945017,17,9999999945019,19,excluded,composite_obstruction,48,multi_prime_family,7^2*29*47*1801*83137,False,False,7,1428571420717,multi_prime_family,7,204081631531,multi_prime_family,29,7037297639,multi_prime_family,,multi_prime_family,False
10000000000000,9999999943631,11,9999999943633,13,excluded,composite_obstruction,64,multi_prime_family,7*19*31*277*1093*8011,False,False,7,1428571420519,multi_prime_family,19,75187969501,multi_prime_family,31,2425418371,multi_prime_family,,multi_prime_family,False
10000000000000,9999999942077,17,9999999942079,19,excluded,composite_obstruction,96,multi_prime_family,7^2*83*89*149*157*1181,False,False,7,1428571420297,multi_prime_family,7,204081631471,multi_prime_family,83,2458814837,multi_prime_family,,multi_prime_family,False
10000000000000,9999999932459,29,9999999932461,1,excluded,composite_obstruction,48,multi_prime_family,7*11^2*19*59*10532003,False,False,7,1428571418923,multi_prime_family,11,129870128993,multi_prime_family,11,11806375363,multi_prime_family,,multi_prime_family,False
10000000000000,9999999923351,11,9999999923353,13,excluded,composite_obstruction,64,multi_prime_family,11*17*61*71*389*31741,False,False,11,909090902123,multi_prime_family,17,53475935419,multi_prime_family,61,876654679,multi_prime_family,,multi_prime_family,False
10000000000000,9999999920447,17,9999999920449,19,excluded,composite_obstruction,64,multi_prime_family,7*11*281*349*821*1613,False,False,7,1428571417207,multi_prime_family,11,129870128837,multi_prime_family,281,462171277,multi_prime_family,,multi_prime_family,False
10000000000000,9999999917867,17,9999999917869,19,excluded,composite_obstruction,64,multi_prime_family,13*19*151*257*557*1873,False,False,13,769230762913,multi_prime_family,19,40485829627,multi_prime_family,151,268118077,multi_prime_family,,multi_prime_family,False
10000000000000,9999999915701,11,9999999915703,13,excluded,composite_obstruction,64,multi_prime_family,7*17*19*157*317*88867,False,False,7,1428571416529,multi_prime_family,17,84033612737,multi_prime_family,19,4422821723,multi_prime_family,,multi_prime_family,False
10000000000000,9999999914441,11,9999999914443,13,excluded,composite_obstruction,40,multi_prime_family,7^4*11*101*3748813,False,False,7,1428571416349,multi_prime_family,7,204081630907,multi_prime_family,7,29154518701,multi_prime_family,,multi_prime_family,False
10000000000000,9999999913979,29,9999999913981,1,excluded,composite_obstruction,64,multi_prime_family,7*11*71*127*3677*3917,False,False,7,1428571416283,multi_prime_family,11,129870128753,multi_prime_family,71,1829156743,multi_prime_family,,multi_prime_family,False
10000000000000,9999999911939,29,9999999911941,1,excluded,composite_obstruction,48,multi_prime_family,13*19^2*23*43*2154533,False,False,13,769230762457,multi_prime_family,19,40485829603,multi_prime_family,19,2130833137,multi_prime_family,,multi_prime_family,False
10000000000000,9999999904529,29,9999999904531,1,excluded,composite_obstruction,128,multi_prime_family,7*13*19*107*149*499*727,False,False,7,1428571414933,multi_prime_family,13,109890108841,multi_prime_family,19,5783689939,multi_prime_family,,multi_prime_family,False
10000000000000,9999999897347,17,9999999897349,19,excluded,composite_obstruction,64,multi_prime_family,7*11*19*131*3557*14669,False,False,7,1428571413907,multi_prime_family,11,129870128537,multi_prime_family,19,6835269923,multi_prime_family,,multi_prime_family,False
10000000000000,9999999896759,29,9999999896761,1,excluded,composite_obstruction,64,multi_prime_family,7*23*31*83*673*35869,False,False,7,1428571413823,multi_prime_family,23,62111800601,multi_prime_family,31,2003606471,multi_prime_family,,multi_prime_family,False
10000000000000,9999999896129,29,9999999896131,1,excluded,composite_obstruction,64,multi_prime_family,7*37*41*67*73*192539,False,False,7,1428571413733,multi_prime_family,37,38610038209,multi_prime_family,41,941708249,multi_prime_family,,multi_prime_family,False
10000000000000,9999999895037,17,9999999895039,19,excluded,composite_obstruction,48,multi_prime_family,7^2*11*197*1009*93337,False,False,7,1428571413577,multi_prime_family,7,204081630511,multi_prime_family,11,18552875501,multi_prime_family,,multi_prime_family,False
10000000000000,9999999884747,17,9999999884749,19,excluded,composite_obstruction,48,multi_prime_family,7^2*97*101*191*109063,False,False,7,1428571412107,multi_prime_family,7,204081630301,multi_prime_family,97,2103934333,multi_prime_family,,multi_prime_family,False
10000000000000,9999999884669,29,9999999884671,1,excluded,composite_obstruction,48,multi_prime_family,31*47*53^2*59*41413,False,False,31,322580641441,multi_prime_family,47,6863417903,multi_prime_family,53,129498451,multi_prime_family,,multi_prime_family,False
10000000000000,9999999883571,11,9999999883573,13,excluded,composite_obstruction,32,multi_prime_family,7^3*17*499*3436817,False,False,7,1428571411939,multi_prime_family,7,204081630277,multi_prime_family,7,29154518611,multi_prime_family,,multi_prime_family,False
10000000000000,9999999876557,17,9999999876559,19,excluded,composite_obstruction,48,multi_prime_family,7*11^2*193*997*61357,False,False,7,1428571410937,multi_prime_family,11,129870128267,multi_prime_family,11,11806375297,multi_prime_family,,multi_prime_family,False
10000000000000,9999999868451,11,9999999868453,13,excluded,composite_obstruction,64,multi_prime_family,7*53*61*97*193*23603,False,False,7,1428571409779,multi_prime_family,53,26954177543,multi_prime_family,61,441871763,multi_prime_family,,multi_prime_family,False
10000000000000,9999999867779,29,9999999867781,1,excluded,composite_obstruction,128,multi_prime_family,7*11*23*101*347*367*439,False,False,7,1428571409683,multi_prime_family,11,129870128153,multi_prime_family,23,5646527311,multi_prime_family,,multi_prime_family,False
10000000000000,9999999867119,29,9999999867121,1,excluded,composite_obstruction,48,multi_prime_family,11^2*71*79*3499*4211,False,False,11,909090897011,multi_prime_family,11,82644627001,multi_prime_family,71,1164008831,multi_prime_family,,multi_prime_family,False
10000000000000,9999999861707,17,9999999861709,19,excluded,composite_obstruction,48,multi_prime_family,11*13*23^2*4621*28607,False,False,11,909090896519,multi_prime_family,13,69930068963,multi_prime_family,23,3040437781,multi_prime_family,,multi_prime_family,False
10000000000000,9999999849011,11,9999999849013,13,excluded,composite_obstruction,48,multi_prime_family,19*23^2*151*2543*2591,False,False,19,526315781527,multi_prime_family,23,22883294849,multi_prime_family,23,994925863,multi_prime_family,,multi_prime_family,False
10000000000000,9999999847199,29,9999999847201,1,excluded,composite_obstruction,48,multi_prime_family,7*13^2*151*227*246611,False,False,7,1428571406743,multi_prime_family,13,109890108211,multi_prime_family,13,8453085247,multi_prime_family,,multi_prime_family,False
10000000000000,9999999846527,17,9999999846529,19,excluded,composite_obstruction,64,multi_prime_family,7^3*11*23*2939*39209,False,False,7,1428571406647,multi_prime_family,7,204081629521,multi_prime_family,7,29154518503,multi_prime_family,,multi_prime_family,False
10000000000000,9999999845837,17,9999999845839,19,excluded,composite_obstruction,48,multi_prime_family,23^2*29*227*337*8521,False,False,23,434782601993,multi_prime_family,23,18903591391,multi_prime_family,29,651847979,multi_prime_family,,multi_prime_family,False
10000000000000,9999999844469,29,9999999844471,1,excluded,composite_obstruction,64,multi_prime_family,7^3*13*41*83*659023,False,False,7,1428571406353,multi_prime_family,7,204081629479,multi_prime_family,7,29154518497,multi_prime_family,,multi_prime_family,False
10000000000000,9999999841739,29,9999999841741,1,excluded,composite_obstruction,64,multi_prime_family,7*13*37*53*617*90823,False,False,7,1428571405963,multi_prime_family,13,109890108151,multi_prime_family,37,2970002923,multi_prime_family,,multi_prime_family,False
10000000000000,9999999838541,11,9999999838543,13,excluded,composite_obstruction,64,multi_prime_family,11*13*31*127*163*108971,False,False,11,909090894413,multi_prime_family,13,69930068801,multi_prime_family,31,2255808671,multi_prime_family,,multi_prime_family,False
10000000000000,9999999834449,29,9999999834451,1,excluded,composite_obstruction,36,multi_prime_family,11^2*31^2*101*851471,False,False,11,909090894041,multi_prime_family,11,82644626731,multi_prime_family,31,2665955701,multi_prime_family,,multi_prime_family,False
10000000000000,9999999830357,17,9999999830359,19,excluded,composite_obstruction,48,multi_prime_family,7^2*11*31*8839*67709,False,False,7,1428571404337,multi_prime_family,7,204081629191,multi_prime_family,11,18552875381,multi_prime_family,,multi_prime_family,False
10000000000000,9999999821831,11,9999999821833,13,excluded,composite_obstruction,32,multi_prime_family,7^3*103*151*1874527,False,False,7,1428571403119,multi_prime_family,7,204081629017,multi_prime_family,7,29154518431,multi_prime_family,,multi_prime_family,False
10000000000000,9999999820949,29,9999999820951,1,excluded,composite_obstruction,48,multi_prime_family,7^2*59*137*557*45329,False,False,7,1428571402993,multi_prime_family,7,204081628999,multi_prime_family,59,3459010661,multi_prime_family,,multi_prime_family,False
10000000000000,9999999820127,17,9999999820129,19,excluded,composite_obstruction,64,multi_prime_family,11*17*31*137*1823*6907,False,False,11,909090892739,multi_prime_family,17,53475934867,multi_prime_family,31,1725030157,multi_prime_family,,multi_prime_family,False
10000000000000,9999999816299,29,9999999816301,1,excluded,composite_obstruction,32,multi_prime_family,11^3*53*11239*12613,False,False,11,909090892391,multi_prime_family,11,82644626581,multi_prime_family,11,7513147871,multi_prime_family,,multi_prime_family,False
10000000000000,9999999815657,17,9999999815659,19,excluded,composite_obstruction,32,multi_prime_family,7^3*277*2221*47389,False,False,7,1428571402237,multi_prime_family,7,204081628891,multi_prime_family,7,29154518413,multi_prime_family,,multi_prime_family,False
10000000000000,9999999806081,11,9999999806083,13,excluded,composite_obstruction,64,multi_prime_family,7*59*67*109*1063*3119,False,False,7,1428571400869,multi_prime_family,59,24213074591,multi_prime_family,67,361389173,multi_prime_family,,multi_prime_family,False
10000000000000,9999999791549,29,9999999791551,1,excluded,composite_obstruction,96,multi_prime_family,7^2*11*29*103*211*29437,False,False,7,1428571398793,multi_prime_family,7,204081628399,multi_prime_family,11,18552875309,multi_prime_family,,multi_prime_family,False
10000000000000,9999999788507,17,9999999788509,19,excluded,composite_obstruction,64,multi_prime_family,17*31*47*367*829*1327,False,False,17,588235281677,multi_prime_family,31,18975331667,multi_prime_family,47,403730461,multi_prime_family,,multi_prime_family,False
10000000000000,9999999777821,11,9999999777823,13,excluded,composite_obstruction,48,multi_prime_family,11^2*53*431*1693*2137,False,False,11,909090888893,multi_prime_family,11,82644626263,multi_prime_family,53,1559332571,multi_prime_family,,multi_prime_family,False
10000000000000,9999999777227,17,9999999777229,19,excluded,composite_obstruction,64,multi_prime_family,7*11*47*157*167*105389,False,False,7,1428571396747,multi_prime_family,11,129870126977,multi_prime_family,47,2763194191,multi_prime_family,,multi_prime_family,False
10000000000000,9999999763037,17,9999999763039,19,excluded,composite_obstruction,48,multi_prime_family,11*13^2*23*1637*142871,False,False,11,909090887549,multi_prime_family,13,69930068273,multi_prime_family,13,5379236021,multi_prime_family,,multi_prime_family,False
10000000000000,9999999761267,17,9999999761269,19,excluded,composite_obstruction,48,multi_prime_family,7^2*43*103*3109*14821,False,False,7,1428571394467,multi_prime_family,7,204081627781,multi_prime_family,43,4746084367,multi_prime_family,,multi_prime_family,False
10000000000000,9999999758747,17,9999999758749,19,excluded,composite_obstruction,64,multi_prime_family,7*11*13*31*2441*132019,False,False,7,1428571394107,multi_prime_family,11,129870126737,multi_prime_family,13,9990009749,multi_prime_family,,multi_prime_family,False
10000000000000,9999999748919,29,9999999748921,1,excluded,composite_obstruction,96,multi_prime_family,7^2*13*19*29*661*43103,False,False,7,1428571392703,multi_prime_family,7,204081627529,multi_prime_family,13,15698586733,multi_prime_family,,multi_prime_family,False
10000000000000,9999999747671,11,9999999747673,13,excluded,composite_obstruction,64,multi_prime_family,13*59*61*79*103*26267,False,False,13,769230749821,multi_prime_family,59,13037809319,multi_prime_family,61,213734579,multi_prime_family,,multi_prime_family,False
10000000000000,9999999737687,17,9999999737689,19,excluded,composite_obstruction,32,multi_prime_family,13^3*677*1013*6637,False,False,13,769230749053,multi_prime_family,13,59171596081,multi_prime_family,13,4551661237,multi_prime_family,,multi_prime_family,False
10000000000000,9999999732539,29,9999999732541,1,excluded,composite_obstruction,64,multi_prime_family,7*13*23*41*139*838363,False,False,7,1428571390363,multi_prime_family,13,109890106951,multi_prime_family,23,4777830737,multi_prime_family,,multi_prime_family,False
10000000000000,9999999729221,11,9999999729223,13,excluded,composite_obstruction,32,multi_prime_family,7^3*569*811*63179,False,False,7,1428571389889,multi_prime_family,7,204081627127,multi_prime_family,7,29154518161,multi_prime_family,,multi_prime_family,False
10000000000000,9999999727727,17,9999999727729,19,excluded,composite_obstruction,48,multi_prime_family,11^2*43*271*1907*3719,False,False,11,909090884339,multi_prime_family,11,82644625849,multi_prime_family,43,1921968043,multi_prime_family,,multi_prime_family,False
10000000000000,9999999724811,11,9999999724813,13,excluded,composite_obstruction,48,multi_prime_family,7^2*23*1327*1459*4583,False,False,7,1428571389259,multi_prime_family,7,204081627037,multi_prime_family,23,8873114219,multi_prime_family,,multi_prime_family,False
10000000000000,9999999723929,29,9999999723931,1,excluded,composite_obstruction,48,multi_prime_family,7^2*41*47*239*443123,False,False,7,1428571389133,multi_prime_family,7,204081627019,multi_prime_family,41,4977600659,multi_prime_family,,multi_prime_family,False
10000000000000,9999999719861,11,9999999719863,13,excluded,composite_obstruction,64,multi_prime_family,17*29*37*103*787*6763,False,False,17,588235277639,multi_prime_family,29,20283975091,multi_prime_family,37,548215543,multi_prime_family,,multi_prime_family,False
10000000000000,9999999717641,11,9999999717643,13,excluded,composite_obstruction,96,multi_prime_family,13*31*37*67*151^2*439,False,False,13,769230747511,multi_prime_family,31,24813895081,multi_prime_family,37,670645813,multi_prime_family,,multi_prime_family,False
10000000000000,9999999713009,29,9999999713011,1,excluded,composite_obstruction,64,multi_prime_family,7*11*19*197*263*131927,False,False,7,1428571387573,multi_prime_family,11,129870126143,multi_prime_family,19,6835269797,multi_prime_family,,multi_prime_family,False
10000000000000,9999999712481,11,9999999712483,13,excluded,composite_obstruction,32,multi_prime_family,11^3*71*1831*57793,False,False,11,909090882953,multi_prime_family,11,82644625723,multi_prime_family,11,7513147793,multi_prime_family,,multi_prime_family,False
10000000000000,9999999711287,17,9999999711289,19,excluded,composite_obstruction,96,multi_prime_family,7^2*23*107*127*157*4159,False,False,7,1428571387327,multi_prime_family,7,204081626761,multi_prime_family,23,8873114207,multi_prime_family,,multi_prime_family,False
10000000000000,9999999702317,17,9999999702319,19,excluded,composite_obstruction,48,multi_prime_family,11^2*17*23*13421*15749,False,False,11,909090882029,multi_prime_family,11,82644625639,multi_prime_family,17,4861448567,multi_prime_family,,multi_prime_family,False
10000000000000,9999999700241,11,9999999700243,13,excluded,composite_obstruction,64,multi_prime_family,7*19*47*191*431*19433,False,False,7,1428571385749,multi_prime_family,19,75187967671,multi_prime_family,47,1599743993,multi_prime_family,,multi_prime_family,False
10000000000000,9999999698849,29,9999999698851,1,excluded,composite_obstruction,64,multi_prime_family,17*71*79*103*313*3253,False,False,17,588235276403,multi_prime_family,71,8285003893,multi_prime_family,79,104873467,multi_prime_family,,multi_prime_family,False
10000000000000,9999999698687,17,9999999698689,19,excluded,composite_obstruction,48,multi_prime_family,7*11^2*13*163*5571673,False,False,7,1428571385527,multi_prime_family,11,129870125957,multi_prime_family,11,11806375087,multi_prime_family,,multi_prime_family,False
10000000000000,9999999697361,11,9999999697363,13,excluded,composite_obstruction,64,multi_prime_family,13*41*179*257*617*661,False,False,13,769230745951,multi_prime_family,41,18761725511,multi_prime_family,179,104814109,multi_prime_family,,multi_prime_family,False
10000000000000,9999999684167,17,9999999684169,19,excluded,composite_obstruction,96,multi_prime_family,11^2*19*47*139*809*823,False,False,11,909090880379,multi_prime_family,11,82644625489,multi_prime_family,19,4349717131,multi_prime_family,,multi_prime_family,False
10000000000000,9999999683039,29,9999999683041,1,excluded,composite_obstruction,64,multi_prime_family,17*47*107*163*167*4297,False,False,17,588235275473,multi_prime_family,47,12515644159,multi_prime_family,107,116968637,multi_prime_family,,multi_prime_family,False
10000000000000,9999999682121,11,9999999682123,13,excluded,composite_obstruction,48,multi_prime_family,11*17*37^2*83*470627,False,False,11,909090880193,multi_prime_family,17,53475934129,multi_prime_family,37,1445295517,multi_prime_family,,multi_prime_family,False
10000000000000,9999999678029,29,9999999678031,1,excluded,composite_obstruction,64,multi_prime_family,11*23*167*173*179*7643,False,False,11,909090879821,multi_prime_family,23,39525690427,multi_prime_family,167,236680781,multi_prime_family,,multi_prime_family,False
10000000000000,9999999673739,29,9999999673741,1,excluded,composite_obstruction,64,multi_prime_family,7*11*61*239*1523*5849,False,False,7,1428571381963,multi_prime_family,11,129870125633,multi_prime_family,61,2129018453,multi_prime_family,,multi_prime_family,False
100000000000000,99999999999821,11,99999999999823,13,excluded,composite_obstruction,48,multi_prime_family,7^2*11*2879*4729*13627,False,False,7,14285714285689,multi_prime_family,7,2040816326527,multi_prime_family,11,185528756957,multi_prime_family,,multi_prime_family,False
100000000000000,99999999996467,17,99999999996469,19,excluded,composite_obstruction,48,multi_prime_family,19*23*31^2*131*1817707,False,False,19,5263157894551,multi_prime_family,23,228832951937,multi_prime_family,31,7381708127,multi_prime_family,,multi_prime_family,False
100000000000000,99999999994529,29,99999999994531,1,excluded,composite_obstruction,144,multi_prime_family,7^2*13^2*19*53*1663*7211,False,False,7,14285714284933,multi_prime_family,7,2040816326419,multi_prime_family,13,156985871263,multi_prime_family,,multi_prime_family,False
100000000000000,99999999992891,11,99999999992893,13,excluded,composite_obstruction,48,multi_prime_family,7*11^2*13*1741*5216443,False,False,7,14285714284699,multi_prime_family,11,1298701298609,multi_prime_family,11,118063754419,multi_prime_family,,multi_prime_family,False
100000000000000,99999999986891,11,99999999986893,13,excluded,composite_obstruction,48,multi_prime_family,19^2*29*1279*1283*5821,False,False,19,5263157894047,multi_prime_family,19,277008310213,multi_prime_family,29,9552010697,multi_prime_family,,multi_prime_family,False
100000000000000,99999999984617,17,99999999984619,19,excluded,composite_obstruction,64,multi_prime_family,7*37*137*139*397*51071,False,False,7,14285714283517,multi_prime_family,37,386100386041,multi_prime_family,137,2818250993,multi_prime_family,,multi_prime_family,False
100000000000000,99999999984197,17,99999999984199,19,excluded,composite_obstruction,32,multi_prime_family,7*17^3*67*43399067,False,False,7,14285714283457,multi_prime_family,17,840336134321,multi_prime_family,17,49431537313,multi_prime_family,,multi_prime_family,False
100000000000000,99999999982331,11,99999999982333,13,excluded,composite_obstruction,64,multi_prime_family,11*19*31*41*9173*41039,False,False,11,9090909089303,multi_prime_family,19,478468899437,multi_prime_family,31,15434480627,multi_prime_family,,multi_prime_family,False
100000000000000,99999999978569,29,99999999978571,1,excluded,composite_obstruction,64,multi_prime_family,7*11*19*67*307*3323093,False,False,7,14285714282653,multi_prime_family,11,1298701298423,multi_prime_family,19,68352699917,multi_prime_family,,multi_prime_family,False
100000000000000,99999999977291,11,99999999977293,13,excluded,composite_obstruction,48,multi_prime_family,13^2*37*587*4283*6361,False,False,13,7692307690561,multi_prime_family,13,591715976197,multi_prime_family,37,15992323681,multi_prime_family,,multi_prime_family,False
100000000000000,99999999970127,17,99999999970129,19,excluded,composite_obstruction,48,multi_prime_family,7^2*59*67*401*1287457,False,False,7,14285714281447,multi_prime_family,7,2040816325921,multi_prime_family,59,34590107219,multi_prime_family,,multi_prime_family,False
100000000000000,99999999966599,29,99999999966601,1,excluded,composite_obstruction,64,multi_prime_family,7^3*19*131*773*151531,False,False,7,14285714280943,multi_prime_family,7,2040816325849,multi_prime_family,7,291545189407,multi_prime_family,,multi_prime_family,False
100000000000000,99999999962777,17,99999999962779,19,excluded,composite_obstruction,48,multi_prime_family,7^2*17*113*15413*68927,False,False,7,14285714280397,multi_prime_family,7,2040816325771,multi_prime_family,17,120048019163,multi_prime_family,,multi_prime_family,False
100000000000000,99999999955997,17,99999999955999,19,excluded,composite_obstruction,48,multi_prime_family,11*13^2*19*113*25054663,False,False,11,9090909086909,multi_prime_family,13,699300698993,multi_prime_family,13,53792361461,multi_prime_family,,multi_prime_family,False
100000000000000,99999999952361,11,99999999952363,13,excluded,composite_obstruction,64,multi_prime_family,7*43*263*557*1193*1901,False,False,7,14285714278909,multi_prime_family,43,332225913463,multi_prime_family,263,1263216401,multi_prime_family,,multi_prime_family,False
100000000000000,99999999948539,29,99999999948541,1,excluded,composite_obstruction,64,multi_prime_family,7*11*113*181*7879*8059,False,False,7,14285714278363,multi_prime_family,11,1298701298033,multi_prime_family,113,11492931841,multi_prime_family,,multi_prime_family,False
100000000000000,99999999947417,17,99999999947419,19,excluded,composite_obstruction,64,multi_prime_family,11*13*239*991*1291*2287,False,False,11,9090909086129,multi_prime_family,13,699300698933,multi_prime_family,239,2925944347,multi_prime_family,,multi_prime_family,False
100000000000000,99999999943751,11,99999999943753,13,excluded,composite_obstruction,128,multi_prime_family,7*13*23*61*139*1021*5519,False,False,7,14285714277679,multi_prime_family,13,1098901098283,multi_prime_family,23,47778308621,multi_prime_family,,multi_prime_family,False
100000000000000,99999999941741,11,99999999941743,13,excluded,composite_obstruction,64,multi_prime_family,11*41*53*211*397*49943,False,False,11,9090909085613,multi_prime_family,41,221729489893,multi_prime_family,53,4183575281,multi_prime_family,,multi_prime_family,False
100000000000000,99999999939551,11,99999999939553,13,excluded,composite_obstruction,48,multi_prime_family,7^2*31*37*1511*1177541,False,False,7,14285714277079,multi_prime_family,7,2040816325297,multi_prime_family,31,65832784687,multi_prime_family,,multi_prime_family,False
100000000000000,99999999932831,11,99999999932833,13,excluded,composite_obstruction,64,multi_prime_family,7*11*13*47*137*15514847,False,False,7,14285714276119,multi_prime_family,11,1298701297829,multi_prime_family,13,99900099833,multi_prime_family,,multi_prime_family,False
100000000000000,99999999929729,29,99999999929731,1,excluded,composite_obstruction,48,multi_prime_family,11^2*17*47*19927*51907,False,False,11,9090909084521,multi_prime_family,11,826446280411,multi_prime_family,17,48614487083,multi_prime_family,,multi_prime_family,False
100000000000000,99999999928967,17,99999999928969,19,excluded,composite_obstruction,48,multi_prime_family,7^2*79*251*557*184777,False,False,7,14285714275567,multi_prime_family,7,2040816325081,multi_prime_family,79,25833118039,multi_prime_family,,multi_prime_family,False
100000000000000,99999999928709,29,99999999928711,1,excluded,composite_obstruction,48,multi_prime_family,17^2*23*59*7369*34603,False,False,17,5882352936983,multi_prime_family,17,346020760999,multi_prime_family,23,15044380913,multi_prime_family,,multi_prime_family,False
100000000000000,99999999927077,17,99999999927079,19,excluded,composite_obstruction,64,multi_prime_family,7*17*43*101*137*1412351,False,False,7,14285714275297,multi_prime_family,17,840336133841,multi_prime_family,43,19542700787,multi_prime_family,,multi_prime_family,False
100000000000000,99999999925901,11,99999999925903,13,excluded,composite_obstruction,64,multi_prime_family,7*11*19*431*4643*34157,False,False,7,14285714275129,multi_prime_family,11,1298701297739,multi_prime_family,19,68352699881,multi_prime_family,,multi_prime_family,False
100000000000000,99999999925811,11,99999999925813,13,excluded,composite_obstruction,64,multi_prime_family,13*23*107*127*4363*5641,False,False,13,7692307686601,multi_prime_family,23,334448160287,multi_prime_family,107,3125683741,multi_prime_family,,multi_prime_family,False
100000000000000,99999999925439,29,99999999925441,1,excluded,composite_obstruction,32,multi_prime_family,7^3*11*33829*783473,False,False,7,14285714275063,multi_prime_family,7,2040816325009,multi_prime_family,7,291545189287,multi_prime_family,,multi_prime_family,False
100000000000000,99999999925229,29,99999999925231,1,excluded,composite_obstruction,64,multi_prime_family,7*31*157*271*521*20789,False,False,7,14285714275033,multi_prime_family,31,460829492743,multi_prime_family,157,2935219699,multi_prime_family,,multi_prime_family,False
100000000000000,99999999923921,11,99999999923923,13,excluded,composite_obstruction,32,multi_prime_family,11^3*709*2131*49727,False,False,11,9090909083993,multi_prime_family,11,826446280363,multi_prime_family,11,75131480033,multi_prime_family,,multi_prime_family,False
100000000000000,99999999918089,29,99999999918091,1,excluded,composite_obstruction,48,multi_prime_family,7^2*13*59*4271*622987,False,False,7,14285714274013,multi_prime_family,7,2040816324859,multi_prime_family,13,156985871143,multi_prime_family,,multi_prime_family,False
100000000000000,99999999913937,17,99999999913939,19,excluded,composite_obstruction,64,multi_prime_family,47*89*109*131*241*6947,False,False,47,2127659572637,multi_prime_family,89,23906287333,multi_prime_family,109,219323737,multi_prime_family,,multi_prime_family,False
100000000000000,99999999911579,29,99999999911581,1,excluded,composite_obstruction,48,multi_prime_family,7*11^2*37*131*24358109,False,False,7,14285714273083,multi_prime_family,11,1298701297553,multi_prime_family,11,118063754323,multi_prime_family,,multi_prime_family,False
100000000000000,99999999906761,11,99999999906763,13,excluded,composite_obstruction,64,multi_prime_family,11*53*59*127*4229*5413,False,False,11,9090909082433,multi_prime_family,53,171526586461,multi_prime_family,59,2907230279,multi_prime_family,,multi_prime_family,False
100000000000000,99999999906497,17,99999999906499,19,excluded,composite_obstruction,48,multi_prime_family,7*11^2*743*3313*47963,False,False,7,14285714272357,multi_prime_family,11,1298701297487,multi_prime_family,11,118063754317,multi_prime_family,,multi_prime_family,False
100000000000000,99999999896171,11,99999999896173,13,excluded,composite_obstruction,192,multi_prime_family,13^2*17*47*61*71*101*1693,False,False,13,7692307684321,multi_prime_family,13,591715975717,multi_prime_family,17,34806822101,multi_prime_family,,multi_prime_family,False
100000000000000,99999999893069,29,99999999893071,1,excluded,composite_obstruction,64,multi_prime_family,19*47*107*151*1409*4919,False,False,19,5263157889109,multi_prime_family,47,111982082747,multi_prime_family,107,1046561521,multi_prime_family,,multi_prime_family,False
100000000000000,99999999880961,11,99999999880963,13,excluded,composite_obstruction,96,multi_prime_family,7*13^2*23*31*503*235699,False,False,7,14285714268709,multi_prime_family,13,1098901097593,multi_prime_family,13,84530853661,multi_prime_family,,multi_prime_family,False
100000000000000,99999999867161,11,99999999867163,13,excluded,composite_obstruction,64,multi_prime_family,11*23*311*499*1231*2069,False,False,11,9090909078833,multi_prime_family,23,395256916471,multi_prime_family,311,1270922561,multi_prime_family,,multi_prime_family,False
100000000000000,99999999865631,11,99999999865633,13,excluded,composite_obstruction,48,multi_prime_family,7*163^2*223*487*4951,False,False,7,14285714266519,multi_prime_family,163,87642418813,multi_prime_family,163,537683551,multi_prime_family,,multi_prime_family,False
100000000000000,99999999863327,17,99999999863329,19,excluded,composite_obstruction,64,multi_prime_family,17*127*241*353*443*1229,False,False,17,5882352933137,multi_prime_family,127,46317739631,multi_prime_family,241,192189791,multi_prime_family,,multi_prime_family,False
100000000000000,99999999861617,17,99999999861619,19,excluded,composite_obstruction,128,multi_prime_family,11*13*31*73*109*223*12713,False,False,11,9090909078329,multi_prime_family,13,699300698333,multi_prime_family,31,22558087043,multi_prime_family,,multi_prime_family,False
100000000000000,99999999855719,29,99999999855721,1,excluded,composite_obstruction,64,multi_prime_family,7*103*149*233*1571*2543,False,False,7,14285714265103,multi_prime_family,103,138696255001,multi_prime_family,149,930847349,multi_prime_family,,multi_prime_family,False
100000000000000,99999999851981,11,99999999851983,13,excluded,composite_obstruction,64,multi_prime_family,7*11*23*73*107*7228943,False,False,7,14285714264569,multi_prime_family,11,1298701296779,multi_prime_family,23,56465273773,multi_prime_family,,multi_prime_family,False
100000000000000,99999999843479,29,99999999843481,1,excluded,composite_obstruction,64,multi_prime_family,19*53*263*593*599*1063,False,False,19,5263157886499,multi_prime_family,53,99304865783,multi_prime_family,263,377585041,multi_prime_family,,multi_prime_family,False
100000000000000,99999999839507,17,99999999839509,19,excluded,composite_obstruction,64,multi_prime_family,7*11*97*157*563*151471,False,False,7,14285714262787,multi_prime_family,11,1298701296617,multi_prime_family,97,13388673161,multi_prime_family,,multi_prime_family,False
100000000000000,99999999837827,17,99999999837829,19,excluded,composite_obstruction,48,multi_prime_family,7^2*13*17*23879*386719,False,False,7,14285714262547,multi_prime_family,7,2040816323221,multi_prime_family,13,156985871017,multi_prime_family,,multi_prime_family,False
100000000000000,99999999836207,17,99999999836209,19,excluded,composite_obstruction,64,multi_prime_family,11*29*41*199*601*63929,False,False,11,9090909076019,multi_prime_family,29,313479623311,multi_prime_family,41,7645844471,multi_prime_family,,multi_prime_family,False
100000000000000,99999999834131,11,99999999834133,13,excluded,composite_obstruction,64,multi_prime_family,7*19*47*211*239*317227,False,False,7,14285714262019,multi_prime_family,19,751879698001,multi_prime_family,47,15997440383,multi_prime_family,,multi_prime_family,False
100000000000000,99999999833501,11,99999999833503,13,excluded,composite_obstruction,48,multi_prime_family,7*11*41^2*769*1004651,False,False,7,14285714261929,multi_prime_family,11,1298701296539,multi_prime_family,41,31675641379,multi_prime_family,,multi_prime_family,False
100000000000000,99999999826109,29,99999999826111,1,excluded,composite_obstruction,64,multi_prime_family,7*11*37*79*311*1428631,False,False,7,14285714260873,multi_prime_family,11,1298701296443,multi_prime_family,37,35100035039,multi_prime_family,,multi_prime_family,False
100000000000000,99999999822539,29,99999999822541,1,excluded,composite_obstruction,32,multi_prime_family,7^3*13*51487*435577,False,False,7,14285714260363,multi_prime_family,7,2040816322909,multi_prime_family,7,291545188987,multi_prime_family,,multi_prime_family,False
100000000000000,99999999819311,11,99999999819313,13,excluded,composite_obstruction,64,multi_prime_family,11*19*53*61*2591*57119,False,False,11,9090909074483,multi_prime_family,19,478468898657,multi_prime_family,53,9027715069,multi_prime_family,,multi_prime_family,False
100000000000000,99999999812249,29,99999999812251,1,excluded,composite_obstruction,32,multi_prime_family,7^3*11*71*373297297,False,False,7,14285714258893,multi_prime_family,7,2040816322699,multi_prime_family,7,291545188957,multi_prime_family,,multi_prime_family,False
100000000000000,99999999812117,17,99999999812119,19,excluded,composite_obstruction,32,multi_prime_family,11^3*337*431*517267,False,False,11,9090909073829,multi_prime_family,11,826446279439,multi_prime_family,11,75131479949,multi_prime_family,,multi_prime_family,False
100000000000000,99999999800291,11,99999999800293,13,excluded,composite_obstruction,64,multi_prime_family,17*41*47*149*1997*10259,False,False,17,5882352929429,multi_prime_family,41,143472022669,multi_prime_family,47,3052596227,multi_prime_family,,multi_prime_family,False
100000000000000,99999999799019,29,99999999799021,1,excluded,composite_obstruction,48,multi_prime_family,7^2*19*83*1277*1013401,False,False,7,14285714257003,multi_prime_family,7,2040816322429,multi_prime_family,19,107411385391,multi_prime_family,,multi_prime_family,False
100000000000000,99999999798137,17,99999999798139,19,excluded,composite_obstruction,48,multi_prime_family,7^2*37*349*6829*23143,False,False,7,14285714256877,multi_prime_family,7,2040816322411,multi_prime_family,37,55157197903,multi_prime_family,,multi_prime_family,False
100000000000000,99999999792227,17,99999999792229,19,excluded,composite_obstruction,64,multi_prime_family,23*61*71*419*631*3797,False,False,23,4347826077923,multi_prime_family,61,71275837343,multi_prime_family,71,1003885033,multi_prime_family,,multi_prime_family,False
100000000000000,99999999789317,17,99999999789319,19,excluded,composite_obstruction,48,multi_prime_family,7^2*409*499*2683*3727,False,False,7,14285714255617,multi_prime_family,7,2040816322231,multi_prime_family,409,4989770959,multi_prime_family,,multi_prime_family,False
100000000000000,99999999788531,11,99999999788533,13,excluded,composite_obstruction,64,multi_prime_family,13*19*29*43*113*2873149,False,False,13,7692307676041,multi_prime_family,19,404858298739,multi_prime_family,29,13960630991,multi_prime_family,,multi_prime_family,False
100000000000000,99999999787847,17,99999999787849,19,excluded,composite_obstruction,48,multi_prime_family,7^2*17*19*229*27590903,False,False,7,14285714255407,multi_prime_family,7,2040816322201,multi_prime_family,17,120048018953,multi_prime_family,,multi_prime_family,False
100000000000000,99999999787217,17,99999999787219,19,excluded,composite_obstruction,64,multi_prime_family,7*31*67*233*467*63211,False,False,7,14285714255317,multi_prime_family,31,460829492107,multi_prime_family,67,6878052121,multi_prime_family,,multi_prime_family,False
100000000000000,99999999778607,17,99999999778609,19,excluded,composite_obstruction,64,multi_prime_family,7*53*101*353*1049*7207,False,False,7,14285714254087,multi_prime_family,53,269541778379,multi_prime_family,101,2668730479,multi_prime_family,,multi_prime_family,False
100000000000000,99999999777047,17,99999999777049,19,excluded,composite_obstruction,64,multi_prime_family,23*29*37*149*409*66491,False,False,23,4347826077263,multi_prime_family,29,149925037147,multi_prime_family,37,4052028031,multi_prime_family,,multi_prime_family,False
100000000000000,99999999774617,17,99999999774619,19,excluded,composite_obstruction,48,multi_prime_family,7^2*83*719*1381*24763,False,False,7,14285714253517,multi_prime_family,7,2040816321931,multi_prime_family,83,24588148457,multi_prime_family,,multi_prime_family,False
100000000000000,99999999773477,17,99999999773479,19,excluded,composite_obstruction,48,multi_prime_family,13^2*41*151*1433*66697,False,False,13,7692307674883,multi_prime_family,13,591715974991,multi_prime_family,41,14432096951,multi_prime_family,,multi_prime_family,False
100000000000000,99999999770291,11,99999999770293,13,excluded,composite_obstruction,48,multi_prime_family,7*19^2*31*89*14343101,False,False,7,14285714252899,multi_prime_family,19,751879697521,multi_prime_family,19,39572615659,multi_prime_family,,multi_prime_family,False
100000000000000,99999999769181,11,99999999769183,13,excluded,composite_obstruction,96,multi_prime_family,17^2*23*43*389*619*1453,False,False,17,5882352927599,multi_prime_family,17,346020760447,multi_prime_family,23,15044380889,multi_prime_family,,multi_prime_family,False
100000000000000,99999999767897,17,99999999767899,19,excluded,composite_obstruction,64,multi_prime_family,7*11*19*277*7699*32051,False,False,7,14285714252557,multi_prime_family,11,1298701295687,multi_prime_family,19,68352699773,multi_prime_family,,multi_prime_family,False
100000000000000,99999999754289,29,99999999754291,1,excluded,composite_obstruction,64,multi_prime_family,7*13*17*41*359*4391687,False,False,7,14285714250613,multi_prime_family,13,1098901096201,multi_prime_family,17,64641240953,multi_prime_family,,multi_prime_family,False
100000000000000,99999999752567,17,99999999752569,19,excluded,composite_obstruction,32,multi_prime_family,7^3*41*4007*1774609,False,False,7,14285714250367,multi_prime_family,7,2040816321481,multi_prime_family,7,291545188783,multi_prime_family,,multi_prime_family,False
100000000000000,99999999748631,11,99999999748633,13,excluded,composite_obstruction,48,multi_prime_family,19^2*37*41*3389*53881,False,False,19,5263157881507,multi_prime_family,19,277008309553,multi_prime_family,37,7486711069,multi_prime_family,,multi_prime_family,False
100000000000000,99999999742277,17,99999999742279,19,excluded,composite_obstruction,20,multi_prime_family,7^4*13*3203793283,False,False,7,14285714248897,multi_prime_family,7,2040816321271,multi_prime_family,7,291545188753,multi_prime_family,,multi_prime_family,False
100000000000000,99999999738299,29,99999999738301,1,excluded,composite_obstruction,64,multi_prime_family,13*31*41*103*199*295271,False,False,13,7692307672177,multi_prime_family,31,248138957167,multi_prime_family,41,6052169687,multi_prime_family,,multi_prime_family,False
100000000000000,99999999731531,11,99999999731533,13,excluded,composite_obstruction,96,multi_prime_family,11^2*19*59*73*569*17749,False,False,11,9090909066503,multi_prime_family,11,826446278773,multi_prime_family,19,43497172567,multi_prime_family,,multi_prime_family,False
100000000000000,99999999728627,17,99999999728629,19,excluded,composite_obstruction,48,multi_prime_family,7*11^2*13*31*292962169,False,False,7,14285714246947,multi_prime_family,11,1298701295177,multi_prime_family,11,118063754107,multi_prime_family,,multi_prime_family,False
100000000000000,99999999717161,11,99999999717163,13,excluded,composite_obstruction,96,multi_prime_family,7*13*17^2*107*179*198529,False,False,7,14285714245309,multi_prime_family,13,1098901095793,multi_prime_family,17,64641240929,multi_prime_family,,multi_prime_family,False
100000000000000,99999999705527,17,99999999705529,19,excluded,composite_obstruction,96,multi_prime_family,7^2*11*149*151*1187*6947,False,False,7,14285714243647,multi_prime_family,7,2040816320521,multi_prime_family,11,185528756411,multi_prime_family,,multi_prime_family,False
100000000000000,99999999705149,29,99999999705151,1,excluded,composite_obstruction,64,multi_prime_family,7*13*23*53*631*1428649,False,False,7,14285714243593,multi_prime_family,13,1098901095661,multi_prime_family,23,47778308507,multi_prime_family,,multi_prime_family,False
100000000000000,99999999703217,17,99999999703219,19,excluded,composite_obstruction,48,multi_prime_family,7*11^2*23*379*13544081,False,False,7,14285714243317,multi_prime_family,11,1298701294847,multi_prime_family,11,118063754077,multi_prime_family,,multi_prime_family,False
100000000000000,99999999698129,29,99999999698131,1,excluded,composite_obstruction,64,multi_prime_family,13*19*79*103*541*91969,False,False,13,7692307669087,multi_prime_family,19,404858298373,multi_prime_family,79,5124788587,multi_prime_family,,multi_prime_family,False
100000000000000,99999999691667,17,99999999691669,19,excluded,composite_obstruction,64,multi_prime_family,7*11*229*419*1877*7211,False,False,7,14285714241667,multi_prime_family,11,1298701294697,multi_prime_family,229,5671184693,multi_prime_family,,multi_prime_family,False
100000000000000,99999999690827,17,99999999690829,19,excluded,composite_obstruction,32,multi_prime_family,7^3*503*4933*117497,False,False,7,14285714241547,multi_prime_family,7,2040816320221,multi_prime_family,7,291545188603,multi_prime_family,,multi_prime_family,False
100000000000000,99999999687989,29,99999999687991,1,excluded,composite_obstruction,64,multi_prime_family,13*17*59*431*683*26053,False,False,13,7692307668307,multi_prime_family,17,452488686371,multi_prime_family,59,7669299769,multi_prime_family,,multi_prime_family,False
100000000000000,99999999687971,11,99999999687973,13,excluded,composite_obstruction,48,multi_prime_family,7*11^2*757*7247*21521,False,False,7,14285714241139,multi_prime_family,11,1298701294649,multi_prime_family,11,118063754059,multi_prime_family,,multi_prime_family,False
100000000000000,99999999687521,11,99999999687523,13,excluded,composite_obstruction,96,multi_prime_family,13*31*67*89^2*499*937,False,False,13,7692307668271,multi_prime_family,31,248138957041,multi_prime_family,67,3703566523,multi_prime_family,,multi_prime_family,False
100000000000000,99999999686219,29,99999999686221,1,excluded,composite_obstruction,64,multi_prime_family,29*31*59*401*631*7451,False,False,29,3448275851249,multi_prime_family,31,111234704879,multi_prime_family,59,1885333981,multi_prime_family,,multi_prime_family,False
100000000000000,99999999679067,17,99999999679069,19,excluded,composite_obstruction,48,multi_prime_family,7^2*23*257*1667*207113,False,False,7,14285714239867,multi_prime_family,7,2040816319981,multi_prime_family,23,88731144347,multi_prime_family,,multi_prime_family,False
100000000000000,99999999678911,11,99999999678913,13,excluded,composite_obstruction,64,multi_prime_family,17*29*71*191*3433*4357,False,False,17,5882352922289,multi_prime_family,29,202839755941,multi_prime_family,71,2856897971,multi_prime_family,,multi_prime_family,False
100000000000000,99999999677411,11,99999999677413,13,excluded,composite_obstruction,64,multi_prime_family,11*23*281*439*1013*3163,False,False,11,9090909061583,multi_prime_family,23,395256915721,multi_prime_family,281,1406608241,multi_prime_family,,multi_prime_family,False
100000000000000,99999999670247,17,99999999670249,19,excluded,composite_obstruction,24,multi_prime_family,7^5*47917*124171,False,False,7,14285714238607,multi_prime_family,7,2040816319801,multi_prime_family,7,291545188543,multi_prime_family,,multi_prime_family,False
100000000000000,99999999667787,17,99999999667789,19,excluded,composite_obstruction,64,multi_prime_family,13*43*61*239*1009*12161,False,False,13,7692307666753,multi_prime_family,43,178890875971,multi_prime_family,61,2932637311,multi_prime_family,,multi_prime_family,False
100000000000000,99999999666131,11,99999999666133,13,excluded,composite_obstruction,32,multi_prime_family,7^3*31*71*132460331,False,False,7,14285714238019,multi_prime_family,7,2040816319717,multi_prime_family,7,291545188531,multi_prime_family,,multi_prime_family,False
100000000000000,99999999659369,29,99999999659371,1,excluded,composite_obstruction,48,multi_prime_family,7^2*19*61*3251*541631,False,False,7,14285714237053,multi_prime_family,7,2040816319579,multi_prime_family,19,107411385241,multi_prime_family,,multi_prime_family,False
100000000000000,99999999659327,17,99999999659329,19,excluded,composite_obstruction,64,multi_prime_family,7*11*17*653*9293*12589,False,False,7,14285714237047,multi_prime_family,11,1298701294277,multi_prime_family,17,76394193781,multi_prime_family,,multi_prime_family,False
1000000000000000,999999999996149,29,999999999996151,1,excluded,composite_obstruction,64,multi_prime_family,7*11*37*173*18301*110863,False,False,7,142857142856593,multi_prime_family,11,12987012986963,multi_prime_family,37,351000350999,multi_prime_family,,multi_prime_family,False
1000000000000000,999999999993377,17,999999999993379,19,excluded,composite_obstruction,48,multi_prime_family,7^2*11*131*17419*813049,False,False,7,142857142856197,multi_prime_family,7,20408163265171,multi_prime_family,11,1855287569561,multi_prime_family,,multi_prime_family,False
1000000000000000,999999999988907,17,999999999988909,19,excluded,composite_obstruction,36,multi_prime_family,23^2*61^2*16063*31627,False,False,23,43478260869083,multi_prime_family,23,1890359168221,multi_prime_family,61,30989494561,multi_prime_family,,multi_prime_family,False
1000000000000000,999999999987389,29,999999999987391,1,excluded,composite_obstruction,48,multi_prime_family,13^2*17*23*11177*1353977,False,False,13,76923076922107,multi_prime_family,13,5917159763239,multi_prime_family,17,348068221367,multi_prime_family,,multi_prime_family,False
1000000000000000,999999999985517,17,999999999985519,19,excluded,composite_obstruction,64,multi_prime_family,13*131*137*229*2659*7039,False,False,13,76923076921963,multi_prime_family,131,587199060473,multi_prime_family,137,4286124529,multi_prime_family,,multi_prime_family,False
1000000000000000,999999999985247,17,999999999985249,19,excluded,composite_obstruction,64,multi_prime_family,17*29*47*61*1571*450349,False,False,17,58823529410897,multi_prime_family,29,2028397565893,multi_prime_family,47,43157395019,multi_prime_family,,multi_prime_family,False
1000000000000000,999999999984581,11,999999999984583,13,excluded,composite_obstruction,64,multi_prime_family,13*19*41*53*383*4864571,False,False,13,76923076921891,multi_prime_family,19,4048582995889,multi_prime_family,41,98745926729,multi_prime_family,,multi_prime_family,False
1000000000000000,999999999983969,29,999999999983971,1,excluded,composite_obstruction,32,multi_prime_family,7^3*283*17033*604823,False,False,7,142857142854853,multi_prime_family,7,20408163264979,multi_prime_family,7,2915451894997,multi_prime_family,,multi_prime_family,False
1000000000000000,999999999981617,17,999999999981619,19,excluded,composite_obstruction,96,multi_prime_family,7^2*13*19*173*223*2141687,False,False,7,142857142854517,multi_prime_family,7,20408163264931,multi_prime_family,13,1569858712687,multi_prime_family,,multi_prime_family,False
1000000000000000,999999999972497,17,999999999972499,19,excluded,composite_obstruction,64,multi_prime_family,17*19*53*83*541*1300907,False,False,17,58823529410147,multi_prime_family,19,3095975232113,multi_prime_family,53,58414627021,multi_prime_family,,multi_prime_family,False
1000000000000000,999999999968891,11,999999999968893,13,excluded,composite_obstruction,64,multi_prime_family,7*11*29*47*2069*4605247,False,False,7,142857142852699,multi_prime_family,11,12987012986609,multi_prime_family,29,447828034021,multi_prime_family,,multi_prime_family,False
1000000000000000,999999999967757,17,999999999967759,19,excluded,composite_obstruction,64,multi_prime_family,7*31*157*607*953*50741,False,False,7,142857142852537,multi_prime_family,31,4608294930727,multi_prime_family,157,29352197011,multi_prime_family,,multi_prime_family,False
1000000000000000,999999999967109,29,999999999967111,1,excluded,composite_obstruction,48,multi_prime_family,11*13^2*1093*3739*131627,False,False,11,90909090906101,multi_prime_family,13,6993006992777,multi_prime_family,13,537923614829,multi_prime_family,,multi_prime_family,False
1000000000000000,999999999962507,17,999999999962509,19,excluded,composite_obstruction,48,multi_prime_family,7^2*13*3719*17713*23831,False,False,7,142857142851787,multi_prime_family,7,20408163264541,multi_prime_family,13,1569858712657,multi_prime_family,,multi_prime_family,False
1000000000000000,999999999958391,11,999999999958393,13,excluded,composite_obstruction,48,multi_prime_family,7^2*137*191*10039*77689,False,False,7,142857142851199,multi_prime_family,7,20408163264457,multi_prime_family,137,148964695361,multi_prime_family,,multi_prime_family,False
1000000000000000,999999999956879,29,999999999956881,1,excluded,composite_obstruction,48,multi_prime_family,7*11^2*19*2269*27385993,False,False,7,142857142850983,multi_prime_family,11,12987012986453,multi_prime_family,11,1180637544223,multi_prime_family,,multi_prime_family,False
1000000000000000,999999999955511,11,999999999955513,13,excluded,composite_obstruction,64,multi_prime_family,19*23*157*619*1277*18439,False,False,19,52631578945027,multi_prime_family,23,2288329519349,multi_prime_family,157,14575347257,multi_prime_family,,multi_prime_family,False
1000000000000000,999999999955097,17,999999999955099,19,excluded,composite_obstruction,64,multi_prime_family,11*13*23*277*5023*218521,False,False,11,90909090905009,multi_prime_family,13,6993006992693,multi_prime_family,23,304043782291,multi_prime_family,,multi_prime_family,False
1000000000000000,999999999953099,29,999999999953101,1,excluded,composite_obstruction,96,multi_prime_family,7^3*47*53^2*1231*17939,False,False,7,142857142850443,multi_prime_family,7,20408163264349,multi_prime_family,7,2915451894907,multi_prime_family,,multi_prime_family,False
1000000000000000,999999999945161,11,999999999945163,13,excluded,composite_obstruction,48,multi_prime_family,7^2*17^3*23*180604813,False,False,7,142857142849309,multi_prime_family,7,20408163264187,multi_prime_family,17,1200480192011,multi_prime_family,,multi_prime_family,False
1000000000000000,999999999942539,29,999999999942541,1,excluded,composite_obstruction,64,multi_prime_family,13*23*59*101*251*2236051,False,False,13,76923076918657,multi_prime_family,23,3344481605159,multi_prime_family,59,56686128901,multi_prime_family,,multi_prime_family,False
1000000000000000,999999999940919,29,999999999940921,1,excluded,composite_obstruction,128,multi_prime_family,7*19*73*211*271*383*4703,False,False,7,142857142848703,multi_prime_family,19,7518796992037,multi_prime_family,73,102997219069,multi_prime_family,,multi_prime_family,False
1000000000000000,999999999940751,11,999999999940753,13,excluded,composite_obstruction,32,multi_prime_family,7^3*4259*4337*157837,False,False,7,142857142848679,multi_prime_family,7,20408163264097,multi_prime_family,7,2915451894871,multi_prime_family,,multi_prime_family,False
1000000000000000,999999999938987,17,999999999938989,19,excluded,composite_obstruction,48,multi_prime_family,7^2*569*1423*3251*7753,False,False,7,142857142848427,multi_prime_family,7,20408163264061,multi_prime_family,569,35866719269,multi_prime_family,,multi_prime_family,False
1000000000000000,999999999937157,17,999999999937159,19,excluded,composite_obstruction,48,multi_prime_family,13*19^2*23*86869*106649,False,False,13,76923076918243,multi_prime_family,19,4048582995697,multi_prime_family,19,213083315563,multi_prime_family,,multi_prime_family,False
1000000000000000,999999999930461,11,999999999930463,13,excluded,composite_obstruction,32,multi_prime_family,7^3*41*236399*300799,False,False,7,142857142847209,multi_prime_family,7,20408163263887,multi_prime_family,7,2915451894841,multi_prime_family,,multi_prime_family,False
1000000000000000,999999999924521,11,999999999924523,13,excluded,composite_obstruction,72,multi_prime_family,13^2*29^2*599*1019*11527,False,False,13,76923076917271,multi_prime_family,13,5917159762867,multi_prime_family,29,204039991823,multi_prime_family,,multi_prime_family,False
1000000000000000,999999999924209,29,999999999924211,1,excluded,composite_obstruction,48,multi_prime_family,11^2*13*131*353*13747549,False,False,11,90909090902201,multi_prime_family,11,8264462809291,multi_prime_family,13,635727908407,multi_prime_family,,multi_prime_family,False
1000000000000000,999999999913559,29,999999999913561,1,excluded,composite_obstruction,64,multi_prime_family,19*23*29*2161*2833*12889,False,False,19,52631578942819,multi_prime_family,23,2288329519253,multi_prime_family,29,78907914457,multi_prime_family,,multi_prime_family,False
1000000000000000,999999999899591,11,999999999899593,13,excluded,composite_obstruction,32,multi_prime_family,7^3*11*34543*7672787,False,False,7,142857142842799,multi_prime_family,7,20408163263257,multi_prime_family,7,2915451894751,multi_prime_family,,multi_prime_family,False
1000000000000000,999999999895307,17,999999999895309,19,excluded,composite_obstruction,64,multi_prime_family,7*71*83*307*863*91499,False,False,7,142857142842187,multi_prime_family,71,2012072434397,multi_prime_family,83,24241836559,multi_prime_family,,multi_prime_family,False
1000000000000000,999999999892031,11,999999999892033,13,excluded,composite_obstruction,64,multi_prime_family,7*23*37*163*241*4273343,False,False,7,142857142841719,multi_prime_family,23,6211180123553,multi_prime_family,37,167869733069,multi_prime_family,,multi_prime_family,False
1000000000000000,999999999890417,17,999999999890419,19,excluded,composite_obstruction,64,multi_prime_family,11*19*29*1399*2039*57839,False,False,11,90909090899129,multi_prime_family,19,4784688994691,multi_prime_family,29,164989275679,multi_prime_family,,multi_prime_family,False
1000000000000000,999999999889589,29,999999999889591,1,excluded,composite_obstruction,48,multi_prime_family,37^2*193*449*677*12451,False,False,37,27027027024043,multi_prime_family,37,730460189839,multi_prime_family,193,3784767823,multi_prime_family,,multi_prime_family,False
1000000000000000,999999999889031,11,999999999889033,13,excluded,composite_obstruction,32,multi_prime_family,11*13^3*7499*5517901,False,False,11,90909090899003,multi_prime_family,13,6993006992231,multi_prime_family,13,537923614787,multi_prime_family,,multi_prime_family,False
1000000000000000,999999999887909,29,999999999887911,1,excluded,composite_obstruction,48,multi_prime_family,11^2*19*53*15107*543259,False,False,11,90909090898901,multi_prime_family,11,8264462808991,multi_prime_family,19,434971726789,multi_prime_family,,multi_prime_family,False
1000000000000000,999999999883229,29,999999999883231,1,excluded,composite_obstruction,48,multi_prime_family,41^2*163*331*359*30713,False,False,41,24390243899591,multi_prime_family,41,594883997551,multi_prime_family,163,3649595077,multi_prime_family,,multi_prime_family,False
1000000000000000,999999999880727,17,999999999880729,19,excluded,composite_obstruction,48,multi_prime_family,19*101^2*239*397*54377,False,False,19,52631578941091,multi_prime_family,101,521104741991,multi_prime_family,101,5159452891,multi_prime_family,,multi_prime_family,False
1000000000000000,999999999880187,17,999999999880189,19,excluded,composite_obstruction,96,multi_prime_family,7^2*11*17*659*937*176741,False,False,7,142857142840027,multi_prime_family,7,20408163262861,multi_prime_family,11,1855287569351,multi_prime_family,,multi_prime_family,False
1000000000000000,999999999879599,29,999999999879601,1,excluded,composite_obstruction,96,multi_prime_family,7^2*37*73*349*2129*10169,False,False,7,142857142839943,multi_prime_family,7,20408163262849,multi_prime_family,37,551571980077,multi_prime_family,,multi_prime_family,False
1000000000000000,999999999875801,11,999999999875803,13,excluded,composite_obstruction,48,multi_prime_family,17^2*29*857*2447*56897,False,False,17,58823529404459,multi_prime_family,17,3460207612027,multi_prime_family,29,119317503863,multi_prime_family,,multi_prime_family,False
1000000000000000,999999999875189,29,999999999875191,1,excluded,composite_obstruction,48,multi_prime_family,7^2*17*53*53899*420241,False,False,7,142857142839313,multi_prime_family,7,20408163262759,multi_prime_family,17,1200480191927,multi_prime_family,,multi_prime_family,False
1000000000000000,999999999869099,29,999999999869101,1,excluded,composite_obstruction,64,multi_prime_family,7*11*19*89*4177*1838659,False,False,7,142857142838443,multi_prime_family,11,12987012985313,multi_prime_family,19,683526999227,multi_prime_family,,multi_prime_family,False
1000000000000000,999999999864017,17,999999999864019,19,excluded,composite_obstruction,96,multi_prime_family,7^2*11*23*661*5851*20857,False,False,7,142857142837717,multi_prime_family,7,20408163262531,multi_prime_family,11,1855287569321,multi_prime_family,,multi_prime_family,False
1000000000000000,999999999860489,29,999999999860491,1,excluded,composite_obstruction,64,multi_prime_family,7^3*29*127*383*2066833,False,False,7,142857142837213,multi_prime_family,7,20408163262459,multi_prime_family,7,2915451894637,multi_prime_family,,multi_prime_family,False
1000000000000000,999999999858767,17,999999999858769,19,excluded,composite_obstruction,64,multi_prime_family,7*13*17*199*23743*136811,False,False,7,142857142836967,multi_prime_family,13,10989010987459,multi_prime_family,17,646412411027,multi_prime_family,,multi_prime_family,False
1000000000000000,999999999855491,11,999999999855493,13,excluded,composite_obstruction,48,multi_prime_family,7^2*13*1087*2351*614297,False,False,7,142857142836499,multi_prime_family,7,20408163262357,multi_prime_family,13,1569858712489,multi_prime_family,,multi_prime_family,False
1000000000000000,999999999848939,29,999999999848941,1,excluded,composite_obstruction,64,multi_prime_family,7*13*73*151*1993*500209,False,False,7,142857142835563,multi_prime_family,13,10989010987351,multi_prime_family,73,150534397087,multi_prime_family,,multi_prime_family,False
1000000000000000,999999999848309,29,999999999848311,1,excluded,composite_obstruction,64,multi_prime_family,7*11*29*811*5507*100271,False,False,7,142857142835473,multi_prime_family,11,12987012985043,multi_prime_family,29,447828033967,multi_prime_family,,multi_prime_family,False
1000000000000000,999999999848159,29,999999999848161,1,excluded,composite_obstruction,64,multi_prime_family,13*17*31*53*44699*61613,False,False,13,76923076911397,multi_prime_family,17,4524886877141,multi_prime_family,31,145964092811,multi_prime_family,,multi_prime_family,False
1000000000000000,999999999845801,11,999999999845803,13,excluded,composite_obstruction,48,multi_prime_family,11^2*23*61*673*8752697,False,False,11,90909090895073,multi_prime_family,11,8264462808643,multi_prime_family,23,359324469941,multi_prime_family,,multi_prime_family,False
1000000000000000,999999999844589,29,999999999844591,1,excluded,composite_obstruction,48,multi_prime_family,17^2*19*2939*7817*7927,False,False,17,58823529402623,multi_prime_family,17,3460207611919,multi_prime_family,19,182116190101,multi_prime_family,,multi_prime_family,False
1000000000000000,999999999844487,17,999999999844489,19,excluded,composite_obstruction,64,multi_prime_family,7*17*127*269*13451*18287,False,False,7,142857142834927,multi_prime_family,17,8403361343231,multi_prime_family,127,66168199553,multi_prime_family,,multi_prime_family,False
1000000000000000,999999999844361,11,999999999844363,13,excluded,composite_obstruction,64,multi_prime_family,7*19*41*1847*5417*18329,False,False,7,142857142834909,multi_prime_family,19,7518796991311,multi_prime_family,41,183385292471,multi_prime_family,,multi_prime_family,False
1000000000000000,999999999841607,17,999999999841609,19,excluded,composite_obstruction,64,multi_prime_family,13*347*353*587*641*1669,False,False,13,76923076910893,multi_prime_family,347,221680336919,multi_prime_family,353,627989623,multi_prime_family,,multi_prime_family,False
1000000000000000,999999999840719,29,999999999840721,1,excluded,composite_obstruction,36,multi_prime_family,11^2*31^2*2111*4073831,False,False,11,90909090894611,multi_prime_family,11,8264462808601,multi_prime_family,31,266595574471,multi_prime_family,,multi_prime_family,False
1000000000000000,999999999840581,11,999999999840583,13,excluded,composite_obstruction,64,multi_prime_family,7*43*47*67*1277*826171,False,False,7,142857142834369,multi_prime_family,43,3322259135683,multi_prime_family,47,70686364589,multi_prime_family,,multi_prime_family,False
1000000000000000,999999999834389,29,999999999834391,1,excluded,composite_obstruction,64,multi_prime_family,17*29*43*71*89*7465111,False,False,17,58823529402023,multi_prime_family,29,2028397565587,multi_prime_family,43,47172036409,multi_prime_family,,multi_prime_family,False
1000000000000000,999999999833537,17,999999999833539,19,excluded,composite_obstruction,64,multi_prime_family,41*71*151*179*317*40093,False,False,41,24390243898379,multi_prime_family,71,343524561949,multi_prime_family,151,2274997099,multi_prime_family,,multi_prime_family,False
1000000000000000,999999999829829,29,999999999829831,1,excluded,composite_obstruction,48,multi_prime_family,7*11^2*13*107*848768903,False,False,7,142857142832833,multi_prime_family,11,12987012984803,multi_prime_family,11,1180637544073,multi_prime_family,,multi_prime_family,False
1000000000000000,999999999827099,29,999999999827101,1,excluded,composite_obstruction,64,multi_prime_family,7*13*97*271*1627*256939,False,False,7,142857142832443,multi_prime_family,13,10989010987111,multi_prime_family,97,113288773063,multi_prime_family,,multi_prime_family,False
1000000000000000,999999999817097,17,999999999817099,19,excluded,composite_obstruction,64,multi_prime_family,23*31*101*1069*1511*8597,False,False,23,43478260861613,multi_prime_family,31,1402524543923,multi_prime_family,101,13886381623,multi_prime_family,,multi_prime_family,False
1000000000000000,999999999815009,29,999999999815011,1,excluded,composite_obstruction,48,multi_prime_family,13^2*17*181*3457*556271,False,False,13,76923076908847,multi_prime_family,13,5917159762219,multi_prime_family,17,348068221307,multi_prime_family,,multi_prime_family,False
1000000000000000,999999999811889,29,999999999811891,1,excluded,composite_obstruction,48,multi_prime_family,13*31^2*37*41*52765211,False,False,13,76923076908607,multi_prime_family,31,2481389577697,multi_prime_family,31,80044825087,multi_prime_family,,multi_prime_family,False
1000000000000000,999999999810887,17,999999999810889,19,excluded,composite_obstruction,64,multi_prime_family,7*11*23*151*1619*2309711,False,False,7,142857142830127,multi_prime_family,11,12987012984557,multi_prime_family,23,564652738459,multi_prime_family,,multi_prime_family,False
1000000000000000,999999999810377,17,999999999810379,19,excluded,composite_obstruction,64,multi_prime_family,29*79*227*347*2287*2423,False,False,29,34482758614151,multi_prime_family,79,436490615369,multi_prime_family,227,1922866147,multi_prime_family,,multi_prime_family,False
1000000000000000,999999999800807,17,999999999800809,19,excluded,composite_obstruction,64,multi_prime_family,7^3*29*131*20771*36947,False,False,7,142857142828687,multi_prime_family,7,20408163261241,multi_prime_family,7,2915451894463,multi_prime_family,,multi_prime_family,False
1000000000000000,999999999799901,11,999999999799903,13,excluded,composite_obstruction,64,multi_prime_family,19*37*139*257*3307*12041,False,False,19,52631578936837,multi_prime_family,37,1422475106401,multi_prime_family,139,10233633859,multi_prime_family,,multi_prime_family,False
1000000000000000,999999999797621,11,999999999797623,13,excluded,composite_obstruction,64,multi_prime_family,11*19*41*2381*5197*9431,False,False,11,90909090890693,multi_prime_family,19,4784688994247,multi_prime_family,41,116699731567,multi_prime_family,,multi_prime_family,False
1000000000000000,999999999796367,17,999999999796369,19,excluded,composite_obstruction,48,multi_prime_family,11*13*19^2*997*19429499,False,False,11,90909090890579,multi_prime_family,13,6993006991583,multi_prime_family,19,368052999557,multi_prime_family,,multi_prime_family,False
1000000000000000,999999999786107,17,999999999786109,19,excluded,composite_obstruction,48,multi_prime_family,7^2*19*439*821*2980181,False,False,7,142857142826587,multi_prime_family,7,20408163260941,multi_prime_family,19,1074113855839,multi_prime_family,,multi_prime_family,False
1000000000000000,999999999779699,29,999999999779701,1,excluded,composite_obstruction,64,multi_prime_family,23*37*59*1013*1723*11411,False,False,23,43478260859987,multi_prime_family,37,1175088131351,multi_prime_family,59,19916747989,multi_prime_family,,multi_prime_family,False
1000000000000000,999999999779051,11,999999999779053,13,excluded,composite_obstruction,48,multi_prime_family,7^2*13*139*227*49753073,False,False,7,142857142825579,multi_prime_family,7,20408163260797,multi_prime_family,13,1569858712369,multi_prime_family,,multi_prime_family,False
1000000000000000,999999999774137,17,999999999774139,19,excluded,composite_obstruction,64,multi_prime_family,7*13*19*97*50069*119087,False,False,7,142857142824877,multi_prime_family,13,10989010986529,multi_prime_family,19,578368999291,multi_prime_family,,multi_prime_family,False
1000000000000000,999999999773927,17,999999999773929,19,excluded,composite_obstruction,48,multi_prime_family,7*11^2*37*1109*28772879,False,False,7,142857142824847,multi_prime_family,11,12987012984077,multi_prime_family,11,1180637544007,multi_prime_family,,multi_prime_family,False
1000000000000000,999999999768599,29,999999999768601,1,excluded,composite_obstruction,64,multi_prime_family,13*17*37*43*4363*651857,False,False,13,76923076905277,multi_prime_family,17,4524886876781,multi_prime_family,37,122294239913,multi_prime_family,,multi_prime_family,False
1000000000000000,999999999766337,17,999999999766339,19,excluded,composite_obstruction,48,multi_prime_family,11*13^2*251*421*5090551,False,False,11,90909090887849,multi_prime_family,13,6993006991373,multi_prime_family,13,537923614721,multi_prime_family,,multi_prime_family,False
1000000000000000,999999999763139,29,999999999763141,1,excluded,composite_obstruction,64,multi_prime_family,13*23*239*313*1459*30643,False,False,13,76923076904857,multi_prime_family,23,3344481604559,multi_prime_family,239,13993646881,multi_prime_family,,multi_prime_family,False
1000000000000000,999999999760859,29,999999999760861,1,excluded,composite_obstruction,48,multi_prime_family,11^2*43*199*16603*58171,False,False,11,90909090887351,multi_prime_family,11,8264462807941,multi_prime_family,43,192196809487,multi_prime_family,,multi_prime_family,False
1000000000000000,999999999755441,11,999999999755443,13,excluded,composite_obstruction,48,multi_prime_family,17*19*43^2*613*2731493,False,False,17,58823529397379,multi_prime_family,19,3095975231441,multi_prime_family,43,71999423987,multi_prime_family,,multi_prime_family,False
1000000000000000,999999999750881,11,999999999750883,13,excluded,composite_obstruction,96,multi_prime_family,19^2*31*41*919*937*2531,False,False,19,52631578934257,multi_prime_family,19,2770083101803,multi_prime_family,31,89357519413,multi_prime_family,,multi_prime_family,False
1000000000000000,999999999747887,17,999999999747889,19,excluded,composite_obstruction,48,multi_prime_family,7^2*337*383*2411*65581,False,False,7,142857142821127,multi_prime_family,7,20408163260161,multi_prime_family,337,60558347953,multi_prime_family,,multi_prime_family,False
1000000000000000,999999999743699,29,999999999743701,1,excluded,composite_obstruction,64,multi_prime_family,11*19*67*503*10457*13577,False,False,11,90909090885791,multi_prime_family,19,4784688993989,multi_prime_family,67,71413268567,multi_prime_family,,multi_prime_family,False
1000000000000000,999999999736061,11,999999999736063,13,excluded,composite_obstruction,64,multi_prime_family,17*19*67*283*439*371939,False,False,17,58823529396239,multi_prime_family,19,3095975231381,multi_prime_family,67,46208585543,multi_prime_family,,multi_prime_family,False
1000000000000000,999999999730247,17,999999999730249,19,excluded,composite_obstruction,48,multi_prime_family,7^2*17*19*1733*36458839,False,False,7,142857142818607,multi_prime_family,7,20408163259801,multi_prime_family,17,1200480191753,multi_prime_family,,multi_prime_family,False
1000000000000000,999999999725249,29,999999999725251,1,excluded,composite_obstruction,48,multi_prime_family,7^2*17*97*12329*1003819,False,False,7,142857142817893,multi_prime_family,7,20408163259699,multi_prime_family,17,1200480191747,multi_prime_family,,multi_prime_family,False
1000000000000000,999999999721739,29,999999999721741,1,excluded,composite_obstruction,64,multi_prime_family,23*79*401*443*1153*2687,False,False,23,43478260857467,multi_prime_family,79,550357732373,multi_prime_family,401,1372463173,multi_prime_family,,multi_prime_family,False
1000000000000000,999999999716429,29,999999999716431,1,excluded,composite_obstruction,32,multi_prime_family,7^3*37*164419*479239,False,False,7,142857142816633,multi_prime_family,7,20408163259519,multi_prime_family,7,2915451894217,multi_prime_family,,multi_prime_family,False
1000000000000000,999999999715547,17,999999999715549,19,excluded,composite_obstruction,48,multi_prime_family,7^2*29*839*2707*309853,False,False,7,142857142816507,multi_prime_family,7,20408163259501,multi_prime_family,29,703729767569,multi_prime_family,,multi_prime_family,False
1000000000000000,999999999709709,29,999999999709711,1,excluded,composite_obstruction,128,multi_prime_family,7*11*13*191*401*487*26783,False,False,7,142857142815673,multi_prime_family,11,12987012983243,multi_prime_family,13,999000998711,multi_prime_family,,multi_prime_family,False
1000000000000000,999999999702317,17,999999999702319,19,excluded,composite_obstruction,48,multi_prime_family,7^2*11*19*6203*15741853,False,False,7,142857142814617,multi_prime_family,7,20408163259231,multi_prime_family,11,1855287569021,multi_prime_family,,multi_prime_family,False
1000000000000000,999999999697109,29,999999999697111,1,excluded,composite_obstruction,48,multi_prime_family,7*53*101^2*103*2565347,False,False,7,142857142813873,multi_prime_family,53,2695417788941,multi_prime_family,101,26687304841,multi_prime_family,,multi_prime_family,False
1000000000000000,999999999695651,11,999999999695653,13,excluded,composite_obstruction,64,multi_prime_family,11*107*139*409*907*16477,False,False,11,90909090881423,multi_prime_family,107,849617671789,multi_prime_family,139,6112357351,multi_prime_family,,multi_prime_family,False
1000000000000000,999999999694967,17,999999999694969,19,excluded,composite_obstruction,48,multi_prime_family,7^2*13*23*149731*455849,False,False,7,142857142813567,multi_prime_family,7,20408163259081,multi_prime_family,13,1569858712237,multi_prime_family,,multi_prime_family,False
1000000000000000,999999999690431,11,999999999690433,13,excluded,composite_obstruction,64,multi_prime_family,7*31*53*1373*1627*38923,False,False,7,142857142812919,multi_prime_family,31,4608294929449,multi_prime_family,53,86948960933,multi_prime_family,,multi_prime_family,False
1000000000000000,999999999683507,17,999999999683509,19,excluded,composite_obstruction,64,multi_prime_family,11*19*47*251*1103*367711,False,False,11,90909090880319,multi_prime_family,19,4784688993701,multi_prime_family,47,101801893483,multi_prime_family,,multi_prime_family,False
1000000000000000,999999999673637,17,999999999673639,19,excluded,composite_obstruction,64,multi_prime_family,17*41*47*1201*1433*17737,False,False,17,58823529392567,multi_prime_family,41,1434720229087,multi_prime_family,47,30525962321,multi_prime_family,,multi_prime_family,False
1000000000000000,999999999668921,11,999999999668923,13,excluded,composite_obstruction,64,multi_prime_family,11*37*73*199*12289*13763,False,False,11,90909090878993,multi_prime_family,37,2457002456189,multi_prime_family,73,33657567893,multi_prime_family,,multi_prime_family,False
1000000000000000,999999999664979,29,999999999664981,1,excluded,composite_obstruction,32,multi_prime_family,7^3*73*857*46601747,False,False,7,142857142809283,multi_prime_family,7,20408163258469,multi_prime_family,7,2915451894067,multi_prime_family,,multi_prime_family,False
1000000000000000,999999999660569,29,999999999660571,1,excluded,composite_obstruction,48,multi_prime_family,7^2*13*433*3847*942433,False,False,7,142857142808653,multi_prime_family,7,20408163258379,multi_prime_family,13,1569858712183,multi_prime_family,,multi_prime_family,False
1000000000000000,999999999659051,11,999999999659053,13,excluded,composite_obstruction,48,multi_prime_family,17^2*197*773*3917*5801,False,False,17,58823529391709,multi_prime_family,17,3460207611277,multi_prime_family,197,17564505641,multi_prime_family,,multi_prime_family,False
1000000000000000,999999999658691,11,999999999658693,13,excluded,composite_obstruction,64,multi_prime_family,11*43*47*1949*2777*8311,False,False,11,90909090878063,multi_prime_family,43,2114164904141,multi_prime_family,47,44982232003,multi_prime_family,,multi_prime_family,False
1000000000000000,999999999650177,17,999999999650179,19,excluded,composite_obstruction,64,multi_prime_family,11*17*43*127*433*2261509,False,False,11,90909090877289,multi_prime_family,17,5347593581017,multi_prime_family,43,124362641419,multi_prime_family,,multi_prime_family,False
1000000000000000,999999999646457,17,999999999646459,19,excluded,composite_obstruction,32,multi_prime_family,7^3*19*977*157057151,False,False,7,142857142806637,multi_prime_family,7,20408163258091,multi_prime_family,7,2915451894013,multi_prime_family,,multi_prime_family,False
1000000000000000,999999999643391,11,999999999643393,13,excluded,composite_obstruction,64,multi_prime_family,7*37*229*929*1901*9547,False,False,7,142857142806199,multi_prime_family,37,3861003859627,multi_prime_family,229,16860278863,multi_prime_family,,multi_prime_family,False
1000000000000000,999999999639617,17,999999999639619,19,excluded,composite_obstruction,48,multi_prime_family,11^2*19*37*8461*1389433,False,False,11,90909090876329,multi_prime_family,11,8264462806939,multi_prime_family,19,434971726681,multi_prime_family,,multi_prime_family,False
1000000000000000,999999999639161,11,999999999639163,13,excluded,composite_obstruction,64,multi_prime_family,17*19*29*59*827*2187973,False,False,17,58823529390539,multi_prime_family,19,3095975231081,multi_prime_family,29,106757766589,multi_prime_family,,multi_prime_family,False
1000000000000000,999999999633347,17,999999999633349,19,excluded,composite_obstruction,64,multi_prime_family,11*13*17*19*157*137899213,False,False,11,90909090875759,multi_prime_family,13,6993006990443,multi_prime_family,17,411353352379,multi_prime_family,,multi_prime_family,False
1000000000000000,999999999632891,11,999999999632893,13,excluded,composite_obstruction,64,multi_prime_family,7*19*43*71*5741*428977,False,False,7,142857142804699,multi_prime_family,19,7518796989721,multi_prime_family,43,174855743947,multi_prime_family,,multi_prime_family,False
1000000000000000,999999999632489,29,999999999632491,1,excluded,composite_obstruction,48,multi_prime_family,11*13^2*2267*7873*30139,False,False,11,90909090875681,multi_prime_family,13,6993006990437,multi_prime_family,13,537923614649,multi_prime_family,,multi_prime_family,False
1000000000000000,999999999631211,11,999999999631213,13,excluded,composite_obstruction,64,multi_prime_family,7*23*239*359*2693*26881,False,False,7,142857142804459,multi_prime_family,23,6211180121933,multi_prime_family,239,25988201347,multi_prime_family,,multi_prime_family,False
10000000000000000,9999999999999917,17,9999999999999919,19,excluded,composite_obstruction,64,multi_prime_family,7*13*149*769*1429*671141,False,False,7,1428571428571417,multi_prime_family,13,109890109890109,multi_prime_family,149,737517516041,multi_prime_family,,multi_prime_family,False
10000000000000000,9999999999998909,29,9999999999998911,1,excluded,composite_obstruction,48,multi_prime_family,7^2*17*29*70373*5882351,False,False,7,1428571428571273,multi_prime_family,7,204081632653039,multi_prime_family,17,12004801920767,multi_prime_family,,multi_prime_family,False
10000000000000000,9999999999993911,11,9999999999993913,13,excluded,composite_obstruction,96,multi_prime_family,7^2*13*17*47*277*70930663,False,False,7,1428571428570559,multi_prime_family,7,204081632652937,multi_prime_family,13,15698587127149,multi_prime_family,,multi_prime_family,False
10000000000000000,9999999999993287,17,9999999999993289,19,excluded,composite_obstruction,64,multi_prime_family,11*13*19*787*26987*173293,False,False,11,909090909090299,multi_prime_family,13,69930069930023,multi_prime_family,19,3680529996317,multi_prime_family,,multi_prime_family,False
10000000000000000,9999999999988139,29,9999999999988141,1,excluded,composite_obstruction,64,multi_prime_family,11*13*41*1973*8741*98899,False,False,11,909090909089831,multi_prime_family,13,69930069929987,multi_prime_family,41,1705611461707,multi_prime_family,,multi_prime_family,False
10000000000000000,9999999999985511,11,9999999999985513,13,excluded,composite_obstruction,64,multi_prime_family,7*29*31*401*12919*306739,False,False,7,1428571428569359,multi_prime_family,29,49261083743771,multi_prime_family,31,1589067217541,multi_prime_family,,multi_prime_family,False
10000000000000000,9999999999981977,17,9999999999981979,19,excluded,composite_obstruction,64,multi_prime_family,13*17*31*293*39989*124577,False,False,13,769230769229383,multi_prime_family,17,45248868778199,multi_prime_family,31,1459640928329,multi_prime_family,,multi_prime_family,False
10000000000000000,9999999999978467,17,9999999999978469,19,excluded,composite_obstruction,96,multi_prime_family,13*19*43^2*421*2473*21031,False,False,13,769230769229113,multi_prime_family,19,40485829959427,multi_prime_family,43,941530929289,multi_prime_family,,multi_prime_family,False
10000000000000000,9999999999975851,11,9999999999975853,13,excluded,composite_obstruction,64,multi_prime_family,7*79*251*1019*6481*10909,False,False,7,1428571428567979,multi_prime_family,79,18083182640101,multi_prime_family,251,72044552351,multi_prime_family,,multi_prime_family,False
10000000000000000,9999999999975347,17,9999999999975349,19,excluded,composite_obstruction,128,multi_prime_family,7*13*17*41*59*17207*155299,False,False,7,1428571428567907,multi_prime_family,13,109890109889839,multi_prime_family,17,6464124111167,multi_prime_family,,multi_prime_family,False
10000000000000000,9999999999974717,17,9999999999974719,19,excluded,composite_obstruction,64,multi_prime_family,7*23*37*389*16787*257069,False,False,7,1428571428567817,multi_prime_family,23,62111801242079,multi_prime_family,37,1678697330867,multi_prime_family,,multi_prime_family,False
10000000000000000,9999999999973337,17,9999999999973339,19,excluded,composite_obstruction,64,multi_prime_family,19*23*113*1997*3923*25849,False,False,19,526315789472281,multi_prime_family,23,22883295194447,multi_prime_family,113,202507037119,multi_prime_family,,multi_prime_family,False
10000000000000000,9999999999964217,17,9999999999964219,19,excluded,composite_obstruction,20,multi_prime_family,7^4*19*219206909401,False,False,7,1428571428566317,multi_prime_family,7,204081632652331,multi_prime_family,7,29154518950333,multi_prime_family,,multi_prime_family,False
10000000000000000,9999999999957497,17,9999999999957499,19,excluded,composite_obstruction,64,multi_prime_family,7*17*29*163*11239*1581757,False,False,7,1428571428565357,multi_prime_family,17,84033613445021,multi_prime_family,29,2897710808449,multi_prime_family,,multi_prime_family,False
10000000000000000,9999999999954641,11,9999999999954643,13,excluded,composite_obstruction,64,multi_prime_family,7*17*19*457*24781*390539,False,False,7,1428571428564949,multi_prime_family,17,84033613444997,multi_prime_family,19,4422821760263,multi_prime_family,,multi_prime_family,False
10000000000000000,9999999999951239,29,9999999999951241,1,excluded,composite_obstruction,64,multi_prime_family,7*41*151*157*181*8120129,False,False,7,1428571428564463,multi_prime_family,41,34843205574743,multi_prime_family,151,230749705793,multi_prime_family,,multi_prime_family,False
10000000000000000,9999999999948929,29,9999999999948931,1,excluded,composite_obstruction,192,multi_prime_family,7^2*17*61*113*191*1613*5653,False,False,7,1428571428564133,multi_prime_family,7,204081632652019,multi_prime_family,17,12004801920707,multi_prime_family,,multi_prime_family,False
10000000000000000,9999999999947057,17,9999999999947059,19,excluded,composite_obstruction,64,multi_prime_family,29*41*199*419*743*135757,False,False,29,344827586205071,multi_prime_family,41,8410428931831,multi_prime_family,199,42263461969,multi_prime_family,,multi_prime_family,False
10000000000000000,9999999999940871,11,9999999999940873,13,excluded,composite_obstruction,64,multi_prime_family,13*17*31*83*163*107889787,False,False,13,769230769226221,multi_prime_family,17,45248868778013,multi_prime_family,31,1459640928323,multi_prime_family,,multi_prime_family,False
10000000000000000,9999999999935831,11,9999999999935833,13,excluded,composite_obstruction,64,multi_prime_family,19^3*431*487*587*11833,False,False,19,526315789470307,multi_prime_family,19,27700831024753,multi_prime_family,19,1457938474987,multi_prime_family,,multi_prime_family,False
10000000000000000,9999999999929897,17,9999999999929899,19,excluded,composite_obstruction,64,multi_prime_family,31*47*61*443*9257*27437,False,False,31,322580645159029,multi_prime_family,47,6863417982107,multi_prime_family,61,112515048887,multi_prime_family,,multi_prime_family,False
10000000000000000,9999999999923177,17,9999999999923179,19,excluded,composite_obstruction,64,multi_prime_family,19*67*131*197*199*1529611,False,False,19,526315789469641,multi_prime_family,67,7855459544323,multi_prime_family,131,59965340033,multi_prime_family,,multi_prime_family,False
10000000000000000,9999999999918941,11,9999999999918943,13,excluded,composite_obstruction,96,multi_prime_family,7^3*17^2*89*97*11685473,False,False,7,1428571428559849,multi_prime_family,7,204081632651407,multi_prime_family,7,29154518950201,multi_prime_family,,multi_prime_family,False
10000000000000000,9999999999917471,11,9999999999917473,13,excluded,composite_obstruction,48,multi_prime_family,7^2*13*2203*15289*466087,False,False,7,1428571428559639,multi_prime_family,7,204081632651377,multi_prime_family,13,15698587127029,multi_prime_family,,multi_prime_family,False
10000000000000000,9999999999915539,29,9999999999915541,1,excluded,composite_obstruction,64,multi_prime_family,7*11*19*67*881*115799041,False,False,7,1428571428559363,multi_prime_family,11,129870129869033,multi_prime_family,19,6835269993107,multi_prime_family,,multi_prime_family,False
10000000000000000,9999999999904847,17,9999999999904849,19,excluded,composite_obstruction,64,multi_prime_family,11*211*733*997*1889*3121,False,False,11,909090909082259,multi_prime_family,211,4308487720769,multi_prime_family,733,5877882293,multi_prime_family,,multi_prime_family,False
10000000000000000,9999999999903359,29,9999999999903361,1,excluded,composite_obstruction,48,multi_prime_family,7^2*661*1009*13859*22079,False,False,7,1428571428557623,multi_prime_family,7,204081632651089,multi_prime_family,661,308746796749,multi_prime_family,,multi_prime_family,False
10000000000000000,9999999999903131,11,9999999999903133,13,excluded,composite_obstruction,64,multi_prime_family,11^3*17*43*59*174201767,False,False,11,909090909082103,multi_prime_family,11,82644628098373,multi_prime_family,11,7513148008943,multi_prime_family,,multi_prime_family,False
10000000000000000,9999999999897521,11,9999999999897523,13,excluded,composite_obstruction,128,multi_prime_family,7*11*17*137*179*11681*26669,False,False,7,1428571428556789,multi_prime_family,11,129870129868799,multi_prime_family,17,7639419404047,multi_prime_family,,multi_prime_family,False
10000000000000000,9999999999896681,11,9999999999896683,13,excluded,composite_obstruction,64,multi_prime_family,7*43*269*811*2689*56633,False,False,7,1428571428556669,multi_prime_family,43,33222591361783,multi_prime_family,269,123504057107,multi_prime_family,,multi_prime_family,False
10000000000000000,9999999999894677,17,9999999999894679,19,excluded,composite_obstruction,32,multi_prime_family,19^3*23*37991*1668517,False,False,19,526315789468141,multi_prime_family,19,27700831024639,multi_prime_family,19,1457938474981,multi_prime_family,,multi_prime_family,False
10000000000000000,9999999999892901,11,9999999999892903,13,excluded,composite_obstruction,64,multi_prime_family,7*11*13*79*5953*21242369,False,False,7,1428571428556129,multi_prime_family,11,129870129868739,multi_prime_family,13,9990009989903,multi_prime_family,,multi_prime_family,False
10000000000000000,9999999999891779,29,9999999999891781,1,excluded,composite_obstruction,128,multi_prime_family,11*23*43*53*71*4243*57571,False,False,11,909090909081071,multi_prime_family,23,39525691699177,multi_prime_family,43,919202132539,multi_prime_family,,multi_prime_family,False
10000000000000000,9999999999889337,17,9999999999889339,19,excluded,composite_obstruction,48,multi_prime_family,11^2*181*191*5527*432527,False,False,11,909090909080849,multi_prime_family,11,82644628098259,multi_prime_family,181,456600155239,multi_prime_family,,multi_prime_family,False
10000000000000000,9999999999881981,11,9999999999881983,13,excluded,composite_obstruction,192,multi_prime_family,7*13*23*29*71*229^2*44249,False,False,7,1428571428554569,multi_prime_family,13,109890109888813,multi_prime_family,23,4777830864731,multi_prime_family,,multi_prime_family,False
10000000000000000,9999999999881909,29,9999999999881911,1,excluded,composite_obstruction,64,multi_prime_family,19*31*149*331*18353*18757,False,False,19,526315789467469,multi_prime_family,31,16977928692499,multi_prime_family,149,113945830151,multi_prime_family,,multi_prime_family,False
10000000000000000,9999999999879899,29,9999999999879901,1,excluded,composite_obstruction,48,multi_prime_family,11^2*41*3889*4721*109789,False,False,11,909090909079991,multi_prime_family,11,82644628098181,multi_prime_family,41,2015722636541,multi_prime_family,,multi_prime_family,False
10000000000000000,9999999999874757,17,9999999999874759,19,excluded,composite_obstruction,64,multi_prime_family,7*101*149*491*1871*103333,False,False,7,1428571428553537,multi_prime_family,101,14144271569837,multi_prime_family,149,94927997113,multi_prime_family,,multi_prime_family,False
10000000000000000,9999999999871019,29,9999999999871021,1,excluded,composite_obstruction,48,multi_prime_family,7^2*29*3331*22571*93601,False,False,7,1428571428553003,multi_prime_family,7,204081632650429,multi_prime_family,29,7037297677601,multi_prime_family,,multi_prime_family,False
10000000000000000,9999999999868889,29,9999999999868891,1,excluded,composite_obstruction,96,multi_prime_family,31^2*73*97*167*701*12553,False,False,31,322580645157061,multi_prime_family,31,10405827263131,multi_prime_family,73,142545578947,multi_prime_family,,multi_prime_family,False
10000000000000000,9999999999867491,11,9999999999867493,13,excluded,composite_obstruction,256,multi_prime_family,7^3*11*23*37*659*1069*4421,False,False,7,1428571428552499,multi_prime_family,7,204081632650357,multi_prime_family,7,29154518950051,multi_prime_family,,multi_prime_family,False
10000000000000000,9999999999865289,29,9999999999865291,1,excluded,composite_obstruction,96,multi_prime_family,13^2*17*67*241*313*688697,False,False,13,769230769220407,multi_prime_family,13,59171597632339,multi_prime_family,17,3480682213667,multi_prime_family,,multi_prime_family,False
10000000000000000,9999999999863417,17,9999999999863419,19,excluded,composite_obstruction,64,multi_prime_family,7*13*41*173*193*80273341,False,False,7,1428571428551917,multi_prime_family,13,109890109888609,multi_prime_family,41,2680246582649,multi_prime_family,,multi_prime_family,False
10000000000000000,9999999999861821,11,9999999999861823,13,excluded,composite_obstruction,64,multi_prime_family,7*17*31*61*3559*12486293,False,False,7,1428571428551689,multi_prime_family,17,84033613444217,multi_prime_family,31,2710761724007,multi_prime_family,,multi_prime_family,False
10000000000000000,9999999999858251,11,9999999999858253,13,excluded,composite_obstruction,192,multi_prime_family,7*11*17^2*41*431*3329*7639,False,False,7,1428571428551179,multi_prime_family,11,129870129868289,multi_prime_family,17,7639419404017,multi_prime_family,,multi_prime_family,False
10000000000000000,9999999999856007,17,9999999999856009,19,excluded,composite_obstruction,64,multi_prime_family,11*13*17*3373*10667*114329,False,False,11,909090909077819,multi_prime_family,13,69930069929063,multi_prime_family,17,4113533525239,multi_prime_family,,multi_prime_family,False
10000000000000000,9999999999855599,29,9999999999855601,1,excluded,composite_obstruction,48,multi_prime_family,17*61^2*137*18451*62539,False,False,17,588235294109153,multi_prime_family,61,9643201542773,multi_prime_family,61,158085271193,multi_prime_family,,multi_prime_family,False
10000000000000000,9999999999853967,17,9999999999853969,19,excluded,composite_obstruction,96,multi_prime_family,7^2*17*23*29*54851*328129,False,False,7,1428571428550567,multi_prime_family,7,204081632650081,multi_prime_family,17,12004801920593,multi_prime_family,,multi_prime_family,False
10000000000000000,9999999999852839,29,9999999999852841,1,excluded,composite_obstruction,48,multi_prime_family,11*19*37^2*41*852445081,False,False,11,909090909077531,multi_prime_family,19,47846889951449,multi_prime_family,37,1293159187877,multi_prime_family,,multi_prime_family,False
10000000000000000,9999999999848051,11,9999999999848053,13,excluded,composite_obstruction,48,multi_prime_family,13^2*17*19*29*6317027611,False,False,13,769230769219081,multi_prime_family,13,59171597632237,multi_prime_family,17,3480682213661,multi_prime_family,,multi_prime_family,False
10000000000000000,9999999999847919,29,9999999999847921,1,excluded,composite_obstruction,64,multi_prime_family,7*41*43*89*359*25360931,False,False,7,1428571428549703,multi_prime_family,41,34843205574383,multi_prime_family,43,810307106381,multi_prime_family,,multi_prime_family,False
10000000000000000,9999999999847037,17,9999999999847039,19,excluded,composite_obstruction,48,multi_prime_family,7*13^2*877*3853*2501593,False,False,7,1428571428549577,multi_prime_family,13,109890109888429,multi_prime_family,13,8453085376033,multi_prime_family,,multi_prime_family,False
10000000000000000,9999999999846911,11,9999999999846913,13,excluded,composite_obstruction,32,multi_prime_family,7^3*19*672499*2281711,False,False,7,1428571428549559,multi_prime_family,7,204081632649937,multi_prime_family,7,29154518949991,multi_prime_family,,multi_prime_family,False
10000000000000000,9999999999844307,17,9999999999844309,19,excluded,composite_obstruction,64,multi_prime_family,7*13*23*43*2221*50028071,False,False,7,1428571428549187,multi_prime_family,13,109890109888399,multi_prime_family,23,4777830864713,multi_prime_family,,multi_prime_family,False
10000000000000000,9999999999834479,29,9999999999834481,1,excluded,composite_obstruction,64,multi_prime_family,7*13*29*31*733*166761173,False,False,7,1428571428547783,multi_prime_family,13,109890109888291,multi_prime_family,29,3789314134079,multi_prime_family,,multi_prime_family,False
10000000000000000,9999999999834269,29,9999999999834271,1,excluded,composite_obstruction,48,multi_prime_family,7^2*71*163*15667*1125569,False,False,7,1428571428547753,multi_prime_family,7,204081632649679,multi_prime_family,71,2874389192249,multi_prime_family,,multi_prime_family,False
10000000000000000,9999999999832841,11,9999999999832843,13,excluded,composite_obstruction,64,multi_prime_family,7*11*13^3*359*164658733,False,False,7,1428571428547549,multi_prime_family,11,129870129867959,multi_prime_family,13,9990009989843,multi_prime_family,,multi_prime_family,False
10000000000000000,9999999999831749,29,9999999999831751,1,excluded,composite_obstruction,64,multi_prime_family,7*13*19*23*37*6796345469,False,False,7,1428571428547393,multi_prime_family,13,109890109888261,multi_prime_family,19,5783689994119,multi_prime_family,,multi_prime_family,False
10000000000000000,9999999999827531,11,9999999999827533,13,excluded,composite_obstruction,48,multi_prime_family,19^2*37*47*9371*1699837,False,False,19,526315789464607,multi_prime_family,19,27700831024453,multi_prime_family,37,748671108769,multi_prime_family,,multi_prime_family,False
10000000000000000,9999999999823997,17,9999999999823999,19,excluded,composite_obstruction,48,multi_prime_family,11^2*19*383*659*17233633,False,False,11,909090909074909,multi_prime_family,11,82644628097719,multi_prime_family,19,4349717268301,multi_prime_family,,multi_prime_family,False
10000000000000000,9999999999820157,17,9999999999820159,19,excluded,composite_obstruction,40,multi_prime_family,7^4*23*31*5841418343,False,False,7,1428571428545737,multi_prime_family,7,204081632649391,multi_prime_family,7,29154518949913,multi_prime_family,,multi_prime_family,False
10000000000000000,9999999999819359,29,9999999999819361,1,excluded,composite_obstruction,64,multi_prime_family,7*71*83*157*257*6008039,False,False,7,1428571428545623,multi_prime_family,71,20120724345713,multi_prime_family,83,242418365611,multi_prime_family,,multi_prime_family,False
10000000000000000,9999999999815879,29,9999999999815881,1,excluded,composite_obstruction,64,multi_prime_family,11*23*31*89*5867*2441809,False,False,11,909090909074171,multi_prime_family,23,39525691698877,multi_prime_family,31,1275022312867,multi_prime_family,,multi_prime_family,False
10000000000000000,9999999999814277,17,9999999999814279,19,excluded,composite_obstruction,192,multi_prime_family,7^2*13*47*59*89*421*151091,False,False,7,1428571428544897,multi_prime_family,7,204081632649271,multi_prime_family,13,15698587126867,multi_prime_family,,multi_prime_family,False
10000000000000000,9999999999813107,17,9999999999813109,19,excluded,composite_obstruction,96,multi_prime_family,11^2*13*107*487*3049*40013,False,False,11,909090909073919,multi_prime_family,11,82644628097629,multi_prime_family,13,6357279084433,multi_prime_family,,multi_prime_family,False
10000000000000000,9999999999800561,11,9999999999800563,13,excluded,composite_obstruction,64,multi_prime_family,23*73*131*3089*3257*4519,False,False,23,434782608686981,multi_prime_family,73,5955926146397,multi_prime_family,131,45465085087,multi_prime_family,,multi_prime_family,False
10000000000000000,9999999999796637,17,9999999999796639,19,excluded,composite_obstruction,48,multi_prime_family,7^2*19*251*52369*817151,False,False,7,1428571428542377,multi_prime_family,7,204081632648911,multi_prime_family,19,10741138560469,multi_prime_family,,multi_prime_family,False
10000000000000000,9999999999795419,29,9999999999795421,1,excluded,composite_obstruction,128,multi_prime_family,7*11*17*31*199*229*5407669,False,False,7,1428571428542203,multi_prime_family,11,129870129867473,multi_prime_family,17,7639419403969,multi_prime_family,,multi_prime_family,False
10000000000000000,9999999999785171,11,9999999999785173,13,excluded,composite_obstruction,32,multi_prime_family,7^3*103*162017*1747061,False,False,7,1428571428540739,multi_prime_family,7,204081632648677,multi_prime_family,7,29154518949811,multi_prime_family,,multi_prime_family,False
10000000000000000,9999999999783701,11,9999999999783703,13,excluded,composite_obstruction,96,multi_prime_family,7^2*13*31*197*269*9556093,False,False,7,1428571428540529,multi_prime_family,7,204081632648647,multi_prime_family,13,15698587126819,multi_prime_family,,multi_prime_family,False
10000000000000000,9999999999783341,11,9999999999783343,13,excluded,composite_obstruction,128,multi_prime_family,11^3*53*127*463*641*3761,False,False,11,909090909071213,multi_prime_family,11,82644628097383,multi_prime_family,11,7513148008853,multi_prime_family,,multi_prime_family,False
10000000000000000,9999999999777377,17,9999999999777379,19,excluded,composite_obstruction,64,multi_prime_family,23*31*569*1409*1439*12157,False,False,23,434782608685973,multi_prime_family,31,14025245441483,multi_prime_family,569,24648937507,multi_prime_family,,multi_prime_family,False
10000000000000000,9999999999774881,11,9999999999774883,13,excluded,composite_obstruction,32,multi_prime_family,7^3*887*1367*24044389,False,False,7,1428571428539269,multi_prime_family,7,204081632648467,multi_prime_family,7,29154518949781,multi_prime_family,,multi_prime_family,False
10000000000000000,9999999999771857,17,9999999999771859,19,excluded,composite_obstruction,64,multi_prime_family,7*11*17*23*307*1081917491,False,False,7,1428571428538837,multi_prime_family,11,129870129867167,multi_prime_family,17,7639419403951,multi_prime_family,,multi_prime_family,False
10000000000000000,9999999999770867,17,9999999999770869,19,excluded,composite_obstruction,48,multi_prime_family,11*31^2*1283*1607*458819,False,False,11,909090909070079,multi_prime_family,31,29325513195809,multi_prime_family,31,945984296639,multi_prime_family,,multi_prime_family,False
10000000000000000,9999999999769589,29,9999999999769591,1,excluded,composite_obstruction,48,multi_prime_family,7^2*37*61*119849*754463,False,False,7,1428571428538513,multi_prime_family,7,204081632648359,multi_prime_family,37,5515719801307,multi_prime_family,,multi_prime_family,False
10000000000000000,9999999999764717,17,9999999999764719,19,excluded,composite_obstruction,48,multi_prime_family,7*17*19^2*59*3945425299,False,False,7,1428571428537817,multi_prime_family,17,84033613443401,multi_prime_family,19,4422821760179,multi_prime_family,,multi_prime_family,False
10000000000000000,9999999999761231,11,9999999999761233,13,excluded,composite_obstruction,128,multi_prime_family,7*11*23*43*277*421*1126033,False,False,7,1428571428537319,multi_prime_family,11,129870129867029,multi_prime_family,23,5646527385523,multi_prime_family,,multi_prime_family,False
10000000000000000,9999999999758711,11,9999999999758713,13,excluded,composite_obstruction,48,multi_prime_family,7^2*37*293*6203*3034819,False,False,7,1428571428536959,multi_prime_family,7,204081632648137,multi_prime_family,37,5515719801301,multi_prime_family,,multi_prime_family,False
10000000000000000,9999999999757877,17,9999999999757879,19,excluded,composite_obstruction,64,multi_prime_family,19*43*47*61*269*15870769,False,False,19,526315789460941,multi_prime_family,43,12239902080487,multi_prime_family,47,260423448521,multi_prime_family,,multi_prime_family,False
10000000000000000,9999999999756947,17,9999999999756949,19,excluded,composite_obstruction,96,multi_prime_family,7^2*13*53*229*1583*817087,False,False,7,1428571428536707,multi_prime_family,7,204081632648101,multi_prime_family,13,15698587126777,multi_prime_family,,multi_prime_family,False
10000000000000000,9999999999748289,29,9999999999748291,1,excluded,composite_obstruction,64,multi_prime_family,13*41*47*127*11411*275453,False,False,13,769230769211407,multi_prime_family,41,18761726078327,multi_prime_family,47,399185661241,multi_prime_family,,multi_prime_family,False
10000000000000000,9999999999747041,11,9999999999747043,13,excluded,composite_obstruction,96,multi_prime_family,11^2*13*43*227*14683*44357,False,False,11,909090909067913,multi_prime_family,11,82644628097083,multi_prime_family,13,6357279084391,multi_prime_family,,multi_prime_family,False
10000000000000000,9999999999744011,11,9999999999744013,13,excluded,composite_obstruction,32,multi_prime_family,7^3*17*538147*3186809,False,False,7,1428571428534859,multi_prime_family,7,204081632647837,multi_prime_family,7,29154518949691,multi_prime_family,,multi_prime_family,False
10000000000000000,9999999999737081,11,9999999999737083,13,excluded,composite_obstruction,64,multi_prime_family,7*23*149*1103*11927*31687,False,False,7,1428571428533869,multi_prime_family,23,62111801240603,multi_prime_family,149,416857726447,multi_prime_family,,multi_prime_family,False
10000000000000000,9999999999734897,17,9999999999734899,19,excluded,composite_obstruction,48,multi_prime_family,7^2*11*2129*4019*2168291,False,False,7,1428571428533557,multi_prime_family,7,204081632647651,multi_prime_family,11,18552875695241,multi_prime_family,,multi_prime_family,False
10000000000000000,9999999999733907,17,9999999999733909,19,excluded,composite_obstruction,64,multi_prime_family,11*23*29*47*647*44820773,False,False,11,909090909066719,multi_prime_family,23,39525691698553,multi_prime_family,29,1362954886157,multi_prime_family,,multi_prime_family,False
10000000000000000,9999999999731369,29,9999999999731371,1,excluded,composite_obstruction,48,multi_prime_family,7^2*47*997*64609*67409,False,False,7,1428571428533053,multi_prime_family,7,204081632647579,multi_prime_family,47,4342162396757,multi_prime_family,,multi_prime_family,False
10000000000000000,9999999999726977,17,9999999999726979,19,excluded,composite_obstruction,128,multi_prime_family,11*17*73*461*859*967*1913,False,False,11,909090909066089,multi_prime_family,17,53475935827417,multi_prime_family,73,732547066129,multi_prime_family,,multi_prime_family,False
10000000000000000,9999999999726839,29,9999999999726841,1,excluded,composite_obstruction,64,multi_prime_family,13*59*109*257*5827*79873,False,False,13,769230769209757,multi_prime_family,59,13037809647623,multi_prime_family,109,119612932547,multi_prime_family,,multi_prime_family,False
10000000000000000,9999999999726791,11,9999999999726793,13,excluded,composite_obstruction,64,multi_prime_family,7*283*349*523*977*28307,False,False,7,1428571428532399,multi_prime_family,283,5047955577853,multi_prime_family,349,14464056097,multi_prime_family,,multi_prime_family,False
10000000000000000,9999999999724607,17,9999999999724609,19,excluded,composite_obstruction,48,multi_prime_family,7^2*103*179*433*25563821,False,False,7,1428571428532087,multi_prime_family,7,204081632647441,multi_prime_family,103,1981375074247,multi_prime_family,,multi_prime_family,False
10000000000000000,9999999999716879,29,9999999999716881,1,excluded,composite_obstruction,64,multi_prime_family,7*11*17*53*593*243069121,False,False,7,1428571428530983,multi_prime_family,11,129870129866453,multi_prime_family,17,7639419403909,multi_prime_family,,multi_prime_family,False
10000000000000000,9999999999715787,17,9999999999715789,19,excluded,composite_obstruction,48,multi_prime_family,7^2*61*311*40543*265337,False,False,7,1428571428530827,multi_prime_family,7,204081632647261,multi_prime_family,61,3345600535201,multi_prime_family,,multi_prime_family,False
10000000000000000,9999999999715199,29,9999999999715201,1,excluded,composite_obstruction,32,multi_prime_family,7^3*37*103703*7598237,False,False,7,1428571428530743,multi_prime_family,7,204081632647249,multi_prime_family,7,29154518949607,multi_prime_family,,multi_prime_family,False
10000000000000000,9999999999708101,11,9999999999708103,13,excluded,composite_obstruction,64,multi_prime_family,7*11*23*61*21377*4330169,False,False,7,1428571428529729,multi_prime_family,11,129870129866339,multi_prime_family,23,5646527385493,multi_prime_family,,multi_prime_family,False
10000000000000000,9999999999707441,11,9999999999707443,13,excluded,composite_obstruction,48,multi_prime_family,11*31^2*997*1481*640669,False,False,11,909090909064313,multi_prime_family,31,29325513195623,multi_prime_family,31,945984296633,multi_prime_family,,multi_prime_family,False
10000000000000000,9999999999702191,11,9999999999702193,13,excluded,composite_obstruction,32,multi_prime_family,13*17^3*32309*4846033,False,False,13,769230769207861,multi_prime_family,17,45248868776933,multi_prime_family,17,2661698163349,multi_prime_family,,multi_prime_family,False
10000000000000000,9999999999695441,11,9999999999695443,13,excluded,composite_obstruction,64,multi_prime_family,37*43*73*569*5749*26321,False,False,37,270270270262039,multi_prime_family,43,6285355122373,multi_prime_family,73,86100755101,multi_prime_family,,multi_prime_family,False
10000000000000000,9999999999692561,11,9999999999692563,13,excluded,composite_obstruction,128,multi_prime_family,7^3*31*227*1187*1789*1951,False,False,7,1428571428527509,multi_prime_family,7,204081632646787,multi_prime_family,7,29154518949541,multi_prime_family,,multi_prime_family,False
10000000000000000,9999999999686057,17,9999999999686059,19,excluded,composite_obstruction,48,multi_prime_family,11^2*19*29*10069*14896241,False,False,11,909090909062369,multi_prime_family,11,82644628096579,multi_prime_family,19,4349717268241,multi_prime_family,,multi_prime_family,False
10000000000000000,9999999999678797,17,9999999999678799,19,excluded,composite_obstruction,48,multi_prime_family,11^2*31*73*1693*21571141,False,False,11,909090909061709,multi_prime_family,11,82644628096519,multi_prime_family,31,2665955745049,multi_prime_family,,multi_prime_family,False
10000000000000000,9999999999675821,11,9999999999675823,13,excluded,composite_obstruction,64,multi_prime_family,31*193*233*449*2113*7561,False,False,31,322580645150833,multi_prime_family,193,1671402306481,multi_prime_family,233,7173400457,multi_prime_family,,multi_prime_family,False
10000000000000000,9999999999673031,11,9999999999673033,13,excluded,composite_obstruction,64,multi_prime_family,7*31*59*419*27059*68891,False,False,7,1428571428524719,multi_prime_family,31,46082949307249,multi_prime_family,59,781066937411,multi_prime_family,,multi_prime_family,False
10000000000000000,9999999999667247,17,9999999999667249,19,excluded,composite_obstruction,96,multi_prime_family,11*13*19^2*37*55213*94823,False,False,11,909090909060659,multi_prime_family,13,69930069927743,multi_prime_family,19,3680529996197,multi_prime_family,,multi_prime_family,False
10000000000000000,9999999999661697,17,9999999999661699,19,excluded,composite_obstruction,64,multi_prime_family,17*29*37*41*97*137846507,False,False,17,588235294097747,multi_prime_family,29,20283975658543,multi_prime_family,37,548215558339,multi_prime_family,,multi_prime_family,False
10000000000000000,9999999999661319,29,9999999999661321,1,excluded,composite_obstruction,64,multi_prime_family,13*19*23*151*521*22374871,False,False,13,769230769204717,multi_prime_family,19,40485829958143,multi_prime_family,23,1760253476441,multi_prime_family,,multi_prime_family,False
10000000000000000,9999999999657809,29,9999999999657811,1,excluded,composite_obstruction,64,multi_prime_family,11*13*59*101*269*43625287,False,False,11,909090909059801,multi_prime_family,13,69930069927677,multi_prime_family,59,1185255422503,multi_prime_family,,multi_prime_family,False
10000000000000000,9999999999653039,29,9999999999653041,1,excluded,composite_obstruction,64,multi_prime_family,7*23*37*127*907*14573417,False,False,7,1428571428521863,multi_prime_family,23,62111801240081,multi_prime_family,37,1678697330813,multi_prime_family,,multi_prime_family,False
10000000000000000,9999999999632879,29,9999999999632881,1,excluded,composite_obstruction,20,multi_prime_family,7^4*353*11798672177,False,False,7,1428571428518983,multi_prime_family,7,204081632645569,multi_prime_family,7,29154518949367,multi_prime_family,,multi_prime_family,False
10000000000000000,9999999999630947,17,9999999999630949,19,excluded,composite_obstruction,64,multi_prime_family,7*11*41*113*86257*324977,False,False,7,1428571428518707,multi_prime_family,11,129870129865337,multi_prime_family,41,3167564143057,multi_prime_family,,multi_prime_family,False
10000000000000000,9999999999630269,29,9999999999630271,1,excluded,composite_obstruction,64,multi_prime_family,23*97*113*397*1399*71419,False,False,23,434782608679577,multi_prime_family,97,4482294934841,multi_prime_family,113,39666326857,multi_prime_family,,multi_prime_family,False
10000000000000000,9999999999626201,11,9999999999626203,13,excluded,composite_obstruction,96,multi_prime_family,7*17*29^2*113*4657*189877,False,False,7,1428571428518029,multi_prime_family,17,84033613442237,multi_prime_family,29,2897710808353,multi_prime_family,,multi_prime_family,False
10000000000000000,9999999999625799,29,9999999999625801,1,excluded,composite_obstruction,96,multi_prime_family,11^2*73*179*379*883*18899,False,False,11,909090909056891,multi_prime_family,11,82644628096081,multi_prime_family,73,1132118193097,multi_prime_family,,multi_prime_family,False
10000000000000000,9999999999625529,29,9999999999625531,1,excluded,composite_obstruction,48,multi_prime_family,7^2*71*269*7883*1355507,False,False,7,1428571428517933,multi_prime_family,7,204081632645419,multi_prime_family,71,2874389192189,multi_prime_family,,multi_prime_family,False
10000000000000000,9999999999624059,29,9999999999624061,1,excluded,composite_obstruction,108,multi_prime_family,7^2*17*23^2*41^2*13499933,False,False,7,1428571428517723,multi_prime_family,7,204081632645389,multi_prime_family,17,12004801920317,multi_prime_family,,multi_prime_family,False
10000000000000000,9999999999620531,11,9999999999620533,13,excluded,composite_obstruction,32,multi_prime_family,7^3*503*5387*10759471,False,False,7,1428571428517219,multi_prime_family,7,204081632645317,multi_prime_family,7,29154518949331,multi_prime_family,,multi_prime_family,False
10000000000000000,9999999999617297,17,9999999999617299,19,excluded,composite_obstruction,48,multi_prime_family,7^2*23*37*107*2241251443,False,False,7,1428571428516757,multi_prime_family,7,204081632645251,multi_prime_family,23,8873114462837,multi_prime_family,,multi_prime_family,False
10000000000000000,9999999999617087,17,9999999999617089,19,excluded,composite_obstruction,48,multi_prime_family,7*11^2*19*2543*244352411,False,False,7,1428571428516727,multi_prime_family,11,129870129865157,multi_prime_family,11,11806375442287,multi_prime_family,,multi_prime_family,False
10000000000000000,9999999999614189,29,9999999999614191,1,excluded,composite_obstruction,64,multi_prime_family,7*37*79*643*1459*520963,False,False,7,1428571428516313,multi_prime_family,37,38610038608549,multi_prime_family,79,488734665931,multi_prime_family,,multi_prime_family,False
10000000000000000,9999999999611081,11,9999999999611083,13,excluded,composite_obstruction,128,multi_prime_family,7*11*37*59*109*2777*196541,False,False,7,1428571428515869,multi_prime_family,11,129870129865079,multi_prime_family,37,3510003509867,multi_prime_family,,multi_prime_family,False
10000000000000000,9999999999608747,17,9999999999608749,19,excluded,composite_obstruction,32,multi_prime_family,13^3*439*19853*522251,False,False,13,769230769200673,multi_prime_family,13,59171597630821,multi_prime_family,13,4551661356217,multi_prime_family,,multi_prime_family,False
10000000000000000,9999999999601979,29,9999999999601981,1,excluded,composite_obstruction,64,multi_prime_family,23*31*37*67*4457*1269379,False,False,23,434782608678347,multi_prime_family,31,14025245441237,multi_prime_family,37,379060687601,multi_prime_family,,multi_prime_family,False
10000000000000000,9999999999601169,29,9999999999601171,1,excluded,composite_obstruction,64,multi_prime_family,7*59*97*317*6491*121313,False,False,7,1428571428514453,multi_prime_family,59,24213075059567,multi_prime_family,97,249619330511,multi_prime_family,,multi_prime_family,False
10000000000000000,9999999999600389,29,9999999999600391,1,excluded,composite_obstruction,48,multi_prime_family,11^2*103*449*2699*662107,False,False,11,909090909054581,multi_prime_family,11,82644628095871,multi_prime_family,103,802375030057,multi_prime_family,,multi_prime_family,False
10000000000000000,9999999999599741,11,9999999999599743,13,excluded,composite_obstruction,64,multi_prime_family,7*83*211*461*6163*28711,False,False,7,1428571428514249,multi_prime_family,83,17211703958003,multi_prime_family,211,81572056673,multi_prime_family,,multi_prime_family,False
100000000000000000,99999999999999251,11,99999999999999253,13,excluded,composite_obstruction,64,multi_prime_family,7^3*11*317*146647*570139,False,False,7,14285714285714179,multi_prime_family,7,2040816326530597,multi_prime_family,7,291545189504371,multi_prime_family,,multi_prime_family,False
100000000000000000,99999999999995717,17,99999999999995719,19,excluded,composite_obstruction,64,multi_prime_family,13*37*263*1753*8597*52453,False,False,13,7692307692307363,multi_prime_family,37,207900207900199,multi_prime_family,263,790495087073,multi_prime_family,,multi_prime_family,False
100000000000000000,99999999999995387,17,99999999999995389,19,excluded,composite_obstruction,64,multi_prime_family,7*47*67*131*5503*6293011,False,False,7,14285714285713627,multi_prime_family,47,303951367781141,multi_prime_family,67,4536587578823,multi_prime_family,,multi_prime_family,False
100000000000000000,99999999999994547,17,99999999999994549,19,excluded,composite_obstruction,48,multi_prime_family,7^2*13*359*5261*83118523,False,False,7,14285714285713507,multi_prime_family,7,2040816326530501,multi_prime_family,13,156985871271577,multi_prime_family,,multi_prime_family,False
100000000000000000,99999999999994139,29,99999999999994141,1,excluded,composite_obstruction,64,multi_prime_family,23*263*269*337*7823*23311,False,False,23,4347826086956267,multi_prime_family,263,16531658125309,multi_prime_family,269,61455978161,multi_prime_family,,multi_prime_family,False
100000000000000000,99999999999992849,29,99999999999992851,1,excluded,composite_obstruction,64,multi_prime_family,11*29*47*281*99317*238991,False,False,11,9090909090908441,multi_prime_family,29,313479623824429,multi_prime_family,47,6669779230307,multi_prime_family,,multi_prime_family,False
100000000000000000,99999999999984797,17,99999999999984799,19,excluded,composite_obstruction,48,multi_prime_family,11*13^2*109*4561*108201689,False,False,11,9090909090907709,multi_prime_family,13,699300699300593,multi_prime_family,13,53792361484661,multi_prime_family,,multi_prime_family,False
100000000000000000,99999999999981509,29,99999999999981511,1,excluded,composite_obstruction,64,multi_prime_family,17*19*37*277*2617*11542829,False,False,17,5882352941175383,multi_prime_family,19,309597523219757,multi_prime_family,37,8367500627561,multi_prime_family,,multi_prime_family,False
100000000000000000,99999999999979847,17,99999999999979849,19,excluded,composite_obstruction,72,multi_prime_family,7^2*11^2*277*21503*2831651,False,False,7,14285714285711407,multi_prime_family,7,2040816326530201,multi_prime_family,11,185528756957291,multi_prime_family,,multi_prime_family,False
100000000000000000,99999999999977747,17,99999999999977749,19,excluded,composite_obstruction,64,multi_prime_family,7*19*59*97*787*166935953,False,False,7,14285714285711107,multi_prime_family,19,751879699247953,multi_prime_family,59,12743723716067,multi_prime_family,,multi_prime_family,False
100000000000000000,99999999999973709,29,99999999999973711,1,excluded,composite_obstruction,96,multi_prime_family,11*29*61^2*83*149*6812167,False,False,11,9090909090906701,multi_prime_family,29,313479623824369,multi_prime_family,61,5139010226629,multi_prime_family,,multi_prime_family,False
100000000000000000,99999999999973301,11,99999999999973303,13,excluded,composite_obstruction,64,multi_prime_family,19*23*211*229*503*9415267,False,False,19,5263157894735437,multi_prime_family,23,228832951945019,multi_prime_family,211,1084516359929,multi_prime_family,,multi_prime_family,False
100000000000000000,99999999999972497,17,99999999999972499,19,excluded,composite_obstruction,32,multi_prime_family,7^3*631*821*562773143,False,False,7,14285714285710357,multi_prime_family,7,2040816326530051,multi_prime_family,7,291545189504293,multi_prime_family,,multi_prime_family,False
100000000000000000,99999999999970229,29,99999999999970231,1,excluded,composite_obstruction,48,multi_prime_family,7*29*53^2*22573*7768961,False,False,7,14285714285710033,multi_prime_family,29,492610837438277,multi_prime_family,53,9294544102609,multi_prime_family,,multi_prime_family,False
100000000000000000,99999999999965147,17,99999999999965149,19,excluded,composite_obstruction,48,multi_prime_family,7^2*31*1423*9491*4874447,False,False,7,14285714285709307,multi_prime_family,7,2040816326529901,multi_prime_family,31,65832784726771,multi_prime_family,,multi_prime_family,False
100000000000000000,99999999999962837,17,99999999999962839,19,excluded,composite_obstruction,64,multi_prime_family,7*43*127*937*16573*168457,False,False,7,14285714285708977,multi_prime_family,43,332225913621139,multi_prime_family,127,2615952075757,multi_prime_family,,multi_prime_family,False
100000000000000000,99999999999960149,29,99999999999960151,1,excluded,composite_obstruction,32,multi_prime_family,7^3*13*829319*27042131,False,False,7,14285714285708593,multi_prime_family,7,2040816326529799,multi_prime_family,7,291545189504257,multi_prime_family,,multi_prime_family,False
100000000000000000,99999999999959519,29,99999999999959521,1,excluded,composite_obstruction,96,multi_prime_family,7*11^2*151*193*271*14949031,False,False,7,14285714285708503,multi_prime_family,11,1298701298700773,multi_prime_family,11,118063754427343,multi_prime_family,,multi_prime_family,False
100000000000000000,99999999999957209,29,99999999999957211,1,excluded,composite_obstruction,48,multi_prime_family,7^2*11*463*31253*12821491,False,False,7,14285714285708173,multi_prime_family,7,2040816326529739,multi_prime_family,11,185528756957249,multi_prime_family,,multi_prime_family,False
100000000000000000,99999999999944117,17,99999999999944119,19,excluded,composite_obstruction,64,multi_prime_family,19*59*151*1321*5443*82163,False,False,19,5263157894733901,multi_prime_family,59,89206066012439,multi_prime_family,151,590768649089,multi_prime_family,,multi_prime_family,False
100000000000000000,99999999999939569,29,99999999999939571,1,excluded,composite_obstruction,32,multi_prime_family,7^3*71*6761*607346587,False,False,7,14285714285705653,multi_prime_family,7,2040816326529379,multi_prime_family,7,291545189504197,multi_prime_family,,multi_prime_family,False
100000000000000000,99999999999932447,17,99999999999932449,19,excluded,composite_obstruction,48,multi_prime_family,17^2*37*137*163*418786103,False,False,17,5882352941172497,multi_prime_family,17,346020761245441,multi_prime_family,37,9351912466093,multi_prime_family,,multi_prime_family,False
100000000000000000,99999999999930887,17,99999999999930889,19,excluded,composite_obstruction,64,multi_prime_family,61*89*167*313*1553*226907,False,False,61,1639344262293949,multi_prime_family,89,18419598452741,multi_prime_family,167,110296996723,multi_prime_family,,multi_prime_family,False
100000000000000000,99999999999929069,29,99999999999929071,1,excluded,composite_obstruction,48,multi_prime_family,7*19^2*2053*4733*4072577,False,False,7,14285714285704153,multi_prime_family,19,751879699247587,multi_prime_family,19,39572615749873,multi_prime_family,,multi_prime_family,False
100000000000000000,99999999999925001,11,99999999999925003,13,excluded,composite_obstruction,128,multi_prime_family,11*17*23*59*277*2531*562091,False,False,11,9090909090902273,multi_prime_family,17,534759358288369,multi_prime_family,23,23250406882103,multi_prime_family,,multi_prime_family,False
100000000000000000,99999999999918461,11,99999999999918463,13,excluded,composite_obstruction,64,multi_prime_family,31*37*43*659*16339*188303,False,False,31,3225806451610273,multi_prime_family,37,87183958151629,multi_prime_family,43,2027533910503,multi_prime_family,,multi_prime_family,False
100000000000000000,99999999999917411,11,99999999999917413,13,excluded,composite_obstruction,48,multi_prime_family,11^2*23*251*1039*137783599,False,False,11,9090909090901583,multi_prime_family,11,826446280991053,multi_prime_family,23,35932446999611,multi_prime_family,,multi_prime_family,False
100000000000000000,99999999999915299,29,99999999999915301,1,excluded,composite_obstruction,64,multi_prime_family,11*13*31*47*2939*163307009,False,False,11,9090909090901391,multi_prime_family,13,699300699300107,multi_prime_family,31,22558087074197,multi_prime_family,,multi_prime_family,False
100000000000000000,99999999999913271,11,99999999999913273,13,excluded,composite_obstruction,64,multi_prime_family,13*17*23*1151*51059*334759,False,False,13,7692307692301021,multi_prime_family,17,452488687782413,multi_prime_family,23,19673421207931,multi_prime_family,,multi_prime_family,False
100000000000000000,99999999999913067,17,99999999999913069,19,excluded,composite_obstruction,64,multi_prime_family,7*17*31*103*3581*73493647,False,False,7,14285714285701867,multi_prime_family,17,840336134453051,multi_prime_family,31,27107617240421,multi_prime_family,,multi_prime_family,False
100000000000000000,99999999999903701,11,99999999999903703,13,excluded,composite_obstruction,48,multi_prime_family,7^2*73*109*179*1432852649,False,False,7,14285714285700529,multi_prime_family,7,2040816326528647,multi_prime_family,73,27956388034639,multi_prime_family,,multi_prime_family,False
100000000000000000,99999999999903677,17,99999999999903679,19,excluded,composite_obstruction,32,multi_prime_family,13^3*137*102433*3243467,False,False,13,7692307692300283,multi_prime_family,13,591715976330791,multi_prime_family,13,45516613563907,multi_prime_family,,multi_prime_family,False
100000000000000000,99999999999902507,17,99999999999902509,19,excluded,composite_obstruction,64,multi_prime_family,13*19*23*71*388991*637349,False,False,13,7692307692300193,multi_prime_family,19,404858299594747,multi_prime_family,23,17602534764989,multi_prime_family,,multi_prime_family,False
100000000000000000,99999999999902441,11,99999999999902443,13,excluded,composite_obstruction,64,multi_prime_family,7*41*151*191*18793*642853,False,False,7,14285714285700349,multi_prime_family,41,348432055748789,multi_prime_family,151,2307497057939,multi_prime_family,,multi_prime_family,False
100000000000000000,99999999999900479,29,99999999999900481,1,excluded,composite_obstruction,64,multi_prime_family,13*37*179*229*28307*179173,False,False,13,7692307692300037,multi_prime_family,37,207900207900001,multi_prime_family,179,1161453675419,multi_prime_family,,multi_prime_family,False
100000000000000000,99999999999899777,17,99999999999899779,19,excluded,composite_obstruction,64,multi_prime_family,13*61*109*293*347*11378977,False,False,13,7692307692299983,multi_prime_family,61,126103404791803,multi_prime_family,109,1156911970567,multi_prime_family,,multi_prime_family,False
100000000000000000,99999999999893537,17,99999999999893539,19,excluded,composite_obstruction,96,multi_prime_family,7*13^2*23*31*11311*10481531,False,False,7,14285714285699077,multi_prime_family,13,1098901098899929,multi_prime_family,13,84530853761533,multi_prime_family,,multi_prime_family,False
100000000000000000,99999999999892991,11,99999999999892993,13,excluded,composite_obstruction,128,multi_prime_family,7*11*13*137*631*1949*592931,False,False,7,14285714285698999,multi_prime_family,11,1298701298699909,multi_prime_family,13,99900099899993,multi_prime_family,,multi_prime_family,False
100000000000000000,99999999999886061,11,99999999999886063,13,excluded,composite_obstruction,128,multi_prime_family,7^3*11*59*83*389*13913407,False,False,7,14285714285698009,multi_prime_family,7,2040816326528287,multi_prime_family,7,291545189504041,multi_prime_family,,multi_prime_family,False
100000000000000000,99999999999885347,17,99999999999885349,19,excluded,composite_obstruction,64,multi_prime_family,7*13*131*569*1249*11803549,False,False,7,14285714285697907,multi_prime_family,13,1098901098899839,multi_prime_family,131,8388558006869,multi_prime_family,,multi_prime_family,False
100000000000000000,99999999999882497,17,99999999999882499,19,excluded,composite_obstruction,64,multi_prime_family,11*23*37*1289*16091*515041,False,False,11,9090909090898409,multi_prime_family,23,395256916995583,multi_prime_family,37,10682619378259,multi_prime_family,,multi_prime_family,False
100000000000000000,99999999999879599,29,99999999999879601,1,excluded,composite_obstruction,48,multi_prime_family,23^2*53*653*1759*3105199,False,False,23,4347826086951287,multi_prime_family,23,189035916823969,multi_prime_family,53,3566715411773,multi_prime_family,,multi_prime_family,False
100000000000000000,99999999999878357,17,99999999999878359,19,excluded,composite_obstruction,64,multi_prime_family,23*29*47*1129*29209*96731,False,False,23,4347826086951233,multi_prime_family,29,149925037481077,multi_prime_family,47,3189894414491,multi_prime_family,,multi_prime_family,False
100000000000000000,99999999999876149,29,99999999999876151,1,excluded,composite_obstruction,64,multi_prime_family,7*23*43*59*1741*140622523,False,False,7,14285714285696593,multi_prime_family,23,621118012421591,multi_prime_family,43,14444604940037,multi_prime_family,,multi_prime_family,False
100000000000000000,99999999999874889,29,99999999999874891,1,excluded,composite_obstruction,48,multi_prime_family,7^2*41*61*40771*20014229,False,False,7,14285714285696413,multi_prime_family,7,2040816326528059,multi_prime_family,41,49776007964099,multi_prime_family,,multi_prime_family,False
100000000000000000,99999999999872537,17,99999999999872539,19,excluded,composite_obstruction,48,multi_prime_family,7^2*43*619*205759*372637,False,False,7,14285714285696077,multi_prime_family,7,2040816326528011,multi_prime_family,43,47460844802977,multi_prime_family,,multi_prime_family,False
100000000000000000,99999999999867167,17,99999999999867169,19,excluded,composite_obstruction,64,multi_prime_family,17*19*97*911*1319*2656211,False,False,17,5882352941168657,multi_prime_family,19,309597523219403,multi_prime_family,97,3191727043499,multi_prime_family,,multi_prime_family,False
100000000000000000,99999999999864011,11,99999999999864013,13,excluded,composite_obstruction,48,multi_prime_family,7^2*199*1637*15193*412343,False,False,7,14285714285694859,multi_prime_family,7,2040816326527837,multi_prime_family,199,10255358424763,multi_prime_family,,multi_prime_family,False
100000000000000000,99999999999863291,11,99999999999863293,13,excluded,composite_obstruction,64,multi_prime_family,11*17*19*1291*35267*618173,False,False,11,9090909090896663,multi_prime_family,17,534759358288039,multi_prime_family,19,28145229383581,multi_prime_family,,multi_prime_family,False
100000000000000000,99999999999863129,29,99999999999863131,1,excluded,composite_obstruction,48,multi_prime_family,7^2*47*67*457*1418126783,False,False,7,14285714285694733,multi_prime_family,7,2040816326527819,multi_prime_family,47,43421623968677,multi_prime_family,,multi_prime_family,False
100000000000000000,99999999999862961,11,99999999999862963,13,excluded,composite_obstruction,48,multi_prime_family,7*11^2*13*37*245454790909,False,False,7,14285714285694709,multi_prime_family,11,1298701298699519,multi_prime_family,11,118063754427229,multi_prime_family,,multi_prime_family,False
100000000000000000,99999999999860057,17,99999999999860059,19,excluded,composite_obstruction,48,multi_prime_family,11^2*31*227*2333*50339899,False,False,11,9090909090896369,multi_prime_family,11,826446280990579,multi_prime_family,31,26659557451309,multi_prime_family,,multi_prime_family,False
100000000000000000,99999999999855701,11,99999999999855703,13,excluded,composite_obstruction,96,multi_prime_family,11^2*41*149*3413*4513*8783,False,False,11,9090909090895973,multi_prime_family,11,826446280990543,multi_prime_family,41,20157226365623,multi_prime_family,,multi_prime_family,False
100000000000000000,99999999999854621,11,99999999999854623,13,excluded,composite_obstruction,64,multi_prime_family,17*23*337*569*4177*319313,False,False,17,5882352941167919,multi_prime_family,23,255754475702953,multi_prime_family,337,758915358169,multi_prime_family,,multi_prime_family,False
100000000000000000,99999999999849641,11,99999999999849643,13,excluded,composite_obstruction,64,multi_prime_family,31*37*229*251*16333*92867,False,False,31,3225806451608053,multi_prime_family,37,87183958151569,multi_prime_family,229,380715974461,multi_prime_family,,multi_prime_family,False
100000000000000000,99999999999847289,29,99999999999847291,1,excluded,composite_obstruction,64,multi_prime_family,157*659*677*743*1181*1627,False,False,157,636942675158263,multi_prime_family,659,966529097357,multi_prime_family,677,1427664841,multi_prime_family,,multi_prime_family,False
100000000000000000,99999999999846959,29,99999999999846961,1,excluded,composite_obstruction,32,multi_prime_family,7^3*137*357703*5949257,False,False,7,14285714285692423,multi_prime_family,7,2040816326527489,multi_prime_family,7,291545189503927,multi_prime_family,,multi_prime_family,False
100000000000000000,99999999999845447,17,99999999999845449,19,excluded,composite_obstruction,64,multi_prime_family,7*43*73*89*5653*9045689,False,False,7,14285714285692207,multi_prime_family,43,332225913620749,multi_prime_family,73,4551039912613,multi_prime_family,,multi_prime_family,False
100000000000000000,99999999999840851,11,99999999999840853,13,excluded,composite_obstruction,64,multi_prime_family,11*17*47*61*113*1650639589,False,False,11,9090909090894623,multi_prime_family,17,534759358287919,multi_prime_family,47,11377858686977,multi_prime_family,,multi_prime_family,False
100000000000000000,99999999999835037,17,99999999999835039,19,excluded,composite_obstruction,64,multi_prime_family,13*17*41*577*1427*13403681,False,False,13,7692307692295003,multi_prime_family,17,452488687782059,multi_prime_family,41,11036309458099,multi_prime_family,,multi_prime_family,False
100000000000000000,99999999999828407,17,99999999999828409,19,excluded,composite_obstruction,96,multi_prime_family,13*17^2*19*61*173*132748391,False,False,13,7692307692294493,multi_prime_family,17,452488687782029,multi_prime_family,17,26616981634237,multi_prime_family,,multi_prime_family,False
100000000000000000,99999999999825539,29,99999999999825541,1,excluded,composite_obstruction,64,multi_prime_family,7*11*53*907*53117*508619,False,False,7,14285714285689363,multi_prime_family,11,1298701298699033,multi_prime_family,53,24503798088661,multi_prime_family,,multi_prime_family,False
100000000000000000,99999999999823229,29,99999999999823231,1,excluded,composite_obstruction,128,multi_prime_family,7*11*31*41*79*15991*808837,False,False,7,14285714285689033,multi_prime_family,11,1298701298699003,multi_prime_family,31,41893590280613,multi_prime_family,,multi_prime_family,False
100000000000000000,99999999999821567,17,99999999999821569,19,excluded,composite_obstruction,64,multi_prime_family,19*71*139*3259*4243*38567,False,False,19,5263157894727451,multi_prime_family,71,74128984432781,multi_prime_family,139,533302046279,multi_prime_family,,multi_prime_family,False
100000000000000000,99999999999821381,11,99999999999821383,13,excluded,composite_obstruction,48,multi_prime_family,7^2*11*211*2237*393063571,False,False,7,14285714285688769,multi_prime_family,7,2040816326526967,multi_prime_family,11,185528756956997,multi_prime_family,,multi_prime_family,False
100000000000000000,99999999999818441,11,99999999999818443,13,excluded,composite_obstruction,48,multi_prime_family,7^2*859*1789*3391*391627,False,False,7,14285714285688349,multi_prime_family,7,2040816326526907,multi_prime_family,859,2375804803873,multi_prime_family,,multi_prime_family,False
100000000000000000,99999999999816551,11,99999999999816553,13,excluded,composite_obstruction,64,multi_prime_family,7*13*19*43*131837*10202327,False,False,7,14285714285688079,multi_prime_family,13,1098901098899083,multi_prime_family,19,57836899942057,multi_prime_family,,multi_prime_family,False
100000000000000000,99999999999810761,11,99999999999810763,13,excluded,composite_obstruction,64,multi_prime_family,17*173*191*233*281*2719001,False,False,17,5882352941165339,multi_prime_family,173,34002040122343,multi_prime_family,191,178021152473,multi_prime_family,,multi_prime_family,False
100000000000000000,99999999999805379,29,99999999999805381,1,excluded,composite_obstruction,64,multi_prime_family,7*19*71*439*28151*856903,False,False,7,14285714285686483,multi_prime_family,19,751879699246657,multi_prime_family,71,10589854918967,multi_prime_family,,multi_prime_family,False
100000000000000000,99999999999803447,17,99999999999803449,19,excluded,composite_obstruction,48,multi_prime_family,7^2*13*2161*123341*588977,False,False,7,14285714285686207,multi_prime_family,7,2040816326526601,multi_prime_family,13,156985871271277,multi_prime_family,,multi_prime_family,False
100000000000000000,99999999999800249,29,99999999999800251,1,excluded,composite_obstruction,72,multi_prime_family,13^2*19*23^2*4127*14264927,False,False,13,7692307692292327,multi_prime_family,13,591715976330179,multi_prime_family,19,31142946122641,multi_prime_family,,multi_prime_family,False
100000000000000000,99999999999798317,17,99999999999798319,19,excluded,composite_obstruction,128,multi_prime_family,17*23*29*479*2389*2633*2927,False,False,17,5882352941164607,multi_prime_family,23,255754475702809,multi_prime_family,29,8819119851821,multi_prime_family,,multi_prime_family,False
100000000000000000,99999999999795677,17,99999999999795679,19,excluded,composite_obstruction,64,multi_prime_family,7*41*347*2221*4423*102217,False,False,7,14285714285685097,multi_prime_family,41,348432055748417,multi_prime_family,347,1004126961811,multi_prime_family,,multi_prime_family,False
100000000000000000,99999999999788159,29,99999999999788161,1,excluded,composite_obstruction,48,multi_prime_family,7^2*13*313*149689*3350629,False,False,7,14285714285684023,multi_prime_family,7,2040816326526289,multi_prime_family,13,156985871271253,multi_prime_family,,multi_prime_family,False
100000000000000000,99999999999787691,11,99999999999787693,13,excluded,composite_obstruction,64,multi_prime_family,13*23*383*4241*7873*26153,False,False,13,7692307692291361,multi_prime_family,23,334448160534407,multi_prime_family,383,873232795129,multi_prime_family,,multi_prime_family,False
100000000000000000,99999999999784571,11,99999999999784573,13,excluded,composite_obstruction,64,multi_prime_family,13*29*89*701*5081*836761,False,False,13,7692307692291121,multi_prime_family,29,265251989389349,multi_prime_family,89,2980359431341,multi_prime_family,,multi_prime_family,False
100000000000000000,99999999999780431,11,99999999999780433,13,excluded,composite_obstruction,64,multi_prime_family,7*43*199*1249*11273*118571,False,False,7,14285714285682919,multi_prime_family,43,332225913620533,multi_prime_family,199,1669476952867,multi_prime_family,,multi_prime_family,False
100000000000000000,99999999999779549,29,99999999999779551,1,excluded,composite_obstruction,64,multi_prime_family,7*17*23*449*3221*25263187,False,False,7,14285714285682793,multi_prime_family,17,840336134451929,multi_prime_family,23,36536353671823,multi_prime_family,,multi_prime_family,False
100000000000000000,99999999999779339,29,99999999999779341,1,excluded,composite_obstruction,48,multi_prime_family,7^2*11*331*401*1397780149,False,False,7,14285714285682763,multi_prime_family,7,2040816326526109,multi_prime_family,11,185528756956919,multi_prime_family,,multi_prime_family,False
100000000000000000,99999999999778457,17,99999999999778459,19,excluded,composite_obstruction,96,multi_prime_family,7^2*41*947*1453*4967*7283,False,False,7,14285714285682637,multi_prime_family,7,2040816326526091,multi_prime_family,41,49776007964051,multi_prime_family,,multi_prime_family,False
100000000000000000,99999999999778121,11,99999999999778123,13,excluded,composite_obstruction,64,multi_prime_family,7*17^3*97*1297*23112317,False,False,7,14285714285682589,multi_prime_family,17,840336134451917,multi_prime_family,17,49431537320701,multi_prime_family,,multi_prime_family,False
100000000000000000,99999999999774857,17,99999999999774859,19,excluded,composite_obstruction,72,multi_prime_family,17*23^2*223^2*347*644401,False,False,17,5882352941163227,multi_prime_family,23,255754475702749,multi_prime_family,23,11119759813163,multi_prime_family,,multi_prime_family,False
100000000000000000,99999999999774029,29,99999999999774031,1,excluded,composite_obstruction,128,multi_prime_family,19*23*41*139*389*1039*99347,False,False,19,5263157894724949,multi_prime_family,23,228832951944563,multi_prime_family,41,5581291510843,multi_prime_family,,multi_prime_family,False
100000000000000000,99999999999772409,29,99999999999772411,1,excluded,composite_obstruction,128,multi_prime_family,7*11*17*61*751*26717*62417,False,False,7,14285714285681773,multi_prime_family,11,1298701298698343,multi_prime_family,17,76394194041079,multi_prime_family,,multi_prime_family,False
100000000000000000,99999999999765059,29,99999999999765061,1,excluded,composite_obstruction,64,multi_prime_family,7*23*37*503*42793*779887,False,False,7,14285714285680723,multi_prime_family,23,621118012420901,multi_prime_family,37,16786973308673,multi_prime_family,,multi_prime_family,False
100000000000000000,99999999999763631,11,99999999999763633,13,excluded,composite_obstruction,64,multi_prime_family,7*11*71*337*44851*1210177,False,False,7,14285714285680519,multi_prime_family,11,1298701298698229,multi_prime_family,71,18291567587299,multi_prime_family,,multi_prime_family,False
100000000000000000,99999999999760781,11,99999999999760783,13,excluded,composite_obstruction,48,multi_prime_family,13*17^2*23*346397*3340849,False,False,13,7692307692289291,multi_prime_family,17,452488687781723,multi_prime_family,17,26616981634219,multi_prime_family,,multi_prime_family,False
100000000000000000,99999999999758129,29,99999999999758131,1,excluded,composite_obstruction,128,multi_prime_family,7*13*17*31*743*1049*2675369,False,False,7,14285714285679733,multi_prime_family,13,1098901098898441,multi_prime_family,17,64641241111673,multi_prime_family,,multi_prime_family,False
100000000000000000,99999999999749771,11,99999999999749773,13,excluded,composite_obstruction,64,multi_prime_family,7*11*29*59*6971*108884029,False,False,7,14285714285678539,multi_prime_family,11,1298701298698049,multi_prime_family,29,44782803403381,multi_prime_family,,multi_prime_family,False
100000000000000000,99999999999749357,17,99999999999749359,19,excluded,composite_obstruction,64,multi_prime_family,17*109*1019*2293*4217*5477,False,False,17,5882352941161727,multi_prime_family,109,53966540744603,multi_prime_family,1019,52960295137,multi_prime_family,,multi_prime_family,False
100000000000000000,99999999999744059,29,99999999999744061,1,excluded,composite_obstruction,32,multi_prime_family,7^3*1201*59221*4099087,False,False,7,14285714285677723,multi_prime_family,7,2040816326525389,multi_prime_family,7,291545189503627,multi_prime_family,,multi_prime_family,False
100000000000000000,99999999999742859,29,99999999999742861,1,excluded,composite_obstruction,64,multi_prime_family,37*53*1039*1069*5119*8969,False,False,37,2702702702695753,multi_prime_family,53,50994390616901,multi_prime_family,1039,49080260459,multi_prime_family,,multi_prime_family,False
100000000000000000,99999999999738221,11,99999999999738223,13,excluded,composite_obstruction,64,multi_prime_family,7*11*359*1193*38677*78401,False,False,7,14285714285676889,multi_prime_family,11,1298701298697899,multi_prime_family,359,3617552364061,multi_prime_family,,multi_prime_family,False
100000000000000000,99999999999733871,11,99999999999733873,13,excluded,composite_obstruction,64,multi_prime_family,13*23*233*277*829*6250843,False,False,13,7692307692287221,multi_prime_family,23,334448160534227,multi_prime_family,233,1435399830619,multi_prime_family,,multi_prime_family,False
100000000000000000,99999999999731717,17,99999999999731719,19,excluded,composite_obstruction,64,multi_prime_family,31*41*47*59*569*49864597,False,False,31,3225806451604249,multi_prime_family,41,78678206136689,multi_prime_family,47,1674004385887,multi_prime_family,,multi_prime_family,False
100000000000000000,99999999999729569,29,99999999999729571,1,excluded,composite_obstruction,48,multi_prime_family,7*17^2*19*89*29232133247,False,False,7,14285714285675653,multi_prime_family,17,840336134451509,multi_prime_family,17,49431537320677,multi_prime_family,,multi_prime_family,False
100000000000000000,99999999999729377,17,99999999999729379,19,excluded,composite_obstruction,48,multi_prime_family,11^2*73*79*38953*3678949,False,False,11,9090909090884489,multi_prime_family,11,826446280989499,multi_prime_family,73,11321181931363,multi_prime_family,,multi_prime_family,False
100000000000000000,99999999999724211,11,99999999999724213,13,excluded,composite_obstruction,64,multi_prime_family,19*23*37*83*107*696393917,False,False,19,5263157894722327,multi_prime_family,23,228832951944449,multi_prime_family,37,6184674376877,multi_prime_family,,multi_prime_family,False
100000000000000000,99999999999721001,11,99999999999721003,13,excluded,composite_obstruction,64,multi_prime_family,7*13*17*47*107*12853696781,False,False,7,14285714285674429,multi_prime_family,13,1098901098898033,multi_prime_family,17,64641241111649,multi_prime_family,,multi_prime_family,False
100000000000000000,99999999999718397,17,99999999999718399,19,excluded,composite_obstruction,48,multi_prime_family,7*19*103^2*2251*31484617,False,False,7,14285714285674057,multi_prime_family,19,751879699246003,multi_prime_family,103,7299802905301,multi_prime_family,,multi_prime_family,False
100000000000000000,99999999999717101,11,99999999999717103,13,excluded,composite_obstruction,48,multi_prime_family,11*13^2*53*128813*7879253,False,False,11,9090909090883373,multi_prime_family,13,699300699298721,multi_prime_family,13,53792361484517,multi_prime_family,,multi_prime_family,False
100000000000000000,99999999999713777,17,99999999999713779,19,excluded,composite_obstruction,48,multi_prime_family,7^2*37*661*4091*20397233,False,False,7,14285714285673397,multi_prime_family,7,2040816326524771,multi_prime_family,37,55157198014183,multi_prime_family,,multi_prime_family,False
100000000000000000,99999999999712811,11,99999999999712813,13,excluded,composite_obstruction,64,multi_prime_family,7*11*13*19*10223*514320649,False,False,7,14285714285673259,multi_prime_family,11,1298701298697569,multi_prime_family,13,99900099899813,multi_prime_family,,multi_prime_family,False
100000000000000000,99999999999712577,17,99999999999712579,19,excluded,composite_obstruction,48,multi_prime_family,13*43^2*839*10589*468277,False,False,13,7692307692285583,multi_prime_family,43,178890876564781,multi_prime_family,43,4160252943367,multi_prime_family,,multi_prime_family,False
100000000000000000,99999999999711089,29,99999999999711091,1,excluded,composite_obstruction,64,multi_prime_family,7*197*251*1483*2693*72341,False,False,7,14285714285673013,multi_prime_family,197,72516316170929,multi_prime_family,251,288909626179,multi_prime_family,,multi_prime_family,False
100000000000000000,99999999999708707,17,99999999999708709,19,excluded,composite_obstruction,128,multi_prime_family,19*29*43*59*211*233*1455089,False,False,19,5263157894721511,multi_prime_family,29,181488203266259,multi_prime_family,43,4220655889913,multi_prime_family,,multi_prime_family,False
100000000000000000,99999999999708359,29,99999999999708361,1,excluded,composite_obstruction,64,multi_prime_family,7*29*61*67*2677*45024713,False,False,7,14285714285672623,multi_prime_family,29,492610837436987,multi_prime_family,61,8075587498967,multi_prime_family,,multi_prime_family,False
100000000000000000,99999999999706721,11,99999999999706723,13,excluded,composite_obstruction,48,multi_prime_family,7^2*17*547*323087*679279,False,False,7,14285714285672389,multi_prime_family,7,2040816326524627,multi_prime_family,17,120048019207331,multi_prime_family,,multi_prime_family,False
100000000000000000,99999999999705857,17,99999999999705859,19,excluded,composite_obstruction,64,multi_prime_family,19*23*331*5527*5737*21803,False,False,19,5263157894721361,multi_prime_family,23,228832951944407,multi_prime_family,331,691338223397,multi_prime_family,,multi_prime_family,False
100000000000000000,99999999999703967,17,99999999999703969,19,excluded,composite_obstruction,96,multi_prime_family,11^2*17*61*1867*9349*45659,False,False,11,9090909090882179,multi_prime_family,11,826446280989289,multi_prime_family,17,48614487117017,multi_prime_family,,multi_prime_family,False
100000000000000000,99999999999689687,17,99999999999689689,19,excluded,composite_obstruction,32,multi_prime_family,17^3*199*1399*73110953,False,False,17,5882352941158217,multi_prime_family,17,346020761244601,multi_prime_family,17,20354162426153,multi_prime_family,,multi_prime_family,False
100000000000000000,99999999999685469,29,99999999999685471,1,excluded,composite_obstruction,64,multi_prime_family,7*41*47*127*1123*51980059,False,False,7,14285714285669353,multi_prime_family,41,348432055748033,multi_prime_family,47,7413447994639,multi_prime_family,,multi_prime_family,False
100000000000000000,99999999999677909,29,99999999999677911,1,excluded,composite_obstruction,48,multi_prime_family,7^2*29*59*359*3322457711,False,False,7,14285714285668273,multi_prime_family,7,2040816326524039,multi_prime_family,29,70372976776691,multi_prime_family,,multi_prime_family,False
100000000000000000,99999999999677237,17,99999999999677239,19,excluded,composite_obstruction,64,multi_prime_family,7*11*79*89*373*495203089,False,False,7,14285714285668177,multi_prime_family,11,1298701298697107,multi_prime_family,79,16439256945533,multi_prime_family,,multi_prime_family,False
100000000000000000,99999999999667961,11,99999999999667963,13,excluded,composite_obstruction,64,multi_prime_family,13*17*113*149*17977*1494947,False,False,13,7692307692282151,multi_prime_family,17,452488687781303,multi_prime_family,113,4004324670631,multi_prime_family,,multi_prime_family,False
100000000000000000,99999999999667619,29,99999999999667621,1,excluded,composite_obstruction,48,multi_prime_family,7^2*73*773*15263*2369527,False,False,7,14285714285666803,multi_prime_family,7,2040816326523829,multi_prime_family,73,27956388034573,multi_prime_family,,multi_prime_family,False
100000000000000000,99999999999667337,17,99999999999667339,19,excluded,composite_obstruction,64,multi_prime_family,11*13*547*557*10343*221909,False,False,11,9090909090878849,multi_prime_family,13,699300699298373,multi_prime_family,547,1278429066359,multi_prime_family,,multi_prime_family,False
100000000000000000,99999999999665159,29,99999999999665161,1,excluded,composite_obstruction,64,multi_prime_family,11*19*37*617*90239*232259,False,False,11,9090909090878651,multi_prime_family,19,478468899519929,multi_prime_family,37,12931591878917,multi_prime_family,,multi_prime_family,False
100000000000000000,99999999999664991,11,99999999999664993,13,excluded,composite_obstruction,64,multi_prime_family,73*109*181*197*10477*33641,False,False,73,1369863013694041,multi_prime_family,109,12567550584349,multi_prime_family,181,69433981129,multi_prime_family,,multi_prime_family,False
100000000000000000,99999999999654899,29,99999999999654901,1,excluded,composite_obstruction,64,multi_prime_family,19*31*59*607*25373*186841,False,False,19,5263157894718679,multi_prime_family,31,169779286926409,multi_prime_family,59,2877615032651,multi_prime_family,,multi_prime_family,False
100000000000000000,99999999999654389,29,99999999999654391,1,excluded,composite_obstruction,48,multi_prime_family,7^2*13*2011*9857*7919609,False,False,7,14285714285664913,multi_prime_family,7,2040816326523559,multi_prime_family,13,156985871271043,multi_prime_family,,multi_prime_family,False
100000000000000000,99999999999651431,11,99999999999651433,13,excluded,composite_obstruction,64,multi_prime_family,11*43*139*809*3191*589181,False,False,11,9090909090877403,multi_prime_family,43,211416490485521,multi_prime_family,139,1520981945939,multi_prime_family,,multi_prime_family,False
100000000000000000,99999999999651071,11,99999999999651073,13,excluded,composite_obstruction,96,multi_prime_family,7*23^2*89*283*15607*68699,False,False,7,14285714285664439,multi_prime_family,23,621118012420193,multi_prime_family,23,27005130974791,multi_prime_family,,multi_prime_family,False
100000000000000000,99999999999648761,11,99999999999648763,13,excluded,composite_obstruction,64,multi_prime_family,7*31*131*151*37589*619771,False,False,7,14285714285664109,multi_prime_family,31,460829493085939,multi_prime_family,131,3517782389969,multi_prime_family,,multi_prime_family,False
100000000000000000,99999999999646157,17,99999999999646159,19,excluded,composite_obstruction,48,multi_prime_family,7^2*31*73*11701*77071957,False,False,7,14285714285663737,multi_prime_family,7,2040816326523391,multi_prime_family,31,65832784726561,multi_prime_family,,multi_prime_family,False
100000000000000000,99999999999644279,29,99999999999644281,1,excluded,composite_obstruction,64,multi_prime_family,53*59*283*2711*4099*10169,False,False,53,1886792452823477,multi_prime_family,59,31979533098703,multi_prime_family,283,113001883741,multi_prime_family,,multi_prime_family,False
100000000000000000,99999999999633809,29,99999999999633811,1,excluded,composite_obstruction,96,multi_prime_family,7^2*11*19*41*12157*19590583,False,False,7,14285714285661973,multi_prime_family,7,2040816326523139,multi_prime_family,11,185528756956649,multi_prime_family,,multi_prime_family,False
100000000000000000,99999999999628811,11,99999999999628813,13,excluded,composite_obstruction,32,multi_prime_family,7^3*467*208799*2989927,False,False,7,14285714285661259,multi_prime_family,7,2040816326523037,multi_prime_family,7,291545189503291,multi_prime_family,,multi_prime_family,False
100000000000000000,99999999999626921,11,99999999999626923,13,excluded,composite_obstruction,128,multi_prime_family,7*23*41*43*3821*4793*19237,False,False,7,14285714285660989,multi_prime_family,23,621118012420043,multi_prime_family,41,15149219815123,multi_prime_family,,multi_prime_family,False
100000000000000000,99999999999624107,17,99999999999624109,19,excluded,composite_obstruction,36,multi_prime_family,7^2*11^2*1380763*12215167,False,False,7,14285714285660587,multi_prime_family,7,2040816326522941,multi_prime_family,11,185528756956631,multi_prime_family,,multi_prime_family,False
100000000000000000,99999999999623891,11,99999999999623893,13,excluded,composite_obstruction,64,multi_prime_family,13*19*97*113*557*66312847,False,False,13,7692307692278761,multi_prime_family,19,404858299593619,multi_prime_family,97,4173796903027,multi_prime_family,,multi_prime_family,False
100000000000000000,99999999999623309,29,99999999999623311,1,excluded,composite_obstruction,64,multi_prime_family,7*43*97*263*8231*1582171,False,False,7,14285714285660473,multi_prime_family,43,332225913620011,multi_prime_family,97,3425009418763,multi_prime_family,,multi_prime_family,False
100000000000000000,99999999999622091,11,99999999999622093,13,excluded,composite_obstruction,64,multi_prime_family,7*23*37*337*2333*21351469,False,False,7,14285714285660299,multi_prime_family,23,621118012420013,multi_prime_family,37,16786973308649,multi_prime_family,,multi_prime_family,False
100000000000000000,99999999999622049,29,99999999999622051,1,excluded,composite_obstruction,48,multi_prime_family,7^2*499*593*3049*2261993,False,False,7,14285714285660293,multi_prime_family,7,2040816326522899,multi_prime_family,499,4089812277601,multi_prime_family,,multi_prime_family,False
100000000000000000,99999999999615659,29,99999999999615661,1,excluded,composite_obstruction,64,multi_prime_family,11*53*199*977*7741*113969,False,False,11,9090909090874151,multi_prime_family,53,171526586620267,multi_prime_family,199,861942646333,multi_prime_family,,multi_prime_family,False
100000000000000000,99999999999602561,11,99999999999602563,13,excluded,composite_obstruction,64,multi_prime_family,7*47*439*599*12143*95189,False,False,7,14285714285657509,multi_prime_family,47,303951367779947,multi_prime_family,439,692372136173,multi_prime_family,,multi_prime_family,False
100000000000000000,99999999999599621,11,99999999999599623,13,excluded,composite_obstruction,64,multi_prime_family,7*11*17*71*577*1864773941,False,False,7,14285714285657089,multi_prime_family,11,1298701298696099,multi_prime_family,17,76394194040947,multi_prime_family,,multi_prime_family,False
100000000000000000,99999999999595187,17,99999999999595189,19,excluded,composite_obstruction,64,multi_prime_family,13*41*43*467*92861*100613,False,False,13,7692307692276553,multi_prime_family,41,187617260787233,multi_prime_family,43,4363192111331,multi_prime_family,,multi_prime_family,False
100000000000000000,99999999999594341,11,99999999999594343,13,excluded,composite_obstruction,80,multi_prime_family,11^4*37*863*1097*194989,False,False,11,9090909090872213,multi_prime_family,11,826446280988383,multi_prime_family,11,75131480089853,multi_prime_family,,multi_prime_family,False
100000000000000000,99999999999593867,17,99999999999593869,19,excluded,composite_obstruction,128,multi_prime_family,7*29*101*269*911*3739*5323,False,False,7,14285714285656267,multi_prime_family,29,492610837436423,multi_prime_family,101,4877335024123,multi_prime_family,,multi_prime_family,False
100000000000000000,99999999999592691,11,99999999999592693,13,excluded,composite_obstruction,64,multi_prime_family,7*11*13*47*697733*3046343,False,False,7,14285714285656099,multi_prime_family,11,1298701298696009,multi_prime_family,13,99900099899693,multi_prime_family,,multi_prime_family,False
100000000000000000,99999999999590849,29,99999999999590851,1,excluded,composite_obstruction,48,multi_prime_family,17^2*769*1259*1283*278563,False,False,17,5882352941152403,multi_prime_family,17,346020761244259,multi_prime_family,769,449961978211,multi_prime_family,,multi_prime_family,False
100000000000000000,99999999999587651,11,99999999999587653,13,excluded,composite_obstruction,32,multi_prime_family,7^3*79*363773*10144913,False,False,7,14285714285655379,multi_prime_family,7,2040816326522197,multi_prime_family,7,291545189503171,multi_prime_family,,multi_prime_family,False
100000000000000000,99999999999587381,11,99999999999587383,13,excluded,composite_obstruction,48,multi_prime_family,17^2*31*103*443*244624253,False,False,17,5882352941152199,multi_prime_family,17,346020761244247,multi_prime_family,31,11161960040137,multi_prime_family,,multi_prime_family,False
100000000000000000,99999999999585797,17,99999999999585799,19,excluded,composite_obstruction,64,multi_prime_family,23*179*197*269*853*537343,False,False,23,4347826086938513,multi_prime_family,179,24289531211947,multi_prime_family,197,123297112751,multi_prime_family,,multi_prime_family,False
100000000000000000,99999999999585341,11,99999999999585343,13,excluded,composite_obstruction,128,multi_prime_family,7*17*29*151*523*1277*287333,False,False,7,14285714285655049,multi_prime_family,17,840336134450297,multi_prime_family,29,28977108084493,multi_prime_family,,multi_prime_family,False
100000000000000000,99999999999576191,11,99999999999576193,13,excluded,composite_obstruction,48,multi_prime_family,11^2*71*1733*12301*546031,False,False,11,9090909090870563,multi_prime_family,11,826446280988233,multi_prime_family,71,11640088464623,multi_prime_family,,multi_prime_family,False
100000000000000000,99999999999574127,17,99999999999574129,19,excluded,composite_obstruction,48,multi_prime_family,7^2*13^3*34649*26809157,False,False,7,14285714285653447,multi_prime_family,7,2040816326521921,multi_prime_family,13,156985871270917,multi_prime_family,,multi_prime_family,False
1000000000000000000,999999999999999989,29,999999999999999991,1,excluded,composite_obstruction,64,multi_prime_family,23*71*307*2251*6257*141623,False,False,23,43478260869565217,multi_prime_family,71,612369871402327,multi_prime_family,307,1994690134861,multi_prime_family,,multi_prime_family,False
1000000000000000000,999999999999998021,11,999999999999998023,13,excluded,composite_obstruction,64,multi_prime_family,13*19*29*47*1113157*2668399,False,False,13,76923076923076771,multi_prime_family,19,4048582995951409,multi_prime_family,29,139606310205221,multi_prime_family,,multi_prime_family,False
1000000000000000000,999999999999996791,11,999999999999996793,13,excluded,composite_obstruction,96,multi_prime_family,7^2*59*281*1061*3571*324893,False,False,7,142857142857142399,multi_prime_family,7,20408163265306057,multi_prime_family,59,345901072293323,multi_prime_family,,multi_prime_family,False
1000000000000000000,999999999999996119,29,999999999999996121,1,excluded,composite_obstruction,64,multi_prime_family,7*109*389*11789*16759*17053,False,False,7,142857142857142303,multi_prime_family,109,1310615989515067,multi_prime_family,389,3369192775103,multi_prime_family,,multi_prime_family,False
1000000000000000000,999999999999991079,29,999999999999991081,1,excluded,composite_obstruction,64,multi_prime_family,7*13*173*191*417793*796009,False,False,7,142857142857141583,multi_prime_family,13,10989010989010891,multi_prime_family,173,63520294734167,multi_prime_family,,multi_prime_family,False
1000000000000000000,999999999999989441,11,999999999999989443,13,excluded,composite_obstruction,48,multi_prime_family,7^3*13^2*6701*2574420929,False,False,7,142857142857141349,multi_prime_family,7,20408163265305907,multi_prime_family,7,2915451895043701,multi_prime_family,,multi_prime_family,False
1000000000000000000,999999999999984449,29,999999999999984451,1,excluded,composite_obstruction,128,multi_prime_family,13*29*79*389*1663*4007*12953,False,False,13,76923076923075727,multi_prime_family,29,2652519893899163,multi_prime_family,79,33576201188597,multi_prime_family,,multi_prime_family,False
1000000000000000000,999999999999984149,29,999999999999984151,1,excluded,composite_obstruction,48,multi_prime_family,7^2*31*131*163*30830695793,False,False,7,142857142857140593,multi_prime_family,7,20408163265305799,multi_prime_family,31,658327847267929,multi_prime_family,,multi_prime_family,False
1000000000000000000,999999999999983267,17,999999999999983269,19,excluded,composite_obstruction,32,multi_prime_family,7^3*43*2528717*26812493,False,False,7,142857142857140467,multi_prime_family,7,20408163265305781,multi_prime_family,7,2915451895043683,multi_prime_family,,multi_prime_family,False
1000000000000000000,999999999999981719,29,999999999999981721,1,excluded,composite_obstruction,128,multi_prime_family,13*19*37*43*683*1601*2327131,False,False,13,76923076923075517,multi_prime_family,19,4048582995951343,multi_prime_family,37,109421162052739,multi_prime_family,,multi_prime_family,False
1000000000000000000,999999999999976721,11,999999999999976723,13,excluded,composite_obstruction,48,multi_prime_family,11^2*167*359*547*252009193,False,False,11,90909090909088793,multi_prime_family,11,8264462809917163,multi_prime_family,167,49487801256989,multi_prime_family,,multi_prime_family,False
1000000000000000000,999999999999974717,17,999999999999974719,19,excluded,composite_obstruction,64,multi_prime_family,127*131*167*181*33083*60107,False,False,127,7874015748031297,multi_prime_family,131,60106990442987,multi_prime_family,167,359922098461,multi_prime_family,,multi_prime_family,False
1000000000000000000,999999999999962201,11,999999999999962203,13,excluded,composite_obstruction,48,multi_prime_family,11^2*31*4567*101537*574907,False,False,11,90909090909087473,multi_prime_family,11,8264462809917043,multi_prime_family,31,266595574513453,multi_prime_family,,multi_prime_family,False
1000000000000000000,999999999999958571,11,999999999999958573,13,excluded,composite_obstruction,120,multi_prime_family,7^4*11^2*17*21617*9366517,False,False,7,142857142857136939,multi_prime_family,7,20408163265305277,multi_prime_family,7,2915451895043611,multi_prime_family,,multi_prime_family,False
1000000000000000000,999999999999953621,11,999999999999953623,13,excluded,composite_obstruction,64,multi_prime_family,11*23*1291*2281*6829*196549,False,False,11,90909090909086693,multi_prime_family,23,3952569169960291,multi_prime_family,1291,3061633749001,multi_prime_family,,multi_prime_family,False
1000000000000000000,999999999999946139,29,999999999999946141,1,excluded,composite_obstruction,64,multi_prime_family,7*103*347*467*7907*1082447,False,False,7,142857142857135163,multi_prime_family,103,1386962552011021,multi_prime_family,347,3997010236343,multi_prime_family,,multi_prime_family,False
1000000000000000000,999999999999945341,11,999999999999945343,13,excluded,composite_obstruction,48,multi_prime_family,7^2*23*43*175003*117913121,False,False,7,142857142857135049,multi_prime_family,7,20408163265305007,multi_prime_family,23,887311446317609,multi_prime_family,,multi_prime_family,False
1000000000000000000,999999999999944051,11,999999999999944053,13,excluded,composite_obstruction,48,multi_prime_family,11^2*43*163*86753*13591709,False,False,11,90909090909085823,multi_prime_family,11,8264462809916893,multi_prime_family,43,192196809532951,multi_prime_family,,multi_prime_family,False
1000000000000000000,999999999999941537,17,999999999999941539,19,excluded,composite_obstruction,64,multi_prime_family,17*37*83*283*41479*1631761,False,False,17,58823529411761267,multi_prime_family,37,1589825119236791,multi_prime_family,83,19154519508877,multi_prime_family,,multi_prime_family,False
1000000000000000000,999999999999935639,29,999999999999935641,1,excluded,composite_obstruction,48,multi_prime_family,7^2*107*167*20807*54890123,False,False,7,142857142857133663,multi_prime_family,7,20408163265304809,multi_prime_family,107,190730497806587,multi_prime_family,,multi_prime_family,False
1000000000000000000,999999999999935009,29,999999999999935011,1,excluded,composite_obstruction,64,multi_prime_family,7*11*17*45341*50263*335213,False,False,7,142857142857133573,multi_prime_family,11,12987012987012143,multi_prime_family,17,763941940412479,multi_prime_family,,multi_prime_family,False
1000000000000000000,999999999999925949,29,999999999999925951,1,excluded,composite_obstruction,128,multi_prime_family,13*67*73*127*443*1087*257171,False,False,13,76923076923071227,multi_prime_family,67,1148105625717481,multi_prime_family,73,15727474324897,multi_prime_family,,multi_prime_family,False
1000000000000000000,999999999999925469,29,999999999999925471,1,excluded,composite_obstruction,64,multi_prime_family,23*163*199*397*30829*109517,False,False,23,43478260869561977,multi_prime_family,163,266737796745779,multi_prime_family,199,1340390938421,multi_prime_family,,multi_prime_family,False
1000000000000000000,999999999999923921,11,999999999999923923,13,excluded,composite_obstruction,64,multi_prime_family,7*11*13*19*401*131119700617,False,False,7,142857142857131989,multi_prime_family,11,12987012987011999,multi_prime_family,13,999000999000923,multi_prime_family,,multi_prime_family,False
1000000000000000000,999999999999921467,17,999999999999921469,19,excluded,composite_obstruction,128,multi_prime_family,23*31*41*179*3301*4679*12373,False,False,23,43478260869561803,multi_prime_family,31,1402524544179413,multi_prime_family,41,34207915711693,multi_prime_family,,multi_prime_family,False
1000000000000000000,999999999999916067,17,999999999999916069,19,excluded,composite_obstruction,128,multi_prime_family,7*11*29*71*283*9391*2373311,False,False,7,142857142857130867,multi_prime_family,11,12987012987011897,multi_prime_family,29,447828034034893,multi_prime_family,,multi_prime_family,False
1000000000000000000,999999999999915479,29,999999999999915481,1,excluded,composite_obstruction,64,multi_prime_family,7*151*223*3089*31151*44089,False,False,7,142857142857130783,multi_prime_family,151,946073793755833,multi_prime_family,223,4242483380071,multi_prime_family,,multi_prime_family,False
1000000000000000000,999999999999913631,11,999999999999913633,13,excluded,composite_obstruction,64,multi_prime_family,7*29*1699*6959*15583*26737,False,False,7,142857142857130519,multi_prime_family,29,4926108374383811,multi_prime_family,1699,2899416347489,multi_prime_family,,multi_prime_family,False
1000000000000000000,999999999999911237,17,999999999999911239,19,excluded,composite_obstruction,32,multi_prime_family,7^3*31*545939*172266197,False,False,7,142857142857130177,multi_prime_family,7,20408163265304311,multi_prime_family,7,2915451895043473,multi_prime_family,,multi_prime_family,False
1000000000000000000,999999999999909959,29,999999999999909961,1,excluded,composite_obstruction,64,multi_prime_family,13*107*113*139*36293*1261121,False,False,13,76923076923069997,multi_prime_family,107,718907260963271,multi_prime_family,113,6362011158967,multi_prime_family,,multi_prime_family,False
1000000000000000000,999999999999905357,17,999999999999905359,19,excluded,composite_obstruction,96,multi_prime_family,7^2*13*179*977*8053*1114693,False,False,7,142857142857129337,multi_prime_family,7,20408163265304191,multi_prime_family,13,1569858712715707,multi_prime_family,,multi_prime_family,False
1000000000000000000,999999999999902009,29,999999999999902011,1,excluded,composite_obstruction,64,multi_prime_family,11*23*71*863*238291*270709,False,False,11,90909090909082001,multi_prime_family,23,3952569169960087,multi_prime_family,71,55669988309297,multi_prime_family,,multi_prime_family,False
1000000000000000000,999999999999901577,17,999999999999901579,19,excluded,composite_obstruction,128,multi_prime_family,7*19*37*47*1447*25469*117319,False,False,7,142857142857128797,multi_prime_family,19,7518796992480463,multi_prime_family,37,203210729526499,multi_prime_family,,multi_prime_family,False
1000000000000000000,999999999999898697,17,999999999999898699,19,excluded,composite_obstruction,128,multi_prime_family,17*23*61*173*181*7907*169339,False,False,17,58823529411758747,multi_prime_family,23,2557544757032989,multi_prime_family,61,41926963230049,multi_prime_family,,multi_prime_family,False
1000000000000000000,999999999999893597,17,999999999999893599,19,excluded,composite_obstruction,192,multi_prime_family,7^2*17*19*97*1451*3191*140681,False,False,7,142857142857127657,multi_prime_family,7,20408163265303951,multi_prime_family,17,1200480192076703,multi_prime_family,,multi_prime_family,False
1000000000000000000,999999999999887759,29,999999999999887761,1,excluded,composite_obstruction,64,multi_prime_family,7*47*59*67*156059*4927067,False,False,7,142857142857126823,multi_prime_family,47,3039513677811209,multi_prime_family,59,51517180979851,multi_prime_family,,multi_prime_family,False
1000000000000000000,999999999999887027,17,999999999999887029,19,excluded,composite_obstruction,64,multi_prime_family,11*13^3*41*593*1701918299,False,False,11,90909090909080639,multi_prime_family,13,6993006993006203,multi_prime_family,13,537923614846631,multi_prime_family,,multi_prime_family,False
1000000000000000000,999999999999883877,17,999999999999883879,19,excluded,composite_obstruction,64,multi_prime_family,29*179*541*1811*3001*65519,False,False,29,34482758620685651,multi_prime_family,179,192641109612769,multi_prime_family,541,356083381909,multi_prime_family,,multi_prime_family,False
1000000000000000000,999999999999881051,11,999999999999881053,13,excluded,composite_obstruction,64,multi_prime_family,17*151*173*523*983*4379987,False,False,17,58823529411757709,multi_prime_family,151,389559797428859,multi_prime_family,173,2251790736583,multi_prime_family,,multi_prime_family,False
1000000000000000000,999999999999879317,17,999999999999879319,19,excluded,composite_obstruction,64,multi_prime_family,7*17*67*449*6661*41936527,False,False,7,142857142857125617,multi_prime_family,17,8403361344536801,multi_prime_family,67,125423303649803,multi_prime_family,,multi_prime_family,False
1000000000000000000,999999999999878777,17,999999999999878779,19,excluded,composite_obstruction,48,multi_prime_family,11*19^2*43*103*56858373581,False,False,11,90909090909079889,multi_prime_family,19,4784688995214731,multi_prime_family,19,251825736590249,multi_prime_family,,multi_prime_family,False
1000000000000000000,999999999999876269,29,999999999999876271,1,excluded,composite_obstruction,96,multi_prime_family,11*19*31*37^2*3449*32688529,False,False,11,90909090909079661,multi_prime_family,19,4784688995214719,multi_prime_family,31,154344806297249,multi_prime_family,,multi_prime_family,False
1000000000000000000,999999999999874109,29,999999999999874111,1,excluded,composite_obstruction,64,multi_prime_family,7*131*277*773*14867*342569,False,False,7,142857142857124873,multi_prime_family,131,1090512540894083,multi_prime_family,277,3936868378679,multi_prime_family,,multi_prime_family,False
1000000000000000000,999999999999873809,29,999999999999873811,1,excluded,composite_obstruction,128,multi_prime_family,17*61*83*97*2357*3733*13613,False,False,17,58823529411757283,multi_prime_family,61,964320154291103,multi_prime_family,83,11618315111941,multi_prime_family,,multi_prime_family,False
1000000000000000000,999999999999872891,11,999999999999872893,13,excluded,composite_obstruction,64,multi_prime_family,7*17*23*59*307*20171343053,False,False,7,142857142857124699,multi_prime_family,17,8403361344536747,multi_prime_family,23,365363536718989,multi_prime_family,,multi_prime_family,False
1000000000000000000,999999999999868061,11,999999999999868063,13,excluded,composite_obstruction,64,multi_prime_family,7*19*23*67*18059*270179269,False,False,7,142857142857124009,multi_prime_family,19,7518796992480211,multi_prime_family,23,326904217064357,multi_prime_family,,multi_prime_family,False
1000000000000000000,999999999999860087,17,999999999999860089,19,excluded,composite_obstruction,64,multi_prime_family,31*109*293*709*19483*73121,False,False,31,32258064516124519,multi_prime_family,109,295945546019491,multi_prime_family,293,1010053058087,multi_prime_family,,multi_prime_family,False
1000000000000000000,999999999999848741,11,999999999999848743,13,excluded,composite_obstruction,128,multi_prime_family,7*23*31*37*181*257*116412337,False,False,7,142857142857121249,multi_prime_family,23,6211180124222663,multi_prime_family,31,200360649168473,multi_prime_family,,multi_prime_family,False
1000000000000000000,999999999999846641,11,999999999999846643,13,excluded,composite_obstruction,64,multi_prime_family,7*29*103*673*6287*11303377,False,False,7,142857142857120949,multi_prime_family,29,4926108374383481,multi_prime_family,103,47826294896927,multi_prime_family,,multi_prime_family,False
1000000000000000000,999999999999844127,17,999999999999844129,19,excluded,composite_obstruction,64,multi_prime_family,11*13*17*97*1997*2123563451,False,False,11,90909090909076739,multi_prime_family,13,6993006993005903,multi_prime_family,17,411353352529759,multi_prime_family,,multi_prime_family,False
1000000000000000000,999999999999843137,17,999999999999843139,19,excluded,composite_obstruction,48,multi_prime_family,11^2*67*691*829*215331343,False,False,11,90909090909076649,multi_prime_family,11,8264462809916059,multi_prime_family,67,123350191192777,multi_prime_family,,multi_prime_family,False
1000000000000000000,999999999999841319,29,999999999999841321,1,excluded,composite_obstruction,64,multi_prime_family,13*317*337*521*3691*374443,False,False,13,76923076923064717,multi_prime_family,317,242659548653201,multi_prime_family,337,720058007873,multi_prime_family,,multi_prime_family,False
1000000000000000000,999999999999839207,17,999999999999839209,19,excluded,composite_obstruction,128,multi_prime_family,7^3*53*101*277*641*3067403,False,False,7,142857142857119887,multi_prime_family,7,20408163265302841,multi_prime_family,7,2915451895043263,multi_prime_family,,multi_prime_family,False
1000000000000000000,999999999999828617,17,999999999999828619,19,excluded,composite_obstruction,64,multi_prime_family,11^3*19*1229*6701*4801499,False,False,11,90909090909075329,multi_prime_family,11,8264462809915939,multi_prime_family,11,751314800901449,multi_prime_family,,multi_prime_family,False
1000000000000000000,999999999999826607,17,999999999999826609,19,excluded,composite_obstruction,64,multi_prime_family,7*31*71*79*20287*40498319,False,False,7,142857142857118087,multi_prime_family,31,4608294930874777,multi_prime_family,71,64905562406687,multi_prime_family,,multi_prime_family,False
1000000000000000000,999999999999823289,29,999999999999823291,1,excluded,composite_obstruction,64,multi_prime_family,7*79*107*977*51361*336793,False,False,7,142857142857117613,multi_prime_family,79,1808318264014147,multi_prime_family,107,16900170691721,multi_prime_family,,multi_prime_family,False
1000000000000000000,999999999999822281,11,999999999999822283,13,excluded,composite_obstruction,128,multi_prime_family,7*11*29*211*911*3391*687041,False,False,7,142857142857117469,multi_prime_family,11,12987012987010679,multi_prime_family,29,447828034034851,multi_prime_family,,multi_prime_family,False
1000000000000000000,999999999999813551,11,999999999999813553,13,excluded,composite_obstruction,64,multi_prime_family,13*23*83*197*26993*7577629,False,False,13,76923076923062581,multi_prime_family,23,3344481605350547,multi_prime_family,83,40294959100609,multi_prime_family,,multi_prime_family,False
1000000000000000000,999999999999811919,29,999999999999811921,1,excluded,composite_obstruction,48,multi_prime_family,11^2*179*251*367*501212407,False,False,11,90909090909073811,multi_prime_family,11,8264462809915801,multi_prime_family,179,46170183295619,multi_prime_family,,multi_prime_family,False
1000000000000000000,999999999999807299,29,999999999999807301,1,excluded,composite_obstruction,48,multi_prime_family,11*19^2*131*44647*43056283,False,False,11,90909090909073391,multi_prime_family,19,4784688995214389,multi_prime_family,19,251825736590231,multi_prime_family,,multi_prime_family,False
1000000000000000000,999999999999804347,17,999999999999804349,19,excluded,composite_obstruction,64,multi_prime_family,7*13*17*2161*2287*130794281,False,False,7,142857142857114907,multi_prime_family,13,10989010989008839,multi_prime_family,17,646412411118167,multi_prime_family,,multi_prime_family,False
1000000000000000000,999999999999803339,29,999999999999803341,1,excluded,composite_obstruction,192,multi_prime_family,7^2*11*23*67*239*1289*3908029,False,False,7,142857142857114763,multi_prime_family,7,20408163265302109,multi_prime_family,11,1855287569572919,multi_prime_family,,multi_prime_family,False
1000000000000000000,999999999999802481,11,999999999999802483,13,excluded,composite_obstruction,48,multi_prime_family,11^2*137*257*347*676443401,False,False,11,90909090909072953,multi_prime_family,11,8264462809915723,multi_prime_family,137,60324546057779,multi_prime_family,,multi_prime_family,False
1000000000000000000,999999999999800567,17,999999999999800569,19,excluded,composite_obstruction,64,multi_prime_family,7*11*31*37*550189*20579459,False,False,7,142857142857114367,multi_prime_family,11,12987012987010397,multi_prime_family,31,418935902806787,multi_prime_family,,multi_prime_family,False
1000000000000000000,999999999999798521,11,999999999999798523,13,excluded,composite_obstruction,64,multi_prime_family,11*19*31*1117*2441*56607121,False,False,11,90909090909072593,multi_prime_family,19,4784688995214347,multi_prime_family,31,154344806297237,multi_prime_family,,multi_prime_family,False
1000000000000000000,999999999999795947,17,999999999999795949,19,excluded,composite_obstruction,96,multi_prime_family,7*11^2*157*1697*3413*1298371,False,False,7,142857142857113707,multi_prime_family,11,12987012987010337,multi_prime_family,11,1180637544273667,multi_prime_family,,multi_prime_family,False
1000000000000000000,999999999999793049,29,999999999999793051,1,excluded,composite_obstruction,48,multi_prime_family,7^2*19*29*443*83608146343,False,False,7,142857142857113293,multi_prime_family,7,20408163265301899,multi_prime_family,19,1074113856068521,multi_prime_family,,multi_prime_family,False
1000000000000000000,999999999999792317,17,999999999999792319,19,excluded,composite_obstruction,96,multi_prime_family,11^2*41*331*761*24859*32191,False,False,11,90909090909072029,multi_prime_family,11,8264462809915639,multi_prime_family,41,201572263656479,multi_prime_family,,multi_prime_family,False
1000000000000000000,999999999999791831,11,999999999999791833,13,excluded,composite_obstruction,64,multi_prime_family,7*29*43*107*971*1102636841,False,False,7,142857142857113119,multi_prime_family,29,4926108374383211,multi_prime_family,43,114560659869377,multi_prime_family,,multi_prime_family,False
1000000000000000000,999999999999790991,11,999999999999790993,13,excluded,composite_obstruction,48,multi_prime_family,7^2*431*2399*15733*1254541,False,False,7,142857142857112999,multi_prime_family,7,20408163265301857,multi_prime_family,431,47350726833647,multi_prime_family,,multi_prime_family,False
1000000000000000000,999999999999790697,17,999999999999790699,19,excluded,composite_obstruction,144,multi_prime_family,7^2*13^2*139*379*16417*139627,False,False,7,142857142857112957,multi_prime_family,7,20408163265301851,multi_prime_family,13,1569858712715527,multi_prime_family,,multi_prime_family,False
1000000000000000000,999999999999789059,29,999999999999789061,1,excluded,composite_obstruction,128,multi_prime_family,7*13*19*47*661*71647*259841,False,False,7,142857142857112723,multi_prime_family,13,10989010989008671,multi_prime_family,19,578368999421509,multi_prime_family,,multi_prime_family,False
1000000000000000000,999999999999786641,11,999999999999786643,13,excluded,composite_obstruction,48,multi_prime_family,11*13^2*23*8641*2706629239,False,False,11,90909090909071513,multi_prime_family,13,6993006993005501,multi_prime_family,13,537923614846577,multi_prime_family,,multi_prime_family,False
1000000000000000000,999999999999778061,11,999999999999778063,13,excluded,composite_obstruction,128,multi_prime_family,11*13*31*47*353*431*31546591,False,False,11,90909090909070733,multi_prime_family,13,6993006993005441,multi_prime_family,31,225580870742111,multi_prime_family,,multi_prime_family,False
1000000000000000000,999999999999776807,17,999999999999776809,19,excluded,composite_obstruction,96,multi_prime_family,11*17*67^2*103*563*20542967,False,False,11,90909090909070619,multi_prime_family,17,5347593582886507,multi_prime_family,67,79814829595321,multi_prime_family,,multi_prime_family,False
1000000000000000000,999999999999764669,29,999999999999764671,1,excluded,composite_obstruction,128,multi_prime_family,17*31*101*137*977*1289*108893,False,False,17,58823529411750863,multi_prime_family,31,1897533206830673,multi_prime_family,101,18787457493373,multi_prime_family,,multi_prime_family,False
1000000000000000000,999999999999763241,11,999999999999763243,13,excluded,composite_obstruction,64,multi_prime_family,13*17*1039*4013*19891*54559,False,False,13,76923076923058711,multi_prime_family,17,4524886877826983,multi_prime_family,1039,4355040305897,multi_prime_family,,multi_prime_family,False
1000000000000000000,999999999999762221,11,999999999999762223,13,excluded,composite_obstruction,128,multi_prime_family,7*11*17*251*3719*11239*72817,False,False,7,142857142857108889,multi_prime_family,11,12987012987009899,multi_prime_family,17,763941940412347,multi_prime_family,,multi_prime_family,False
1000000000000000000,999999999999760247,17,999999999999760249,19,excluded,composite_obstruction,64,multi_prime_family,7*79*211*271*9349*3382657,False,False,7,142857142857108607,multi_prime_family,79,1808318264014033,multi_prime_family,211,8570228739403,multi_prime_family,,multi_prime_family,False
1000000000000000000,999999999999759071,11,999999999999759073,13,excluded,composite_obstruction,128,multi_prime_family,7*53*73*127*367*21799*36341,False,False,7,142857142857108439,multi_prime_family,53,2695417789756763,multi_prime_family,73,36923531366531,multi_prime_family,,multi_prime_family,False
1000000000000000000,999999999999749519,29,999999999999749521,1,excluded,composite_obstruction,48,multi_prime_family,23*43^2*101*809*287783147,False,False,23,43478260869554327,multi_prime_family,43,1011122345803589,multi_prime_family,43,23514473158223,multi_prime_family,,multi_prime_family,False
1000000000000000000,999999999999735719,29,999999999999735721,1,excluded,composite_obstruction,48,multi_prime_family,7^2*23*1201*208699*3540077,False,False,7,142857142857105103,multi_prime_family,7,20408163265300729,multi_prime_family,23,887311446317423,multi_prime_family,,multi_prime_family,False
1000000000000000000,999999999999729887,17,999999999999729889,19,excluded,composite_obstruction,64,multi_prime_family,17*29*31*83*488833*1612697,False,False,17,58823529411748817,multi_prime_family,29,2028397565922373,multi_prime_family,31,65432179545883,multi_prime_family,,multi_prime_family,False
1000000000000000000,999999999999729167,17,999999999999729169,19,excluded,composite_obstruction,64,multi_prime_family,7*59*263*269*21961*1558439,False,False,7,142857142857104167,multi_prime_family,59,2421307506052613,multi_prime_family,263,9206492418451,multi_prime_family,,multi_prime_family,False
1000000000000000000,999999999999726899,29,999999999999726901,1,excluded,composite_obstruction,48,multi_prime_family,7^2*83*113*10357*210093883,False,False,7,142857142857103843,multi_prime_family,7,20408163265300549,multi_prime_family,83,245881485124103,multi_prime_family,,multi_prime_family,False
1000000000000000000,999999999999726017,17,999999999999726019,19,excluded,composite_obstruction,64,multi_prime_family,7^3*19*109*241*5841289603,False,False,7,142857142857103717,multi_prime_family,7,20408163265300531,multi_prime_family,7,2915451895042933,multi_prime_family,,multi_prime_family,False
1000000000000000000,999999999999723851,11,999999999999723853,13,excluded,composite_obstruction,64,multi_prime_family,13*19*23*179*181*5433048787,False,False,13,76923076923055681,multi_prime_family,19,4048582995950299,multi_prime_family,23,176025347650013,multi_prime_family,,multi_prime_family,False
1000000000000000000,999999999999720431,11,999999999999720433,13,excluded,composite_obstruction,96,multi_prime_family,7^2*19*79*101*42457*3170681,False,False,7,142857142857102919,multi_prime_family,7,20408163265300417,multi_prime_family,19,1074113856068443,multi_prime_family,,multi_prime_family,False
1000000000000000000,999999999999719717,17,999999999999719719,19,excluded,composite_obstruction,72,multi_prime_family,7*11^2*13^2*170669*40933157,False,False,7,142857142857102817,multi_prime_family,11,12987012987009347,multi_prime_family,11,1180637544273577,multi_prime_family,,multi_prime_family,False
1000000000000000000,999999999999714551,11,999999999999714553,13,excluded,composite_obstruction,48,multi_prime_family,7^2*53*131*17959*163672081,False,False,7,142857142857102079,multi_prime_family,7,20408163265300297,multi_prime_family,53,385059684250949,multi_prime_family,,multi_prime_family,False
1000000000000000000,999999999999712109,29,999999999999712111,1,excluded,composite_obstruction,64,multi_prime_family,19*43*157*491*569*27905161,False,False,19,52631578947353269,multi_prime_family,43,1223990208077983,multi_prime_family,157,7796115975019,multi_prime_family,,multi_prime_family,False
1000000000000000000,999999999999712037,17,999999999999712039,19,excluded,composite_obstruction,64,multi_prime_family,17^3*61*179*461*40436117,False,False,17,58823529411747767,multi_prime_family,17,3460207612455751,multi_prime_family,17,203541624262103,multi_prime_family,,multi_prime_family,False
1000000000000000000,999999999999707141,11,999999999999707143,13,excluded,composite_obstruction,64,multi_prime_family,17*293*773*1579*8731*18839,False,False,17,58823529411747479,multi_prime_family,293,200762899016203,multi_prime_family,773,259719144911,multi_prime_family,,multi_prime_family,False
1000000000000000000,999999999999706319,29,999999999999706321,1,excluded,composite_obstruction,48,multi_prime_family,7^2*11*691*43159*62210231,False,False,7,142857142857100903,multi_prime_family,7,20408163265300129,multi_prime_family,11,1855287569572739,multi_prime_family,,multi_prime_family,False
1000000000000000000,999999999999703217,17,999999999999703219,19,excluded,composite_obstruction,64,multi_prime_family,11*19*181*19051*19699*70439,False,False,11,90909090909063929,multi_prime_family,19,4784688995213891,multi_prime_family,181,26434745829911,multi_prime_family,,multi_prime_family,False
1000000000000000000,999999999999699557,17,999999999999699559,19,excluded,composite_obstruction,96,multi_prime_family,7^2*37*103*811*1699*3886429,False,False,7,142857142857099937,multi_prime_family,7,20408163265299991,multi_prime_family,37,551571980143243,multi_prime_family,,multi_prime_family,False
1000000000000000000,999999999999699011,11,999999999999699013,13,excluded,composite_obstruction,192,multi_prime_family,7*23^2*31*83*2621*5869*6823,False,False,7,142857142857099859,multi_prime_family,23,6211180124221733,multi_prime_family,23,270051309748771,multi_prime_family,,multi_prime_family,False
1000000000000000000,999999999999695399,29,999999999999695401,1,excluded,composite_obstruction,64,multi_prime_family,7*71*601*1487*1871*1203329,False,False,7,142857142857099343,multi_prime_family,71,2012072434607033,multi_prime_family,601,3347874267233,multi_prime_family,,multi_prime_family,False
1000000000000000000,999999999999689489,29,999999999999689491,1,excluded,composite_obstruction,64,multi_prime_family,11*23^3*41*1543*118106561,False,False,11,90909090909062681,multi_prime_family,23,3952569169959247,multi_prime_family,23,171850833476489,multi_prime_family,,multi_prime_family,False
1000000000000000000,999999999999688169,29,999999999999688171,1,excluded,composite_obstruction,48,multi_prime_family,11*17*19^2*5023*2949089911,False,False,11,90909090909062561,multi_prime_family,17,5347593582886033,multi_prime_family,19,281452293836107,multi_prime_family,,multi_prime_family,False
1000000000000000000,999999999999684857,17,999999999999684859,19,excluded,composite_obstruction,20,multi_prime_family,7^4*1061*392547717119,False,False,7,142857142857097837,multi_prime_family,7,20408163265299691,multi_prime_family,7,2915451895042813,multi_prime_family,,multi_prime_family,False
1000000000000000000,999999999999679859,29,999999999999679861,1,excluded,composite_obstruction,96,multi_prime_family,7^2*13*43*3391*30319*355099,False,False,7,142857142857097123,multi_prime_family,7,20408163265299589,multi_prime_family,13,1569858712715353,multi_prime_family,,multi_prime_family,False
1000000000000000000,999999999999678479,29,999999999999678481,1,excluded,composite_obstruction,48,multi_prime_family,17*19*73^2*24077*24129559,False,False,17,58823529411745793,multi_prime_family,19,3095975232197147,multi_prime_family,73,42410619619139,multi_prime_family,,multi_prime_family,False
1000000000000000000,999999999999677081,11,999999999999677083,13,excluded,composite_obstruction,64,multi_prime_family,11*71*89*499*523*55126031,False,False,11,90909090909061553,multi_prime_family,71,1280409731113543,multi_prime_family,89,14386626192287,multi_prime_family,,multi_prime_family,False
1000000000000000000,999999999999673979,29,999999999999673981,1,excluded,composite_obstruction,72,multi_prime_family,7^2*11^2*79*647*3299796653,False,False,7,142857142857096283,multi_prime_family,7,20408163265299469,multi_prime_family,11,1855287569572679,multi_prime_family,,multi_prime_family,False
1000000000000000000,999999999999668897,17,999999999999668899,19,excluded,composite_obstruction,32,multi_prime_family,7*11^3*365641*293541167,False,False,7,142857142857095557,multi_prime_family,11,12987012987008687,multi_prime_family,11,1180637544273517,multi_prime_family,,multi_prime_family,False
1000000000000000000,999999999999668099,29,999999999999668101,1,excluded,composite_obstruction,96,multi_prime_family,7^2*23*139*499*1279*10002077,False,False,7,142857142857095443,multi_prime_family,7,20408163265299349,multi_prime_family,23,887311446317363,multi_prime_family,,multi_prime_family,False
1000000000000000000,999999999999662219,29,999999999999662221,1,excluded,composite_obstruction,32,multi_prime_family,7^3*2659*291443*3762131,False,False,7,142857142857094603,multi_prime_family,7,20408163265299229,multi_prime_family,7,2915451895042747,multi_prime_family,,multi_prime_family,False
1000000000000000000,999999999999661061,11,999999999999661063,13,excluded,composite_obstruction,128,multi_prime_family,13*23*89*271*307*5471*82559,False,False,13,76923076923050851,multi_prime_family,23,3344481605350037,multi_prime_family,89,37578445003933,multi_prime_family,,multi_prime_family,False
1000000000000000000,999999999999659459,29,999999999999659461,1,excluded,composite_obstruction,48,multi_prime_family,11^2*89*619*4651*32254301,False,False,11,90909090909059951,multi_prime_family,11,8264462809914541,multi_prime_family,89,92859132695669,multi_prime_family,,multi_prime_family,False
1000000000000000000,999999999999653651,11,999999999999653653,13,excluded,composite_obstruction,96,multi_prime_family,7*11^2*13*71*1993*641811641,False,False,7,142857142857093379,multi_prime_family,11,12987012987008489,multi_prime_family,11,1180637544273499,multi_prime_family,,multi_prime_family,False
1000000000000000000,999999999999652979,29,999999999999652981,1,excluded,composite_obstruction,64,multi_prime_family,7*17*29*1163*3347*74442271,False,False,7,142857142857093283,multi_prime_family,17,8403361344534899,multi_prime_family,29,289771080846031,multi_prime_family,,multi_prime_family,False
1000000000000000000,999999999999647177,17,999999999999647179,19,excluded,composite_obstruction,64,multi_prime_family,13*41*89*2689*14437*543019,False,False,13,76923076923049783,multi_prime_family,41,1876172607879263,multi_prime_family,89,21080591099767,multi_prime_family,,multi_prime_family,False
1000000000000000000,999999999999646787,17,999999999999646789,19,excluded,composite_obstruction,64,multi_prime_family,11*13*19*5237*93901*748441,False,False,11,90909090909058799,multi_prime_family,13,6993006993004523,multi_prime_family,19,368052999631817,multi_prime_family,,multi_prime_family,False
1000000000000000000,999999999999646739,29,999999999999646741,1,excluded,composite_obstruction,64,multi_prime_family,107*163*193*257*12893*89657,False,False,107,9345794392520063,multi_prime_family,163,57336161917301,multi_prime_family,193,297078559157,multi_prime_family,,multi_prime_family,False
1000000000000000000,999999999999642731,11,999999999999642733,13,excluded,composite_obstruction,128,multi_prime_family,7*13*239*281*809*1063*190271,False,False,7,142857142857091819,multi_prime_family,13,10989010989007063,multi_prime_family,239,45979125477017,multi_prime_family,,multi_prime_family,False
1000000000000000000,999999999999641639,29,999999999999641641,1,excluded,composite_obstruction,240,multi_prime_family,7^4*11*13^2*761*2917*100927,False,False,7,142857142857091663,multi_prime_family,7,20408163265298809,multi_prime_family,7,2915451895042687,multi_prime_family,,multi_prime_family,False
1000000000000000000,999999999999640517,17,999999999999640519,19,excluded,composite_obstruction,96,multi_prime_family,11*19^2*157*1153*4547*305947,False,False,11,90909090909058229,multi_prime_family,19,4784688995213591,multi_prime_family,19,251825736590189,multi_prime_family,,multi_prime_family,False
1000000000000000000,999999999999634709,29,999999999999634711,1,excluded,composite_obstruction,128,multi_prime_family,7*11*29*43*179*37189*1564499,False,False,7,142857142857090673,multi_prime_family,11,12987012987008243,multi_prime_family,29,447828034034767,multi_prime_family,,multi_prime_family,False
1000000000000000000,999999999999634289,29,999999999999634291,1,excluded,composite_obstruction,48,multi_prime_family,7^2*23*37*250543*95717663,False,False,7,142857142857090613,multi_prime_family,7,20408163265298659,multi_prime_family,23,887311446317333,multi_prime_family,,multi_prime_family,False
1000000000000000000,999999999999632231,11,999999999999632233,13,excluded,composite_obstruction,48,multi_prime_family,7^2*631*3917*17389*474839,False,False,7,142857142857090319,multi_prime_family,7,20408163265298617,multi_prime_family,631,32342572528207,multi_prime_family,,multi_prime_family,False
1000000000000000000,999999999999628241,11,999999999999628243,13,excluded,composite_obstruction,48,multi_prime_family,7*11^2*1481*641549*1242601,False,False,7,142857142857089749,multi_prime_family,11,12987012987008159,multi_prime_family,11,1180637544273469,multi_prime_family,,multi_prime_family,False
1000000000000000000,999999999999627251,11,999999999999627253,13,excluded,composite_obstruction,64,multi_prime_family,11*23*41*103*720971*1298197,False,False,11,90909090909057023,multi_prime_family,23,3952569169959001,multi_prime_family,41,96404126096561,multi_prime_family,,multi_prime_family,False
1000000000000000000,999999999999623411,11,999999999999623413,13,excluded,composite_obstruction,48,multi_prime_family,7^2*37*38447*56569*253607,False,False,7,142857142857089059,multi_prime_family,7,20408163265298437,multi_prime_family,37,551571980143201,multi_prime_family,,multi_prime_family,False
1000000000000000000,999999999999614381,11,999999999999614383,13,excluded,composite_obstruction,256,multi_prime_family,7*11*31*53*101*773*1279*79159,False,False,7,142857142857087769,multi_prime_family,11,12987012987007979,multi_prime_family,31,418935902806709,multi_prime_family,,multi_prime_family,False
1000000000000000000,999999999999613037,17,999999999999613039,19,excluded,composite_obstruction,128,multi_prime_family,7*23*43*103*2467*18919*30047,False,False,7,142857142857087577,multi_prime_family,23,6211180124221199,multi_prime_family,43,144446049400493,multi_prime_family,,multi_prime_family,False
1000000000000000000,999999999999607619,29,999999999999607621,1,excluded,composite_obstruction,128,multi_prime_family,7*43*79*163*331*3253*239611,False,False,7,142857142857086803,multi_prime_family,43,3322259136211321,multi_prime_family,79,42053913116599,multi_prime_family,,multi_prime_family,False
1000000000000000000,999999999999602897,17,999999999999602899,19,excluded,composite_obstruction,128,multi_prime_family,11*17*19*41*83*4057*20386273,False,False,11,90909090909054809,multi_prime_family,17,5347593582885577,multi_prime_family,19,281452293836083,multi_prime_family,,multi_prime_family,False
1000000000000000000,999999999999602411,11,999999999999602413,13,excluded,composite_obstruction,64,multi_prime_family,7*23*109*1741*3163*10347839,False,False,7,142857142857086059,multi_prime_family,23,6211180124221133,multi_prime_family,109,56983303891937,multi_prime_family,,multi_prime_family,False
1000000000000000000,999999999999599909,29,999999999999599911,1,excluded,composite_obstruction,48,multi_prime_family,13*29^2*83*42967*25647647,False,False,13,76923076923046147,multi_prime_family,29,2652519893898143,multi_prime_family,29,91466203237867,multi_prime_family,,multi_prime_family,False
1000000000000000000,999999999999592079,29,999999999999592081,1,excluded,composite_obstruction,64,multi_prime_family,7*29*643*10859*16519*42709,False,False,7,142857142857084583,multi_prime_family,29,4926108374382227,multi_prime_family,643,7661132775089,multi_prime_family,,multi_prime_family,False
1000000000000000000,999999999999590819,29,999999999999590821,1,excluded,composite_obstruction,64,multi_prime_family,7*11*23*229*32647*75527077,False,False,7,142857142857084403,multi_prime_family,11,12987012987007673,multi_prime_family,23,564652738565551,multi_prime_family,,multi_prime_family,False
1000000000000000000,999999999999587507,17,999999999999587509,19,excluded,composite_obstruction,64,multi_prime_family,13*19*23*151*26687*43681597,False,False,13,76923076923045193,multi_prime_family,19,4048582995949747,multi_prime_family,23,176025347649989,multi_prime_family,,multi_prime_family,False
1000000000000000000,999999999999586367,17,999999999999586369,19,excluded,composite_obstruction,72,multi_prime_family,7^2*19^2*139*3769*107908531,False,False,7,142857142857083767,multi_prime_family,7,20408163265297681,multi_prime_family,19,1074113856068299,multi_prime_family,,multi_prime_family,False
1000000000000000000,999999999999586337,17,999999999999586339,19,excluded,composite_obstruction,64,multi_prime_family,13*29*37*4751*6247*2415463,False,False,13,76923076923045103,multi_prime_family,29,2652519893898107,multi_prime_family,37,71689726862111,multi_prime_family,,multi_prime_family,False
1000000000000000000,999999999999583217,17,999999999999583219,19,excluded,composite_obstruction,64,multi_prime_family,7*13*41*53*233*21704158901,False,False,7,142857142857083317,multi_prime_family,13,10989010989006409,multi_prime_family,41,268024658268449,multi_prime_family,,multi_prime_family,False
1000000000000000000,999999999999583031,11,999999999999583033,13,excluded,composite_obstruction,64,multi_prime_family,11*29*139*1847*21107*578497,False,False,11,90909090909053003,multi_prime_family,29,3134796238243207,multi_prime_family,139,22552490922613,multi_prime_family,,multi_prime_family,False
1000000000000000000,999999999999580529,29,999999999999580531,1,excluded,composite_obstruction,64,multi_prime_family,7*31*43*139*997*773324647,False,False,7,142857142857082933,multi_prime_family,31,4608294930873643,multi_prime_family,43,107169649555201,multi_prime_family,,multi_prime_family,False
1000000000000000000,999999999999580487,17,999999999999580489,19,excluded,composite_obstruction,96,multi_prime_family,7^2*13*59*83*467657*685493,False,False,7,142857142857082927,multi_prime_family,7,20408163265297561,multi_prime_family,13,1569858712715197,multi_prime_family,,multi_prime_family,False
1000000000000000000,999999999999579599,29,999999999999579601,1,excluded,composite_obstruction,96,multi_prime_family,11^2*31*547*2447*6959*28621,False,False,11,90909090909052691,multi_prime_family,11,8264462809913881,multi_prime_family,31,266595574513351,multi_prime_family,,multi_prime_family,False
1000000000000000000,999999999999573431,11,999999999999573433,13,excluded,composite_obstruction,48,multi_prime_family,7^2*23*233*859*4433298757,False,False,7,142857142857081919,multi_prime_family,7,20408163265297417,multi_prime_family,23,887311446317279,multi_prime_family,,multi_prime_family,False
1000000000000000000,999999999999572591,11,999999999999572593,13,excluded,composite_obstruction,64,multi_prime_family,7*29*61*67*604441*1994093,False,False,7,142857142857081799,multi_prime_family,29,4926108374382131,multi_prime_family,61,80755874989871,multi_prime_family,,multi_prime_family,False
1000000000000000000,999999999999571499,29,999999999999571501,1,excluded,composite_obstruction,128,multi_prime_family,7*23*43*131*137*6977*1153573,False,False,7,142857142857081643,multi_prime_family,23,6211180124220941,multi_prime_family,43,144446049400487,multi_prime_family,,multi_prime_family,False
1000000000000000000,999999999999569567,17,999999999999569569,19,excluded,composite_obstruction,128,multi_prime_family,7*11*13*23*829*77351*677357,False,False,7,142857142857081367,multi_prime_family,11,12987012987007397,multi_prime_family,13,999000999000569,multi_prime_family,,multi_prime_family,False
1000000000000000000,999999999999567461,11,999999999999567463,13,excluded,composite_obstruction,64,multi_prime_family,13*229*359*2393*10141*38557,False,False,13,76923076923043651,multi_prime_family,229,335908632851719,multi_prime_family,359,935678643041,multi_prime_family,,multi_prime_family,False
1000000000000000000,999999999999562547,17,999999999999562549,19,excluded,composite_obstruction,48,multi_prime_family,13^2*53*557*45131*4441271,False,False,13,76923076923043273,multi_prime_family,13,5917159763311021,multi_prime_family,53,111644523836057,multi_prime_family,,multi_prime_family,False
1000000000000000000,999999999999560789,29,999999999999560791,1,excluded,composite_obstruction,48,multi_prime_family,7^2*11*113*421*38998750753,False,False,7,142857142857080113,multi_prime_family,7,20408163265297159,multi_prime_family,11,1855287569572469,multi_prime_family,,multi_prime_family,False
1000000000000000000,999999999999559697,17,999999999999559699,19,excluded,composite_obstruction,64,multi_prime_family,7*31*37*163*269*2840525273,False,False,7,142857142857079957,multi_prime_family,31,4608294930873547,multi_prime_family,37,124548511645231,multi_prime_family,,multi_prime_family,False
1000000000000000000,999999999999550559,29,999999999999550561,1,excluded,composite_obstruction,48,multi_prime_family,11^2*71*347*16319*20555747,False,False,11,90909090909050051,multi_prime_family,11,8264462809913641,multi_prime_family,71,116400884646671,multi_prime_family,,multi_prime_family,False
1000000000000000000,999999999999549827,17,999999999999549829,19,excluded,composite_obstruction,48,multi_prime_family,7*43^2*53*3833*380321047,False,False,7,142857142857078547,multi_prime_family,43,3322259136211129,multi_prime_family,43,77261840377003,multi_prime_family,,multi_prime_family,False
1000000000000000000,999999999999547307,17,999999999999547309,19,excluded,composite_obstruction,48,multi_prime_family,7*17^2*97*677*7527377807,False,False,7,142857142857078187,multi_prime_family,17,8403361344534011,multi_prime_family,17,494315373207883,multi_prime_family,,multi_prime_family,False
1000000000000000000,999999999999540797,17,999999999999540799,19,excluded,composite_obstruction,80,multi_prime_family,7^4*43*809*54647*219091,False,False,7,142857142857077257,multi_prime_family,7,20408163265296751,multi_prime_family,7,2915451895042393,multi_prime_family,,multi_prime_family,False
1000000000000000000,999999999999540167,17,999999999999540169,19,excluded,composite_obstruction,96,multi_prime_family,7*17*31*41*107^2*577483969,False,False,7,142857142857077167,multi_prime_family,17,8403361344533951,multi_prime_family,31,271076172404321,multi_prime_family,,multi_prime_family,False
1000000000000000000,999999999999538697,17,999999999999538699,19,excluded,composite_obstruction,64,multi_prime_family,7*53*211*1381*7331*1261789,False,False,7,142857142857076957,multi_prime_family,53,2695417789756169,multi_prime_family,211,12774491894579,multi_prime_family,,multi_prime_family,False
