row_id,p,q,n,p_index,q_index,n_left,n_right,n_width,n_phase,n_selected_phase,n_selected_tau,n_side,p_selected_phase,q_selected_phase,p_width,q_width,p_target,q_target
0,101,1009,101909,25,168,101891,101917,26,0.6923076923076923,0.3076923076923077,4,1,0.25,0.08333333333333333,4,12,25,168
1,101,1013,102313,25,169,102301,102317,16,0.75,0.0625,4,1,0.25,0.5,4,4,25,169
2,101,1019,102919,25,170,102913,102929,16,0.375,0.25,4,1,0.25,0.8333333333333334,4,6,25,170
3,101,1021,103121,25,171,103099,103123,24,0.9166666666666666,0.08333333333333333,4,1,0.25,0.5,4,2,25,171
4,101,1031,104131,25,172,104123,104147,24,0.3333333333333333,0.25,4,1,0.25,0.6,4,10,25,172
5,101,1033,104333,25,173,104327,104347,20,0.3,0.3,4,0,0.25,0.5,4,2,25,173
6,101,1039,104939,25,174,104933,104947,14,0.42857142857142855,0.42857142857142855,4,0,0.25,0.6666666666666666,4,6,25,174
7,101,1049,105949,25,175,105943,105953,10,0.6,0.3,4,1,0.25,0.2,4,10,25,175
8,101,1051,106151,25,176,106129,106163,34,0.6470588235294118,0.11764705882352941,4,1,0.25,0.5,4,2,25,176
9,101,1061,107161,25,177,107137,107171,34,0.7058823529411765,0.029411764705882353,4,1,0.25,0.4,4,10,25,177
10,101,1063,107363,25,178,107357,107377,20,0.3,0.25,4,1,0.25,0.5,4,2,25,178
11,101,1069,107969,25,179,107951,107971,20,0.9,0.1,4,1,0.25,0.6666666666666666,4,6,25,179
12,101,1087,109787,25,180,109751,109789,38,0.9473684210526315,0.05263157894736842,4,1,0.25,0.2222222222222222,4,18,25,180
13,101,1091,110191,25,181,110183,110221,38,0.21052631578947367,0.05263157894736842,4,1,0.25,0.75,4,4,25,181
14,101,1093,110393,25,182,110359,110419,60,0.5666666666666667,0.03333333333333333,4,1,0.25,0.5,4,2,25,182
15,101,1097,110797,25,183,110777,110807,30,0.6666666666666666,0.06666666666666667,4,1,0.25,0.25,4,4,25,183
16,101,1103,111403,25,184,111373,111409,36,0.8333333333333334,0.16666666666666666,4,1,0.25,0.3333333333333333,4,6,25,184
17,101,1109,112009,25,185,111997,112019,22,0.5454545454545454,0.18181818181818182,4,1,0.25,0.8333333333333334,4,6,25,185
18,101,1117,112817,25,186,112807,112831,24,0.4166666666666667,0.16666666666666666,4,1,0.25,0.25,4,8,25,186
19,101,1123,113423,25,187,113417,113437,20,0.3,0.1,4,1,0.25,0.3333333333333333,4,6,25,187
20,101,1129,114029,25,188,114013,114031,18,0.8888888888888888,0.2222222222222222,4,1,0.25,0.5,4,6,25,188
21,101,1151,116251,25,189,116243,116257,14,0.5714285714285714,0.2857142857142857,4,1,0.25,0.18181818181818182,4,22,25,189
22,101,1153,116453,25,190,116447,116461,14,0.42857142857142855,0.42857142857142855,4,0,0.25,0.5,4,2,25,190
23,101,1163,117463,25,191,117443,117497,54,0.37037037037037035,0.1111111111111111,4,1,0.25,0.1,4,10,25,191
24,101,1171,118271,25,192,118259,118273,14,0.8571428571428571,0.5714285714285714,4,1,0.25,0.25,4,8,25,192
25,101,1181,119281,25,193,119267,119291,24,0.5833333333333334,0.08333333333333333,4,1,0.25,0.3,4,10,25,193
26,101,1187,119887,25,194,119881,119891,10,0.6,0.4,4,1,0.25,0.8333333333333334,4,6,25,194
27,101,1193,120493,25,195,120473,120503,30,0.6666666666666666,0.26666666666666666,4,1,0.25,0.3333333333333333,4,6,25,195
28,101,1201,121301,25,196,121291,121309,18,0.5555555555555556,0.16666666666666666,4,1,0.25,0.25,4,8,25,196
29,101,1213,122513,25,197,122509,122527,18,0.2222222222222222,0.2222222222222222,4,0,0.25,0.08333333333333333,4,12,25,197
30,101,1217,122917,25,198,122891,122921,30,0.8666666666666667,0.06666666666666667,4,1,0.25,0.25,4,4,25,198
31,101,1223,123523,25,199,123517,123527,10,0.6,0.4,4,1,0.25,0.3333333333333333,4,6,25,199
32,101,1229,124129,25,200,124123,124133,10,0.6,0.6,4,0,0.25,0.5,4,6,25,200
33,101,1231,124331,25,201,124309,124337,28,0.7857142857142857,0.6428571428571429,4,1,0.25,0.5,4,2,25,201
34,101,1237,124937,25,202,124919,124951,32,0.5625,0.0625,4,1,0.25,0.5,4,6,25,202
35,101,1249,126149,25,203,126143,126151,8,0.75,0.25,4,1,0.25,0.08333333333333333,4,12,25,203
36,101,1259,127159,25,204,127157,127163,6,0.3333333333333333,0.3333333333333333,4,0,0.25,0.4,4,10,25,204
37,101,1277,128977,25,205,128971,128981,10,0.6,0.6,4,0,0.25,0.1111111111111111,4,18,25,205
38,101,1279,129179,25,206,129169,129187,18,0.5555555555555556,0.2222222222222222,4,1,0.25,0.5,4,2,25,206
39,101,1283,129583,25,207,129581,129587,6,0.3333333333333333,0.3333333333333333,4,0,0.25,0.75,4,4,25,207
40,101,1289,130189,25,208,130183,130199,16,0.375,0.25,4,1,0.25,0.3333333333333333,4,6,25,208
41,101,1291,130391,25,209,130379,130399,20,0.6,0.1,4,1,0.25,0.5,4,2,25,209
42,101,1297,130997,25,210,130987,131009,22,0.45454545454545453,0.18181818181818182,4,1,0.25,0.3333333333333333,4,6,25,210
43,101,1301,131401,25,211,131381,131413,32,0.625,0.25,4,1,0.25,0.5,4,4,25,211
44,101,1303,131603,25,212,131591,131611,20,0.6,0.3,4,1,0.25,0.5,4,2,25,212
45,101,1307,132007,25,213,132001,132019,18,0.3333333333333333,0.3333333333333333,4,0,0.25,0.75,4,4,25,213
46,101,1319,133219,25,214,133213,133241,28,0.21428571428571427,0.14285714285714285,4,1,0.25,0.5,4,12,25,214
47,101,1321,133421,25,215,133417,133439,22,0.18181818181818182,0.18181818181818182,4,0,0.25,0.5,4,2,25,215
48,101,1327,134027,25,216,133999,134033,34,0.8235294117647058,0.11764705882352941,4,1,0.25,0.16666666666666666,4,6,25,216
49,101,1361,137461,25,217,137453,137477,24,0.3333333333333333,0.20833333333333334,4,1,0.25,0.058823529411764705,4,34,25,217
50,101,1367,138067,25,218,138059,138071,12,0.6666666666666666,0.25,4,1,0.25,0.3333333333333333,4,6,25,218
51,101,1373,138673,25,219,138661,138679,18,0.6666666666666666,0.2222222222222222,4,1,0.25,0.3333333333333333,4,6,25,219
52,101,1381,139481,25,220,139459,139483,24,0.9166666666666666,0.16666666666666666,4,1,0.25,0.75,4,8,25,220
53,101,1399,141299,25,221,141283,141301,18,0.8888888888888888,0.2222222222222222,4,1,0.25,0.05555555555555555,4,18,25,221
54,101,1409,142309,25,222,142297,142319,22,0.5454545454545454,0.4090909090909091,4,1,0.25,0.2,4,10,25,222
55,101,1423,143723,25,223,143719,143729,10,0.4,0.3,4,1,0.25,0.14285714285714285,4,14,25,223
56,101,1427,144127,25,224,144103,144139,36,0.6666666666666666,0.08333333333333333,4,1,0.25,0.75,4,4,25,224
57,101,1429,144329,25,225,144323,144341,18,0.3333333333333333,0.2222222222222222,4,1,0.25,0.5,4,2,25,225
58,101,1433,144733,25,226,144731,144737,6,0.3333333333333333,0.3333333333333333,4,0,0.25,0.5,4,4,25,226
59,101,1439,145339,25,227,145307,145349,42,0.7619047619047619,0.047619047619047616,4,1,0.25,0.6666666666666666,4,6,25,227
60,101,1447,146147,25,228,146141,146161,20,0.3,0.1,4,1,0.25,0.25,4,8,25,228
61,101,1451,146551,25,229,146543,146563,20,0.4,0.3,4,1,0.25,0.25,4,4,25,229
62,101,1453,146753,25,230,146749,146767,18,0.2222222222222222,0.2222222222222222,4,0,0.25,0.5,4,2,25,230
63,101,1459,147359,25,231,147353,147377,24,0.25,0.20833333333333334,4,1,0.25,0.16666666666666666,4,6,25,231
64,101,1471,148571,25,232,148549,148573,24,0.9166666666666666,0.16666666666666666,4,1,0.25,0.16666666666666666,4,12,25,232
65,101,1481,149581,25,233,149579,149603,24,0.08333333333333333,0.08333333333333333,4,0,0.25,0.2,4,10,25,233
66,101,1483,149783,25,234,149771,149791,20,0.6,0.15,4,1,0.25,0.5,4,2,25,234
67,101,1487,150187,25,235,150169,150193,24,0.75,0.16666666666666666,4,1,0.25,0.75,4,4,25,235
68,101,1489,150389,25,236,150383,150401,18,0.3333333333333333,0.16666666666666666,4,1,0.25,0.5,4,2,25,236
69,101,1493,150793,25,237,150791,150797,6,0.3333333333333333,0.3333333333333333,4,0,0.25,0.75,4,4,25,237
70,101,1499,151399,25,238,151397,151423,26,0.07692307692307693,0.07692307692307693,4,0,0.25,0.6666666666666666,4,6,25,238
71,101,1511,152611,25,239,152599,152617,18,0.6666666666666666,0.1111111111111111,4,1,0.25,0.16666666666666666,4,12,25,239
72,101,1523,153823,25,240,153817,153841,24,0.25,0.16666666666666666,4,1,0.25,0.16666666666666666,4,12,25,240
73,101,1531,154631,25,241,154621,154643,22,0.45454545454545453,0.2727272727272727,4,1,0.25,0.5,4,8,25,241
74,101,1543,155843,25,242,155833,155849,16,0.625,0.625,4,0,0.25,0.3333333333333333,4,12,25,242
75,101,1549,156449,25,243,156437,156467,30,0.4,0.06666666666666667,4,1,0.25,0.5,4,6,25,243
76,101,1553,156853,25,244,156841,156887,46,0.2608695652173913,0.13043478260869565,4,1,0.25,0.5,4,4,25,244
77,101,1559,157459,25,245,157457,157477,20,0.1,0.1,4,0,0.25,0.3333333333333333,4,6,25,245
78,101,1567,158267,25,246,158261,158269,8,0.75,0.625,4,1,0.25,0.25,4,8,25,246
79,101,1571,158671,25,247,158663,158699,36,0.2222222222222222,0.08333333333333333,4,1,0.25,0.5,4,4,25,247
80,101,1579,159479,25,248,159473,159491,18,0.3333333333333333,0.3333333333333333,4,0,0.25,0.375,4,8,25,248
81,101,1583,159883,25,249,159871,159899,28,0.42857142857142855,0.25,4,1,0.25,0.5,4,4,25,249
82,101,1597,161297,25,250,161281,161303,22,0.7272727272727273,0.18181818181818182,4,1,0.25,0.14285714285714285,4,14,25,250
83,101,1601,161701,25,251,161683,161717,34,0.5294117647058824,0.11764705882352941,4,1,0.25,0.25,4,4,25,251
84,101,1607,162307,25,252,162293,162343,50,0.28,0.12,4,1,0.25,0.3333333333333333,4,6,25,252
85,101,1609,162509,25,253,162499,162517,18,0.5555555555555556,0.1111111111111111,4,1,0.25,0.5,4,2,25,253
86,101,1613,162913,25,254,162907,162917,10,0.6,0.6,4,0,0.25,0.5,4,4,25,254
87,101,1619,163519,25,255,163517,163543,26,0.07692307692307693,0.07692307692307693,4,0,0.25,0.8333333333333334,4,6,25,255
88,101,1621,163721,25,256,163697,163729,32,0.75,0.0625,4,1,0.25,0.5,4,2,25,256
89,101,1627,164327,25,257,164321,164341,20,0.3,0.1,4,1,0.25,0.16666666666666666,4,6,25,257
90,101,1637,165337,25,258,165331,165343,12,0.5,0.5,4,0,0.25,0.4,4,10,25,258
91,101,1657,167357,25,259,167341,167381,40,0.4,0.1,4,1,0.25,0.1,4,20,25,259
92,101,1663,167963,25,260,167953,167971,18,0.5555555555555556,0.2222222222222222,4,1,0.25,0.16666666666666666,4,6,25,260
93,101,1667,168367,25,261,168353,168391,38,0.3684210526315789,0.13157894736842105,4,1,0.25,0.5,4,4,25,261
94,101,1669,168569,25,262,168559,168599,40,0.25,0.1,4,1,0.25,0.5,4,2,25,262
95,101,1693,170993,25,263,170971,171007,36,0.6111111111111112,0.08333333333333333,4,1,0.25,0.5,4,24,25,263
96,101,1697,171397,25,264,171383,171401,18,0.7777777777777778,0.3333333333333333,4,1,0.25,0.5,4,4,25,264
97,101,1699,171599,25,265,171583,171617,34,0.47058823529411764,0.08823529411764706,4,1,0.25,0.5,4,2,25,265
98,101,1709,172609,25,266,172607,172619,12,0.16666666666666666,0.16666666666666666,4,0,0.25,0.4,4,10,25,266
99,101,1721,173821,25,267,173819,173827,8,0.25,0.25,4,0,0.25,0.16666666666666666,4,12,25,267
100,101,1723,174023,25,268,174019,174047,28,0.14285714285714285,0.10714285714285714,4,1,0.25,0.5,4,2,25,268
101,101,1733,175033,25,269,175013,175039,26,0.7692307692307693,0.19230769230769232,4,1,0.25,0.3,4,10,25,269
102,101,1741,175841,25,270,175837,175843,6,0.6666666666666666,0.3333333333333333,4,1,0.25,0.25,4,8,25,270
103,101,1747,176447,25,271,176431,176459,28,0.5714285714285714,0.21428571428571427,4,1,0.25,0.6666666666666666,4,6,25,271
104,101,1753,177053,25,272,177043,177091,48,0.20833333333333334,0.0625,4,1,0.25,0.6666666666666666,4,6,25,272
105,101,1759,177659,25,273,177647,177677,30,0.4,0.06666666666666667,4,1,0.25,0.16666666666666666,4,6,25,273
106,101,1777,179477,25,274,179471,179479,8,0.75,0.25,4,1,0.25,0.1111111111111111,4,18,25,274
107,101,1783,180083,25,275,180077,180097,20,0.3,0.3,4,0,0.25,0.3333333333333333,4,6,25,275
108,101,1787,180487,25,276,180473,180491,18,0.7777777777777778,0.2777777777777778,4,1,0.25,0.25,4,4,25,276
109,101,1789,180689,25,277,180679,180701,22,0.45454545454545453,0.18181818181818182,4,1,0.25,0.5,4,2,25,277
110,101,1801,181901,25,278,181891,181903,12,0.8333333333333334,0.16666666666666666,4,1,0.25,0.3333333333333333,4,12,25,278
111,101,1811,182911,25,279,182899,182921,22,0.5454545454545454,0.3181818181818182,4,1,0.25,0.2,4,10,25,279
112,101,1823,184123,25,280,184117,184133,16,0.375,0.375,4,0,0.25,0.25,4,12,25,280
113,101,1831,184931,25,281,184913,184949,36,0.5,0.1388888888888889,4,1,0.25,0.75,4,8,25,281
114,101,1847,186547,25,282,186481,186551,70,0.9428571428571428,0.014285714285714285,4,1,0.25,0.25,4,16,25,282
115,101,1861,187961,25,283,187951,187963,12,0.8333333333333334,0.3333333333333333,4,1,0.25,0.14285714285714285,4,14,25,283
116,101,1867,188567,25,284,188563,188579,16,0.25,0.25,4,0,0.25,0.6666666666666666,4,6,25,284
117,101,1871,188971,25,285,188957,188983,26,0.5384615384615384,0.07692307692307693,4,1,0.25,0.25,4,4,25,285
118,101,1873,189173,25,286,189169,189187,18,0.2222222222222222,0.2222222222222222,4,0,0.25,0.5,4,2,25,286
119,101,1877,189577,25,287,189559,189583,24,0.75,0.125,4,1,0.25,0.25,4,4,25,287
120,101,1879,189779,25,288,189767,189797,30,0.4,0.06666666666666667,4,1,0.25,0.5,4,2,25,288
121,101,1889,190789,25,289,190787,190793,6,0.3333333333333333,0.3333333333333333,4,0,0.25,0.3,4,10,25,289
122,101,1901,192001,25,290,191999,192007,8,0.25,0.25,4,0,0.25,0.16666666666666666,4,12,25,290
123,101,1907,192607,25,291,192601,192611,10,0.6,0.6,4,0,0.25,0.3333333333333333,4,6,25,291
124,101,1913,193213,25,292,193201,193243,42,0.2857142857142857,0.023809523809523808,4,1,0.25,0.3333333333333333,4,6,25,292
125,101,1931,195031,25,293,195029,195043,14,0.14285714285714285,0.14285714285714285,4,0,0.25,0.1111111111111111,4,18,25,293
126,101,1933,195233,25,294,195229,195241,12,0.3333333333333333,0.3333333333333333,4,0,0.25,0.5,4,2,25,294
127,101,1949,196849,25,295,196837,196853,16,0.75,0.0625,4,1,0.25,0.0625,4,16,25,295
128,101,1951,197051,25,296,197033,197059,26,0.6923076923076923,0.19230769230769232,4,1,0.25,0.5,4,2,25,296
129,101,1973,199273,25,297,199267,199289,22,0.2727272727272727,0.18181818181818182,4,1,0.25,0.13636363636363635,4,22,25,297
130,101,1979,199879,25,298,199877,199889,12,0.16666666666666666,0.16666666666666666,4,0,0.25,0.6666666666666666,4,6,25,298
131,101,1987,200687,25,299,200671,200689,18,0.8888888888888888,0.3333333333333333,4,1,0.25,0.25,4,8,25,299
132,101,1993,201293,25,300,201287,201307,20,0.3,0.3,4,0,0.25,0.6666666666666666,4,6,25,300
133,101,1997,201697,25,301,201683,201701,18,0.7777777777777778,0.3333333333333333,4,1,0.25,0.25,4,4,25,301
134,101,1999,201899,25,302,201893,201907,14,0.42857142857142855,0.42857142857142855,4,0,0.25,0.5,4,2,25,302
135,101,2003,202303,25,303,202291,202309,18,0.6666666666666666,0.2222222222222222,4,1,0.25,0.5,4,4,25,303
136,103,1009,103927,26,168,103919,103951,32,0.25,0.0625,4,1,0.5,0.08333333333333333,2,12,26,168
137,103,1013,104339,26,169,104327,104347,20,0.6,0.3,4,1,0.5,0.5,2,4,26,169
138,103,1019,104957,26,170,104953,104959,6,0.6666666666666666,0.6666666666666666,4,0,0.5,0.8333333333333334,2,6,26,170
139,103,1021,105163,26,171,105143,105167,24,0.8333333333333334,0.3333333333333333,4,1,0.5,0.5,2,2,26,171
140,103,1031,106193,26,172,106189,106207,18,0.2222222222222222,0.2222222222222222,4,0,0.5,0.6,2,10,26,172
141,103,1033,106399,26,173,106397,106411,14,0.14285714285714285,0.14285714285714285,4,0,0.5,0.5,2,2,26,173
142,103,1039,107017,26,174,106993,107021,28,0.8571428571428571,0.21428571428571427,4,1,0.5,0.6666666666666666,2,6,26,174
143,103,1049,108047,26,175,108041,108061,20,0.3,0.1,4,1,0.5,0.2,2,10,26,175
144,103,1051,108253,26,176,108247,108263,16,0.375,0.125,4,1,0.5,0.5,2,2,26,176
145,103,1061,109283,26,177,109279,109297,18,0.2222222222222222,0.2222222222222222,4,0,0.5,0.4,2,10,26,177
146,103,1063,109489,26,178,109481,109507,26,0.3076923076923077,0.23076923076923078,4,1,0.5,0.5,2,2,26,178
147,103,1069,110107,26,179,110083,110119,36,0.6666666666666666,0.1111111111111111,4,1,0.5,0.6666666666666666,2,6,26,179
148,103,1087,111961,26,180,111959,111973,14,0.14285714285714285,0.14285714285714285,4,0,0.5,0.2222222222222222,2,18,26,180
149,103,1091,112373,26,181,112363,112397,34,0.29411764705882354,0.11764705882352941,4,1,0.5,0.75,2,4,26,181
150,103,1093,112579,26,182,112577,112583,6,0.3333333333333333,0.3333333333333333,4,0,0.5,0.5,2,2,26,182
151,103,1097,112991,26,183,112979,112997,18,0.6666666666666666,0.1111111111111111,4,1,0.5,0.25,2,4,26,183
152,103,1103,113609,26,184,113591,113621,30,0.6,0.06666666666666667,4,1,0.5,0.3333333333333333,2,6,26,184
153,103,1109,114227,26,185,114221,114229,8,0.75,0.25,4,1,0.5,0.8333333333333334,2,6,26,185
154,103,1117,115051,26,186,115021,115057,36,0.8333333333333334,0.16666666666666666,4,1,0.5,0.25,2,8,26,186
155,103,1123,115669,26,187,115663,115679,16,0.375,0.375,4,0,0.5,0.3333333333333333,2,6,26,187
156,103,1129,116287,26,188,116279,116293,14,0.5714285714285714,0.5714285714285714,4,0,0.5,0.5,2,6,26,188
157,103,1151,118553,26,189,118549,118571,22,0.18181818181818182,0.18181818181818182,4,0,0.5,0.18181818181818182,2,22,26,189
158,103,1153,118759,26,190,118757,118787,30,0.06666666666666667,0.06666666666666667,4,0,0.5,0.5,2,2,26,190
159,103,1163,119789,26,191,119783,119797,14,0.42857142857142855,0.14285714285714285,4,1,0.5,0.1,2,10,26,191
160,103,1171,120613,26,192,120607,120619,12,0.5,0.3333333333333333,4,1,0.5,0.25,2,8,26,192
161,103,1181,121643,26,193,121637,121661,24,0.25,0.08333333333333333,4,1,0.5,0.3,2,10,26,193
162,103,1187,122261,26,194,122251,122263,12,0.8333333333333334,0.16666666666666666,4,1,0.5,0.8333333333333334,2,6,26,194
163,103,1193,122879,26,195,122869,122887,18,0.5555555555555556,0.5555555555555556,4,0,0.5,0.3333333333333333,2,6,26,195
164,103,1201,123703,26,196,123701,123707,6,0.3333333333333333,0.3333333333333333,4,0,0.5,0.25,2,8,26,196
165,103,1213,124939,26,197,124919,124951,32,0.625,0.0625,4,1,0.5,0.08333333333333333,2,12,26,197
166,103,1217,125351,26,198,125339,125353,14,0.8571428571428571,0.5714285714285714,4,1,0.5,0.25,2,4,26,198
167,103,1223,125969,26,199,125963,126001,38,0.15789473684210525,0.07894736842105263,4,1,0.5,0.3333333333333333,2,6,26,199
168,103,1229,126587,26,200,126583,126601,18,0.2222222222222222,0.2222222222222222,4,0,0.5,0.5,2,6,26,200
169,103,1231,126793,26,201,126781,126823,42,0.2857142857142857,0.023809523809523808,4,1,0.5,0.5,2,2,26,201
170,103,1237,127411,26,202,127403,127423,20,0.4,0.15,4,1,0.5,0.5,2,6,26,202
171,103,1249,128647,26,203,128629,128657,28,0.6428571428571429,0.14285714285714285,4,1,0.5,0.08333333333333333,2,12,26,203
172,103,1259,129677,26,204,129671,129707,36,0.16666666666666666,0.16666666666666666,4,0,0.5,0.4,2,10,26,204
173,103,1277,131531,26,205,131519,131543,24,0.5,0.125,4,1,0.5,0.1111111111111111,2,18,26,205
174,103,1279,131737,26,206,131731,131743,12,0.5,0.25,4,1,0.5,0.5,2,2,26,206
175,103,1283,132149,26,207,132137,132151,14,0.8571428571428571,0.35714285714285715,4,1,0.5,0.75,2,4,26,207
176,103,1289,132767,26,208,132763,132817,54,0.07407407407407407,0.05555555555555555,4,1,0.5,0.3333333333333333,2,6,26,208
177,103,1291,132973,26,209,132971,132989,18,0.1111111111111111,0.1111111111111111,4,0,0.5,0.5,2,2,26,209
178,103,1297,133591,26,210,133583,133597,14,0.5714285714285714,0.14285714285714285,4,1,0.5,0.3333333333333333,2,6,26,210
179,103,1301,134003,26,211,133999,134033,34,0.11764705882352941,0.11764705882352941,4,0,0.5,0.5,2,4,26,211
180,103,1303,134209,26,212,134207,134213,6,0.3333333333333333,0.3333333333333333,4,0,0.5,0.5,2,2,26,212
181,103,1307,134621,26,213,134609,134639,30,0.4,0.06666666666666667,4,1,0.5,0.75,2,4,26,213
182,103,1319,135857,26,214,135851,135859,8,0.75,0.25,4,1,0.5,0.5,2,12,26,214
183,103,1321,136063,26,215,136057,136067,10,0.6,0.4,4,1,0.5,0.5,2,2,26,215
184,103,1327,136681,26,216,136657,136691,34,0.7058823529411765,0.029411764705882353,4,1,0.5,0.16666666666666666,2,6,26,216
185,103,1361,140183,26,217,140177,140191,14,0.42857142857142855,0.2857142857142857,4,1,0.5,0.058823529411764705,2,34,26,217
186,103,1367,140801,26,218,140797,140813,16,0.25,0.125,4,1,0.5,0.3333333333333333,2,6,26,218
187,103,1373,141419,26,219,141413,141439,26,0.23076923076923078,0.07692307692307693,4,1,0.5,0.3333333333333333,2,6,26,219
188,103,1381,142243,26,220,142237,142271,34,0.17647058823529413,0.029411764705882353,4,1,0.5,0.75,2,8,26,220
189,103,1399,144097,26,221,144073,144103,30,0.8,0.13333333333333333,4,1,0.5,0.05555555555555555,2,18,26,221
190,103,1409,145127,26,222,145121,145133,12,0.5,0.5,4,0,0.5,0.2,2,10,26,222
191,103,1423,146569,26,223,146563,146581,18,0.3333333333333333,0.2222222222222222,4,1,0.5,0.14285714285714285,2,14,26,223
192,103,1427,146981,26,224,146977,146983,6,0.6666666666666666,0.6666666666666666,4,0,0.5,0.75,2,4,26,224
193,103,1429,147187,26,225,147179,147197,18,0.4444444444444444,0.1111111111111111,4,1,0.5,0.5,2,2,26,225
194,103,1433,147599,26,226,147583,147607,24,0.6666666666666666,0.16666666666666666,4,1,0.5,0.5,2,4,26,226
195,103,1439,148217,26,227,148207,148229,22,0.45454545454545453,0.45454545454545453,4,0,0.5,0.6666666666666666,2,6,26,227
196,103,1447,149041,26,228,149033,149053,20,0.4,0.4,4,0,0.5,0.25,2,8,26,228
197,103,1451,149453,26,229,149441,149459,18,0.6666666666666666,0.4444444444444444,4,1,0.5,0.25,2,4,26,229
198,103,1453,149659,26,230,149629,149689,60,0.5,0.03333333333333333,4,1,0.5,0.5,2,2,26,230
199,103,1459,150277,26,231,150247,150287,40,0.75,0.1,4,1,0.5,0.16666666666666666,2,6,26,231
200,103,1471,151513,26,232,151507,151517,10,0.6,0.2,4,1,0.5,0.16666666666666666,2,12,26,232
201,103,1481,152543,26,233,152539,152563,24,0.16666666666666666,0.16666666666666666,4,0,0.5,0.2,2,10,26,233
202,103,1483,152749,26,234,152729,152753,24,0.8333333333333334,0.08333333333333333,4,1,0.5,0.5,2,2,26,234
203,103,1487,153161,26,235,153151,153191,40,0.25,0.1,4,1,0.5,0.75,2,4,26,235
204,103,1489,153367,26,236,153359,153371,12,0.6666666666666666,0.6666666666666666,4,0,0.5,0.5,2,2,26,236
205,103,1493,153779,26,237,153763,153817,54,0.2962962962962963,0.05555555555555555,4,1,0.5,0.75,2,4,26,237
206,103,1499,154397,26,238,154387,154409,22,0.45454545454545453,0.18181818181818182,4,1,0.5,0.6666666666666666,2,6,26,238
207,103,1511,155633,26,239,155627,155653,26,0.23076923076923078,0.07692307692307693,4,1,0.5,0.16666666666666666,2,12,26,239
208,103,1523,156869,26,240,156841,156887,46,0.6086956521739131,0.13043478260869565,4,1,0.5,0.16666666666666666,2,12,26,240
209,103,1531,157693,26,241,157679,157721,42,0.3333333333333333,0.09523809523809523,4,1,0.5,0.5,2,8,26,241
210,103,1543,158929,26,242,158927,158941,14,0.14285714285714285,0.14285714285714285,4,0,0.5,0.3333333333333333,2,12,26,242
211,103,1549,159547,26,243,159541,159553,12,0.5,0.5,4,0,0.5,0.5,2,6,26,243
212,103,1553,159959,26,244,159937,159977,40,0.55,0.225,4,1,0.5,0.5,2,4,26,244
213,103,1559,160577,26,245,160553,160579,26,0.9230769230769231,0.19230769230769232,4,1,0.5,0.3333333333333333,2,6,26,245
214,103,1567,161401,26,246,161387,161407,20,0.7,0.1,4,1,0.5,0.25,2,8,26,246
215,103,1571,161813,26,247,161807,161831,24,0.25,0.25,4,0,0.5,0.5,2,4,26,247
216,103,1579,162637,26,248,162629,162641,12,0.6666666666666666,0.6666666666666666,4,0,0.5,0.375,2,8,26,248
217,103,1583,163049,26,249,163027,163061,34,0.6470588235294118,0.11764705882352941,4,1,0.5,0.5,2,4,26,249
218,103,1597,164491,26,250,164477,164503,26,0.5384615384615384,0.07692307692307693,4,1,0.5,0.14285714285714285,2,14,26,250
219,103,1601,164903,26,251,164893,164911,18,0.5555555555555556,0.2222222222222222,4,1,0.5,0.25,2,4,26,251
220,103,1607,165521,26,252,165511,165523,12,0.8333333333333334,0.16666666666666666,4,1,0.5,0.3333333333333333,2,6,26,252
221,103,1609,165727,26,253,165721,165749,28,0.21428571428571427,0.21428571428571427,4,0,0.5,0.5,2,2,26,253
222,103,1613,166139,26,254,166099,166147,48,0.8333333333333334,0.20833333333333334,4,1,0.5,0.5,2,4,26,254
223,103,1619,166757,26,255,166741,166781,40,0.4,0.1,4,1,0.5,0.8333333333333334,2,6,26,255
224,103,1621,166963,26,256,166949,166967,18,0.7777777777777778,0.1111111111111111,4,1,0.5,0.5,2,2,26,256
225,103,1627,167581,26,257,167543,167593,50,0.76,0.06,4,1,0.5,0.16666666666666666,2,6,26,257
226,103,1637,168611,26,258,168601,168617,16,0.625,0.25,4,1,0.5,0.4,2,10,26,258
227,103,1657,170671,26,259,170669,170689,20,0.1,0.1,4,0,0.5,0.1,2,20,26,259
228,103,1663,171289,26,260,171271,171293,22,0.8181818181818182,0.2727272727272727,4,1,0.5,0.16666666666666666,2,6,26,260
229,103,1667,171701,26,261,171697,171707,10,0.4,0.4,4,0,0.5,0.5,2,4,26,261
230,103,1669,171907,26,262,171889,171917,28,0.6428571428571429,0.42857142857142855,4,1,0.5,0.5,2,2,26,262
231,103,1693,174379,26,263,174367,174389,22,0.5454545454545454,0.18181818181818182,4,1,0.5,0.5,2,24,26,263
232,103,1697,174791,26,264,174773,174799,26,0.6923076923076923,0.23076923076923078,4,1,0.5,0.5,2,4,26,264
233,103,1699,174997,26,265,174991,175003,12,0.5,0.5,4,0,0.5,0.5,2,2,26,265
234,103,1709,176027,26,266,176023,176041,18,0.2222222222222222,0.2222222222222222,4,0,0.5,0.4,2,10,26,266
235,103,1721,177263,26,267,177257,177269,12,0.5,0.16666666666666666,4,1,0.5,0.16666666666666666,2,12,26,267
236,103,1723,177469,26,268,177467,177473,6,0.3333333333333333,0.3333333333333333,4,0,0.5,0.5,2,2,26,268
237,103,1733,178499,26,269,178489,178501,12,0.8333333333333334,0.16666666666666666,4,1,0.5,0.3,2,10,26,269
238,103,1741,179323,26,270,179321,179327,6,0.3333333333333333,0.3333333333333333,4,0,0.5,0.25,2,8,26,270
239,103,1747,179941,26,271,179939,179947,8,0.25,0.25,4,0,0.5,0.6666666666666666,2,6,26,271
240,103,1753,180559,26,272,180547,180563,16,0.75,0.25,4,1,0.5,0.6666666666666666,2,6,26,272
241,103,1759,181177,26,273,181157,181183,26,0.7692307692307693,0.23076923076923078,4,1,0.5,0.16666666666666666,2,6,26,273
242,103,1777,183031,26,274,183023,183037,14,0.5714285714285714,0.21428571428571427,4,1,0.5,0.1111111111111111,2,18,26,274
243,103,1783,183649,26,275,183637,183661,24,0.5,0.16666666666666666,4,1,0.5,0.3333333333333333,2,6,26,275
244,103,1787,184061,26,276,184057,184073,16,0.25,0.25,4,0,0.5,0.25,2,4,26,276
245,103,1789,184267,26,277,184259,184271,12,0.6666666666666666,0.6666666666666666,4,0,0.5,0.5,2,2,26,277
246,103,1801,185503,26,278,185491,185519,28,0.42857142857142855,0.35714285714285715,4,1,0.5,0.3333333333333333,2,12,26,278
247,103,1811,186533,26,279,186481,186551,70,0.7428571428571429,0.014285714285714285,4,1,0.5,0.2,2,10,26,279
248,103,1823,187769,26,280,187763,187787,24,0.25,0.25,4,0,0.5,0.25,2,12,26,280
249,103,1831,188593,26,281,188579,188603,24,0.5833333333333334,0.08333333333333333,4,1,0.5,0.75,2,8,26,281
250,103,1847,190241,26,282,190207,190243,36,0.9444444444444444,0.19444444444444445,4,1,0.5,0.25,2,16,26,282
251,103,1861,191683,26,283,191677,191689,12,0.5,0.5,4,0,0.5,0.14285714285714285,2,14,26,283
252,103,1867,192301,26,284,192271,192307,36,0.8333333333333334,0.05555555555555555,4,1,0.5,0.6666666666666666,2,6,26,284
253,103,1871,192713,26,285,192697,192737,40,0.4,0.6,3,-1,0.5,0.25,2,4,26,285
254,103,1873,192919,26,286,192917,192923,6,0.3333333333333333,0.3333333333333333,4,0,0.5,0.5,2,2,26,286
255,103,1877,193331,26,287,193327,193337,10,0.4,0.4,4,0,0.5,0.25,2,4,26,287
256,103,1879,193537,26,288,193513,193541,28,0.8571428571428571,0.03571428571428571,4,1,0.5,0.5,2,2,26,288
257,103,1889,194567,26,289,194543,194569,26,0.9230769230769231,0.15384615384615385,4,1,0.5,0.3,2,10,26,289
258,103,1901,195803,26,290,195791,195809,18,0.6666666666666666,0.1111111111111111,4,1,0.5,0.16666666666666666,2,12,26,290
259,103,1907,196421,26,291,196387,196429,42,0.8095238095238095,0.09523809523809523,4,1,0.5,0.3333333333333333,2,6,26,291
260,103,1913,197039,26,292,197033,197059,26,0.23076923076923078,0.19230769230769232,4,1,0.5,0.3333333333333333,2,6,26,292
261,103,1931,198893,26,293,198859,198899,40,0.85,0.075,4,1,0.5,0.1111111111111111,2,18,26,293
262,103,1933,199099,26,294,199081,199103,22,0.8181818181818182,0.09090909090909091,4,1,0.5,0.5,2,2,26,294
263,103,1949,200747,26,295,200731,200771,40,0.4,0.15,4,1,0.5,0.0625,2,16,26,295
264,103,1951,200953,26,296,200929,200971,42,0.5714285714285714,0.047619047619047616,4,1,0.5,0.5,2,2,26,296
265,103,1973,203219,26,297,203213,203221,8,0.75,0.75,4,0,0.5,0.13636363636363635,2,22,26,297
266,103,1979,203837,26,298,203821,203843,22,0.7272727272727273,0.2727272727272727,4,1,0.5,0.6666666666666666,2,6,26,298
267,103,1987,204661,26,299,204641,204667,26,0.7692307692307693,0.07692307692307693,4,1,0.5,0.25,2,8,26,299
268,103,1993,205279,26,300,205267,205297,30,0.4,0.13333333333333333,4,1,0.5,0.6666666666666666,2,6,26,300
269,103,1997,205691,26,301,205663,205703,40,0.7,0.15,4,1,0.5,0.25,2,4,26,301
270,103,1999,205897,26,302,205883,205913,30,0.4666666666666667,0.06666666666666667,4,1,0.5,0.5,2,2,26,302
271,103,2003,206309,26,303,206303,206341,38,0.15789473684210525,0.15789473684210525,4,0,0.5,0.5,2,4,26,303
272,107,1009,107963,27,168,107951,107971,20,0.6,0.1,4,1,0.75,0.08333333333333333,4,12,27,168
273,107,1013,108391,27,169,108379,108401,22,0.5454545454545454,0.3181818181818182,4,1,0.75,0.5,4,4,27,169
274,107,1019,109033,27,170,109013,109037,24,0.8333333333333334,0.08333333333333333,4,1,0.75,0.8333333333333334,4,6,27,170
275,107,1021,109247,27,171,109229,109253,24,0.75,0.08333333333333333,4,1,0.75,0.5,4,2,27,171
276,107,1031,110317,27,172,110311,110321,10,0.6,0.4,4,1,0.75,0.6,4,10,27,172
277,107,1033,110531,27,173,110527,110533,6,0.6666666666666666,0.6666666666666666,4,0,0.75,0.5,4,2,27,173
278,107,1039,111173,27,174,111149,111187,38,0.631578947368421,0.05263157894736842,4,1,0.75,0.6666666666666666,4,6,27,174
279,107,1049,112243,27,175,112241,112247,6,0.3333333333333333,0.3333333333333333,4,0,0.75,0.2,4,10,27,175
280,107,1051,112457,27,176,112429,112459,30,0.9333333333333333,0.13333333333333333,4,1,0.75,0.5,4,2,27,176
281,107,1061,113527,27,177,113513,113537,24,0.5833333333333334,0.25,4,1,0.75,0.4,4,10,27,177
282,107,1063,113741,27,178,113731,113749,18,0.5555555555555556,0.5555555555555556,4,0,0.75,0.5,4,2,27,178
283,107,1069,114383,27,179,114377,114407,30,0.2,0.06666666666666667,4,1,0.75,0.6666666666666666,4,6,27,179
284,107,1087,116309,27,180,116293,116329,36,0.4444444444444444,0.027777777777777776,4,1,0.75,0.2222222222222222,4,18,27,180
285,107,1091,116737,27,181,116731,116741,10,0.6,0.3,4,1,0.75,0.75,4,4,27,181
286,107,1093,116951,27,182,116933,116953,20,0.9,0.3,4,1,0.75,0.5,4,2,27,182
287,107,1097,117379,27,183,117373,117389,16,0.375,0.0625,4,1,0.75,0.25,4,4,27,183
288,107,1103,118021,27,184,117991,118033,42,0.7142857142857143,0.07142857142857142,4,1,0.75,0.3333333333333333,4,6,27,184
289,107,1109,118663,27,185,118661,118669,8,0.25,0.25,4,0,0.75,0.8333333333333334,4,6,27,185
290,107,1117,119519,27,186,119513,119533,20,0.3,0.2,4,1,0.75,0.25,4,8,27,186
291,107,1123,120161,27,187,120157,120163,6,0.6666666666666666,0.6666666666666666,4,0,0.75,0.3333333333333333,4,6,27,187
292,107,1129,120803,27,188,120779,120811,32,0.75,0.0625,4,1,0.75,0.5,4,6,27,188
293,107,1151,123157,27,189,123143,123169,26,0.5384615384615384,0.23076923076923078,4,1,0.75,0.18181818181818182,4,22,27,189
294,107,1153,123371,27,190,123341,123373,32,0.9375,0.0625,4,1,0.75,0.5,4,2,27,190
295,107,1163,124441,27,191,124433,124447,14,0.5714285714285714,0.2857142857142857,4,1,0.75,0.1,4,10,27,191
296,107,1171,125297,27,192,125287,125299,12,0.8333333333333334,0.3333333333333333,4,1,0.75,0.25,4,8,27,192
297,107,1181,126367,27,193,126359,126397,38,0.21052631578947367,0.05263157894736842,4,1,0.75,0.3,4,10,27,193
298,107,1187,127009,27,194,126989,127031,42,0.47619047619047616,0.09523809523809523,4,1,0.75,0.8333333333333334,4,6,27,194
299,107,1193,127651,27,195,127649,127657,8,0.25,0.25,4,0,0.75,0.3333333333333333,4,6,27,195
300,107,1201,128507,27,196,128489,128509,20,0.9,0.1,4,1,0.75,0.25,4,8,27,196
301,107,1213,129791,27,197,129769,129793,24,0.9166666666666666,0.16666666666666666,4,1,0.75,0.08333333333333333,4,12,27,197
302,107,1217,130219,27,198,130211,130223,12,0.6666666666666666,0.16666666666666666,4,1,0.75,0.25,4,4,27,198
303,107,1223,130861,27,199,130859,130873,14,0.14285714285714285,0.14285714285714285,4,0,0.75,0.3333333333333333,4,6,27,199
304,107,1229,131503,27,200,131501,131507,6,0.3333333333333333,0.3333333333333333,4,0,0.75,0.5,4,6,27,200
305,107,1231,131717,27,201,131713,131731,18,0.2222222222222222,0.2222222222222222,4,0,0.75,0.5,4,2,27,201
306,107,1237,132359,27,202,132347,132361,14,0.8571428571428571,0.42857142857142855,4,1,0.75,0.5,4,6,27,202
307,107,1249,133643,27,203,133633,133649,16,0.625,0.375,4,1,0.75,0.08333333333333333,4,12,27,203
308,107,1259,134713,27,204,134707,134731,24,0.25,0.16666666666666666,4,1,0.75,0.4,4,10,27,204
309,107,1277,136639,27,205,136621,136649,28,0.6428571428571429,0.03571428571428571,4,1,0.75,0.1111111111111111,4,18,27,205
310,107,1279,136853,27,206,136849,136859,10,0.4,0.4,4,0,0.75,0.5,4,2,27,206
311,107,1283,137281,27,207,137279,137303,24,0.08333333333333333,0.08333333333333333,4,0,0.75,0.75,4,4,27,207
312,107,1289,137923,27,208,137911,137927,16,0.75,0.125,4,1,0.75,0.3333333333333333,4,6,27,208
313,107,1291,138137,27,209,138113,138139,26,0.9230769230769231,0.23076923076923078,4,1,0.75,0.5,4,2,27,209
314,107,1297,138779,27,210,138763,138793,30,0.5333333333333333,0.1,4,1,0.75,0.3333333333333333,4,6,27,210
315,107,1301,139207,27,211,139201,139241,40,0.15,0.15,4,0,0.75,0.5,4,4,27,211
316,107,1303,139421,27,212,139409,139423,14,0.8571428571428571,0.14285714285714285,4,1,0.75,0.5,4,2,27,212
317,107,1307,139849,27,213,139837,139861,24,0.5,0.25,4,1,0.75,0.75,4,4,27,213
318,107,1319,141133,27,214,141131,141157,26,0.07692307692307693,0.07692307692307693,4,0,0.75,0.5,4,12,27,214
319,107,1321,141347,27,215,141319,141353,34,0.8235294117647058,0.20588235294117646,4,1,0.75,0.5,4,2,27,215
320,107,1327,141989,27,216,141971,141991,20,0.9,0.3,4,1,0.75,0.16666666666666666,4,6,27,216
321,107,1361,145627,27,217,145603,145633,30,0.8,0.2,4,1,0.75,0.058823529411764705,4,34,27,217
322,107,1367,146269,27,218,146249,146273,24,0.8333333333333334,0.16666666666666666,4,1,0.75,0.3333333333333333,4,6,27,218
323,107,1373,146911,27,219,146893,146917,24,0.75,0.16666666666666666,4,1,0.75,0.3333333333333333,4,6,27,219
324,107,1381,147767,27,220,147761,147769,8,0.75,0.625,4,1,0.75,0.75,4,8,27,220
325,107,1399,149693,27,221,149689,149711,22,0.18181818181818182,0.18181818181818182,4,0,0.75,0.05555555555555555,4,18,27,221
326,107,1409,150763,27,222,150743,150767,24,0.8333333333333334,0.25,4,1,0.75,0.2,4,10,27,222
327,107,1423,152261,27,223,152249,152267,18,0.6666666666666666,0.1111111111111111,4,1,0.75,0.14285714285714285,4,14,27,223
328,107,1427,152689,27,224,152681,152717,36,0.2222222222222222,0.05555555555555555,4,1,0.75,0.75,4,4,27,224
329,107,1429,152903,27,225,152899,152909,10,0.4,0.4,4,0,0.75,0.5,4,2,27,225
330,107,1433,153331,27,226,153319,153337,18,0.6666666666666666,0.4444444444444444,4,1,0.75,0.5,4,4,27,226
331,107,1439,153973,27,227,153953,153991,38,0.5263157894736842,0.21052631578947367,4,1,0.75,0.6666666666666666,4,6,27,227
332,107,1447,154829,27,228,154823,154841,18,0.3333333333333333,0.3333333333333333,4,0,0.75,0.25,4,8,27,228
333,107,1451,155257,27,229,155251,155269,18,0.3333333333333333,0.2222222222222222,4,1,0.75,0.25,4,4,27,229
334,107,1453,155471,27,230,155461,155473,12,0.8333333333333334,0.08333333333333333,4,1,0.75,0.5,4,2,27,230
335,107,1459,156113,27,231,156109,156119,10,0.4,0.4,4,0,0.75,0.16666666666666666,4,6,27,231
336,107,1471,157397,27,232,157393,157411,18,0.2222222222222222,0.05555555555555555,4,1,0.75,0.16666666666666666,4,12,27,232
337,107,1481,158467,27,233,158449,158489,40,0.45,0.05,4,1,0.75,0.2,4,10,27,233
338,107,1483,158681,27,234,158663,158699,36,0.5,0.08333333333333333,4,1,0.75,0.5,4,2,27,234
339,107,1487,159109,27,235,159097,159113,16,0.75,0.0625,4,1,0.75,0.75,4,4,27,235
340,107,1489,159323,27,236,159319,159337,18,0.2222222222222222,0.2222222222222222,4,0,0.75,0.5,4,2,27,236
341,107,1493,159751,27,237,159739,159763,24,0.5,0.16666666666666666,4,1,0.75,0.75,4,4,27,237
342,107,1499,160393,27,238,160387,160397,10,0.6,0.6,4,0,0.75,0.6666666666666666,4,6,27,238
343,107,1511,161677,27,239,161659,161683,24,0.75,0.08333333333333333,4,1,0.75,0.16666666666666666,4,12,27,239
344,107,1523,162961,27,240,162947,162971,24,0.5833333333333334,0.08333333333333333,4,1,0.75,0.16666666666666666,4,12,27,240
345,107,1531,163817,27,241,163811,163819,8,0.75,0.25,4,1,0.75,0.5,4,8,27,241
346,107,1543,165101,27,242,165089,165103,14,0.8571428571428571,0.14285714285714285,4,1,0.75,0.3333333333333333,4,12,27,242
347,107,1549,165743,27,243,165721,165749,28,0.7857142857142857,0.21428571428571427,4,1,0.75,0.5,4,6,27,243
348,107,1553,166171,27,244,166169,166183,14,0.14285714285714285,0.14285714285714285,4,0,0.75,0.5,4,4,27,244
349,107,1559,166813,27,245,166807,166823,16,0.375,0.125,4,1,0.75,0.3333333333333333,4,6,27,245
350,107,1567,167669,27,246,167663,167677,14,0.42857142857142855,0.14285714285714285,4,1,0.75,0.25,4,8,27,246
351,107,1571,168097,27,247,168089,168109,20,0.4,0.25,4,1,0.75,0.5,4,4,27,247
352,107,1579,168953,27,248,168943,168977,34,0.29411764705882354,0.11764705882352941,4,1,0.75,0.375,4,8,27,248
353,107,1583,169381,27,249,169373,169399,26,0.3076923076923077,0.23076923076923078,4,1,0.75,0.5,4,4,27,249
354,107,1597,170879,27,250,170873,170881,8,0.75,0.625,4,1,0.75,0.14285714285714285,4,14,27,250
355,107,1601,171307,27,251,171299,171317,18,0.4444444444444444,0.1111111111111111,4,1,0.75,0.25,4,4,27,251
356,107,1607,171949,27,252,171947,172001,54,0.037037037037037035,0.037037037037037035,4,0,0.75,0.3333333333333333,4,6,27,252
357,107,1609,172163,27,253,172157,172169,12,0.5,0.5,4,0,0.75,0.5,4,2,27,253
358,107,1613,172591,27,254,172589,172597,8,0.25,0.25,4,0,0.75,0.5,4,4,27,254
359,107,1619,173233,27,255,173219,173249,30,0.4666666666666667,0.06666666666666667,4,1,0.75,0.8333333333333334,4,6,27,255
360,107,1621,173447,27,256,173431,173473,42,0.38095238095238093,0.09523809523809523,4,1,0.75,0.5,4,2,27,256
361,107,1627,174089,27,257,174079,174091,12,0.8333333333333334,0.16666666666666666,4,1,0.75,0.16666666666666666,4,6,27,257
362,107,1637,175159,27,258,175141,175211,70,0.2571428571428571,0.14285714285714285,4,1,0.75,0.4,4,10,27,258
363,107,1657,177299,27,259,177283,177301,18,0.8888888888888888,0.16666666666666666,4,1,0.75,0.1,4,20,27,259
364,107,1663,177941,27,260,177929,177943,14,0.8571428571428571,0.14285714285714285,4,1,0.75,0.16666666666666666,4,6,27,260
365,107,1667,178369,27,261,178361,178393,32,0.25,0.0625,4,1,0.75,0.5,4,4,27,261
366,107,1669,178583,27,262,178571,178597,26,0.46153846153846156,0.07692307692307693,4,1,0.75,0.5,4,2,27,262
367,107,1693,181151,27,263,181141,181157,16,0.625,0.25,4,1,0.75,0.5,4,24,27,263
368,107,1697,181579,27,264,181553,181603,50,0.52,0.16,4,1,0.75,0.5,4,4,27,264
369,107,1699,181793,27,265,181789,181813,24,0.16666666666666666,0.16666666666666666,4,0,0.75,0.5,4,2,27,265
370,107,1709,182863,27,266,182857,182867,10,0.6,0.2,4,1,0.75,0.4,4,10,27,266
371,107,1721,184147,27,267,184133,184153,20,0.7,0.2,4,1,0.75,0.16666666666666666,4,12,27,267
372,107,1723,184361,27,268,184351,184369,18,0.5555555555555556,0.16666666666666666,4,1,0.75,0.5,4,2,27,268
373,107,1733,185431,27,269,185429,185441,12,0.16666666666666666,0.16666666666666666,4,0,0.75,0.3,4,10,27,269
374,107,1741,186287,27,270,186283,186299,16,0.25,0.25,4,0,0.75,0.25,4,8,27,270
375,107,1747,186929,27,271,186917,186947,30,0.4,0.2,4,1,0.75,0.6666666666666666,4,6,27,271
376,107,1753,187571,27,272,187559,187573,14,0.8571428571428571,0.5714285714285714,4,1,0.75,0.6666666666666666,4,6,27,272
377,107,1759,188213,27,273,188197,188249,52,0.3076923076923077,0.019230769230769232,4,1,0.75,0.16666666666666666,4,6,27,273
378,107,1777,190139,27,274,190129,190147,18,0.5555555555555556,0.1111111111111111,4,1,0.75,0.1111111111111111,4,18,27,274
379,107,1783,190781,27,275,190769,190783,14,0.8571428571428571,0.14285714285714285,4,1,0.75,0.3333333333333333,4,6,27,275
380,107,1787,191209,27,276,191189,191227,38,0.5263157894736842,0.13157894736842105,4,1,0.75,0.25,4,4,27,276
381,107,1789,191423,27,277,191413,191441,28,0.35714285714285715,0.03571428571428571,4,1,0.75,0.5,4,2,27,277
382,107,1801,192707,27,278,192697,192737,40,0.25,0.6,3,-1,0.75,0.3333333333333333,4,12,27,278
383,107,1811,193777,27,279,193771,193789,18,0.3333333333333333,0.1111111111111111,4,1,0.75,0.2,4,10,27,279
384,107,1823,195061,27,280,195053,195071,18,0.4444444444444444,0.3333333333333333,4,1,0.75,0.25,4,12,27,280
385,107,1831,195917,27,281,195913,195919,6,0.6666666666666666,0.6666666666666666,4,0,0.75,0.75,4,8,27,281
386,107,1847,197629,27,282,197621,197641,20,0.4,0.1,4,1,0.75,0.25,4,16,27,282
387,107,1861,199127,27,283,199109,199151,42,0.42857142857142855,0.19047619047619047,4,1,0.75,0.14285714285714285,4,14,27,283
388,107,1867,199769,27,284,199753,199777,24,0.6666666666666666,0.041666666666666664,4,1,0.75,0.6666666666666666,4,6,27,284
389,107,1871,200197,27,285,200191,200201,10,0.6,0.4,4,1,0.75,0.25,4,4,27,285
390,107,1873,200411,27,286,200407,200437,30,0.13333333333333333,0.13333333333333333,4,0,0.75,0.5,4,2,27,286
391,107,1877,200839,27,287,200807,200843,36,0.8888888888888888,0.05555555555555555,4,1,0.75,0.25,4,4,27,287
392,107,1879,201053,27,288,201049,201073,24,0.16666666666666666,0.16666666666666666,4,0,0.75,0.5,4,2,27,288
393,107,1889,202123,27,289,202121,202127,6,0.3333333333333333,0.3333333333333333,4,0,0.75,0.3,4,10,27,289
394,107,1901,203407,27,290,203393,203417,24,0.5833333333333334,0.375,4,1,0.75,0.16666666666666666,4,12,27,290
395,107,1907,204049,27,291,204047,204059,12,0.16666666666666666,0.16666666666666666,4,0,0.75,0.3333333333333333,4,6,27,291
396,107,1913,204691,27,292,204679,204707,28,0.42857142857142855,0.07142857142857142,4,1,0.75,0.3333333333333333,4,6,27,292
397,107,1931,206617,27,293,206603,206623,20,0.7,0.4,4,1,0.75,0.1111111111111111,4,18,27,293
398,107,1933,206831,27,294,206827,206879,52,0.07692307692307693,0.07692307692307693,4,0,0.75,0.5,4,2,27,294
399,107,1949,208543,27,295,208529,208553,24,0.5833333333333334,0.08333333333333333,4,1,0.75,0.0625,4,16,27,295
400,107,1951,208757,27,296,208739,208759,20,0.9,0.1,4,1,0.75,0.5,4,2,27,296
401,107,1973,211111,27,297,211097,211129,32,0.4375,0.1875,4,1,0.75,0.13636363636363635,4,22,27,297
402,107,1979,211753,27,298,211747,211777,30,0.2,0.06666666666666667,4,1,0.75,0.6666666666666666,4,6,27,298
403,107,1987,212609,27,299,212593,212627,34,0.47058823529411764,0.029411764705882353,4,1,0.75,0.25,4,8,27,299
404,107,1993,213251,27,300,213247,213253,6,0.6666666666666666,0.6666666666666666,4,0,0.75,0.6666666666666666,4,6,27,300
405,107,1997,213679,27,301,213659,213713,54,0.37037037037037035,0.14814814814814814,4,1,0.75,0.25,4,4,27,301
406,107,1999,213893,27,302,213887,213901,14,0.42857142857142855,0.14285714285714285,4,1,0.75,0.5,4,2,27,302
407,107,2003,214321,27,303,214309,214351,42,0.2857142857142857,0.047619047619047616,4,1,0.75,0.5,4,4,27,303
408,109,1009,109981,28,168,109961,109987,26,0.7692307692307693,0.19230769230769232,4,1,0.5,0.08333333333333333,2,12,28,168
409,109,1013,110417,28,169,110359,110419,60,0.9666666666666667,0.03333333333333333,4,1,0.5,0.5,2,4,28,169
410,109,1019,111071,28,170,111053,111091,38,0.47368421052631576,0.10526315789473684,4,1,0.5,0.8333333333333334,2,6,28,170
411,109,1021,111289,28,171,111271,111301,30,0.6,0.2,4,1,0.5,0.5,2,2,28,171
412,109,1031,112379,28,172,112363,112397,34,0.47058823529411764,0.11764705882352941,4,1,0.5,0.6,2,10,28,172
413,109,1033,112597,28,173,112589,112601,12,0.6666666666666666,0.6666666666666666,4,0,0.5,0.5,2,2,28,173
414,109,1039,113251,28,174,113233,113279,46,0.391304347826087,0.08695652173913043,4,1,0.5,0.6666666666666666,2,6,28,174
415,109,1049,114341,28,175,114329,114343,14,0.8571428571428571,0.14285714285714285,4,1,0.5,0.2,2,10,28,175
416,109,1051,114559,28,176,114553,114571,18,0.3333333333333333,0.2222222222222222,4,1,0.5,0.5,2,2,28,176
417,109,1061,115649,28,177,115637,115657,20,0.6,0.1,4,1,0.5,0.4,2,10,28,177
418,109,1063,115867,28,178,115861,115873,12,0.5,0.3333333333333333,4,1,0.5,0.5,2,2,28,178
419,109,1069,116521,28,179,116507,116531,24,0.5833333333333334,0.08333333333333333,4,1,0.5,0.6666666666666666,2,6,28,179
420,109,1087,118483,28,180,118471,118493,22,0.5454545454545454,0.2727272727272727,4,1,0.5,0.2222222222222222,2,18,28,180
421,109,1091,118919,28,181,118913,118927,14,0.42857142857142855,0.42857142857142855,4,0,0.5,0.75,2,4,28,181
422,109,1093,119137,28,182,119131,119159,28,0.21428571428571427,0.10714285714285714,4,1,0.5,0.5,2,2,28,182
423,109,1097,119573,28,183,119569,119591,22,0.18181818181818182,0.09090909090909091,4,1,0.5,0.25,2,4,28,183
424,109,1103,120227,28,184,120223,120233,10,0.4,0.4,4,0,0.5,0.3333333333333333,2,6,28,184
425,109,1109,120881,28,185,120877,120889,12,0.3333333333333333,0.3333333333333333,4,0,0.5,0.8333333333333334,2,6,28,185
426,109,1117,121753,28,186,121727,121763,36,0.7222222222222222,0.05555555555555555,4,1,0.5,0.25,2,8,28,186
427,109,1123,122407,28,187,122401,122443,42,0.14285714285714285,0.047619047619047616,4,1,0.5,0.3333333333333333,2,6,28,187
428,109,1129,123061,28,188,123059,123077,18,0.1111111111111111,0.1111111111111111,4,0,0.5,0.5,2,6,28,188
429,109,1151,125459,28,189,125453,125471,18,0.3333333333333333,0.3333333333333333,4,0,0.5,0.18181818181818182,2,22,28,189
430,109,1153,125677,28,190,125669,125683,14,0.5714285714285714,0.5714285714285714,4,0,0.5,0.5,2,2,28,190
431,109,1163,126767,28,191,126761,126781,20,0.3,0.3,4,0,0.5,0.1,2,10,28,191
432,109,1171,127639,28,192,127637,127643,6,0.3333333333333333,0.3333333333333333,4,0,0.5,0.25,2,8,28,192
433,109,1181,128729,28,193,128717,128747,30,0.4,0.06666666666666667,4,1,0.5,0.3,2,10,28,193
434,109,1187,129383,28,194,129379,129401,22,0.18181818181818182,0.18181818181818182,4,0,0.5,0.8333333333333334,2,6,28,194
435,109,1193,130037,28,195,130027,130043,16,0.625,0.25,4,1,0.5,0.3333333333333333,2,6,28,195
436,109,1201,130909,28,196,130873,130927,54,0.6666666666666666,0.018518518518518517,4,1,0.5,0.25,2,8,28,196
437,109,1213,132217,28,197,132199,132229,30,0.6,0.13333333333333333,4,1,0.5,0.08333333333333333,2,12,28,197
438,109,1217,132653,28,198,132647,132661,14,0.42857142857142855,0.42857142857142855,4,0,0.5,0.25,2,4,28,198
439,109,1223,133307,28,199,133303,133319,16,0.25,0.1875,4,1,0.5,0.3333333333333333,2,6,28,199
440,109,1229,133961,28,200,133949,133963,14,0.8571428571428571,0.2857142857142857,4,1,0.5,0.5,2,6,28,200
441,109,1231,134179,28,201,134177,134191,14,0.14285714285714285,0.14285714285714285,4,0,0.5,0.5,2,2,28,201
442,109,1237,134833,28,202,134807,134837,30,0.8666666666666667,0.06666666666666667,4,1,0.5,0.5,2,6,28,202
443,109,1249,136141,28,203,136139,136163,24,0.08333333333333333,0.08333333333333333,4,0,0.5,0.08333333333333333,2,12,28,203
444,109,1259,137231,28,204,137219,137239,20,0.6,0.1,4,1,0.5,0.4,2,10,28,204
445,109,1277,139193,28,205,139187,139199,12,0.5,0.16666666666666666,4,1,0.5,0.1111111111111111,2,18,28,205
446,109,1279,139411,28,206,139409,139423,14,0.14285714285714285,0.14285714285714285,4,0,0.5,0.5,2,2,28,206
447,109,1283,139847,28,207,139837,139861,24,0.4166666666666667,0.25,4,1,0.5,0.75,2,4,28,207
448,109,1289,140501,28,208,140477,140521,44,0.5454545454545454,0.045454545454545456,4,1,0.5,0.3333333333333333,2,6,28,208
449,109,1291,140719,28,209,140717,140729,12,0.16666666666666666,0.16666666666666666,4,0,0.5,0.5,2,2,28,209
450,109,1297,141373,28,210,141371,141397,26,0.07692307692307693,0.07692307692307693,4,0,0.5,0.3333333333333333,2,6,28,210
451,109,1301,141809,28,211,141803,141811,8,0.75,0.5,4,1,0.5,0.5,2,4,28,211
452,109,1303,142027,28,212,142019,142031,12,0.6666666666666666,0.16666666666666666,4,1,0.5,0.5,2,2,28,212
453,109,1307,142463,28,213,142453,142469,16,0.625,0.375,4,1,0.5,0.75,2,4,28,213
454,109,1319,143771,28,214,143743,143779,36,0.7777777777777778,0.1111111111111111,4,1,0.5,0.5,2,12,28,214
455,109,1321,143989,28,215,143981,143999,18,0.4444444444444444,0.2777777777777778,4,1,0.5,0.5,2,2,28,215
456,109,1327,144643,28,216,144629,144659,30,0.4666666666666667,0.06666666666666667,4,1,0.5,0.16666666666666666,2,6,28,216
457,109,1361,148349,28,217,148339,148361,22,0.45454545454545453,0.18181818181818182,4,1,0.5,0.058823529411764705,2,34,28,217
458,109,1367,149003,28,218,148997,149011,14,0.42857142857142855,0.14285714285714285,4,1,0.5,0.3333333333333333,2,6,28,218
459,109,1373,149657,28,219,149629,149689,60,0.4666666666666667,0.03333333333333333,4,1,0.5,0.3333333333333333,2,6,28,219
460,109,1381,150529,28,220,150523,150533,10,0.6,0.4,4,1,0.5,0.75,2,8,28,220
461,109,1399,152491,28,221,152461,152501,40,0.75,0.025,4,1,0.5,0.05555555555555555,2,18,28,221
462,109,1409,153581,28,222,153563,153589,26,0.6923076923076923,0.07692307692307693,4,1,0.5,0.2,2,10,28,222
463,109,1423,155107,28,223,155087,155119,32,0.625,0.1875,4,1,0.5,0.14285714285714285,2,14,28,223
464,109,1427,155543,28,224,155539,155557,18,0.2222222222222222,0.2222222222222222,4,0,0.5,0.75,2,4,28,224
465,109,1429,155761,28,225,155747,155773,26,0.5384615384615384,0.07692307692307693,4,1,0.5,0.5,2,2,28,225
466,109,1433,156197,28,226,156157,156217,60,0.6666666666666666,0.016666666666666666,4,1,0.5,0.5,2,4,28,226
467,109,1439,156851,28,227,156841,156887,46,0.21739130434782608,0.13043478260869565,4,1,0.5,0.6666666666666666,2,6,28,227
468,109,1447,157723,28,228,157721,157733,12,0.16666666666666666,0.16666666666666666,4,0,0.5,0.25,2,8,28,228
469,109,1451,158159,28,229,158143,158161,18,0.8888888888888888,0.3333333333333333,4,1,0.5,0.25,2,4,28,229
470,109,1453,158377,28,230,158371,158393,22,0.2727272727272727,0.13636363636363635,4,1,0.5,0.5,2,2,28,230
471,109,1459,159031,28,231,159023,159059,36,0.2222222222222222,0.2222222222222222,4,0,0.5,0.16666666666666666,2,6,28,231
472,109,1471,160339,28,232,160319,160343,24,0.8333333333333334,0.16666666666666666,4,1,0.5,0.16666666666666666,2,12,28,232
473,109,1481,161429,28,233,161411,161453,42,0.42857142857142855,0.047619047619047616,4,1,0.5,0.2,2,10,28,233
474,109,1483,161647,28,234,161641,161659,18,0.3333333333333333,0.1111111111111111,4,1,0.5,0.5,2,2,28,234
475,109,1487,162083,28,235,162079,162091,12,0.3333333333333333,0.25,4,1,0.5,0.75,2,4,28,235
476,109,1489,162301,28,236,162293,162343,50,0.16,0.12,4,1,0.5,0.5,2,2,28,236
477,109,1493,162737,28,237,162731,162739,8,0.75,0.25,4,1,0.5,0.75,2,4,28,237
478,109,1499,163391,28,238,163367,163393,26,0.9230769230769231,0.07692307692307693,4,1,0.5,0.6666666666666666,2,6,28,238
479,109,1511,164699,28,239,164683,164701,18,0.8888888888888888,0.2222222222222222,4,1,0.5,0.16666666666666666,2,12,28,239
480,109,1523,166007,28,240,165983,166013,30,0.8,0.2,4,1,0.5,0.16666666666666666,2,12,28,240
481,109,1531,166879,28,241,166871,166909,38,0.21052631578947367,0.07894736842105263,4,1,0.5,0.5,2,8,28,241
482,109,1543,168187,28,242,168151,168193,42,0.8571428571428571,0.14285714285714285,4,1,0.5,0.3333333333333333,2,12,28,242
483,109,1549,168841,28,243,168803,168851,48,0.7916666666666666,0.08333333333333333,4,1,0.5,0.5,2,6,28,243
484,109,1553,169277,28,244,169259,169283,24,0.75,0.08333333333333333,4,1,0.5,0.5,2,4,28,244
485,109,1559,169931,28,245,169919,169933,14,0.8571428571428571,0.14285714285714285,4,1,0.5,0.3333333333333333,2,6,28,245
486,109,1567,170803,28,246,170801,170809,8,0.25,0.25,4,0,0.5,0.25,2,8,28,246
487,109,1571,171239,28,247,171233,171251,18,0.3333333333333333,0.2777777777777778,4,1,0.5,0.5,2,4,28,247
488,109,1579,172111,28,248,172097,172127,30,0.4666666666666667,0.06666666666666667,4,1,0.5,0.375,2,8,28,248
489,109,1583,172547,28,249,172541,172553,12,0.5,0.5,4,0,0.5,0.5,2,4,28,249
490,109,1597,174073,28,250,174071,174077,6,0.3333333333333333,0.3333333333333333,4,0,0.5,0.14285714285714285,2,14,28,250
491,109,1601,174509,28,251,174491,174527,36,0.5,0.16666666666666666,4,1,0.5,0.25,2,4,28,251
492,109,1607,175163,28,252,175141,175211,70,0.3142857142857143,0.14285714285714285,4,1,0.5,0.3333333333333333,2,6,28,252
493,109,1609,175381,28,253,175361,175391,30,0.6666666666666666,0.06666666666666667,4,1,0.5,0.5,2,2,28,253
494,109,1613,175817,28,254,175811,175829,18,0.3333333333333333,0.3333333333333333,4,0,0.5,0.5,2,4,28,254
495,109,1619,176471,28,255,176467,176489,22,0.18181818181818182,0.18181818181818182,4,0,0.5,0.8333333333333334,2,6,28,255
496,109,1621,176689,28,256,176677,176699,22,0.5454545454545454,0.045454545454545456,4,1,0.5,0.5,2,2,28,256
497,109,1627,177343,28,257,177337,177347,10,0.6,0.2,4,1,0.5,0.16666666666666666,2,6,28,257
498,109,1637,178433,28,258,178417,178439,22,0.7272727272727273,0.045454545454545456,4,1,0.5,0.4,2,10,28,258
499,109,1657,180613,28,259,180569,180617,48,0.9166666666666666,0.041666666666666664,4,1,0.5,0.1,2,20,28,259
500,109,1663,181267,28,260,181253,181273,20,0.7,0.1,4,1,0.5,0.16666666666666666,2,6,28,260
501,109,1667,181703,28,261,181693,181711,18,0.5555555555555556,0.05555555555555555,4,1,0.5,0.5,2,4,28,261
502,109,1669,181921,28,262,181919,181927,8,0.25,0.25,4,0,0.5,0.5,2,2,28,262
503,109,1693,184537,28,263,184523,184553,30,0.4666666666666667,0.26666666666666666,4,1,0.5,0.5,2,24,28,263
504,109,1697,184973,28,264,184969,184993,24,0.16666666666666666,0.08333333333333333,4,1,0.5,0.5,2,4,28,264
505,109,1699,185191,28,265,185189,185221,32,0.0625,0.0625,4,0,0.5,0.5,2,2,28,265
506,109,1709,186281,28,266,186271,186283,12,0.8333333333333334,0.5833333333333334,4,1,0.5,0.4,2,10,28,266
507,109,1721,187589,28,267,187573,187597,24,0.6666666666666666,0.041666666666666664,4,1,0.5,0.16666666666666666,2,12,28,267
508,109,1723,187807,28,268,187793,187823,30,0.4666666666666667,0.2,4,1,0.5,0.5,2,2,28,268
509,109,1733,188897,28,269,188891,188911,20,0.3,0.1,4,1,0.5,0.3,2,10,28,269
510,109,1741,189769,28,270,189767,189797,30,0.06666666666666667,0.06666666666666667,4,0,0.5,0.25,2,8,28,270
511,109,1747,190423,28,271,190409,190471,62,0.22580645161290322,0.0967741935483871,4,1,0.5,0.6666666666666666,2,6,28,271
512,109,1753,191077,28,272,191071,191089,18,0.3333333333333333,0.1111111111111111,4,1,0.5,0.6666666666666666,2,6,28,272
513,109,1759,191731,28,273,191717,191747,30,0.4666666666666667,0.13333333333333333,4,1,0.5,0.16666666666666666,2,6,28,273
514,109,1777,193693,28,274,193679,193703,24,0.5833333333333334,0.08333333333333333,4,1,0.5,0.1111111111111111,2,18,28,274
515,109,1783,194347,28,275,194323,194353,30,0.8,0.2,4,1,0.5,0.3333333333333333,2,6,28,275
516,109,1787,194783,28,276,194771,194809,38,0.3157894736842105,0.07894736842105263,4,1,0.5,0.25,2,4,28,276
517,109,1789,195001,28,277,194989,195023,34,0.35294117647058826,0.058823529411764705,4,1,0.5,0.5,2,2,28,277
518,109,1801,196309,28,278,196307,196331,24,0.08333333333333333,0.08333333333333333,4,0,0.5,0.3333333333333333,2,12,28,278
519,109,1811,197399,28,279,197389,197419,30,0.3333333333333333,0.3333333333333333,4,0,0.5,0.2,2,10,28,279
520,109,1823,198707,28,280,198701,198719,18,0.3333333333333333,0.1111111111111111,4,1,0.5,0.25,2,12,28,280
521,109,1831,199579,28,281,199567,199583,16,0.75,0.125,4,1,0.5,0.75,2,8,28,281
522,109,1847,201323,28,282,201307,201329,22,0.7272727272727273,0.09090909090909091,4,1,0.5,0.25,2,16,28,282
523,109,1861,202849,28,283,202841,202859,18,0.4444444444444444,0.1111111111111111,4,1,0.5,0.14285714285714285,2,14,28,283
524,109,1867,203503,28,284,203461,203531,70,0.6,0.05714285714285714,4,1,0.5,0.6666666666666666,2,6,28,284
525,109,1871,203939,28,285,203921,203947,26,0.6923076923076923,0.07692307692307693,4,1,0.5,0.25,2,4,28,285
526,109,1873,204157,28,286,204151,204161,10,0.6,0.3,4,1,0.5,0.5,2,2,28,286
527,109,1877,204593,28,287,204587,204599,12,0.5,0.5,4,0,0.5,0.25,2,4,28,287
528,109,1879,204811,28,288,204803,204821,18,0.4444444444444444,0.1111111111111111,4,1,0.5,0.5,2,2,28,288
529,109,1889,205901,28,289,205883,205913,30,0.6,0.06666666666666667,4,1,0.5,0.3,2,10,28,289
530,109,1901,207209,28,290,207199,207227,28,0.35714285714285715,0.07142857142857142,4,1,0.5,0.16666666666666666,2,12,28,290
531,109,1907,207863,28,291,207847,207869,22,0.7272727272727273,0.2727272727272727,4,1,0.5,0.3333333333333333,2,6,28,291
532,109,1913,208517,28,292,208513,208519,6,0.6666666666666666,0.6666666666666666,4,0,0.5,0.3333333333333333,2,6,28,292
533,109,1931,210479,28,293,210467,210481,14,0.8571428571428571,0.2857142857142857,4,1,0.5,0.1111111111111111,2,18,28,293
534,109,1933,210697,28,294,210671,210709,38,0.6842105263157895,0.05263157894736842,4,1,0.5,0.5,2,2,28,294
535,109,1949,212441,28,295,212437,212447,10,0.4,0.1,4,1,0.5,0.0625,2,16,28,295
536,109,1951,212659,28,296,212651,212669,18,0.4444444444444444,0.3333333333333333,4,1,0.5,0.5,2,2,28,296
537,109,1973,215057,28,297,215051,215063,12,0.5,0.16666666666666666,4,1,0.5,0.13636363636363635,2,22,28,297
538,109,1979,215711,28,298,215693,215723,30,0.6,0.13333333333333333,4,1,0.5,0.6666666666666666,2,6,28,298
539,109,1987,216583,28,299,216577,216607,30,0.2,0.03333333333333333,4,1,0.5,0.25,2,8,28,299
540,109,1993,217237,28,300,217229,217241,12,0.6666666666666666,0.16666666666666666,4,1,0.5,0.6666666666666666,2,6,28,300
541,109,1997,217673,28,301,217667,217681,14,0.42857142857142855,0.14285714285714285,4,1,0.5,0.25,2,4,28,301
542,109,1999,217891,28,302,217859,217901,42,0.7619047619047619,0.047619047619047616,4,1,0.5,0.5,2,2,28,302
543,109,2003,218327,28,303,218287,218357,70,0.5714285714285714,0.02857142857142857,4,1,0.5,0.5,2,4,28,303
544,113,1009,114017,29,168,114013,114031,18,0.2222222222222222,0.2222222222222222,4,0,0.5,0.08333333333333333,4,12,29,168
545,113,1013,114469,29,169,114467,114473,6,0.3333333333333333,0.3333333333333333,4,0,0.5,0.5,4,4,29,169
546,113,1019,115147,29,170,115133,115151,18,0.7777777777777778,0.1111111111111111,4,1,0.5,0.8333333333333334,4,6,29,170
547,113,1021,115373,29,171,115363,115399,36,0.2777777777777778,0.1111111111111111,4,1,0.5,0.5,4,2,29,171
548,113,1031,116503,29,172,116491,116507,16,0.75,0.375,4,1,0.5,0.6,4,10,29,172
549,113,1033,116729,29,173,116719,116731,12,0.8333333333333334,0.3333333333333333,4,1,0.5,0.5,4,2,29,173
550,113,1039,117407,29,174,117389,117413,24,0.75,0.08333333333333333,4,1,0.5,0.6666666666666666,4,6,29,174
551,113,1049,118537,29,175,118529,118543,14,0.5714285714285714,0.2857142857142857,4,1,0.5,0.2,4,10,29,175
552,113,1051,118763,29,176,118757,118787,30,0.2,0.06666666666666667,4,1,0.5,0.5,4,2,29,176
553,113,1061,119893,29,177,119891,119921,30,0.06666666666666667,0.06666666666666667,4,0,0.5,0.4,4,10,29,177
554,113,1063,120119,29,178,120103,120121,18,0.8888888888888888,0.2222222222222222,4,1,0.5,0.5,4,2,29,178
555,113,1069,120797,29,179,120779,120811,32,0.5625,0.0625,4,1,0.5,0.6666666666666666,4,6,29,179
556,113,1087,122831,29,180,122827,122833,6,0.6666666666666666,0.6666666666666666,4,0,0.5,0.2222222222222222,4,18,29,180
557,113,1091,123283,29,181,123269,123289,20,0.7,0.1,4,1,0.5,0.75,4,4,29,181
558,113,1093,123509,29,182,123503,123517,14,0.42857142857142855,0.42857142857142855,4,0,0.5,0.5,4,2,29,182
559,113,1097,123961,29,183,123953,123973,20,0.4,0.25,4,1,0.5,0.25,4,4,29,183
560,113,1103,124639,29,184,124633,124643,10,0.6,0.4,4,1,0.5,0.3333333333333333,4,6,29,184
561,113,1109,125317,29,185,125311,125329,18,0.3333333333333333,0.1111111111111111,4,1,0.5,0.8333333333333334,4,6,29,185
562,113,1117,126221,29,186,126211,126223,12,0.8333333333333334,0.16666666666666666,4,1,0.5,0.25,4,8,29,186
563,113,1123,126899,29,187,126859,126913,54,0.7407407407407407,0.1111111111111111,4,1,0.5,0.3333333333333333,4,6,29,187
564,113,1129,127577,29,188,127549,127579,30,0.9333333333333333,0.13333333333333333,4,1,0.5,0.5,4,6,29,188
565,113,1151,130063,29,189,130057,130069,12,0.5,0.08333333333333333,4,1,0.5,0.18181818181818182,4,22,29,189
566,113,1153,130289,29,190,130279,130303,24,0.4166666666666667,0.08333333333333333,4,1,0.5,0.5,4,2,29,190
567,113,1163,131419,29,191,131413,131431,18,0.3333333333333333,0.05555555555555555,4,1,0.5,0.1,4,10,29,191
568,113,1171,132323,29,192,132313,132329,16,0.625,0.25,4,1,0.5,0.25,4,8,29,192
569,113,1181,133453,29,193,133451,133481,30,0.06666666666666667,0.06666666666666667,4,0,0.5,0.3,4,10,29,193
570,113,1187,134131,29,194,134129,134153,24,0.08333333333333333,0.08333333333333333,4,0,0.5,0.8333333333333334,4,6,29,194
571,113,1193,134809,29,195,134807,134837,30,0.06666666666666667,0.06666666666666667,4,0,0.5,0.3333333333333333,4,6,29,195
572,113,1201,135713,29,196,135701,135719,18,0.6666666666666666,0.1111111111111111,4,1,0.5,0.25,4,8,29,196
573,113,1213,137069,29,197,137029,137077,48,0.8333333333333334,0.041666666666666664,4,1,0.5,0.08333333333333333,4,12,29,197
574,113,1217,137521,29,198,137519,137537,18,0.1111111111111111,0.1111111111111111,4,0,0.5,0.25,4,4,29,198
575,113,1223,138199,29,199,138197,138209,12,0.16666666666666666,0.16666666666666666,4,0,0.5,0.3333333333333333,4,6,29,199
576,113,1229,138877,29,200,138869,138883,14,0.5714285714285714,0.14285714285714285,4,1,0.5,0.5,4,6,29,200
577,113,1231,139103,29,201,139091,139109,18,0.6666666666666666,0.1111111111111111,4,1,0.5,0.5,4,2,29,201
578,113,1237,139781,29,202,139759,139787,28,0.7857142857142857,0.21428571428571427,4,1,0.5,0.5,4,6,29,202
579,113,1249,141137,29,203,141131,141157,26,0.23076923076923078,0.07692307692307693,4,1,0.5,0.08333333333333333,4,12,29,203
580,113,1259,142267,29,204,142237,142271,34,0.8823529411764706,0.029411764705882353,4,1,0.5,0.4,4,10,29,204
581,113,1277,144301,29,205,144299,144307,8,0.25,0.25,4,0,0.5,0.1111111111111111,4,18,29,205
582,113,1279,144527,29,206,144511,144539,28,0.5714285714285714,0.21428571428571427,4,1,0.5,0.5,4,2,29,206
583,113,1283,144979,29,207,144973,144983,10,0.6,0.6,4,0,0.5,0.75,4,4,29,207
584,113,1289,145657,29,208,145643,145661,18,0.7777777777777778,0.1111111111111111,4,1,0.5,0.3333333333333333,4,6,29,208
585,113,1291,145883,29,209,145879,145897,18,0.2222222222222222,0.2222222222222222,4,0,0.5,0.5,4,2,29,209
586,113,1297,146561,29,210,146543,146563,20,0.9,0.3,4,1,0.5,0.3333333333333333,4,6,29,210
587,113,1301,147013,29,211,147011,147029,18,0.1111111111111111,0.1111111111111111,4,0,0.5,0.5,4,4,29,211
588,113,1303,147239,29,212,147229,147253,24,0.4166666666666667,0.16666666666666666,4,1,0.5,0.5,4,2,29,212
589,113,1307,147691,29,213,147689,147703,14,0.14285714285714285,0.14285714285714285,4,0,0.5,0.75,4,4,29,213
590,113,1319,149047,29,214,149033,149053,20,0.7,0.4,4,1,0.5,0.5,4,12,29,214
591,113,1321,149273,29,215,149269,149287,18,0.2222222222222222,0.1111111111111111,4,1,0.5,0.5,4,2,29,215
592,113,1327,149951,29,216,149939,149953,14,0.8571428571428571,0.42857142857142855,4,1,0.5,0.16666666666666666,4,6,29,216
593,113,1361,153793,29,217,153763,153817,54,0.5555555555555556,0.05555555555555555,4,1,0.5,0.058823529411764705,4,34,29,217
594,113,1367,154471,29,218,154459,154487,28,0.42857142857142855,0.07142857142857142,4,1,0.5,0.3333333333333333,4,6,29,218
595,113,1373,155149,29,219,155137,155153,16,0.75,0.0625,4,1,0.5,0.3333333333333333,4,6,29,219
596,113,1381,156053,29,220,156041,156059,18,0.6666666666666666,0.4444444444444444,4,1,0.5,0.75,4,8,29,220
597,113,1399,158087,29,221,158077,158113,36,0.2777777777777778,0.027777777777777776,4,1,0.5,0.05555555555555555,4,18,29,221
598,113,1409,159217,29,222,159209,159223,14,0.5714285714285714,0.5714285714285714,4,0,0.5,0.2,4,10,29,222
599,113,1423,160799,29,223,160789,160807,18,0.5555555555555556,0.6666666666666666,3,-1,0.5,0.14285714285714285,4,14,29,223
600,113,1427,161251,29,224,161237,161263,26,0.5384615384615384,0.19230769230769232,4,1,0.5,0.75,4,4,29,224
601,113,1429,161477,29,225,161471,161503,32,0.1875,0.0625,4,1,0.5,0.5,4,2,29,225
602,113,1433,161929,29,226,161923,161947,24,0.25,0.125,4,1,0.5,0.5,4,4,29,226
603,113,1439,162607,29,227,162601,162611,10,0.6,0.6,4,0,0.5,0.6666666666666666,4,6,29,227
604,113,1447,163511,29,228,163487,163517,30,0.8,0.13333333333333333,4,1,0.5,0.25,4,8,29,228
605,113,1451,163963,29,229,163927,163973,46,0.782608695652174,0.08695652173913043,4,1,0.5,0.25,4,4,29,229
606,113,1453,164189,29,230,164183,164191,8,0.75,0.75,4,0,0.5,0.5,4,2,29,230
607,113,1459,164867,29,231,164839,164881,42,0.6666666666666666,0.07142857142857142,4,1,0.5,0.16666666666666666,4,6,29,231
608,113,1471,166223,29,232,166219,166237,18,0.2222222222222222,0.2222222222222222,4,0,0.5,0.16666666666666666,4,12,29,232
609,113,1481,167353,29,233,167341,167381,40,0.3,0.1,4,1,0.5,0.2,4,10,29,233
610,113,1483,167579,29,234,167543,167593,50,0.72,0.06,4,1,0.5,0.5,4,2,29,234
611,113,1487,168031,29,235,168029,168037,8,0.25,0.25,4,0,0.5,0.75,4,4,29,235
612,113,1489,168257,29,236,168253,168263,10,0.4,0.1,4,1,0.5,0.5,4,2,29,236
613,113,1493,168709,29,237,168697,168713,16,0.75,0.0625,4,1,0.5,0.75,4,4,29,237
614,113,1499,169387,29,238,169373,169399,26,0.5384615384615384,0.23076923076923078,4,1,0.5,0.6666666666666666,4,6,29,238
615,113,1511,170743,29,239,170741,170749,8,0.25,0.25,4,0,0.5,0.16666666666666666,4,12,29,239
616,113,1523,172099,29,240,172097,172127,30,0.06666666666666667,0.06666666666666667,4,0,0.5,0.16666666666666666,4,12,29,240
617,113,1531,173003,29,241,172999,173021,22,0.18181818181818182,0.09090909090909091,4,1,0.5,0.5,4,8,29,241
618,113,1543,174359,29,242,174347,174367,20,0.6,0.1,4,1,0.5,0.3333333333333333,4,12,29,242
619,113,1549,175037,29,243,175013,175039,26,0.9230769230769231,0.19230769230769232,4,1,0.5,0.5,4,6,29,243
620,113,1553,175489,29,244,175481,175493,12,0.6666666666666666,0.4166666666666667,4,1,0.5,0.5,4,4,29,244
621,113,1559,176167,29,245,176161,176179,18,0.3333333333333333,0.3333333333333333,4,0,0.5,0.3333333333333333,4,6,29,245
622,113,1567,177071,29,246,177043,177091,48,0.5833333333333334,0.0625,4,1,0.5,0.25,4,8,29,246
623,113,1571,177523,29,247,177511,177533,22,0.5454545454545454,0.2727272727272727,4,1,0.5,0.5,4,4,29,247
624,113,1579,178427,29,248,178417,178439,22,0.45454545454545453,0.045454545454545456,4,1,0.5,0.375,4,8,29,248
625,113,1583,178879,29,249,178877,178889,12,0.16666666666666666,0.16666666666666666,4,0,0.5,0.5,4,4,29,249
626,113,1597,180461,29,250,180437,180463,26,0.9230769230769231,0.23076923076923078,4,1,0.5,0.14285714285714285,4,14,29,250
627,113,1601,180913,29,251,180907,180949,42,0.14285714285714285,0.09523809523809523,4,1,0.5,0.25,4,4,29,251
628,113,1607,181591,29,252,181553,181603,50,0.76,0.16,4,1,0.5,0.3333333333333333,4,6,29,252
629,113,1609,181817,29,253,181813,181837,24,0.16666666666666666,0.041666666666666664,4,1,0.5,0.5,4,2,29,253
630,113,1613,182269,29,254,182261,182279,18,0.4444444444444444,0.1111111111111111,4,1,0.5,0.5,4,4,29,254
631,113,1619,182947,29,255,182933,182953,20,0.7,0.1,4,1,0.5,0.8333333333333334,4,6,29,255
632,113,1621,183173,29,256,183167,183191,24,0.25,0.16666666666666666,4,1,0.5,0.5,4,2,29,256
633,113,1627,183851,29,257,183829,183871,42,0.5238095238095238,0.14285714285714285,4,1,0.5,0.16666666666666666,4,6,29,257
634,113,1637,184981,29,258,184969,184993,24,0.5,0.08333333333333333,4,1,0.5,0.4,4,10,29,258
635,113,1657,187241,29,259,187237,187273,36,0.1111111111111111,0.1111111111111111,4,0,0.5,0.1,4,20,29,259
636,113,1663,187919,29,260,187909,187921,12,0.8333333333333334,0.6666666666666666,4,1,0.5,0.16666666666666666,4,6,29,260
637,113,1667,188371,29,261,188369,188389,20,0.1,0.1,4,0,0.5,0.5,4,4,29,261
638,113,1669,188597,29,262,188579,188603,24,0.75,0.08333333333333333,4,1,0.5,0.5,4,2,29,262
639,113,1693,191309,29,263,191299,191339,40,0.25,0.075,4,1,0.5,0.5,4,24,29,263
640,113,1697,191761,29,264,191749,191773,24,0.5,0.16666666666666666,4,1,0.5,0.5,4,4,29,264
641,113,1699,191987,29,265,191977,191999,22,0.45454545454545453,0.045454545454545456,4,1,0.5,0.5,4,2,29,265
642,113,1709,193117,29,266,193093,193133,40,0.6,0.1,4,1,0.5,0.4,4,10,29,266
643,113,1721,194473,29,267,194471,194479,8,0.25,0.25,4,0,0.5,0.16666666666666666,4,12,29,267
644,113,1723,194699,29,268,194687,194707,20,0.6,0.3,4,1,0.5,0.5,4,2,29,268
645,113,1733,195829,29,269,195817,195863,46,0.2608695652173913,0.08695652173913043,4,1,0.5,0.3,4,10,29,269
646,113,1741,196733,29,270,196727,196739,12,0.5,0.5,4,0,0.5,0.25,4,8,29,270
647,113,1747,197411,29,271,197389,197419,30,0.7333333333333333,0.3333333333333333,4,1,0.5,0.6666666666666666,4,6,29,271
648,113,1753,198089,29,272,198083,198091,8,0.75,0.5,4,1,0.5,0.6666666666666666,4,6,29,272
649,113,1759,198767,29,273,198761,198769,8,0.75,0.25,4,1,0.5,0.16666666666666666,4,6,29,273
650,113,1777,200801,29,274,200797,200807,10,0.4,0.4,4,0,0.5,0.1111111111111111,4,18,29,274
651,113,1783,201479,29,275,201473,201491,18,0.3333333333333333,0.3333333333333333,4,0,0.5,0.3333333333333333,4,6,29,275
652,113,1787,201931,29,276,201923,201937,14,0.5714285714285714,0.5714285714285714,4,0,0.5,0.25,4,4,29,276
653,113,1789,202157,29,277,202129,202183,54,0.5185185185185185,0.07407407407407407,4,1,0.5,0.5,4,2,29,277
654,113,1801,203513,29,278,203461,203531,70,0.7428571428571429,0.05714285714285714,4,1,0.5,0.3333333333333333,4,12,29,278
655,113,1811,204643,29,279,204641,204667,26,0.07692307692307693,0.07692307692307693,4,0,0.5,0.2,4,10,29,279
656,113,1823,205999,29,280,205993,206009,16,0.375,0.375,4,0,0.5,0.25,4,12,29,280
657,113,1831,206903,29,281,206897,206909,12,0.5,0.4166666666666667,4,1,0.5,0.75,4,8,29,281
658,113,1847,208711,29,282,208699,208721,22,0.5454545454545454,0.18181818181818182,4,1,0.5,0.25,4,16,29,282
659,113,1861,210293,29,283,210283,210299,16,0.625,0.1875,4,1,0.5,0.14285714285714285,4,14,29,283
660,113,1867,210971,29,284,210967,211007,40,0.1,0.1,4,0,0.5,0.6666666666666666,4,6,29,284
661,113,1871,211423,29,285,211403,211427,24,0.8333333333333334,0.08333333333333333,4,1,0.5,0.25,4,4,29,285
662,113,1873,211649,29,286,211643,211657,14,0.42857142857142855,0.2857142857142857,4,1,0.5,0.5,4,2,29,286
663,113,1877,212101,29,287,212099,212117,18,0.1111111111111111,0.1111111111111111,4,0,0.5,0.25,4,4,29,287
664,113,1879,212327,29,288,212297,212353,56,0.5357142857142857,0.03571428571428571,4,1,0.5,0.5,4,2,29,288
665,113,1889,213457,29,289,213449,213461,12,0.6666666666666666,0.16666666666666666,4,1,0.5,0.3,4,10,29,289
666,113,1901,214813,29,290,214811,214817,6,0.3333333333333333,0.3333333333333333,4,0,0.5,0.16666666666666666,4,12,29,290
667,113,1907,215491,29,291,215483,215497,14,0.5714285714285714,0.42857142857142855,4,1,0.5,0.3333333333333333,4,6,29,291
668,113,1913,216169,29,292,216157,216173,16,0.75,0.0625,4,1,0.5,0.3333333333333333,4,6,29,292
669,113,1931,218203,29,293,218191,218213,22,0.5454545454545454,0.13636363636363635,4,1,0.5,0.1111111111111111,4,18,29,293
670,113,1933,218429,29,294,218423,218437,14,0.42857142857142855,0.42857142857142855,4,0,0.5,0.5,4,2,29,294
671,113,1949,220237,29,295,220217,220243,26,0.7692307692307693,0.07692307692307693,4,1,0.5,0.0625,4,16,29,295
672,113,1951,220463,29,296,220447,220469,22,0.7272727272727273,0.09090909090909091,4,1,0.5,0.5,4,2,29,296
673,113,1973,222949,29,297,222947,222953,6,0.3333333333333333,0.3333333333333333,4,0,0.5,0.13636363636363635,4,22,29,297
674,113,1979,223627,29,298,223621,223633,12,0.5,0.5,4,0,0.5,0.6666666666666666,4,6,29,298
675,113,1987,224531,29,299,224527,224563,36,0.1111111111111111,0.05555555555555555,4,1,0.5,0.25,4,8,29,299
676,113,1993,225209,29,300,225167,225217,50,0.84,0.12,4,1,0.5,0.6666666666666666,4,6,29,300
677,113,1997,225661,29,301,225637,225671,34,0.7058823529411765,0.29411764705882354,4,1,0.5,0.25,4,4,29,301
678,113,1999,225887,29,302,225871,225889,18,0.8888888888888888,0.3333333333333333,4,1,0.5,0.5,4,2,29,302
679,113,2003,226339,29,303,226337,226357,20,0.1,0.1,4,0,0.5,0.5,4,4,29,303
680,127,1009,128143,30,168,128119,128147,28,0.8571428571428571,0.14285714285714285,4,1,0.5714285714285714,0.08333333333333333,14,12,30,168
681,127,1013,128651,30,169,128629,128657,28,0.7857142857142857,0.14285714285714285,4,1,0.5714285714285714,0.5,14,4,30,169
682,127,1019,129413,30,170,129403,129419,16,0.625,0.25,4,1,0.5714285714285714,0.8333333333333334,14,6,30,170
683,127,1021,129667,30,171,129643,129671,28,0.8571428571428571,0.14285714285714285,4,1,0.5714285714285714,0.5,14,2,30,171
684,127,1031,130937,30,172,130927,130957,30,0.3333333333333333,0.13333333333333333,4,1,0.5714285714285714,0.6,14,10,30,172
685,127,1033,131191,30,173,131171,131203,32,0.625,0.09375,4,1,0.5714285714285714,0.5,14,2,30,173
686,127,1039,131953,30,174,131947,131959,12,0.5,0.3333333333333333,4,1,0.5714285714285714,0.6666666666666666,14,6,30,174
687,127,1049,133223,30,175,133213,133241,28,0.35714285714285715,0.14285714285714285,4,1,0.5714285714285714,0.2,14,10,30,175
688,127,1051,133477,30,176,133451,133481,30,0.8666666666666667,0.06666666666666667,4,1,0.5714285714285714,0.5,14,2,30,176
689,127,1061,134747,30,177,134741,134753,12,0.5,0.16666666666666666,4,1,0.5714285714285714,0.4,14,10,30,177
690,127,1063,135001,30,178,134999,135007,8,0.25,0.25,4,0,0.5714285714285714,0.5,14,2,30,178
691,127,1069,135763,30,179,135757,135781,24,0.25,0.16666666666666666,4,1,0.5714285714285714,0.6666666666666666,14,6,30,179
692,127,1087,138049,30,180,138041,138053,12,0.6666666666666666,0.6666666666666666,4,0,0.5714285714285714,0.2222222222222222,14,18,30,180
693,127,1091,138557,30,181,138547,138559,12,0.8333333333333334,0.16666666666666666,4,1,0.5714285714285714,0.75,14,4,30,181
694,127,1093,138811,30,182,138799,138821,22,0.5454545454545454,0.13636363636363635,4,1,0.5714285714285714,0.5,14,2,30,182
695,127,1097,139319,30,183,139313,139333,20,0.3,0.2,4,1,0.5714285714285714,0.25,14,4,30,183
696,127,1103,140081,30,184,140071,140111,40,0.25,0.05,4,1,0.5714285714285714,0.3333333333333333,14,6,30,184
697,127,1109,140843,30,185,140839,140863,24,0.16666666666666666,0.16666666666666666,4,0,0.5714285714285714,0.8333333333333334,14,6,30,185
698,127,1117,141859,30,186,141853,141863,10,0.6,0.4,4,1,0.5714285714285714,0.25,14,8,30,186
699,127,1123,142621,30,187,142619,142657,38,0.05263157894736842,0.05263157894736842,4,0,0.5714285714285714,0.3333333333333333,14,6,30,187
700,127,1129,143383,30,188,143357,143387,30,0.8666666666666667,0.2,4,1,0.5714285714285714,0.5,14,6,30,188
701,127,1151,146177,30,189,146173,146191,18,0.2222222222222222,0.2222222222222222,4,0,0.5714285714285714,0.18181818181818182,14,22,30,189
702,127,1153,146431,30,190,146423,146437,14,0.5714285714285714,0.2857142857142857,4,1,0.5714285714285714,0.5,14,2,30,190
703,127,1163,147701,30,191,147689,147703,14,0.8571428571428571,0.14285714285714285,4,1,0.5714285714285714,0.1,14,10,30,191
704,127,1171,148717,30,192,148711,148721,10,0.6,0.3,4,1,0.5714285714285714,0.25,14,8,30,192
705,127,1181,149987,30,193,149971,149993,22,0.7272727272727273,0.09090909090909091,4,1,0.5714285714285714,0.3,14,10,30,193
706,127,1187,150749,30,194,150743,150767,24,0.25,0.25,4,0,0.5714285714285714,0.8333333333333334,14,6,30,194
707,127,1193,151511,30,195,151507,151517,10,0.4,0.2,4,1,0.5714285714285714,0.3333333333333333,14,6,30,195
708,127,1201,152527,30,196,152519,152531,12,0.6666666666666666,0.16666666666666666,4,1,0.5714285714285714,0.25,14,8,30,196
709,127,1213,154051,30,197,154043,154057,14,0.5714285714285714,0.14285714285714285,4,1,0.5714285714285714,0.08333333333333333,14,12,30,197
710,127,1217,154559,30,198,154543,154571,28,0.5714285714285714,0.14285714285714285,4,1,0.5714285714285714,0.25,14,4,30,198
711,127,1223,155321,30,199,155317,155327,10,0.4,0.1,4,1,0.5714285714285714,0.3333333333333333,14,6,30,199
712,127,1229,156083,30,200,156071,156089,18,0.6666666666666666,0.1111111111111111,4,1,0.5714285714285714,0.5,14,6,30,200
713,127,1231,156337,30,201,156329,156347,18,0.4444444444444444,0.2777777777777778,4,1,0.5714285714285714,0.5,14,2,30,201
714,127,1237,157099,30,202,157081,157103,22,0.8181818181818182,0.045454545454545456,4,1,0.5714285714285714,0.5,14,6,30,202
715,127,1249,158623,30,203,158621,158633,12,0.16666666666666666,0.16666666666666666,4,0,0.5714285714285714,0.08333333333333333,14,12,30,203
716,127,1259,159893,30,204,159871,159899,28,0.7857142857142857,0.25,4,1,0.5714285714285714,0.4,14,10,30,204
717,127,1277,162179,30,205,162143,162209,66,0.5454545454545454,0.030303030303030304,4,1,0.5714285714285714,0.1111111111111111,14,18,30,205
718,127,1279,162433,30,206,162419,162439,20,0.7,0.1,4,1,0.5714285714285714,0.5,14,2,30,206
719,127,1283,162941,30,207,162937,162947,10,0.4,0.4,4,0,0.5714285714285714,0.75,14,4,30,207
720,127,1289,163703,30,208,163697,163729,32,0.1875,0.0625,4,1,0.5714285714285714,0.3333333333333333,14,6,30,208
721,127,1291,163957,30,209,163927,163973,46,0.6521739130434783,0.08695652173913043,4,1,0.5714285714285714,0.5,14,2,30,209
722,127,1297,164719,30,210,164707,164729,22,0.5454545454545454,0.18181818181818182,4,1,0.5714285714285714,0.3333333333333333,14,6,30,210
723,127,1301,165227,30,211,165211,165229,18,0.8888888888888888,0.3888888888888889,4,1,0.5714285714285714,0.5,14,4,30,211
724,127,1303,165481,30,212,165479,165511,32,0.0625,0.0625,4,0,0.5714285714285714,0.5,14,2,30,212
725,127,1307,165989,30,213,165983,166013,30,0.2,0.2,4,0,0.5714285714285714,0.75,14,4,30,213
726,127,1319,167513,30,214,167491,167521,30,0.7333333333333333,0.2,4,1,0.5714285714285714,0.5,14,12,30,214
727,127,1321,167767,30,215,167759,167771,12,0.6666666666666666,0.3333333333333333,4,1,0.5714285714285714,0.5,14,2,30,215
728,127,1327,168529,30,216,168527,168533,6,0.3333333333333333,0.3333333333333333,4,0,0.5714285714285714,0.16666666666666666,14,6,30,216
729,127,1361,172847,30,217,172829,172849,20,0.9,0.1,4,1,0.5714285714285714,0.058823529411764705,14,34,30,217
730,127,1367,173609,30,218,173599,173617,18,0.5555555555555556,0.2222222222222222,4,1,0.5714285714285714,0.3333333333333333,14,6,30,218
731,127,1373,174371,30,219,174367,174389,22,0.18181818181818182,0.18181818181818182,4,0,0.5714285714285714,0.3333333333333333,14,6,30,219
732,127,1381,175387,30,220,175361,175391,30,0.8666666666666667,0.06666666666666667,4,1,0.5714285714285714,0.75,14,8,30,220
733,127,1399,177673,30,221,177647,177677,30,0.8666666666666667,0.06666666666666667,4,1,0.5714285714285714,0.05555555555555555,14,18,30,221
734,127,1409,178943,30,222,178939,178951,12,0.3333333333333333,0.3333333333333333,4,0,0.5714285714285714,0.2,14,10,30,222
735,127,1423,180721,30,223,180701,180731,30,0.6666666666666666,0.06666666666666667,4,1,0.5714285714285714,0.14285714285714285,14,14,30,223
736,127,1427,181229,30,224,181219,181243,24,0.4166666666666667,0.16666666666666666,4,1,0.5714285714285714,0.75,14,4,30,224
737,127,1429,181483,30,225,181459,181499,40,0.6,0.075,4,1,0.5714285714285714,0.5,14,2,30,225
738,127,1433,181991,30,226,181981,181997,16,0.625,0.125,4,1,0.5714285714285714,0.5,14,4,30,226
739,127,1439,182753,30,227,182747,182773,26,0.23076923076923078,0.07692307692307693,4,1,0.5714285714285714,0.6666666666666666,14,6,30,227
740,127,1447,183769,30,228,183763,183797,34,0.17647058823529413,0.11764705882352941,4,1,0.5714285714285714,0.25,14,8,30,228
741,127,1451,184277,30,229,184273,184279,6,0.6666666666666666,0.6666666666666666,4,0,0.5714285714285714,0.25,14,4,30,229
742,127,1453,184531,30,230,184523,184553,30,0.26666666666666666,0.26666666666666666,4,0,0.5714285714285714,0.5,14,2,30,230
743,127,1459,185293,30,231,185291,185299,8,0.25,0.25,4,0,0.5714285714285714,0.16666666666666666,14,6,30,231
744,127,1471,186817,30,232,186799,186841,42,0.42857142857142855,0.09523809523809523,4,1,0.5714285714285714,0.16666666666666666,14,12,30,232
745,127,1481,188087,30,233,188029,188107,78,0.7435897435897436,0.05128205128205128,4,1,0.5714285714285714,0.2,14,10,30,233
746,127,1483,188341,30,234,188333,188351,18,0.4444444444444444,0.2777777777777778,4,1,0.5714285714285714,0.5,14,2,30,234
747,127,1487,188849,30,235,188843,188857,14,0.42857142857142855,0.42857142857142855,4,0,0.5714285714285714,0.75,14,4,30,235
748,127,1489,189103,30,236,189067,189127,60,0.6,0.06666666666666667,4,1,0.5714285714285714,0.5,14,2,30,236
749,127,1493,189611,30,237,189599,189613,14,0.8571428571428571,0.8571428571428571,4,0,0.5714285714285714,0.75,14,4,30,237
750,127,1499,190373,30,238,190369,190387,18,0.2222222222222222,0.2222222222222222,4,0,0.5714285714285714,0.6666666666666666,14,6,30,238
751,127,1511,191897,30,239,191861,191899,38,0.9473684210526315,0.05263157894736842,4,1,0.5714285714285714,0.16666666666666666,14,12,30,239
752,127,1523,193421,30,240,193393,193423,30,0.9333333333333333,0.03333333333333333,4,1,0.5714285714285714,0.16666666666666666,14,12,30,240
753,127,1531,194437,30,241,194431,194443,12,0.5,0.16666666666666666,4,1,0.5714285714285714,0.5,14,8,30,241
754,127,1543,195961,30,242,195931,195967,36,0.8333333333333334,0.08333333333333333,4,1,0.5714285714285714,0.3333333333333333,14,12,30,242
755,127,1549,196723,30,243,196717,196727,10,0.6,0.6,4,0,0.5714285714285714,0.5,14,6,30,243
756,127,1553,197231,30,244,197221,197233,12,0.8333333333333334,0.5,4,1,0.5714285714285714,0.5,14,4,30,244
757,127,1559,197993,30,245,197971,198013,42,0.5238095238095238,0.19047619047619047,4,1,0.5714285714285714,0.3333333333333333,14,6,30,245
758,127,1567,199009,30,246,198997,199021,24,0.5,0.25,4,1,0.5714285714285714,0.25,14,8,30,246
759,127,1571,199517,30,247,199501,199523,22,0.7272727272727273,0.18181818181818182,4,1,0.5714285714285714,0.5,14,4,30,247
760,127,1579,200533,30,248,200513,200569,56,0.35714285714285715,0.10714285714285714,4,1,0.5714285714285714,0.375,14,8,30,248
761,127,1583,201041,30,249,201037,201049,12,0.3333333333333333,0.08333333333333333,4,1,0.5714285714285714,0.5,14,4,30,249
762,127,1597,202819,30,250,202817,202823,6,0.3333333333333333,0.3333333333333333,4,0,0.5714285714285714,0.14285714285714285,14,14,30,250
763,127,1601,203327,30,251,203323,203339,16,0.25,0.1875,4,1,0.5714285714285714,0.25,14,4,30,251
764,127,1607,204089,30,252,204067,204101,34,0.6470588235294118,0.058823529411764705,4,1,0.5714285714285714,0.3333333333333333,14,6,30,252
765,127,1609,204343,30,253,204331,204353,22,0.5454545454545454,0.09090909090909091,4,1,0.5714285714285714,0.5,14,2,30,253
766,127,1613,204851,30,254,204821,204857,36,0.8333333333333334,0.05555555555555555,4,1,0.5714285714285714,0.5,14,4,30,254
767,127,1619,205613,30,255,205607,205619,12,0.5,0.16666666666666666,4,1,0.5714285714285714,0.8333333333333334,14,6,30,255
768,127,1621,205867,30,256,205847,205879,32,0.625,0.1875,4,1,0.5714285714285714,0.5,14,2,30,256
769,127,1627,206629,30,257,206627,206639,12,0.16666666666666666,0.16666666666666666,4,0,0.5714285714285714,0.16666666666666666,14,6,30,257
770,127,1637,207899,30,258,207877,207923,46,0.4782608695652174,0.08695652173913043,4,1,0.5714285714285714,0.4,14,10,30,258
771,127,1657,210439,30,259,210437,210461,24,0.08333333333333333,0.08333333333333333,4,0,0.5714285714285714,0.1,14,20,30,259
772,127,1663,211201,30,260,211199,211213,14,0.14285714285714285,0.14285714285714285,4,0,0.5714285714285714,0.16666666666666666,14,6,30,260
773,127,1667,211709,30,261,211693,211711,18,0.8888888888888888,0.2222222222222222,4,1,0.5714285714285714,0.5,14,4,30,261
774,127,1669,211963,30,262,211949,211969,20,0.7,0.1,4,1,0.5714285714285714,0.5,14,2,30,262
775,127,1693,215011,30,263,214993,215051,58,0.3103448275862069,0.06896551724137931,4,1,0.5714285714285714,0.5,14,24,30,263
776,127,1697,215519,30,264,215507,215521,14,0.8571428571428571,0.2857142857142857,4,1,0.5714285714285714,0.5,14,4,30,264
777,127,1699,215773,30,265,215771,215797,26,0.07692307692307693,0.07692307692307693,4,0,0.5714285714285714,0.5,14,2,30,265
778,127,1709,217043,30,266,217033,217057,24,0.4166666666666667,0.041666666666666664,4,1,0.5714285714285714,0.4,14,10,30,266
779,127,1721,218567,30,267,218551,218579,28,0.5714285714285714,0.14285714285714285,4,1,0.5714285714285714,0.16666666666666666,14,12,30,267
780,127,1723,218821,30,268,218819,218833,14,0.14285714285714285,0.14285714285714285,4,0,0.5714285714285714,0.5,14,2,30,268
781,127,1733,220091,30,269,220063,220123,60,0.4666666666666667,0.06666666666666667,4,1,0.5714285714285714,0.3,14,10,30,269
782,127,1741,221107,30,270,221101,221159,58,0.10344827586206896,0.06896551724137931,4,1,0.5714285714285714,0.25,14,8,30,270
783,127,1747,221869,30,271,221849,221873,24,0.8333333333333334,0.16666666666666666,4,1,0.5714285714285714,0.6666666666666666,14,6,30,271
784,127,1753,222631,30,272,222619,222643,24,0.5,0.16666666666666666,4,1,0.5714285714285714,0.6666666666666666,14,6,30,272
785,127,1759,223393,30,273,223381,223403,22,0.5454545454545454,0.2727272727272727,4,1,0.5714285714285714,0.16666666666666666,14,6,30,273
786,127,1777,225679,30,274,225671,225683,12,0.6666666666666666,0.5,4,1,0.5714285714285714,0.1111111111111111,14,18,30,274
787,127,1783,226441,30,275,226433,226451,18,0.4444444444444444,0.2222222222222222,4,1,0.5714285714285714,0.3333333333333333,14,6,30,275
788,127,1787,226949,30,276,226943,226991,48,0.125,0.041666666666666664,4,1,0.5714285714285714,0.25,14,4,30,276
789,127,1789,227203,30,277,227191,227207,16,0.75,0.125,4,1,0.5714285714285714,0.5,14,2,30,277
790,127,1801,228727,30,278,228713,228731,18,0.7777777777777778,0.3333333333333333,4,1,0.5714285714285714,0.3333333333333333,14,12,30,278
791,127,1811,229997,30,279,229981,230003,22,0.7272727272727273,0.2727272727272727,4,1,0.5714285714285714,0.2,14,10,30,279
792,127,1823,231521,30,280,231503,231529,26,0.6923076923076923,0.07692307692307693,4,1,0.5714285714285714,0.25,14,12,30,280
793,127,1831,232537,30,281,232523,232549,26,0.5384615384615384,0.15384615384615385,4,1,0.5714285714285714,0.75,14,8,30,281
794,127,1847,234569,30,282,234547,234571,24,0.9166666666666666,0.16666666666666666,4,1,0.5714285714285714,0.25,14,16,30,282
795,127,1861,236347,30,283,236339,236377,38,0.21052631578947367,0.07894736842105263,4,1,0.5714285714285714,0.14285714285714285,14,14,30,283
796,127,1867,237109,30,284,237091,237137,46,0.391304347826087,0.043478260869565216,4,1,0.5714285714285714,0.6666666666666666,14,6,30,284
797,127,1871,237617,30,285,237607,237619,12,0.8333333333333334,0.3333333333333333,4,1,0.5714285714285714,0.25,14,4,30,285
798,127,1873,237871,30,286,237859,237877,18,0.6666666666666666,0.16666666666666666,4,1,0.5714285714285714,0.5,14,2,30,286
799,127,1877,238379,30,287,238373,238397,24,0.25,0.25,4,0,0.5714285714285714,0.25,14,4,30,287
800,127,1879,238633,30,288,238627,238639,12,0.5,0.3333333333333333,4,1,0.5714285714285714,0.5,14,2,30,288
801,127,1889,239903,30,289,239893,239929,36,0.2777777777777778,0.2222222222222222,4,1,0.5714285714285714,0.3,14,10,30,289
802,127,1901,241427,30,290,241421,241429,8,0.75,0.625,4,1,0.5714285714285714,0.16666666666666666,14,12,30,290
803,127,1907,242189,30,291,242173,242197,24,0.6666666666666666,0.4166666666666667,4,1,0.5714285714285714,0.3333333333333333,14,6,30,291
804,127,1913,242951,30,292,242927,242971,44,0.5454545454545454,0.045454545454545456,4,1,0.5714285714285714,0.3333333333333333,14,6,30,292
805,127,1931,245237,30,293,245209,245251,42,0.6666666666666666,0.047619047619047616,4,1,0.5714285714285714,0.1111111111111111,14,18,30,293
806,127,1933,245491,30,294,245477,245501,24,0.5833333333333334,0.20833333333333334,4,1,0.5714285714285714,0.5,14,2,30,294
807,127,1949,247523,30,295,247519,247529,10,0.4,0.2,4,1,0.5714285714285714,0.0625,14,16,30,295
808,127,1951,247777,30,296,247771,247781,10,0.6,0.2,4,1,0.5714285714285714,0.5,14,2,30,296
809,127,1973,250571,30,297,250543,250583,40,0.7,0.1,4,1,0.5714285714285714,0.13636363636363635,14,22,30,297
810,127,1979,251333,30,298,251323,251347,24,0.4166666666666667,0.16666666666666666,4,1,0.5714285714285714,0.6666666666666666,14,6,30,298
811,127,1987,252349,30,299,252341,252359,18,0.4444444444444444,0.2777777777777778,4,1,0.5714285714285714,0.25,14,8,30,299
812,127,1993,253111,30,300,253109,253133,24,0.08333333333333333,0.08333333333333333,4,0,0.5714285714285714,0.6666666666666666,14,6,30,300
813,127,1997,253619,30,301,253613,253633,20,0.3,0.1,4,1,0.5714285714285714,0.25,14,4,30,301
814,127,1999,253873,30,302,253871,253879,8,0.25,0.25,4,0,0.5714285714285714,0.5,14,2,30,302
815,127,2003,254381,30,303,254377,254383,6,0.6666666666666666,0.16666666666666666,4,1,0.5714285714285714,0.5,14,4,30,303
816,131,1009,132179,31,168,132173,132199,26,0.23076923076923078,0.15384615384615385,4,1,0.5,0.08333333333333333,4,12,31,168
817,131,1013,132703,31,169,132701,132707,6,0.3333333333333333,0.3333333333333333,4,0,0.5,0.5,4,4,31,169
818,131,1019,133489,31,170,133481,133493,12,0.6666666666666666,0.16666666666666666,4,1,0.5,0.8333333333333334,4,6,31,170
819,131,1021,133751,31,171,133733,133769,36,0.5,0.1111111111111111,4,1,0.5,0.5,4,2,31,171
820,131,1031,135061,31,172,135059,135077,18,0.1111111111111111,0.1111111111111111,4,0,0.5,0.6,4,10,31,172
821,131,1033,135323,31,173,135319,135329,10,0.4,0.4,4,0,0.5,0.5,4,2,31,173
822,131,1039,136109,31,174,136099,136111,12,0.8333333333333334,0.3333333333333333,4,1,0.5,0.6666666666666666,4,6,31,174
823,131,1049,137419,31,175,137413,137437,24,0.25,0.25,4,0,0.5,0.2,4,10,31,175
824,131,1051,137681,31,176,137659,137699,40,0.55,0.05,4,1,0.5,0.5,4,2,31,176
825,131,1061,138991,31,177,138977,139021,44,0.3181818181818182,0.045454545454545456,4,1,0.5,0.4,4,10,31,177
826,131,1063,139253,31,178,139241,139267,26,0.46153846153846156,0.07692307692307693,4,1,0.5,0.5,4,2,31,178
827,131,1069,140039,31,179,140009,140053,44,0.6818181818181818,0.045454545454545456,4,1,0.5,0.6666666666666666,4,6,31,179
828,131,1087,142397,31,180,142391,142403,12,0.5,0.5,4,0,0.5,0.2222222222222222,4,18,31,180
829,131,1091,142921,31,181,142907,142939,32,0.4375,0.0625,4,1,0.5,0.75,4,4,31,181
830,131,1093,143183,31,182,143177,143197,20,0.3,0.1,4,1,0.5,0.5,4,2,31,182
831,131,1097,143707,31,183,143699,143711,12,0.6666666666666666,0.6666666666666666,4,0,0.5,0.25,4,4,31,183
832,131,1103,144493,31,184,144481,144497,16,0.75,0.375,4,1,0.5,0.3333333333333333,4,6,31,184
833,131,1109,145279,31,185,145267,145283,16,0.75,0.25,4,1,0.5,0.8333333333333334,4,6,31,185
834,131,1117,146327,31,186,146323,146347,24,0.16666666666666666,0.16666666666666666,4,0,0.5,0.25,4,8,31,186
835,131,1123,147113,31,187,147107,147137,30,0.2,0.06666666666666667,4,1,0.5,0.3333333333333333,4,6,31,187
836,131,1129,147899,31,188,147881,147919,38,0.47368421052631576,0.05263157894736842,4,1,0.5,0.5,4,6,31,188
837,131,1151,150781,31,189,150779,150791,12,0.16666666666666666,0.16666666666666666,4,0,0.5,0.18181818181818182,4,22,31,189
838,131,1153,151043,31,190,151027,151049,22,0.7272727272727273,0.18181818181818182,4,1,0.5,0.5,4,2,31,190
839,131,1163,152353,31,191,152311,152363,52,0.8076923076923077,0.057692307692307696,4,1,0.5,0.1,4,10,31,191
840,131,1171,153401,31,192,153379,153407,28,0.7857142857142857,0.14285714285714285,4,1,0.5,0.25,4,8,31,192
841,131,1181,154711,31,193,154699,154723,24,0.5,0.125,4,1,0.5,0.3,4,10,31,193
842,131,1187,155497,31,194,155473,155501,28,0.8571428571428571,0.21428571428571427,4,1,0.5,0.8333333333333334,4,6,31,194
843,131,1193,156283,31,195,156269,156307,38,0.3684210526315789,0.13157894736842105,4,1,0.5,0.3333333333333333,4,6,31,195
844,131,1201,157331,31,196,157327,157349,22,0.18181818181818182,0.18181818181818182,4,0,0.5,0.25,4,8,31,196
845,131,1213,158903,31,197,158881,158909,28,0.7857142857142857,0.21428571428571427,4,1,0.5,0.08333333333333333,4,12,31,197
846,131,1217,159427,31,198,159421,159431,10,0.6,0.6,4,0,0.5,0.25,4,4,31,198
847,131,1223,160213,31,199,160207,160217,10,0.6,0.4,4,1,0.5,0.3333333333333333,4,6,31,199
848,131,1229,160999,31,200,160997,161009,12,0.16666666666666666,0.16666666666666666,4,0,0.5,0.5,4,6,31,200
849,131,1231,161261,31,201,161237,161263,26,0.9230769230769231,0.19230769230769232,4,1,0.5,0.5,4,2,31,201
850,131,1237,162047,31,202,162017,162053,36,0.8333333333333334,0.25,4,1,0.5,0.5,4,6,31,202
851,131,1249,163619,31,203,163613,163621,8,0.75,0.5,4,1,0.5,0.08333333333333333,4,12,31,203
852,131,1259,164929,31,204,164911,164953,42,0.42857142857142855,0.07142857142857142,4,1,0.5,0.4,4,10,31,204
853,131,1277,167287,31,205,167269,167309,40,0.45,0.3,3,1,0.5,0.1111111111111111,4,18,31,205
854,131,1279,167549,31,206,167543,167593,50,0.12,0.06,4,1,0.5,0.5,4,2,31,206
855,131,1283,168073,31,207,168071,168083,12,0.16666666666666666,0.16666666666666666,4,0,0.5,0.75,4,4,31,207
856,131,1289,168859,31,208,168851,168863,12,0.6666666666666666,0.16666666666666666,4,1,0.5,0.3333333333333333,4,6,31,208
857,131,1291,169121,31,209,169111,169129,18,0.5555555555555556,0.3333333333333333,4,1,0.5,0.5,4,2,31,209
858,131,1297,169907,31,210,169891,169909,18,0.8888888888888888,0.16666666666666666,4,1,0.5,0.3333333333333333,4,6,31,210
859,131,1301,170431,31,211,170413,170441,28,0.6428571428571429,0.14285714285714285,4,1,0.5,0.5,4,4,31,211
860,131,1303,170693,31,212,170689,170701,12,0.3333333333333333,0.16666666666666666,4,1,0.5,0.5,4,2,31,212
861,131,1307,171217,31,213,171203,171233,30,0.4666666666666667,0.2,4,1,0.5,0.75,4,4,31,213
862,131,1319,172789,31,214,172787,172801,14,0.14285714285714285,0.14285714285714285,4,0,0.5,0.5,4,12,31,214
863,131,1321,173051,31,215,173039,173053,14,0.8571428571428571,0.14285714285714285,4,1,0.5,0.5,4,2,31,215
864,131,1327,173837,31,216,173827,173839,12,0.8333333333333334,0.16666666666666666,4,1,0.5,0.16666666666666666,4,6,31,216
865,131,1361,178291,31,217,178289,178301,12,0.16666666666666666,0.16666666666666666,4,0,0.5,0.058823529411764705,4,34,31,217
866,131,1367,179077,31,218,179057,179083,26,0.7692307692307693,0.07692307692307693,4,1,0.5,0.3333333333333333,4,6,31,218
867,131,1373,179863,31,219,179849,179897,48,0.2916666666666667,0.041666666666666664,4,1,0.5,0.3333333333333333,4,6,31,219
868,131,1381,180911,31,220,180907,180949,42,0.09523809523809523,0.09523809523809523,4,0,0.5,0.75,4,8,31,220
869,131,1399,183269,31,221,183263,183283,20,0.3,0.1,4,1,0.5,0.05555555555555555,4,18,31,221
870,131,1409,184579,31,222,184577,184607,30,0.06666666666666667,0.06666666666666667,4,0,0.5,0.2,4,10,31,222
871,131,1423,186413,31,223,186397,186419,22,0.7272727272727273,0.045454545454545456,4,1,0.5,0.14285714285714285,4,14,31,223
872,131,1427,186937,31,224,186917,186947,30,0.6666666666666666,0.2,4,1,0.5,0.75,4,4,31,224
873,131,1429,187199,31,225,187193,187211,18,0.3333333333333333,0.3333333333333333,4,0,0.5,0.5,4,2,31,225
874,131,1433,187723,31,226,187721,187751,30,0.06666666666666667,0.06666666666666667,4,0,0.5,0.5,4,4,31,226
875,131,1439,188509,31,227,188491,188519,28,0.6428571428571429,0.14285714285714285,4,1,0.5,0.6666666666666666,4,6,31,227
876,131,1447,189557,31,228,189547,189559,12,0.8333333333333334,0.5833333333333334,4,1,0.5,0.25,4,8,31,228
877,131,1451,190081,31,229,190063,190093,30,0.6,0.13333333333333333,4,1,0.5,0.25,4,4,31,229
878,131,1453,190343,31,230,190339,190357,18,0.2222222222222222,0.2222222222222222,4,0,0.5,0.5,4,2,31,230
879,131,1459,191129,31,231,191123,191137,14,0.42857142857142855,0.2857142857142857,4,1,0.5,0.16666666666666666,4,6,31,231
880,131,1471,192701,31,232,192697,192737,40,0.1,0.6,3,-1,0.5,0.16666666666666666,4,12,31,232
881,131,1481,194011,31,233,194003,194017,14,0.5714285714285714,0.21428571428571427,4,1,0.5,0.2,4,10,31,233
882,131,1483,194273,31,234,194269,194309,40,0.1,0.1,4,0,0.5,0.5,4,2,31,234
883,131,1487,194797,31,235,194771,194809,38,0.6842105263157895,0.07894736842105263,4,1,0.5,0.75,4,4,31,235
884,131,1489,195059,31,236,195053,195071,18,0.3333333333333333,0.3333333333333333,4,0,0.5,0.5,4,2,31,236
885,131,1493,195583,31,237,195581,195593,12,0.16666666666666666,0.16666666666666666,4,0,0.5,0.75,4,4,31,237
886,131,1499,196369,31,238,196337,196379,42,0.7619047619047619,0.09523809523809523,4,1,0.5,0.6666666666666666,4,6,31,238
887,131,1511,197941,31,239,197933,197947,14,0.5714285714285714,0.42857142857142855,4,1,0.5,0.16666666666666666,4,12,31,239
888,131,1523,199513,31,240,199501,199523,22,0.5454545454545454,0.18181818181818182,4,1,0.5,0.16666666666666666,4,12,31,240
889,131,1531,200561,31,241,200513,200569,56,0.8571428571428571,0.10714285714285714,4,1,0.5,0.5,4,8,31,241
890,131,1543,202133,31,242,202129,202183,54,0.07407407407407407,0.07407407407407407,4,0,0.5,0.3333333333333333,4,12,31,242
891,131,1549,202919,31,243,202907,202921,14,0.8571428571428571,0.42857142857142855,4,1,0.5,0.5,4,6,31,243
892,131,1553,203443,31,244,203431,203449,18,0.6666666666666666,0.3333333333333333,4,1,0.5,0.5,4,4,31,244
893,131,1559,204229,31,245,204173,204233,60,0.9333333333333333,0.06666666666666667,4,1,0.5,0.3333333333333333,4,6,31,245
894,131,1567,205277,31,246,205267,205297,30,0.3333333333333333,0.13333333333333333,4,1,0.5,0.25,4,8,31,246
895,131,1571,205801,31,247,205783,205817,34,0.5294117647058824,0.11764705882352941,4,1,0.5,0.5,4,4,31,247
896,131,1579,206849,31,248,206827,206879,52,0.4230769230769231,0.07692307692307693,4,1,0.5,0.375,4,8,31,248
897,131,1583,207373,31,249,207371,207377,6,0.3333333333333333,0.3333333333333333,4,0,0.5,0.5,4,4,31,249
898,131,1597,209207,31,250,209203,209213,10,0.4,0.4,4,0,0.5,0.14285714285714285,4,14,31,250
899,131,1601,209731,31,251,209719,209743,24,0.5,0.16666666666666666,4,1,0.5,0.25,4,4,31,251
900,131,1607,210517,31,252,210499,210523,24,0.75,0.125,4,1,0.5,0.3333333333333333,4,6,31,252
901,131,1609,210779,31,253,210773,210803,30,0.2,0.16666666666666666,4,1,0.5,0.5,4,2,31,253
902,131,1613,211303,31,254,211297,211313,16,0.375,0.0625,4,1,0.5,0.5,4,4,31,254
903,131,1619,212089,31,255,212081,212099,18,0.4444444444444444,0.1111111111111111,4,1,0.5,0.8333333333333334,4,6,31,255
904,131,1621,212351,31,256,212297,212353,56,0.9642857142857143,0.03571428571428571,4,1,0.5,0.5,4,2,31,256
905,131,1627,213137,31,257,213133,213139,6,0.6666666666666666,0.6666666666666666,4,0,0.5,0.16666666666666666,4,6,31,257
906,131,1637,214447,31,258,214439,214451,12,0.6666666666666666,0.16666666666666666,4,1,0.5,0.4,4,10,31,258
907,131,1657,217067,31,259,217057,217069,12,0.8333333333333334,0.08333333333333333,4,1,0.5,0.1,4,20,31,259
908,131,1663,217853,31,260,217849,217859,10,0.4,0.2,4,1,0.5,0.16666666666666666,4,6,31,260
909,131,1667,218377,31,261,218371,218381,10,0.6,0.6,4,0,0.5,0.5,4,4,31,261
910,131,1669,218639,31,262,218629,218641,12,0.8333333333333334,0.8333333333333334,4,0,0.5,0.5,4,2,31,262
911,131,1693,221783,31,263,221773,221797,24,0.4166666666666667,0.16666666666666666,4,1,0.5,0.5,4,24,31,263
912,131,1697,222307,31,264,222293,222311,18,0.7777777777777778,0.2222222222222222,4,1,0.5,0.5,4,4,31,264
913,131,1699,222569,31,265,222557,222587,30,0.4,0.06666666666666667,4,1,0.5,0.5,4,2,31,265
914,131,1709,223879,31,266,223849,223903,54,0.5555555555555556,0.1111111111111111,4,1,0.5,0.4,4,10,31,266
915,131,1721,225451,31,267,225431,225457,26,0.7692307692307693,0.07692307692307693,4,1,0.5,0.16666666666666666,4,12,31,267
916,131,1723,225713,31,268,225697,225721,24,0.6666666666666666,0.25,4,1,0.5,0.5,4,2,31,268
917,131,1733,227023,31,269,227011,227027,16,0.75,0.25,4,1,0.5,0.3,4,10,31,269
918,131,1741,228071,31,270,228061,228077,16,0.625,0.0625,4,1,0.5,0.25,4,8,31,270
919,131,1747,228857,31,271,228853,228859,6,0.6666666666666666,0.6666666666666666,4,0,0.5,0.6666666666666666,4,6,31,271
920,131,1753,229643,31,272,229639,229681,42,0.09523809523809523,0.09523809523809523,4,0,0.5,0.6666666666666666,4,6,31,272
921,131,1759,230429,31,273,230393,230431,38,0.9473684210526315,0.21052631578947367,4,1,0.5,0.16666666666666666,4,6,31,273
922,131,1777,232787,31,274,232777,232801,24,0.4166666666666667,0.16666666666666666,4,1,0.5,0.1111111111111111,4,18,31,274
923,131,1783,233573,31,275,233557,233591,34,0.47058823529411764,0.11764705882352941,4,1,0.5,0.3333333333333333,4,6,31,275
924,131,1787,234097,31,276,234089,234103,14,0.5714285714285714,0.2857142857142857,4,1,0.5,0.25,4,4,31,276
925,131,1789,234359,31,277,234343,234361,18,0.8888888888888888,0.3333333333333333,4,1,0.5,0.5,4,2,31,277
926,131,1801,235931,31,278,235927,235951,24,0.16666666666666666,0.08333333333333333,4,1,0.5,0.3333333333333333,4,12,31,278
927,131,1811,237241,31,279,237233,237257,24,0.3333333333333333,0.20833333333333334,4,1,0.5,0.2,4,10,31,279
928,131,1823,238813,31,280,238801,238829,28,0.42857142857142855,0.07142857142857142,4,1,0.5,0.25,4,12,31,280
929,131,1831,239861,31,281,239857,239873,16,0.25,0.0625,4,1,0.5,0.75,4,8,31,281
930,131,1847,241957,31,282,241951,241963,12,0.5,0.16666666666666666,4,1,0.5,0.25,4,16,31,282
931,131,1861,243791,31,283,243787,243799,12,0.3333333333333333,0.3333333333333333,4,0,0.5,0.14285714285714285,4,14,31,283
932,131,1867,244577,31,284,244567,244583,16,0.625,0.25,4,1,0.5,0.6666666666666666,4,6,31,284
933,131,1871,245101,31,285,245087,245107,20,0.7,0.3,4,1,0.5,0.25,4,4,31,285
934,131,1873,245363,31,286,245339,245383,44,0.5454545454545454,0.045454545454545456,4,1,0.5,0.5,4,2,31,286
935,131,1877,245887,31,287,245881,245897,16,0.375,0.25,4,1,0.5,0.25,4,4,31,287
936,131,1879,246149,31,288,246133,246151,18,0.8888888888888888,0.2222222222222222,4,1,0.5,0.5,4,2,31,288
937,131,1889,247459,31,289,247451,247463,12,0.6666666666666666,0.16666666666666666,4,1,0.5,0.3,4,10,31,289
938,131,1901,249031,31,290,249017,249037,20,0.7,0.1,4,1,0.5,0.16666666666666666,4,12,31,290
939,131,1907,249817,31,291,249811,249827,16,0.375,0.1875,4,1,0.5,0.3333333333333333,4,6,31,291
940,131,1913,250603,31,292,250583,250619,36,0.5555555555555556,0.16666666666666666,4,1,0.5,0.3333333333333333,4,6,31,292
941,131,1931,252961,31,293,252949,252971,22,0.5454545454545454,0.09090909090909091,4,1,0.5,0.1111111111111111,4,18,31,293
942,131,1933,253223,31,294,253159,253229,70,0.9142857142857143,0.05714285714285714,4,1,0.5,0.5,4,2,31,294
943,131,1949,255319,31,295,255313,255329,16,0.375,0.0625,4,1,0.5,0.0625,4,16,31,295
944,131,1951,255581,31,296,255571,255587,16,0.625,0.5,4,1,0.5,0.5,4,2,31,296
945,131,1973,258463,31,297,258449,258469,20,0.7,0.3,4,1,0.5,0.13636363636363635,4,22,31,297
946,131,1979,259249,31,298,259229,259271,42,0.47619047619047616,0.19047619047619047,4,1,0.5,0.6666666666666666,4,6,31,298
947,131,1987,260297,31,299,260269,260317,48,0.5833333333333334,0.08333333333333333,4,1,0.5,0.25,4,8,31,299
948,131,1993,261083,31,300,261077,261089,12,0.5,0.5,4,0,0.5,0.6666666666666666,4,6,31,300
949,131,1997,261607,31,301,261601,261619,18,0.3333333333333333,0.2222222222222222,4,1,0.5,0.25,4,4,31,301
950,131,1999,261869,31,302,261847,261881,34,0.6470588235294118,0.17647058823529413,4,1,0.5,0.5,4,2,31,302
951,131,2003,262393,31,303,262391,262399,8,0.25,0.25,4,0,0.5,0.5,4,4,31,303
952,137,1009,138233,32,168,138209,138239,30,0.8,0.06666666666666667,4,1,0.3333333333333333,0.08333333333333333,6,12,32,168
953,137,1013,138781,32,169,138763,138793,30,0.6,0.1,4,1,0.3333333333333333,0.5,6,4,32,169
954,137,1019,139603,32,170,139597,139609,12,0.5,0.5,4,0,0.3333333333333333,0.8333333333333334,6,6,32,170
955,137,1021,139877,32,171,139871,139883,12,0.5,0.16666666666666666,4,1,0.3333333333333333,0.5,6,2,32,171
956,137,1031,141247,32,172,141241,141257,16,0.375,0.0625,4,1,0.3333333333333333,0.6,6,10,32,172
957,137,1033,141521,32,173,141511,141529,18,0.5555555555555556,0.3333333333333333,4,1,0.3333333333333333,0.5,6,2,32,173
958,137,1039,142343,32,174,142327,142357,30,0.5333333333333333,0.13333333333333333,4,1,0.3333333333333333,0.6666666666666666,6,6,32,174
959,137,1049,143713,32,175,143711,143719,8,0.25,0.25,4,0,0.3333333333333333,0.2,6,10,32,175
960,137,1051,143987,32,176,143981,143999,18,0.3333333333333333,0.2777777777777778,4,1,0.3333333333333333,0.5,6,2,32,176
961,137,1061,145357,32,177,145349,145361,12,0.6666666666666666,0.16666666666666666,4,1,0.3333333333333333,0.4,6,10,32,177
962,137,1063,145631,32,178,145603,145633,30,0.9333333333333333,0.2,4,1,0.3333333333333333,0.5,6,2,32,178
963,137,1069,146453,32,179,146449,146477,28,0.14285714285714285,0.07142857142857142,4,1,0.3333333333333333,0.6666666666666666,6,6,32,179
964,137,1087,148919,32,180,148913,148921,8,0.75,0.5,4,1,0.3333333333333333,0.2222222222222222,6,18,32,180
965,137,1091,149467,32,181,149459,149489,30,0.26666666666666666,0.06666666666666667,4,1,0.3333333333333333,0.75,6,4,32,181
966,137,1093,149741,32,182,149731,149749,18,0.5555555555555556,0.2222222222222222,4,1,0.3333333333333333,0.5,6,2,32,182
967,137,1097,150289,32,183,150287,150299,12,0.16666666666666666,0.16666666666666666,4,0,0.3333333333333333,0.25,6,4,32,183
968,137,1103,151111,32,184,151091,151121,30,0.6666666666666666,0.06666666666666667,4,1,0.3333333333333333,0.3333333333333333,6,6,32,184
969,137,1109,151933,32,185,151909,151937,28,0.8571428571428571,0.14285714285714285,4,1,0.3333333333333333,0.8333333333333334,6,6,32,185
970,137,1117,153029,32,186,153001,153059,58,0.4827586206896552,0.034482758620689655,4,1,0.3333333333333333,0.25,6,8,32,186
971,137,1123,153851,32,187,153841,153871,30,0.3333333333333333,0.2,4,1,0.3333333333333333,0.3333333333333333,6,6,32,187
972,137,1129,154673,32,188,154669,154681,12,0.3333333333333333,0.3333333333333333,4,0,0.3333333333333333,0.5,6,6,32,188
973,137,1151,157687,32,189,157679,157721,42,0.19047619047619047,0.09523809523809523,4,1,0.3333333333333333,0.18181818181818182,6,22,32,189
974,137,1153,157961,32,190,157951,157991,40,0.25,0.075,4,1,0.3333333333333333,0.5,6,2,32,190
975,137,1163,159331,32,191,159319,159337,18,0.6666666666666666,0.2222222222222222,4,1,0.3333333333333333,0.1,6,10,32,191
976,137,1171,160427,32,192,160423,160441,18,0.2222222222222222,0.2222222222222222,4,0,0.3333333333333333,0.25,6,8,32,192
977,137,1181,161797,32,193,161783,161807,24,0.5833333333333334,0.4583333333333333,4,1,0.3333333333333333,0.3,6,10,32,193
978,137,1187,162619,32,194,162611,162623,12,0.6666666666666666,0.16666666666666666,4,1,0.3333333333333333,0.8333333333333334,6,6,32,194
979,137,1193,163441,32,195,163433,163469,36,0.2222222222222222,0.05555555555555555,4,1,0.3333333333333333,0.3333333333333333,6,6,32,195
980,137,1201,164537,32,196,164531,164569,38,0.15789473684210525,0.05263157894736842,4,1,0.3333333333333333,0.25,6,8,32,196
981,137,1213,166181,32,197,166169,166183,14,0.8571428571428571,0.14285714285714285,4,1,0.3333333333333333,0.08333333333333333,6,12,32,197
982,137,1217,166729,32,198,166723,166739,16,0.375,0.375,4,0,0.3333333333333333,0.25,6,4,32,198
983,137,1223,167551,32,199,167543,167593,50,0.16,0.06,4,1,0.3333333333333333,0.3333333333333333,6,6,32,199
984,137,1229,168373,32,200,168353,168391,38,0.5263157894736842,0.13157894736842105,4,1,0.3333333333333333,0.5,6,6,32,200
985,137,1231,168647,32,201,168643,168673,30,0.13333333333333333,0.13333333333333333,4,0,0.3333333333333333,0.5,6,2,32,201
986,137,1237,169469,32,202,169457,169471,14,0.8571428571428571,0.14285714285714285,4,1,0.3333333333333333,0.5,6,6,32,202
987,137,1249,171113,32,203,171103,171131,28,0.35714285714285715,0.14285714285714285,4,1,0.3333333333333333,0.08333333333333333,6,12,32,203
988,137,1259,172483,32,204,172441,172489,48,0.875,0.20833333333333334,4,1,0.3333333333333333,0.4,6,10,32,204
989,137,1277,174949,32,205,174943,174959,16,0.375,0.1875,4,1,0.3333333333333333,0.1111111111111111,6,18,32,205
990,137,1279,175223,32,206,175211,175229,18,0.6666666666666666,0.1111111111111111,4,1,0.3333333333333333,0.5,6,2,32,206
991,137,1283,175771,32,207,175759,175781,22,0.5454545454545454,0.13636363636363635,4,1,0.3333333333333333,0.75,6,4,32,207
992,137,1289,176593,32,208,176591,176597,6,0.3333333333333333,0.3333333333333333,4,0,0.3333333333333333,0.3333333333333333,6,6,32,208
993,137,1291,176867,32,209,176857,176887,30,0.3333333333333333,0.2,4,1,0.3333333333333333,0.5,6,2,32,209
994,137,1297,177689,32,210,177679,177691,12,0.8333333333333334,0.5,4,1,0.3333333333333333,0.3333333333333333,6,6,32,210
995,137,1301,178237,32,211,178231,178247,16,0.375,0.375,4,0,0.3333333333333333,0.5,6,4,32,211
996,137,1303,178511,32,212,178501,178513,12,0.8333333333333334,0.8333333333333334,4,0,0.3333333333333333,0.5,6,2,32,212
997,137,1307,179059,32,213,179057,179083,26,0.07692307692307693,0.07692307692307693,4,0,0.3333333333333333,0.75,6,4,32,213
998,137,1319,180703,32,214,180701,180731,30,0.06666666666666667,0.06666666666666667,4,0,0.3333333333333333,0.5,6,12,32,214
999,137,1321,180977,32,215,180959,181001,42,0.42857142857142855,0.047619047619047616,4,1,0.3333333333333333,0.5,6,2,32,215
1000,137,1327,181799,32,216,181789,181813,24,0.4166666666666667,0.16666666666666666,4,1,0.3333333333333333,0.16666666666666666,6,6,32,216
1001,137,1361,186457,32,217,186451,186469,18,0.3333333333333333,0.3333333333333333,4,0,0.3333333333333333,0.058823529411764705,6,34,32,217
1002,137,1367,187279,32,218,187277,187303,26,0.07692307692307693,0.07692307692307693,4,0,0.3333333333333333,0.3333333333333333,6,6,32,218
1003,137,1373,188101,32,219,188029,188107,78,0.9230769230769231,0.05128205128205128,4,1,0.3333333333333333,0.3333333333333333,6,6,32,219
1004,137,1381,189197,32,220,189187,189199,12,0.8333333333333334,0.3333333333333333,4,1,0.3333333333333333,0.75,6,8,32,220
1005,137,1399,191663,32,221,191657,191669,12,0.5,0.5,4,0,0.3333333333333333,0.05555555555555555,6,18,32,221
1006,137,1409,193033,32,222,193031,193043,12,0.16666666666666666,0.16666666666666666,4,0,0.3333333333333333,0.2,6,10,32,222
1007,137,1423,194951,32,223,194933,194963,30,0.6,0.2,4,1,0.3333333333333333,0.14285714285714285,6,14,32,223
1008,137,1427,195499,32,224,195497,195511,14,0.14285714285714285,0.14285714285714285,4,0,0.3333333333333333,0.75,6,4,32,224
1009,137,1429,195773,32,225,195761,195781,20,0.6,0.1,4,1,0.3333333333333333,0.5,6,2,32,225
1010,137,1433,196321,32,226,196307,196331,24,0.5833333333333334,0.08333333333333333,4,1,0.3333333333333333,0.5,6,4,32,226
1011,137,1439,197143,32,227,197137,197147,10,0.6,0.2,4,1,0.3333333333333333,0.6666666666666666,6,6,32,227
1012,137,1447,198239,32,228,198223,198241,18,0.8888888888888888,0.2222222222222222,4,1,0.3333333333333333,0.25,6,8,32,228
1013,137,1451,198787,32,229,198769,198811,42,0.42857142857142855,0.09523809523809523,4,1,0.3333333333333333,0.25,6,4,32,229
1014,137,1453,199061,32,230,199049,199081,32,0.375,0.0625,4,1,0.3333333333333333,0.5,6,2,32,230
1015,137,1459,199883,32,231,199877,199889,12,0.5,0.16666666666666666,4,1,0.3333333333333333,0.16666666666666666,6,6,32,231
1016,137,1471,201527,32,232,201517,201547,30,0.3333333333333333,0.13333333333333333,4,1,0.3333333333333333,0.16666666666666666,6,12,32,232
1017,137,1481,202897,32,233,202889,202907,18,0.4444444444444444,0.1111111111111111,4,1,0.3333333333333333,0.2,6,10,32,233
1018,137,1483,203171,32,234,203141,203173,32,0.9375,0.0625,4,1,0.3333333333333333,0.5,6,2,32,234
1019,137,1487,203719,32,235,203713,203761,48,0.125,0.08333333333333333,4,1,0.3333333333333333,0.75,6,4,32,235
1020,137,1489,203993,32,236,203989,203999,10,0.4,0.4,4,0,0.3333333333333333,0.5,6,2,32,236
1021,137,1493,204541,32,237,204521,204557,36,0.5555555555555556,0.05555555555555555,4,1,0.3333333333333333,0.75,6,4,32,237
1022,137,1499,205363,32,238,205357,205391,34,0.17647058823529413,0.029411764705882353,4,1,0.3333333333333333,0.6666666666666666,6,6,32,238
1023,137,1511,207007,32,239,206993,207013,20,0.7,0.1,4,1,0.3333333333333333,0.16666666666666666,6,12,32,239
1024,137,1523,208651,32,240,208631,208657,26,0.7692307692307693,0.46153846153846156,4,1,0.3333333333333333,0.16666666666666666,6,12,32,240
1025,137,1531,209747,32,241,209743,209767,24,0.16666666666666666,0.16666666666666666,4,0,0.3333333333333333,0.5,6,8,32,241
1026,137,1543,211391,32,242,211373,211403,30,0.6,0.13333333333333333,4,1,0.3333333333333333,0.3333333333333333,6,12,32,242
1027,137,1549,212213,32,243,212209,212227,18,0.2222222222222222,0.2222222222222222,4,0,0.3333333333333333,0.5,6,6,32,243
1028,137,1553,212761,32,244,212701,212777,76,0.7894736842105263,0.02631578947368421,4,1,0.3333333333333333,0.5,6,4,32,244
1029,137,1559,213583,32,245,213557,213589,32,0.8125,0.15625,4,1,0.3333333333333333,0.3333333333333333,6,6,32,245
1030,137,1567,214679,32,246,214673,214691,18,0.3333333333333333,0.2777777777777778,4,1,0.3333333333333333,0.25,6,8,32,246
1031,137,1571,215227,32,247,215197,215239,42,0.7142857142857143,0.023809523809523808,4,1,0.3333333333333333,0.5,6,4,32,247
1032,137,1579,216323,32,248,216319,216329,10,0.4,0.3,4,1,0.3333333333333333,0.375,6,8,32,248
1033,137,1583,216871,32,249,216859,216877,18,0.6666666666666666,0.1111111111111111,4,1,0.3333333333333333,0.5,6,4,32,249
1034,137,1597,218789,32,250,218783,218797,14,0.42857142857142855,0.42857142857142855,4,0,0.3333333333333333,0.14285714285714285,6,14,32,250
1035,137,1601,219337,32,251,219313,219353,40,0.6,0.15,4,1,0.3333333333333333,0.25,6,4,32,251
1036,137,1607,220159,32,252,220151,220163,12,0.6666666666666666,0.16666666666666666,4,1,0.3333333333333333,0.3333333333333333,6,6,32,252
1037,137,1609,220433,32,253,220421,220447,26,0.46153846153846156,0.07692307692307693,4,1,0.3333333333333333,0.5,6,2,32,253
1038,137,1613,220981,32,254,220973,221021,48,0.16666666666666666,0.125,4,1,0.3333333333333333,0.5,6,4,32,254
1039,137,1619,221803,32,255,221797,221807,10,0.6,0.1,4,1,0.3333333333333333,0.8333333333333334,6,6,32,255
1040,137,1621,222077,32,256,222073,222107,34,0.11764705882352941,0.11764705882352941,4,0,0.3333333333333333,0.5,6,2,32,256
1041,137,1627,222899,32,257,222883,222913,30,0.5333333333333333,0.1,4,1,0.3333333333333333,0.16666666666666666,6,6,32,257
1042,137,1637,224269,32,258,224267,224291,24,0.08333333333333333,0.08333333333333333,4,0,0.3333333333333333,0.4,6,10,32,258
1043,137,1657,227009,32,259,226991,227011,20,0.9,0.15,4,1,0.3333333333333333,0.1,6,20,32,259
1044,137,1663,227831,32,260,227827,227849,22,0.18181818181818182,0.18181818181818182,4,0,0.3333333333333333,0.16666666666666666,6,6,32,260
1045,137,1667,228379,32,261,228359,228383,24,0.8333333333333334,0.25,4,1,0.3333333333333333,0.5,6,4,32,261
1046,137,1669,228653,32,262,228647,228677,30,0.2,0.06666666666666667,4,1,0.3333333333333333,0.5,6,2,32,262
1047,137,1693,231941,32,263,231923,231943,20,0.9,0.15,4,1,0.3333333333333333,0.5,6,24,32,263
1048,137,1697,232489,32,264,232487,232499,12,0.16666666666666666,0.16666666666666666,4,0,0.3333333333333333,0.5,6,4,32,264
1049,137,1699,232763,32,265,232753,232777,24,0.4166666666666667,0.25,4,1,0.3333333333333333,0.5,6,2,32,265
1050,137,1709,234133,32,266,234131,234139,8,0.25,0.25,4,0,0.3333333333333333,0.4,6,10,32,266
1051,137,1721,235777,32,267,235751,235783,32,0.8125,0.0625,4,1,0.3333333333333333,0.16666666666666666,6,12,32,267
1052,137,1723,236051,32,268,236021,236053,32,0.9375,0.0625,4,1,0.3333333333333333,0.5,6,2,32,268
1053,137,1733,237421,32,269,237409,237467,58,0.20689655172413793,0.13793103448275862,4,1,0.3333333333333333,0.3,6,10,32,269
1054,137,1741,238517,32,270,238499,238519,20,0.9,0.1,4,1,0.3333333333333333,0.25,6,8,32,270
1055,137,1747,239339,32,271,239333,239347,14,0.42857142857142855,0.42857142857142855,4,0,0.3333333333333333,0.6666666666666666,6,6,32,271
1056,137,1753,240161,32,272,240151,240169,18,0.5555555555555556,0.1111111111111111,4,1,0.3333333333333333,0.6666666666666666,6,6,32,272
1057,137,1759,240983,32,273,240967,240997,30,0.5333333333333333,0.13333333333333333,4,1,0.3333333333333333,0.16666666666666666,6,6,32,273
1058,137,1777,243449,32,274,243437,243461,24,0.5,0.20833333333333334,4,1,0.3333333333333333,0.1111111111111111,6,18,32,274
1059,137,1783,244271,32,275,244261,244291,30,0.3333333333333333,0.03333333333333333,4,1,0.3333333333333333,0.3333333333333333,6,6,32,275
1060,137,1787,244819,32,276,244813,244837,24,0.25,0.16666666666666666,4,1,0.3333333333333333,0.25,6,4,32,276
1061,137,1789,245093,32,277,245087,245107,20,0.3,0.3,4,0,0.3333333333333333,0.5,6,2,32,277
1062,137,1801,246737,32,278,246731,246739,8,0.75,0.25,4,1,0.3333333333333333,0.3333333333333333,6,12,32,278
1063,137,1811,248107,32,279,248099,248117,18,0.4444444444444444,0.4444444444444444,4,0,0.3333333333333333,0.2,6,10,32,279
1064,137,1823,249751,32,280,249749,249763,14,0.14285714285714285,0.14285714285714285,4,0,0.3333333333333333,0.25,6,12,32,280
1065,137,1831,250847,32,281,250841,250853,12,0.5,0.16666666666666666,4,1,0.3333333333333333,0.75,6,8,32,281
1066,137,1847,253039,32,282,253013,253049,36,0.7222222222222222,0.16666666666666666,4,1,0.3333333333333333,0.25,6,16,32,282
1067,137,1861,254957,32,283,254941,254959,18,0.8888888888888888,0.2222222222222222,4,1,0.3333333333333333,0.14285714285714285,6,14,32,283
1068,137,1867,255779,32,284,255767,255803,36,0.3333333333333333,0.05555555555555555,4,1,0.3333333333333333,0.6666666666666666,6,6,32,284
1069,137,1871,256327,32,285,256313,256337,24,0.5833333333333334,0.08333333333333333,4,1,0.3333333333333333,0.25,6,4,32,285
1070,137,1873,256601,32,286,256589,256603,14,0.8571428571428571,0.14285714285714285,4,1,0.3333333333333333,0.5,6,2,32,286
1071,137,1877,257149,32,287,257141,257161,20,0.4,0.1,4,1,0.3333333333333333,0.25,6,4,32,287
1072,137,1879,257423,32,288,257407,257437,30,0.5333333333333333,0.2,4,1,0.3333333333333333,0.5,6,2,32,288
1073,137,1889,258793,32,289,258787,258803,16,0.375,0.125,4,1,0.3333333333333333,0.3,6,10,32,289
1074,137,1901,260437,32,290,260419,260441,22,0.8181818181818182,0.13636363636363635,4,1,0.3333333333333333,0.16666666666666666,6,12,32,290
1075,137,1907,261259,32,291,261251,261271,20,0.4,0.1,4,1,0.3333333333333333,0.3333333333333333,6,6,32,291
1076,137,1913,262081,32,292,262079,262103,24,0.08333333333333333,0.08333333333333333,4,0,0.3333333333333333,0.3333333333333333,6,6,32,292
1077,137,1931,264547,32,293,264529,264553,24,0.75,0.08333333333333333,4,1,0.3333333333333333,0.1111111111111111,6,18,32,293
1078,137,1933,264821,32,294,264811,264827,16,0.625,0.25,4,1,0.3333333333333333,0.5,6,2,32,294
1079,137,1949,267013,32,295,266999,267017,18,0.7777777777777778,0.3333333333333333,4,1,0.3333333333333333,0.0625,6,16,32,295
1080,137,1951,267287,32,296,267277,267299,22,0.45454545454545453,0.18181818181818182,4,1,0.3333333333333333,0.5,6,2,32,296
1081,137,1973,270301,32,297,270299,270307,8,0.25,0.25,4,0,0.3333333333333333,0.13636363636363635,6,22,32,297
1082,137,1979,271123,32,298,271109,271127,18,0.7777777777777778,0.2222222222222222,4,1,0.3333333333333333,0.6666666666666666,6,6,32,298
1083,137,1987,272219,32,299,272203,272227,24,0.6666666666666666,0.16666666666666666,4,1,0.3333333333333333,0.25,6,8,32,299
1084,137,1993,273041,32,300,273029,273043,14,0.8571428571428571,0.14285714285714285,4,1,0.3333333333333333,0.6666666666666666,6,6,32,300
1085,137,1997,273589,32,301,273569,273601,32,0.625,0.0625,4,1,0.3333333333333333,0.25,6,4,32,301
1086,137,1999,273863,32,302,273857,273881,24,0.25,0.08333333333333333,4,1,0.3333333333333333,0.5,6,2,32,302
1087,137,2003,274411,32,303,274403,274423,20,0.4,0.1,4,1,0.3333333333333333,0.5,6,4,32,303
1088,139,1009,140251,33,168,140249,140263,14,0.14285714285714285,0.14285714285714285,4,0,0.5,0.08333333333333333,2,12,33,168
1089,139,1013,140807,33,169,140797,140813,16,0.625,0.125,4,1,0.5,0.5,2,4,33,169
1090,139,1019,141641,33,170,141637,141649,12,0.3333333333333333,0.3333333333333333,4,0,0.5,0.8333333333333334,2,6,33,170
1091,139,1021,141919,33,171,141917,141931,14,0.14285714285714285,0.14285714285714285,4,0,0.5,0.5,2,2,33,171
1092,139,1031,143309,33,172,143291,143329,38,0.47368421052631576,0.05263157894736842,4,1,0.5,0.6,2,10,33,172
1093,139,1033,143587,33,173,143573,143593,20,0.7,0.25,4,1,0.5,0.5,2,2,33,173
1094,139,1039,144421,33,174,144413,144427,14,0.5714285714285714,0.5714285714285714,4,0,0.5,0.6666666666666666,2,6,33,174
1095,139,1049,145811,33,175,145807,145819,12,0.3333333333333333,0.3333333333333333,4,0,0.5,0.2,2,10,33,175
1096,139,1051,146089,33,176,146077,146093,16,0.75,0.0625,4,1,0.5,0.5,2,2,33,176
1097,139,1061,147479,33,177,147457,147481,24,0.9166666666666666,0.16666666666666666,4,1,0.5,0.4,2,10,33,177
1098,139,1063,147757,33,178,147743,147761,18,0.7777777777777778,0.3333333333333333,4,1,0.5,0.5,2,2,33,178
1099,139,1069,148591,33,179,148579,148609,30,0.4,0.13333333333333333,4,1,0.5,0.6666666666666666,2,6,33,179
1100,139,1087,151093,33,180,151091,151121,30,0.06666666666666667,0.06666666666666667,4,0,0.5,0.2222222222222222,2,18,33,180
1101,139,1091,151649,33,181,151643,151651,8,0.75,0.5,4,1,0.5,0.75,2,4,33,181
1102,139,1093,151927,33,182,151909,151937,28,0.6428571428571429,0.14285714285714285,4,1,0.5,0.5,2,2,33,182
1103,139,1097,152483,33,183,152461,152501,40,0.55,0.025,4,1,0.5,0.25,2,4,33,183
1104,139,1103,153317,33,184,153313,153319,6,0.6666666666666666,0.6666666666666666,4,0,0.5,0.3333333333333333,2,6,33,184
1105,139,1109,154151,33,185,154127,154153,26,0.9230769230769231,0.07692307692307693,4,1,0.5,0.8333333333333334,2,6,33,185
1106,139,1117,155263,33,186,155251,155269,18,0.6666666666666666,0.2222222222222222,4,1,0.5,0.25,2,8,33,186
1107,139,1123,156097,33,187,156089,156109,20,0.4,0.1,4,1,0.5,0.3333333333333333,2,6,33,187
1108,139,1129,156931,33,188,156913,156941,28,0.6428571428571429,0.14285714285714285,4,1,0.5,0.5,2,6,33,188
1109,139,1151,159989,33,189,159979,160001,22,0.45454545454545453,0.09090909090909091,4,1,0.5,0.18181818181818182,2,22,33,189
1110,139,1153,160267,33,190,160253,160309,56,0.25,0.03571428571428571,4,1,0.5,0.5,2,2,33,190
1111,139,1163,161657,33,191,161641,161659,18,0.8888888888888888,0.1111111111111111,4,1,0.5,0.1,2,10,33,191
1112,139,1171,162769,33,192,162751,162779,28,0.6428571428571429,0.07142857142857142,4,1,0.5,0.25,2,8,33,192
1113,139,1181,164159,33,193,164149,164173,24,0.4166666666666667,0.16666666666666666,4,1,0.5,0.3,2,10,33,193
1114,139,1187,164993,33,194,164987,164999,12,0.5,0.5,4,0,0.5,0.8333333333333334,2,6,33,194
1115,139,1193,165827,33,195,165817,165829,12,0.8333333333333334,0.3333333333333333,4,1,0.5,0.3333333333333333,2,6,33,195
1116,139,1201,166939,33,196,166931,166949,18,0.4444444444444444,0.1111111111111111,4,1,0.5,0.25,2,8,33,196
1117,139,1213,168607,33,197,168601,168617,16,0.375,0.25,4,1,0.5,0.08333333333333333,2,12,33,197
1118,139,1217,169163,33,198,169159,169177,18,0.2222222222222222,0.2222222222222222,4,0,0.5,0.25,2,4,33,198
1119,139,1223,169997,33,199,169991,170003,12,0.5,0.5,4,0,0.5,0.3333333333333333,2,6,33,199
1120,139,1229,170831,33,200,170827,170837,10,0.4,0.4,4,0,0.5,0.5,2,6,33,200
1121,139,1231,171109,33,201,171103,171131,28,0.21428571428571427,0.14285714285714285,4,1,0.5,0.5,2,2,33,201
1122,139,1237,171943,33,202,171937,171947,10,0.6,0.6,4,0,0.5,0.5,2,6,33,202
1123,139,1249,173611,33,203,173599,173617,18,0.6666666666666666,0.2222222222222222,4,1,0.5,0.08333333333333333,2,12,33,203
1124,139,1259,175001,33,204,174991,175003,12,0.8333333333333334,0.5,4,1,0.5,0.4,2,10,33,204
1125,139,1277,177503,33,205,177493,177511,18,0.5555555555555556,0.05555555555555555,4,1,0.5,0.1111111111111111,2,18,33,205
1126,139,1279,177781,33,206,177763,177787,24,0.75,0.125,4,1,0.5,0.5,2,2,33,206
1127,139,1283,178337,33,207,178333,178349,16,0.25,0.25,4,0,0.5,0.75,2,4,33,207
1128,139,1289,179171,33,208,179167,179173,6,0.6666666666666666,0.3333333333333333,4,1,0.5,0.3333333333333333,2,6,33,208
1129,139,1291,179449,33,209,179441,179453,12,0.6666666666666666,0.5,4,1,0.5,0.5,2,2,33,209
1130,139,1297,180283,33,210,180281,180287,6,0.3333333333333333,0.3333333333333333,4,0,0.5,0.3333333333333333,2,6,33,210
1131,139,1301,180839,33,211,180811,180847,36,0.7777777777777778,0.05555555555555555,4,1,0.5,0.5,2,4,33,211
1132,139,1303,181117,33,212,181087,181123,36,0.8333333333333334,0.1111111111111111,4,1,0.5,0.5,2,2,33,212
1133,139,1307,181673,33,213,181669,181693,24,0.16666666666666666,0.16666666666666666,4,0,0.5,0.75,2,4,33,213
1134,139,1319,183341,33,214,183329,183343,14,0.8571428571428571,0.14285714285714285,4,1,0.5,0.5,2,12,33,214
1135,139,1321,183619,33,215,183611,183637,26,0.3076923076923077,0.07692307692307693,4,1,0.5,0.5,2,2,33,215
1136,139,1327,184453,33,216,184447,184463,16,0.375,0.125,4,1,0.5,0.16666666666666666,2,6,33,216
1137,139,1361,189179,33,217,189169,189187,18,0.5555555555555556,0.2222222222222222,4,1,0.5,0.058823529411764705,2,34,33,217
1138,139,1367,190013,33,218,189997,190027,30,0.5333333333333333,0.03333333333333333,4,1,0.5,0.3333333333333333,2,6,33,218
1139,139,1373,190847,33,219,190843,190871,28,0.14285714285714285,0.14285714285714285,4,0,0.5,0.3333333333333333,2,6,33,219
1140,139,1381,191959,33,220,191953,191969,16,0.375,0.25,4,1,0.5,0.75,2,8,33,220
1141,139,1399,194461,33,221,194443,194471,28,0.6428571428571429,0.21428571428571427,4,1,0.5,0.05555555555555555,2,18,33,221
1142,139,1409,195851,33,222,195817,195863,46,0.7391304347826086,0.08695652173913043,4,1,0.5,0.2,2,10,33,222
1143,139,1423,197797,33,223,197779,197803,24,0.75,0.08333333333333333,4,1,0.5,0.14285714285714285,2,14,33,223
1144,139,1427,198353,33,224,198349,198377,28,0.14285714285714285,0.14285714285714285,4,0,0.5,0.75,2,4,33,224
1145,139,1429,198631,33,225,198623,198637,14,0.5714285714285714,0.42857142857142855,4,1,0.5,0.5,2,2,33,225
1146,139,1433,199187,33,226,199181,199193,12,0.5,0.16666666666666666,4,1,0.5,0.5,2,4,33,226
1147,139,1439,200021,33,227,200017,200023,6,0.6666666666666666,0.6666666666666666,4,0,0.5,0.6666666666666666,2,6,33,227
1148,139,1447,201133,33,228,201121,201139,18,0.6666666666666666,0.3333333333333333,4,1,0.5,0.25,2,8,33,228
1149,139,1451,201689,33,229,201683,201701,18,0.3333333333333333,0.3333333333333333,4,0,0.5,0.25,2,4,33,229
1150,139,1453,201967,33,230,201961,201973,12,0.5,0.08333333333333333,4,1,0.5,0.5,2,2,33,230
1151,139,1459,202801,33,231,202799,202817,18,0.1111111111111111,0.1111111111111111,4,0,0.5,0.16666666666666666,2,6,33,231
1152,139,1471,204469,33,232,204461,204481,20,0.4,0.1,4,1,0.5,0.16666666666666666,2,12,33,232
1153,139,1481,205859,33,233,205847,205879,32,0.375,0.1875,4,1,0.5,0.2,2,10,33,233
1154,139,1483,206137,33,234,206123,206153,30,0.4666666666666667,0.3333333333333333,4,1,0.5,0.5,2,2,33,234
1155,139,1487,206693,33,235,206651,206699,48,0.875,0.041666666666666664,4,1,0.5,0.75,2,4,33,235
1156,139,1489,206971,33,236,206953,206993,40,0.45,0.1,4,1,0.5,0.5,2,2,33,236
1157,139,1493,207527,33,237,207523,207541,18,0.2222222222222222,0.2222222222222222,4,0,0.5,0.75,2,4,33,237
1158,139,1499,208361,33,238,208337,208367,30,0.8,0.06666666666666667,4,1,0.5,0.6666666666666666,2,6,33,238
1159,139,1511,210029,33,239,210019,210031,12,0.8333333333333334,0.6666666666666666,4,1,0.5,0.16666666666666666,2,12,33,239
1160,139,1523,211697,33,240,211693,211711,18,0.2222222222222222,0.2222222222222222,4,0,0.5,0.16666666666666666,2,12,33,240
1161,139,1531,212809,33,241,212801,212827,26,0.3076923076923077,0.07692307692307693,4,1,0.5,0.5,2,8,33,241
1162,139,1543,214477,33,242,214469,214481,12,0.6666666666666666,0.16666666666666666,4,1,0.5,0.3333333333333333,2,12,33,242
1163,139,1549,215311,33,243,215309,215317,8,0.25,0.25,4,0,0.5,0.5,2,6,33,243
1164,139,1553,215867,33,244,215863,215893,30,0.13333333333333333,0.13333333333333333,4,0,0.5,0.5,2,4,33,244
1165,139,1559,216701,33,245,216679,216703,24,0.9166666666666666,0.08333333333333333,4,1,0.5,0.3333333333333333,2,6,33,245
1166,139,1567,217813,33,246,217793,217823,30,0.6666666666666666,0.2,4,1,0.5,0.25,2,8,33,246
1167,139,1571,218369,33,247,218363,218371,8,0.75,0.75,4,0,0.5,0.5,2,4,33,247
1168,139,1579,219481,33,248,219467,219491,24,0.5833333333333334,0.08333333333333333,4,1,0.5,0.375,2,8,33,248
1169,139,1583,220037,33,249,220021,220057,36,0.4444444444444444,0.16666666666666666,4,1,0.5,0.5,2,4,33,249
1170,139,1597,221983,33,250,221957,221987,30,0.8666666666666667,0.06666666666666667,4,1,0.5,0.14285714285714285,2,14,33,250
1171,139,1601,222539,33,251,222533,222553,20,0.3,0.1,4,1,0.5,0.25,2,4,33,251
1172,139,1607,223373,33,252,223367,223381,14,0.42857142857142855,0.14285714285714285,4,1,0.5,0.3333333333333333,2,6,33,252
1173,139,1609,223651,33,253,223637,223667,30,0.4666666666666667,0.06666666666666667,4,1,0.5,0.5,2,2,33,253
1174,139,1613,224207,33,254,224201,224209,8,0.75,0.25,4,1,0.5,0.5,2,4,33,254
1175,139,1619,225041,33,255,225037,225061,24,0.16666666666666666,0.08333333333333333,4,1,0.5,0.8333333333333334,2,6,33,255
1176,139,1621,225319,33,256,225307,225341,34,0.35294117647058826,0.11764705882352941,4,1,0.5,0.5,2,2,33,256
1177,139,1627,226153,33,257,226141,226169,28,0.42857142857142855,0.21428571428571427,4,1,0.5,0.16666666666666666,2,6,33,257
1178,139,1637,227543,33,258,227537,227561,24,0.25,0.25,4,0,0.5,0.4,2,10,33,258
1179,139,1657,230323,33,259,230311,230327,16,0.75,0.125,4,1,0.5,0.1,2,20,33,259
1180,139,1663,231157,33,260,231131,231169,38,0.6842105263157895,0.15789473684210525,4,1,0.5,0.16666666666666666,2,6,33,260
1181,139,1667,231713,33,261,231709,231719,10,0.4,0.2,4,1,0.5,0.5,2,4,33,261
1182,139,1669,231991,33,262,231967,232003,36,0.6666666666666666,0.05555555555555555,4,1,0.5,0.5,2,2,33,262
1183,139,1693,235327,33,263,235309,235337,28,0.6428571428571429,0.07142857142857142,4,1,0.5,0.5,2,24,33,263
1184,139,1697,235883,33,264,235877,235889,12,0.5,0.5,4,0,0.5,0.5,2,4,33,264
1185,139,1699,236161,33,265,236153,236167,14,0.5714285714285714,0.5714285714285714,4,0,0.5,0.5,2,2,33,265
1186,139,1709,237551,33,266,237547,237563,16,0.25,0.25,4,0,0.5,0.4,2,10,33,266
1187,139,1721,239219,33,267,239201,239231,30,0.6,0.06666666666666667,4,1,0.5,0.16666666666666666,2,12,33,267
1188,139,1723,239497,33,268,239489,239509,20,0.4,0.1,4,1,0.5,0.5,2,2,33,268
1189,139,1733,240887,33,269,240883,240893,10,0.4,0.4,4,0,0.5,0.3,2,10,33,269
1190,139,1741,241999,33,270,241993,242009,16,0.375,0.0625,4,1,0.5,0.25,2,8,33,270
1191,139,1747,242833,33,271,242819,242863,44,0.3181818181818182,0.045454545454545456,4,1,0.5,0.6666666666666666,2,6,33,271
1192,139,1753,243667,33,272,243647,243671,24,0.8333333333333334,0.08333333333333333,4,1,0.5,0.6666666666666666,2,6,33,272
1193,139,1759,244501,33,273,244493,244507,14,0.5714285714285714,0.42857142857142855,4,1,0.5,0.16666666666666666,2,6,33,273
1194,139,1777,247003,33,274,247001,247007,6,0.3333333333333333,0.3333333333333333,4,0,0.5,0.1111111111111111,2,18,33,274
1195,139,1783,247837,33,275,247829,247847,18,0.4444444444444444,0.1111111111111111,4,1,0.5,0.3333333333333333,2,6,33,275
1196,139,1787,248393,33,276,248389,248401,12,0.3333333333333333,0.3333333333333333,4,0,0.5,0.25,2,4,33,276
1197,139,1789,248671,33,277,248657,248683,26,0.5384615384615384,0.07692307692307693,4,1,0.5,0.5,2,2,33,277
1198,139,1801,250339,33,278,250307,250343,36,0.8888888888888888,0.05555555555555555,4,1,0.5,0.3333333333333333,2,12,33,278
1199,139,1811,251729,33,279,251707,251737,30,0.7333333333333333,0.06666666666666667,4,1,0.5,0.2,2,10,33,279
1200,139,1823,253397,33,280,253387,253417,30,0.3333333333333333,0.06666666666666667,4,1,0.5,0.25,2,12,33,280
1201,139,1831,254509,33,281,254491,254519,28,0.6428571428571429,0.10714285714285714,4,1,0.5,0.75,2,8,33,281
1202,139,1847,256733,33,282,256723,256757,34,0.29411764705882354,0.11764705882352941,4,1,0.5,0.25,2,16,33,282
1203,139,1861,258679,33,283,258677,258691,14,0.14285714285714285,0.14285714285714285,4,0,0.5,0.14285714285714285,2,14,33,283
1204,139,1867,259513,33,284,259507,259517,10,0.6,0.6,4,0,0.5,0.6666666666666666,2,6,33,284
1205,139,1871,260069,33,285,260047,260081,34,0.6470588235294118,0.17647058823529413,4,1,0.5,0.25,2,4,33,285
1206,139,1873,260347,33,286,260339,260363,24,0.3333333333333333,0.08333333333333333,4,1,0.5,0.5,2,2,33,286
1207,139,1877,260903,33,287,260893,260921,28,0.35714285714285715,0.03571428571428571,4,1,0.5,0.25,2,4,33,287
1208,139,1879,261181,33,288,261169,261223,54,0.2222222222222222,0.07407407407407407,4,1,0.5,0.5,2,2,33,288
1209,139,1889,262571,33,289,262567,262583,16,0.25,0.125,4,1,0.5,0.3,2,10,33,289
1210,139,1901,264239,33,290,264221,264263,42,0.42857142857142855,0.047619047619047616,4,1,0.5,0.16666666666666666,2,12,33,290
1211,139,1907,265073,33,291,265037,265079,42,0.8571428571428571,0.047619047619047616,4,1,0.5,0.3333333333333333,2,6,33,291
1212,139,1913,265907,33,292,265891,265921,30,0.5333333333333333,0.1,4,1,0.5,0.3333333333333333,2,6,33,292
1213,139,1931,268409,33,293,268403,268439,36,0.16666666666666666,0.05555555555555555,4,1,0.5,0.1111111111111111,2,18,33,293
1214,139,1933,268687,33,294,268661,268693,32,0.8125,0.0625,4,1,0.5,0.5,2,2,33,294
1215,139,1949,270911,33,295,270899,270913,14,0.8571428571428571,0.14285714285714285,4,1,0.5,0.0625,2,16,33,295
1216,139,1951,271189,33,296,271181,271211,30,0.26666666666666666,0.16666666666666666,4,1,0.5,0.5,2,2,33,296
1217,139,1973,274247,33,297,274243,274259,16,0.25,0.25,4,0,0.5,0.13636363636363635,2,22,33,297
1218,139,1979,275081,33,298,275059,275083,24,0.9166666666666666,0.4166666666666667,4,1,0.5,0.6666666666666666,2,6,33,298
1219,139,1987,276193,33,299,276191,276209,18,0.1111111111111111,0.1111111111111111,4,0,0.5,0.25,2,8,33,299
1220,139,1993,277027,33,300,277021,277051,30,0.2,0.03333333333333333,4,1,0.5,0.6666666666666666,2,6,33,300
1221,139,1997,277583,33,301,277579,277597,18,0.2222222222222222,0.2222222222222222,4,0,0.5,0.25,2,4,33,301
1222,139,1999,277861,33,302,277859,277883,24,0.08333333333333333,0.08333333333333333,4,0,0.5,0.5,2,2,33,302
1223,139,2003,278417,33,303,278413,278437,24,0.16666666666666666,0.16666666666666666,4,0,0.5,0.5,2,4,33,303
1224,149,1009,150341,34,168,150329,150343,14,0.8571428571428571,0.2857142857142857,4,1,0.2,0.08333333333333333,10,12,34,168
1225,149,1013,150937,34,169,150929,150959,30,0.26666666666666666,0.06666666666666667,4,1,0.2,0.5,10,4,34,169
1226,149,1019,151831,34,170,151817,151841,24,0.5833333333333334,0.08333333333333333,4,1,0.2,0.8333333333333334,10,6,34,170
1227,149,1021,152129,34,171,152123,152147,24,0.25,0.25,4,0,0.2,0.5,10,2,34,171
1228,149,1031,153619,34,172,153611,153623,12,0.6666666666666666,0.16666666666666666,4,1,0.2,0.6,10,10,34,172
1229,149,1033,153917,34,173,153913,153929,16,0.25,0.25,4,0,0.2,0.5,10,2,34,173
1230,149,1039,154811,34,174,154807,154823,16,0.25,0.25,4,0,0.2,0.6666666666666666,10,6,34,174
1231,149,1049,156301,34,175,156269,156307,38,0.8421052631578947,0.13157894736842105,4,1,0.2,0.2,10,10,34,175
1232,149,1051,156599,34,176,156593,156601,8,0.75,0.25,4,1,0.2,0.5,10,2,34,176
1233,149,1061,158089,34,177,158077,158113,36,0.3333333333333333,0.027777777777777776,4,1,0.2,0.4,10,10,34,177
1234,149,1063,158387,34,178,158371,158393,22,0.7272727272727273,0.13636363636363635,4,1,0.2,0.5,10,2,34,178
1235,149,1069,159281,34,179,159233,159287,54,0.8888888888888888,0.037037037037037035,4,1,0.2,0.6666666666666666,10,6,34,179
1236,149,1087,161963,34,180,161957,161969,12,0.5,0.3333333333333333,4,1,0.2,0.2222222222222222,10,18,34,180
1237,149,1091,162559,34,181,162557,162563,6,0.3333333333333333,0.3333333333333333,4,0,0.2,0.75,10,4,34,181
1238,149,1093,162857,34,182,162853,162859,6,0.6666666666666666,0.6666666666666666,4,0,0.2,0.5,10,2,34,182
1239,149,1097,163453,34,183,163433,163469,36,0.5555555555555556,0.05555555555555555,4,1,0.2,0.25,10,4,34,183
1240,149,1103,164347,34,184,164341,164357,16,0.375,0.0625,4,1,0.2,0.3333333333333333,10,6,34,184
1241,149,1109,165241,34,185,165233,165247,14,0.5714285714285714,0.2857142857142857,4,1,0.2,0.8333333333333334,10,6,34,185
1242,149,1117,166433,34,186,166429,166457,28,0.14285714285714285,0.14285714285714285,4,0,0.2,0.25,10,8,34,186
1243,149,1123,167327,34,187,167317,167329,12,0.8333333333333334,0.75,4,1,0.2,0.3333333333333333,10,6,34,187
1244,149,1129,168221,34,188,168211,168227,16,0.625,0.625,4,0,0.2,0.5,10,6,34,188
1245,149,1151,171499,34,189,171491,171517,26,0.3076923076923077,0.07692307692307693,4,1,0.2,0.18181818181818182,10,22,34,189
1246,149,1153,171797,34,190,171793,171799,6,0.6666666666666666,0.6666666666666666,4,0,0.2,0.5,10,2,34,190
1247,149,1163,173287,34,191,173273,173291,18,0.7777777777777778,0.3333333333333333,4,1,0.2,0.1,10,10,34,191
1248,149,1171,174479,34,192,174469,174481,12,0.8333333333333334,0.3333333333333333,4,1,0.2,0.25,10,8,34,192
1249,149,1181,175969,34,193,175963,175979,16,0.375,0.375,4,0,0.2,0.3,10,10,34,193
1250,149,1187,176863,34,194,176857,176887,30,0.2,0.2,4,0,0.2,0.8333333333333334,10,6,34,194
1251,149,1193,177757,34,195,177743,177761,18,0.7777777777777778,0.16666666666666666,4,1,0.2,0.3333333333333333,10,6,34,195
1252,149,1201,178949,34,196,178939,178951,12,0.8333333333333334,0.3333333333333333,4,1,0.2,0.25,10,8,34,196
1253,149,1213,180737,34,197,180731,180749,18,0.3333333333333333,0.1111111111111111,4,1,0.2,0.08333333333333333,10,12,34,197
1254,149,1217,181333,34,198,181303,181361,58,0.5172413793103449,0.10344827586206896,4,1,0.2,0.25,10,4,34,198
1255,149,1223,182227,34,199,182209,182233,24,0.75,0.08333333333333333,4,1,0.2,0.3333333333333333,10,6,34,199
1256,149,1229,183121,34,200,183119,183151,32,0.0625,0.0625,4,0,0.2,0.5,10,6,34,200
1257,149,1231,183419,34,201,183397,183437,40,0.55,0.1,4,1,0.2,0.5,10,2,34,201
1258,149,1237,184313,34,202,184309,184321,12,0.3333333333333333,0.3333333333333333,4,0,0.2,0.5,10,6,34,202
1259,149,1249,186101,34,203,186097,186103,6,0.6666666666666666,0.6666666666666666,4,0,0.2,0.08333333333333333,10,12,34,203
1260,149,1259,187591,34,204,187573,187597,24,0.75,0.041666666666666664,4,1,0.2,0.4,10,10,34,204
1261,149,1277,190273,34,205,190271,190283,12,0.16666666666666666,0.16666666666666666,4,0,0.2,0.1111111111111111,10,18,34,205
1262,149,1279,190571,34,206,190543,190573,30,0.9333333333333333,0.1,4,1,0.2,0.5,10,2,34,206
1263,149,1283,191167,34,207,191161,191173,12,0.5,0.08333333333333333,4,1,0.2,0.75,10,4,34,207
1264,149,1289,192061,34,208,192053,192091,38,0.21052631578947367,0.10526315789473684,4,1,0.2,0.3333333333333333,10,6,34,208
1265,149,1291,192359,34,209,192347,192373,26,0.46153846153846156,0.07692307692307693,4,1,0.2,0.5,10,2,34,209
1266,149,1297,193253,34,210,193247,193261,14,0.42857142857142855,0.42857142857142855,4,0,0.2,0.3333333333333333,10,6,34,210
1267,149,1301,193849,34,211,193847,193859,12,0.16666666666666666,0.16666666666666666,4,0,0.2,0.5,10,4,34,211
1268,149,1303,194147,34,212,194141,194149,8,0.75,0.625,4,1,0.2,0.5,10,2,34,212
1269,149,1307,194743,34,213,194729,194749,20,0.7,0.25,4,1,0.2,0.75,10,4,34,213
1270,149,1319,196531,34,214,196523,196541,18,0.4444444444444444,0.3333333333333333,4,1,0.2,0.5,10,12,34,214
1271,149,1321,196829,34,215,196817,196831,14,0.8571428571428571,0.35714285714285715,4,1,0.2,0.5,10,2,34,215
1272,149,1327,197723,34,216,197713,197741,28,0.35714285714285715,0.21428571428571427,4,1,0.2,0.16666666666666666,10,6,34,216
1273,149,1361,202789,34,217,202777,202799,22,0.5454545454545454,0.18181818181818182,4,1,0.2,0.058823529411764705,10,34,34,217
1274,149,1367,203683,34,218,203669,203713,44,0.3181818181818182,0.045454545454545456,4,1,0.2,0.3333333333333333,10,6,34,218
1275,149,1373,204577,34,219,204563,204583,20,0.7,0.3,4,1,0.2,0.3333333333333333,10,6,34,219
1276,149,1381,205769,34,220,205763,205783,20,0.3,0.3,4,0,0.2,0.75,10,8,34,220
1277,149,1399,208451,34,221,208441,208457,16,0.625,0.125,4,1,0.2,0.05555555555555555,10,18,34,221
1278,149,1409,209941,34,222,209939,209953,14,0.14285714285714285,0.14285714285714285,4,0,0.2,0.2,10,10,34,222
1279,149,1423,212027,34,223,211997,212029,32,0.9375,0.0625,4,1,0.2,0.14285714285714285,10,14,34,223
1280,149,1427,212623,34,224,212593,212627,34,0.8823529411764706,0.029411764705882353,4,1,0.2,0.75,10,4,34,224
1281,149,1429,212921,34,225,212917,212923,6,0.6666666666666666,0.6666666666666666,4,0,0.2,0.5,10,2,34,225
1282,149,1433,213517,34,226,213491,213523,32,0.8125,0.09375,4,1,0.2,0.5,10,4,34,226
1283,149,1439,214411,34,227,214399,214433,34,0.35294117647058826,0.08823529411764706,4,1,0.2,0.6666666666666666,10,6,34,227
1284,149,1447,215603,34,228,215587,215617,30,0.5333333333333333,0.13333333333333333,4,1,0.2,0.25,10,8,34,228
1285,149,1451,216199,34,229,216179,216211,32,0.625,0.1875,4,1,0.2,0.25,10,4,34,229
1286,149,1453,216497,34,230,216493,216509,16,0.25,0.0625,4,1,0.2,0.5,10,2,34,230
1287,149,1459,217391,34,231,217387,217397,10,0.4,0.4,4,0,0.2,0.16666666666666666,10,6,34,231
1288,149,1471,219179,34,232,219169,219187,18,0.5555555555555556,0.2222222222222222,4,1,0.2,0.16666666666666666,10,12,34,232
1289,149,1481,220669,34,233,220667,220673,6,0.3333333333333333,0.3333333333333333,4,0,0.2,0.2,10,10,34,233
1290,149,1483,220967,34,234,220939,220973,34,0.8235294117647058,0.11764705882352941,4,1,0.2,0.5,10,2,34,234
1291,149,1487,221563,34,235,221549,221567,18,0.7777777777777778,0.2777777777777778,4,1,0.2,0.75,10,4,34,235
1292,149,1489,221861,34,236,221849,221873,24,0.5,0.16666666666666666,4,1,0.2,0.5,10,2,34,236
1293,149,1493,222457,34,237,222437,222461,24,0.8333333333333334,0.4166666666666667,4,1,0.2,0.75,10,4,34,237
1294,149,1499,223351,34,238,223339,223361,22,0.5454545454545454,0.18181818181818182,4,1,0.2,0.6666666666666666,10,6,34,238
1295,149,1511,225139,34,239,225133,225143,10,0.6,0.6,4,0,0.2,0.16666666666666666,10,12,34,239
1296,149,1523,226927,34,240,226913,226937,24,0.5833333333333334,0.3333333333333333,4,1,0.2,0.16666666666666666,10,12,34,240
1297,149,1531,228119,34,241,228113,228127,14,0.42857142857142855,0.2857142857142857,4,1,0.2,0.5,10,8,34,241
1298,149,1543,229907,34,242,229903,229937,34,0.11764705882352941,0.11764705882352941,4,0,0.2,0.3333333333333333,10,12,34,242
1299,149,1549,230801,34,243,230779,230807,28,0.7857142857142857,0.14285714285714285,4,1,0.2,0.5,10,6,34,243
1300,149,1553,231397,34,244,231379,231409,30,0.6,0.13333333333333333,4,1,0.2,0.5,10,4,34,244
1301,149,1559,232291,34,245,232259,232303,44,0.7272727272727273,0.045454545454545456,4,1,0.2,0.3333333333333333,10,6,34,245
1302,149,1567,233483,34,246,233477,233489,12,0.5,0.4166666666666667,4,1,0.2,0.25,10,8,34,246
1303,149,1571,234079,34,247,234067,234083,16,0.75,0.25,4,1,0.2,0.5,10,4,34,247
1304,149,1579,235271,34,248,235243,235273,30,0.9333333333333333,0.13333333333333333,4,1,0.2,0.375,10,8,34,248
1305,149,1583,235867,34,249,235849,235871,22,0.8181818181818182,0.18181818181818182,4,1,0.2,0.5,10,4,34,249
1306,149,1597,237953,34,250,237929,237959,30,0.8,0.06666666666666667,4,1,0.2,0.14285714285714285,10,14,34,250
1307,149,1601,238549,34,251,238547,238573,26,0.07692307692307693,0.07692307692307693,4,0,0.2,0.25,10,4,34,251
1308,149,1607,239443,34,252,239441,239461,20,0.1,0.1,4,0,0.2,0.3333333333333333,10,6,34,252
1309,149,1609,239741,34,253,239737,239753,16,0.25,0.0625,4,1,0.2,0.5,10,2,34,253
1310,149,1613,240337,34,254,240319,240341,22,0.8181818181818182,0.09090909090909091,4,1,0.2,0.5,10,4,34,254
1311,149,1619,241231,34,255,241229,241249,20,0.1,0.1,4,0,0.2,0.8333333333333334,10,6,34,255
1312,149,1621,241529,34,256,241517,241537,20,0.6,0.1,4,1,0.2,0.5,10,2,34,256
1313,149,1627,242423,34,257,242419,242441,22,0.18181818181818182,0.18181818181818182,4,0,0.2,0.16666666666666666,10,6,34,257
1314,149,1637,243913,34,258,243911,243917,6,0.3333333333333333,0.3333333333333333,4,0,0.2,0.4,10,10,34,258
1315,149,1657,246893,34,259,246889,246899,10,0.4,0.4,4,0,0.2,0.1,10,20,34,259
1316,149,1663,247787,34,260,247781,247799,18,0.3333333333333333,0.1111111111111111,4,1,0.2,0.16666666666666666,10,6,34,260
1317,149,1667,248383,34,261,248371,248389,18,0.6666666666666666,0.3333333333333333,4,1,0.2,0.5,10,4,34,261
1318,149,1669,248681,34,262,248657,248683,26,0.9230769230769231,0.07692307692307693,4,1,0.2,0.5,10,2,34,262
1319,149,1693,252257,34,263,252253,252277,24,0.16666666666666666,0.041666666666666664,4,1,0.2,0.5,10,24,34,263
1320,149,1697,252853,34,264,252829,252869,40,0.6,0.25,4,1,0.2,0.5,10,4,34,264
1321,149,1699,253151,34,265,253133,253153,20,0.9,0.1,4,1,0.2,0.5,10,2,34,265
1322,149,1709,254641,34,266,254627,254647,20,0.7,0.1,4,1,0.2,0.4,10,10,34,266
1323,149,1721,256429,34,267,256423,256441,18,0.3333333333333333,0.16666666666666666,4,1,0.2,0.16666666666666666,10,12,34,267
1324,149,1723,256727,34,268,256723,256757,34,0.11764705882352941,0.11764705882352941,4,0,0.2,0.5,10,2,34,268
1325,149,1733,258217,34,269,258211,258233,22,0.2727272727272727,0.2727272727272727,4,0,0.2,0.3,10,10,34,269
1326,149,1741,259409,34,270,259397,259411,14,0.8571428571428571,0.14285714285714285,4,1,0.2,0.25,10,8,34,270
1327,149,1747,260303,34,271,260269,260317,48,0.7083333333333334,0.08333333333333333,4,1,0.2,0.6666666666666666,10,6,34,271
1328,149,1753,261197,34,272,261169,261223,54,0.5185185185185185,0.07407407407407407,4,1,0.2,0.6666666666666666,10,6,34,272
1329,149,1759,262091,34,273,262079,262103,24,0.5,0.08333333333333333,4,1,0.2,0.16666666666666666,10,6,34,273
1330,149,1777,264773,34,274,264769,264779,10,0.4,0.4,4,0,0.2,0.1111111111111111,10,18,34,274
1331,149,1783,265667,34,275,265621,265703,82,0.5609756097560976,0.07317073170731707,4,1,0.2,0.3333333333333333,10,6,34,275
1332,149,1787,266263,34,276,266261,266269,8,0.25,0.25,4,0,0.2,0.25,10,4,34,276
1333,149,1789,266561,34,277,266549,266587,38,0.3157894736842105,0.05263157894736842,4,1,0.2,0.5,10,2,34,277
1334,149,1801,268349,34,278,268343,268403,60,0.1,0.06666666666666667,4,1,0.2,0.3333333333333333,10,12,34,278
1335,149,1811,269839,34,279,269791,269851,60,0.8,0.06666666666666667,4,1,0.2,0.2,10,10,34,279
1336,149,1823,271627,34,280,271619,271637,18,0.4444444444444444,0.1111111111111111,4,1,0.2,0.25,10,12,34,280
1337,149,1831,272819,34,281,272813,272863,50,0.12,0.04,4,1,0.2,0.75,10,8,34,281
1338,149,1847,275203,34,282,275201,275207,6,0.3333333333333333,0.3333333333333333,4,0,0.2,0.25,10,16,34,282
1339,149,1861,277289,34,283,277279,277297,18,0.5555555555555556,0.16666666666666666,4,1,0.2,0.14285714285714285,10,14,34,283
1340,149,1867,278183,34,284,278177,278191,14,0.42857142857142855,0.35714285714285715,4,1,0.2,0.6666666666666666,10,6,34,284
1341,149,1871,278779,34,285,278767,278801,34,0.35294117647058826,0.11764705882352941,4,1,0.2,0.25,10,4,34,285
1342,149,1873,279077,34,286,279073,279109,36,0.1111111111111111,0.027777777777777776,4,1,0.2,0.5,10,2,34,286
1343,149,1877,279673,34,287,279659,279679,20,0.7,0.15,4,1,0.2,0.25,10,4,34,287
1344,149,1879,279971,34,288,279967,279977,10,0.4,0.2,4,1,0.2,0.5,10,2,34,288
1345,149,1889,281461,34,289,281431,281509,78,0.38461538461538464,0.02564102564102564,4,1,0.2,0.3,10,10,34,289
1346,149,1901,283249,34,290,283211,283267,56,0.6785714285714286,0.03571428571428571,4,1,0.2,0.16666666666666666,10,12,34,290
1347,149,1907,284143,34,291,284131,284149,18,0.6666666666666666,0.16666666666666666,4,1,0.2,0.3333333333333333,10,6,34,291
1348,149,1913,285037,34,292,285031,285049,18,0.3333333333333333,0.3333333333333333,4,0,0.2,0.3333333333333333,10,6,34,292
1349,149,1931,287719,34,293,287701,287731,30,0.6,0.3333333333333333,4,1,0.2,0.1111111111111111,10,18,34,293
1350,149,1933,288017,34,294,288007,288023,16,0.625,0.25,4,1,0.2,0.5,10,2,34,294
1351,149,1949,290401,34,295,290399,290419,20,0.1,0.1,4,0,0.2,0.0625,10,16,34,295
1352,149,1951,290699,34,296,290677,290701,24,0.9166666666666666,0.08333333333333333,4,1,0.2,0.5,10,2,34,296
1353,149,1973,293977,34,297,293957,293983,26,0.7692307692307693,0.15384615384615385,4,1,0.2,0.13636363636363635,10,22,34,297
1354,149,1979,294871,34,298,294869,294887,18,0.1111111111111111,0.1111111111111111,4,0,0.2,0.6666666666666666,10,6,34,298
1355,149,1987,296063,34,299,296047,296071,24,0.6666666666666666,0.16666666666666666,4,1,0.2,0.25,10,8,34,299
1356,149,1993,296957,34,300,296941,296969,28,0.5714285714285714,0.03571428571428571,4,1,0.2,0.6666666666666666,10,6,34,300
1357,149,1997,297553,34,301,297533,297581,48,0.4166666666666667,0.16666666666666666,4,1,0.2,0.25,10,4,34,301
1358,149,1999,297851,34,302,297841,297853,12,0.8333333333333334,0.08333333333333333,4,1,0.2,0.5,10,2,34,302
1359,149,2003,298447,34,303,298427,298451,24,0.8333333333333334,0.08333333333333333,4,1,0.2,0.5,10,4,34,303
1360,151,1009,152359,35,168,152311,152363,52,0.9230769230769231,0.057692307692307696,4,1,0.5,0.08333333333333333,2,12,35,168
1361,151,1013,152963,35,169,152959,152981,22,0.18181818181818182,0.13636363636363635,4,1,0.5,0.5,2,4,35,169
1362,151,1019,153869,35,170,153841,153871,30,0.9333333333333333,0.2,4,1,0.5,0.8333333333333334,2,6,35,170
1363,151,1021,154171,35,171,154159,154181,22,0.5454545454545454,0.13636363636363635,4,1,0.5,0.5,2,2,35,171
1364,151,1031,155681,35,172,155671,155689,18,0.5555555555555556,0.3333333333333333,4,1,0.5,0.6,2,10,35,172
1365,151,1033,155983,35,173,155921,156007,86,0.7209302325581395,0.023255813953488372,4,1,0.5,0.5,2,2,35,173
1366,151,1039,156889,35,174,156887,156899,12,0.16666666666666666,0.16666666666666666,4,0,0.5,0.6666666666666666,2,6,35,174
1367,151,1049,158399,35,175,158393,158407,14,0.42857142857142855,0.42857142857142855,4,0,0.5,0.2,2,10,35,175
1368,151,1051,158701,35,176,158699,158731,32,0.0625,0.0625,4,0,0.5,0.5,2,2,35,176
1369,151,1061,160211,35,177,160207,160217,10,0.4,0.4,4,0,0.5,0.4,2,10,35,177
1370,151,1063,160513,35,178,160507,160541,34,0.17647058823529413,0.058823529411764705,4,1,0.5,0.5,2,2,35,178
1371,151,1069,161419,35,179,161411,161453,42,0.19047619047619047,0.047619047619047616,4,1,0.5,0.6666666666666666,2,6,35,179
1372,151,1087,164137,35,180,164117,164147,30,0.6666666666666666,0.06666666666666667,4,1,0.5,0.2222222222222222,2,18,35,180
1373,151,1091,164741,35,181,164729,164743,14,0.8571428571428571,0.5714285714285714,4,1,0.5,0.75,2,4,35,181
1374,151,1093,165043,35,182,165041,165047,6,0.3333333333333333,0.3333333333333333,4,0,0.5,0.5,2,2,35,182
1375,151,1097,165647,35,183,165617,165653,36,0.8333333333333334,0.05555555555555555,4,1,0.5,0.25,2,4,35,183
1376,151,1103,166553,35,184,166541,166561,20,0.6,0.25,4,1,0.5,0.3333333333333333,2,6,35,184
1377,151,1109,167459,35,185,167449,167471,22,0.45454545454545453,0.09090909090909091,4,1,0.5,0.8333333333333334,2,6,35,185
1378,151,1117,168667,35,186,168643,168673,30,0.8,0.13333333333333333,4,1,0.5,0.25,2,8,35,186
1379,151,1123,169573,35,187,169567,169583,16,0.375,0.25,4,1,0.5,0.3333333333333333,2,6,35,187
1380,151,1129,170479,35,188,170473,170483,10,0.6,0.1,4,1,0.5,0.5,2,6,35,188
1381,151,1151,173801,35,189,173783,173807,24,0.75,0.08333333333333333,4,1,0.5,0.18181818181818182,2,22,35,189
1382,151,1153,174103,35,190,174101,174121,20,0.1,0.1,4,0,0.5,0.5,2,2,35,190
1383,151,1163,175613,35,191,175601,175621,20,0.6,0.1,4,1,0.5,0.1,2,10,35,191
1384,151,1171,176821,35,192,176819,176849,30,0.06666666666666667,0.06666666666666667,4,0,0.5,0.25,2,8,35,192
1385,151,1181,178331,35,193,178327,178333,6,0.6666666666666666,0.3333333333333333,4,1,0.5,0.3,2,10,35,193
1386,151,1187,179237,35,194,179233,179243,10,0.4,0.4,4,0,0.5,0.8333333333333334,2,6,35,194
1387,151,1193,180143,35,195,180137,180161,24,0.25,0.20833333333333334,4,1,0.5,0.3333333333333333,2,6,35,195
1388,151,1201,181351,35,196,181303,181361,58,0.8275862068965517,0.10344827586206896,4,1,0.5,0.25,2,8,35,196
1389,151,1213,183163,35,197,183151,183167,16,0.75,0.125,4,1,0.5,0.08333333333333333,2,12,35,197
1390,151,1217,183767,35,198,183763,183797,34,0.11764705882352941,0.11764705882352941,4,0,0.5,0.25,2,4,35,198
1391,151,1223,184673,35,199,184669,184687,18,0.2222222222222222,0.2222222222222222,4,0,0.5,0.3333333333333333,2,6,35,199
1392,151,1229,185579,35,200,185569,185593,24,0.4166666666666667,0.16666666666666666,4,1,0.5,0.5,2,6,35,200
1393,151,1231,185881,35,201,185873,185893,20,0.4,0.3,4,1,0.5,0.5,2,2,35,201
1394,151,1237,186787,35,202,186773,186793,20,0.7,0.3,4,1,0.5,0.5,2,6,35,202
1395,151,1249,188599,35,203,188579,188603,24,0.8333333333333334,0.08333333333333333,4,1,0.5,0.08333333333333333,2,12,35,203
1396,151,1259,190109,35,204,190097,190121,24,0.5,0.16666666666666666,4,1,0.5,0.4,2,10,35,204
1397,151,1277,192827,35,205,192817,192833,16,0.625,0.375,4,1,0.5,0.1111111111111111,2,18,35,205
1398,151,1279,193129,35,206,193093,193133,40,0.9,0.1,4,1,0.5,0.5,2,2,35,206
1399,151,1283,193733,35,207,193727,193741,14,0.42857142857142855,0.14285714285714285,4,1,0.5,0.75,2,4,35,207
1400,151,1289,194639,35,208,194609,194647,38,0.7894736842105263,0.05263157894736842,4,1,0.5,0.3333333333333333,2,6,35,208
1401,151,1291,194941,35,209,194933,194963,30,0.26666666666666666,0.2,4,1,0.5,0.5,2,2,35,209
1402,151,1297,195847,35,210,195817,195863,46,0.6521739130434783,0.08695652173913043,4,1,0.5,0.3333333333333333,2,6,35,210
1403,151,1301,196451,35,211,196439,196453,14,0.8571428571428571,0.21428571428571427,4,1,0.5,0.5,2,4,35,211
1404,151,1303,196753,35,212,196751,196769,18,0.1111111111111111,0.1111111111111111,4,0,0.5,0.5,2,2,35,212
1405,151,1307,197357,35,213,197347,197359,12,0.8333333333333334,0.8333333333333334,4,0,0.5,0.75,2,4,35,213
1406,151,1319,199169,35,214,199153,199181,28,0.5714285714285714,0.03571428571428571,4,1,0.5,0.5,2,12,35,214
1407,151,1321,199471,35,215,199457,199483,26,0.5384615384615384,0.23076923076923078,4,1,0.5,0.5,2,2,35,215
1408,151,1327,200377,35,216,200371,200381,10,0.6,0.2,4,1,0.5,0.16666666666666666,2,6,35,216
1409,151,1361,205511,35,217,205507,205519,12,0.3333333333333333,0.3333333333333333,4,0,0.5,0.058823529411764705,2,34,35,217
1410,151,1367,206417,35,218,206413,206419,6,0.6666666666666666,0.6666666666666666,4,0,0.5,0.3333333333333333,2,6,35,218
1411,151,1373,207323,35,219,207307,207329,22,0.7272727272727273,0.2727272727272727,4,1,0.5,0.3333333333333333,2,6,35,219
1412,151,1381,208531,35,220,208529,208553,24,0.08333333333333333,0.08333333333333333,4,0,0.5,0.75,2,8,35,220
1413,151,1399,211249,35,221,211247,211271,24,0.08333333333333333,0.08333333333333333,4,0,0.5,0.05555555555555555,2,18,35,221
1414,151,1409,212759,35,222,212701,212777,76,0.7631578947368421,0.02631578947368421,4,1,0.5,0.2,2,10,35,222
1415,151,1423,214873,35,223,214867,214883,16,0.375,0.375,4,0,0.5,0.14285714285714285,2,14,35,223
1416,151,1427,215477,35,224,215471,215483,12,0.5,0.16666666666666666,4,1,0.5,0.75,2,4,35,224
1417,151,1429,215779,35,225,215771,215797,26,0.3076923076923077,0.07692307692307693,4,1,0.5,0.5,2,2,35,225
1418,151,1433,216383,35,226,216379,216397,18,0.2222222222222222,0.16666666666666666,4,1,0.5,0.5,2,4,35,226
1419,151,1439,217289,35,227,217271,217307,36,0.5,0.05555555555555555,4,1,0.5,0.6666666666666666,2,6,35,227
1420,151,1447,218497,35,228,218479,218509,30,0.6,0.13333333333333333,4,1,0.5,0.25,2,8,35,228
1421,151,1451,219101,35,229,219097,219103,6,0.6666666666666666,0.6666666666666666,4,0,0.5,0.25,2,4,35,229
1422,151,1453,219403,35,230,219389,219407,18,0.7777777777777778,0.1111111111111111,4,1,0.5,0.5,2,2,35,230
1423,151,1459,220309,35,231,220307,220327,20,0.1,0.1,4,0,0.5,0.16666666666666666,2,6,35,231
1424,151,1471,222121,35,232,222113,222127,14,0.5714285714285714,0.42857142857142855,4,1,0.5,0.16666666666666666,2,12,35,232
1425,151,1481,223631,35,233,223621,223633,12,0.8333333333333334,0.5,4,1,0.5,0.2,2,10,35,233
1426,151,1483,223933,35,234,223921,223939,18,0.6666666666666666,0.3333333333333333,4,1,0.5,0.5,2,2,35,234
1427,151,1487,224537,35,235,224527,224563,36,0.2777777777777778,0.05555555555555555,4,1,0.5,0.75,2,4,35,235
1428,151,1489,224839,35,236,224831,224863,32,0.25,0.0625,4,1,0.5,0.5,2,2,35,236
1429,151,1493,225443,35,237,225431,225457,26,0.46153846153846156,0.07692307692307693,4,1,0.5,0.75,2,4,35,237
1430,151,1499,226349,35,238,226337,226357,20,0.6,0.1,4,1,0.5,0.6666666666666666,2,6,35,238
1431,151,1511,228161,35,239,228139,228181,42,0.5238095238095238,0.09523809523809523,4,1,0.5,0.16666666666666666,2,12,35,239
1432,151,1523,229973,35,240,229963,229979,16,0.625,0.25,4,1,0.5,0.16666666666666666,2,12,35,240
1433,151,1531,231181,35,241,231169,231197,28,0.42857142857142855,0.32142857142857145,4,1,0.5,0.5,2,8,35,241
1434,151,1543,232993,35,242,232987,233021,34,0.17647058823529413,0.17647058823529413,4,0,0.5,0.3333333333333333,2,12,35,242
1435,151,1549,233899,35,243,233881,233911,30,0.6,0.2,4,1,0.5,0.5,2,6,35,243
1436,151,1553,234503,35,244,234499,234511,12,0.3333333333333333,0.16666666666666666,4,1,0.5,0.5,2,4,35,244
1437,151,1559,235409,35,245,235397,235439,42,0.2857142857142857,0.09523809523809523,4,1,0.5,0.3333333333333333,2,6,35,245
1438,151,1567,236617,35,246,236609,236627,18,0.4444444444444444,0.4444444444444444,4,0,0.5,0.25,2,8,35,246
1439,151,1571,237221,35,247,237217,237233,16,0.25,0.25,4,0,0.5,0.5,2,4,35,247
1440,151,1579,238429,35,248,238423,238439,16,0.375,0.25,4,1,0.5,0.375,2,8,35,248
1441,151,1583,239033,35,249,239027,239053,26,0.23076923076923078,0.07692307692307693,4,1,0.5,0.5,2,4,35,249
1442,151,1597,241147,35,250,241141,241169,28,0.21428571428571427,0.21428571428571427,4,0,0.5,0.14285714285714285,2,14,35,250
1443,151,1601,241751,35,251,241739,241771,32,0.375,0.0625,4,1,0.5,0.25,2,4,35,251
1444,151,1607,242657,35,252,242647,242659,12,0.8333333333333334,0.3333333333333333,4,1,0.5,0.3333333333333333,2,6,35,252
1445,151,1609,242959,35,253,242927,242971,44,0.7272727272727273,0.045454545454545456,4,1,0.5,0.5,2,2,35,253
1446,151,1613,243563,35,254,243553,243577,24,0.4166666666666667,0.16666666666666666,4,1,0.5,0.5,2,4,35,254
1447,151,1619,244469,35,255,244463,244471,8,0.75,0.75,4,0,0.5,0.8333333333333334,2,6,35,255
1448,151,1621,244771,35,256,244759,244781,22,0.5454545454545454,0.18181818181818182,4,1,0.5,0.5,2,2,35,256
1449,151,1627,245677,35,257,245671,245681,10,0.6,0.6,4,0,0.5,0.16666666666666666,2,6,35,257
1450,151,1637,247187,35,258,247183,247193,10,0.4,0.3,4,1,0.5,0.4,2,10,35,258
1451,151,1657,250207,35,259,250199,250253,54,0.14814814814814814,0.05555555555555555,4,1,0.5,0.1,2,20,35,259
1452,151,1663,251113,35,260,251099,251117,18,0.7777777777777778,0.1111111111111111,4,1,0.5,0.16666666666666666,2,6,35,260
1453,151,1667,251717,35,261,251707,251737,30,0.3333333333333333,0.06666666666666667,4,1,0.5,0.5,2,4,35,261
1454,151,1669,252019,35,262,252017,252029,12,0.16666666666666666,0.16666666666666666,4,0,0.5,0.5,2,2,35,262
1455,151,1693,255643,35,263,255641,255649,8,0.25,0.25,4,0,0.5,0.5,2,24,35,263
1456,151,1697,256247,35,264,256219,256279,60,0.4666666666666667,0.05,4,1,0.5,0.5,2,4,35,264
1457,151,1699,256549,35,265,256541,256561,20,0.4,0.25,4,1,0.5,0.5,2,2,35,265
1458,151,1709,258059,35,266,258031,258061,30,0.9333333333333333,0.06666666666666667,4,1,0.5,0.4,2,10,35,266
1459,151,1721,259871,35,267,259867,259907,40,0.1,0.1,4,0,0.5,0.16666666666666666,2,12,35,267
1460,151,1723,260173,35,268,260171,260179,8,0.25,0.25,4,0,0.5,0.5,2,2,35,268
1461,151,1733,261683,35,269,261673,261697,24,0.4166666666666667,0.16666666666666666,4,1,0.5,0.3,2,10,35,269
1462,151,1741,262891,35,270,262883,262897,14,0.5714285714285714,0.2857142857142857,4,1,0.5,0.25,2,8,35,270
1463,151,1747,263797,35,271,263761,263803,42,0.8571428571428571,0.23809523809523808,4,1,0.5,0.6666666666666666,2,6,35,271
1464,151,1753,264703,35,272,264697,264731,34,0.17647058823529413,0.11764705882352941,4,1,0.5,0.6666666666666666,2,6,35,272
1465,151,1759,265609,35,273,265607,265613,6,0.3333333333333333,0.3333333333333333,4,0,0.5,0.16666666666666666,2,6,35,273
1466,151,1777,268327,35,274,268297,268343,46,0.6521739130434783,0.08695652173913043,4,1,0.5,0.1111111111111111,2,18,35,274
1467,151,1783,269233,35,275,269231,269237,6,0.3333333333333333,0.3333333333333333,4,0,0.5,0.3333333333333333,2,6,35,275
1468,151,1787,269837,35,276,269791,269851,60,0.7666666666666667,0.06666666666666667,4,1,0.5,0.25,2,4,35,276
1469,151,1789,270139,35,277,270133,270143,10,0.6,0.6,4,0,0.5,0.5,2,2,35,277
1470,151,1801,271951,35,278,271939,271967,28,0.42857142857142855,0.07142857142857142,4,1,0.5,0.3333333333333333,2,12,35,278
1471,151,1811,273461,35,279,273457,273473,16,0.25,0.125,4,1,0.5,0.2,2,10,35,279
1472,151,1823,275273,35,280,275269,275299,30,0.13333333333333333,0.06666666666666667,4,1,0.5,0.25,2,12,35,280
1473,151,1831,276481,35,281,276467,276487,20,0.7,0.1,4,1,0.5,0.75,2,8,35,281
1474,151,1847,278897,35,282,278891,278903,12,0.5,0.5,4,0,0.5,0.25,2,16,35,282
1475,151,1861,281011,35,283,280997,281023,26,0.5384615384615384,0.07692307692307693,4,1,0.5,0.14285714285714285,2,14,35,283
1476,151,1867,281917,35,284,281893,281921,28,0.8571428571428571,0.21428571428571427,4,1,0.5,0.6666666666666666,2,6,35,284
1477,151,1871,282521,35,285,282493,282559,66,0.42424242424242425,0.06060606060606061,4,1,0.5,0.25,2,4,35,285
1478,151,1873,282823,35,286,282809,282827,18,0.7777777777777778,0.1111111111111111,4,1,0.5,0.5,2,2,35,286
1479,151,1877,283427,35,287,283411,283447,36,0.4444444444444444,0.08333333333333333,4,1,0.5,0.25,2,4,35,287
1480,151,1879,283729,35,288,283721,283741,20,0.4,0.1,4,1,0.5,0.5,2,2,35,288
1481,151,1889,285239,35,289,285227,285251,24,0.5,0.3333333333333333,4,1,0.5,0.3,2,10,35,289
1482,151,1901,287051,35,290,287047,287057,10,0.4,0.4,4,0,0.5,0.16666666666666666,2,12,35,290
1483,151,1907,287957,35,291,287939,287977,38,0.47368421052631576,0.05263157894736842,4,1,0.5,0.3333333333333333,2,6,35,291
1484,151,1913,288863,35,292,288853,288877,24,0.4166666666666667,0.041666666666666664,4,1,0.5,0.3333333333333333,2,6,35,292
1485,151,1931,291581,35,293,291569,291619,50,0.24,0.24,4,0,0.5,0.1111111111111111,2,18,35,293
1486,151,1933,291883,35,294,291877,291887,10,0.6,0.4,4,1,0.5,0.5,2,2,35,294
1487,151,1949,294299,35,295,294293,294311,18,0.3333333333333333,0.3333333333333333,4,0,0.5,0.0625,2,16,35,295
1488,151,1951,294601,35,296,294563,294629,66,0.5757575757575758,0.030303030303030304,4,1,0.5,0.5,2,2,35,296
1489,151,1973,297923,35,297,297911,297931,20,0.6,0.15,4,1,0.5,0.13636363636363635,2,22,35,297
1490,151,1979,298829,35,298,298819,298841,22,0.45454545454545453,0.09090909090909091,4,1,0.5,0.6666666666666666,2,6,35,298
1491,151,1987,300037,35,299,300023,300043,20,0.7,0.3,4,1,0.5,0.25,2,8,35,299
1492,151,1993,300943,35,300,300931,300953,22,0.5454545454545454,0.36363636363636365,4,1,0.5,0.6666666666666666,2,6,35,300
1493,151,1997,301547,35,301,301531,301577,46,0.34782608695652173,0.043478260869565216,4,1,0.5,0.25,2,4,35,301
1494,151,1999,301849,35,302,301843,301867,24,0.25,0.25,4,0,0.5,0.5,2,2,35,302
1495,151,2003,302453,35,303,302443,302459,16,0.625,0.25,4,1,0.5,0.5,2,4,35,303
1496,157,1009,158413,36,168,158407,158419,12,0.5,0.3333333333333333,4,1,0.6666666666666666,0.08333333333333333,6,12,36,168
1497,157,1013,159041,36,169,159023,159059,36,0.5,0.2222222222222222,4,1,0.6666666666666666,0.5,6,4,36,169
1498,157,1019,159983,36,170,159979,160001,22,0.18181818181818182,0.09090909090909091,4,1,0.6666666666666666,0.8333333333333334,6,6,36,170
1499,157,1021,160297,36,171,160253,160309,56,0.7857142857142857,0.03571428571428571,4,1,0.6666666666666666,0.5,6,2,36,171
1500,157,1031,161867,36,172,161839,161869,30,0.9333333333333333,0.13333333333333333,4,1,0.6666666666666666,0.6,6,10,36,172
1501,157,1033,162181,36,173,162143,162209,66,0.5757575757575758,0.030303030303030304,4,1,0.6666666666666666,0.5,6,2,36,173
1502,157,1039,163123,36,174,163117,163127,10,0.6,0.1,4,1,0.6666666666666666,0.6666666666666666,6,6,36,174
1503,157,1049,164693,36,175,164683,164701,18,0.5555555555555556,0.2222222222222222,4,1,0.6666666666666666,0.2,6,10,36,175
1504,157,1051,165007,36,176,165001,165037,36,0.16666666666666666,0.05555555555555555,4,1,0.6666666666666666,0.5,6,2,36,176
1505,157,1061,166577,36,177,166571,166597,26,0.23076923076923078,0.23076923076923078,4,0,0.6666666666666666,0.4,6,10,36,177
1506,157,1063,166891,36,178,166871,166909,38,0.5263157894736842,0.07894736842105263,4,1,0.6666666666666666,0.5,6,2,36,178
1507,157,1069,167833,36,179,167809,167861,52,0.46153846153846156,0.07692307692307693,4,1,0.6666666666666666,0.6666666666666666,6,6,36,179
1508,157,1087,170659,36,180,170647,170669,22,0.5454545454545454,0.18181818181818182,4,1,0.6666666666666666,0.2222222222222222,6,18,36,180
1509,157,1091,171287,36,181,171271,171293,22,0.7272727272727273,0.2727272727272727,4,1,0.6666666666666666,0.75,6,4,36,181
1510,157,1093,171601,36,182,171583,171617,34,0.5294117647058824,0.08823529411764706,4,1,0.6666666666666666,0.5,6,2,36,182
1511,157,1097,172229,36,183,172223,172243,20,0.3,0.15,4,1,0.6666666666666666,0.25,6,4,36,183
1512,157,1103,173171,36,184,173149,173177,28,0.7857142857142857,0.14285714285714285,4,1,0.6666666666666666,0.3333333333333333,6,6,36,184
1513,157,1109,174113,36,185,174101,174121,20,0.6,0.1,4,1,0.6666666666666666,0.8333333333333334,6,6,36,185
1514,157,1117,175369,36,186,175361,175391,30,0.26666666666666666,0.06666666666666667,4,1,0.6666666666666666,0.25,6,8,36,186
1515,157,1123,176311,36,187,176303,176317,14,0.5714285714285714,0.5714285714285714,4,0,0.6666666666666666,0.3333333333333333,6,6,36,187
1516,157,1129,177253,36,188,177239,177257,18,0.7777777777777778,0.1111111111111111,3,1,0.6666666666666666,0.5,6,6,36,188
1517,157,1151,180707,36,189,180701,180731,30,0.2,0.06666666666666667,4,1,0.6666666666666666,0.18181818181818182,6,22,36,189
1518,157,1153,181021,36,190,181019,181031,12,0.16666666666666666,0.16666666666666666,4,0,0.6666666666666666,0.5,6,2,36,190
1519,157,1163,182591,36,191,182587,182593,6,0.6666666666666666,0.6666666666666666,4,0,0.6666666666666666,0.1,6,10,36,191
1520,157,1171,183847,36,192,183829,183871,42,0.42857142857142855,0.14285714285714285,4,1,0.6666666666666666,0.25,6,8,36,192
1521,157,1181,185417,36,193,185401,185429,28,0.5714285714285714,0.21428571428571427,4,1,0.6666666666666666,0.3,6,10,36,193
1522,157,1187,186359,36,194,186343,186377,34,0.47058823529411764,0.17647058823529413,4,1,0.6666666666666666,0.8333333333333334,6,6,36,194
1523,157,1193,187301,36,195,187277,187303,26,0.9230769230769231,0.07692307692307693,4,1,0.6666666666666666,0.3333333333333333,6,6,36,195
1524,157,1201,188557,36,196,188533,188563,30,0.8,0.13333333333333333,4,1,0.6666666666666666,0.25,6,8,36,196
1525,157,1213,190441,36,197,190409,190471,62,0.5161290322580645,0.0967741935483871,4,1,0.6666666666666666,0.08333333333333333,6,12,36,197
1526,157,1217,191069,36,198,191057,191071,14,0.8571428571428571,0.35714285714285715,4,1,0.6666666666666666,0.25,6,4,36,198
1527,157,1223,192011,36,199,192007,192013,6,0.6666666666666666,0.6666666666666666,4,0,0.6666666666666666,0.3333333333333333,6,6,36,199
1528,157,1229,192953,36,200,192949,192961,12,0.3333333333333333,0.3333333333333333,4,0,0.6666666666666666,0.5,6,6,36,200
1529,157,1231,193267,36,201,193261,193283,22,0.2727272727272727,0.18181818181818182,4,1,0.6666666666666666,0.5,6,2,36,201
1530,157,1237,194209,36,202,194203,194239,36,0.16666666666666666,0.08333333333333333,4,1,0.6666666666666666,0.5,6,6,36,202
1531,157,1249,196093,36,203,196087,196111,24,0.25,0.25,4,0,0.6666666666666666,0.08333333333333333,6,12,36,203
1532,157,1259,197663,36,204,197651,197677,26,0.46153846153846156,0.07692307692307693,4,1,0.6666666666666666,0.4,6,10,36,204
1533,157,1277,200489,36,205,200483,200513,30,0.2,0.2,4,0,0.6666666666666666,0.1111111111111111,6,18,36,205
1534,157,1279,200803,36,206,200797,200807,10,0.6,0.4,4,1,0.6666666666666666,0.5,6,2,36,206
1535,157,1283,201431,36,207,201413,201437,24,0.75,0.08333333333333333,4,1,0.6666666666666666,0.75,6,4,36,207
1536,157,1289,202373,36,208,202361,202381,20,0.6,0.1,4,1,0.6666666666666666,0.3333333333333333,6,6,36,208
1537,157,1291,202687,36,209,202679,202693,14,0.5714285714285714,0.21428571428571427,4,1,0.6666666666666666,0.5,6,2,36,209
1538,157,1297,203629,36,210,203627,203641,14,0.14285714285714285,0.14285714285714285,4,0,0.6666666666666666,0.3333333333333333,6,6,36,210
1539,157,1301,204257,36,211,204251,204299,48,0.125,0.041666666666666664,4,1,0.6666666666666666,0.5,6,4,36,211
1540,157,1303,204571,36,212,204563,204583,20,0.4,0.3,4,1,0.6666666666666666,0.5,6,2,36,212
1541,157,1307,205199,36,213,205187,205201,14,0.8571428571428571,0.14285714285714285,4,1,0.6666666666666666,0.75,6,4,36,213
1542,157,1319,207083,36,214,207079,207113,34,0.11764705882352941,0.11764705882352941,4,0,0.6666666666666666,0.5,6,12,36,214
1543,157,1321,207397,36,215,207377,207401,24,0.8333333333333334,0.08333333333333333,4,1,0.6666666666666666,0.5,6,2,36,215
1544,157,1327,208339,36,216,208337,208367,30,0.06666666666666667,0.06666666666666667,4,0,0.6666666666666666,0.16666666666666666,6,6,36,216
1545,157,1361,213677,36,217,213659,213713,54,0.3333333333333333,0.14814814814814814,4,1,0.6666666666666666,0.058823529411764705,6,34,36,217
1546,157,1367,214619,36,218,214607,214631,24,0.5,0.08333333333333333,4,1,0.6666666666666666,0.3333333333333333,6,6,36,218
1547,157,1373,215561,36,219,215531,215563,32,0.9375,0.0625,4,1,0.6666666666666666,0.3333333333333333,6,6,36,219
1548,157,1381,216817,36,220,216803,216829,26,0.5384615384615384,0.15384615384615385,4,1,0.6666666666666666,0.75,6,8,36,220
1549,157,1399,219643,36,221,219629,219647,18,0.7777777777777778,0.1111111111111111,4,1,0.6666666666666666,0.05555555555555555,6,18,36,221
1550,157,1409,221213,36,222,221209,221219,10,0.4,0.4,4,0,0.6666666666666666,0.2,6,10,36,222
1551,157,1423,223411,36,223,223403,223423,20,0.4,0.3,4,1,0.6666666666666666,0.14285714285714285,6,14,36,223
1552,157,1427,224039,36,224,224033,224041,8,0.75,0.625,4,1,0.6666666666666666,0.75,6,4,36,224
1553,157,1429,224353,36,225,224351,224359,8,0.25,0.25,4,0,0.6666666666666666,0.5,6,2,36,225
1554,157,1433,224981,36,226,224977,224993,16,0.25,0.25,4,0,0.6666666666666666,0.5,6,4,36,226
1555,157,1439,225923,36,227,225919,225931,12,0.3333333333333333,0.16666666666666666,4,1,0.6666666666666666,0.6666666666666666,6,6,36,227
1556,157,1447,227179,36,228,227177,227189,12,0.16666666666666666,0.16666666666666666,4,0,0.6666666666666666,0.25,6,8,36,228
1557,157,1451,227807,36,229,227797,227827,30,0.3333333333333333,0.03333333333333333,4,1,0.6666666666666666,0.25,6,4,36,229
1558,157,1453,228121,36,230,228113,228127,14,0.5714285714285714,0.2857142857142857,4,1,0.6666666666666666,0.5,6,2,36,230
1559,157,1459,229063,36,231,229037,229081,44,0.5909090909090909,0.045454545454545456,4,1,0.6666666666666666,0.16666666666666666,6,6,36,231
1560,157,1471,230947,36,232,230941,230959,18,0.3333333333333333,0.05555555555555555,4,1,0.6666666666666666,0.16666666666666666,6,12,36,232
1561,157,1481,232517,36,233,232513,232523,10,0.4,0.1,4,1,0.6666666666666666,0.2,6,10,36,233
1562,157,1483,232831,36,234,232823,232847,24,0.3333333333333333,0.3333333333333333,4,0,0.6666666666666666,0.5,6,2,36,234
1563,157,1487,233459,36,235,233437,233477,40,0.55,0.025,4,1,0.6666666666666666,0.75,6,4,36,235
1564,157,1489,233773,36,236,233759,233777,18,0.7777777777777778,0.16666666666666666,4,1,0.6666666666666666,0.5,6,2,36,236
1565,157,1493,234401,36,237,234383,234431,48,0.375,0.041666666666666664,4,1,0.6666666666666666,0.75,6,4,36,237
1566,157,1499,235343,36,238,235337,235349,12,0.5,0.4166666666666667,4,1,0.6666666666666666,0.6666666666666666,6,6,36,238
1567,157,1511,237227,36,239,237217,237233,16,0.625,0.25,4,1,0.6666666666666666,0.16666666666666666,6,12,36,239
1568,157,1523,239111,36,240,239087,239119,32,0.75,0.0625,4,1,0.6666666666666666,0.16666666666666666,6,12,36,240
1569,157,1531,240367,36,241,240353,240371,18,0.7777777777777778,0.3333333333333333,4,1,0.6666666666666666,0.5,6,8,36,241
1570,157,1543,242251,36,242,242243,242257,14,0.5714285714285714,0.14285714285714285,4,1,0.6666666666666666,0.3333333333333333,6,12,36,242
1571,157,1549,243193,36,243,243167,243197,30,0.8666666666666667,0.06666666666666667,4,1,0.6666666666666666,0.5,6,6,36,243
1572,157,1553,243821,36,244,243809,243829,20,0.6,0.1,4,1,0.6666666666666666,0.5,6,4,36,244
1573,157,1559,244763,36,245,244759,244781,22,0.18181818181818182,0.18181818181818182,4,0,0.6666666666666666,0.3333333333333333,6,6,36,245
1574,157,1567,246019,36,246,246017,246049,32,0.0625,0.0625,4,0,0.6666666666666666,0.25,6,8,36,246
1575,157,1571,246647,36,247,246643,246661,18,0.2222222222222222,0.16666666666666666,4,1,0.6666666666666666,0.5,6,4,36,247
1576,157,1579,247903,36,248,247901,247913,12,0.16666666666666666,0.16666666666666666,4,0,0.6666666666666666,0.375,6,8,36,248
1577,157,1583,248531,36,249,248509,248533,24,0.9166666666666666,0.08333333333333333,4,1,0.6666666666666666,0.5,6,4,36,249
1578,157,1597,250729,36,250,250727,250739,12,0.16666666666666666,0.16666666666666666,4,0,0.6666666666666666,0.14285714285714285,6,14,36,250
1579,157,1601,251357,36,251,251353,251359,6,0.6666666666666666,0.6666666666666666,4,0,0.6666666666666666,0.25,6,4,36,251
1580,157,1607,252299,36,252,252293,252313,20,0.3,0.1,4,1,0.6666666666666666,0.3333333333333333,6,6,36,252
1581,157,1609,252613,36,253,252611,252617,6,0.3333333333333333,0.3333333333333333,4,0,0.6666666666666666,0.5,6,2,36,253
1582,157,1613,253241,36,254,253229,253243,14,0.8571428571428571,0.14285714285714285,4,1,0.6666666666666666,0.5,6,4,36,254
1583,157,1619,254183,36,255,254179,254197,18,0.2222222222222222,0.2222222222222222,4,0,0.6666666666666666,0.8333333333333334,6,6,36,255
1584,157,1621,254497,36,256,254491,254519,28,0.21428571428571427,0.10714285714285714,4,1,0.6666666666666666,0.5,6,2,36,256
1585,157,1627,255439,36,257,255419,255443,24,0.8333333333333334,0.08333333333333333,4,1,0.6666666666666666,0.16666666666666666,6,6,36,257
1586,157,1637,257009,36,258,257003,257017,14,0.42857142857142855,0.2857142857142857,4,1,0.6666666666666666,0.4,6,10,36,258
1587,157,1657,260149,36,259,260137,260171,34,0.35294117647058826,0.029411764705882353,4,1,0.6666666666666666,0.1,6,20,36,259
1588,157,1663,261091,36,260,261089,261101,12,0.16666666666666666,0.16666666666666666,4,0,0.6666666666666666,0.16666666666666666,6,6,36,260
1589,157,1667,261719,36,261,261713,261721,8,0.75,0.625,4,1,0.6666666666666666,0.5,6,4,36,261
1590,157,1669,262033,36,262,262027,262049,22,0.2727272727272727,0.2727272727272727,4,0,0.6666666666666666,0.5,6,2,36,262
1591,157,1693,265801,36,263,265787,265807,20,0.7,0.1,4,1,0.6666666666666666,0.5,6,24,36,263
1592,157,1697,266429,36,264,266417,266447,30,0.4,0.06666666666666667,4,1,0.6666666666666666,0.5,6,4,36,264
1593,157,1699,266743,36,265,266719,266759,40,0.6,0.1,4,1,0.6666666666666666,0.5,6,2,36,265
1594,157,1709,268313,36,266,268297,268343,46,0.34782608695652173,0.08695652173913043,4,1,0.6666666666666666,0.4,6,10,36,266
1595,157,1721,270197,36,267,270191,270209,18,0.3333333333333333,0.3333333333333333,4,0,0.6666666666666666,0.16666666666666666,6,12,36,267
1596,157,1723,270511,36,268,270509,270527,18,0.1111111111111111,0.1111111111111111,4,0,0.6666666666666666,0.5,6,2,36,268
1597,157,1733,272081,36,269,272059,272093,34,0.6470588235294118,0.11764705882352941,4,1,0.6666666666666666,0.3,6,10,36,269
1598,157,1741,273337,36,270,273323,273349,26,0.5384615384615384,0.23076923076923078,4,1,0.6666666666666666,0.25,6,8,36,270
1599,157,1747,274279,36,271,274277,274283,6,0.3333333333333333,0.3333333333333333,4,0,0.6666666666666666,0.6666666666666666,6,6,36,271
1600,157,1753,275221,36,272,275207,275227,20,0.7,0.3,4,1,0.6666666666666666,0.6666666666666666,6,6,36,272
1601,157,1759,276163,36,273,276151,276173,22,0.5454545454545454,0.09090909090909091,4,1,0.6666666666666666,0.16666666666666666,6,6,36,273
1602,157,1777,278989,36,274,278981,279001,20,0.4,0.1,4,1,0.6666666666666666,0.1111111111111111,6,18,36,274
1603,157,1783,279931,36,275,279919,279941,22,0.5454545454545454,0.09090909090909091,4,1,0.6666666666666666,0.3333333333333333,6,6,36,275
1604,157,1787,280559,36,276,280549,280561,12,0.8333333333333334,0.8333333333333334,4,0,0.6666666666666666,0.25,6,4,36,276
1605,157,1789,280873,36,277,280871,280879,8,0.25,0.25,4,0,0.6666666666666666,0.5,6,2,36,277
1606,157,1801,282757,36,278,282713,282767,54,0.8148148148148148,0.037037037037037035,4,1,0.6666666666666666,0.3333333333333333,6,12,36,278
1607,157,1811,284327,36,279,284311,284341,30,0.5333333333333333,0.06666666666666667,4,1,0.6666666666666666,0.2,6,10,36,279
1608,157,1823,286211,36,280,286199,286243,44,0.2727272727272727,0.09090909090909091,4,1,0.6666666666666666,0.25,6,12,36,280
1609,157,1831,287467,36,281,287449,287491,42,0.42857142857142855,0.19047619047619047,4,1,0.6666666666666666,0.75,6,8,36,281
1610,157,1847,289979,36,282,289973,289987,14,0.42857142857142855,0.42857142857142855,4,0,0.6666666666666666,0.25,6,16,36,282
1611,157,1861,292177,36,283,292157,292181,24,0.8333333333333334,0.08333333333333333,4,1,0.6666666666666666,0.14285714285714285,6,14,36,283
1612,157,1867,293119,36,284,293107,293123,16,0.75,0.375,4,1,0.6666666666666666,0.6666666666666666,6,6,36,284
1613,157,1871,293747,36,285,293729,293749,20,0.9,0.1,4,1,0.6666666666666666,0.25,6,4,36,285
1614,157,1873,294061,36,286,294059,294067,8,0.25,0.25,4,0,0.6666666666666666,0.5,6,2,36,286
1615,157,1877,294689,36,287,294673,294703,30,0.5333333333333333,0.13333333333333333,4,1,0.6666666666666666,0.25,6,4,36,287
1616,157,1879,295003,36,288,294997,295007,10,0.6,0.6,4,0,0.6666666666666666,0.5,6,2,36,288
1617,157,1889,296573,36,289,296563,296579,16,0.625,0.25,4,1,0.6666666666666666,0.3,6,10,36,289
1618,157,1901,298457,36,290,298451,298477,26,0.23076923076923078,0.07692307692307693,4,1,0.6666666666666666,0.16666666666666666,6,12,36,290
1619,157,1907,299399,36,291,299393,299401,8,0.75,0.25,4,1,0.6666666666666666,0.3333333333333333,6,6,36,291
1620,157,1913,300341,36,292,300331,300343,12,0.8333333333333334,0.5,4,1,0.6666666666666666,0.3333333333333333,6,6,36,292
1621,157,1931,303167,36,293,303157,303187,30,0.3333333333333333,0.03333333333333333,4,1,0.6666666666666666,0.1111111111111111,6,18,36,293
1622,157,1933,303481,36,294,303473,303491,18,0.4444444444444444,0.2222222222222222,4,1,0.6666666666666666,0.5,6,2,36,294
1623,157,1949,305993,36,295,305971,305999,28,0.7857142857142857,0.21428571428571427,4,1,0.6666666666666666,0.0625,6,16,36,295
1624,157,1951,306307,36,296,306301,306329,28,0.21428571428571427,0.03571428571428571,4,1,0.6666666666666666,0.5,6,2,36,296
1625,157,1973,309761,36,297,309737,309769,32,0.75,0.0625,4,1,0.6666666666666666,0.13636363636363635,6,22,36,297
1626,157,1979,310703,36,298,310697,310711,14,0.42857142857142855,0.14285714285714285,4,1,0.6666666666666666,0.6666666666666666,6,6,36,298
1627,157,1987,311959,36,299,311957,311963,6,0.3333333333333333,0.3333333333333333,4,0,0.6666666666666666,0.25,6,8,36,299
1628,157,1993,312901,36,300,312899,312929,30,0.06666666666666667,0.06666666666666667,4,0,0.6666666666666666,0.6666666666666666,6,6,36,300
1629,157,1997,313529,36,301,313517,313543,26,0.46153846153846156,0.23076923076923078,4,1,0.6666666666666666,0.25,6,4,36,301
1630,157,1999,313843,36,302,313829,313849,20,0.7,0.4,4,1,0.6666666666666666,0.5,6,2,36,302
1631,157,2003,314471,36,303,314467,314491,24,0.16666666666666666,0.16666666666666666,4,0,0.6666666666666666,0.5,6,4,36,303
1632,163,1009,164467,37,168,164449,164471,22,0.8181818181818182,0.18181818181818182,4,1,0.16666666666666666,0.08333333333333333,6,12,37,168
1633,163,1013,165119,37,169,165103,165133,30,0.5333333333333333,0.13333333333333333,4,1,0.16666666666666666,0.5,6,4,37,169
1634,163,1019,166097,37,170,166081,166099,18,0.8888888888888888,0.3333333333333333,4,1,0.16666666666666666,0.8333333333333334,6,6,37,170
1635,163,1021,166423,37,171,166417,166429,12,0.5,0.5,4,0,0.16666666666666666,0.5,6,2,37,171
1636,163,1031,168053,37,172,168043,168067,24,0.4166666666666667,0.16666666666666666,4,1,0.16666666666666666,0.6,6,10,37,172
1637,163,1033,168379,37,173,168353,168391,38,0.6842105263157895,0.13157894736842105,4,1,0.16666666666666666,0.5,6,2,37,173
1638,163,1039,169357,37,174,169343,169361,18,0.7777777777777778,0.16666666666666666,4,1,0.16666666666666666,0.6666666666666666,6,6,37,174
1639,163,1049,170987,37,175,170971,171007,36,0.4444444444444444,0.08333333333333333,4,1,0.16666666666666666,0.2,6,10,37,175
1640,163,1051,171313,37,176,171299,171317,18,0.7777777777777778,0.1111111111111111,4,1,0.16666666666666666,0.5,6,2,37,176
1641,163,1061,172943,37,177,172933,172969,36,0.2777777777777778,0.027777777777777776,4,1,0.16666666666666666,0.4,6,10,37,177
1642,163,1063,173269,37,178,173267,173273,6,0.3333333333333333,0.3333333333333333,4,0,0.16666666666666666,0.5,6,2,37,178
1643,163,1069,174247,37,179,174241,174257,16,0.375,0.0625,4,1,0.16666666666666666,0.6666666666666666,6,6,37,179
1644,163,1087,177181,37,180,177173,177209,36,0.2222222222222222,0.1388888888888889,4,1,0.16666666666666666,0.2222222222222222,6,18,37,180
1645,163,1091,177833,37,181,177823,177839,16,0.625,0.25,4,1,0.16666666666666666,0.75,6,4,37,181
1646,163,1093,178159,37,182,178151,178169,18,0.4444444444444444,0.1111111111111111,4,1,0.16666666666666666,0.5,6,2,37,182
1647,163,1097,178811,37,183,178807,178813,6,0.6666666666666666,0.6666666666666666,4,0,0.16666666666666666,0.25,6,4,37,183
1648,163,1103,179789,37,184,179779,179801,22,0.45454545454545453,0.13636363636363635,4,1,0.16666666666666666,0.3333333333333333,6,6,37,184
1649,163,1109,180767,37,185,180751,180773,22,0.7272727272727273,0.09090909090909091,4,1,0.16666666666666666,0.8333333333333334,6,6,37,185
1650,163,1117,182071,37,186,182059,182089,30,0.4,0.23333333333333334,4,1,0.16666666666666666,0.25,6,8,37,186
1651,163,1123,183049,37,187,183047,183059,12,0.16666666666666666,0.16666666666666666,4,0,0.16666666666666666,0.3333333333333333,6,6,37,187
1652,163,1129,184027,37,188,184013,184031,18,0.7777777777777778,0.2222222222222222,4,1,0.16666666666666666,0.5,6,6,37,188
1653,163,1151,187613,37,189,187597,187631,34,0.47058823529411764,0.058823529411764705,4,1,0.16666666666666666,0.18181818181818182,6,22,37,189
1654,163,1153,187939,37,190,187931,187951,20,0.4,0.1,4,1,0.16666666666666666,0.5,6,2,37,190
1655,163,1163,189569,37,191,189559,189583,24,0.4166666666666667,0.125,4,1,0.16666666666666666,0.1,6,10,37,191
1656,163,1171,190873,37,192,190871,190889,18,0.1111111111111111,0.1111111111111111,4,0,0.16666666666666666,0.25,6,8,37,192
1657,163,1181,192503,37,193,192499,192529,30,0.13333333333333333,0.13333333333333333,4,0,0.16666666666666666,0.3,6,10,37,193
1658,163,1187,193481,37,194,193469,193493,24,0.5,0.20833333333333334,4,1,0.16666666666666666,0.8333333333333334,6,6,37,194
1659,163,1193,194459,37,195,194443,194471,28,0.5714285714285714,0.21428571428571427,4,1,0.16666666666666666,0.3333333333333333,6,6,37,195
1660,163,1201,195763,37,196,195761,195781,20,0.1,0.1,4,0,0.16666666666666666,0.25,6,8,37,196
1661,163,1213,197719,37,197,197713,197741,28,0.21428571428571427,0.21428571428571427,4,0,0.16666666666666666,0.08333333333333333,6,12,37,197
1662,163,1217,198371,37,198,198349,198377,28,0.7857142857142857,0.14285714285714285,4,1,0.16666666666666666,0.25,6,4,37,198
1663,163,1223,199349,37,199,199343,199357,14,0.42857142857142855,0.14285714285714285,4,1,0.16666666666666666,0.3333333333333333,6,6,37,199
1664,163,1229,200327,37,200,200323,200329,6,0.6666666666666666,0.6666666666666666,4,0,0.16666666666666666,0.5,6,6,37,200
1665,163,1231,200653,37,201,200639,200657,18,0.7777777777777778,0.1111111111111111,4,1,0.16666666666666666,0.5,6,2,37,201
1666,163,1237,201631,37,202,201629,201653,24,0.08333333333333333,0.08333333333333333,4,0,0.16666666666666666,0.5,6,6,37,202
1667,163,1249,203587,37,203,203579,203591,12,0.6666666666666666,0.6666666666666666,4,0,0.16666666666666666,0.08333333333333333,6,12,37,203
1668,163,1259,205217,37,204,205213,205223,10,0.4,0.1,4,1,0.16666666666666666,0.4,6,10,37,204
1669,163,1277,208151,37,205,208147,208189,42,0.09523809523809523,0.047619047619047616,4,1,0.16666666666666666,0.1111111111111111,6,18,37,205
1670,163,1279,208477,37,206,208469,208489,20,0.4,0.1,4,1,0.16666666666666666,0.5,6,2,37,206
1671,163,1283,209129,37,207,209123,209147,24,0.25,0.16666666666666666,4,1,0.16666666666666666,0.75,6,4,37,207
1672,163,1289,210107,37,208,210101,210109,8,0.75,0.75,4,0,0.16666666666666666,0.3333333333333333,6,6,37,208
1673,163,1291,210433,37,209,210421,210437,16,0.75,0.0625,4,1,0.16666666666666666,0.5,6,2,37,209
1674,163,1297,211411,37,210,211403,211427,24,0.3333333333333333,0.08333333333333333,4,1,0.16666666666666666,0.3333333333333333,6,6,37,210
1675,163,1301,212063,37,211,212057,212081,24,0.25,0.08333333333333333,4,1,0.16666666666666666,0.5,6,4,37,211
1676,163,1303,212389,37,212,212383,212411,28,0.21428571428571427,0.14285714285714285,4,1,0.16666666666666666,0.5,6,2,37,212
1677,163,1307,213041,37,213,213029,213043,14,0.8571428571428571,0.2857142857142857,4,1,0.16666666666666666,0.75,6,4,37,213
1678,163,1319,214997,37,214,214993,215051,58,0.06896551724137931,0.06896551724137931,4,0,0.16666666666666666,0.5,6,12,37,214
1679,163,1321,215323,37,215,215317,215329,12,0.5,0.3333333333333333,4,1,0.16666666666666666,0.5,6,2,37,215
1680,163,1327,216301,37,216,216289,216317,28,0.42857142857142855,0.35714285714285715,4,1,0.16666666666666666,0.16666666666666666,6,6,37,216
1681,163,1361,221843,37,217,221831,221849,18,0.6666666666666666,0.1111111111111111,4,1,0.16666666666666666,0.058823529411764705,6,34,37,217
1682,163,1367,222821,37,218,222799,222823,24,0.9166666666666666,0.4166666666666667,4,1,0.16666666666666666,0.3333333333333333,6,6,37,218
1683,163,1373,223799,37,219,223781,223823,42,0.42857142857142855,0.11904761904761904,4,1,0.16666666666666666,0.3333333333333333,6,6,37,219
1684,163,1381,225103,37,220,225089,225109,20,0.7,0.4,4,1,0.16666666666666666,0.75,6,8,37,220
1685,163,1399,228037,37,221,228023,228049,26,0.5384615384615384,0.11538461538461539,4,1,0.16666666666666666,0.05555555555555555,6,18,37,221
1686,163,1409,229667,37,222,229639,229681,42,0.6666666666666666,0.09523809523809523,4,1,0.16666666666666666,0.2,6,10,37,222
1687,163,1423,231949,37,223,231947,231961,14,0.14285714285714285,0.14285714285714285,4,0,0.16666666666666666,0.14285714285714285,6,14,37,223
1688,163,1427,232601,37,224,232597,232607,10,0.4,0.4,4,0,0.16666666666666666,0.75,6,4,37,224
1689,163,1429,232927,37,225,232919,232937,18,0.4444444444444444,0.16666666666666666,4,1,0.16666666666666666,0.5,6,2,37,225
1690,163,1433,233579,37,226,233557,233591,34,0.6470588235294118,0.11764705882352941,4,1,0.16666666666666666,0.5,6,4,37,226
1691,163,1439,234557,37,227,234547,234571,24,0.4166666666666667,0.16666666666666666,4,1,0.16666666666666666,0.6666666666666666,6,6,37,227
1692,163,1447,235861,37,228,235849,235871,22,0.5454545454545454,0.18181818181818182,4,1,0.16666666666666666,0.25,6,8,37,228
1693,163,1451,236513,37,229,236507,236519,12,0.5,0.5,4,0,0.16666666666666666,0.25,6,4,37,229
1694,163,1453,236839,37,230,236813,236867,54,0.48148148148148145,0.037037037037037035,4,1,0.16666666666666666,0.5,6,2,37,230
1695,163,1459,237817,37,231,237791,237821,30,0.8666666666666667,0.06666666666666667,4,1,0.16666666666666666,0.16666666666666666,6,6,37,231
1696,163,1471,239773,37,232,239753,239779,26,0.7692307692307693,0.07692307692307693,4,1,0.16666666666666666,0.16666666666666666,6,12,37,232
1697,163,1481,241403,37,233,241393,241421,28,0.35714285714285715,0.21428571428571427,4,1,0.16666666666666666,0.2,6,10,37,233
1698,163,1483,241729,37,234,241727,241739,12,0.16666666666666666,0.16666666666666666,4,0,0.16666666666666666,0.5,6,2,37,234
1699,163,1487,242381,37,235,242377,242393,16,0.25,0.0625,4,1,0.16666666666666666,0.75,6,4,37,235
1700,163,1489,242707,37,236,242689,242713,24,0.75,0.08333333333333333,4,1,0.16666666666666666,0.5,6,2,37,236
1701,163,1493,243359,37,237,243343,243367,24,0.6666666666666666,0.16666666666666666,4,1,0.16666666666666666,0.75,6,4,37,237
1702,163,1499,244337,37,238,244333,244339,6,0.6666666666666666,0.16666666666666666,4,1,0.16666666666666666,0.6666666666666666,6,6,37,238
1703,163,1511,246293,37,239,246289,246317,28,0.14285714285714285,0.14285714285714285,4,0,0.16666666666666666,0.16666666666666666,6,12,37,239
1704,163,1523,248249,37,240,248243,248257,14,0.42857142857142855,0.21428571428571427,4,1,0.16666666666666666,0.16666666666666666,6,12,37,240
1705,163,1531,249553,37,241,249541,249563,22,0.5454545454545454,0.045454545454545456,4,1,0.16666666666666666,0.5,6,8,37,241
1706,163,1543,251509,37,242,251501,251513,12,0.6666666666666666,0.4166666666666667,4,1,0.16666666666666666,0.3333333333333333,6,12,37,242
1707,163,1549,252487,37,243,252481,252509,28,0.21428571428571427,0.03571428571428571,4,1,0.16666666666666666,0.5,6,6,37,243
1708,163,1553,253139,37,244,253133,253153,20,0.3,0.1,4,1,0.16666666666666666,0.5,6,4,37,244
1709,163,1559,254117,37,245,254083,254119,36,0.9444444444444444,0.16666666666666666,4,1,0.16666666666666666,0.3333333333333333,6,6,37,245
1710,163,1567,255421,37,246,255419,255443,24,0.08333333333333333,0.08333333333333333,4,0,0.16666666666666666,0.25,6,8,37,246
1711,163,1571,256073,37,247,256057,256079,22,0.7272727272727273,0.18181818181818182,4,1,0.16666666666666666,0.5,6,4,37,247
1712,163,1579,257377,37,248,257371,257381,10,0.6,0.6,4,0,0.16666666666666666,0.375,6,8,37,248
1713,163,1583,258029,37,249,258023,258031,8,0.75,0.75,4,0,0.16666666666666666,0.5,6,4,37,249
1714,163,1597,260311,37,250,260269,260317,48,0.875,0.08333333333333333,4,1,0.16666666666666666,0.14285714285714285,6,14,37,250
1715,163,1601,260963,37,251,260959,260969,10,0.4,0.4,4,0,0.16666666666666666,0.25,6,4,37,251
1716,163,1607,261941,37,252,261917,261959,42,0.5714285714285714,0.14285714285714285,4,1,0.16666666666666666,0.3333333333333333,6,6,37,252
1717,163,1609,262267,37,253,262261,262271,10,0.6,0.2,4,1,0.16666666666666666,0.5,6,2,37,253
1718,163,1613,262919,37,254,262909,262937,28,0.35714285714285715,0.21428571428571427,4,1,0.16666666666666666,0.5,6,4,37,254
1719,163,1619,263897,37,255,263881,263899,18,0.8888888888888888,0.05555555555555555,4,1,0.16666666666666666,0.8333333333333334,6,6,37,255
1720,163,1621,264223,37,256,264221,264263,42,0.047619047619047616,0.047619047619047616,4,0,0.16666666666666666,0.5,6,2,37,256
1721,163,1627,265201,37,257,265193,265207,14,0.5714285714285714,0.42857142857142855,4,1,0.16666666666666666,0.16666666666666666,6,6,37,257
1722,163,1637,266831,37,258,266821,266837,16,0.625,0.625,4,0,0.16666666666666666,0.4,6,10,37,258
1723,163,1657,270091,37,259,270073,270097,24,0.75,0.25,4,1,0.16666666666666666,0.1,6,20,37,259
1724,163,1663,271069,37,260,271067,271079,12,0.16666666666666666,0.16666666666666666,4,0,0.16666666666666666,0.16666666666666666,6,6,37,260
1725,163,1667,271721,37,261,271703,271723,20,0.9,0.3,4,1,0.16666666666666666,0.5,6,4,37,261
1726,163,1669,272047,37,262,272039,272053,14,0.5714285714285714,0.42857142857142855,4,1,0.16666666666666666,0.5,6,2,37,262
1727,163,1693,275959,37,263,275941,275963,22,0.8181818181818182,0.45454545454545453,4,1,0.16666666666666666,0.5,6,24,37,263
1728,163,1697,276611,37,264,276599,276623,24,0.5,0.08333333333333333,4,1,0.16666666666666666,0.5,6,4,37,264
1729,163,1699,276937,37,265,276929,276949,20,0.4,0.1,4,1,0.16666666666666666,0.5,6,2,37,265
1730,163,1709,278567,37,266,278563,278581,18,0.2222222222222222,0.2222222222222222,4,0,0.16666666666666666,0.4,6,10,37,266
1731,163,1721,280523,37,267,280513,280537,24,0.4166666666666667,0.25,4,1,0.16666666666666666,0.16666666666666666,6,12,37,267
1732,163,1723,280849,37,268,280843,280859,16,0.375,0.1875,4,1,0.16666666666666666,0.5,6,2,37,268
1733,163,1733,282479,37,269,282461,282481,20,0.9,0.1,4,1,0.16666666666666666,0.3,6,10,37,269
1734,163,1741,283783,37,270,283771,283793,22,0.5454545454545454,0.45454545454545453,4,1,0.16666666666666666,0.25,6,8,37,270
1735,163,1747,284761,37,271,284759,284777,18,0.1111111111111111,0.1111111111111111,4,0,0.16666666666666666,0.6666666666666666,6,6,37,271
1736,163,1753,285739,37,272,285731,285749,18,0.4444444444444444,0.1111111111111111,4,1,0.16666666666666666,0.6666666666666666,6,6,37,272
1737,163,1759,286717,37,273,286711,286721,10,0.6,0.3,4,1,0.16666666666666666,0.16666666666666666,6,6,37,273
1738,163,1777,289651,37,274,289643,289657,14,0.5714285714285714,0.42857142857142855,4,1,0.16666666666666666,0.1111111111111111,6,18,37,274
1739,163,1783,290629,37,275,290627,290657,30,0.06666666666666667,0.06666666666666667,4,0,0.16666666666666666,0.3333333333333333,6,6,37,275
1740,163,1787,291281,37,276,291271,291287,16,0.625,0.1875,4,1,0.16666666666666666,0.25,6,4,37,276
1741,163,1789,291607,37,277,291569,291619,50,0.76,0.24,4,1,0.16666666666666666,0.5,6,2,37,277
1742,163,1801,293563,37,278,293543,293599,56,0.35714285714285715,0.07142857142857142,4,1,0.16666666666666666,0.3333333333333333,6,12,37,278
1743,163,1811,295193,37,279,295187,295199,12,0.5,0.16666666666666666,4,1,0.16666666666666666,0.2,6,10,37,279
1744,163,1823,297149,37,280,297133,297151,18,0.8888888888888888,0.2222222222222222,4,1,0.16666666666666666,0.25,6,12,37,280
1745,163,1831,298453,37,281,298451,298477,26,0.07692307692307693,0.07692307692307693,4,0,0.16666666666666666,0.75,6,8,37,281
1746,163,1847,301061,37,282,301057,301073,16,0.25,0.25,4,0,0.16666666666666666,0.25,6,16,37,282
1747,163,1861,303343,37,283,303341,303361,20,0.1,0.1,4,0,0.16666666666666666,0.14285714285714285,6,14,37,283
1748,163,1867,304321,37,284,304303,304331,28,0.6428571428571429,0.14285714285714285,4,1,0.16666666666666666,0.6666666666666666,6,6,37,284
1749,163,1871,304973,37,285,304961,304979,18,0.6666666666666666,0.1111111111111111,4,1,0.16666666666666666,0.25,6,4,37,285
1750,163,1873,305299,37,286,305297,305329,32,0.0625,0.0625,4,0,0.16666666666666666,0.5,6,2,37,286
1751,163,1877,305951,37,287,305947,305971,24,0.16666666666666666,0.16666666666666666,4,0,0.16666666666666666,0.25,6,4,37,287
1752,163,1879,306277,37,288,306263,306301,38,0.3684210526315789,0.05263157894736842,4,1,0.16666666666666666,0.5,6,2,37,288
1753,163,1889,307907,37,289,307903,307919,16,0.25,0.1875,4,1,0.16666666666666666,0.3,6,10,37,289
1754,163,1901,309863,37,290,309857,309877,20,0.3,0.3,4,0,0.16666666666666666,0.16666666666666666,6,12,37,290
1755,163,1907,310841,37,291,310831,310861,30,0.3333333333333333,0.26666666666666666,4,1,0.16666666666666666,0.3333333333333333,6,6,37,291
1756,163,1913,311819,37,292,311807,311821,14,0.8571428571428571,0.14285714285714285,4,1,0.16666666666666666,0.3333333333333333,6,6,37,292
1757,163,1931,314753,37,293,314747,314761,14,0.42857142857142855,0.14285714285714285,4,1,0.16666666666666666,0.1111111111111111,6,18,37,293
1758,163,1933,315079,37,294,315067,315083,16,0.75,0.125,4,1,0.16666666666666666,0.5,6,2,37,294
1759,163,1949,317687,37,295,317671,317693,22,0.7272727272727273,0.2727272727272727,4,1,0.16666666666666666,0.0625,6,16,37,295
1760,163,1951,318013,37,296,318007,318023,16,0.375,0.25,4,1,0.16666666666666666,0.5,6,2,37,296
1761,163,1973,321599,37,297,321593,321611,18,0.3333333333333333,0.1111111111111111,4,1,0.16666666666666666,0.13636363636363635,6,22,37,297
1762,163,1979,322577,37,298,322573,322583,10,0.4,0.4,4,0,0.16666666666666666,0.6666666666666666,6,6,37,298
1763,163,1987,323881,37,299,323879,323899,20,0.1,0.1,4,0,0.16666666666666666,0.25,6,8,37,299
1764,163,1993,324859,37,300,324847,324869,22,0.5454545454545454,0.18181818181818182,4,1,0.16666666666666666,0.6666666666666666,6,6,37,300
1765,163,1997,325511,37,301,325487,325513,26,0.9230769230769231,0.15384615384615385,4,1,0.16666666666666666,0.25,6,4,37,301
1766,163,1999,325837,37,302,325813,325849,36,0.6666666666666666,0.027777777777777776,4,1,0.16666666666666666,0.5,6,2,37,302
1767,163,2003,326489,37,303,326479,326497,18,0.5555555555555556,0.1111111111111111,4,1,0.16666666666666666,0.5,6,4,37,303
1768,167,1009,168503,38,168,168499,168523,24,0.16666666666666666,0.08333333333333333,4,1,0.75,0.08333333333333333,4,12,38,168
1769,167,1013,169171,38,169,169159,169177,18,0.6666666666666666,0.2222222222222222,4,1,0.75,0.5,4,4,38,169
1770,167,1019,170173,38,170,170167,170179,12,0.5,0.3333333333333333,4,1,0.75,0.8333333333333334,4,6,38,170
1771,167,1021,170507,38,171,170503,170509,6,0.6666666666666666,0.6666666666666666,4,0,0.75,0.5,4,2,38,171
1772,167,1031,172177,38,172,172171,172181,10,0.6,0.6,4,0,0.75,0.6,4,10,38,172
1773,167,1033,172511,38,173,172507,172517,10,0.4,0.2,4,1,0.75,0.5,4,2,38,173
1774,167,1039,173513,38,174,173501,173531,30,0.4,0.06666666666666667,4,1,0.75,0.6666666666666666,4,6,38,174
1775,167,1049,175183,38,175,175141,175211,70,0.6,0.14285714285714285,4,1,0.75,0.2,4,10,38,175
1776,167,1051,175517,38,176,175499,175519,20,0.9,0.1,4,1,0.75,0.5,4,2,38,176
1777,167,1061,177187,38,177,177173,177209,36,0.3888888888888889,0.1388888888888889,4,1,0.75,0.4,4,10,38,177
1778,167,1063,177521,38,178,177511,177533,22,0.45454545454545453,0.2727272727272727,4,1,0.75,0.5,4,2,38,178
1779,167,1069,178523,38,179,178513,178531,18,0.5555555555555556,0.2222222222222222,4,1,0.75,0.6666666666666666,4,6,38,179
1780,167,1087,181529,38,180,181523,181537,14,0.42857142857142855,0.2857142857142857,4,1,0.75,0.2222222222222222,4,18,38,180
1781,167,1091,182197,38,181,182179,182201,22,0.8181818181818182,0.09090909090909091,4,1,0.75,0.75,4,4,38,181
1782,167,1093,182531,38,182,182519,182537,18,0.6666666666666666,0.1111111111111111,4,1,0.75,0.5,4,2,38,182
1783,167,1097,183199,38,183,183191,183203,12,0.6666666666666666,0.16666666666666666,4,1,0.75,0.25,4,4,38,183
1784,167,1103,184201,38,184,184199,184211,12,0.16666666666666666,0.16666666666666666,4,0,0.75,0.3333333333333333,4,6,38,184
1785,167,1109,185203,38,185,185189,185221,32,0.4375,0.0625,4,1,0.75,0.8333333333333334,4,6,38,185
1786,167,1117,186539,38,186,186481,186551,70,0.8285714285714286,0.014285714285714285,4,1,0.75,0.25,4,8,38,186
1787,167,1123,187541,38,187,187531,187547,16,0.625,0.25,4,1,0.75,0.3333333333333333,4,6,38,187
1788,167,1129,188543,38,188,188533,188563,30,0.3333333333333333,0.13333333333333333,4,1,0.75,0.5,4,6,38,188
1789,167,1151,192217,38,189,192193,192229,36,0.6666666666666666,0.027777777777777776,4,1,0.75,0.18181818181818182,4,22,38,189
1790,167,1153,192551,38,190,192547,192553,6,0.6666666666666666,0.6666666666666666,4,0,0.75,0.5,4,2,38,190
1791,167,1163,194221,38,191,194203,194239,36,0.5,0.08333333333333333,4,1,0.75,0.1,4,10,38,191
1792,167,1171,195557,38,192,195541,195581,40,0.4,0.025,4,1,0.75,0.25,4,8,38,192
1793,167,1181,197227,38,193,197221,197233,12,0.5,0.5,4,0,0.75,0.3,4,10,38,193
1794,167,1187,198229,38,194,198223,198241,18,0.3333333333333333,0.2222222222222222,4,1,0.75,0.8333333333333334,4,6,38,194
1795,167,1193,199231,38,195,199211,199247,36,0.5555555555555556,0.08333333333333333,4,1,0.75,0.3333333333333333,4,6,38,195
1796,167,1201,200567,38,196,200513,200569,56,0.9642857142857143,0.10714285714285714,4,1,0.75,0.25,4,8,38,196
1797,167,1213,202571,38,197,202567,202577,10,0.4,0.2,4,1,0.75,0.08333333333333333,4,12,38,197
1798,167,1217,203239,38,198,203233,203249,16,0.375,0.25,4,1,0.75,0.25,4,4,38,198
1799,167,1223,204241,38,199,204233,204251,18,0.4444444444444444,0.1111111111111111,4,1,0.75,0.3333333333333333,4,6,38,199
1800,167,1229,205243,38,200,205237,205253,16,0.375,0.25,4,1,0.75,0.5,4,6,38,200
1801,167,1231,205577,38,201,205559,205589,30,0.6,0.13333333333333333,4,1,0.75,0.5,4,2,38,201
1802,167,1237,206579,38,202,206551,206593,42,0.6666666666666666,0.14285714285714285,4,1,0.75,0.5,4,6,38,202
1803,167,1249,208583,38,203,208577,208589,12,0.5,0.5,4,0,0.75,0.08333333333333333,4,12,38,203
1804,167,1259,210253,38,204,210247,210257,10,0.6,0.4,4,1,0.75,0.4,4,10,38,204
1805,167,1277,213259,38,205,213253,213263,10,0.6,0.1,4,1,0.75,0.1111111111111111,4,18,38,205
1806,167,1279,213593,38,206,213589,213599,10,0.4,0.4,4,0,0.75,0.5,4,2,38,206
1807,167,1283,214261,38,207,214259,214283,24,0.08333333333333333,0.08333333333333333,4,0,0.75,0.75,4,4,38,207
1808,167,1289,215263,38,208,215261,215273,12,0.16666666666666666,0.16666666666666666,4,0,0.75,0.3333333333333333,4,6,38,208
1809,167,1291,215597,38,209,215587,215617,30,0.3333333333333333,0.13333333333333333,4,1,0.75,0.5,4,2,38,209
1810,167,1297,216599,38,210,216577,216607,30,0.7333333333333333,0.03333333333333333,4,1,0.75,0.3333333333333333,4,6,38,210
1811,167,1301,217267,38,211,217253,217271,18,0.7777777777777778,0.1111111111111111,4,1,0.75,0.5,4,4,38,211
1812,167,1303,217601,38,212,217579,217619,40,0.55,0.075,4,1,0.75,0.5,4,2,38,212
1813,167,1307,218269,38,213,218249,218279,30,0.6666666666666666,0.06666666666666667,4,1,0.75,0.75,4,4,38,213
1814,167,1319,220273,38,214,220243,220279,36,0.8333333333333334,0.1111111111111111,4,1,0.75,0.5,4,12,38,214
1815,167,1321,220607,38,215,220589,220613,24,0.75,0.08333333333333333,4,1,0.75,0.5,4,2,38,215
1816,167,1327,221609,38,216,221603,221621,18,0.3333333333333333,0.3333333333333333,4,0,0.75,0.16666666666666666,4,6,38,216
1817,167,1361,227287,38,217,227281,227299,18,0.3333333333333333,0.3333333333333333,4,0,0.75,0.058823529411764705,4,34,38,217
1818,167,1367,228289,38,218,228281,228299,18,0.4444444444444444,0.1111111111111111,4,1,0.75,0.3333333333333333,4,6,38,218
1819,167,1373,229291,38,219,229283,229309,26,0.3076923076923077,0.11538461538461539,4,1,0.75,0.3333333333333333,4,6,38,219
1820,167,1381,230627,38,220,230611,230647,36,0.4444444444444444,0.05555555555555555,4,1,0.75,0.75,4,8,38,220
1821,167,1399,233633,38,221,233621,233641,20,0.6,0.1,4,1,0.75,0.05555555555555555,4,18,38,221
1822,167,1409,235303,38,222,235289,235307,18,0.7777777777777778,0.1111111111111111,4,1,0.75,0.2,4,10,38,222
1823,167,1423,237641,38,223,237631,237673,42,0.23809523809523808,0.09523809523809523,4,1,0.75,0.14285714285714285,4,14,38,223
1824,167,1427,238309,38,224,238307,238313,6,0.3333333333333333,0.3333333333333333,4,0,0.75,0.75,4,4,38,224
1825,167,1429,238643,38,225,238639,238649,10,0.4,0.3,4,1,0.75,0.5,4,2,38,225
1826,167,1433,239311,38,226,239297,239329,32,0.4375,0.0625,4,1,0.75,0.5,4,4,38,226
1827,167,1439,240313,38,227,240287,240319,32,0.8125,0.0625,4,1,0.75,0.6666666666666666,4,6,38,227
1828,167,1447,241649,38,228,241643,241651,8,0.75,0.375,4,1,0.75,0.25,4,8,38,228
1829,167,1451,242317,38,229,242309,242329,20,0.4,0.1,4,1,0.75,0.25,4,4,38,229
1830,167,1453,242651,38,230,242647,242659,12,0.3333333333333333,0.3333333333333333,4,0,0.75,0.5,4,2,38,230
1831,167,1459,243653,38,231,243647,243671,24,0.25,0.08333333333333333,4,1,0.75,0.16666666666666666,4,6,38,231
1832,167,1471,245657,38,232,245653,245671,18,0.2222222222222222,0.05555555555555555,4,1,0.75,0.16666666666666666,4,12,38,232
1833,167,1481,247327,38,233,247309,247337,28,0.6428571428571429,0.14285714285714285,4,1,0.75,0.2,4,10,38,233
1834,167,1483,247661,38,234,247651,247691,40,0.25,0.1,4,1,0.75,0.5,4,2,38,234
1835,167,1487,248329,38,235,248323,248351,28,0.21428571428571427,0.14285714285714285,4,1,0.75,0.75,4,4,38,235
1836,167,1489,248663,38,236,248657,248683,26,0.23076923076923078,0.07692307692307693,4,1,0.75,0.5,4,2,38,236
1837,167,1493,249331,38,237,249329,249341,12,0.16666666666666666,0.16666666666666666,4,0,0.75,0.75,4,4,38,237
1838,167,1499,250333,38,238,250307,250343,36,0.7222222222222222,0.05555555555555555,4,1,0.75,0.6666666666666666,4,6,38,238
1839,167,1511,252337,38,239,252323,252341,18,0.7777777777777778,0.4444444444444444,4,1,0.75,0.16666666666666666,4,12,38,239
1840,167,1523,254341,38,240,254329,254369,40,0.3,0.1,4,1,0.75,0.16666666666666666,4,12,38,240
1841,167,1531,255677,38,241,255667,255679,12,0.8333333333333334,0.16666666666666666,4,1,0.75,0.5,4,8,38,241
1842,167,1543,257681,38,242,257671,257687,16,0.625,0.1875,4,1,0.75,0.3333333333333333,4,12,38,242
1843,167,1549,258683,38,243,258677,258691,14,0.42857142857142855,0.14285714285714285,4,1,0.75,0.5,4,6,38,243
1844,167,1553,259351,38,244,259339,259379,40,0.3,0.075,4,1,0.75,0.5,4,4,38,244
1845,167,1559,260353,38,245,260339,260363,24,0.5833333333333334,0.08333333333333333,4,1,0.75,0.3333333333333333,4,6,38,245
1846,167,1567,261689,38,246,261673,261697,24,0.6666666666666666,0.16666666666666666,4,1,0.75,0.25,4,8,38,246
1847,167,1571,262357,38,247,262351,262369,18,0.3333333333333333,0.3333333333333333,4,0,0.75,0.5,4,4,38,247
1848,167,1579,263693,38,248,263677,263723,46,0.34782608695652173,0.021739130434782608,4,1,0.75,0.375,4,8,38,248
1849,167,1583,264361,38,249,264359,264371,12,0.16666666666666666,0.16666666666666666,4,0,0.75,0.5,4,4,38,249
1850,167,1597,266699,38,250,266689,266701,12,0.8333333333333334,0.16666666666666666,4,1,0.75,0.14285714285714285,4,14,38,250
1851,167,1601,267367,38,251,267353,267373,20,0.7,0.2,4,1,0.75,0.25,4,4,38,251
1852,167,1607,268369,38,252,268343,268403,60,0.43333333333333335,0.06666666666666667,4,1,0.75,0.3333333333333333,4,6,38,252
1853,167,1609,268703,38,253,268693,268721,28,0.35714285714285715,0.21428571428571427,4,1,0.75,0.5,4,2,38,253
1854,167,1613,269371,38,254,269351,269377,26,0.7692307692307693,0.11538461538461539,4,1,0.75,0.5,4,4,38,254
1855,167,1619,270373,38,255,270371,270379,8,0.25,0.25,4,0,0.75,0.8333333333333334,4,6,38,255
1856,167,1621,270707,38,256,270701,270709,8,0.75,0.25,4,1,0.75,0.5,4,2,38,256
1857,167,1627,271709,38,257,271703,271723,20,0.3,0.3,4,0,0.75,0.16666666666666666,4,6,38,257
1858,167,1637,273379,38,258,273367,273433,66,0.18181818181818182,0.09090909090909091,4,1,0.75,0.4,4,10,38,258
1859,167,1657,276719,38,259,276707,276721,14,0.8571428571428571,0.2857142857142857,4,1,0.75,0.1,4,20,38,259
1860,167,1663,277721,38,260,277703,277741,38,0.47368421052631576,0.05263157894736842,4,1,0.75,0.16666666666666666,4,6,38,260
1861,167,1667,278389,38,261,278387,278393,6,0.3333333333333333,0.3333333333333333,4,0,0.75,0.5,4,4,38,261
1862,167,1669,278723,38,262,278717,278741,24,0.25,0.20833333333333334,4,1,0.75,0.5,4,2,38,262
1863,167,1693,282731,38,263,282713,282767,54,0.3333333333333333,0.037037037037037035,4,1,0.75,0.5,4,24,38,263
1864,167,1697,283399,38,264,283397,283403,6,0.3333333333333333,0.3333333333333333,4,0,0.75,0.5,4,4,38,264
1865,167,1699,283733,38,265,283721,283741,20,0.6,0.1,4,1,0.75,0.5,4,2,38,265
1866,167,1709,285403,38,266,285377,285421,44,0.5909090909090909,0.045454545454545456,4,1,0.75,0.4,4,10,38,266
1867,167,1721,287407,38,267,287393,287437,44,0.3181818181818182,0.11363636363636363,4,1,0.75,0.16666666666666666,4,12,38,267
1868,167,1723,287741,38,268,287731,287747,16,0.625,0.125,4,1,0.75,0.5,4,2,38,268
1869,167,1733,289411,38,269,289397,289417,20,0.7,0.1,4,1,0.75,0.3,4,10,38,269
1870,167,1741,290747,38,270,290737,290761,24,0.4166666666666667,0.16666666666666666,4,1,0.75,0.25,4,8,38,270
1871,167,1747,291749,38,271,291743,291751,8,0.75,0.75,4,0,0.75,0.6666666666666666,4,6,38,271
1872,167,1753,292751,38,272,292727,292753,26,0.9230769230769231,0.07692307692307693,4,1,0.75,0.6666666666666666,4,6,38,272
1873,167,1759,293753,38,273,293749,293767,18,0.2222222222222222,0.2222222222222222,4,0,0.75,0.16666666666666666,4,6,38,273
1874,167,1777,296759,38,274,296753,296767,14,0.42857142857142855,0.14285714285714285,4,1,0.75,0.1111111111111111,4,18,38,274
1875,167,1783,297761,38,275,297757,297779,22,0.18181818181818182,0.18181818181818182,4,0,0.75,0.3333333333333333,4,6,38,275
1876,167,1787,298429,38,276,298427,298451,24,0.08333333333333333,0.08333333333333333,4,0,0.75,0.25,4,4,38,276
1877,167,1789,298763,38,277,298759,298777,18,0.2222222222222222,0.16666666666666666,4,1,0.75,0.5,4,2,38,277
1878,167,1801,300767,38,278,300761,300779,18,0.3333333333333333,0.1111111111111111,4,1,0.75,0.3333333333333333,4,12,38,278
1879,167,1811,302437,38,279,302429,302443,14,0.5714285714285714,0.14285714285714285,4,1,0.75,0.2,4,10,38,279
1880,167,1823,304441,38,280,304439,304457,18,0.1111111111111111,0.1111111111111111,4,0,0.75,0.25,4,12,38,280
1881,167,1831,305777,38,281,305771,305783,12,0.5,0.5,4,0,0.75,0.75,4,8,38,281
1882,167,1847,308449,38,282,308447,308467,20,0.1,0.1,4,0,0.75,0.25,4,16,38,282
1883,167,1861,310787,38,283,310781,310789,8,0.75,0.75,4,0,0.75,0.14285714285714285,4,14,38,283
1884,167,1867,311789,38,284,311749,311791,42,0.9523809523809523,0.09523809523809523,4,1,0.75,0.6666666666666666,4,6,38,284
1885,167,1871,312457,38,285,312451,312469,18,0.3333333333333333,0.16666666666666666,4,1,0.75,0.25,4,4,38,285
1886,167,1873,312791,38,286,312779,312799,20,0.6,0.1,4,1,0.75,0.5,4,2,38,286
1887,167,1877,313459,38,287,313409,313471,62,0.8064516129032258,0.03225806451612903,4,1,0.75,0.25,4,4,38,287
1888,167,1879,313793,38,288,313783,313829,46,0.21739130434782608,0.08695652173913043,4,1,0.75,0.5,4,2,38,288
1889,167,1889,315463,38,289,315461,315467,6,0.3333333333333333,0.3333333333333333,4,0,0.75,0.3,4,10,38,289
1890,167,1901,317467,38,290,317459,317483,24,0.3333333333333333,0.08333333333333333,4,1,0.75,0.16666666666666666,4,12,38,290
1891,167,1907,318469,38,291,318467,318473,6,0.3333333333333333,0.3333333333333333,4,0,0.75,0.3333333333333333,4,6,38,291
1892,167,1913,319471,38,292,319469,319477,8,0.25,0.25,4,0,0.75,0.3333333333333333,4,6,38,292
1893,167,1931,322477,38,293,322463,322501,38,0.3684210526315789,0.07894736842105263,4,1,0.75,0.1111111111111111,4,18,38,293
1894,167,1933,322811,38,294,322807,322849,42,0.09523809523809523,0.047619047619047616,4,1,0.75,0.5,4,2,38,294
1895,167,1949,325483,38,295,325477,325487,10,0.6,0.1,4,1,0.75,0.0625,4,16,38,295
1896,167,1951,325817,38,296,325813,325849,36,0.1111111111111111,0.027777777777777776,4,1,0.75,0.5,4,2,38,296
1897,167,1973,329491,38,297,329489,329503,14,0.14285714285714285,0.14285714285714285,4,0,0.75,0.13636363636363635,4,22,38,297
1898,167,1979,330493,38,298,330469,330509,40,0.6,0.25,4,1,0.75,0.6666666666666666,4,6,38,298
1899,167,1987,331829,38,299,331819,331841,22,0.45454545454545453,0.36363636363636365,4,1,0.75,0.25,4,8,38,299
1900,167,1993,332831,38,300,332803,332837,34,0.8235294117647058,0.08823529411764706,4,1,0.75,0.6666666666666666,4,6,38,300
1901,167,1997,333499,38,301,333497,333503,6,0.3333333333333333,0.3333333333333333,4,0,0.75,0.25,4,4,38,301
1902,167,1999,333833,38,302,333821,333857,36,0.3333333333333333,0.16666666666666666,4,1,0.75,0.5,4,2,38,302
1903,167,2003,334501,38,303,334493,334507,14,0.5714285714285714,0.35714285714285715,4,1,0.75,0.5,4,4,38,303
1904,173,1009,174557,39,168,174533,174569,36,0.6666666666666666,0.16666666666666666,4,1,0.3333333333333333,0.08333333333333333,6,12,39,168
1905,173,1013,175249,39,169,175229,175261,32,0.625,0.0625,4,1,0.3333333333333333,0.5,6,4,39,169
1906,173,1019,176287,39,170,176261,176299,38,0.6842105263157895,0.05263157894736842,4,1,0.3333333333333333,0.8333333333333334,6,6,39,170
1907,173,1021,176633,39,171,176629,176641,12,0.3333333333333333,0.3333333333333333,4,0,0.3333333333333333,0.5,6,2,39,171
1908,173,1031,178363,39,172,178361,178393,32,0.0625,0.0625,4,0,0.3333333333333333,0.6,6,10,39,172
1909,173,1033,178709,39,173,178697,178753,56,0.21428571428571427,0.03571428571428571,4,1,0.3333333333333333,0.5,6,2,39,173
1910,173,1039,179747,39,174,179743,179749,6,0.6666666666666666,0.6666666666666666,4,0,0.3333333333333333,0.6666666666666666,6,6,39,174
1911,173,1049,181477,39,175,181459,181499,40,0.45,0.075,4,1,0.3333333333333333,0.2,6,10,39,175
1912,173,1051,181823,39,176,181813,181837,24,0.4166666666666667,0.041666666666666664,4,1,0.3333333333333333,0.5,6,2,39,176
1913,173,1061,183553,39,177,183527,183569,42,0.6190476190476191,0.047619047619047616,4,1,0.3333333333333333,0.4,6,10,39,177
1914,173,1063,183899,39,178,183881,183907,26,0.6923076923076923,0.19230769230769232,4,1,0.3333333333333333,0.5,6,2,39,178
1915,173,1069,184937,39,179,184913,184949,36,0.6666666666666666,0.1388888888888889,4,1,0.3333333333333333,0.6666666666666666,6,6,39,179
1916,173,1087,188051,39,180,188029,188107,78,0.28205128205128205,0.05128205128205128,4,1,0.3333333333333333,0.2222222222222222,6,18,39,180
1917,173,1091,188743,39,181,188729,188753,24,0.5833333333333334,0.08333333333333333,4,1,0.3333333333333333,0.75,6,4,39,181
1918,173,1093,189089,39,182,189067,189127,60,0.36666666666666664,0.06666666666666667,4,1,0.3333333333333333,0.5,6,2,39,182
1919,173,1097,189781,39,183,189767,189797,30,0.4666666666666667,0.06666666666666667,4,1,0.3333333333333333,0.25,6,4,39,183
1920,173,1103,190819,39,184,190811,190823,12,0.6666666666666666,0.16666666666666666,4,1,0.3333333333333333,0.3333333333333333,6,6,39,184
1921,173,1109,191857,39,185,191837,191861,24,0.8333333333333334,0.08333333333333333,4,1,0.3333333333333333,0.8333333333333334,6,6,39,185
1922,173,1117,193241,39,186,193201,193243,42,0.9523809523809523,0.023809523809523808,4,1,0.3333333333333333,0.25,6,8,39,186
1923,173,1123,194279,39,187,194269,194309,40,0.25,0.1,4,1,0.3333333333333333,0.3333333333333333,6,6,39,187
1924,173,1129,195317,39,188,195311,195319,8,0.75,0.25,4,1,0.3333333333333333,0.5,6,6,39,188
1925,173,1151,199123,39,189,199109,199151,42,0.3333333333333333,0.19047619047619047,4,1,0.3333333333333333,0.18181818181818182,6,22,39,189
1926,173,1153,199469,39,190,199457,199483,26,0.46153846153846156,0.23076923076923078,4,1,0.3333333333333333,0.5,6,2,39,190
1927,173,1163,201199,39,191,201193,201203,10,0.6,0.4,4,1,0.3333333333333333,0.1,6,10,39,191
1928,173,1171,202583,39,192,202577,202591,14,0.42857142857142855,0.14285714285714285,4,1,0.3333333333333333,0.25,6,8,39,192
1929,173,1181,204313,39,193,204311,204319,8,0.25,0.25,4,0,0.3333333333333333,0.3,6,10,39,193
1930,173,1187,205351,39,194,205339,205357,18,0.6666666666666666,0.1111111111111111,4,1,0.3333333333333333,0.8333333333333334,6,6,39,194
1931,173,1193,206389,39,195,206383,206399,16,0.375,0.25,4,1,0.3333333333333333,0.3333333333333333,6,6,39,195
1932,173,1201,207773,39,196,207769,207797,28,0.14285714285714285,0.07142857142857142,4,1,0.3333333333333333,0.25,6,8,39,196
1933,173,1213,209849,39,197,209837,209851,14,0.8571428571428571,0.42857142857142855,4,1,0.3333333333333333,0.08333333333333333,6,12,39,197
1934,173,1217,210541,39,198,210533,210557,24,0.3333333333333333,0.20833333333333334,4,1,0.3333333333333333,0.25,6,4,39,198
1935,173,1223,211579,39,199,211573,211583,10,0.6,0.4,4,1,0.3333333333333333,0.3333333333333333,6,6,39,199
1936,173,1229,212617,39,200,212593,212627,34,0.7058823529411765,0.029411764705882353,4,1,0.3333333333333333,0.5,6,6,39,200
1937,173,1231,212963,39,201,212923,212969,46,0.8695652173913043,0.13043478260869565,4,1,0.3333333333333333,0.5,6,2,39,201
1938,173,1237,214001,39,202,213989,214003,14,0.8571428571428571,0.7142857142857143,4,1,0.3333333333333333,0.5,6,6,39,202
1939,173,1249,216077,39,203,216071,216091,20,0.3,0.15,4,1,0.3333333333333333,0.08333333333333333,6,12,39,203
1940,173,1259,217807,39,204,217793,217823,30,0.4666666666666667,0.2,4,1,0.3333333333333333,0.4,6,10,39,204
1941,173,1277,220921,39,205,220919,220931,12,0.16666666666666666,0.16666666666666666,4,0,0.3333333333333333,0.1111111111111111,6,18,39,205
1942,173,1279,221267,39,206,221261,221281,20,0.3,0.3,4,0,0.3333333333333333,0.5,6,2,39,206
1943,173,1283,221959,39,207,221957,221987,30,0.06666666666666667,0.06666666666666667,4,0,0.3333333333333333,0.75,6,4,39,207
1944,173,1289,222997,39,208,222991,223007,16,0.375,0.1875,4,1,0.3333333333333333,0.3333333333333333,6,6,39,208
1945,173,1291,223343,39,209,223339,223361,22,0.18181818181818182,0.18181818181818182,4,0,0.3333333333333333,0.5,6,2,39,209
1946,173,1297,224381,39,210,224363,224401,38,0.47368421052631576,0.15789473684210525,4,1,0.3333333333333333,0.3333333333333333,6,6,39,210
1947,173,1301,225073,39,211,225067,225077,10,0.6,0.6,4,0,0.3333333333333333,0.5,6,4,39,211
1948,173,1303,225419,39,212,225383,225427,44,0.8181818181818182,0.045454545454545456,4,1,0.3333333333333333,0.5,6,2,39,212
1949,173,1307,226111,39,213,226103,226123,20,0.4,0.3,4,1,0.3333333333333333,0.75,6,4,39,213
1950,173,1319,228187,39,214,228181,228197,16,0.375,0.375,4,0,0.3333333333333333,0.5,6,12,39,214
1951,173,1321,228533,39,215,228523,228539,16,0.625,0.25,4,1,0.3333333333333333,0.5,6,2,39,215
1952,173,1327,229571,39,216,229561,229583,22,0.45454545454545453,0.045454545454545456,4,1,0.3333333333333333,0.16666666666666666,6,6,39,216
1953,173,1361,235453,39,217,235447,235483,36,0.16666666666666666,0.16666666666666666,4,0,0.3333333333333333,0.058823529411764705,6,34,39,217
1954,173,1367,236491,39,218,236479,236503,24,0.5,0.16666666666666666,4,1,0.3333333333333333,0.3333333333333333,6,6,39,218
1955,173,1373,237529,39,219,237509,237547,38,0.5263157894736842,0.05263157894736842,4,1,0.3333333333333333,0.3333333333333333,6,6,39,219
1956,173,1381,238913,39,220,238897,238919,22,0.7272727272727273,0.09090909090909091,4,1,0.3333333333333333,0.75,6,8,39,220
1957,173,1399,242027,39,221,242009,242057,48,0.375,0.08333333333333333,4,1,0.3333333333333333,0.05555555555555555,6,18,39,221
1958,173,1409,243757,39,222,243709,243769,60,0.8,0.13333333333333333,4,1,0.3333333333333333,0.2,6,10,39,222
1959,173,1423,246179,39,223,246173,246187,14,0.42857142857142855,0.42857142857142855,4,0,0.3333333333333333,0.14285714285714285,6,14,39,223
1960,173,1427,246871,39,224,246839,246889,50,0.64,0.12,4,1,0.3333333333333333,0.75,6,4,39,224
1961,173,1429,247217,39,225,247201,247223,22,0.7272727272727273,0.045454545454545456,4,1,0.3333333333333333,0.5,6,2,39,225
1962,173,1433,247909,39,226,247901,247913,12,0.6666666666666666,0.16666666666666666,4,1,0.3333333333333333,0.5,6,4,39,226
1963,173,1439,248947,39,227,248909,248971,62,0.6129032258064516,0.0967741935483871,4,1,0.3333333333333333,0.6666666666666666,6,6,39,227
1964,173,1447,250331,39,228,250307,250343,36,0.6666666666666666,0.05555555555555555,4,1,0.3333333333333333,0.25,6,8,39,228
1965,173,1451,251023,39,229,251003,251033,30,0.6666666666666666,0.26666666666666666,4,1,0.3333333333333333,0.25,6,4,39,229
1966,173,1453,251369,39,230,251359,251387,28,0.35714285714285715,0.21428571428571427,4,1,0.3333333333333333,0.5,6,2,39,230
1967,173,1459,252407,39,231,252401,252409,8,0.75,0.25,4,1,0.3333333333333333,0.16666666666666666,6,6,39,231
1968,173,1471,254483,39,232,254461,254489,28,0.7857142857142857,0.14285714285714285,4,1,0.3333333333333333,0.16666666666666666,6,12,39,232
1969,173,1481,256213,39,233,256211,256219,8,0.25,0.25,4,0,0.3333333333333333,0.2,6,10,39,233
1970,173,1483,256559,39,234,256541,256561,20,0.9,0.25,4,1,0.3333333333333333,0.5,6,2,39,234
1971,173,1487,257251,39,235,257249,257263,14,0.14285714285714285,0.14285714285714285,4,0,0.3333333333333333,0.75,6,4,39,235
1972,173,1489,257597,39,236,257591,257611,20,0.3,0.3,4,0,0.3333333333333333,0.5,6,2,39,236
1973,173,1493,258289,39,237,258283,258299,16,0.375,0.25,4,1,0.3333333333333333,0.75,6,4,39,237
1974,173,1499,259327,39,238,259321,259339,18,0.3333333333333333,0.1111111111111111,4,1,0.3333333333333333,0.6666666666666666,6,6,39,238
1975,173,1511,261403,39,239,261389,261407,18,0.7777777777777778,0.1111111111111111,4,1,0.3333333333333333,0.16666666666666666,6,12,39,239
1976,173,1523,263479,39,240,263443,263489,46,0.782608695652174,0.08695652173913043,4,1,0.3333333333333333,0.16666666666666666,6,12,39,240
1977,173,1531,264863,39,241,264839,264871,32,0.75,0.09375,4,1,0.3333333333333333,0.5,6,8,39,241
1978,173,1543,266939,39,242,266933,266947,14,0.42857142857142855,0.42857142857142855,4,0,0.3333333333333333,0.3333333333333333,6,12,39,242
1979,173,1549,267977,39,243,267961,268003,42,0.38095238095238093,0.023809523809523808,4,1,0.3333333333333333,0.5,6,6,39,243
1980,173,1553,268669,39,244,268661,268693,32,0.25,0.0625,4,1,0.3333333333333333,0.5,6,4,39,244
1981,173,1559,269707,39,245,269701,269713,12,0.5,0.08333333333333333,4,1,0.3333333333333333,0.3333333333333333,6,6,39,245
1982,173,1567,271091,39,246,271079,271097,18,0.6666666666666666,0.1111111111111111,4,1,0.3333333333333333,0.25,6,8,39,246
1983,173,1571,271783,39,247,271771,271787,16,0.75,0.1875,4,1,0.3333333333333333,0.5,6,4,39,247
1984,173,1579,273167,39,248,273157,273181,24,0.4166666666666667,0.16666666666666666,4,1,0.3333333333333333,0.375,6,8,39,248
1985,173,1583,273859,39,249,273857,273881,24,0.08333333333333333,0.08333333333333333,4,0,0.3333333333333333,0.5,6,4,39,249
1986,173,1597,276281,39,250,276277,276293,16,0.25,0.0625,4,1,0.3333333333333333,0.14285714285714285,6,14,39,250
1987,173,1601,276973,39,251,276961,276977,16,0.75,0.375,4,1,0.3333333333333333,0.25,6,4,39,251
1988,173,1607,278011,39,252,277999,278017,18,0.6666666666666666,0.4444444444444444,4,1,0.3333333333333333,0.3333333333333333,6,6,39,252
1989,173,1609,278357,39,253,278353,278363,10,0.4,0.1,4,1,0.3333333333333333,0.5,6,2,39,253
1990,173,1613,279049,39,254,279047,279073,26,0.07692307692307693,0.07692307692307693,4,0,0.3333333333333333,0.5,6,4,39,254
1991,173,1619,280087,39,255,280069,280097,28,0.6428571428571429,0.35714285714285715,4,1,0.3333333333333333,0.8333333333333334,6,6,39,255
1992,173,1621,280433,39,256,280411,280451,40,0.55,0.075,4,1,0.3333333333333333,0.5,6,2,39,256
1993,173,1627,281471,39,257,281431,281509,78,0.5128205128205128,0.02564102564102564,4,1,0.3333333333333333,0.16666666666666666,6,6,39,257
1994,173,1637,283201,39,258,283193,283207,14,0.5714285714285714,0.2857142857142857,4,1,0.3333333333333333,0.4,6,10,39,258
1995,173,1657,286661,39,259,286651,286673,22,0.45454545454545453,0.18181818181818182,4,1,0.3333333333333333,0.1,6,20,39,259
1996,173,1663,287699,39,260,287689,287701,12,0.8333333333333334,0.8333333333333334,4,0,0.3333333333333333,0.16666666666666666,6,6,39,260
1997,173,1667,288391,39,261,288389,288403,14,0.14285714285714285,0.14285714285714285,4,0,0.3333333333333333,0.5,6,4,39,261
1998,173,1669,288737,39,262,288733,288751,18,0.2222222222222222,0.2222222222222222,4,0,0.3333333333333333,0.5,6,2,39,262
1999,173,1693,292889,39,263,292879,292909,30,0.3333333333333333,0.13333333333333333,4,1,0.3333333333333333,0.5,6,24,39,263
2000,173,1697,293581,39,264,293543,293599,56,0.6785714285714286,0.07142857142857142,4,1,0.3333333333333333,0.5,6,4,39,264
2001,173,1699,293927,39,265,293899,293941,42,0.6666666666666666,0.047619047619047616,4,1,0.3333333333333333,0.5,6,2,39,265
2002,173,1709,295657,39,266,295601,295663,62,0.9032258064516129,0.0967741935483871,4,1,0.3333333333333333,0.4,6,10,39,266
2003,173,1721,297733,39,267,297727,297757,30,0.2,0.13333333333333333,4,1,0.3333333333333333,0.16666666666666666,6,12,39,267
2004,173,1723,298079,39,268,298063,298087,24,0.6666666666666666,0.125,4,1,0.3333333333333333,0.5,6,2,39,268
2005,173,1733,299809,39,269,299807,299843,36,0.05555555555555555,0.05555555555555555,4,0,0.3333333333333333,0.3,6,10,39,269
2006,173,1741,301193,39,270,301183,301211,28,0.35714285714285715,0.14285714285714285,4,1,0.3333333333333333,0.25,6,8,39,270
2007,173,1747,302231,39,271,302227,302261,34,0.11764705882352941,0.11764705882352941,4,0,0.3333333333333333,0.6666666666666666,6,6,39,271
2008,173,1753,303269,39,272,303257,303271,14,0.8571428571428571,0.35714285714285715,4,1,0.3333333333333333,0.6666666666666666,6,6,39,272
2009,173,1759,304307,39,273,304303,304331,28,0.14285714285714285,0.14285714285714285,4,0,0.3333333333333333,0.16666666666666666,6,6,39,273
2010,173,1777,307421,39,274,307409,307423,14,0.8571428571428571,0.42857142857142855,4,1,0.3333333333333333,0.1111111111111111,6,18,39,274
2011,173,1783,308459,39,275,308447,308467,20,0.6,0.1,4,1,0.3333333333333333,0.3333333333333333,6,6,39,275
2012,173,1787,309151,39,276,309137,309157,20,0.7,0.1,4,1,0.3333333333333333,0.25,6,4,39,276
2013,173,1789,309497,39,277,309493,309503,10,0.4,0.1,4,1,0.3333333333333333,0.5,6,2,39,277
2014,173,1801,311573,39,278,311569,311603,34,0.11764705882352941,0.11764705882352941,4,0,0.3333333333333333,0.3333333333333333,6,12,39,278
2015,173,1811,313303,39,279,313301,313307,6,0.3333333333333333,0.3333333333333333,4,0,0.3333333333333333,0.2,6,10,39,279
2016,173,1823,315379,39,280,315377,315389,12,0.16666666666666666,0.16666666666666666,4,0,0.3333333333333333,0.25,6,12,39,280
2017,173,1831,316763,39,281,316759,316769,10,0.4,0.4,4,0,0.3333333333333333,0.75,6,8,39,281
2018,173,1847,319531,39,282,319519,319541,22,0.5454545454545454,0.3181818181818182,4,1,0.3333333333333333,0.25,6,16,39,282
2019,173,1861,321953,39,283,321949,321961,12,0.3333333333333333,0.3333333333333333,4,0,0.3333333333333333,0.14285714285714285,6,14,39,283
2020,173,1867,322991,39,284,322969,322997,28,0.7857142857142857,0.35714285714285715,4,1,0.3333333333333333,0.6666666666666666,6,6,39,284
2021,173,1871,323683,39,285,323651,323699,48,0.6666666666666666,0.041666666666666664,4,1,0.3333333333333333,0.25,6,4,39,285
2022,173,1873,324029,39,286,324011,324031,20,0.9,0.1,4,1,0.3333333333333333,0.5,6,2,39,286
2023,173,1877,324721,39,287,324707,324733,26,0.5384615384615384,0.23076923076923078,4,1,0.3333333333333333,0.25,6,4,39,287
2024,173,1879,325067,39,288,325063,325079,16,0.25,0.25,4,0,0.3333333333333333,0.5,6,2,39,288
2025,173,1889,326797,39,289,326779,326831,52,0.34615384615384615,0.07692307692307693,4,1,0.3333333333333333,0.3,6,10,39,289
2026,173,1901,328873,39,290,328849,328883,34,0.7058823529411765,0.23529411764705882,4,1,0.3333333333333333,0.16666666666666666,6,12,39,290
2027,173,1907,329911,39,291,329899,329941,42,0.2857142857142857,0.09523809523809523,4,1,0.3333333333333333,0.3333333333333333,6,6,39,291
2028,173,1913,330949,39,292,330943,330983,40,0.15,0.1,4,1,0.3333333333333333,0.3333333333333333,6,6,39,292
2029,173,1931,334063,39,293,334057,334069,12,0.5,0.5,4,0,0.3333333333333333,0.1111111111111111,6,18,39,293
2030,173,1933,334409,39,294,334403,334421,18,0.3333333333333333,0.3333333333333333,4,0,0.3333333333333333,0.5,6,2,39,294
2031,173,1949,337177,39,295,337153,337189,36,0.6666666666666666,0.16666666666666666,4,1,0.3333333333333333,0.0625,6,16,39,295
2032,173,1951,337523,39,296,337517,337529,12,0.5,0.3333333333333333,4,1,0.3333333333333333,0.5,6,2,39,296
2033,173,1973,341329,39,297,341323,341333,10,0.6,0.4,4,1,0.3333333333333333,0.13636363636363635,6,22,39,297
2034,173,1979,342367,39,298,342359,342371,12,0.6666666666666666,0.5,4,1,0.3333333333333333,0.6666666666666666,6,6,39,298
2035,173,1987,343751,39,299,343727,343769,42,0.5714285714285714,0.09523809523809523,4,1,0.3333333333333333,0.25,6,8,39,299
2036,173,1993,344789,39,300,344759,344791,32,0.9375,0.0625,4,1,0.3333333333333333,0.6666666666666666,6,6,39,300
2037,173,1997,345481,39,301,345479,345487,8,0.25,0.25,4,0,0.3333333333333333,0.25,6,4,39,301
2038,173,1999,345827,39,302,345823,345853,30,0.13333333333333333,0.13333333333333333,4,0,0.3333333333333333,0.5,6,2,39,302
2039,173,2003,346519,39,303,346501,346529,28,0.6428571428571429,0.42857142857142855,4,1,0.3333333333333333,0.5,6,4,39,303
2040,179,1009,180611,40,168,180569,180617,48,0.875,0.041666666666666664,4,1,0.6666666666666666,0.08333333333333333,6,12,40,168
2041,179,1013,181327,40,169,181303,181361,58,0.41379310344827586,0.10344827586206896,4,1,0.6666666666666666,0.5,6,4,40,169
2042,179,1019,182401,40,170,182389,182417,28,0.42857142857142855,0.14285714285714285,4,1,0.6666666666666666,0.8333333333333334,6,6,40,170
2043,179,1021,182759,40,171,182747,182773,26,0.46153846153846156,0.07692307692307693,4,1,0.6666666666666666,0.5,6,2,40,171
2044,179,1031,184549,40,172,184523,184553,30,0.8666666666666667,0.26666666666666666,4,1,0.6666666666666666,0.6,6,10,40,172
2045,179,1033,184907,40,173,184903,184913,10,0.4,0.4,4,0,0.6666666666666666,0.5,6,2,40,173
2046,179,1039,185981,40,174,185971,185987,16,0.625,0.125,4,1,0.6666666666666666,0.6666666666666666,6,6,40,174
2047,179,1049,187771,40,175,187763,187787,24,0.3333333333333333,0.25,4,1,0.6666666666666666,0.2,6,10,40,175
2048,179,1051,188129,40,176,188107,188137,30,0.7333333333333333,0.2,4,1,0.6666666666666666,0.5,6,2,40,176
2049,179,1061,189919,40,177,189913,189929,16,0.375,0.375,4,0,0.6666666666666666,0.4,6,10,40,177
2050,179,1063,190277,40,178,190271,190283,12,0.5,0.16666666666666666,4,1,0.6666666666666666,0.5,6,2,40,178
2051,179,1069,191351,40,179,191341,191353,12,0.8333333333333334,0.16666666666666666,4,1,0.6666666666666666,0.6666666666666666,6,6,40,179
2052,179,1087,194573,40,180,194569,194581,12,0.3333333333333333,0.3333333333333333,4,0,0.6666666666666666,0.2222222222222222,6,18,40,180
2053,179,1091,195289,40,181,195281,195311,30,0.26666666666666666,0.2,4,1,0.6666666666666666,0.75,6,4,40,181
2054,179,1093,195647,40,182,195599,195659,60,0.8,0.03333333333333333,4,1,0.6666666666666666,0.5,6,2,40,182
2055,179,1097,196363,40,183,196337,196379,42,0.6190476190476191,0.09523809523809523,4,1,0.6666666666666666,0.25,6,4,40,183
2056,179,1103,197437,40,184,197423,197441,18,0.7777777777777778,0.16666666666666666,4,1,0.6666666666666666,0.3333333333333333,6,6,40,184
2057,179,1109,198511,40,185,198503,198529,26,0.3076923076923077,0.15384615384615385,4,1,0.6666666666666666,0.8333333333333334,6,6,40,185
2058,179,1117,199943,40,186,199933,199961,28,0.35714285714285715,0.21428571428571427,4,1,0.6666666666666666,0.25,6,8,40,186
2059,179,1123,201017,40,187,201011,201031,20,0.3,0.1,4,1,0.6666666666666666,0.3333333333333333,6,6,40,187
2060,179,1129,202091,40,188,202087,202099,12,0.3333333333333333,0.3333333333333333,4,0,0.6666666666666666,0.5,6,6,40,188
2061,179,1151,206029,40,189,206027,206033,6,0.3333333333333333,0.3333333333333333,4,0,0.6666666666666666,0.18181818181818182,6,22,40,189
2062,179,1153,206387,40,190,206383,206399,16,0.25,0.25,4,0,0.6666666666666666,0.5,6,2,40,190
2063,179,1163,208177,40,191,208147,208189,42,0.7142857142857143,0.047619047619047616,4,1,0.6666666666666666,0.1,6,10,40,191
2064,179,1171,209609,40,192,209597,209621,24,0.5,0.20833333333333334,4,1,0.6666666666666666,0.25,6,8,40,192
2065,179,1181,211399,40,193,211373,211403,30,0.8666666666666667,0.13333333333333333,4,1,0.6666666666666666,0.3,6,10,40,193
2066,179,1187,212473,40,194,212467,212479,12,0.5,0.16666666666666666,4,1,0.6666666666666666,0.8333333333333334,6,6,40,194
2067,179,1193,213547,40,195,213539,213553,14,0.5714285714285714,0.14285714285714285,4,1,0.6666666666666666,0.3333333333333333,6,6,40,195
2068,179,1201,214979,40,196,214967,214987,20,0.6,0.1,4,1,0.6666666666666666,0.25,6,8,40,196
2069,179,1213,217127,40,197,217121,217157,36,0.16666666666666666,0.05555555555555555,4,1,0.6666666666666666,0.08333333333333333,6,12,40,197
2070,179,1217,217843,40,198,217829,217849,20,0.7,0.1,4,1,0.6666666666666666,0.25,6,4,40,198
2071,179,1223,218917,40,199,218887,218923,36,0.8333333333333334,0.16666666666666666,4,1,0.6666666666666666,0.3333333333333333,6,6,40,199
2072,179,1229,219991,40,200,219983,220009,26,0.3076923076923077,0.07692307692307693,4,1,0.6666666666666666,0.5,6,6,40,200
2073,179,1231,220349,40,201,220333,220351,18,0.8888888888888888,0.3333333333333333,4,1,0.6666666666666666,0.5,6,2,40,201
2074,179,1237,221423,40,202,221413,221447,34,0.29411764705882354,0.17647058823529413,4,1,0.6666666666666666,0.5,6,6,40,202
2075,179,1249,223571,40,203,223549,223577,28,0.7857142857142857,0.14285714285714285,4,1,0.6666666666666666,0.08333333333333333,6,12,40,203
2076,179,1259,225361,40,204,225353,225371,18,0.4444444444444444,0.4444444444444444,4,0,0.6666666666666666,0.4,6,10,40,204
2077,179,1277,228583,40,205,228581,228587,6,0.3333333333333333,0.3333333333333333,4,0,0.6666666666666666,0.1111111111111111,6,18,40,205
2078,179,1279,228941,40,206,228929,228953,24,0.5,0.08333333333333333,4,1,0.6666666666666666,0.5,6,2,40,206
2079,179,1283,229657,40,207,229639,229681,42,0.42857142857142855,0.09523809523809523,4,1,0.6666666666666666,0.75,6,4,40,207
2080,179,1289,230731,40,208,230729,230743,14,0.14285714285714285,0.14285714285714285,4,0,0.6666666666666666,0.3333333333333333,6,6,40,208
2081,179,1291,231089,40,209,231079,231107,28,0.35714285714285715,0.14285714285714285,4,1,0.6666666666666666,0.5,6,2,40,209
2082,179,1297,232163,40,210,232153,232171,18,0.5555555555555556,0.2222222222222222,4,1,0.6666666666666666,0.3333333333333333,6,6,40,210
2083,179,1301,232879,40,211,232877,232891,14,0.14285714285714285,0.14285714285714285,4,0,0.6666666666666666,0.5,6,4,40,211
2084,179,1303,233237,40,212,233231,233239,8,0.75,0.75,4,0,0.6666666666666666,0.5,6,2,40,212
2085,179,1307,233953,40,213,233941,233969,28,0.42857142857142855,0.2857142857142857,4,1,0.6666666666666666,0.75,6,4,40,213
2086,179,1319,236101,40,214,236087,236107,20,0.7,0.2,4,1,0.6666666666666666,0.5,6,12,40,214
2087,179,1321,236459,40,215,236449,236461,12,0.8333333333333334,0.8333333333333334,4,0,0.6666666666666666,0.5,6,2,40,215
2088,179,1327,237533,40,216,237509,237547,38,0.631578947368421,0.05263157894736842,4,1,0.6666666666666666,0.16666666666666666,6,6,40,216
2089,179,1361,243619,40,217,243613,243623,10,0.6,0.4,4,1,0.6666666666666666,0.058823529411764705,6,34,40,217
2090,179,1367,244693,40,218,244691,244703,12,0.16666666666666666,0.16666666666666666,4,0,0.6666666666666666,0.3333333333333333,6,6,40,218
2091,179,1373,245767,40,219,245759,245771,12,0.6666666666666666,0.16666666666666666,4,1,0.6666666666666666,0.3333333333333333,6,6,40,219
2092,179,1381,247199,40,220,247193,247201,8,0.75,0.75,4,0,0.6666666666666666,0.75,6,8,40,220
2093,179,1399,250421,40,221,250409,250423,14,0.8571428571428571,0.2857142857142857,4,1,0.6666666666666666,0.05555555555555555,6,18,40,221
2094,179,1409,252211,40,222,252209,252223,14,0.14285714285714285,0.14285714285714285,4,0,0.6666666666666666,0.2,6,10,40,222
2095,179,1423,254717,40,223,254713,254729,16,0.25,0.25,4,0,0.6666666666666666,0.14285714285714285,6,14,40,223
2096,179,1427,255433,40,224,255419,255443,24,0.5833333333333334,0.08333333333333333,4,1,0.6666666666666666,0.75,6,4,40,224
2097,179,1429,255791,40,225,255767,255803,36,0.6666666666666666,0.05555555555555555,4,1,0.6666666666666666,0.5,6,2,40,225
2098,179,1433,256507,40,226,256499,256517,18,0.4444444444444444,0.1111111111111111,4,1,0.6666666666666666,0.5,6,4,40,226
2099,179,1439,257581,40,227,257561,257591,30,0.6666666666666666,0.06666666666666667,4,1,0.6666666666666666,0.6666666666666666,6,6,40,227
2100,179,1447,259013,40,228,259009,259019,10,0.4,0.4,4,0,0.6666666666666666,0.25,6,8,40,228
2101,179,1451,259729,40,229,259723,259733,10,0.6,0.4,4,1,0.6666666666666666,0.25,6,4,40,229
2102,179,1453,260087,40,230,260081,260089,8,0.75,0.25,4,1,0.6666666666666666,0.5,6,2,40,230
2103,179,1459,261161,40,231,261127,261167,40,0.85,0.15,4,1,0.6666666666666666,0.16666666666666666,6,6,40,231
2104,179,1471,263309,40,232,263303,263323,20,0.3,0.3,4,0,0.6666666666666666,0.16666666666666666,6,12,40,232
2105,179,1481,265099,40,233,265093,265117,24,0.25,0.041666666666666664,4,1,0.6666666666666666,0.2,6,10,40,233
2106,179,1483,265457,40,234,265451,265459,8,0.75,0.25,4,1,0.6666666666666666,0.5,6,2,40,234
2107,179,1487,266173,40,235,266159,266177,18,0.7777777777777778,0.2222222222222222,4,1,0.6666666666666666,0.75,6,4,40,235
2108,179,1489,266531,40,236,266521,266549,28,0.35714285714285715,0.03571428571428571,4,1,0.6666666666666666,0.5,6,2,40,236
2109,179,1493,267247,40,237,267233,267259,26,0.5384615384615384,0.23076923076923078,4,1,0.6666666666666666,0.75,6,4,40,237
2110,179,1499,268321,40,238,268297,268343,46,0.5217391304347826,0.08695652173913043,4,1,0.6666666666666666,0.6666666666666666,6,6,40,238
2111,179,1511,270469,40,239,270463,270493,30,0.2,0.13333333333333333,4,1,0.6666666666666666,0.16666666666666666,6,12,40,239
2112,179,1523,272617,40,240,272603,272621,18,0.7777777777777778,0.1111111111111111,4,1,0.6666666666666666,0.16666666666666666,6,12,40,240
2113,179,1531,274049,40,241,274033,274061,28,0.5714285714285714,0.14285714285714285,4,1,0.6666666666666666,0.5,6,8,40,241
2114,179,1543,276197,40,242,276191,276209,18,0.3333333333333333,0.1111111111111111,4,1,0.6666666666666666,0.3333333333333333,6,12,40,242
2115,179,1549,277271,40,243,277261,277273,12,0.8333333333333334,0.5,4,1,0.6666666666666666,0.5,6,6,40,243
2116,179,1553,277987,40,244,277961,277993,32,0.8125,0.0625,4,1,0.6666666666666666,0.5,6,4,40,244
2117,179,1559,279061,40,245,279047,279073,26,0.5384615384615384,0.07692307692307693,4,1,0.6666666666666666,0.3333333333333333,6,6,40,245
2118,179,1567,280493,40,246,280487,280499,12,0.5,0.3333333333333333,4,1,0.6666666666666666,0.25,6,8,40,246
2119,179,1571,281209,40,247,281207,281227,20,0.1,0.1,4,0,0.6666666666666666,0.5,6,4,40,247
2120,179,1579,282641,40,248,282617,282661,44,0.5454545454545454,0.045454545454545456,4,1,0.6666666666666666,0.375,6,8,40,248
2121,179,1583,283357,40,249,283303,283369,66,0.8181818181818182,0.045454545454545456,4,1,0.6666666666666666,0.5,6,4,40,249
2122,179,1597,285863,40,250,285841,285871,30,0.7333333333333333,0.2,4,1,0.6666666666666666,0.14285714285714285,6,14,40,250
2123,179,1601,286579,40,251,286553,286589,36,0.7222222222222222,0.25,4,1,0.6666666666666666,0.25,6,4,40,251
2124,179,1607,287653,40,252,287629,287669,40,0.6,0.1,4,1,0.6666666666666666,0.3333333333333333,6,6,40,252
2125,179,1609,288011,40,253,288007,288023,16,0.25,0.25,4,0,0.6666666666666666,0.5,6,2,40,253
2126,179,1613,288727,40,254,288697,288731,34,0.8823529411764706,0.029411764705882353,4,1,0.6666666666666666,0.5,6,4,40,254
2127,179,1619,289801,40,255,289789,289837,48,0.25,0.08333333333333333,4,1,0.6666666666666666,0.8333333333333334,6,6,40,255
2128,179,1621,290159,40,256,290141,290161,20,0.9,0.4,4,1,0.6666666666666666,0.5,6,2,40,256
2129,179,1627,291233,40,257,291217,291253,36,0.4444444444444444,0.05555555555555555,4,1,0.6666666666666666,0.16666666666666666,6,6,40,257
2130,179,1637,293023,40,258,293021,293071,50,0.04,0.04,4,0,0.6666666666666666,0.4,6,10,40,258
2131,179,1657,296603,40,259,296591,296627,36,0.3333333333333333,0.2777777777777778,4,1,0.6666666666666666,0.1,6,20,40,259
2132,179,1663,297677,40,260,297659,297683,24,0.75,0.3333333333333333,4,1,0.6666666666666666,0.16666666666666666,6,6,40,260
2133,179,1667,298393,40,261,298373,298399,26,0.7692307692307693,0.23076923076923078,4,1,0.6666666666666666,0.5,6,4,40,261
2134,179,1669,298751,40,262,298733,298757,24,0.75,0.08333333333333333,4,1,0.6666666666666666,0.5,6,2,40,262
2135,179,1693,303047,40,263,303029,303049,20,0.9,0.25,4,1,0.6666666666666666,0.5,6,24,40,263
2136,179,1697,303763,40,264,303749,303767,18,0.7777777777777778,0.4444444444444444,4,1,0.6666666666666666,0.5,6,4,40,264
2137,179,1699,304121,40,265,304099,304127,28,0.7857142857142857,0.14285714285714285,4,1,0.6666666666666666,0.5,6,2,40,265
2138,179,1709,305911,40,266,305873,305917,44,0.8636363636363636,0.11363636363636363,4,1,0.6666666666666666,0.4,6,10,40,266
2139,179,1721,308059,40,267,308051,308081,30,0.26666666666666666,0.06666666666666667,4,1,0.6666666666666666,0.16666666666666666,6,12,40,267
2140,179,1723,308417,40,268,308411,308423,12,0.5,0.16666666666666666,4,1,0.6666666666666666,0.5,6,2,40,268
2141,179,1733,310207,40,269,310187,310223,36,0.5555555555555556,0.2222222222222222,4,1,0.6666666666666666,0.3,6,10,40,269
2142,179,1741,311639,40,270,311609,311653,44,0.6818181818181818,0.045454545454545456,4,1,0.6666666666666666,0.25,6,8,40,270
2143,179,1747,312713,40,271,312709,312727,18,0.2222222222222222,0.2222222222222222,4,0,0.6666666666666666,0.6666666666666666,6,6,40,271
2144,179,1753,313787,40,272,313783,313829,46,0.08695652173913043,0.08695652173913043,4,0,0.6666666666666666,0.6666666666666666,6,6,40,272
2145,179,1759,314861,40,273,314851,314879,28,0.35714285714285715,0.10714285714285714,4,1,0.6666666666666666,0.16666666666666666,6,6,40,273
2146,179,1777,318083,40,274,318077,318103,26,0.23076923076923078,0.07692307692307693,4,1,0.6666666666666666,0.1111111111111111,6,18,40,274
2147,179,1783,319157,40,275,319147,319159,12,0.8333333333333334,0.5,4,1,0.6666666666666666,0.3333333333333333,6,6,40,275
2148,179,1787,319873,40,276,319849,319883,34,0.7058823529411765,0.11764705882352941,4,1,0.6666666666666666,0.25,6,4,40,276
2149,179,1789,320231,40,277,320219,320237,18,0.6666666666666666,0.4444444444444444,4,1,0.6666666666666666,0.5,6,2,40,277
2150,179,1801,322379,40,278,322351,322397,46,0.6086956521739131,0.13043478260869565,4,1,0.6666666666666666,0.3333333333333333,6,12,40,278
2151,179,1811,324169,40,279,324161,324179,18,0.4444444444444444,0.1111111111111111,4,1,0.6666666666666666,0.2,6,10,40,279
2152,179,1823,326317,40,280,326309,326323,14,0.5714285714285714,0.14285714285714285,4,1,0.6666666666666666,0.25,6,12,40,280
2153,179,1831,327749,40,281,327739,327757,18,0.5555555555555556,0.16666666666666666,4,1,0.6666666666666666,0.75,6,8,40,281
2154,179,1847,330613,40,282,330611,330623,12,0.16666666666666666,0.16666666666666666,4,0,0.6666666666666666,0.25,6,16,40,282
2155,179,1861,333119,40,283,333107,333131,24,0.5,0.5,4,0,0.6666666666666666,0.14285714285714285,6,14,40,283
2156,179,1867,334193,40,284,334189,334199,10,0.4,0.4,4,0,0.6666666666666666,0.6666666666666666,6,6,40,284
2157,179,1871,334909,40,285,334897,334931,34,0.35294117647058826,0.029411764705882353,4,1,0.6666666666666666,0.25,6,4,40,285
2158,179,1873,335267,40,286,335261,335273,12,0.5,0.16666666666666666,4,1,0.6666666666666666,0.5,6,2,40,286
2159,179,1877,335983,40,287,335957,335999,42,0.6190476190476191,0.14285714285714285,4,1,0.6666666666666666,0.25,6,4,40,287
2160,179,1879,336341,40,288,336317,336353,36,0.6666666666666666,0.3888888888888889,4,1,0.6666666666666666,0.5,6,2,40,288
2161,179,1889,338131,40,289,338119,338137,18,0.6666666666666666,0.3888888888888889,4,1,0.6666666666666666,0.3,6,10,40,289
2162,179,1901,340279,40,290,340267,340283,16,0.75,0.25,4,1,0.6666666666666666,0.16666666666666666,6,12,40,290
2163,179,1907,341353,40,291,341347,341357,10,0.6,0.2,4,1,0.6666666666666666,0.3333333333333333,6,6,40,291
2164,179,1913,342427,40,292,342421,342449,28,0.21428571428571427,0.21428571428571427,4,0,0.6666666666666666,0.3333333333333333,6,6,40,292
2165,179,1931,345649,40,293,345647,345659,12,0.16666666666666666,0.16666666666666666,4,0,0.6666666666666666,0.1111111111111111,6,18,40,293
2166,179,1933,346007,40,294,345997,346013,16,0.625,0.0625,4,1,0.6666666666666666,0.5,6,2,40,294
2167,179,1949,348871,40,295,348851,348883,32,0.625,0.0625,4,1,0.6666666666666666,0.0625,6,16,40,295
2168,179,1951,349229,40,296,349211,349241,30,0.6,0.06666666666666667,4,1,0.6666666666666666,0.5,6,2,40,296
2169,179,1973,353167,40,297,353161,353173,12,0.5,0.16666666666666666,4,1,0.6666666666666666,0.13636363636363635,6,22,40,297
2170,179,1979,354241,40,298,354209,354247,38,0.8421052631578947,0.15789473684210525,4,1,0.6666666666666666,0.6666666666666666,6,6,40,298
2171,179,1987,355673,40,299,355669,355679,10,0.4,0.4,4,0,0.6666666666666666,0.25,6,8,40,299
2172,179,1993,356747,40,300,356737,356749,12,0.8333333333333334,0.16666666666666666,4,1,0.6666666666666666,0.6666666666666666,6,6,40,300
2173,179,1997,357463,40,301,357437,357473,36,0.7222222222222222,0.05555555555555555,4,1,0.6666666666666666,0.25,6,4,40,301
2174,179,1999,357821,40,302,357817,357823,6,0.6666666666666666,0.16666666666666666,4,1,0.6666666666666666,0.5,6,2,40,302
2175,179,2003,358537,40,303,358531,358541,10,0.6,0.4,4,1,0.6666666666666666,0.5,6,4,40,303
2176,181,1009,182629,41,168,182627,182639,12,0.16666666666666666,0.16666666666666666,4,0,0.5,0.08333333333333333,2,12,41,168
2177,181,1013,183353,41,169,183349,183361,12,0.3333333333333333,0.3333333333333333,4,0,0.5,0.5,2,4,41,169
2178,181,1019,184439,41,170,184417,184441,24,0.9166666666666666,0.16666666666666666,4,1,0.5,0.8333333333333334,2,6,41,170
2179,181,1021,184801,41,171,184777,184823,46,0.5217391304347826,0.08695652173913043,4,1,0.5,0.5,2,2,41,171
2180,181,1031,186611,41,172,186601,186619,18,0.5555555555555556,0.1111111111111111,4,1,0.5,0.6,2,10,41,172
2181,181,1033,186973,41,173,186959,187003,44,0.3181818181818182,0.06818181818181818,4,1,0.5,0.5,2,2,41,173
2182,181,1039,188059,41,174,188029,188107,78,0.38461538461538464,0.05128205128205128,4,1,0.5,0.6666666666666666,2,6,41,174
2183,181,1049,189869,41,175,189859,189877,18,0.5555555555555556,0.2222222222222222,4,1,0.5,0.2,2,10,41,175
2184,181,1051,190231,41,176,190207,190243,36,0.6666666666666666,0.19444444444444445,4,1,0.5,0.5,2,2,41,176
2185,181,1061,192041,41,177,192037,192043,6,0.6666666666666666,0.3333333333333333,4,1,0.5,0.4,2,10,41,177
2186,181,1063,192403,41,178,192391,192407,16,0.75,0.375,4,1,0.5,0.5,2,2,41,178
2187,181,1069,193489,41,179,193469,193493,24,0.8333333333333334,0.20833333333333334,4,1,0.5,0.6666666666666666,2,6,41,179
2188,181,1087,196747,41,180,196739,196751,12,0.6666666666666666,0.3333333333333333,4,1,0.5,0.2222222222222222,2,18,41,180
2189,181,1091,197471,41,181,197453,197479,26,0.6923076923076923,0.19230769230769232,4,1,0.5,0.75,2,4,41,181
2190,181,1093,197833,41,182,197831,197837,6,0.3333333333333333,0.3333333333333333,4,0,0.5,0.5,2,2,41,182
2191,181,1097,198557,41,183,198553,198571,18,0.2222222222222222,0.05555555555555555,4,1,0.5,0.25,2,4,41,183
2192,181,1103,199643,41,184,199637,199657,20,0.3,0.1,4,1,0.5,0.3333333333333333,2,6,41,184
2193,181,1109,200729,41,185,200723,200731,8,0.75,0.375,4,1,0.5,0.8333333333333334,2,6,41,185
2194,181,1117,202177,41,186,202129,202183,54,0.8888888888888888,0.07407407407407407,4,1,0.5,0.25,2,8,41,186
2195,181,1123,203263,41,187,203249,203279,30,0.4666666666666667,0.06666666666666667,4,1,0.5,0.3333333333333333,2,6,41,187
2196,181,1129,204349,41,188,204331,204353,22,0.8181818181818182,0.09090909090909091,4,1,0.5,0.5,2,6,41,188
2197,181,1151,208331,41,189,208319,208333,14,0.8571428571428571,0.14285714285714285,4,1,0.5,0.18181818181818182,2,22,41,189
2198,181,1153,208693,41,190,208687,208697,10,0.6,0.6,4,0,0.5,0.5,2,2,41,190
2199,181,1163,210503,41,191,210499,210523,24,0.16666666666666666,0.125,4,1,0.5,0.1,2,10,41,191
2200,181,1171,211951,41,192,211949,211969,20,0.1,0.1,4,0,0.5,0.25,2,8,41,192
2201,181,1181,213761,41,193,213751,213791,40,0.25,0.075,4,1,0.5,0.3,2,10,41,193
2202,181,1187,214847,41,194,214831,214849,18,0.8888888888888888,0.2222222222222222,4,1,0.5,0.8333333333333334,2,6,41,194
2203,181,1193,215933,41,195,215927,215939,12,0.5,0.5,4,0,0.5,0.3333333333333333,2,6,41,195
2204,181,1201,217381,41,196,217369,217387,18,0.6666666666666666,0.6666666666666666,4,0,0.5,0.25,2,8,41,196
2205,181,1213,219553,41,197,219547,219577,30,0.2,0.13333333333333333,4,1,0.5,0.08333333333333333,2,12,41,197
2206,181,1217,220277,41,198,220243,220279,36,0.9444444444444444,0.1111111111111111,4,1,0.5,0.25,2,4,41,198
2207,181,1223,221363,41,199,221327,221393,66,0.5454545454545454,0.030303030303030304,4,1,0.5,0.3333333333333333,2,6,41,199
2208,181,1229,222449,41,200,222437,222461,24,0.5,0.4166666666666667,4,1,0.5,0.5,2,6,41,200
2209,181,1231,222811,41,201,222799,222823,24,0.5,0.4166666666666667,4,1,0.5,0.5,2,2,41,201
2210,181,1237,223897,41,202,223849,223903,54,0.8888888888888888,0.1111111111111111,4,1,0.5,0.5,2,6,41,202
2211,181,1249,226069,41,203,226063,226087,24,0.25,0.16666666666666666,4,1,0.5,0.08333333333333333,2,12,41,203
2212,181,1259,227879,41,204,227873,227893,20,0.3,0.3,4,0,0.5,0.4,2,10,41,204
2213,181,1277,231137,41,205,231131,231169,38,0.15789473684210525,0.15789473684210525,4,0,0.5,0.1111111111111111,2,18,41,205
2214,181,1279,231499,41,206,231493,231503,10,0.6,0.4,4,1,0.5,0.5,2,2,41,206
2215,181,1283,232223,41,207,232217,232259,42,0.14285714285714285,0.047619047619047616,4,1,0.5,0.75,2,4,41,207
2216,181,1289,233309,41,208,233297,233323,26,0.46153846153846156,0.23076923076923078,4,1,0.5,0.3333333333333333,2,6,41,208
2217,181,1291,233671,41,209,233669,233683,14,0.14285714285714285,0.14285714285714285,4,0,0.5,0.5,2,2,41,209
2218,181,1297,234757,41,210,234749,234769,20,0.4,0.1,4,1,0.5,0.3333333333333333,2,6,41,210
2219,181,1301,235481,41,211,235447,235483,36,0.9444444444444444,0.16666666666666666,4,1,0.5,0.5,2,4,41,211
2220,181,1303,235843,41,212,235813,235849,36,0.8333333333333334,0.1111111111111111,4,1,0.5,0.5,2,2,41,212
2221,181,1307,236567,41,213,236563,236573,10,0.4,0.4,4,0,0.5,0.75,2,4,41,213
2222,181,1319,238739,41,214,238729,238747,18,0.5555555555555556,0.4444444444444444,4,1,0.5,0.5,2,12,41,214
2223,181,1321,239101,41,215,239087,239119,32,0.4375,0.0625,4,1,0.5,0.5,2,2,41,215
2224,181,1327,240187,41,216,240173,240197,24,0.5833333333333334,0.25,4,1,0.5,0.16666666666666666,2,6,41,216
2225,181,1361,246341,41,217,246329,246343,14,0.8571428571428571,0.14285714285714285,4,1,0.5,0.058823529411764705,2,34,41,217
2226,181,1367,247427,41,218,247421,247433,12,0.5,0.5,4,0,0.5,0.3333333333333333,2,6,41,218
2227,181,1373,248513,41,219,248509,248533,24,0.16666666666666666,0.08333333333333333,4,1,0.5,0.3333333333333333,2,6,41,219
2228,181,1381,249961,41,220,249947,249967,20,0.7,0.4,4,1,0.5,0.75,2,8,41,220
2229,181,1399,253219,41,221,253159,253229,70,0.8571428571428571,0.05714285714285714,4,1,0.5,0.05555555555555555,2,18,41,221
2230,181,1409,255029,41,222,255023,255043,20,0.3,0.2,4,1,0.5,0.2,2,10,41,222
2231,181,1423,257563,41,223,257561,257591,30,0.06666666666666667,0.06666666666666667,4,0,0.5,0.14285714285714285,2,14,41,223
2232,181,1427,258287,41,224,258283,258299,16,0.25,0.25,4,0,0.5,0.75,2,4,41,224
2233,181,1429,258649,41,225,258637,258659,22,0.5454545454545454,0.18181818181818182,4,1,0.5,0.5,2,2,41,225
2234,181,1433,259373,41,226,259339,259379,40,0.85,0.075,4,1,0.5,0.5,2,4,41,226
2235,181,1439,260459,41,227,260453,260461,8,0.75,0.75,4,0,0.5,0.6666666666666666,2,6,41,227
2236,181,1447,261907,41,228,261887,261917,30,0.6666666666666666,0.06666666666666667,4,1,0.5,0.25,2,8,41,228
2237,181,1451,262631,41,229,262627,262643,16,0.25,0.25,4,0,0.5,0.25,2,4,41,229
2238,181,1453,262993,41,230,262981,263009,28,0.42857142857142855,0.21428571428571427,4,1,0.5,0.5,2,2,41,230
2239,181,1459,264079,41,231,264071,264083,12,0.6666666666666666,0.16666666666666666,4,1,0.5,0.16666666666666666,2,6,41,231
2240,181,1471,266251,41,232,266239,266261,22,0.5454545454545454,0.09090909090909091,4,1,0.5,0.16666666666666666,2,12,41,232
2241,181,1481,268061,41,233,268049,268063,14,0.8571428571428571,0.42857142857142855,4,1,0.5,0.2,2,10,41,233
2242,181,1483,268423,41,234,268403,268439,36,0.5555555555555556,0.05555555555555555,4,1,0.5,0.5,2,2,41,234
2243,181,1487,269147,41,235,269141,269167,26,0.23076923076923078,0.07692307692307693,4,1,0.5,0.75,2,4,41,235
2244,181,1489,269509,41,236,269473,269513,40,0.9,0.225,4,1,0.5,0.5,2,2,41,236
2245,181,1493,270233,41,237,270229,270239,10,0.4,0.4,4,0,0.5,0.75,2,4,41,237
2246,181,1499,271319,41,238,271289,271333,44,0.6818181818181818,0.045454545454545456,4,1,0.5,0.6666666666666666,2,6,41,238
2247,181,1511,273491,41,239,273473,273503,30,0.6,0.13333333333333333,4,1,0.5,0.16666666666666666,2,12,41,239
2248,181,1523,275663,41,240,275657,275669,12,0.5,0.16666666666666666,4,1,0.5,0.16666666666666666,2,12,41,240
2249,181,1531,277111,41,241,277099,277157,58,0.20689655172413793,0.06896551724137931,4,1,0.5,0.5,2,8,41,241
2250,181,1543,279283,41,242,279269,279311,42,0.3333333333333333,0.047619047619047616,4,1,0.5,0.3333333333333333,2,12,41,242
2251,181,1549,280369,41,243,280351,280373,22,0.8181818181818182,0.13636363636363635,4,1,0.5,0.5,2,6,41,243
2252,181,1553,281093,41,244,281081,281117,36,0.3333333333333333,0.16666666666666666,4,1,0.5,0.5,2,4,41,244
2253,181,1559,282179,41,245,282167,282221,54,0.2222222222222222,0.037037037037037035,4,1,0.5,0.3333333333333333,2,6,41,245
2254,181,1567,283627,41,246,283609,283631,22,0.8181818181818182,0.5454545454545454,4,1,0.5,0.25,2,8,41,246
2255,181,1571,284351,41,247,284341,284357,16,0.625,0.125,4,1,0.5,0.5,2,4,41,247
2256,181,1579,285799,41,248,285781,285823,42,0.42857142857142855,0.047619047619047616,4,1,0.5,0.375,2,8,41,248
2257,181,1583,286523,41,249,286519,286541,22,0.18181818181818182,0.09090909090909091,4,1,0.5,0.5,2,4,41,249
2258,181,1597,289057,41,250,289049,289063,14,0.5714285714285714,0.5714285714285714,4,0,0.5,0.14285714285714285,2,14,41,250
2259,181,1601,289781,41,251,289771,289789,18,0.5555555555555556,0.16666666666666666,4,1,0.5,0.25,2,4,41,251
2260,181,1607,290867,41,252,290861,290869,8,0.75,0.25,4,1,0.5,0.3333333333333333,2,6,41,252
2261,181,1609,291229,41,253,291217,291253,36,0.3333333333333333,0.05555555555555555,4,1,0.5,0.5,2,2,41,253
2262,181,1613,291953,41,254,291923,291971,48,0.625,0.0625,4,1,0.5,0.5,2,4,41,254
2263,181,1619,293039,41,255,293021,293071,50,0.36,0.04,4,1,0.5,0.8333333333333334,2,6,41,255
2264,181,1621,293401,41,256,293399,293413,14,0.14285714285714285,0.14285714285714285,4,0,0.5,0.5,2,2,41,256
2265,181,1627,294487,41,257,294479,294499,20,0.4,0.3,4,1,0.5,0.16666666666666666,2,6,41,257
2266,181,1637,296297,41,258,296287,296299,12,0.8333333333333334,0.3333333333333333,4,1,0.5,0.4,2,10,41,258
2267,181,1657,299917,41,259,299909,299933,24,0.3333333333333333,0.08333333333333333,4,1,0.5,0.1,2,20,41,259
2268,181,1663,301003,41,260,300997,301013,16,0.375,0.125,4,1,0.5,0.16666666666666666,2,6,41,260
2269,181,1667,301727,41,261,301711,301747,36,0.4444444444444444,0.1111111111111111,4,1,0.5,0.5,2,4,41,261
2270,181,1669,302089,41,262,302053,302111,58,0.6206896551724138,0.017241379310344827,4,1,0.5,0.5,2,2,41,262
2271,181,1693,306433,41,263,306431,306437,6,0.3333333333333333,0.3333333333333333,4,0,0.5,0.5,2,24,41,263
2272,181,1697,307157,41,264,307147,307163,16,0.625,0.25,4,1,0.5,0.5,2,4,41,264
2273,181,1699,307519,41,265,307511,307523,12,0.6666666666666666,0.16666666666666666,4,1,0.5,0.5,2,2,41,265
2274,181,1709,309329,41,266,309317,309359,42,0.2857142857142857,0.047619047619047616,4,1,0.5,0.4,2,10,41,266
2275,181,1721,311501,41,267,311473,311533,60,0.4666666666666667,0.1,4,1,0.5,0.16666666666666666,2,12,41,267
2276,181,1723,311863,41,268,311827,311867,40,0.9,0.15,4,1,0.5,0.5,2,2,41,268
2277,181,1733,313673,41,269,313669,313679,10,0.4,0.4,4,0,0.5,0.3,2,10,41,269
2278,181,1741,315121,41,270,315109,315127,18,0.6666666666666666,0.1111111111111111,4,1,0.5,0.25,2,8,41,270
2279,181,1747,316207,41,271,316201,316213,12,0.5,0.16666666666666666,4,1,0.5,0.6666666666666666,2,6,41,271
2280,181,1753,317293,41,272,317279,317321,42,0.3333333333333333,0.047619047619047616,4,1,0.5,0.6666666666666666,2,6,41,272
2281,181,1759,318379,41,273,318377,318403,26,0.07692307692307693,0.07692307692307693,4,0,0.5,0.16666666666666666,2,6,41,273
2282,181,1777,321637,41,274,321631,321647,16,0.375,0.1875,4,1,0.5,0.1111111111111111,2,18,41,274
2283,181,1783,322723,41,275,322709,322727,18,0.7777777777777778,0.4444444444444444,4,1,0.5,0.3333333333333333,2,6,41,275
2284,181,1787,323447,41,276,323443,323467,24,0.16666666666666666,0.16666666666666666,4,0,0.5,0.25,2,4,41,276
2285,181,1789,323809,41,277,323803,323819,16,0.375,0.25,4,1,0.5,0.5,2,2,41,277
2286,181,1801,325981,41,278,325957,325987,30,0.8,0.13333333333333333,4,1,0.5,0.3333333333333333,2,12,41,278
2287,181,1811,327791,41,279,327779,327797,18,0.6666666666666666,0.1111111111111111,4,1,0.5,0.2,2,10,41,279
2288,181,1823,329963,41,280,329957,329969,12,0.5,0.16666666666666666,4,1,0.5,0.25,2,12,41,280
2289,181,1831,331411,41,281,331399,331423,24,0.5,0.125,4,1,0.5,0.75,2,8,41,281
2290,181,1847,334307,41,282,334297,334319,22,0.45454545454545453,0.045454545454545456,4,1,0.5,0.25,2,16,41,282
2291,181,1861,336841,41,283,336829,336857,28,0.42857142857142855,0.14285714285714285,4,1,0.5,0.14285714285714285,2,14,41,283
2292,181,1867,337927,41,284,337919,337949,30,0.26666666666666666,0.06666666666666667,4,1,0.5,0.6666666666666666,2,6,41,284
2293,181,1871,338651,41,285,338609,338659,50,0.84,0.1,4,1,0.5,0.25,2,4,41,285
2294,181,1873,339013,41,286,338999,339023,24,0.5833333333333334,0.125,4,1,0.5,0.5,2,2,41,286
2295,181,1877,339737,41,287,339727,339749,22,0.45454545454545453,0.18181818181818182,4,1,0.5,0.25,2,4,41,287
2296,181,1879,340099,41,288,340079,340103,24,0.8333333333333334,0.4166666666666667,4,1,0.5,0.5,2,2,41,288
2297,181,1889,341909,41,289,341879,341911,32,0.9375,0.0625,4,1,0.5,0.3,2,10,41,289
2298,181,1901,344081,41,290,344053,344083,30,0.9333333333333333,0.03333333333333333,4,1,0.5,0.16666666666666666,2,12,41,290
2299,181,1907,345167,41,291,345143,345181,38,0.631578947368421,0.05263157894736842,4,1,0.5,0.3333333333333333,2,6,41,291
2300,181,1913,346253,41,292,346223,346259,36,0.8333333333333334,0.16666666666666666,4,1,0.5,0.3333333333333333,2,6,41,292
2301,181,1931,349511,41,293,349507,349519,12,0.3333333333333333,0.3333333333333333,4,0,0.5,0.1111111111111111,2,18,41,293
2302,181,1933,349873,41,294,349871,349903,32,0.0625,0.0625,4,0,0.5,0.5,2,2,41,294
2303,181,1949,352769,41,295,352757,352771,14,0.8571428571428571,0.14285714285714285,4,1,0.5,0.0625,2,16,41,295
2304,181,1951,353131,41,296,353123,353137,14,0.5714285714285714,0.2857142857142857,4,1,0.5,0.5,2,2,41,296
2305,181,1973,357113,41,297,357109,357131,22,0.18181818181818182,0.18181818181818182,4,0,0.5,0.13636363636363635,2,22,41,297
2306,181,1979,358199,41,298,358181,358201,20,0.9,0.1,4,1,0.5,0.6666666666666666,2,6,41,298
2307,181,1987,359647,41,299,359641,359657,16,0.375,0.0625,4,1,0.5,0.25,2,8,41,299
2308,181,1993,360733,41,300,360653,360749,96,0.8333333333333334,0.0625,4,1,0.5,0.6666666666666666,2,6,41,300
2309,181,1997,361457,41,301,361451,361463,12,0.5,0.16666666666666666,4,1,0.5,0.25,2,4,41,301
2310,181,1999,361819,41,302,361807,361843,36,0.3333333333333333,0.1111111111111111,4,1,0.5,0.5,2,2,41,302
2311,181,2003,362543,41,303,362521,362561,40,0.55,0.15,4,1,0.5,0.5,2,4,41,303
2312,191,1009,192719,42,168,192697,192737,40,0.55,0.6,3,-1,0.2,0.08333333333333333,10,12,42,168
2313,191,1013,193483,42,169,193469,193493,24,0.5833333333333334,0.20833333333333334,4,1,0.2,0.5,10,4,42,169
2314,191,1019,194629,42,170,194609,194647,38,0.5263157894736842,0.05263157894736842,4,1,0.2,0.8333333333333334,10,6,42,170
2315,191,1021,195011,42,171,194989,195023,34,0.6470588235294118,0.058823529411764705,4,1,0.2,0.5,10,2,42,171
2316,191,1031,196921,42,172,196919,196927,8,0.25,0.25,4,0,0.2,0.6,10,10,42,172
2317,191,1033,197303,42,173,197299,197311,12,0.3333333333333333,0.3333333333333333,4,0,0.2,0.5,10,2,42,173
2318,191,1039,198449,42,174,198439,198461,22,0.45454545454545453,0.18181818181818182,4,1,0.2,0.6666666666666666,10,6,42,174
2319,191,1049,200359,42,175,200357,200363,6,0.3333333333333333,0.3333333333333333,4,0,0.2,0.2,10,10,42,175
2320,191,1051,200741,42,176,200731,200771,40,0.25,0.15,4,1,0.2,0.5,10,2,42,176
2321,191,1061,202651,42,177,202639,202661,22,0.5454545454545454,0.09090909090909091,4,1,0.2,0.4,10,10,42,177
2322,191,1063,203033,42,178,203023,203039,16,0.625,0.1875,4,1,0.2,0.5,10,2,42,178
2323,191,1069,204179,42,179,204173,204233,60,0.1,0.06666666666666667,4,1,0.2,0.6666666666666666,10,6,42,179
2324,191,1087,207617,42,180,207593,207619,26,0.9230769230769231,0.07692307692307693,4,1,0.2,0.2222222222222222,10,18,42,180
2325,191,1091,208381,42,181,208379,208387,8,0.25,0.25,4,0,0.2,0.75,10,4,42,181
2326,191,1093,208763,42,182,208759,208787,28,0.14285714285714285,0.10714285714285714,4,1,0.2,0.5,10,2,42,182
2327,191,1097,209527,42,183,209519,209533,14,0.5714285714285714,0.21428571428571427,4,1,0.2,0.25,10,4,42,183
2328,191,1103,210673,42,184,210671,210709,38,0.05263157894736842,0.05263157894736842,4,0,0.2,0.3333333333333333,10,6,42,184
2329,191,1109,211819,42,185,211817,211859,42,0.047619047619047616,0.047619047619047616,4,0,0.2,0.8333333333333334,10,6,42,185
2330,191,1117,213347,42,186,213337,213349,12,0.8333333333333334,0.08333333333333333,4,1,0.2,0.25,10,8,42,186
2331,191,1123,214493,42,187,214483,214499,16,0.625,0.1875,4,1,0.2,0.3333333333333333,10,6,42,187
2332,191,1129,215639,42,188,215617,215653,36,0.6111111111111112,0.1111111111111111,4,1,0.2,0.5,10,6,42,188
2333,191,1151,219841,42,189,219839,219847,8,0.25,0.25,4,0,0.2,0.18181818181818182,10,22,42,189
2334,191,1153,220223,42,190,220217,220243,26,0.23076923076923078,0.07692307692307693,4,1,0.2,0.5,10,2,42,190
2335,191,1163,222133,42,191,222127,222137,10,0.6,0.6,4,0,0.2,0.1,10,10,42,191
2336,191,1171,223661,42,192,223637,223667,30,0.8,0.06666666666666667,4,1,0.2,0.25,10,8,42,192
2337,191,1181,225571,42,193,225569,225581,12,0.16666666666666666,0.16666666666666666,4,0,0.2,0.3,10,10,42,193
2338,191,1187,226717,42,194,226697,226741,44,0.45454545454545453,0.18181818181818182,4,1,0.2,0.8333333333333334,10,6,42,194
2339,191,1193,227863,42,195,227849,227869,20,0.7,0.6,4,1,0.2,0.3333333333333333,10,6,42,195
2340,191,1201,229391,42,196,229373,229393,20,0.9,0.25,4,1,0.2,0.25,10,8,42,196
2341,191,1213,231683,42,197,231677,231701,24,0.25,0.25,4,0,0.2,0.08333333333333333,10,12,42,197
2342,191,1217,232447,42,198,232439,232451,12,0.6666666666666666,0.5,4,1,0.2,0.25,10,4,42,198
2343,191,1223,233593,42,199,233591,233599,8,0.25,0.25,4,0,0.2,0.3333333333333333,10,6,42,199
2344,191,1229,234739,42,200,234733,234743,10,0.6,0.6,4,0,0.2,0.5,10,6,42,200
2345,191,1231,235121,42,201,235117,235159,42,0.09523809523809523,0.09523809523809523,4,0,0.2,0.5,10,2,42,201
2346,191,1237,236267,42,202,236261,236287,26,0.23076923076923078,0.07692307692307693,4,1,0.2,0.5,10,6,42,202
2347,191,1249,238559,42,203,238547,238573,26,0.46153846153846156,0.07692307692307693,4,1,0.2,0.08333333333333333,10,12,42,203
2348,191,1259,240469,42,204,240437,240473,36,0.8888888888888888,0.05555555555555555,4,1,0.2,0.4,10,10,42,204
2349,191,1277,243907,42,205,243889,243911,22,0.8181818181818182,0.2727272727272727,4,1,0.2,0.1111111111111111,10,18,42,205
2350,191,1279,244289,42,206,244261,244291,30,0.9333333333333333,0.03333333333333333,4,1,0.2,0.5,10,2,42,206
2351,191,1283,245053,42,207,245039,245071,32,0.4375,0.0625,4,1,0.2,0.75,10,4,42,207
2352,191,1289,246199,42,208,246193,246203,10,0.6,0.4,4,1,0.2,0.3333333333333333,10,6,42,208
2353,191,1291,246581,42,209,246577,246599,22,0.18181818181818182,0.045454545454545456,4,1,0.2,0.5,10,2,42,209
2354,191,1297,247727,42,210,247717,247729,12,0.8333333333333334,0.75,4,1,0.2,0.3333333333333333,10,6,42,210
2355,191,1301,248491,42,211,248483,248509,26,0.3076923076923077,0.07692307692307693,4,1,0.2,0.5,10,4,42,211
2356,191,1303,248873,42,212,248869,248879,10,0.4,0.4,4,0,0.2,0.5,10,2,42,212
2357,191,1307,249637,42,213,249607,249647,40,0.75,0.05,4,1,0.2,0.75,10,4,42,213
2358,191,1319,251929,42,214,251917,251939,22,0.5454545454545454,0.045454545454545456,4,1,0.2,0.5,10,12,42,214
2359,191,1321,252311,42,215,252293,252313,20,0.9,0.1,4,1,0.2,0.5,10,2,42,215
2360,191,1327,253457,42,216,253447,253469,22,0.45454545454545453,0.18181818181818182,4,1,0.2,0.16666666666666666,10,6,42,216
2361,191,1361,259951,42,217,259949,259967,18,0.1111111111111111,0.1111111111111111,4,0,0.2,0.058823529411764705,10,34,42,217
2362,191,1367,261097,42,218,261089,261101,12,0.6666666666666666,0.16666666666666666,4,1,0.2,0.3333333333333333,10,6,42,218
2363,191,1373,262243,42,219,262237,262253,16,0.375,0.25,4,1,0.2,0.3333333333333333,10,6,42,219
2364,191,1381,263771,42,220,263761,263803,42,0.23809523809523808,0.23809523809523808,4,0,0.2,0.75,10,8,42,220
2365,191,1399,267209,42,221,267203,267217,14,0.42857142857142855,0.14285714285714285,4,1,0.2,0.05555555555555555,10,18,42,221
2366,191,1409,269119,42,222,269117,269131,14,0.14285714285714285,0.14285714285714285,4,0,0.2,0.2,10,10,42,222
2367,191,1423,271793,42,223,271787,271807,20,0.3,0.3,4,0,0.2,0.14285714285714285,10,14,42,223
2368,191,1427,272557,42,224,272549,272563,14,0.5714285714285714,0.14285714285714285,4,1,0.2,0.75,10,4,42,224
2369,191,1429,272939,42,225,272933,272959,26,0.23076923076923078,0.23076923076923078,4,0,0.2,0.5,10,2,42,225
2370,191,1433,273703,42,226,273697,273709,12,0.5,0.08333333333333333,4,1,0.2,0.5,10,4,42,226
2371,191,1439,274849,42,227,274847,274853,6,0.3333333333333333,0.3333333333333333,4,0,0.2,0.6666666666666666,10,6,42,227
2372,191,1447,276377,42,228,276373,276389,16,0.25,0.25,4,0,0.2,0.25,10,8,42,228
2373,191,1451,277141,42,229,277099,277157,58,0.7241379310344828,0.06896551724137931,4,1,0.2,0.25,10,4,42,229
2374,191,1453,277523,42,230,277513,277531,18,0.5555555555555556,0.2222222222222222,4,1,0.2,0.5,10,2,42,230
2375,191,1459,278669,42,231,278651,278671,20,0.9,0.1,4,1,0.2,0.16666666666666666,10,6,42,231
2376,191,1471,280961,42,232,280957,280963,6,0.6666666666666666,0.6666666666666666,4,0,0.2,0.16666666666666666,10,12,42,232
2377,191,1481,282871,42,233,282869,282881,12,0.16666666666666666,0.16666666666666666,4,0,0.2,0.2,10,10,42,233
2378,191,1483,283253,42,234,283211,283267,56,0.75,0.03571428571428571,4,1,0.2,0.5,10,2,42,234
2379,191,1487,284017,42,235,284003,284023,20,0.7,0.3,4,1,0.2,0.75,10,4,42,235
2380,191,1489,284399,42,236,284387,284407,20,0.6,0.1,4,1,0.2,0.5,10,2,42,236
2381,191,1493,285163,42,237,285161,285179,18,0.1111111111111111,0.1111111111111111,4,0,0.2,0.75,10,4,42,237
2382,191,1499,286309,42,238,286301,286333,32,0.25,0.0625,4,1,0.2,0.6666666666666666,10,6,42,238
2383,191,1511,288601,42,239,288583,288647,64,0.28125,0.09375,4,1,0.2,0.16666666666666666,10,12,42,239
2384,191,1523,290893,42,240,290879,290897,18,0.7777777777777778,0.1111111111111111,4,1,0.2,0.16666666666666666,10,12,42,240
2385,191,1531,292421,42,241,292393,292427,34,0.8235294117647058,0.029411764705882353,4,1,0.2,0.5,10,8,42,241
2386,191,1543,294713,42,242,294703,294731,28,0.35714285714285715,0.10714285714285714,4,1,0.2,0.3333333333333333,10,12,42,242
2387,191,1549,295859,42,243,295853,295861,8,0.75,0.75,4,0,0.2,0.5,10,6,42,243
2388,191,1553,296623,42,244,296591,296627,36,0.8888888888888888,0.2777777777777778,4,1,0.2,0.5,10,4,42,244
2389,191,1559,297769,42,245,297757,297779,22,0.5454545454545454,0.18181818181818182,4,1,0.2,0.3333333333333333,10,6,42,245
2390,191,1567,299297,42,246,299287,299311,24,0.4166666666666667,0.16666666666666666,4,1,0.2,0.25,10,8,42,246
2391,191,1571,300061,42,247,300043,300073,30,0.6,0.13333333333333333,4,1,0.2,0.5,10,4,42,247
2392,191,1579,301589,42,248,301583,301591,8,0.75,0.25,4,1,0.2,0.375,10,8,42,248
2393,191,1583,302353,42,249,302329,302399,70,0.34285714285714286,0.12857142857142856,4,1,0.2,0.5,10,4,42,249
2394,191,1597,305027,42,250,305023,305029,6,0.6666666666666666,0.6666666666666666,4,0,0.2,0.14285714285714285,10,14,42,250
2395,191,1601,305791,42,251,305783,305803,20,0.4,0.2,4,1,0.2,0.25,10,4,42,251
2396,191,1607,306937,42,252,306919,306941,22,0.8181818181818182,0.18181818181818182,4,1,0.2,0.3333333333333333,10,6,42,252
2397,191,1609,307319,42,253,307301,307337,36,0.5,0.2222222222222222,4,1,0.2,0.5,10,2,42,253
2398,191,1613,308083,42,254,308081,308093,12,0.16666666666666666,0.16666666666666666,4,0,0.2,0.5,10,4,42,254
2399,191,1619,309229,42,255,309223,309241,18,0.3333333333333333,0.16666666666666666,4,1,0.2,0.8333333333333334,10,6,42,255
2400,191,1621,309611,42,256,309599,309623,24,0.5,0.08333333333333333,4,1,0.2,0.5,10,2,42,256
2401,191,1627,310757,42,257,310747,310771,24,0.4166666666666667,0.08333333333333333,4,1,0.2,0.16666666666666666,10,6,42,257
2402,191,1637,312667,42,258,312643,312673,30,0.8,0.2,4,1,0.2,0.4,10,10,42,258
2403,191,1657,316487,42,259,316471,316493,22,0.7272727272727273,0.09090909090909091,4,1,0.2,0.1,10,20,42,259
2404,191,1663,317633,42,260,317621,317651,30,0.4,0.4,4,0,0.2,0.16666666666666666,10,6,42,260
2405,191,1667,318397,42,261,318377,318403,26,0.7692307692307693,0.07692307692307693,4,1,0.2,0.5,10,4,42,261
2406,191,1669,318779,42,262,318751,318781,30,0.9333333333333333,0.2,4,1,0.2,0.5,10,2,42,262
2407,191,1693,323363,42,263,323359,323369,10,0.4,0.4,4,0,0.2,0.5,10,24,42,263
2408,191,1697,324127,42,264,324119,324131,12,0.6666666666666666,0.3333333333333333,4,1,0.2,0.5,10,4,42,264
2409,191,1699,324509,42,265,324503,324517,14,0.42857142857142855,0.14285714285714285,4,1,0.2,0.5,10,2,42,265
2410,191,1709,326419,42,266,326369,326437,68,0.7352941176470589,0.029411764705882353,4,1,0.2,0.4,10,10,42,266
2411,191,1721,328711,42,267,328709,328721,12,0.16666666666666666,0.16666666666666666,4,0,0.2,0.16666666666666666,10,12,42,267
2412,191,1723,329093,42,268,329089,329101,12,0.3333333333333333,0.3333333333333333,4,0,0.2,0.5,10,2,42,268
2413,191,1733,331003,42,269,330997,331013,16,0.375,0.25,4,1,0.2,0.3,10,10,42,269
2414,191,1741,332531,42,270,332513,332561,48,0.375,0.10416666666666667,4,1,0.2,0.25,10,8,42,270
2415,191,1747,333677,42,271,333673,333679,6,0.6666666666666666,0.6666666666666666,4,0,0.2,0.6666666666666666,10,6,42,271
2416,191,1753,334823,42,272,334793,334843,50,0.6,0.04,4,1,0.2,0.6666666666666666,10,6,42,272
2417,191,1759,335969,42,273,335957,335999,42,0.2857142857142857,0.14285714285714285,4,1,0.2,0.16666666666666666,10,6,42,273
2418,191,1777,339407,42,274,339389,339413,24,0.75,0.08333333333333333,4,1,0.2,0.1111111111111111,10,18,42,274
2419,191,1783,340553,42,275,340541,340559,18,0.6666666666666666,0.1111111111111111,4,1,0.2,0.3333333333333333,10,6,42,275
2420,191,1787,341317,42,276,341311,341321,10,0.6,0.6,4,0,0.2,0.25,10,4,42,276
2421,191,1789,341699,42,277,341687,341701,14,0.8571428571428571,0.14285714285714285,4,1,0.2,0.5,10,2,42,277
2422,191,1801,343991,42,278,343963,343997,34,0.8235294117647058,0.11764705882352941,4,1,0.2,0.3333333333333333,10,12,42,278
2423,191,1811,345901,42,279,345889,345907,18,0.6666666666666666,0.2222222222222222,4,1,0.2,0.2,10,10,42,279
2424,191,1823,348193,42,280,348191,348209,18,0.1111111111111111,0.1111111111111111,4,0,0.2,0.25,10,12,42,280
2425,191,1831,349721,42,281,349717,349729,12,0.3333333333333333,0.08333333333333333,4,1,0.2,0.75,10,8,42,281
2426,191,1847,352777,42,282,352771,352813,42,0.14285714285714285,0.14285714285714285,4,0,0.2,0.25,10,16,42,282
2427,191,1861,355451,42,283,355441,355457,16,0.625,0.25,4,1,0.2,0.14285714285714285,10,14,42,283
2428,191,1867,356597,42,284,356591,356621,30,0.2,0.06666666666666667,4,1,0.2,0.6666666666666666,10,6,42,284
2429,191,1871,357361,42,285,357359,357377,18,0.1111111111111111,0.1111111111111111,4,0,0.2,0.25,10,4,42,285
2430,191,1873,357743,42,286,357739,357767,28,0.14285714285714285,0.14285714285714285,4,0,0.2,0.5,10,2,42,286
2431,191,1877,358507,42,287,358499,358531,32,0.25,0.25,4,0,0.2,0.25,10,4,42,287
2432,191,1879,358889,42,288,358879,358901,22,0.45454545454545453,0.09090909090909091,4,1,0.2,0.5,10,2,42,288
2433,191,1889,360799,42,289,360781,360803,22,0.8181818181818182,0.045454545454545456,4,1,0.2,0.3,10,10,42,289
2434,191,1901,363091,42,290,363067,363119,52,0.46153846153846156,0.11538461538461539,4,1,0.2,0.16666666666666666,10,12,42,290
2435,191,1907,364237,42,291,364223,364241,18,0.7777777777777778,0.3333333333333333,4,1,0.2,0.3333333333333333,10,6,42,291
2436,191,1913,365383,42,292,365377,365411,34,0.17647058823529413,0.11764705882352941,4,1,0.2,0.3333333333333333,10,6,42,292
2437,191,1931,368821,42,293,368803,368833,30,0.6,0.13333333333333333,4,1,0.2,0.1111111111111111,10,18,42,293
2438,191,1933,369203,42,294,369197,369211,14,0.42857142857142855,0.42857142857142855,4,0,0.2,0.5,10,2,42,294
2439,191,1949,372259,42,295,372241,372263,22,0.8181818181818182,0.18181818181818182,4,1,0.2,0.0625,10,16,42,295
2440,191,1951,372641,42,296,372637,372653,16,0.25,0.125,4,1,0.2,0.5,10,2,42,296
2441,191,1973,376843,42,297,376841,376847,6,0.3333333333333333,0.3333333333333333,4,0,0.2,0.13636363636363635,10,22,42,297
2442,191,1979,377989,42,298,377981,377999,18,0.4444444444444444,0.3333333333333333,4,1,0.2,0.6666666666666666,10,6,42,298
2443,191,1987,379517,42,299,379513,379531,18,0.2222222222222222,0.05555555555555555,4,1,0.2,0.25,10,8,42,299
2444,191,1993,380663,42,300,380657,380707,50,0.12,0.64,3,-1,0.2,0.6666666666666666,10,6,42,300
2445,191,1997,381427,42,301,381419,381439,20,0.4,0.1,4,1,0.2,0.25,10,4,42,301
2446,191,1999,381809,42,302,381793,381817,24,0.6666666666666666,0.375,4,1,0.2,0.5,10,2,42,302
2447,191,2003,382573,42,303,382567,382579,12,0.5,0.5,4,0,0.2,0.5,10,4,42,303
2448,193,1009,194737,43,168,194729,194749,20,0.4,0.25,4,1,0.5,0.08333333333333333,2,12,43,168
2449,193,1013,195509,43,169,195497,195511,14,0.8571428571428571,0.14285714285714285,4,1,0.5,0.5,2,4,43,169
2450,193,1019,196667,43,170,196663,196681,18,0.2222222222222222,0.2222222222222222,4,0,0.5,0.8333333333333334,2,6,43,170
2451,193,1021,197053,43,171,197033,197059,26,0.7692307692307693,0.19230769230769232,4,1,0.5,0.5,2,2,43,171
2452,193,1031,198983,43,172,198977,198997,20,0.3,0.1,4,1,0.5,0.6,2,10,43,172
2453,193,1033,199369,43,173,199357,199373,16,0.75,0.0625,4,1,0.5,0.5,2,2,43,173
2454,193,1039,200527,43,174,200513,200569,56,0.25,0.10714285714285714,4,1,0.5,0.6666666666666666,2,6,43,174
2455,193,1049,202457,43,175,202441,202471,30,0.5333333333333333,0.03333333333333333,4,1,0.5,0.2,2,10,43,175
2456,193,1051,202843,43,176,202841,202859,18,0.1111111111111111,0.1111111111111111,4,0,0.5,0.5,2,2,43,176
2457,193,1061,204773,43,177,204751,204781,30,0.7333333333333333,0.2,4,1,0.5,0.4,2,10,43,177
2458,193,1063,205159,43,178,205157,205171,14,0.14285714285714285,0.14285714285714285,4,0,0.5,0.5,2,2,43,178
2459,193,1069,206317,43,179,206303,206341,38,0.3684210526315789,0.15789473684210525,4,1,0.5,0.6666666666666666,2,6,43,179
2460,193,1087,209791,43,180,209789,209801,12,0.16666666666666666,0.16666666666666666,4,0,0.5,0.2222222222222222,2,18,43,180
2461,193,1091,210563,43,181,210557,210599,42,0.14285714285714285,0.047619047619047616,4,1,0.5,0.75,2,4,43,181
2462,193,1093,210949,43,182,210943,210961,18,0.3333333333333333,0.3333333333333333,4,0,0.5,0.5,2,2,43,182
2463,193,1097,211721,43,183,211711,211723,12,0.8333333333333334,0.16666666666666666,4,1,0.5,0.25,2,4,43,183
2464,193,1103,212879,43,184,212873,212881,8,0.75,0.75,4,0,0.5,0.3333333333333333,2,6,43,184
2465,193,1109,214037,43,185,214033,214043,10,0.4,0.4,4,0,0.5,0.8333333333333334,2,6,43,185
2466,193,1117,215581,43,186,215573,215587,14,0.5714285714285714,0.5714285714285714,4,0,0.5,0.25,2,8,43,186
2467,193,1123,216739,43,187,216731,216743,12,0.6666666666666666,0.5,4,1,0.5,0.3333333333333333,2,6,43,187
2468,193,1129,217897,43,188,217859,217901,42,0.9047619047619048,0.047619047619047616,4,1,0.5,0.5,2,6,43,188
2469,193,1151,222143,43,189,222137,222149,12,0.5,0.3333333333333333,4,1,0.5,0.18181818181818182,2,22,43,189
2470,193,1153,222529,43,190,222527,222533,6,0.3333333333333333,0.3333333333333333,4,0,0.5,0.5,2,2,43,190
2471,193,1163,224459,43,191,224449,224461,12,0.8333333333333334,0.3333333333333333,4,1,0.5,0.1,2,10,43,191
2472,193,1171,226003,43,192,226001,226007,6,0.3333333333333333,0.3333333333333333,4,0,0.5,0.25,2,8,43,192
2473,193,1181,227933,43,193,227893,227947,54,0.7407407407407407,0.018518518518518517,4,1,0.5,0.3,2,10,43,193
2474,193,1187,229091,43,194,229081,229093,12,0.8333333333333334,0.3333333333333333,4,1,0.5,0.8333333333333334,2,6,43,194
2475,193,1193,230249,43,195,230239,230257,18,0.5555555555555556,0.3333333333333333,4,1,0.5,0.3333333333333333,2,6,43,195
2476,193,1201,231793,43,196,231779,231799,20,0.7,0.15,4,1,0.5,0.25,2,8,43,196
2477,193,1213,234109,43,197,234103,234121,18,0.3333333333333333,0.16666666666666666,4,1,0.5,0.08333333333333333,2,12,43,197
2478,193,1217,234881,43,198,234869,234893,24,0.5,0.20833333333333334,4,1,0.5,0.25,2,4,43,198
2479,193,1223,236039,43,199,236021,236053,32,0.5625,0.0625,4,1,0.5,0.3333333333333333,2,6,43,199
2480,193,1229,237197,43,200,237179,237203,24,0.75,0.3333333333333333,4,1,0.5,0.5,2,6,43,200
2481,193,1231,237583,43,201,237581,237607,26,0.07692307692307693,0.07692307692307693,4,0,0.5,0.5,2,2,43,201
2482,193,1237,238741,43,202,238729,238747,18,0.6666666666666666,0.4444444444444444,4,1,0.5,0.5,2,6,43,202
2483,193,1249,241057,43,203,241051,241061,10,0.6,0.6,4,0,0.5,0.08333333333333333,2,12,43,203
2484,193,1259,242987,43,204,242971,242989,18,0.8888888888888888,0.16666666666666666,4,1,0.5,0.4,2,10,43,204
2485,193,1277,246461,43,205,246439,246469,30,0.7333333333333333,0.13333333333333333,4,1,0.5,0.1111111111111111,2,18,43,205
2486,193,1279,246847,43,206,246839,246889,50,0.16,0.12,4,1,0.5,0.5,2,2,43,206
2487,193,1283,247619,43,207,247613,247633,20,0.3,0.1,4,1,0.5,0.75,2,4,43,207
2488,193,1289,248777,43,208,248753,248779,26,0.9230769230769231,0.23076923076923078,4,1,0.5,0.3333333333333333,2,6,43,208
2489,193,1291,249163,43,209,249143,249181,38,0.5263157894736842,0.15789473684210525,4,1,0.5,0.5,2,2,43,209
2490,193,1297,250321,43,210,250307,250343,36,0.3888888888888889,0.05555555555555555,4,1,0.5,0.3333333333333333,2,6,43,210
2491,193,1301,251093,43,211,251087,251099,12,0.5,0.16666666666666666,4,1,0.5,0.5,2,4,43,211
2492,193,1303,251479,43,212,251477,251483,6,0.3333333333333333,0.3333333333333333,4,0,0.5,0.5,2,2,43,212
2493,193,1307,252251,43,213,252233,252253,20,0.9,0.3,4,1,0.5,0.75,2,4,43,213
2494,193,1319,254567,43,214,254557,254593,36,0.2777777777777778,0.1111111111111111,4,1,0.5,0.5,2,12,43,214
2495,193,1321,254953,43,215,254941,254959,18,0.6666666666666666,0.2222222222222222,4,1,0.5,0.5,2,2,43,215
2496,193,1327,256111,43,216,256093,256117,24,0.75,0.041666666666666664,4,1,0.5,0.16666666666666666,2,6,43,216
2497,193,1361,262673,43,217,262657,262681,24,0.6666666666666666,0.08333333333333333,4,1,0.5,0.058823529411764705,2,34,43,217
2498,193,1367,263831,43,218,263827,263843,16,0.25,0.125,4,1,0.5,0.3333333333333333,2,6,43,218
2499,193,1373,264989,43,219,264977,264991,14,0.8571428571428571,0.2857142857142857,4,1,0.5,0.3333333333333333,2,6,43,219
2500,193,1381,266533,43,220,266521,266549,28,0.42857142857142855,0.03571428571428571,4,1,0.5,0.75,2,8,43,220
2501,193,1399,270007,43,221,270001,270029,28,0.21428571428571427,0.07142857142857142,4,1,0.5,0.05555555555555555,2,18,43,221
2502,193,1409,271937,43,222,271927,271939,12,0.8333333333333334,0.5,4,1,0.5,0.2,2,10,43,222
2503,193,1423,274639,43,223,274627,274661,34,0.35294117647058826,0.11764705882352941,4,1,0.5,0.14285714285714285,2,14,43,223
2504,193,1427,275411,43,224,275399,275419,20,0.6,0.1,4,1,0.5,0.75,2,4,43,224
2505,193,1429,275797,43,225,275783,275813,30,0.4666666666666667,0.2,4,1,0.5,0.5,2,2,43,225
2506,193,1433,276569,43,226,276557,276581,24,0.5,0.08333333333333333,4,1,0.5,0.5,2,4,43,226
2507,193,1439,277727,43,227,277703,277741,38,0.631578947368421,0.05263157894736842,4,1,0.5,0.6666666666666666,2,6,43,227
2508,193,1447,279271,43,228,279269,279311,42,0.047619047619047616,0.047619047619047616,4,0,0.5,0.25,2,8,43,228
2509,193,1451,280043,43,229,280037,280061,24,0.25,0.08333333333333333,4,1,0.5,0.25,2,4,43,229
2510,193,1453,280429,43,230,280411,280451,40,0.45,0.075,4,1,0.5,0.5,2,2,43,230
2511,193,1459,281587,43,231,281581,281609,28,0.21428571428571427,0.21428571428571427,4,0,0.5,0.16666666666666666,2,6,43,231
2512,193,1471,283903,43,232,283873,283909,36,0.8333333333333334,0.027777777777777776,4,1,0.5,0.16666666666666666,2,12,43,232
2513,193,1481,285833,43,233,285827,285839,12,0.5,0.16666666666666666,4,1,0.5,0.2,2,10,43,233
2514,193,1483,286219,43,234,286199,286243,44,0.45454545454545453,0.09090909090909091,4,1,0.5,0.5,2,2,43,234
2515,193,1487,286991,43,235,286987,286999,12,0.3333333333333333,0.3333333333333333,4,0,0.5,0.75,2,4,43,235
2516,193,1489,287377,43,236,287347,287383,36,0.8333333333333334,0.05555555555555555,4,1,0.5,0.5,2,2,43,236
2517,193,1493,288149,43,237,288137,288179,42,0.2857142857142857,0.047619047619047616,4,1,0.5,0.75,2,4,43,237
2518,193,1499,289307,43,238,289297,289309,12,0.8333333333333334,0.3333333333333333,4,1,0.5,0.6666666666666666,2,6,43,238
2519,193,1511,291623,43,239,291619,291647,28,0.14285714285714285,0.14285714285714285,4,0,0.5,0.16666666666666666,2,12,43,239
2520,193,1523,293939,43,240,293899,293941,42,0.9523809523809523,0.047619047619047616,4,1,0.5,0.16666666666666666,2,12,43,240
2521,193,1531,295483,43,241,295459,295513,54,0.4444444444444444,0.07407407407407407,4,1,0.5,0.5,2,8,43,241
2522,193,1543,297799,43,242,297797,297809,12,0.16666666666666666,0.16666666666666666,4,0,0.5,0.3333333333333333,2,12,43,242
2523,193,1549,298957,43,243,298943,298993,50,0.28,0.16,4,1,0.5,0.5,2,6,43,243
2524,193,1553,299729,43,244,299723,299731,8,0.75,0.75,4,0,0.5,0.5,2,4,43,244
2525,193,1559,300887,43,245,300877,300889,12,0.8333333333333334,0.08333333333333333,4,1,0.5,0.3333333333333333,2,6,43,245
2526,193,1567,302431,43,246,302429,302443,14,0.14285714285714285,0.14285714285714285,4,0,0.5,0.25,2,8,43,246
2527,193,1571,303203,43,247,303187,303217,30,0.5333333333333333,0.06666666666666667,4,1,0.5,0.5,2,4,43,247
2528,193,1579,304747,43,248,304739,304751,12,0.6666666666666666,0.3333333333333333,4,1,0.5,0.375,2,8,43,248
2529,193,1583,305519,43,249,305497,305521,24,0.9166666666666666,0.08333333333333333,4,1,0.5,0.5,2,4,43,249
2530,193,1597,308221,43,250,308219,308249,30,0.06666666666666667,0.06666666666666667,4,0,0.5,0.14285714285714285,2,14,43,250
2531,193,1601,308993,43,251,308989,308999,10,0.4,0.4,4,0,0.5,0.25,2,4,43,251
2532,193,1607,310151,43,252,310129,310169,40,0.55,0.1,4,1,0.5,0.3333333333333333,2,6,43,252
2533,193,1609,310537,43,253,310511,310547,36,0.7222222222222222,0.2222222222222222,4,1,0.5,0.5,2,2,43,253
2534,193,1613,311309,43,254,311303,311323,20,0.3,0.15,4,1,0.5,0.5,2,4,43,254
2535,193,1619,312467,43,255,312451,312469,18,0.8888888888888888,0.16666666666666666,4,1,0.5,0.8333333333333334,2,6,43,255
2536,193,1621,312853,43,256,312841,312857,16,0.75,0.0625,4,1,0.5,0.5,2,2,43,256
2537,193,1627,314011,43,257,314003,314021,18,0.4444444444444444,0.1111111111111111,4,1,0.5,0.16666666666666666,2,6,43,257
2538,193,1637,315941,43,258,315937,315949,12,0.3333333333333333,0.3333333333333333,4,0,0.5,0.4,2,10,43,258
2539,193,1657,319801,43,259,319763,319811,48,0.7916666666666666,0.125,4,1,0.5,0.1,2,20,43,259
2540,193,1663,320959,43,260,320953,321007,54,0.1111111111111111,0.1111111111111111,4,0,0.5,0.16666666666666666,2,6,43,260
2541,193,1667,321731,43,261,321721,321733,12,0.8333333333333334,0.08333333333333333,4,1,0.5,0.5,2,4,43,261
2542,193,1669,322117,43,262,322111,322139,28,0.21428571428571427,0.21428571428571427,4,0,0.5,0.5,2,2,43,262
2543,193,1693,326749,43,263,326741,326773,32,0.25,0.1875,4,1,0.5,0.5,2,24,43,263
2544,193,1697,327521,43,264,327517,327529,12,0.3333333333333333,0.3333333333333333,4,0,0.5,0.5,2,4,43,264
2545,193,1699,327907,43,265,327889,327917,28,0.6428571428571429,0.07142857142857142,4,1,0.5,0.5,2,2,43,265
2546,193,1709,329837,43,266,329803,329863,60,0.5666666666666667,0.06666666666666667,4,1,0.5,0.4,2,10,43,266
2547,193,1721,332153,43,267,332147,332159,12,0.5,0.5,4,0,0.5,0.16666666666666666,2,12,43,267
2548,193,1723,332539,43,268,332513,332561,48,0.5416666666666666,0.10416666666666667,4,1,0.5,0.5,2,2,43,268
2549,193,1733,334469,43,269,334447,334487,40,0.55,0.15,4,1,0.5,0.3,2,10,43,269
2550,193,1741,336013,43,270,335999,336029,30,0.4666666666666667,0.06666666666666667,4,1,0.5,0.25,2,8,43,270
2551,193,1747,337171,43,271,337153,337189,36,0.5,0.16666666666666666,4,1,0.5,0.6666666666666666,2,6,43,271
2552,193,1753,338329,43,272,338323,338339,16,0.375,0.25,4,1,0.5,0.6666666666666666,2,6,43,272
2553,193,1759,339487,43,273,339467,339491,24,0.8333333333333334,0.08333333333333333,4,1,0.5,0.16666666666666666,2,6,43,273
2554,193,1777,342961,43,274,342949,342971,22,0.5454545454545454,0.36363636363636365,4,1,0.5,0.1111111111111111,2,18,43,274
2555,193,1783,344119,43,275,344117,344153,36,0.05555555555555555,0.05555555555555555,4,0,0.5,0.3333333333333333,2,6,43,275
2556,193,1787,344891,43,276,344887,344893,6,0.6666666666666666,0.6666666666666666,4,0,0.5,0.25,2,4,43,276
2557,193,1789,345277,43,277,345271,345307,36,0.16666666666666666,0.16666666666666666,4,0,0.5,0.5,2,2,43,277
2558,193,1801,347593,43,278,347591,347609,18,0.1111111111111111,0.1111111111111111,4,0,0.5,0.3333333333333333,2,12,43,278
2559,193,1811,349523,43,279,349519,349529,10,0.4,0.2,4,1,0.5,0.2,2,10,43,279
2560,193,1823,351839,43,280,351829,351847,18,0.5555555555555556,0.5,4,1,0.5,0.25,2,12,43,280
2561,193,1831,353383,43,281,353359,353389,30,0.8,0.06666666666666667,4,1,0.5,0.75,2,8,43,281
2562,193,1847,356471,43,282,356467,356479,12,0.3333333333333333,0.3333333333333333,4,0,0.5,0.25,2,16,43,282
2563,193,1861,359173,43,283,359171,359207,36,0.05555555555555555,0.05555555555555555,4,0,0.5,0.14285714285714285,2,14,43,283
2564,193,1867,360331,43,284,360323,360337,14,0.5714285714285714,0.42857142857142855,4,1,0.5,0.6666666666666666,2,6,43,284
2565,193,1871,361103,43,285,361093,361111,18,0.5555555555555556,0.05555555555555555,4,1,0.5,0.25,2,4,43,285
2566,193,1873,361489,43,286,361481,361499,18,0.4444444444444444,0.1111111111111111,4,1,0.5,0.5,2,2,43,286
2567,193,1877,362261,43,287,362237,362281,44,0.5454545454545454,0.045454545454545456,4,1,0.5,0.25,2,4,43,287
2568,193,1879,362647,43,288,362633,362657,24,0.5833333333333334,0.25,4,1,0.5,0.5,2,2,43,288
2569,193,1889,364577,43,289,364571,364583,12,0.5,0.5,4,0,0.5,0.3,2,10,43,289
2570,193,1901,366893,43,290,366889,366901,12,0.3333333333333333,0.3333333333333333,4,0,0.5,0.16666666666666666,2,12,43,290
2571,193,1907,368051,43,291,368047,368059,12,0.3333333333333333,0.3333333333333333,4,0,0.5,0.3333333333333333,2,6,43,291
2572,193,1913,369209,43,292,369197,369211,14,0.8571428571428571,0.42857142857142855,4,1,0.5,0.3333333333333333,2,6,43,292
2573,193,1931,372683,43,293,372677,372689,12,0.5,0.5,4,0,0.5,0.1111111111111111,2,18,43,293
2574,193,1933,373069,43,294,373063,373073,10,0.6,0.4,4,1,0.5,0.5,2,2,43,294
2575,193,1949,376157,43,295,376153,376171,18,0.2222222222222222,0.2222222222222222,4,0,0.5,0.0625,2,16,43,295
2576,193,1951,376543,43,296,376531,376547,16,0.75,0.25,4,1,0.5,0.5,2,2,43,296
2577,193,1973,380789,43,297,380777,380797,20,0.6,0.25,4,1,0.5,0.13636363636363635,2,22,43,297
2578,193,1979,381947,43,298,381943,381949,6,0.6666666666666666,0.6666666666666666,4,0,0.5,0.6666666666666666,2,6,43,298
2579,193,1987,383491,43,299,383489,383519,30,0.06666666666666667,0.06666666666666667,4,0,0.5,0.25,2,8,43,299
2580,193,1993,384649,43,300,384641,384673,32,0.25,0.0625,4,1,0.5,0.6666666666666666,2,6,43,300
2581,193,1997,385421,43,301,385417,385433,16,0.25,0.125,4,1,0.5,0.25,2,4,43,301
2582,193,1999,385807,43,302,385793,385811,18,0.7777777777777778,0.2222222222222222,4,1,0.5,0.5,2,2,43,302
2583,193,2003,386579,43,303,386569,386587,18,0.5555555555555556,0.1111111111111111,4,1,0.5,0.5,2,4,43,303
2584,197,1009,198773,44,168,198769,198811,42,0.09523809523809523,0.09523809523809523,4,0,0.25,0.08333333333333333,4,12,44,168
2585,197,1013,199561,44,169,199559,199567,8,0.25,0.25,4,0,0.25,0.5,4,4,44,169
2586,197,1019,200743,44,170,200731,200771,40,0.3,0.15,4,1,0.25,0.8333333333333334,4,6,44,170
2587,197,1021,201137,44,171,201121,201139,18,0.8888888888888888,0.3333333333333333,4,1,0.25,0.5,4,2,44,171
2588,197,1031,203107,44,172,203057,203117,60,0.8333333333333334,0.03333333333333333,4,1,0.25,0.6,4,10,44,172
2589,197,1033,203501,44,173,203461,203531,70,0.5714285714285714,0.05714285714285714,4,1,0.25,0.5,4,2,44,173
2590,197,1039,204683,44,174,204679,204707,28,0.14285714285714285,0.07142857142857142,4,1,0.25,0.6666666666666666,4,6,44,174
2591,197,1049,206653,44,175,206651,206699,48,0.041666666666666664,0.041666666666666664,4,0,0.25,0.2,4,10,44,175
2592,197,1051,207047,44,176,207041,207061,20,0.3,0.3,4,0,0.25,0.5,4,2,44,176
2593,197,1061,209017,44,177,208997,209021,24,0.8333333333333334,0.25,4,1,0.25,0.4,4,10,44,177
2594,197,1063,209411,44,178,209401,209431,30,0.3333333333333333,0.03333333333333333,4,1,0.25,0.5,4,2,44,178
2595,197,1069,210593,44,179,210557,210599,42,0.8571428571428571,0.047619047619047616,4,1,0.25,0.6666666666666666,4,6,44,179
2596,197,1087,214139,44,180,214133,214141,8,0.75,0.625,4,1,0.25,0.2222222222222222,4,18,44,180
2597,197,1091,214927,44,181,214913,214939,26,0.5384615384615384,0.23076923076923078,4,1,0.25,0.75,4,4,44,181
2598,197,1093,215321,44,182,215317,215329,12,0.3333333333333333,0.3333333333333333,4,0,0.25,0.5,4,2,44,182
2599,197,1097,216109,44,183,216107,216113,6,0.3333333333333333,0.3333333333333333,4,0,0.25,0.25,4,4,44,183
2600,197,1103,217291,44,184,217271,217307,36,0.5555555555555556,0.05555555555555555,4,1,0.25,0.3333333333333333,4,6,44,184
2601,197,1109,218473,44,185,218461,218479,18,0.6666666666666666,0.4444444444444444,4,1,0.25,0.8333333333333334,4,6,44,185
2602,197,1117,220049,44,186,220021,220057,36,0.7777777777777778,0.16666666666666666,4,1,0.25,0.25,4,8,44,186
2603,197,1123,221231,44,187,221227,221233,6,0.6666666666666666,0.6666666666666666,4,0,0.25,0.3333333333333333,4,6,44,187
2604,197,1129,222413,44,188,222403,222419,16,0.625,0.25,4,1,0.25,0.5,4,6,44,188
2605,197,1151,226747,44,189,226741,226753,12,0.5,0.08333333333333333,4,1,0.25,0.18181818181818182,4,22,44,189
2606,197,1153,227141,44,190,227131,227147,16,0.625,0.1875,4,1,0.25,0.5,4,2,44,190
2607,197,1163,229111,44,191,229093,229123,30,0.6,0.03333333333333333,4,1,0.25,0.1,4,10,44,191
2608,197,1171,230687,44,192,230683,230693,10,0.4,0.3,4,1,0.25,0.25,4,8,44,192
2609,197,1181,232657,44,193,232643,232663,20,0.7,0.2,4,1,0.25,0.3,4,10,44,193
2610,197,1187,233839,44,194,233837,233851,14,0.14285714285714285,0.14285714285714285,4,0,0.25,0.8333333333333334,4,6,44,194
2611,197,1193,235021,44,195,235013,235043,30,0.26666666666666666,0.2,4,1,0.25,0.3333333333333333,4,6,44,195
2612,197,1201,236597,44,196,236573,236609,36,0.6666666666666666,0.16666666666666666,4,1,0.25,0.25,4,8,44,196
2613,197,1213,238961,44,197,238949,238967,18,0.6666666666666666,0.1111111111111111,4,1,0.25,0.08333333333333333,4,12,44,197
2614,197,1217,239749,44,198,239737,239753,16,0.75,0.0625,4,1,0.25,0.25,4,4,44,198
2615,197,1223,240931,44,199,240913,240943,30,0.6,0.13333333333333333,4,1,0.25,0.3333333333333333,4,6,44,199
2616,197,1229,242113,44,200,242101,242119,18,0.6666666666666666,0.1111111111111111,4,1,0.25,0.5,4,6,44,200
2617,197,1231,242507,44,201,242491,242509,18,0.8888888888888888,0.1111111111111111,4,1,0.25,0.5,4,2,44,201
2618,197,1237,243689,44,202,243673,243701,28,0.5714285714285714,0.21428571428571427,4,1,0.25,0.5,4,6,44,202
2619,197,1249,246053,44,203,246049,246073,24,0.16666666666666666,0.16666666666666666,4,0,0.25,0.08333333333333333,4,12,44,203
2620,197,1259,248023,44,204,248021,248033,12,0.16666666666666666,0.16666666666666666,4,0,0.25,0.4,4,10,44,204
2621,197,1277,251569,44,205,251567,251609,42,0.047619047619047616,0.047619047619047616,4,0,0.25,0.1111111111111111,4,18,44,205
2622,197,1279,251963,44,206,251947,251969,22,0.7272727272727273,0.09090909090909091,4,1,0.25,0.5,4,2,44,206
2623,197,1283,252751,44,207,252737,252761,24,0.5833333333333334,0.08333333333333333,4,1,0.25,0.75,4,4,44,207
2624,197,1289,253933,44,208,253919,253937,18,0.7777777777777778,0.1111111111111111,4,1,0.25,0.3333333333333333,4,6,44,208
2625,197,1291,254327,44,209,254299,254329,30,0.9333333333333333,0.4,4,1,0.25,0.5,4,2,44,209
2626,197,1297,255509,44,210,255503,255511,8,0.75,0.75,4,0,0.25,0.3333333333333333,4,6,44,210
2627,197,1301,256297,44,211,256279,256301,22,0.8181818181818182,0.09090909090909091,4,1,0.25,0.5,4,4,44,211
2628,197,1303,256691,44,212,256687,256699,12,0.3333333333333333,0.3333333333333333,4,0,0.25,0.5,4,2,44,212
2629,197,1307,257479,44,213,257473,257489,16,0.375,0.375,4,0,0.25,0.75,4,4,44,213
2630,197,1319,259843,44,214,259841,259867,26,0.07692307692307693,0.07692307692307693,4,0,0.25,0.5,4,12,44,214
2631,197,1321,260237,44,215,260231,260263,32,0.1875,0.0625,4,1,0.25,0.5,4,2,44,215
2632,197,1327,261419,44,216,261407,261427,20,0.6,0.1,4,1,0.25,0.16666666666666666,4,6,44,216
2633,197,1361,268117,44,217,268091,268123,32,0.8125,0.0625,4,1,0.25,0.058823529411764705,4,34,44,217
2634,197,1367,269299,44,218,269281,269317,36,0.5,0.1111111111111111,4,1,0.25,0.3333333333333333,4,6,44,218
2635,197,1373,270481,44,219,270463,270493,30,0.6,0.13333333333333333,4,1,0.25,0.3333333333333333,4,6,44,219
2636,197,1381,272057,44,220,272053,272059,6,0.6666666666666666,0.16666666666666666,4,1,0.25,0.75,4,8,44,220
2637,197,1399,275603,44,221,275599,275623,24,0.16666666666666666,0.08333333333333333,4,1,0.25,0.05555555555555555,4,18,44,221
2638,197,1409,277573,44,222,277567,277577,10,0.6,0.6,4,0,0.25,0.2,4,10,44,222
2639,197,1423,280331,44,223,280327,280337,10,0.4,0.4,4,0,0.25,0.14285714285714285,4,14,44,223
2640,197,1427,281119,44,224,281117,281131,14,0.14285714285714285,0.14285714285714285,4,0,0.25,0.75,4,4,44,224
2641,197,1429,281513,44,225,281509,281527,18,0.2222222222222222,0.2222222222222222,4,0,0.25,0.5,4,2,44,225
2642,197,1433,282301,44,226,282299,282307,8,0.25,0.25,4,0,0.25,0.5,4,4,44,226
2643,197,1439,283483,44,227,283463,283487,24,0.8333333333333334,0.25,4,1,0.25,0.6666666666666666,4,6,44,227
2644,197,1447,285059,44,228,285049,285071,22,0.45454545454545453,0.18181818181818182,4,1,0.25,0.25,4,8,44,228
2645,197,1451,285847,44,229,285841,285871,30,0.2,0.2,4,0,0.25,0.25,4,4,44,229
2646,197,1453,286241,44,230,286199,286243,44,0.9545454545454546,0.09090909090909091,4,1,0.25,0.5,4,2,44,230
2647,197,1459,287423,44,231,287393,287437,44,0.6818181818181818,0.11363636363636363,4,1,0.25,0.16666666666666666,4,6,44,231
2648,197,1471,289787,44,232,289771,289789,18,0.8888888888888888,0.16666666666666666,4,1,0.25,0.16666666666666666,4,12,44,232
2649,197,1481,291757,44,233,291751,291779,28,0.21428571428571427,0.21428571428571427,4,0,0.25,0.2,4,10,44,233
2650,197,1483,292151,44,234,292147,292157,10,0.4,0.4,4,0,0.25,0.5,4,2,44,234
2651,197,1487,292939,44,235,292933,292969,36,0.16666666666666666,0.1111111111111111,4,1,0.25,0.75,4,4,44,235
2652,197,1489,293333,44,236,293329,293339,10,0.4,0.2,4,1,0.25,0.5,4,2,44,236
2653,197,1493,294121,44,237,294103,294127,24,0.75,0.16666666666666666,4,1,0.25,0.75,4,4,44,237
2654,197,1499,295303,44,238,295291,295313,22,0.5454545454545454,0.13636363636363635,4,1,0.25,0.6666666666666666,4,6,44,238
2655,197,1511,297667,44,239,297659,297683,24,0.3333333333333333,0.3333333333333333,4,0,0.25,0.16666666666666666,4,12,44,239
2656,197,1523,300031,44,240,300023,300043,20,0.4,0.3,4,1,0.25,0.16666666666666666,4,12,44,240
2657,197,1531,301607,44,241,301601,301619,18,0.3333333333333333,0.1111111111111111,4,1,0.25,0.5,4,8,44,241
2658,197,1543,303971,44,242,303959,303983,24,0.5,0.25,4,1,0.25,0.3333333333333333,4,12,44,242
2659,197,1549,305153,44,243,305147,305209,62,0.0967741935483871,0.03225806451612903,4,1,0.25,0.5,4,6,44,243
2660,197,1553,305941,44,244,305933,305947,14,0.5714285714285714,0.5714285714285714,4,0,0.25,0.5,4,4,44,244
2661,197,1559,307123,44,245,307121,307129,8,0.25,0.25,4,0,0.25,0.3333333333333333,4,6,44,245
2662,197,1567,308699,44,246,308681,308701,20,0.9,0.1,4,1,0.25,0.25,4,8,44,246
2663,197,1571,309487,44,247,309481,309493,12,0.5,0.5,4,0,0.25,0.5,4,4,44,247
2664,197,1579,311063,44,248,311041,311099,58,0.3793103448275862,0.017241379310344827,4,1,0.25,0.375,4,8,44,248
2665,197,1583,311851,44,249,311827,311867,40,0.6,0.15,4,1,0.25,0.5,4,4,44,249
2666,197,1597,314609,44,250,314603,314623,20,0.3,0.1,4,1,0.25,0.14285714285714285,4,14,44,250
2667,197,1601,315397,44,251,315389,315407,18,0.4444444444444444,0.1111111111111111,4,1,0.25,0.25,4,4,44,251
2668,197,1607,316579,44,252,316577,316583,6,0.3333333333333333,0.3333333333333333,4,0,0.25,0.3333333333333333,4,6,44,252
2669,197,1609,316973,44,253,316961,316991,30,0.4,0.26666666666666666,3,1,0.25,0.5,4,2,44,253
2670,197,1613,317761,44,254,317743,317771,28,0.6428571428571429,0.14285714285714285,4,1,0.25,0.5,4,4,44,254
2671,197,1619,318943,44,255,318919,318949,30,0.8,0.06666666666666667,4,1,0.25,0.8333333333333334,4,6,44,255
2672,197,1621,319337,44,256,319327,319339,12,0.8333333333333334,0.3333333333333333,4,1,0.25,0.5,4,2,44,256
2673,197,1627,320519,44,257,320513,320521,8,0.75,0.75,4,0,0.25,0.16666666666666666,4,6,44,257
2674,197,1637,322489,44,258,322463,322501,38,0.6842105263157895,0.07894736842105263,4,1,0.25,0.4,4,10,44,258
2675,197,1657,326429,44,259,326369,326437,68,0.8823529411764706,0.029411764705882353,4,1,0.25,0.1,4,20,44,259
2676,197,1663,327611,44,260,327599,327619,20,0.6,0.1,4,1,0.25,0.16666666666666666,4,6,44,260
2677,197,1667,328399,44,261,328397,328411,14,0.14285714285714285,0.14285714285714285,4,0,0.25,0.5,4,4,44,261
2678,197,1669,328793,44,262,328789,328813,24,0.16666666666666666,0.08333333333333333,4,1,0.25,0.5,4,2,44,262
2679,197,1693,333521,44,263,333517,333533,16,0.25,0.25,4,0,0.25,0.5,4,24,44,263
2680,197,1697,334309,44,264,334297,334319,22,0.5454545454545454,0.045454545454545456,4,1,0.25,0.5,4,4,44,264
2681,197,1699,334703,44,265,334699,334717,18,0.2222222222222222,0.2222222222222222,4,0,0.25,0.5,4,2,44,265
2682,197,1709,336673,44,266,336671,336683,12,0.16666666666666666,0.16666666666666666,4,0,0.25,0.4,4,10,44,266
2683,197,1721,339037,44,267,339023,339049,26,0.5384615384615384,0.23076923076923078,4,1,0.25,0.16666666666666666,4,12,44,267
2684,197,1723,339431,44,268,339413,339433,20,0.9,0.1,4,1,0.25,0.5,4,2,44,268
2685,197,1733,341401,44,269,341357,341423,66,0.6666666666666666,0.09090909090909091,4,1,0.25,0.3,4,10,44,269
2686,197,1741,342977,44,270,342971,342989,18,0.3333333333333333,0.1111111111111111,4,1,0.25,0.25,4,8,44,270
2687,197,1747,344159,44,271,344153,344161,8,0.75,0.625,4,1,0.25,0.6666666666666666,4,6,44,271
2688,197,1753,345341,44,272,345329,345379,50,0.24,0.04,4,1,0.25,0.6666666666666666,4,6,44,272
2689,197,1759,346523,44,273,346501,346529,28,0.7857142857142857,0.42857142857142855,4,1,0.25,0.16666666666666666,4,6,44,273
2690,197,1777,350069,44,274,350039,350087,48,0.625,0.041666666666666664,4,1,0.25,0.1111111111111111,4,18,44,274
2691,197,1783,351251,44,275,351229,351257,28,0.7857142857142857,0.14285714285714285,4,1,0.25,0.3333333333333333,4,6,44,275
2692,197,1787,352039,44,276,352021,352043,22,0.8181818181818182,0.5454545454545454,4,1,0.25,0.25,4,4,44,276
2693,197,1789,352433,44,277,352423,352441,18,0.5555555555555556,0.16666666666666666,4,1,0.25,0.5,4,2,44,277
2694,197,1801,354797,44,278,354791,354799,8,0.75,0.75,4,0,0.25,0.3333333333333333,4,12,44,278
2695,197,1811,356767,44,279,356761,356803,42,0.14285714285714285,0.09523809523809523,4,1,0.25,0.2,4,10,44,279
2696,197,1823,359131,44,280,359129,359137,8,0.25,0.25,4,0,0.25,0.25,4,12,44,280
2697,197,1831,360707,44,281,360653,360749,96,0.5625,0.0625,4,1,0.25,0.75,4,8,44,281
2698,197,1847,363859,44,282,363841,363871,30,0.6,0.26666666666666666,4,1,0.25,0.25,4,16,44,282
2699,197,1861,366617,44,283,366607,366631,24,0.4166666666666667,0.08333333333333333,4,1,0.25,0.14285714285714285,4,14,44,283
2700,197,1867,367799,44,284,367789,367819,30,0.3333333333333333,0.06666666666666667,4,1,0.25,0.6666666666666666,4,6,44,284
2701,197,1871,368587,44,285,368579,368593,14,0.5714285714285714,0.21428571428571427,4,1,0.25,0.25,4,4,44,285
2702,197,1873,368981,44,286,368957,369007,50,0.48,0.04,4,1,0.25,0.5,4,2,44,286
2703,197,1877,369769,44,287,369751,369791,40,0.45,0.1,4,1,0.25,0.25,4,4,44,287
2704,197,1879,370163,44,288,370159,370169,10,0.4,0.4,4,0,0.25,0.5,4,2,44,288
2705,197,1889,372133,44,289,372131,372137,6,0.3333333333333333,0.3333333333333333,4,0,0.25,0.3,4,10,44,289
2706,197,1901,374497,44,290,374483,374501,18,0.7777777777777778,0.1111111111111111,4,1,0.25,0.16666666666666666,4,12,44,290
2707,197,1907,375679,44,291,375673,375703,30,0.2,0.13333333333333333,4,1,0.25,0.3333333333333333,4,6,44,291
2708,197,1913,376861,44,292,376853,376889,36,0.2222222222222222,0.2222222222222222,4,0,0.25,0.3333333333333333,4,6,44,292
2709,197,1931,380407,44,293,380383,380417,34,0.7058823529411765,0.17647058823529413,4,1,0.25,0.1111111111111111,4,18,44,293
2710,197,1933,380801,44,294,380797,380803,6,0.6666666666666666,0.6666666666666666,4,0,0.25,0.5,4,2,44,294
2711,197,1949,383953,44,295,383951,383963,12,0.16666666666666666,0.16666666666666666,4,0,0.25,0.0625,4,16,44,295
2712,197,1951,384347,44,296,384343,384359,16,0.25,0.1875,4,1,0.25,0.5,4,2,44,296
2713,197,1973,388681,44,297,388673,388691,18,0.4444444444444444,0.3333333333333333,4,1,0.25,0.13636363636363635,4,22,44,297
2714,197,1979,389863,44,298,389849,389867,18,0.7777777777777778,0.4444444444444444,4,1,0.25,0.6666666666666666,4,6,44,298
2715,197,1987,391439,44,299,391403,391441,38,0.9473684210526315,0.10526315789473684,4,1,0.25,0.25,4,8,44,299
2716,197,1993,392621,44,300,392611,392629,18,0.5555555555555556,0.16666666666666666,4,1,0.25,0.6666666666666666,4,6,44,300
2717,197,1997,393409,44,301,393403,393413,10,0.6,0.6,4,0,0.25,0.25,4,4,44,301
2718,197,1999,393803,44,302,393797,393847,50,0.12,0.08,4,1,0.25,0.5,4,2,44,302
2719,197,2003,394591,44,303,394579,394601,22,0.5454545454545454,0.18181818181818182,4,1,0.25,0.5,4,4,44,303
2720,199,1009,200791,45,168,200789,200797,8,0.25,0.25,4,0,0.5,0.08333333333333333,2,12,45,168
2721,199,1013,201587,45,169,201581,201589,8,0.75,0.25,4,1,0.5,0.5,2,4,45,169
2722,199,1019,202781,45,170,202777,202799,22,0.18181818181818182,0.18181818181818182,4,0,0.5,0.8333333333333334,2,6,45,170
2723,199,1021,203179,45,171,203173,203183,10,0.6,0.4,4,1,0.5,0.5,2,2,45,171
2724,199,1031,205169,45,172,205157,205171,14,0.8571428571428571,0.14285714285714285,4,1,0.5,0.6,2,10,45,172
2725,199,1033,205567,45,173,205559,205589,30,0.26666666666666666,0.13333333333333333,4,1,0.5,0.5,2,2,45,173
2726,199,1039,206761,45,174,206749,206779,30,0.4,0.06666666666666667,4,1,0.5,0.6666666666666666,2,6,45,174
2727,199,1049,208751,45,175,208739,208759,20,0.6,0.1,4,1,0.5,0.2,2,10,45,175
2728,199,1051,209149,45,176,209147,209159,12,0.16666666666666666,0.16666666666666666,4,0,0.5,0.5,2,2,45,176
2729,199,1061,211139,45,177,211129,211151,22,0.45454545454545453,0.2727272727272727,4,1,0.5,0.4,2,10,45,177
2730,199,1063,211537,45,178,211507,211543,36,0.8333333333333334,0.1111111111111111,4,1,0.5,0.5,2,2,45,178
2731,199,1069,212731,45,179,212701,212777,76,0.39473684210526316,0.02631578947368421,4,1,0.5,0.6666666666666666,2,6,45,179
2732,199,1087,216313,45,180,216289,216317,28,0.8571428571428571,0.35714285714285715,4,1,0.5,0.2222222222222222,2,18,45,180
2733,199,1091,217109,45,181,217081,217111,30,0.9333333333333333,0.03333333333333333,4,1,0.5,0.75,2,4,45,181
2734,199,1093,217507,45,182,217499,217517,18,0.4444444444444444,0.1111111111111111,4,1,0.5,0.5,2,2,45,182
2735,199,1097,218303,45,183,218287,218357,70,0.22857142857142856,0.02857142857142857,4,1,0.5,0.25,2,4,45,183
2736,199,1103,219497,45,184,219491,219503,12,0.5,0.16666666666666666,4,1,0.5,0.3333333333333333,2,6,45,184
2737,199,1109,220691,45,185,220687,220699,12,0.3333333333333333,0.3333333333333333,4,0,0.5,0.8333333333333334,2,6,45,185
2738,199,1117,222283,45,186,222269,222289,20,0.7,0.5,4,1,0.5,0.25,2,8,45,186
2739,199,1123,223477,45,187,223469,223481,12,0.6666666666666666,0.16666666666666666,4,1,0.5,0.3333333333333333,2,6,45,187
2740,199,1129,224671,45,188,224669,224677,8,0.25,0.25,4,0,0.5,0.5,2,6,45,188
2741,199,1151,229049,45,189,229037,229081,44,0.2727272727272727,0.045454545454545456,4,1,0.5,0.18181818181818182,2,22,45,189
2742,199,1153,229447,45,190,229433,229459,26,0.5384615384615384,0.3076923076923077,3,1,0.5,0.5,2,2,45,190
2743,199,1163,231437,45,191,231433,231443,10,0.4,0.4,4,0,0.5,0.1,2,10,45,191
2744,199,1171,233029,45,192,233021,233069,48,0.16666666666666666,0.041666666666666664,4,1,0.5,0.25,2,8,45,192
2745,199,1181,235019,45,193,235013,235043,30,0.2,0.2,4,0,0.5,0.3,2,10,45,193
2746,199,1187,236213,45,194,236209,236219,10,0.4,0.2,4,1,0.5,0.8333333333333334,2,6,45,194
2747,199,1193,237407,45,195,237401,237409,8,0.75,0.25,4,1,0.5,0.3333333333333333,2,6,45,195
2748,199,1201,238999,45,196,238991,239017,26,0.3076923076923077,0.07692307692307693,4,1,0.5,0.25,2,8,45,196
2749,199,1213,241387,45,197,241363,241391,28,0.8571428571428571,0.21428571428571427,4,1,0.5,0.08333333333333333,2,12,45,197
2750,199,1217,242183,45,198,242173,242197,24,0.4166666666666667,0.4166666666666667,4,0,0.5,0.25,2,4,45,198
2751,199,1223,243377,45,199,243367,243391,24,0.4166666666666667,0.16666666666666666,4,1,0.5,0.3333333333333333,2,6,45,199
2752,199,1229,244571,45,200,244567,244583,16,0.25,0.25,4,0,0.5,0.5,2,6,45,200
2753,199,1231,244969,45,201,244957,244997,40,0.3,0.1,4,1,0.5,0.5,2,2,45,201
2754,199,1237,246163,45,202,246151,246167,16,0.75,0.125,4,1,0.5,0.5,2,6,45,202
2755,199,1249,248551,45,203,248543,248569,26,0.3076923076923077,0.23076923076923078,4,1,0.5,0.08333333333333333,2,12,45,203
2756,199,1259,250541,45,204,250501,250543,42,0.9523809523809523,0.09523809523809523,4,1,0.5,0.4,2,10,45,204
2757,199,1277,254123,45,205,254119,254141,22,0.18181818181818182,0.18181818181818182,4,0,0.5,0.1111111111111111,2,18,45,205
2758,199,1279,254521,45,206,254519,254537,18,0.1111111111111111,0.1111111111111111,4,0,0.5,0.5,2,2,45,206
2759,199,1283,255317,45,207,255313,255329,16,0.25,0.0625,4,1,0.5,0.75,2,4,45,207
2760,199,1289,256511,45,208,256499,256517,18,0.6666666666666666,0.1111111111111111,4,1,0.5,0.3333333333333333,2,6,45,208
2761,199,1291,256909,45,209,256903,256931,28,0.21428571428571427,0.21428571428571427,4,0,0.5,0.5,2,2,45,209
2762,199,1297,258103,45,210,258101,258107,6,0.3333333333333333,0.3333333333333333,4,0,0.5,0.3333333333333333,2,6,45,210
2763,199,1301,258899,45,211,258887,258917,30,0.4,0.06666666666666667,4,1,0.5,0.5,2,4,45,211
2764,199,1303,259297,45,212,259277,259309,32,0.625,0.0625,4,1,0.5,0.5,2,2,45,212
2765,199,1307,260093,45,213,260089,260111,22,0.18181818181818182,0.18181818181818182,4,0,0.5,0.75,2,4,45,213
2766,199,1319,262481,45,214,262469,262489,20,0.6,0.2,4,1,0.5,0.5,2,12,45,214
2767,199,1321,262879,45,215,262877,262883,6,0.3333333333333333,0.3333333333333333,4,0,0.5,0.5,2,2,45,215
2768,199,1327,264073,45,216,264071,264083,12,0.16666666666666666,0.16666666666666666,4,0,0.5,0.16666666666666666,2,6,45,216
2769,199,1361,270839,45,217,270833,270841,8,0.75,0.25,4,1,0.5,0.058823529411764705,2,34,45,217
2770,199,1367,272033,45,218,272029,272039,10,0.4,0.2,4,1,0.5,0.3333333333333333,2,6,45,218
2771,199,1373,273227,45,219,273193,273233,40,0.85,0.1,4,1,0.5,0.3333333333333333,2,6,45,219
2772,199,1381,274819,45,220,274817,274829,12,0.16666666666666666,0.16666666666666666,4,0,0.5,0.75,2,8,45,220
2773,199,1399,278401,45,221,278393,278413,20,0.4,0.25,4,1,0.5,0.05555555555555555,2,18,45,221
2774,199,1409,280391,45,222,280373,280409,36,0.5,0.2222222222222222,4,1,0.5,0.2,2,10,45,222
2775,199,1423,283177,45,223,283163,283181,18,0.7777777777777778,0.1111111111111111,4,1,0.5,0.14285714285714285,2,14,45,223
2776,199,1427,283973,45,224,283961,283979,18,0.6666666666666666,0.1111111111111111,4,1,0.5,0.75,2,4,45,224
2777,199,1429,284371,45,225,284369,284377,8,0.25,0.25,4,0,0.5,0.5,2,2,45,225
2778,199,1433,285167,45,226,285161,285179,18,0.3333333333333333,0.1111111111111111,4,1,0.5,0.5,2,4,45,226
2779,199,1439,286361,45,227,286333,286367,34,0.8235294117647058,0.11764705882352941,4,1,0.5,0.6666666666666666,2,6,45,227
2780,199,1447,287953,45,228,287939,287977,38,0.3684210526315789,0.05263157894736842,4,1,0.5,0.25,2,8,45,228
2781,199,1451,288749,45,229,288733,288751,18,0.8888888888888888,0.2222222222222222,4,1,0.5,0.25,2,4,45,229
2782,199,1453,289147,45,230,289141,289151,10,0.6,0.4,4,1,0.5,0.5,2,2,45,230
2783,199,1459,290341,45,231,290327,290347,20,0.7,0.3,4,1,0.5,0.16666666666666666,2,6,45,231
2784,199,1471,292729,45,232,292727,292753,26,0.07692307692307693,0.07692307692307693,4,0,0.5,0.16666666666666666,2,12,45,232
2785,199,1481,294719,45,233,294703,294731,28,0.5714285714285714,0.10714285714285714,4,1,0.5,0.2,2,10,45,233
2786,199,1483,295117,45,234,295111,295123,12,0.5,0.25,4,1,0.5,0.5,2,2,45,234
2787,199,1487,295913,45,235,295909,295937,28,0.14285714285714285,0.14285714285714285,4,0,0.5,0.75,2,4,45,235
2788,199,1489,296311,45,236,296299,296347,48,0.25,0.0625,4,1,0.5,0.5,2,2,45,236
2789,199,1493,297107,45,237,297097,297113,16,0.625,0.0625,4,1,0.5,0.75,2,4,45,237
2790,199,1499,298301,45,238,298283,298303,20,0.9,0.15,4,1,0.5,0.6666666666666666,2,6,45,238
2791,199,1511,300689,45,239,300683,300691,8,0.75,0.375,4,1,0.5,0.16666666666666666,2,12,45,239
2792,199,1523,303077,45,240,303073,303089,16,0.25,0.0625,4,1,0.5,0.16666666666666666,2,12,45,240
2793,199,1531,304669,45,241,304663,304687,24,0.25,0.16666666666666666,4,1,0.5,0.5,2,8,45,241
2794,199,1543,307057,45,242,307033,307067,34,0.7058823529411765,0.11764705882352941,4,1,0.5,0.3333333333333333,2,12,45,242
2795,199,1549,308251,45,243,308249,308263,14,0.14285714285714285,0.14285714285714285,4,0,0.5,0.5,2,6,45,243
2796,199,1553,309047,45,244,309037,309059,22,0.45454545454545453,0.18181818181818182,4,1,0.5,0.5,2,4,45,244
2797,199,1559,310241,45,245,310237,310243,6,0.6666666666666666,0.16666666666666666,4,1,0.5,0.3333333333333333,2,6,45,245
2798,199,1567,311833,45,246,311827,311867,40,0.15,0.15,4,0,0.5,0.25,2,8,45,246
2799,199,1571,312629,45,247,312623,312643,20,0.3,0.3,4,0,0.5,0.5,2,4,45,247
2800,199,1579,314221,45,248,314219,314227,8,0.25,0.25,4,0,0.5,0.375,2,8,45,248
2801,199,1583,315017,45,249,315013,315037,24,0.16666666666666666,0.16666666666666666,4,0,0.5,0.5,2,4,45,249
2802,199,1597,317803,45,250,317797,317827,30,0.2,0.2,4,0,0.5,0.14285714285714285,2,14,45,250
2803,199,1601,318599,45,251,318589,318601,12,0.8333333333333334,0.5,4,1,0.5,0.25,2,4,45,251
2804,199,1607,319793,45,252,319763,319811,48,0.625,0.125,4,1,0.5,0.3333333333333333,2,6,45,252
2805,199,1609,320191,45,253,320179,320209,30,0.4,0.06666666666666667,4,1,0.5,0.5,2,2,45,253
2806,199,1613,320987,45,254,320953,321007,54,0.6296296296296297,0.1111111111111111,4,1,0.5,0.5,2,4,45,254
2807,199,1619,322181,45,255,322171,322193,22,0.45454545454545453,0.13636363636363635,4,1,0.5,0.8333333333333334,2,6,45,255
2808,199,1621,322579,45,256,322573,322583,10,0.6,0.4,4,1,0.5,0.5,2,2,45,256
2809,199,1627,323773,45,257,323767,323789,22,0.2727272727272727,0.09090909090909091,4,1,0.5,0.16666666666666666,2,6,45,257
2810,199,1637,325763,45,258,325753,325769,16,0.625,0.5,4,1,0.5,0.4,2,10,45,258
2811,199,1657,329743,45,259,329729,329761,32,0.4375,0.0625,4,1,0.5,0.1,2,20,45,259
2812,199,1663,330937,45,260,330917,330943,26,0.7692307692307693,0.07692307692307693,4,1,0.5,0.16666666666666666,2,6,45,260
2813,199,1667,331733,45,261,331711,331739,28,0.7857142857142857,0.10714285714285714,4,1,0.5,0.5,2,4,45,261
2814,199,1669,332131,45,262,332117,332147,30,0.4666666666666667,0.06666666666666667,4,1,0.5,0.5,2,2,45,262
2815,199,1693,336907,45,263,336901,336911,10,0.6,0.1,4,1,0.5,0.5,2,24,45,263
2816,199,1697,337703,45,264,337697,337721,24,0.25,0.08333333333333333,4,1,0.5,0.5,2,4,45,264
2817,199,1699,338101,45,265,338033,338119,86,0.7906976744186046,0.023255813953488372,4,1,0.5,0.5,2,2,45,265
2818,199,1709,340091,45,266,340079,340103,24,0.5,0.4166666666666667,4,1,0.5,0.4,2,10,45,266
2819,199,1721,342479,45,267,342469,342481,12,0.8333333333333334,0.16666666666666666,4,1,0.5,0.16666666666666666,2,12,45,267
2820,199,1723,342877,45,268,342871,342889,18,0.3333333333333333,0.3333333333333333,4,0,0.5,0.5,2,2,45,268
2821,199,1733,344867,45,269,344863,344873,10,0.4,0.3,4,1,0.5,0.3,2,10,45,269
2822,199,1741,346459,45,270,346453,346469,16,0.375,0.25,4,1,0.5,0.25,2,8,45,270
2823,199,1747,347653,45,271,347651,347671,20,0.1,0.1,4,0,0.5,0.6666666666666666,2,6,45,271
2824,199,1753,348847,45,272,348839,348851,12,0.6666666666666666,0.6666666666666666,4,0,0.5,0.6666666666666666,2,6,45,272
2825,199,1759,350041,45,273,350039,350087,48,0.041666666666666664,0.041666666666666664,4,0,0.5,0.16666666666666666,2,6,45,273
2826,199,1777,353623,45,274,353621,353627,6,0.3333333333333333,0.3333333333333333,4,0,0.5,0.1111111111111111,2,18,45,274
2827,199,1783,354817,45,275,354799,354829,30,0.6,0.13333333333333333,4,1,0.5,0.3333333333333333,2,6,45,275
2828,199,1787,355613,45,276,355609,355633,24,0.16666666666666666,0.16666666666666666,4,0,0.5,0.25,2,4,45,276
2829,199,1789,356011,45,277,355969,356023,54,0.7777777777777778,0.07407407407407407,4,1,0.5,0.5,2,2,45,277
2830,199,1801,358399,45,278,358373,358417,44,0.5909090909090909,0.13636363636363635,4,1,0.5,0.3333333333333333,2,12,45,278
2831,199,1811,360389,45,279,360337,360391,54,0.9629629629629629,0.07407407407407407,4,1,0.5,0.2,2,10,45,279
2832,199,1823,362777,45,280,362759,362801,42,0.42857142857142855,0.2857142857142857,4,1,0.5,0.25,2,12,45,280
2833,199,1831,364369,45,281,364349,364373,24,0.8333333333333334,0.08333333333333333,4,1,0.5,0.75,2,8,45,281
2834,199,1847,367553,45,282,367547,367559,12,0.5,0.5,4,0,0.5,0.25,2,16,45,282
2835,199,1861,370339,45,283,370261,370373,112,0.6964285714285714,0.008928571428571428,4,1,0.5,0.14285714285714285,2,14,45,283
2836,199,1867,371533,45,284,371513,371549,36,0.5555555555555556,0.2222222222222222,4,1,0.5,0.6666666666666666,2,6,45,284
2837,199,1871,372329,45,285,372313,372353,40,0.4,0.025,4,1,0.5,0.25,2,4,45,285
2838,199,1873,372727,45,286,372719,372733,14,0.5714285714285714,0.14285714285714285,4,1,0.5,0.5,2,2,45,286
2839,199,1877,373523,45,287,373517,373553,36,0.16666666666666666,0.05555555555555555,4,1,0.5,0.25,2,4,45,287
2840,199,1879,373921,45,288,373909,373937,28,0.42857142857142855,0.14285714285714285,4,1,0.5,0.5,2,2,45,288
2841,199,1889,375911,45,289,375901,375923,22,0.45454545454545453,0.045454545454545456,4,1,0.5,0.3,2,10,45,289
2842,199,1901,378299,45,290,378289,378317,28,0.35714285714285715,0.07142857142857142,4,1,0.5,0.16666666666666666,2,12,45,290
2843,199,1907,379493,45,291,379459,379499,40,0.85,0.05,4,1,0.5,0.3333333333333333,2,6,45,291
2844,199,1913,380687,45,292,380657,380707,50,0.6,0.64,3,-1,0.5,0.3333333333333333,2,6,45,292
2845,199,1931,384269,45,293,384259,384277,18,0.5555555555555556,0.3888888888888889,4,1,0.5,0.1111111111111111,2,18,45,293
2846,199,1933,384667,45,294,384641,384673,32,0.8125,0.0625,4,1,0.5,0.5,2,2,45,294
2847,199,1949,387851,45,295,387839,387853,14,0.8571428571428571,0.14285714285714285,4,1,0.5,0.0625,2,16,45,295
2848,199,1951,388249,45,296,388237,388253,16,0.75,0.0625,4,1,0.5,0.5,2,2,45,296
2849,199,1973,392627,45,297,392611,392629,18,0.8888888888888888,0.16666666666666666,4,1,0.5,0.13636363636363635,2,22,45,297
2850,199,1979,393821,45,298,393797,393847,50,0.48,0.08,4,1,0.5,0.6666666666666666,2,6,45,298
2851,199,1987,395413,45,299,395407,395429,22,0.2727272727272727,0.2727272727272727,4,0,0.5,0.25,2,8,45,299
2852,199,1993,396607,45,300,396601,396619,18,0.3333333333333333,0.05555555555555555,4,1,0.5,0.6666666666666666,2,6,45,300
2853,199,1997,397403,45,301,397379,397427,48,0.5,0.041666666666666664,4,1,0.5,0.25,2,4,45,301
2854,199,1999,397801,45,302,397799,397807,8,0.25,0.25,4,0,0.5,0.5,2,2,45,302
2855,199,2003,398597,45,303,398591,398609,18,0.3333333333333333,0.1111111111111111,4,1,0.5,0.5,2,4,45,303
2856,211,1009,212899,46,168,212897,212903,6,0.3333333333333333,0.3333333333333333,4,0,0.16666666666666666,0.08333333333333333,12,12,46,168
2857,211,1013,213743,46,169,213737,213751,14,0.42857142857142855,0.14285714285714285,4,1,0.16666666666666666,0.5,12,4,46,169
2858,211,1019,215009,46,170,214993,215051,58,0.27586206896551724,0.06896551724137931,4,1,0.16666666666666666,0.8333333333333334,12,6,46,170
2859,211,1021,215431,46,171,215417,215443,26,0.5384615384615384,0.07692307692307693,4,1,0.16666666666666666,0.5,12,2,46,171
2860,211,1031,217541,46,172,217519,217559,40,0.55,0.075,4,1,0.16666666666666666,0.6,12,10,46,172
2861,211,1033,217963,46,173,217937,217969,32,0.8125,0.0625,4,1,0.16666666666666666,0.5,12,2,46,173
2862,211,1039,219229,46,174,219223,219251,28,0.21428571428571427,0.14285714285714285,4,1,0.16666666666666666,0.6666666666666666,12,6,46,174
2863,211,1049,221339,46,175,221327,221393,66,0.18181818181818182,0.030303030303030304,4,1,0.16666666666666666,0.2,12,10,46,175
2864,211,1051,221761,46,176,221747,221773,26,0.5384615384615384,0.3076923076923077,4,1,0.16666666666666666,0.5,12,2,46,176
2865,211,1061,223871,46,177,223849,223903,54,0.4074074074074074,0.1111111111111111,4,1,0.16666666666666666,0.4,12,10,46,177
2866,211,1063,224293,46,178,224291,224299,8,0.25,0.25,4,0,0.16666666666666666,0.5,12,2,46,178
2867,211,1069,225559,46,179,225529,225569,40,0.75,0.25,4,1,0.16666666666666666,0.6666666666666666,12,6,46,179
2868,211,1087,229357,46,180,229351,229373,22,0.2727272727272727,0.2727272727272727,4,0,0.16666666666666666,0.2222222222222222,12,18,46,180
2869,211,1091,230201,46,181,230189,230203,14,0.8571428571428571,0.14285714285714285,4,1,0.16666666666666666,0.75,12,4,46,181
2870,211,1093,230623,46,182,230611,230647,36,0.3333333333333333,0.05555555555555555,4,1,0.16666666666666666,0.5,12,2,46,182
2871,211,1097,231467,46,183,231463,231479,16,0.25,0.1875,4,1,0.16666666666666666,0.25,12,4,46,183
2872,211,1103,232733,46,184,232711,232741,30,0.7333333333333333,0.2,4,1,0.16666666666666666,0.3333333333333333,12,6,46,184
2873,211,1109,233999,46,185,233993,234007,14,0.42857142857142855,0.2857142857142857,4,1,0.16666666666666666,0.8333333333333334,12,6,46,185
2874,211,1117,235687,46,186,235679,235699,20,0.4,0.1,4,1,0.16666666666666666,0.25,12,8,46,186
2875,211,1123,236953,46,187,236947,236981,34,0.17647058823529413,0.17647058823529413,4,0,0.16666666666666666,0.3333333333333333,12,6,46,187
2876,211,1129,238219,46,188,238213,238223,10,0.6,0.1,4,1,0.16666666666666666,0.5,12,6,46,188
2877,211,1151,242861,46,189,242819,242863,44,0.9545454545454546,0.045454545454545456,4,1,0.16666666666666666,0.18181818181818182,12,22,46,189
2878,211,1153,243283,46,190,243263,243301,38,0.5263157894736842,0.07894736842105263,4,1,0.16666666666666666,0.5,12,2,46,190
2879,211,1163,245393,46,191,245389,245407,18,0.2222222222222222,0.2222222222222222,4,0,0.16666666666666666,0.1,12,10,46,191
2880,211,1171,247081,46,192,247073,247087,14,0.5714285714285714,0.5714285714285714,4,0,0.16666666666666666,0.25,12,8,46,192
2881,211,1181,249191,46,193,249187,249199,12,0.3333333333333333,0.16666666666666666,4,1,0.16666666666666666,0.3,12,10,46,193
2882,211,1187,250457,46,194,250451,250489,38,0.15789473684210525,0.15789473684210525,4,0,0.16666666666666666,0.8333333333333334,12,6,46,194
2883,211,1193,251723,46,195,251707,251737,30,0.5333333333333333,0.06666666666666667,4,1,0.16666666666666666,0.3333333333333333,12,6,46,195
2884,211,1201,253411,46,196,253387,253417,30,0.8,0.06666666666666667,4,1,0.16666666666666666,0.25,12,8,46,196
2885,211,1213,255943,46,197,255923,255947,24,0.8333333333333334,0.25,4,1,0.16666666666666666,0.08333333333333333,12,12,46,197
2886,211,1217,256787,46,198,256771,256799,28,0.5714285714285714,0.21428571428571427,4,1,0.16666666666666666,0.25,12,4,46,198
2887,211,1223,258053,46,199,258031,258061,30,0.7333333333333333,0.06666666666666667,4,1,0.16666666666666666,0.3333333333333333,12,6,46,199
2888,211,1229,259319,46,200,259309,259321,12,0.8333333333333334,0.3333333333333333,4,1,0.16666666666666666,0.5,12,6,46,200
2889,211,1231,259741,46,201,259733,259751,18,0.4444444444444444,0.2222222222222222,4,1,0.16666666666666666,0.5,12,2,46,201
2890,211,1237,261007,46,202,260999,261011,12,0.6666666666666666,0.5,4,1,0.16666666666666666,0.5,12,6,46,202
2891,211,1249,263539,46,203,263537,263561,24,0.08333333333333333,0.08333333333333333,4,0,0.16666666666666666,0.08333333333333333,12,12,46,203
2892,211,1259,265649,46,204,265621,265703,82,0.34146341463414637,0.07317073170731707,4,1,0.16666666666666666,0.4,12,10,46,204
2893,211,1277,269447,46,205,269441,269461,20,0.3,0.1,4,1,0.16666666666666666,0.1111111111111111,12,18,46,205
2894,211,1279,269869,46,206,269851,269879,28,0.6428571428571429,0.35714285714285715,4,1,0.16666666666666666,0.5,12,2,46,206
2895,211,1283,270713,46,207,270709,270719,10,0.4,0.4,4,0,0.16666666666666666,0.75,12,4,46,207
2896,211,1289,271979,46,208,271969,271981,12,0.8333333333333334,0.3333333333333333,4,1,0.16666666666666666,0.3333333333333333,12,6,46,208
2897,211,1291,272401,46,209,272399,272407,8,0.25,0.25,4,0,0.16666666666666666,0.5,12,2,46,209
2898,211,1297,273667,46,210,273653,273697,44,0.3181818181818182,0.13636363636363635,4,1,0.16666666666666666,0.3333333333333333,12,6,46,210
2899,211,1301,274511,46,211,274489,274517,28,0.7857142857142857,0.14285714285714285,4,1,0.16666666666666666,0.5,12,4,46,211
2900,211,1303,274933,46,212,274931,274943,12,0.16666666666666666,0.16666666666666666,4,0,0.16666666666666666,0.5,12,2,46,212
2901,211,1307,275777,46,213,275773,275783,10,0.4,0.4,4,0,0.16666666666666666,0.75,12,4,46,213
2902,211,1319,278309,46,214,278279,278321,42,0.7142857142857143,0.047619047619047616,4,1,0.16666666666666666,0.5,12,12,46,214
2903,211,1321,278731,46,215,278717,278741,24,0.5833333333333334,0.20833333333333334,4,1,0.16666666666666666,0.5,12,2,46,215
2904,211,1327,279997,46,216,279991,280001,10,0.6,0.6,4,0,0.16666666666666666,0.16666666666666666,12,6,46,216
2905,211,1361,287171,46,217,287167,287173,6,0.6666666666666666,0.3333333333333333,4,1,0.16666666666666666,0.058823529411764705,12,34,46,217
2906,211,1367,288437,46,218,288433,288461,28,0.14285714285714285,0.14285714285714285,4,0,0.16666666666666666,0.3333333333333333,12,6,46,218
2907,211,1373,289703,46,219,289669,289717,48,0.7083333333333334,0.041666666666666664,4,1,0.16666666666666666,0.3333333333333333,12,6,46,219
2908,211,1381,291391,46,220,291377,291419,42,0.3333333333333333,0.047619047619047616,4,1,0.16666666666666666,0.75,12,8,46,220
2909,211,1399,295189,46,221,295187,295199,12,0.16666666666666666,0.16666666666666666,4,0,0.16666666666666666,0.05555555555555555,12,18,46,221
2910,211,1409,297299,46,222,297289,297317,28,0.35714285714285715,0.14285714285714285,4,1,0.16666666666666666,0.2,12,10,46,222
2911,211,1423,300253,46,223,300247,300277,30,0.2,0.2,4,0,0.16666666666666666,0.14285714285714285,12,14,46,223
2912,211,1427,301097,46,224,301079,301123,44,0.4090909090909091,0.09090909090909091,4,1,0.16666666666666666,0.75,12,4,46,224
2913,211,1429,301519,46,225,301501,301531,30,0.6,0.06666666666666667,4,1,0.16666666666666666,0.5,12,2,46,225
2914,211,1433,302363,46,226,302329,302399,70,0.4857142857142857,0.12857142857142856,4,1,0.16666666666666666,0.5,12,4,46,226
2915,211,1439,303629,46,227,303619,303643,24,0.4166666666666667,0.08333333333333333,4,1,0.16666666666666666,0.6666666666666666,12,6,46,227
2916,211,1447,305317,46,228,305297,305329,32,0.625,0.0625,4,1,0.16666666666666666,0.25,12,8,46,228
2917,211,1451,306161,46,229,306157,306167,10,0.4,0.4,4,0,0.16666666666666666,0.25,12,4,46,229
2918,211,1453,306583,46,230,306577,306587,10,0.6,0.6,4,0,0.16666666666666666,0.5,12,2,46,230
2919,211,1459,307849,46,231,307843,307859,16,0.375,0.25,4,1,0.16666666666666666,0.16666666666666666,12,6,46,231
2920,211,1471,310381,46,232,310379,310397,18,0.1111111111111111,0.1111111111111111,4,0,0.16666666666666666,0.16666666666666666,12,12,46,232
2921,211,1481,312491,46,233,312469,312509,40,0.55,0.25,4,1,0.16666666666666666,0.2,12,10,46,233
2922,211,1483,312913,46,234,312899,312929,30,0.4666666666666667,0.06666666666666667,4,1,0.16666666666666666,0.5,12,2,46,234
2923,211,1487,313757,46,235,313741,313763,22,0.7272727272727273,0.7272727272727273,4,0,0.16666666666666666,0.75,12,4,46,235
2924,211,1489,314179,46,236,314173,314189,16,0.375,0.25,4,1,0.16666666666666666,0.5,12,2,46,236
2925,211,1493,315023,46,237,315013,315037,24,0.4166666666666667,0.16666666666666666,4,1,0.16666666666666666,0.75,12,4,46,237
2926,211,1499,316289,46,238,316271,316291,20,0.9,0.1,4,1,0.16666666666666666,0.6666666666666666,12,6,46,238
2927,211,1511,318821,46,239,318817,318823,6,0.6666666666666666,0.3333333333333333,4,1,0.16666666666666666,0.16666666666666666,12,12,46,239
2928,211,1523,321353,46,240,321341,321359,18,0.6666666666666666,0.6666666666666666,4,0,0.16666666666666666,0.16666666666666666,12,12,46,240
2929,211,1531,323041,46,241,323027,323053,26,0.5384615384615384,0.07692307692307693,4,1,0.16666666666666666,0.5,12,8,46,241
2930,211,1543,325573,46,242,325571,325597,26,0.07692307692307693,0.07692307692307693,4,0,0.16666666666666666,0.3333333333333333,12,12,46,242
2931,211,1549,326839,46,243,326831,326863,32,0.25,0.09375,4,1,0.16666666666666666,0.5,12,6,46,243
2932,211,1553,327683,46,244,327673,327689,16,0.625,0.25,4,1,0.16666666666666666,0.5,12,4,46,244
2933,211,1559,328949,46,245,328931,328961,30,0.6,0.26666666666666666,4,1,0.16666666666666666,0.3333333333333333,12,6,46,245
2934,211,1567,330637,46,246,330623,330641,18,0.7777777777777778,0.16666666666666666,4,1,0.16666666666666666,0.25,12,8,46,246
2935,211,1571,331481,46,247,331451,331489,38,0.7894736842105263,0.05263157894736842,4,1,0.16666666666666666,0.5,12,4,46,247
2936,211,1579,333169,46,248,333161,333187,26,0.3076923076923077,0.07692307692307693,4,1,0.16666666666666666,0.375,12,8,46,248
2937,211,1583,334013,46,249,333997,334021,24,0.6666666666666666,0.16666666666666666,4,1,0.16666666666666666,0.5,12,4,46,249
2938,211,1597,336967,46,250,336961,336977,16,0.375,0.0625,4,1,0.16666666666666666,0.14285714285714285,12,14,46,250
2939,211,1601,337811,46,251,337793,337817,24,0.75,0.08333333333333333,4,1,0.16666666666666666,0.25,12,4,46,251
2940,211,1607,339077,46,252,339071,339091,20,0.3,0.3,4,0,0.16666666666666666,0.3333333333333333,12,6,46,252
2941,211,1609,339499,46,253,339491,339517,26,0.3076923076923077,0.23076923076923078,4,1,0.16666666666666666,0.5,12,2,46,253
2942,211,1613,340343,46,254,340339,340369,30,0.13333333333333333,0.13333333333333333,4,0,0.16666666666666666,0.5,12,4,46,254
2943,211,1619,341609,46,255,341603,341617,14,0.42857142857142855,0.42857142857142855,4,0,0.16666666666666666,0.8333333333333334,12,6,46,255
2944,211,1621,342031,46,256,341993,342037,44,0.8636363636363636,0.045454545454545456,4,1,0.16666666666666666,0.5,12,2,46,256
2945,211,1627,343297,46,257,343289,343303,14,0.5714285714285714,0.14285714285714285,4,1,0.16666666666666666,0.16666666666666666,12,6,46,257
2946,211,1637,345407,46,258,345379,345413,34,0.8235294117647058,0.058823529411764705,4,1,0.16666666666666666,0.4,12,10,46,258
2947,211,1657,349627,46,259,349603,349637,34,0.7058823529411765,0.11764705882352941,4,1,0.16666666666666666,0.1,12,20,46,259
2948,211,1663,350893,46,260,350891,350899,8,0.25,0.25,4,0,0.16666666666666666,0.16666666666666666,12,6,46,260
2949,211,1667,351737,46,261,351733,351749,16,0.25,0.25,4,0,0.16666666666666666,0.5,12,4,46,261
2950,211,1669,352159,46,262,352133,352181,48,0.5416666666666666,0.125,4,1,0.16666666666666666,0.5,12,2,46,262
2951,211,1693,357223,46,263,357211,357229,18,0.6666666666666666,0.2222222222222222,4,1,0.16666666666666666,0.5,12,24,46,263
2952,211,1697,358067,46,264,358051,358069,18,0.8888888888888888,0.3333333333333333,4,1,0.16666666666666666,0.5,12,4,46,264
2953,211,1699,358489,46,265,358487,358499,12,0.16666666666666666,0.16666666666666666,4,0,0.16666666666666666,0.5,12,2,46,265
2954,211,1709,360599,46,266,360593,360611,18,0.3333333333333333,0.2222222222222222,4,1,0.16666666666666666,0.4,12,10,46,266
2955,211,1721,363131,46,267,363119,363149,30,0.4,0.26666666666666666,4,1,0.16666666666666666,0.16666666666666666,12,12,46,267
2956,211,1723,363553,46,268,363551,363557,6,0.3333333333333333,0.3333333333333333,4,0,0.16666666666666666,0.5,12,2,46,268
2957,211,1733,365663,46,269,365641,365669,28,0.7857142857142857,0.03571428571428571,4,1,0.16666666666666666,0.3,12,10,46,269
2958,211,1741,367351,46,270,367321,367357,36,0.8333333333333334,0.027777777777777776,4,1,0.16666666666666666,0.25,12,8,46,270
2959,211,1747,368617,46,271,368609,368633,24,0.3333333333333333,0.08333333333333333,4,1,0.16666666666666666,0.6666666666666666,12,6,46,271
2960,211,1753,369883,46,272,369877,369893,16,0.375,0.25,4,1,0.16666666666666666,0.6666666666666666,12,6,46,272
2961,211,1759,371149,46,273,371143,371153,10,0.6,0.6,4,0,0.16666666666666666,0.16666666666666666,12,6,46,273
2962,211,1777,374947,46,274,374939,374953,14,0.5714285714285714,0.21428571428571427,4,1,0.16666666666666666,0.1111111111111111,12,18,46,274
2963,211,1783,376213,46,275,376199,376231,32,0.4375,0.4375,4,0,0.16666666666666666,0.3333333333333333,12,6,46,275
2964,211,1787,377057,46,276,377051,377059,8,0.75,0.25,4,1,0.16666666666666666,0.25,12,4,46,276
2965,211,1789,377479,46,277,377477,377491,14,0.14285714285714285,0.14285714285714285,4,0,0.16666666666666666,0.5,12,2,46,277
2966,211,1801,380011,46,278,379999,380041,42,0.2857142857142857,0.09523809523809523,4,1,0.16666666666666666,0.3333333333333333,12,12,46,278
2967,211,1811,382121,46,279,382117,382163,46,0.08695652173913043,0.043478260869565216,4,1,0.16666666666666666,0.2,12,10,46,279
2968,211,1823,384653,46,280,384641,384673,32,0.375,0.0625,4,1,0.16666666666666666,0.25,12,12,46,280
2969,211,1831,386341,46,281,386339,386363,24,0.08333333333333333,0.08333333333333333,4,0,0.16666666666666666,0.75,12,8,46,281
2970,211,1847,389717,46,282,389713,389723,10,0.4,0.4,4,0,0.16666666666666666,0.25,12,16,46,282
2971,211,1861,392671,46,283,392669,392699,30,0.06666666666666667,0.06666666666666667,4,0,0.16666666666666666,0.14285714285714285,12,14,46,283
2972,211,1867,393937,46,284,393931,393947,16,0.375,0.125,4,1,0.16666666666666666,0.6666666666666666,12,6,46,284
2973,211,1871,394781,46,285,394759,394787,28,0.7857142857142857,0.10714285714285714,4,1,0.16666666666666666,0.25,12,4,46,285
2974,211,1873,395203,46,286,395201,395231,30,0.06666666666666667,0.06666666666666667,4,0,0.16666666666666666,0.5,12,2,46,286
2975,211,1877,396047,46,287,396043,396061,18,0.2222222222222222,0.2222222222222222,4,0,0.16666666666666666,0.25,12,4,46,287
2976,211,1879,396469,46,288,396449,396479,30,0.6666666666666666,0.13333333333333333,4,1,0.16666666666666666,0.5,12,2,46,288
2977,211,1889,398579,46,289,398569,398581,12,0.8333333333333334,0.16666666666666666,4,1,0.16666666666666666,0.3,12,10,46,289
2978,211,1901,401111,46,290,401101,401113,12,0.8333333333333334,0.3333333333333333,4,1,0.16666666666666666,0.16666666666666666,12,12,46,290
2979,211,1907,402377,46,291,402371,402379,8,0.75,0.25,4,1,0.16666666666666666,0.3333333333333333,12,6,46,291
2980,211,1913,403643,46,292,403621,403649,28,0.7857142857142857,0.35714285714285715,4,1,0.16666666666666666,0.3333333333333333,12,6,46,292
2981,211,1931,407441,46,293,407437,407471,34,0.11764705882352941,0.11764705882352941,4,0,0.16666666666666666,0.1111111111111111,12,18,46,293
2982,211,1933,407863,46,294,407861,407879,18,0.1111111111111111,0.1111111111111111,4,0,0.16666666666666666,0.5,12,2,46,294
2983,211,1949,411239,46,295,411233,411241,8,0.75,0.625,4,1,0.16666666666666666,0.0625,12,16,46,295
2984,211,1951,411661,46,296,411641,411667,26,0.7692307692307693,0.07692307692307693,4,1,0.16666666666666666,0.5,12,2,46,296
2985,211,1973,416303,46,297,416291,416333,42,0.2857142857142857,0.047619047619047616,4,1,0.16666666666666666,0.13636363636363635,12,22,46,297
2986,211,1979,417569,46,298,417559,417577,18,0.5555555555555556,0.1111111111111111,4,1,0.16666666666666666,0.6666666666666666,12,6,46,298
2987,211,1987,419257,46,299,419249,419261,12,0.6666666666666666,0.6666666666666666,4,0,0.16666666666666666,0.25,12,8,46,299
2988,211,1993,420523,46,300,420521,420551,30,0.06666666666666667,0.06666666666666667,4,0,0.16666666666666666,0.6666666666666666,12,6,46,300
2989,211,1997,421367,46,301,421361,421381,20,0.3,0.3,4,0,0.16666666666666666,0.25,12,4,46,301
2990,211,1999,421789,46,302,421783,421801,18,0.3333333333333333,0.3333333333333333,4,0,0.16666666666666666,0.5,12,2,46,302
2991,211,2003,422633,46,303,422627,422657,30,0.2,0.06666666666666667,4,1,0.16666666666666666,0.5,12,4,46,303
2992,223,1009,225007,47,168,224993,225023,30,0.4666666666666667,0.2,4,1,0.16666666666666666,0.08333333333333333,12,12,47,168
2993,223,1013,225899,47,169,225889,225919,30,0.3333333333333333,0.13333333333333333,4,1,0.16666666666666666,0.5,12,4,47,169
2994,223,1019,227237,47,170,227233,227251,18,0.2222222222222222,0.2222222222222222,4,0,0.16666666666666666,0.8333333333333334,12,6,47,170
2995,223,1021,227683,47,171,227671,227693,22,0.5454545454545454,0.13636363636363635,4,1,0.16666666666666666,0.5,12,2,47,171
2996,223,1031,229913,47,172,229903,229937,34,0.29411764705882354,0.11764705882352941,4,1,0.16666666666666666,0.6,12,10,47,172
2997,223,1033,230359,47,173,230357,230369,12,0.16666666666666666,0.16666666666666666,4,0,0.16666666666666666,0.5,12,2,47,173
2998,223,1039,231697,47,174,231677,231701,24,0.8333333333333334,0.25,4,1,0.16666666666666666,0.6666666666666666,12,6,47,174
2999,223,1049,233927,47,175,233923,233939,16,0.25,0.25,4,0,0.16666666666666666,0.2,12,10,47,175
3000,223,1051,234373,47,176,234361,234383,22,0.5454545454545454,0.09090909090909091,4,1,0.16666666666666666,0.5,12,2,47,176
3001,223,1061,236603,47,177,236573,236609,36,0.8333333333333334,0.16666666666666666,4,1,0.16666666666666666,0.4,12,10,47,177
3002,223,1063,237049,47,178,237043,237053,10,0.6,0.4,4,1,0.16666666666666666,0.5,12,2,47,178
3003,223,1069,238387,47,179,238373,238397,24,0.5833333333333334,0.25,4,1,0.16666666666666666,0.6666666666666666,12,6,47,179
3004,223,1087,242401,47,180,242399,242413,14,0.14285714285714285,0.14285714285714285,4,0,0.16666666666666666,0.2222222222222222,12,18,47,180
3005,223,1091,243293,47,181,243263,243301,38,0.7894736842105263,0.07894736842105263,4,1,0.16666666666666666,0.75,12,4,47,181
3006,223,1093,243739,47,182,243709,243769,60,0.5,0.13333333333333333,4,1,0.16666666666666666,0.5,12,2,47,182
3007,223,1097,244631,47,183,244619,244633,14,0.8571428571428571,0.5714285714285714,4,1,0.16666666666666666,0.25,12,4,47,183
3008,223,1103,245969,47,184,245963,245977,14,0.42857142857142855,0.14285714285714285,4,1,0.16666666666666666,0.3333333333333333,12,6,47,184
3009,223,1109,247307,47,185,247301,247309,8,0.75,0.625,4,1,0.16666666666666666,0.8333333333333334,12,6,47,185
3010,223,1117,249091,47,186,249089,249097,8,0.25,0.25,4,0,0.16666666666666666,0.25,12,8,47,186
3011,223,1123,250429,47,187,250423,250433,10,0.6,0.4,4,1,0.16666666666666666,0.3333333333333333,12,6,47,187
3012,223,1129,251767,47,188,251761,251789,28,0.21428571428571427,0.07142857142857142,4,1,0.16666666666666666,0.5,12,6,47,188
3013,223,1151,256673,47,189,256661,256687,26,0.46153846153846156,0.07692307692307693,4,1,0.16666666666666666,0.18181818181818182,12,22,47,189
3014,223,1153,257119,47,190,257107,257123,16,0.75,0.125,4,1,0.16666666666666666,0.5,12,2,47,190
3015,223,1163,259349,47,191,259339,259379,40,0.25,0.075,4,1,0.16666666666666666,0.1,12,10,47,191
3016,223,1171,261133,47,192,261127,261167,40,0.15,0.15,4,0,0.16666666666666666,0.25,12,8,47,192
3017,223,1181,263363,47,193,263323,263369,46,0.8695652173913043,0.21739130434782608,4,1,0.16666666666666666,0.3,12,10,47,193
3018,223,1187,264701,47,194,264697,264731,34,0.11764705882352941,0.11764705882352941,4,0,0.16666666666666666,0.8333333333333334,12,6,47,194
3019,223,1193,266039,47,195,266029,266047,18,0.5555555555555556,0.2222222222222222,4,1,0.16666666666666666,0.3333333333333333,12,6,47,195
3020,223,1201,267823,47,196,267811,267829,18,0.6666666666666666,0.4444444444444444,4,1,0.16666666666666666,0.25,12,8,47,196
3021,223,1213,270499,47,197,270493,270509,16,0.375,0.25,4,1,0.16666666666666666,0.08333333333333333,12,12,47,197
3022,223,1217,271391,47,198,271367,271393,26,0.9230769230769231,0.07692307692307693,4,1,0.16666666666666666,0.25,12,4,47,198
3023,223,1223,272729,47,199,272719,272737,18,0.5555555555555556,0.1111111111111111,4,1,0.16666666666666666,0.3333333333333333,12,6,47,199
3024,223,1229,274067,47,200,274061,274069,8,0.75,0.25,4,1,0.16666666666666666,0.5,12,6,47,200
3025,223,1231,274513,47,201,274489,274517,28,0.8571428571428571,0.14285714285714285,4,1,0.16666666666666666,0.5,12,2,47,201
3026,223,1237,275851,47,202,275837,275881,44,0.3181818181818182,0.13636363636363635,4,1,0.16666666666666666,0.5,12,6,47,202
3027,223,1249,278527,47,203,278503,278543,40,0.6,0.1,4,1,0.16666666666666666,0.08333333333333333,12,12,47,203
3028,223,1259,280757,47,204,280751,280759,8,0.75,0.25,4,1,0.16666666666666666,0.4,12,10,47,204
3029,223,1277,284771,47,205,284759,284777,18,0.6666666666666666,0.1111111111111111,4,1,0.16666666666666666,0.1111111111111111,12,18,47,205
3030,223,1279,285217,47,206,285199,285221,22,0.8181818181818182,0.13636363636363635,4,1,0.16666666666666666,0.5,12,2,47,206
3031,223,1283,286109,47,207,286103,286129,26,0.23076923076923078,0.07692307692307693,4,1,0.16666666666666666,0.75,12,4,47,207
3032,223,1289,287447,47,208,287437,287449,12,0.8333333333333334,0.08333333333333333,4,1,0.16666666666666666,0.3333333333333333,12,6,47,208
3033,223,1291,287893,47,209,287887,287921,34,0.17647058823529413,0.11764705882352941,4,1,0.16666666666666666,0.5,12,2,47,209
3034,223,1297,289231,47,210,289213,289241,28,0.6428571428571429,0.14285714285714285,4,1,0.16666666666666666,0.3333333333333333,12,6,47,210
3035,223,1301,290123,47,211,290119,290137,18,0.2222222222222222,0.2222222222222222,4,0,0.16666666666666666,0.5,12,4,47,211
3036,223,1303,290569,47,212,290557,290593,36,0.3333333333333333,0.1111111111111111,4,1,0.16666666666666666,0.5,12,2,47,212
3037,223,1307,291461,47,213,291457,291481,24,0.16666666666666666,0.16666666666666666,4,0,0.16666666666666666,0.75,12,4,47,213
3038,223,1319,294137,47,214,294131,294149,18,0.3333333333333333,0.1111111111111111,4,1,0.16666666666666666,0.5,12,12,47,214
3039,223,1321,294583,47,215,294563,294629,66,0.30303030303030304,0.030303030303030304,4,1,0.16666666666666666,0.5,12,2,47,215
3040,223,1327,295921,47,216,295909,295937,28,0.42857142857142855,0.14285714285714285,4,1,0.16666666666666666,0.16666666666666666,12,6,47,216
3041,223,1361,303503,47,217,303497,303529,32,0.1875,0.1875,4,0,0.16666666666666666,0.058823529411764705,12,34,47,217
3042,223,1367,304841,47,218,304831,304847,16,0.625,0.125,4,1,0.16666666666666666,0.3333333333333333,12,6,47,218
3043,223,1373,306179,47,219,306169,306191,22,0.45454545454545453,0.36363636363636365,4,1,0.16666666666666666,0.3333333333333333,12,6,47,219
3044,223,1381,307963,47,220,307939,307969,30,0.8,0.06666666666666667,4,1,0.16666666666666666,0.75,12,8,47,220
3045,223,1399,311977,47,221,311963,311981,18,0.7777777777777778,0.5555555555555556,4,1,0.16666666666666666,0.05555555555555555,12,18,47,221
3046,223,1409,314207,47,222,314189,314213,24,0.75,0.08333333333333333,4,1,0.16666666666666666,0.2,12,10,47,222
3047,223,1423,317329,47,223,317327,317333,6,0.3333333333333333,0.3333333333333333,4,0,0.16666666666666666,0.14285714285714285,12,14,47,223
3048,223,1427,318221,47,224,318211,318229,18,0.5555555555555556,0.3333333333333333,4,1,0.16666666666666666,0.75,12,4,47,224
3049,223,1429,318667,47,225,318653,318671,18,0.7777777777777778,0.2222222222222222,4,1,0.16666666666666666,0.5,12,2,47,225
3050,223,1433,319559,47,226,319547,319567,20,0.6,0.1,4,1,0.16666666666666666,0.5,12,4,47,226
3051,223,1439,320897,47,227,320867,320899,32,0.9375,0.0625,4,1,0.16666666666666666,0.6666666666666666,12,6,47,227
3052,223,1447,322681,47,228,322669,322709,40,0.3,0.1,4,1,0.16666666666666666,0.25,12,8,47,228
3053,223,1451,323573,47,229,323567,323579,12,0.5,0.16666666666666666,4,1,0.16666666666666666,0.25,12,4,47,229
3054,223,1453,324019,47,230,324011,324031,20,0.4,0.1,4,1,0.16666666666666666,0.5,12,2,47,230
3055,223,1459,325357,47,231,325349,325379,30,0.26666666666666666,0.16666666666666666,4,1,0.16666666666666666,0.16666666666666666,12,6,47,231
3056,223,1471,328033,47,232,328007,328037,30,0.8666666666666667,0.06666666666666667,4,1,0.16666666666666666,0.16666666666666666,12,12,47,232
3057,223,1481,330263,47,233,330247,330271,24,0.6666666666666666,0.08333333333333333,4,1,0.16666666666666666,0.2,12,10,47,233
3058,223,1483,330709,47,234,330703,330719,16,0.375,0.25,4,1,0.16666666666666666,0.5,12,2,47,234
3059,223,1487,331601,47,235,331589,331603,14,0.8571428571428571,0.6428571428571429,4,1,0.16666666666666666,0.75,12,4,47,235
3060,223,1489,332047,47,236,332039,332053,14,0.5714285714285714,0.14285714285714285,4,1,0.16666666666666666,0.5,12,2,47,236
3061,223,1493,332939,47,237,332933,332947,14,0.42857142857142855,0.14285714285714285,4,1,0.16666666666666666,0.75,12,4,47,237
3062,223,1499,334277,47,238,334261,334289,28,0.5714285714285714,0.14285714285714285,4,1,0.16666666666666666,0.6666666666666666,12,6,47,238
3063,223,1511,336953,47,239,336929,336961,32,0.75,0.25,4,1,0.16666666666666666,0.16666666666666666,12,12,47,239
3064,223,1523,339629,47,240,339617,339631,14,0.8571428571428571,0.7142857142857143,4,1,0.16666666666666666,0.16666666666666666,12,12,47,240
3065,223,1531,341413,47,241,341357,341423,66,0.8484848484848485,0.09090909090909091,4,1,0.16666666666666666,0.5,12,8,47,241
3066,223,1543,344089,47,242,344083,344111,28,0.21428571428571427,0.14285714285714285,4,1,0.16666666666666666,0.3333333333333333,12,12,47,242
3067,223,1549,345427,47,243,345413,345431,18,0.7777777777777778,0.2777777777777778,4,1,0.16666666666666666,0.5,12,6,47,243
3068,223,1553,346319,47,244,346309,346321,12,0.8333333333333334,0.5,4,1,0.16666666666666666,0.5,12,4,47,244
3069,223,1559,347657,47,245,347651,347671,20,0.3,0.1,4,1,0.16666666666666666,0.3333333333333333,12,6,47,245
3070,223,1567,349441,47,246,349423,349471,48,0.375,0.08333333333333333,4,1,0.16666666666666666,0.25,12,8,47,246
3071,223,1571,350333,47,247,350293,350347,54,0.7407407407407407,0.07407407407407407,4,1,0.16666666666666666,0.5,12,4,47,247
3072,223,1579,352117,47,248,352111,352123,12,0.5,0.16666666666666666,4,1,0.16666666666666666,0.375,12,8,47,248
3073,223,1583,353009,47,249,352991,353011,20,0.9,0.1,4,1,0.16666666666666666,0.5,12,4,47,249
3074,223,1597,356131,47,250,356129,356137,8,0.25,0.25,4,0,0.16666666666666666,0.14285714285714285,12,14,47,250
3075,223,1601,357023,47,251,356999,357031,32,0.75,0.0625,4,1,0.16666666666666666,0.25,12,4,47,251
3076,223,1607,358361,47,252,358349,358373,24,0.5,0.08333333333333333,4,1,0.16666666666666666,0.3333333333333333,12,6,47,252
3077,223,1609,358807,47,253,358793,358811,18,0.7777777777777778,0.4444444444444444,3,1,0.16666666666666666,0.5,12,2,47,253
3078,223,1613,359699,47,254,359663,359701,38,0.9473684210526315,0.05263157894736842,4,1,0.16666666666666666,0.5,12,4,47,254
3079,223,1619,361037,47,255,361033,361069,36,0.1111111111111111,0.1111111111111111,4,0,0.16666666666666666,0.8333333333333334,12,6,47,255
3080,223,1621,361483,47,256,361481,361499,18,0.1111111111111111,0.1111111111111111,4,0,0.16666666666666666,0.5,12,2,47,256
3081,223,1627,362821,47,257,362801,362851,50,0.4,0.04,4,1,0.16666666666666666,0.16666666666666666,12,6,47,257
3082,223,1637,365051,47,258,365039,365063,24,0.5,0.25,4,1,0.16666666666666666,0.4,12,10,47,258
3083,223,1657,369511,47,259,369491,369539,48,0.4166666666666667,0.041666666666666664,4,1,0.16666666666666666,0.1,12,20,47,259
3084,223,1663,370849,47,260,370837,370871,34,0.35294117647058826,0.11764705882352941,4,1,0.16666666666666666,0.16666666666666666,12,6,47,260
3085,223,1667,371741,47,261,371737,371779,42,0.09523809523809523,0.023809523809523808,4,1,0.16666666666666666,0.5,12,4,47,261
3086,223,1669,372187,47,262,372179,372223,44,0.18181818181818182,0.045454545454545456,4,1,0.16666666666666666,0.5,12,2,47,262
3087,223,1693,377539,47,263,377537,377543,6,0.3333333333333333,0.3333333333333333,4,0,0.16666666666666666,0.5,12,24,47,263
3088,223,1697,378431,47,264,378407,378439,32,0.75,0.0625,4,1,0.16666666666666666,0.5,12,4,47,264
3089,223,1699,378877,47,265,378869,378883,14,0.5714285714285714,0.14285714285714285,4,1,0.16666666666666666,0.5,12,2,47,265
3090,223,1709,381107,47,266,381103,381167,64,0.0625,0.0625,4,0,0.16666666666666666,0.4,12,10,47,266
3091,223,1721,383783,47,267,383777,383791,14,0.42857142857142855,0.42857142857142855,4,0,0.16666666666666666,0.16666666666666666,12,12,47,267
3092,223,1723,384229,47,268,384227,384247,20,0.1,0.1,4,0,0.16666666666666666,0.5,12,2,47,268
3093,223,1733,386459,47,269,386437,386471,34,0.6470588235294118,0.058823529411764705,4,1,0.16666666666666666,0.3,12,10,47,269
3094,223,1741,388243,47,270,388237,388253,16,0.375,0.0625,4,1,0.16666666666666666,0.25,12,8,47,270
3095,223,1747,389581,47,271,389579,389591,12,0.16666666666666666,0.16666666666666666,4,0,0.16666666666666666,0.6666666666666666,12,6,47,271
3096,223,1753,390919,47,272,390893,390953,60,0.43333333333333335,0.03333333333333333,4,1,0.16666666666666666,0.6666666666666666,12,6,47,272
3097,223,1759,392257,47,273,392251,392261,10,0.6,0.6,4,0,0.16666666666666666,0.16666666666666666,12,6,47,273
3098,223,1777,396271,47,274,396269,396293,24,0.08333333333333333,0.08333333333333333,4,0,0.16666666666666666,0.1111111111111111,12,18,47,274
3099,223,1783,397609,47,275,397597,397633,36,0.3333333333333333,0.05555555555555555,4,1,0.16666666666666666,0.3333333333333333,12,6,47,275
3100,223,1787,398501,47,276,398491,398509,18,0.5555555555555556,0.16666666666666666,4,1,0.16666666666666666,0.25,12,4,47,276
3101,223,1789,398947,47,277,398941,398969,28,0.21428571428571427,0.21428571428571427,4,0,0.16666666666666666,0.5,12,2,47,277
3102,223,1801,401623,47,278,401593,401627,34,0.8823529411764706,0.029411764705882353,4,1,0.16666666666666666,0.3333333333333333,12,12,47,278
3103,223,1811,403853,47,279,403849,403861,12,0.3333333333333333,0.3333333333333333,4,0,0.16666666666666666,0.2,12,10,47,279
3104,223,1823,406529,47,280,406517,406531,14,0.8571428571428571,0.14285714285714285,4,1,0.16666666666666666,0.25,12,12,47,280
3105,223,1831,408313,47,281,408311,408337,26,0.07692307692307693,0.07692307692307693,4,0,0.16666666666666666,0.75,12,8,47,281
3106,223,1847,411881,47,282,411841,411883,42,0.9523809523809523,0.14285714285714285,4,1,0.16666666666666666,0.25,12,16,47,282
3107,223,1861,415003,47,283,414991,415013,22,0.5454545454545454,0.13636363636363635,4,1,0.16666666666666666,0.14285714285714285,12,14,47,283
3108,223,1867,416341,47,284,416333,416359,26,0.3076923076923077,0.07692307692307693,4,1,0.16666666666666666,0.6666666666666666,12,6,47,284
3109,223,1871,417233,47,285,417227,417239,12,0.5,0.5,4,0,0.16666666666666666,0.25,12,4,47,285
3110,223,1873,417679,47,286,417671,417691,20,0.4,0.15,4,1,0.16666666666666666,0.5,12,2,47,286
3111,223,1877,418571,47,287,418559,418597,38,0.3157894736842105,0.21052631578947367,4,1,0.16666666666666666,0.25,12,4,47,287
3112,223,1879,419017,47,288,418997,419047,50,0.4,0.24,4,1,0.16666666666666666,0.5,12,2,47,288
3113,223,1889,421247,47,289,421241,421273,32,0.1875,0.1875,4,0,0.16666666666666666,0.3,12,10,47,289
3114,223,1901,423923,47,290,423887,423931,44,0.8181818181818182,0.045454545454545456,4,1,0.16666666666666666,0.16666666666666666,12,12,47,290
3115,223,1907,425261,47,291,425251,425273,22,0.45454545454545453,0.13636363636363635,4,1,0.16666666666666666,0.3333333333333333,12,6,47,291
3116,223,1913,426599,47,292,426583,426611,28,0.5714285714285714,0.21428571428571427,4,1,0.16666666666666666,0.3333333333333333,12,6,47,292
3117,223,1931,430613,47,293,430603,430649,46,0.21739130434782608,0.08695652173913043,4,1,0.16666666666666666,0.1111111111111111,12,18,47,293
3118,223,1933,431059,47,294,431051,431063,12,0.6666666666666666,0.6666666666666666,4,0,0.16666666666666666,0.5,12,2,47,294
3119,223,1949,434627,47,295,434611,434647,36,0.4444444444444444,0.08333333333333333,4,1,0.16666666666666666,0.0625,12,16,47,295
3120,223,1951,435073,47,296,435059,435103,44,0.3181818181818182,0.045454545454545456,4,1,0.16666666666666666,0.5,12,2,47,296
3121,223,1973,439979,47,297,439973,439981,8,0.75,0.75,4,0,0.16666666666666666,0.13636363636363635,12,22,47,297
3122,223,1979,441317,47,298,441307,441319,12,0.8333333333333334,0.5,4,1,0.16666666666666666,0.6666666666666666,12,6,47,298
3123,223,1987,443101,47,299,443089,443117,28,0.42857142857142855,0.14285714285714285,4,1,0.16666666666666666,0.25,12,8,47,299
3124,223,1993,444439,47,300,444421,444443,22,0.8181818181818182,0.2727272727272727,4,1,0.16666666666666666,0.6666666666666666,12,6,47,300
3125,223,1997,445331,47,301,445321,445339,18,0.5555555555555556,0.3333333333333333,4,1,0.16666666666666666,0.25,12,4,47,301
3126,223,1999,445777,47,302,445771,445789,18,0.3333333333333333,0.3333333333333333,4,0,0.16666666666666666,0.5,12,2,47,302
3127,223,2003,446669,47,303,446657,446713,56,0.21428571428571427,0.03571428571428571,4,1,0.16666666666666666,0.5,12,4,47,303
3128,227,1009,229043,48,168,229037,229081,44,0.13636363636363635,0.045454545454545456,4,1,0.75,0.08333333333333333,4,12,48,168
3129,227,1013,229951,48,169,229949,229961,12,0.16666666666666666,0.16666666666666666,4,0,0.75,0.5,4,4,48,169
3130,227,1019,231313,48,170,231299,231317,18,0.7777777777777778,0.2222222222222222,4,1,0.75,0.8333333333333334,4,6,48,170
3131,227,1021,231767,48,171,231719,231779,60,0.8,0.05,4,1,0.75,0.5,4,2,48,171
3132,227,1031,234037,48,172,234029,234043,14,0.5714285714285714,0.35714285714285715,4,1,0.75,0.6,4,10,48,172
3133,227,1033,234491,48,173,234473,234499,26,0.6923076923076923,0.19230769230769232,4,1,0.75,0.5,4,2,48,173
3134,227,1039,235853,48,174,235849,235871,22,0.18181818181818182,0.18181818181818182,4,0,0.75,0.6666666666666666,4,6,48,174
3135,227,1049,238123,48,175,238109,238141,32,0.4375,0.0625,4,1,0.75,0.2,4,10,48,175
3136,227,1051,238577,48,176,238573,238591,18,0.2222222222222222,0.2222222222222222,4,0,0.75,0.5,4,2,48,176
3137,227,1061,240847,48,177,240841,240853,12,0.5,0.5,4,0,0.75,0.4,4,10,48,177
3138,227,1063,241301,48,178,241291,241303,12,0.8333333333333334,0.25,4,1,0.75,0.5,4,2,48,178
3139,227,1069,242663,48,179,242659,242677,18,0.2222222222222222,0.2222222222222222,4,0,0.75,0.6666666666666666,4,6,48,179
3140,227,1087,246749,48,180,246739,246769,30,0.3333333333333333,0.23333333333333334,4,1,0.75,0.2222222222222222,4,18,48,180
3141,227,1091,247657,48,181,247651,247691,40,0.15,0.1,4,1,0.75,0.75,4,4,48,181
3142,227,1093,248111,48,182,248099,248117,18,0.6666666666666666,0.4444444444444444,4,1,0.75,0.5,4,2,48,182
3143,227,1097,249019,48,183,249017,249037,20,0.1,0.1,4,0,0.75,0.25,4,4,48,183
3144,227,1103,250381,48,184,250361,250403,42,0.47619047619047616,0.047619047619047616,4,1,0.75,0.3333333333333333,4,6,48,184
3145,227,1109,251743,48,185,251737,251761,24,0.25,0.16666666666666666,4,1,0.75,0.8333333333333334,4,6,48,185
3146,227,1117,253559,48,186,253553,253567,14,0.42857142857142855,0.42857142857142855,4,0,0.75,0.25,4,8,48,186
3147,227,1123,254921,48,187,254911,254927,16,0.625,0.375,4,1,0.75,0.3333333333333333,4,6,48,187
3148,227,1129,256283,48,188,256279,256301,22,0.18181818181818182,0.09090909090909091,4,1,0.75,0.5,4,6,48,188
3149,227,1151,261277,48,189,261271,261281,10,0.6,0.6,4,0,0.75,0.18181818181818182,4,22,48,189
3150,227,1153,261731,48,190,261721,261739,18,0.5555555555555556,0.3333333333333333,4,1,0.75,0.5,4,2,48,190
3151,227,1163,264001,48,191,263983,264007,24,0.75,0.16666666666666666,4,1,0.75,0.1,4,10,48,191
3152,227,1171,265817,48,192,265813,265819,6,0.6666666666666666,0.6666666666666666,4,0,0.75,0.25,4,8,48,192
3153,227,1181,268087,48,193,268069,268091,22,0.8181818181818182,0.4090909090909091,4,1,0.75,0.3,4,10,48,193
3154,227,1187,269449,48,194,269441,269461,20,0.4,0.1,4,1,0.75,0.8333333333333334,4,6,48,194
3155,227,1193,270811,48,195,270799,270821,22,0.5454545454545454,0.3181818181818182,4,1,0.75,0.3333333333333333,4,6,48,195
3156,227,1201,272627,48,196,272621,272651,30,0.2,0.2,4,0,0.75,0.25,4,8,48,196
3157,227,1213,275351,48,197,275339,275357,18,0.6666666666666666,0.1111111111111111,4,1,0.75,0.08333333333333333,4,12,48,197
3158,227,1217,276259,48,198,276257,276277,20,0.1,0.1,4,0,0.75,0.25,4,4,48,198
3159,227,1223,277621,48,199,277603,277637,34,0.5294117647058824,0.11764705882352941,4,1,0.75,0.3333333333333333,4,6,48,199
3160,227,1229,278983,48,200,278981,279001,20,0.1,0.1,4,0,0.75,0.5,4,6,48,200
3161,227,1231,279437,48,201,279431,279443,12,0.5,0.5,4,0,0.75,0.5,4,2,48,201
3162,227,1237,280799,48,202,280771,280811,40,0.7,0.15,4,1,0.75,0.5,4,6,48,202
3163,227,1249,283523,48,203,283519,283541,22,0.18181818181818182,0.13636363636363635,4,1,0.75,0.08333333333333333,4,12,48,203
3164,227,1259,285793,48,204,285781,285823,42,0.2857142857142857,0.047619047619047616,4,1,0.75,0.4,4,10,48,204
3165,227,1277,289879,48,205,289871,289889,18,0.4444444444444444,0.1111111111111111,4,1,0.75,0.1111111111111111,4,18,48,205
3166,227,1279,290333,48,206,290327,290347,20,0.3,0.3,4,0,0.75,0.5,4,2,48,206
3167,227,1283,291241,48,207,291217,291253,36,0.6666666666666666,0.05555555555555555,4,1,0.75,0.75,4,4,48,207
3168,227,1289,292603,48,208,292601,292627,26,0.07692307692307693,0.07692307692307693,4,0,0.75,0.3333333333333333,4,6,48,208
3169,227,1291,293057,48,209,293021,293071,50,0.72,0.04,4,1,0.75,0.5,4,2,48,209
3170,227,1297,294419,48,210,294403,294431,28,0.5714285714285714,0.14285714285714285,4,1,0.75,0.3333333333333333,4,6,48,210
3171,227,1301,295327,48,211,295319,295333,14,0.5714285714285714,0.14285714285714285,4,1,0.75,0.5,4,4,48,211
3172,227,1303,295781,48,212,295777,295787,10,0.4,0.4,4,0,0.75,0.5,4,2,48,212
3173,227,1307,296689,48,213,296687,296693,6,0.3333333333333333,0.3333333333333333,4,0,0.75,0.75,4,4,48,213
3174,227,1319,299413,48,214,299401,299417,16,0.75,0.375,4,1,0.75,0.5,4,12,48,214
3175,227,1321,299867,48,215,299861,299881,20,0.3,0.3,4,0,0.75,0.5,4,2,48,215
3176,227,1327,301229,48,216,301219,301237,18,0.5555555555555556,0.16666666666666666,4,1,0.75,0.16666666666666666,4,6,48,216
3177,227,1361,308947,48,217,308939,308951,12,0.6666666666666666,0.6666666666666666,4,0,0.75,0.058823529411764705,4,34,48,217
3178,227,1367,310309,48,218,310291,310313,22,0.8181818181818182,0.2727272727272727,4,1,0.75,0.3333333333333333,4,6,48,218
3179,227,1373,311671,48,219,311659,311677,18,0.6666666666666666,0.3888888888888889,4,1,0.75,0.3333333333333333,4,6,48,219
3180,227,1381,313487,48,220,313477,313507,30,0.3333333333333333,0.2,4,1,0.75,0.75,4,8,48,220
3181,227,1399,317573,48,221,317563,317587,24,0.4166666666666667,0.16666666666666666,4,1,0.75,0.05555555555555555,4,18,48,221
3182,227,1409,319843,48,222,319831,319849,18,0.6666666666666666,0.3333333333333333,4,1,0.75,0.2,4,10,48,222
3183,227,1423,323021,48,223,323009,323027,18,0.6666666666666666,0.1111111111111111,4,1,0.75,0.14285714285714285,4,14,48,223
3184,227,1427,323929,48,224,323927,323933,6,0.3333333333333333,0.3333333333333333,4,0,0.75,0.75,4,4,48,224
3185,227,1429,324383,48,225,324361,324391,30,0.7333333333333333,0.2,4,1,0.75,0.5,4,2,48,225
3186,227,1433,325291,48,226,325271,325301,30,0.6666666666666666,0.2,4,1,0.75,0.5,4,4,48,226
3187,227,1439,326653,48,227,326633,326657,24,0.8333333333333334,0.08333333333333333,4,1,0.75,0.6666666666666666,4,6,48,227
3188,227,1447,328469,48,228,328439,328481,42,0.7142857142857143,0.047619047619047616,4,1,0.75,0.25,4,8,48,228
3189,227,1451,329377,48,229,329347,329387,40,0.75,0.175,4,1,0.75,0.25,4,4,48,229
3190,227,1453,329831,48,230,329803,329863,60,0.4666666666666667,0.06666666666666667,4,1,0.75,0.5,4,2,48,230
3191,227,1459,331193,48,231,331183,331207,24,0.4166666666666667,0.16666666666666666,4,1,0.75,0.16666666666666666,4,6,48,231
3192,227,1471,333917,48,232,333911,333923,12,0.5,0.16666666666666666,4,1,0.75,0.16666666666666666,4,12,48,232
3193,227,1481,336187,48,233,336181,336199,18,0.3333333333333333,0.1111111111111111,4,1,0.75,0.2,4,10,48,233
3194,227,1483,336641,48,234,336631,336643,12,0.8333333333333334,0.5,4,1,0.75,0.5,4,2,48,234
3195,227,1487,337549,48,235,337543,337583,40,0.15,0.1,4,1,0.75,0.75,4,4,48,235
3196,227,1489,338003,48,236,337999,338017,18,0.2222222222222222,0.2222222222222222,4,0,0.75,0.5,4,2,48,236
3197,227,1493,338911,48,237,338909,338927,18,0.1111111111111111,0.1111111111111111,4,0,0.75,0.75,4,4,48,237
3198,227,1499,340273,48,238,340267,340283,16,0.375,0.25,4,1,0.75,0.6666666666666666,4,6,48,238
3199,227,1511,342997,48,239,342989,343019,30,0.26666666666666666,0.06666666666666667,4,1,0.75,0.16666666666666666,4,12,48,239
3200,227,1523,345721,48,240,345707,345727,20,0.7,0.2,4,1,0.75,0.16666666666666666,4,12,48,240
3201,227,1531,347537,48,241,347533,347539,6,0.6666666666666666,0.6666666666666666,4,0,0.75,0.5,4,8,48,241
3202,227,1543,350261,48,242,350257,350281,24,0.16666666666666666,0.041666666666666664,4,1,0.75,0.3333333333333333,4,12,48,242
3203,227,1549,351623,48,243,351599,351643,44,0.5454545454545454,0.045454545454545456,4,1,0.75,0.5,4,6,48,243
3204,227,1553,352531,48,244,352523,352543,20,0.4,0.4,4,0,0.75,0.5,4,4,48,244
3205,227,1559,353893,48,245,353891,353897,6,0.3333333333333333,0.3333333333333333,4,0,0.75,0.3333333333333333,4,6,48,245
3206,227,1567,355709,48,246,355697,355717,20,0.6,0.3,4,1,0.75,0.25,4,8,48,246
3207,227,1571,356617,48,247,356591,356621,30,0.8666666666666667,0.06666666666666667,4,1,0.75,0.5,4,4,48,247
3208,227,1579,358433,48,248,358429,358441,12,0.3333333333333333,0.3333333333333333,4,0,0.75,0.375,4,8,48,248
3209,227,1583,359341,48,249,359327,359353,26,0.5384615384615384,0.3076923076923077,4,1,0.75,0.5,4,4,48,249
3210,227,1597,362519,48,250,362473,362521,48,0.9583333333333334,0.08333333333333333,4,1,0.75,0.14285714285714285,4,14,48,250
3211,227,1601,363427,48,251,363403,363431,28,0.8571428571428571,0.14285714285714285,4,1,0.75,0.25,4,4,48,251
3212,227,1607,364789,48,252,364759,364801,42,0.7142857142857143,0.14285714285714285,4,1,0.75,0.3333333333333333,4,6,48,252
3213,227,1609,365243,48,253,365231,365249,18,0.6666666666666666,0.1111111111111111,4,1,0.75,0.5,4,2,48,253
3214,227,1613,366151,48,254,366139,366161,22,0.5454545454545454,0.18181818181818182,4,1,0.75,0.5,4,4,48,254
3215,227,1619,367513,48,255,367501,367519,18,0.6666666666666666,0.1111111111111111,4,1,0.75,0.8333333333333334,4,6,48,255
3216,227,1621,367967,48,256,367957,368021,64,0.15625,0.015625,4,1,0.75,0.5,4,2,48,256
3217,227,1627,369329,48,257,369319,369331,12,0.8333333333333334,0.3333333333333333,4,1,0.75,0.16666666666666666,4,6,48,257
3218,227,1637,371599,48,258,371587,371617,30,0.4,0.06666666666666667,4,1,0.75,0.4,4,10,48,258
3219,227,1657,376139,48,259,376133,376147,14,0.42857142857142855,0.14285714285714285,4,1,0.75,0.1,4,20,48,259
3220,227,1663,377501,48,260,377491,377513,22,0.45454545454545453,0.2727272727272727,4,1,0.75,0.16666666666666666,4,6,48,260
3221,227,1667,378409,48,261,378407,378439,32,0.0625,0.0625,4,0,0.75,0.5,4,4,48,261
3222,227,1669,378863,48,262,378823,378869,46,0.8695652173913043,0.08695652173913043,4,1,0.75,0.5,4,2,48,262
3223,227,1693,384311,48,263,384301,384317,16,0.625,0.625,4,0,0.75,0.5,4,24,48,263
3224,227,1697,385219,48,264,385199,385223,24,0.8333333333333334,0.08333333333333333,4,1,0.75,0.5,4,4,48,264
3225,227,1699,385673,48,265,385663,385709,46,0.21739130434782608,0.06521739130434782,4,1,0.75,0.5,4,2,48,265
3226,227,1709,387943,48,266,387917,387953,36,0.7222222222222222,0.3333333333333333,4,1,0.75,0.4,4,10,48,266
3227,227,1721,390667,48,267,390653,390671,18,0.7777777777777778,0.2777777777777778,4,1,0.75,0.16666666666666666,4,12,48,267
3228,227,1723,391121,48,268,391117,391133,16,0.25,0.25,4,0,0.75,0.5,4,2,48,268
3229,227,1733,393391,48,269,393383,393401,18,0.4444444444444444,0.2222222222222222,4,1,0.75,0.3,4,10,48,269
3230,227,1741,395207,48,270,395201,395231,30,0.2,0.06666666666666667,4,1,0.75,0.25,4,8,48,270
3231,227,1747,396569,48,271,396563,396577,14,0.42857142857142855,0.42857142857142855,4,0,0.75,0.6666666666666666,4,6,48,271
3232,227,1753,397931,48,272,397921,397939,18,0.5555555555555556,0.3333333333333333,4,1,0.75,0.6666666666666666,4,6,48,272
3233,227,1759,399293,48,273,399283,399353,70,0.14285714285714285,0.05714285714285714,4,1,0.75,0.16666666666666666,4,6,48,273
3234,227,1777,403379,48,274,403369,403387,18,0.5555555555555556,0.2222222222222222,4,1,0.75,0.1111111111111111,4,18,48,274
3235,227,1783,404741,48,275,404713,404773,60,0.4666666666666667,0.016666666666666666,4,1,0.75,0.3333333333333333,4,6,48,275
3236,227,1787,405649,48,276,405641,405659,18,0.4444444444444444,0.2777777777777778,4,1,0.75,0.25,4,4,48,276
3237,227,1789,406103,48,277,406093,406117,24,0.4166666666666667,0.16666666666666666,4,1,0.75,0.5,4,2,48,277
3238,227,1801,408827,48,278,408817,408841,24,0.4166666666666667,0.08333333333333333,4,1,0.75,0.3333333333333333,4,12,48,278
3239,227,1811,411097,48,279,411083,411101,18,0.7777777777777778,0.1111111111111111,4,1,0.75,0.2,4,10,48,279
3240,227,1823,413821,48,280,413807,413827,20,0.7,0.1,4,1,0.75,0.25,4,12,48,280
3241,227,1831,415637,48,281,415631,415643,12,0.5,0.5,4,0,0.75,0.75,4,8,48,281
3242,227,1847,419269,48,282,419261,419281,20,0.4,0.1,4,1,0.75,0.25,4,16,48,282
3243,227,1861,422447,48,283,422431,422453,22,0.7272727272727273,0.13636363636363635,4,1,0.75,0.14285714285714285,4,14,48,283
3244,227,1867,423809,48,284,423803,423823,20,0.3,0.1,4,1,0.75,0.6666666666666666,4,6,48,284
3245,227,1871,424717,48,285,424709,424727,18,0.4444444444444444,0.4444444444444444,4,0,0.75,0.25,4,4,48,285
3246,227,1873,425171,48,286,425149,425189,40,0.55,0.2,4,1,0.75,0.5,4,2,48,286
3247,227,1877,426079,48,287,426077,426089,12,0.16666666666666666,0.16666666666666666,4,0,0.75,0.25,4,4,48,287
3248,227,1879,426533,48,288,426527,426541,14,0.42857142857142855,0.14285714285714285,4,1,0.75,0.5,4,2,48,288
3249,227,1889,428803,48,289,428801,428807,6,0.3333333333333333,0.3333333333333333,4,0,0.75,0.3,4,10,48,289
3250,227,1901,431527,48,290,431521,431533,12,0.5,0.5,4,0,0.75,0.16666666666666666,4,12,48,290
3251,227,1907,432889,48,291,432869,432893,24,0.8333333333333334,0.08333333333333333,4,1,0.75,0.3333333333333333,4,6,48,291
3252,227,1913,434251,48,292,434249,434261,12,0.16666666666666666,0.16666666666666666,4,0,0.75,0.3333333333333333,4,6,48,292
3253,227,1931,438337,48,293,438329,438341,12,0.6666666666666666,0.16666666666666666,4,1,0.75,0.1111111111111111,4,18,48,293
3254,227,1933,438791,48,294,438769,438793,24,0.9166666666666666,0.16666666666666666,4,1,0.75,0.5,4,2,48,294
3255,227,1949,442423,48,295,442399,442439,40,0.6,0.075,4,1,0.75,0.0625,4,16,48,295
3256,227,1951,442877,48,296,442861,442879,18,0.8888888888888888,0.6666666666666666,4,1,0.75,0.5,4,2,48,296
3257,227,1973,447871,48,297,447859,447877,18,0.6666666666666666,0.1111111111111111,4,1,0.75,0.13636363636363635,4,22,48,297
3258,227,1979,449233,48,298,449227,449243,16,0.375,0.25,4,1,0.75,0.6666666666666666,4,6,48,298
3259,227,1987,451049,48,299,451039,451051,12,0.8333333333333334,0.3333333333333333,4,1,0.75,0.25,4,8,48,299
3260,227,1993,452411,48,300,452401,452443,42,0.23809523809523808,0.023809523809523808,4,1,0.75,0.6666666666666666,4,6,48,300
3261,227,1997,453319,48,301,453317,453329,12,0.16666666666666666,0.16666666666666666,4,0,0.75,0.25,4,4,48,301
3262,227,1999,453773,48,302,453757,453797,40,0.4,0.05,4,1,0.75,0.5,4,2,48,302
3263,227,2003,454681,48,303,454679,454709,30,0.06666666666666667,0.06666666666666667,4,0,0.75,0.5,4,4,48,303
3264,229,1009,231061,49,168,231053,231067,14,0.5714285714285714,0.42857142857142855,4,1,0.5,0.08333333333333333,2,12,49,168
3265,229,1013,231977,49,169,231967,232003,36,0.2777777777777778,0.05555555555555555,4,1,0.5,0.5,2,4,49,169
3266,229,1019,233351,49,170,233347,233353,6,0.6666666666666666,0.3333333333333333,4,1,0.5,0.8333333333333334,2,6,49,170
3267,229,1021,233809,49,171,233777,233837,60,0.5333333333333333,0.13333333333333333,4,1,0.5,0.5,2,2,49,171
3268,229,1031,236099,49,172,236087,236107,20,0.6,0.2,4,1,0.5,0.6,2,10,49,172
3269,229,1033,236557,49,173,236549,236563,14,0.5714285714285714,0.35714285714285715,4,1,0.5,0.5,2,2,49,173
3270,229,1039,237931,49,174,237929,237959,30,0.06666666666666667,0.06666666666666667,4,0,0.5,0.6666666666666666,2,6,49,174
3271,229,1049,240221,49,175,240209,240257,48,0.25,0.041666666666666664,4,1,0.5,0.2,2,10,49,175
3272,229,1051,240679,49,176,240677,240701,24,0.08333333333333333,0.08333333333333333,4,0,0.5,0.5,2,2,49,176
3273,229,1061,242969,49,177,242927,242971,44,0.9545454545454546,0.045454545454545456,4,1,0.5,0.4,2,10,49,177
3274,229,1063,243427,49,178,243421,243431,10,0.6,0.1,4,1,0.5,0.5,2,2,49,178
3275,229,1069,244801,49,179,244787,244813,26,0.5384615384615384,0.23076923076923078,4,1,0.5,0.6666666666666666,2,6,49,179
3276,229,1087,248923,49,180,248909,248971,62,0.22580645161290322,0.0967741935483871,4,1,0.5,0.2222222222222222,2,18,49,180
3277,229,1091,249839,49,181,249833,249853,20,0.3,0.25,4,1,0.5,0.75,2,4,49,181
3278,229,1093,250297,49,182,250279,250301,22,0.8181818181818182,0.13636363636363635,4,1,0.5,0.5,2,2,49,182
3279,229,1097,251213,49,183,251203,251219,16,0.625,0.5,4,1,0.5,0.25,2,4,49,183
3280,229,1103,252587,49,184,252583,252589,6,0.6666666666666666,0.6666666666666666,4,0,0.5,0.3333333333333333,2,6,49,184
3281,229,1109,253961,49,185,253951,253969,18,0.5555555555555556,0.3333333333333333,4,1,0.5,0.8333333333333334,2,6,49,185
3282,229,1117,255793,49,186,255767,255803,36,0.7222222222222222,0.05555555555555555,4,1,0.5,0.25,2,8,49,186
3283,229,1123,257167,49,187,257161,257171,10,0.6,0.6,4,0,0.5,0.3333333333333333,2,6,49,187
3284,229,1129,258541,49,188,258539,258551,12,0.16666666666666666,0.16666666666666666,4,0,0.5,0.5,2,6,49,188
3285,229,1151,263579,49,189,263573,263591,18,0.3333333333333333,0.3333333333333333,4,0,0.5,0.18181818181818182,2,22,49,189
3286,229,1153,264037,49,190,264031,264053,22,0.2727272727272727,0.18181818181818182,4,1,0.5,0.5,2,2,49,190
3287,229,1163,266327,49,191,266297,266333,36,0.8333333333333334,0.16666666666666666,4,1,0.5,0.1,2,10,49,191
3288,229,1171,268159,49,192,268153,268171,18,0.3333333333333333,0.05555555555555555,4,1,0.5,0.25,2,8,49,192
3289,229,1181,270449,49,193,270443,270451,8,0.75,0.5,4,1,0.5,0.3,2,10,49,193
3290,229,1187,271823,49,194,271811,271829,18,0.6666666666666666,0.4444444444444444,4,1,0.5,0.8333333333333334,2,6,49,194
3291,229,1193,273197,49,195,273193,273233,40,0.1,0.1,4,0,0.5,0.3333333333333333,2,6,49,195
3292,229,1201,275029,49,196,275027,275039,12,0.16666666666666666,0.16666666666666666,4,0,0.5,0.25,2,8,49,196
3293,229,1213,277777,49,197,277757,277787,30,0.6666666666666666,0.06666666666666667,4,1,0.5,0.08333333333333333,2,12,49,197
3294,229,1217,278693,49,198,278689,278701,12,0.3333333333333333,0.3333333333333333,4,0,0.5,0.25,2,4,49,198
3295,229,1223,280067,49,199,280061,280069,8,0.75,0.25,4,1,0.5,0.3333333333333333,2,6,49,199
3296,229,1229,281441,49,200,281431,281509,78,0.1282051282051282,0.02564102564102564,4,1,0.5,0.5,2,6,49,200
3297,229,1231,281899,49,201,281893,281921,28,0.21428571428571427,0.21428571428571427,4,0,0.5,0.5,2,2,49,201
3298,229,1237,283273,49,202,283267,283277,10,0.6,0.6,4,0,0.5,0.5,2,6,49,202
3299,229,1249,286021,49,203,286019,286043,24,0.08333333333333333,0.08333333333333333,4,0,0.5,0.08333333333333333,2,12,49,203
3300,229,1259,288311,49,204,288307,288313,6,0.6666666666666666,0.6666666666666666,4,0,0.5,0.4,2,10,49,204
3301,229,1277,292433,49,205,292427,292441,14,0.42857142857142855,0.14285714285714285,4,1,0.5,0.1111111111111111,2,18,49,205
3302,229,1279,292891,49,206,292879,292909,30,0.4,0.13333333333333333,4,1,0.5,0.5,2,2,49,206
3303,229,1283,293807,49,207,293803,293827,24,0.16666666666666666,0.16666666666666666,4,0,0.5,0.75,2,4,49,207
3304,229,1289,295181,49,208,295153,295187,34,0.8235294117647058,0.11764705882352941,4,1,0.5,0.3333333333333333,2,6,49,208
3305,229,1291,295639,49,209,295601,295663,62,0.6129032258064516,0.0967741935483871,4,1,0.5,0.5,2,2,49,209
3306,229,1297,297013,49,210,296987,297019,32,0.8125,0.25,4,1,0.5,0.3333333333333333,2,6,49,210
3307,229,1301,297929,49,211,297911,297931,20,0.9,0.15,4,1,0.5,0.5,2,4,49,211
3308,229,1303,298387,49,212,298373,298399,26,0.5384615384615384,0.23076923076923078,4,1,0.5,0.5,2,2,49,212
3309,229,1307,299303,49,213,299287,299311,24,0.6666666666666666,0.16666666666666666,4,1,0.5,0.75,2,4,49,213
3310,229,1319,302051,49,214,302009,302053,44,0.9545454545454546,0.045454545454545456,4,1,0.5,0.5,2,12,49,214
3311,229,1321,302509,49,215,302507,302513,6,0.3333333333333333,0.3333333333333333,4,0,0.5,0.5,2,2,49,215
3312,229,1327,303883,49,216,303871,303889,18,0.6666666666666666,0.16666666666666666,4,1,0.5,0.16666666666666666,2,6,49,216
3313,229,1361,311669,49,217,311659,311677,18,0.5555555555555556,0.3888888888888889,4,1,0.5,0.058823529411764705,2,34,49,217
3314,229,1367,313043,49,218,313037,313081,44,0.13636363636363635,0.045454545454545456,4,1,0.5,0.3333333333333333,2,6,49,218
3315,229,1373,314417,49,219,314407,314423,16,0.625,0.125,4,1,0.5,0.3333333333333333,2,6,49,219
3316,229,1381,316249,49,220,316243,316259,16,0.375,0.25,4,1,0.5,0.75,2,8,49,220
3317,229,1399,320371,49,221,320339,320377,38,0.8421052631578947,0.05263157894736842,4,1,0.5,0.05555555555555555,2,18,49,221
3318,229,1409,322661,49,222,322649,322669,20,0.6,0.1,4,1,0.5,0.2,2,10,49,222
3319,229,1423,325867,49,223,325861,325877,16,0.375,0.25,4,1,0.5,0.14285714285714285,2,14,49,223
3320,229,1427,326783,49,224,326779,326831,52,0.07692307692307693,0.07692307692307693,4,0,0.5,0.75,2,4,49,224
3321,229,1429,327241,49,225,327211,327247,36,0.8333333333333334,0.2222222222222222,4,1,0.5,0.5,2,2,49,225
3322,229,1433,328157,49,226,328129,328171,42,0.6666666666666666,0.19047619047619047,4,1,0.5,0.5,2,4,49,226
3323,229,1439,329531,49,227,329519,329533,14,0.8571428571428571,0.14285714285714285,4,1,0.5,0.6666666666666666,2,6,49,227
3324,229,1447,331363,49,228,331349,331367,18,0.7777777777777778,0.1111111111111111,4,1,0.5,0.25,2,8,49,228
3325,229,1451,332279,49,229,332273,332287,14,0.42857142857142855,0.42857142857142855,4,0,0.5,0.25,2,4,49,229
3326,229,1453,332737,49,230,332729,332743,14,0.5714285714285714,0.14285714285714285,4,1,0.5,0.5,2,2,49,230
3327,229,1459,334111,49,231,334099,334127,28,0.42857142857142855,0.10714285714285714,4,1,0.5,0.16666666666666666,2,6,49,231
3328,229,1471,336859,49,232,336857,336863,6,0.3333333333333333,0.3333333333333333,4,0,0.5,0.16666666666666666,2,12,49,232
3329,229,1481,339149,49,233,339139,339151,12,0.8333333333333334,0.3333333333333333,4,1,0.5,0.2,2,10,49,233
3330,229,1483,339607,49,234,339601,339613,12,0.5,0.5,4,0,0.5,0.5,2,2,49,234
3331,229,1487,340523,49,235,340519,340541,22,0.18181818181818182,0.18181818181818182,4,0,0.5,0.75,2,4,49,235
3332,229,1489,340981,49,236,340979,340999,20,0.1,0.1,4,0,0.5,0.5,2,2,49,236
3333,229,1493,341897,49,237,341879,341911,32,0.5625,0.0625,4,1,0.5,0.75,2,4,49,237
3334,229,1499,343271,49,238,343267,343289,22,0.18181818181818182,0.18181818181818182,4,0,0.5,0.6666666666666666,2,6,49,238
3335,229,1511,346019,49,239,346013,346039,26,0.23076923076923078,0.07692307692307693,4,1,0.5,0.16666666666666666,2,12,49,239
3336,229,1523,348767,49,240,348763,348769,6,0.6666666666666666,0.6666666666666666,4,0,0.5,0.16666666666666666,2,12,49,240
3337,229,1531,350599,49,241,350593,350617,24,0.25,0.25,4,0,0.5,0.5,2,8,49,241
3338,229,1543,353347,49,242,353341,353359,18,0.3333333333333333,0.3333333333333333,4,0,0.5,0.3333333333333333,2,12,49,242
3339,229,1549,354721,49,243,354703,354727,24,0.75,0.25,4,1,0.5,0.5,2,6,49,243
3340,229,1553,355637,49,244,355633,355643,10,0.4,0.4,4,0,0.5,0.5,2,4,49,244
3341,229,1559,357011,49,245,356999,357031,32,0.375,0.0625,4,1,0.5,0.3333333333333333,2,6,49,245
3342,229,1567,358843,49,246,358829,358847,18,0.7777777777777778,0.1111111111111111,4,1,0.5,0.25,2,8,49,246
3343,229,1571,359759,49,247,359753,359761,8,0.75,0.75,4,0,0.5,0.5,2,4,49,247
3344,229,1579,361591,49,248,361577,361637,60,0.23333333333333334,0.03333333333333333,4,1,0.5,0.375,2,8,49,248
3345,229,1583,362507,49,249,362473,362521,48,0.7083333333333334,0.08333333333333333,4,1,0.5,0.5,2,4,49,249
3346,229,1597,365713,49,250,365699,365747,48,0.2916666666666667,0.0625,4,1,0.5,0.14285714285714285,2,14,49,250
3347,229,1601,366629,49,251,366607,366631,24,0.9166666666666666,0.08333333333333333,4,1,0.5,0.25,2,4,49,251
3348,229,1607,368003,49,252,367957,368021,64,0.71875,0.015625,4,1,0.5,0.3333333333333333,2,6,49,252
3349,229,1609,368461,49,253,368453,368471,18,0.4444444444444444,0.2222222222222222,4,1,0.5,0.5,2,2,49,253
3350,229,1613,369377,49,254,369361,369407,46,0.34782608695652173,0.043478260869565216,4,1,0.5,0.5,2,4,49,254
3351,229,1619,370751,49,255,370723,370759,36,0.7777777777777778,0.08333333333333333,4,1,0.5,0.8333333333333334,2,6,49,255
3352,229,1621,371209,49,256,371191,371213,22,0.8181818181818182,0.09090909090909091,4,1,0.5,0.5,2,2,49,256
3353,229,1627,372583,49,257,372539,372607,68,0.6470588235294118,0.029411764705882353,4,1,0.5,0.16666666666666666,2,6,49,257
3354,229,1637,374873,49,258,374849,374879,30,0.8,0.13333333333333333,4,1,0.5,0.4,2,10,49,258
3355,229,1657,379453,49,259,379451,379459,8,0.25,0.25,4,0,0.5,0.1,2,20,49,259
3356,229,1663,380827,49,260,380819,380837,18,0.4444444444444444,0.1111111111111111,4,1,0.5,0.16666666666666666,2,6,49,260
3357,229,1667,381743,49,261,381739,381749,10,0.4,0.2,4,1,0.5,0.5,2,4,49,261
3358,229,1669,382201,49,262,382189,382229,40,0.3,0.2,4,1,0.5,0.5,2,2,49,262
3359,229,1693,387697,49,263,387683,387707,24,0.5833333333333334,0.16666666666666666,4,1,0.5,0.5,2,24,49,263
3360,229,1697,388613,49,264,388573,388621,48,0.8333333333333334,0.08333333333333333,4,1,0.5,0.5,2,4,49,264
3361,229,1699,389071,49,265,389057,389083,26,0.5384615384615384,0.23076923076923078,4,1,0.5,0.5,2,2,49,265
3362,229,1709,391361,49,266,391351,391367,16,0.625,0.1875,4,1,0.5,0.4,2,10,49,266
3363,229,1721,394109,49,267,394099,394123,24,0.4166666666666667,0.16666666666666666,4,1,0.5,0.16666666666666666,2,12,49,267
3364,229,1723,394567,49,268,394549,394571,22,0.8181818181818182,0.18181818181818182,4,1,0.5,0.5,2,2,49,268
3365,229,1733,396857,49,269,396833,396871,38,0.631578947368421,0.05263157894736842,4,1,0.5,0.3,2,10,49,269
3366,229,1741,398689,49,270,398683,398693,10,0.6,0.3,4,1,0.5,0.25,2,8,49,270
3367,229,1747,400063,49,271,400051,400067,16,0.75,0.125,4,1,0.5,0.6666666666666666,2,6,49,271
3368,229,1753,401437,49,272,401417,401473,56,0.35714285714285715,0.10714285714285714,4,1,0.5,0.6666666666666666,2,6,49,272
3369,229,1759,402811,49,273,402803,402817,14,0.5714285714285714,0.21428571428571427,4,1,0.5,0.16666666666666666,2,6,49,273
3370,229,1777,406933,49,274,406907,406951,44,0.5909090909090909,0.045454545454545456,4,1,0.5,0.1111111111111111,2,18,49,274
3371,229,1783,408307,49,275,408283,408311,28,0.8571428571428571,0.10714285714285714,4,1,0.5,0.3333333333333333,2,6,49,275
3372,229,1787,409223,49,276,409217,409237,20,0.3,0.3,4,0,0.5,0.25,2,4,49,276
3373,229,1789,409681,49,277,409657,409691,34,0.7058823529411765,0.17647058823529413,4,1,0.5,0.5,2,2,49,277
3374,229,1801,412429,49,278,412411,412457,46,0.391304347826087,0.08695652173913043,4,1,0.5,0.3333333333333333,2,12,49,278
3375,229,1811,414719,49,279,414709,414721,12,0.8333333333333334,0.6666666666666666,4,1,0.5,0.2,2,10,49,279
3376,229,1823,417467,49,280,417457,417479,22,0.45454545454545453,0.045454545454545456,4,1,0.5,0.25,2,12,49,280
3377,229,1831,419299,49,281,419297,419303,6,0.3333333333333333,0.3333333333333333,4,0,0.5,0.75,2,8,49,281
3378,229,1847,422963,49,282,422927,422969,42,0.8571428571428571,0.047619047619047616,4,1,0.5,0.25,2,16,49,282
3379,229,1861,426169,49,283,426163,426193,30,0.2,0.2,4,0,0.5,0.14285714285714285,2,14,49,283
3380,229,1867,427543,49,284,427541,427579,38,0.05263157894736842,0.05263157894736842,4,0,0.5,0.6666666666666666,2,6,49,284
3381,229,1871,428459,49,285,428429,428471,42,0.7142857142857143,0.047619047619047616,4,1,0.5,0.25,2,4,49,285
3382,229,1873,428917,49,286,428899,428951,52,0.34615384615384615,0.057692307692307696,4,1,0.5,0.5,2,2,49,286
3383,229,1877,429833,49,287,429827,429851,24,0.25,0.08333333333333333,4,1,0.5,0.25,2,4,49,287
3384,229,1879,430291,49,288,430289,430303,14,0.14285714285714285,0.14285714285714285,4,0,0.5,0.5,2,2,49,288
3385,229,1889,432581,49,289,432577,432587,10,0.4,0.1,4,1,0.5,0.3,2,10,49,289
3386,229,1901,435329,49,290,435317,435343,26,0.46153846153846156,0.19230769230769232,4,1,0.5,0.16666666666666666,2,12,49,290
3387,229,1907,436703,49,291,436693,436717,24,0.4166666666666667,0.16666666666666666,4,1,0.5,0.3333333333333333,2,6,49,291
3388,229,1913,438077,49,292,438049,438091,42,0.6666666666666666,0.23809523809523808,4,1,0.5,0.3333333333333333,2,6,49,292
3389,229,1931,442199,49,293,442193,442201,8,0.75,0.75,4,0,0.5,0.1111111111111111,2,18,49,293
3390,229,1933,442657,49,294,442633,442691,58,0.41379310344827586,0.017241379310344827,4,1,0.5,0.5,2,2,49,294
3391,229,1949,446321,49,295,446309,446323,14,0.8571428571428571,0.14285714285714285,4,1,0.5,0.0625,2,16,49,295
3392,229,1951,446779,49,296,446773,446819,46,0.13043478260869565,0.13043478260869565,4,0,0.5,0.5,2,2,49,296
3393,229,1973,451817,49,297,451799,451823,24,0.75,0.3333333333333333,4,1,0.5,0.13636363636363635,2,22,49,297
3394,229,1979,453191,49,298,453181,453197,16,0.625,0.625,4,0,0.5,0.6666666666666666,2,6,49,298
3395,229,1987,455023,49,299,455011,455033,22,0.5454545454545454,0.2727272727272727,4,1,0.5,0.25,2,8,49,299
3396,229,1993,456397,49,300,456377,456403,26,0.7692307692307693,0.46153846153846156,4,1,0.5,0.6666666666666666,2,6,49,300
3397,229,1997,457313,49,301,457307,457319,12,0.5,0.5,4,0,0.5,0.25,2,4,49,301
3398,229,1999,457771,49,302,457757,457789,32,0.4375,0.0625,4,1,0.5,0.5,2,2,49,302
3399,229,2003,458687,49,303,458683,458701,18,0.2222222222222222,0.16666666666666666,4,1,0.5,0.5,2,4,49,303
3400,233,1009,235097,50,168,235091,235099,8,0.75,0.25,4,1,0.25,0.08333333333333333,4,12,50,168
3401,233,1013,236029,50,169,236021,236053,32,0.25,0.0625,4,1,0.25,0.5,4,4,50,169
3402,233,1019,237427,50,170,237409,237467,58,0.3103448275862069,0.13793103448275862,4,1,0.25,0.8333333333333334,4,6,50,170
3403,233,1021,237893,50,171,237883,237901,18,0.5555555555555556,0.3333333333333333,4,1,0.25,0.5,4,2,50,171
3404,233,1031,240223,50,172,240209,240257,48,0.2916666666666667,0.041666666666666664,4,1,0.25,0.6,4,10,50,172
3405,233,1033,240689,50,173,240677,240701,24,0.5,0.08333333333333333,4,1,0.25,0.5,4,2,50,173
3406,233,1039,242087,50,174,242083,242093,10,0.4,0.4,4,0,0.25,0.6666666666666666,4,6,50,174
3407,233,1049,244417,50,175,244411,244423,12,0.5,0.25,4,1,0.25,0.2,4,10,50,175
3408,233,1051,244883,50,176,244877,244889,12,0.5,0.16666666666666666,4,1,0.25,0.5,4,2,50,176
3409,233,1061,247213,50,177,247201,247223,22,0.5454545454545454,0.045454545454545456,4,1,0.25,0.4,4,10,50,177
3410,233,1063,247679,50,178,247651,247691,40,0.7,0.1,4,1,0.25,0.5,4,2,50,178
3411,233,1069,249077,50,179,249059,249079,20,0.9,0.1,4,1,0.25,0.6666666666666666,4,6,50,179
3412,233,1087,253271,50,180,253247,253273,26,0.9230769230769231,0.07692307692307693,4,1,0.25,0.2222222222222222,4,18,50,180
3413,233,1091,254203,50,181,254197,254207,10,0.6,0.6,4,0,0.25,0.75,4,4,50,181
3414,233,1093,254669,50,182,254663,254699,36,0.16666666666666666,0.16666666666666666,4,0,0.25,0.5,4,2,50,182
3415,233,1097,255601,50,183,255589,255613,24,0.5,0.16666666666666666,4,1,0.25,0.25,4,4,50,183
3416,233,1103,256999,50,184,256981,257003,22,0.8181818181818182,0.09090909090909091,4,1,0.25,0.3333333333333333,4,6,50,184
3417,233,1109,258397,50,185,258389,258403,14,0.5714285714285714,0.14285714285714285,4,1,0.25,0.8333333333333334,4,6,50,185
3418,233,1117,260261,50,186,260231,260263,32,0.9375,0.0625,4,1,0.25,0.25,4,8,50,186
3419,233,1123,261659,50,187,261643,261673,30,0.5333333333333333,0.13333333333333333,4,1,0.25,0.3333333333333333,4,6,50,187
3420,233,1129,263057,50,188,263047,263063,16,0.625,0.125,4,1,0.25,0.5,4,6,50,188
3421,233,1151,268183,50,189,268171,268189,18,0.6666666666666666,0.16666666666666666,4,1,0.25,0.18181818181818182,4,22,50,189
3422,233,1153,268649,50,190,268643,268661,18,0.3333333333333333,0.3333333333333333,4,0,0.25,0.5,4,2,50,190
3423,233,1163,270979,50,191,270973,271003,30,0.2,0.13333333333333333,4,1,0.25,0.1,4,10,50,191
3424,233,1171,272843,50,192,272813,272863,50,0.6,0.04,4,1,0.25,0.25,4,8,50,192
3425,233,1181,275173,50,193,275167,275183,16,0.375,0.375,4,0,0.25,0.3,4,10,50,193
3426,233,1187,276571,50,194,276557,276581,24,0.5833333333333334,0.08333333333333333,4,1,0.25,0.8333333333333334,4,6,50,194
3427,233,1193,277969,50,195,277961,277993,32,0.25,0.0625,4,1,0.25,0.3333333333333333,4,6,50,195
3428,233,1201,279833,50,196,279823,279847,24,0.4166666666666667,0.16666666666666666,4,1,0.25,0.25,4,8,50,196
3429,233,1213,282629,50,197,282617,282661,44,0.2727272727272727,0.045454545454545456,4,1,0.25,0.08333333333333333,4,12,50,197
3430,233,1217,283561,50,198,283553,283571,18,0.4444444444444444,0.1111111111111111,4,1,0.25,0.25,4,4,50,198
3431,233,1223,284959,50,199,284957,284969,12,0.16666666666666666,0.16666666666666666,4,0,0.25,0.3333333333333333,4,6,50,199
3432,233,1229,286357,50,200,286333,286367,34,0.7058823529411765,0.11764705882352941,4,1,0.25,0.5,4,6,50,200
3433,233,1231,286823,50,201,286813,286831,18,0.5555555555555556,0.2222222222222222,4,1,0.25,0.5,4,2,50,201
3434,233,1237,288221,50,202,288209,288227,18,0.6666666666666666,0.4444444444444444,4,1,0.25,0.5,4,6,50,202
3435,233,1249,291017,50,203,291013,291037,24,0.16666666666666666,0.16666666666666666,4,0,0.25,0.08333333333333333,4,12,50,203
3436,233,1259,293347,50,204,293339,293351,12,0.6666666666666666,0.16666666666666666,4,1,0.25,0.4,4,10,50,204
3437,233,1277,297541,50,205,297533,297581,48,0.16666666666666666,0.16666666666666666,4,0,0.25,0.1111111111111111,4,18,50,205
3438,233,1279,298007,50,206,297991,298013,22,0.7272727272727273,0.13636363636363635,4,1,0.25,0.5,4,2,50,206
3439,233,1283,298939,50,207,298937,298943,6,0.3333333333333333,0.3333333333333333,4,0,0.25,0.75,4,4,50,207
3440,233,1289,300337,50,208,300331,300343,12,0.5,0.5,4,0,0.25,0.3333333333333333,4,6,50,208
3441,233,1291,300803,50,209,300799,300809,10,0.4,0.2,4,1,0.25,0.5,4,2,50,209
3442,233,1297,302201,50,210,302191,302213,22,0.45454545454545453,0.36363636363636365,4,1,0.25,0.3333333333333333,4,6,50,210
3443,233,1301,303133,50,211,303119,303139,20,0.7,0.15,4,1,0.25,0.5,4,4,50,211
3444,233,1303,303599,50,212,303593,303613,20,0.3,0.1,4,1,0.25,0.5,4,2,50,212
3445,233,1307,304531,50,213,304523,304537,14,0.5714285714285714,0.42857142857142855,4,1,0.25,0.75,4,4,50,213
3446,233,1319,307327,50,214,307301,307337,36,0.7222222222222222,0.2222222222222222,4,1,0.25,0.5,4,12,50,214
3447,233,1321,307793,50,215,307759,307817,58,0.5862068965517241,0.034482758620689655,4,1,0.25,0.5,4,2,50,215
3448,233,1327,309191,50,216,309173,309193,20,0.9,0.25,4,1,0.25,0.16666666666666666,4,6,50,216
3449,233,1361,317113,50,217,317089,317123,34,0.7058823529411765,0.17647058823529413,4,1,0.25,0.058823529411764705,4,34,50,217
3450,233,1367,318511,50,218,318503,318523,20,0.4,0.3,4,1,0.25,0.3333333333333333,4,6,50,218
3451,233,1373,319909,50,219,319901,319919,18,0.4444444444444444,0.4444444444444444,4,0,0.25,0.3333333333333333,4,6,50,219
3452,233,1381,321773,50,220,321757,321779,22,0.7272727272727273,0.045454545454545456,4,1,0.25,0.75,4,8,50,220
3453,233,1399,325967,50,221,325957,325987,30,0.3333333333333333,0.13333333333333333,4,1,0.25,0.05555555555555555,4,18,50,221
3454,233,1409,328297,50,222,328291,328303,12,0.5,0.25,4,1,0.25,0.2,4,10,50,222
3455,233,1423,331559,50,223,331553,331577,24,0.25,0.20833333333333334,4,1,0.25,0.14285714285714285,4,14,50,223
3456,233,1427,332491,50,224,332489,332509,20,0.1,0.1,4,0,0.25,0.75,4,4,50,224
3457,233,1429,332957,50,225,332951,332987,36,0.16666666666666666,0.05555555555555555,4,1,0.25,0.5,4,2,50,225
3458,233,1433,333889,50,226,333871,333911,40,0.45,0.25,4,1,0.25,0.5,4,4,50,226
3459,233,1439,335287,50,227,335281,335299,18,0.3333333333333333,0.05555555555555555,4,1,0.25,0.6666666666666666,4,6,50,227
3460,233,1447,337151,50,228,337121,337153,32,0.9375,0.0625,4,1,0.25,0.25,4,8,50,228
3461,233,1451,338083,50,229,338033,338119,86,0.5813953488372093,0.023255813953488372,4,1,0.25,0.25,4,4,50,229
3462,233,1453,338549,50,230,338543,338563,20,0.3,0.1,4,1,0.25,0.5,4,2,50,230
3463,233,1459,339947,50,231,339943,339959,16,0.25,0.25,4,0,0.25,0.16666666666666666,4,6,50,231
3464,233,1471,342743,50,232,342733,342757,24,0.4166666666666667,0.16666666666666666,4,1,0.25,0.16666666666666666,4,12,50,232
3465,233,1481,345073,50,233,345067,345089,22,0.2727272727272727,0.2727272727272727,4,0,0.25,0.2,4,10,50,233
3466,233,1483,345539,50,234,345533,345547,14,0.42857142857142855,0.42857142857142855,4,0,0.25,0.5,4,2,50,234
3467,233,1487,346471,50,235,346469,346501,32,0.0625,0.0625,4,0,0.25,0.75,4,4,50,235
3468,233,1489,346937,50,236,346933,346939,6,0.6666666666666666,0.6666666666666666,4,0,0.25,0.5,4,2,50,236
3469,233,1493,347869,50,237,347849,347873,24,0.8333333333333334,0.3333333333333333,4,1,0.25,0.75,4,4,50,237
3470,233,1499,349267,50,238,349241,349291,50,0.52,0.04,4,1,0.25,0.6666666666666666,4,6,50,238
3471,233,1511,352063,50,239,352057,352069,12,0.5,0.16666666666666666,4,1,0.25,0.16666666666666666,4,12,50,239
3472,233,1523,354859,50,240,354847,354869,22,0.5454545454545454,0.2727272727272727,4,1,0.25,0.16666666666666666,4,12,50,240
3473,233,1531,356723,50,241,356701,356731,30,0.7333333333333333,0.03333333333333333,4,1,0.25,0.5,4,8,50,241
3474,233,1543,359519,50,242,359509,359539,30,0.3333333333333333,0.26666666666666666,4,1,0.25,0.3333333333333333,4,12,50,242
3475,233,1549,360917,50,243,360907,360947,40,0.25,0.1,4,1,0.25,0.5,4,6,50,243
3476,233,1553,361849,50,244,361843,361871,28,0.21428571428571427,0.14285714285714285,4,1,0.25,0.5,4,4,50,244
3477,233,1559,363247,50,245,363217,363257,40,0.75,0.025,4,1,0.25,0.3333333333333333,4,6,50,245
3478,233,1567,365111,50,246,365107,365119,12,0.3333333333333333,0.3333333333333333,4,0,0.25,0.25,4,8,50,246
3479,233,1571,366043,50,247,366031,366053,22,0.5454545454545454,0.09090909090909091,4,1,0.25,0.5,4,4,50,247
3480,233,1579,367907,50,248,367889,367909,20,0.9,0.45,4,1,0.25,0.375,4,8,50,248
3481,233,1583,368839,50,249,368833,368857,24,0.25,0.041666666666666664,4,1,0.25,0.5,4,4,50,249
3482,233,1597,372101,50,250,372067,372107,40,0.85,0.15,4,1,0.25,0.14285714285714285,4,14,50,250
3483,233,1601,373033,50,251,373019,373049,30,0.4666666666666667,0.06666666666666667,4,1,0.25,0.25,4,4,50,251
3484,233,1607,374431,50,252,374399,374441,42,0.7619047619047619,0.047619047619047616,4,1,0.25,0.3333333333333333,4,6,50,252
3485,233,1609,374897,50,253,374893,374903,10,0.4,0.4,4,0,0.25,0.5,4,2,50,253
3486,233,1613,375829,50,254,375799,375833,34,0.8823529411764706,0.17647058823529413,4,1,0.25,0.5,4,4,50,254
3487,233,1619,377227,50,255,377219,377231,12,0.6666666666666666,0.16666666666666666,4,1,0.25,0.8333333333333334,4,6,50,255
3488,233,1621,377693,50,256,377687,377711,24,0.25,0.16666666666666666,4,1,0.25,0.5,4,2,50,256
3489,233,1627,379091,50,257,379087,379097,10,0.4,0.4,4,0,0.25,0.16666666666666666,4,6,50,257
3490,233,1637,381421,50,258,381419,381439,20,0.1,0.1,4,0,0.25,0.4,4,10,50,258
3491,233,1657,386081,50,259,386051,386083,32,0.9375,0.0625,4,1,0.25,0.1,4,20,50,259
3492,233,1663,387479,50,260,387463,387493,30,0.5333333333333333,0.13333333333333333,4,1,0.25,0.16666666666666666,4,6,50,260
3493,233,1667,388411,50,261,388403,388459,56,0.14285714285714285,0.03571428571428571,4,1,0.25,0.5,4,4,50,261
3494,233,1669,388877,50,262,388859,388879,20,0.9,0.15,4,1,0.25,0.5,4,2,50,262
3495,233,1693,394469,50,263,394453,394481,28,0.5714285714285714,0.35714285714285715,4,1,0.25,0.5,4,24,50,263
3496,233,1697,395401,50,264,395383,395407,24,0.75,0.16666666666666666,4,1,0.25,0.5,4,4,50,264
3497,233,1699,395867,50,265,395851,395873,22,0.7272727272727273,0.13636363636363635,4,1,0.25,0.5,4,2,50,265
3498,233,1709,398197,50,266,398171,398207,36,0.7222222222222222,0.05555555555555555,4,1,0.25,0.4,4,10,50,266
3499,233,1721,400993,50,267,400963,400997,34,0.8823529411764706,0.08823529411764706,4,1,0.25,0.16666666666666666,4,12,50,267
3500,233,1723,401459,50,268,401417,401473,56,0.75,0.10714285714285714,4,1,0.25,0.5,4,2,50,268
3501,233,1733,403789,50,269,403787,403817,30,0.06666666666666667,0.06666666666666667,4,0,0.25,0.3,4,10,50,269
3502,233,1741,405653,50,270,405641,405659,18,0.6666666666666666,0.2777777777777778,4,1,0.25,0.25,4,8,50,270
3503,233,1747,407051,50,271,407047,407059,12,0.3333333333333333,0.3333333333333333,4,0,0.25,0.6666666666666666,4,6,50,271
3504,233,1753,408449,50,272,408437,408461,24,0.5,0.08333333333333333,4,1,0.25,0.6666666666666666,4,6,50,272
3505,233,1759,409847,50,273,409841,409861,20,0.3,0.1,4,1,0.25,0.16666666666666666,4,6,50,273
3506,233,1777,414041,50,274,414031,414049,18,0.5555555555555556,0.16666666666666666,4,1,0.25,0.1111111111111111,4,18,50,274
3507,233,1783,415439,50,275,415427,415447,20,0.6,0.3,4,1,0.25,0.3333333333333333,4,6,50,275
3508,233,1787,416371,50,276,416359,416387,28,0.42857142857142855,0.14285714285714285,4,1,0.25,0.25,4,4,50,276
3509,233,1789,416837,50,277,416833,416839,6,0.6666666666666666,0.6666666666666666,4,0,0.25,0.5,4,2,50,277
3510,233,1801,419633,50,278,419623,419651,28,0.35714285714285715,0.10714285714285714,4,1,0.25,0.3333333333333333,4,12,50,278
3511,233,1811,421963,50,279,421943,421973,30,0.6666666666666666,0.06666666666666667,4,1,0.25,0.2,4,10,50,279
3512,233,1823,424759,50,280,424757,424769,12,0.16666666666666666,0.16666666666666666,4,0,0.25,0.25,4,12,50,280
3513,233,1831,426623,50,281,426611,426631,20,0.6,0.1,4,1,0.25,0.75,4,8,50,281
3514,233,1847,430351,50,282,430343,430357,14,0.5714285714285714,0.14285714285714285,4,1,0.25,0.25,4,16,50,282
3515,233,1861,433613,50,283,433607,433627,20,0.3,0.1,4,1,0.25,0.14285714285714285,4,14,50,283
3516,233,1867,435011,50,284,434989,435037,48,0.4583333333333333,0.08333333333333333,4,1,0.25,0.6666666666666666,4,6,50,284
3517,233,1871,435943,50,285,435923,435947,24,0.8333333333333334,0.25,4,1,0.25,0.25,4,4,50,285
3518,233,1873,436409,50,286,436399,436417,18,0.5555555555555556,0.3333333333333333,4,1,0.25,0.5,4,2,50,286
3519,233,1877,437341,50,287,437321,437351,30,0.6666666666666666,0.06666666666666667,4,1,0.25,0.25,4,4,50,287
3520,233,1879,437807,50,288,437771,437809,38,0.9473684210526315,0.05263157894736842,4,1,0.25,0.5,4,2,50,288
3521,233,1889,440137,50,289,440131,440159,28,0.21428571428571427,0.21428571428571427,4,0,0.25,0.3,4,10,50,289
3522,233,1901,442933,50,290,442919,442961,42,0.3333333333333333,0.07142857142857142,4,1,0.25,0.16666666666666666,4,12,50,290
3523,233,1907,444331,50,291,444307,444341,34,0.7058823529411765,0.11764705882352941,4,1,0.25,0.3333333333333333,4,6,50,291
3524,233,1913,445729,50,292,445703,445741,38,0.6842105263157895,0.15789473684210525,4,1,0.25,0.3333333333333333,4,6,50,292
3525,233,1931,449923,50,293,449921,449929,8,0.25,0.25,4,0,0.25,0.1111111111111111,4,18,50,293
3526,233,1933,450389,50,294,450383,450391,8,0.75,0.75,4,0,0.25,0.5,4,2,50,294
3527,233,1949,454117,50,295,454109,454141,32,0.25,0.1875,4,1,0.25,0.0625,4,16,50,295
3528,233,1951,454583,50,296,454579,454603,24,0.16666666666666666,0.16666666666666666,4,0,0.25,0.5,4,2,50,296
3529,233,1973,459709,50,297,459703,459749,46,0.13043478260869565,0.08695652173913043,4,1,0.25,0.13636363636363635,4,22,50,297
3530,233,1979,461107,50,298,461101,461119,18,0.3333333333333333,0.05555555555555555,4,1,0.25,0.6666666666666666,4,6,50,298
3531,233,1987,462971,50,299,462953,462983,30,0.6,0.16666666666666666,4,1,0.25,0.25,4,8,50,299
3532,233,1993,464369,50,300,464351,464371,20,0.9,0.1,4,1,0.25,0.6666666666666666,4,6,50,300
3533,233,1997,465301,50,301,465299,465317,18,0.1111111111111111,0.1111111111111111,4,0,0.25,0.25,4,4,50,301
3534,233,1999,465767,50,302,465761,465781,20,0.3,0.1,4,1,0.25,0.5,4,2,50,302
3535,233,2003,466699,50,303,466673,466717,44,0.5909090909090909,0.13636363636363635,4,1,0.25,0.5,4,4,50,303
3536,239,1009,241151,51,168,241141,241169,28,0.35714285714285715,0.21428571428571427,4,1,0.3333333333333333,0.08333333333333333,6,12,51,168
3537,239,1013,242107,51,169,242101,242119,18,0.3333333333333333,0.1111111111111111,4,1,0.3333333333333333,0.5,6,4,51,169
3538,239,1019,243541,51,170,243539,243553,14,0.14285714285714285,0.14285714285714285,4,0,0.3333333333333333,0.8333333333333334,6,6,51,170
3539,239,1021,244019,51,171,244009,244021,12,0.8333333333333334,0.8333333333333334,4,0,0.3333333333333333,0.5,6,2,51,171
3540,239,1031,246409,51,172,246403,246439,36,0.16666666666666666,0.08333333333333333,4,1,0.3333333333333333,0.6,6,10,51,172
3541,239,1033,246887,51,173,246839,246889,50,0.96,0.12,4,1,0.3333333333333333,0.5,6,2,51,173
3542,239,1039,248321,51,174,248317,248323,6,0.6666666666666666,0.6666666666666666,4,0,0.3333333333333333,0.6666666666666666,6,6,51,174
3543,239,1049,250711,51,175,250709,250721,12,0.16666666666666666,0.16666666666666666,4,0,0.3333333333333333,0.2,6,10,51,175
3544,239,1051,251189,51,176,251179,251191,12,0.8333333333333334,0.25,4,1,0.3333333333333333,0.5,6,2,51,176
3545,239,1061,253579,51,177,253573,253601,28,0.21428571428571427,0.14285714285714285,4,1,0.3333333333333333,0.4,6,10,51,177
3546,239,1063,254057,51,178,254053,254071,18,0.2222222222222222,0.2222222222222222,4,0,0.3333333333333333,0.5,6,2,51,178
3547,239,1069,255491,51,179,255487,255499,12,0.3333333333333333,0.3333333333333333,4,0,0.3333333333333333,0.6666666666666666,6,6,51,179
3548,239,1087,259793,51,180,259783,259801,18,0.5555555555555556,0.16666666666666666,4,1,0.3333333333333333,0.2222222222222222,6,18,51,180
3549,239,1091,260749,51,181,260747,260753,6,0.3333333333333333,0.3333333333333333,4,0,0.3333333333333333,0.75,6,4,51,181
3550,239,1093,261227,51,182,261223,261229,6,0.6666666666666666,0.6666666666666666,4,0,0.3333333333333333,0.5,6,2,51,182
3551,239,1097,262183,51,183,262153,262187,34,0.8823529411764706,0.17647058823529413,4,1,0.3333333333333333,0.25,6,4,51,183
3552,239,1103,263617,51,184,263611,263621,10,0.6,0.6,4,0,0.3333333333333333,0.3333333333333333,6,6,51,184
3553,239,1109,265051,51,185,265037,265079,42,0.3333333333333333,0.047619047619047616,4,1,0.3333333333333333,0.8333333333333334,6,6,51,185
3554,239,1117,266963,51,186,266957,266971,14,0.42857142857142855,0.35714285714285715,4,1,0.3333333333333333,0.25,6,8,51,186
3555,239,1123,268397,51,187,268343,268403,60,0.9,0.06666666666666667,4,1,0.3333333333333333,0.3333333333333333,6,6,51,187
3556,239,1129,269831,51,188,269791,269851,60,0.6666666666666666,0.06666666666666667,4,1,0.3333333333333333,0.5,6,6,51,188
3557,239,1151,275089,51,189,275087,275129,42,0.047619047619047616,0.047619047619047616,4,0,0.3333333333333333,0.18181818181818182,6,22,51,189
3558,239,1153,275567,51,190,275549,275573,24,0.75,0.08333333333333333,4,1,0.3333333333333333,0.5,6,2,51,190
3559,239,1163,277957,51,191,277919,277961,42,0.9047619047619048,0.047619047619047616,4,1,0.3333333333333333,0.1,6,10,51,191
3560,239,1171,279869,51,192,279863,279883,20,0.3,0.3,4,0,0.3333333333333333,0.25,6,8,51,192
3561,239,1181,282259,51,193,282253,282281,28,0.21428571428571427,0.14285714285714285,4,1,0.3333333333333333,0.3,6,10,51,193
3562,239,1187,283693,51,194,283687,283697,10,0.6,0.4,4,1,0.3333333333333333,0.8333333333333334,6,6,51,194
3563,239,1193,285127,51,195,285121,285139,18,0.3333333333333333,0.3333333333333333,4,0,0.3333333333333333,0.3333333333333333,6,6,51,195
3564,239,1201,287039,51,196,287003,287047,44,0.8181818181818182,0.06818181818181818,4,1,0.3333333333333333,0.25,6,8,51,196
3565,239,1213,289907,51,197,289897,289937,40,0.25,0.1,4,1,0.3333333333333333,0.08333333333333333,6,12,51,197
3566,239,1217,290863,51,198,290861,290869,8,0.25,0.25,4,0,0.3333333333333333,0.25,6,4,51,198
3567,239,1223,292297,51,199,292283,292301,18,0.7777777777777778,0.2222222222222222,4,1,0.3333333333333333,0.3333333333333333,6,6,51,199
3568,239,1229,293731,51,200,293729,293749,20,0.1,0.1,4,0,0.3333333333333333,0.5,6,6,51,200
3569,239,1231,294209,51,201,294199,294211,12,0.8333333333333334,0.8333333333333334,4,0,0.3333333333333333,0.5,6,2,51,201
3570,239,1237,295643,51,202,295601,295663,62,0.6774193548387096,0.0967741935483871,4,1,0.3333333333333333,0.5,6,6,51,202
3571,239,1249,298511,51,203,298483,298513,30,0.9333333333333333,0.13333333333333333,4,1,0.3333333333333333,0.08333333333333333,6,12,51,203
3572,239,1259,300901,51,204,300893,300929,36,0.2222222222222222,0.2222222222222222,4,0,0.3333333333333333,0.4,6,10,51,204
3573,239,1277,305203,51,205,305147,305209,62,0.9032258064516129,0.03225806451612903,4,1,0.3333333333333333,0.1111111111111111,6,18,51,205
3574,239,1279,305681,51,206,305663,305717,54,0.3333333333333333,0.05555555555555555,4,1,0.3333333333333333,0.5,6,2,51,206
3575,239,1283,306637,51,207,306589,306643,54,0.8888888888888888,0.037037037037037035,4,1,0.3333333333333333,0.75,6,4,51,207
3576,239,1289,308071,51,208,308051,308081,30,0.6666666666666666,0.06666666666666667,4,1,0.3333333333333333,0.3333333333333333,6,6,51,208
3577,239,1291,308549,51,209,308537,308551,14,0.8571428571428571,0.8571428571428571,4,0,0.3333333333333333,0.5,6,2,51,209
3578,239,1297,309983,51,210,309977,309989,12,0.5,0.16666666666666666,4,1,0.3333333333333333,0.3333333333333333,6,6,51,210
3579,239,1301,310939,51,211,310931,310949,18,0.4444444444444444,0.4444444444444444,4,0,0.3333333333333333,0.5,6,4,51,211
3580,239,1303,311417,51,212,311407,311419,12,0.8333333333333334,0.3333333333333333,4,1,0.3333333333333333,0.5,6,2,51,212
3581,239,1307,312373,51,213,312371,312383,12,0.16666666666666666,0.16666666666666666,4,0,0.3333333333333333,0.75,6,4,51,213
3582,239,1319,315241,51,214,315223,315247,24,0.75,0.16666666666666666,4,1,0.3333333333333333,0.5,6,12,51,214
3583,239,1321,315719,51,215,315703,315739,36,0.4444444444444444,0.16666666666666666,4,1,0.3333333333333333,0.5,6,2,51,215
3584,239,1327,317153,51,216,317123,317159,36,0.8333333333333334,0.08333333333333333,4,1,0.3333333333333333,0.16666666666666666,6,6,51,216
3585,239,1361,325279,51,217,325271,325301,30,0.26666666666666666,0.2,4,1,0.3333333333333333,0.058823529411764705,6,34,51,217
3586,239,1367,326713,51,218,326707,326737,30,0.2,0.2,4,0,0.3333333333333333,0.3333333333333333,6,6,51,218
3587,239,1373,328147,51,219,328129,328171,42,0.42857142857142855,0.19047619047619047,4,1,0.3333333333333333,0.3333333333333333,6,6,51,219
3588,239,1381,330059,51,220,330053,330061,8,0.75,0.75,4,0,0.3333333333333333,0.75,6,8,51,220
3589,239,1399,334361,51,221,334349,334363,14,0.8571428571428571,0.14285714285714285,4,1,0.3333333333333333,0.05555555555555555,6,18,51,221
3590,239,1409,336751,51,222,336727,336757,30,0.8,0.13333333333333333,4,1,0.3333333333333333,0.2,6,10,51,222
3591,239,1423,340097,51,223,340079,340103,24,0.75,0.4166666666666667,4,1,0.3333333333333333,0.14285714285714285,6,14,51,223
3592,239,1427,341053,51,224,341041,341057,16,0.75,0.25,4,1,0.3333333333333333,0.75,6,4,51,224
3593,239,1429,341531,51,225,341521,341543,22,0.45454545454545453,0.045454545454545456,4,1,0.3333333333333333,0.5,6,2,51,225
3594,239,1433,342487,51,226,342481,342497,16,0.375,0.125,4,1,0.3333333333333333,0.5,6,4,51,226
3595,239,1439,343921,51,227,343913,343933,20,0.4,0.4,4,0,0.3333333333333333,0.6666666666666666,6,6,51,227
3596,239,1447,345833,51,228,345823,345853,30,0.3333333333333333,0.13333333333333333,4,1,0.3333333333333333,0.25,6,8,51,228
3597,239,1451,346789,51,229,346763,346793,30,0.8666666666666667,0.13333333333333333,4,1,0.3333333333333333,0.25,6,4,51,229
3598,239,1453,347267,51,230,347257,347287,30,0.3333333333333333,0.03333333333333333,4,1,0.3333333333333333,0.5,6,2,51,230
3599,239,1459,348701,51,231,348671,348709,38,0.7894736842105263,0.05263157894736842,4,1,0.3333333333333333,0.16666666666666666,6,6,51,231
3600,239,1471,351569,51,232,351563,351587,24,0.25,0.08333333333333333,4,1,0.3333333333333333,0.16666666666666666,6,12,51,232
3601,239,1481,353959,51,233,353939,353963,24,0.8333333333333334,0.625,4,1,0.3333333333333333,0.2,6,10,51,233
3602,239,1483,354437,51,234,354421,354439,18,0.8888888888888888,0.05555555555555555,4,1,0.3333333333333333,0.5,6,2,51,234
3603,239,1487,355393,51,235,355379,355417,38,0.3684210526315789,0.05263157894736842,4,1,0.3333333333333333,0.75,6,4,51,235
3604,239,1489,355871,51,236,355867,355891,24,0.16666666666666666,0.16666666666666666,4,0,0.3333333333333333,0.5,6,2,51,236
3605,239,1493,356827,51,237,356821,356831,10,0.6,0.6,4,0,0.3333333333333333,0.75,6,4,51,237
3606,239,1499,358261,51,238,358243,358273,30,0.6,0.13333333333333333,4,1,0.3333333333333333,0.6666666666666666,6,6,51,238
3607,239,1511,361129,51,239,361111,361159,48,0.375,0.041666666666666664,4,1,0.3333333333333333,0.16666666666666666,6,12,51,239
3608,239,1523,363997,51,240,363989,364027,38,0.21052631578947367,0.05263157894736842,4,1,0.3333333333333333,0.16666666666666666,6,12,51,240
3609,239,1531,365909,51,241,365903,365929,26,0.23076923076923078,0.07692307692307693,4,1,0.3333333333333333,0.5,6,8,51,241
3610,239,1543,368777,51,242,368773,368783,10,0.4,0.4,4,0,0.3333333333333333,0.3333333333333333,6,12,51,242
3611,239,1549,370211,51,243,370207,370213,6,0.6666666666666666,0.6666666666666666,4,0,0.3333333333333333,0.5,6,6,51,243
3612,239,1553,371167,51,244,371153,371177,24,0.5833333333333334,0.08333333333333333,4,1,0.3333333333333333,0.5,6,4,51,244
3613,239,1559,372601,51,245,372539,372607,68,0.9117647058823529,0.029411764705882353,4,1,0.3333333333333333,0.3333333333333333,6,6,51,245
3614,239,1567,374513,51,246,374501,374531,30,0.4,0.06666666666666667,4,1,0.3333333333333333,0.25,6,8,51,246
3615,239,1571,375469,51,247,375467,375481,14,0.14285714285714285,0.14285714285714285,4,0,0.3333333333333333,0.5,6,4,51,247
3616,239,1579,377381,51,248,377371,377387,16,0.625,0.125,4,1,0.3333333333333333,0.375,6,8,51,248
3617,239,1583,378337,51,249,378317,378353,36,0.5555555555555556,0.05555555555555555,4,1,0.3333333333333333,0.5,6,4,51,249
3618,239,1597,381683,51,250,381673,381697,24,0.4166666666666667,0.041666666666666664,4,1,0.3333333333333333,0.14285714285714285,6,14,51,250
3619,239,1601,382639,51,251,382631,382643,12,0.6666666666666666,0.16666666666666666,4,1,0.3333333333333333,0.25,6,4,51,251
3620,239,1607,384073,51,252,384067,384079,12,0.5,0.3333333333333333,4,1,0.3333333333333333,0.3333333333333333,6,6,51,252
3621,239,1609,384551,51,253,384547,384577,30,0.13333333333333333,0.13333333333333333,4,0,0.3333333333333333,0.5,6,2,51,253
3622,239,1613,385507,51,254,385501,385519,18,0.3333333333333333,0.2222222222222222,4,1,0.3333333333333333,0.5,6,4,51,254
3623,239,1619,386941,51,255,386927,386963,36,0.3888888888888889,0.05555555555555555,4,1,0.3333333333333333,0.8333333333333334,6,6,51,255
3624,239,1621,387419,51,256,387403,387433,30,0.5333333333333333,0.1,4,1,0.3333333333333333,0.5,6,2,51,256
3625,239,1627,388853,51,257,388837,388859,22,0.7272727272727273,0.45454545454545453,4,1,0.3333333333333333,0.16666666666666666,6,6,51,257
3626,239,1637,391243,51,258,391231,391247,16,0.75,0.125,4,1,0.3333333333333333,0.4,6,10,51,258
3627,239,1657,396023,51,259,396001,396029,28,0.7857142857142857,0.07142857142857142,4,1,0.3333333333333333,0.1,6,20,51,259
3628,239,1663,397457,51,260,397433,397459,26,0.9230769230769231,0.19230769230769232,4,1,0.3333333333333333,0.16666666666666666,6,6,51,260
3629,239,1667,398413,51,261,398407,398417,10,0.6,0.6,4,0,0.3333333333333333,0.5,6,4,51,261
3630,239,1669,398891,51,262,398887,398903,16,0.25,0.25,4,0,0.3333333333333333,0.5,6,2,51,262
3631,239,1693,404627,51,263,404597,404671,74,0.40540540540540543,0.02702702702702703,4,1,0.3333333333333333,0.5,6,24,51,263
3632,239,1697,405583,51,264,405577,405599,22,0.2727272727272727,0.09090909090909091,4,1,0.3333333333333333,0.5,6,4,51,264
3633,239,1699,406061,51,265,406037,406067,30,0.8,0.06666666666666667,4,1,0.3333333333333333,0.5,6,2,51,265
3634,239,1709,408451,51,266,408437,408461,24,0.5833333333333334,0.08333333333333333,4,1,0.3333333333333333,0.4,6,10,51,266
3635,239,1721,411319,51,267,411311,411337,26,0.3076923076923077,0.11538461538461539,4,1,0.3333333333333333,0.16666666666666666,6,12,51,267
3636,239,1723,411797,51,268,411779,411799,20,0.9,0.1,4,1,0.3333333333333333,0.5,6,2,51,268
3637,239,1733,414187,51,269,414179,414199,20,0.4,0.1,4,1,0.3333333333333333,0.3,6,10,51,269
3638,239,1741,416099,51,270,416089,416107,18,0.5555555555555556,0.3333333333333333,4,1,0.3333333333333333,0.25,6,8,51,270
3639,239,1747,417533,51,271,417523,417541,18,0.5555555555555556,0.2222222222222222,4,1,0.3333333333333333,0.6666666666666666,6,6,51,271
3640,239,1753,418967,51,272,418961,418981,20,0.3,0.1,4,1,0.3333333333333333,0.6666666666666666,6,6,51,272
3641,239,1759,420401,51,273,420397,420419,22,0.18181818181818182,0.18181818181818182,4,0,0.3333333333333333,0.16666666666666666,6,6,51,273
3642,239,1777,424703,51,274,424693,424709,16,0.625,0.375,4,1,0.3333333333333333,0.1111111111111111,6,18,51,274
3643,239,1783,426137,51,275,426131,426161,30,0.2,0.06666666666666667,4,1,0.3333333333333333,0.3333333333333333,6,6,51,275
3644,239,1787,427093,51,276,427081,427103,22,0.5454545454545454,0.5454545454545454,4,0,0.3333333333333333,0.25,6,4,51,276
3645,239,1789,427571,51,277,427541,427579,38,0.7894736842105263,0.05263157894736842,4,1,0.3333333333333333,0.5,6,2,51,277
3646,239,1801,430439,51,278,430433,430453,20,0.3,0.3,4,0,0.3333333333333333,0.3333333333333333,6,12,51,278
3647,239,1811,432829,51,279,432799,432833,34,0.8823529411764706,0.08823529411764706,4,1,0.3333333333333333,0.2,6,10,51,279
3648,239,1823,435697,51,280,435679,435709,30,0.6,0.13333333333333333,4,1,0.3333333333333333,0.25,6,12,51,280
3649,239,1831,437609,51,281,437587,437629,42,0.5238095238095238,0.16666666666666666,4,1,0.3333333333333333,0.75,6,8,51,281
3650,239,1847,441433,51,282,441421,441443,22,0.5454545454545454,0.45454545454545453,4,1,0.3333333333333333,0.25,6,16,51,282
3651,239,1861,444779,51,283,444767,444791,24,0.5,0.08333333333333333,4,1,0.3333333333333333,0.14285714285714285,6,14,51,283
3652,239,1867,446213,51,284,446197,446221,24,0.6666666666666666,0.041666666666666664,4,1,0.3333333333333333,0.6666666666666666,6,6,51,284
3653,239,1871,447169,51,285,447137,447173,36,0.8888888888888888,0.16666666666666666,4,1,0.3333333333333333,0.25,6,4,51,285
3654,239,1873,447647,51,286,447641,447677,36,0.16666666666666666,0.05555555555555555,4,1,0.3333333333333333,0.5,6,2,51,286
3655,239,1877,448603,51,287,448597,448607,10,0.6,0.1,4,1,0.3333333333333333,0.25,6,4,51,287
3656,239,1879,449081,51,288,449077,449083,6,0.6666666666666666,0.6666666666666666,4,0,0.3333333333333333,0.5,6,2,51,288
3657,239,1889,451471,51,289,451441,451481,40,0.75,0.025,4,1,0.3333333333333333,0.3,6,10,51,289
3658,239,1901,454339,51,290,454331,454351,20,0.4,0.15,4,1,0.3333333333333333,0.16666666666666666,6,12,51,290
3659,239,1907,455773,51,291,455761,455783,22,0.5454545454545454,0.18181818181818182,4,1,0.3333333333333333,0.3333333333333333,6,6,51,291
3660,239,1913,457207,51,292,457201,457213,12,0.5,0.08333333333333333,4,1,0.3333333333333333,0.3333333333333333,6,6,51,292
3661,239,1931,461509,51,293,461507,461521,14,0.14285714285714285,0.14285714285714285,4,0,0.3333333333333333,0.1111111111111111,6,18,51,293
3662,239,1933,461987,51,294,461983,462013,30,0.13333333333333333,0.13333333333333333,4,0,0.3333333333333333,0.5,6,2,51,294
3663,239,1949,465811,51,295,465809,465821,12,0.16666666666666666,0.16666666666666666,4,0,0.3333333333333333,0.0625,6,16,51,295
3664,239,1951,466289,51,296,466283,466303,20,0.3,0.1,4,1,0.3333333333333333,0.5,6,2,51,296
3665,239,1973,471547,51,297,471539,471553,14,0.5714285714285714,0.2857142857142857,4,1,0.3333333333333333,0.13636363636363635,6,22,51,297
3666,239,1979,472981,51,298,472963,472993,30,0.6,0.2,4,1,0.3333333333333333,0.6666666666666666,6,6,51,298
3667,239,1987,474893,51,299,474857,474899,42,0.8571428571428571,0.14285714285714285,4,1,0.3333333333333333,0.25,6,8,51,299
3668,239,1993,476327,51,300,476317,476347,30,0.3333333333333333,0.03333333333333333,4,1,0.3333333333333333,0.6666666666666666,6,6,51,300
3669,239,1997,477283,51,301,477277,477293,16,0.375,0.0625,4,1,0.3333333333333333,0.25,6,4,51,301
3670,239,1999,477761,51,302,477739,477767,28,0.7857142857142857,0.21428571428571427,4,1,0.3333333333333333,0.5,6,2,51,302
3671,239,2003,478717,51,303,478711,478727,16,0.375,0.125,4,1,0.3333333333333333,0.5,6,4,51,303
3672,241,1009,243169,52,168,243167,243197,30,0.06666666666666667,0.06666666666666667,4,0,0.5,0.08333333333333333,2,12,52,168
3673,241,1013,244133,52,169,244129,244141,12,0.3333333333333333,0.3333333333333333,4,0,0.5,0.5,2,4,52,169
3674,241,1019,245579,52,170,245563,245587,24,0.6666666666666666,0.16666666666666666,4,1,0.5,0.8333333333333334,2,6,52,170
3675,241,1021,246061,52,171,246049,246073,24,0.5,0.16666666666666666,4,1,0.5,0.5,2,2,52,171
3676,241,1031,248471,52,172,248461,248473,12,0.8333333333333334,0.08333333333333333,4,1,0.5,0.6,2,10,52,172
3677,241,1033,248953,52,173,248909,248971,62,0.7096774193548387,0.0967741935483871,4,1,0.5,0.5,2,2,52,173
3678,241,1039,250399,52,174,250361,250403,42,0.9047619047619048,0.047619047619047616,4,1,0.5,0.6666666666666666,2,6,52,174
3679,241,1049,252809,52,175,252779,252817,38,0.7894736842105263,0.05263157894736842,4,1,0.5,0.2,2,10,52,175
3680,241,1051,253291,52,176,253273,253307,34,0.5294117647058824,0.11764705882352941,4,1,0.5,0.5,2,2,52,176
3681,241,1061,255701,52,177,255679,255709,30,0.7333333333333333,0.13333333333333333,4,1,0.5,0.4,2,10,52,177
3682,241,1063,256183,52,178,256181,256187,6,0.3333333333333333,0.3333333333333333,4,0,0.5,0.5,2,2,52,178
3683,241,1069,257629,52,179,257627,257639,12,0.16666666666666666,0.16666666666666666,4,0,0.5,0.6666666666666666,2,6,52,179
3684,241,1087,261967,52,180,261959,261971,12,0.6666666666666666,0.16666666666666666,4,1,0.5,0.2222222222222222,2,18,52,180
3685,241,1091,262931,52,181,262909,262937,28,0.7857142857142857,0.21428571428571427,4,1,0.5,0.75,2,4,52,181
3686,241,1093,263413,52,182,263411,263423,12,0.16666666666666666,0.16666666666666666,4,0,0.5,0.5,2,2,52,182
3687,241,1097,264377,52,183,264371,264391,20,0.3,0.1,4,1,0.5,0.25,2,4,52,183
3688,241,1103,265823,52,184,265819,265831,12,0.3333333333333333,0.16666666666666666,4,1,0.5,0.3333333333333333,2,6,52,184
3689,241,1109,267269,52,185,267259,267271,12,0.8333333333333334,0.16666666666666666,4,1,0.5,0.8333333333333334,2,6,52,185
3690,241,1117,269197,52,186,269189,269201,12,0.6666666666666666,0.16666666666666666,4,1,0.5,0.25,2,8,52,186
3691,241,1123,270643,52,187,270631,270653,22,0.5454545454545454,0.2727272727272727,4,1,0.5,0.3333333333333333,2,6,52,187
3692,241,1129,272089,52,188,272059,272093,34,0.8823529411764706,0.11764705882352941,4,1,0.5,0.5,2,6,52,188
3693,241,1151,277391,52,189,277373,277411,38,0.47368421052631576,0.10526315789473684,4,1,0.5,0.18181818181818182,2,22,52,189
3694,241,1153,277873,52,190,277859,277883,24,0.5833333333333334,0.08333333333333333,4,1,0.5,0.5,2,2,52,190
3695,241,1163,280283,52,191,280277,280297,20,0.3,0.1,4,1,0.5,0.1,2,10,52,191
3696,241,1171,282211,52,192,282167,282221,54,0.8148148148148148,0.037037037037037035,4,1,0.5,0.25,2,8,52,192
3697,241,1181,284621,52,193,284593,284623,30,0.9333333333333333,0.03333333333333333,4,1,0.5,0.3,2,10,52,193
3698,241,1187,286067,52,194,286063,286073,10,0.4,0.4,4,0,0.5,0.8333333333333334,2,6,52,194
3699,241,1193,287513,52,195,287503,287537,34,0.29411764705882354,0.17647058823529413,4,1,0.5,0.3333333333333333,2,6,52,195
3700,241,1201,289441,52,196,289439,289453,14,0.14285714285714285,0.14285714285714285,4,0,0.5,0.25,2,8,52,196
3701,241,1213,292333,52,197,292319,292343,24,0.5833333333333334,0.08333333333333333,4,1,0.5,0.08333333333333333,2,12,52,197
3702,241,1217,293297,52,198,293269,293311,42,0.6666666666666666,0.21428571428571427,4,1,0.5,0.25,2,4,52,198
3703,241,1223,294743,52,199,294731,294751,20,0.6,0.3,4,1,0.5,0.3333333333333333,2,6,52,199
3704,241,1229,296189,52,200,296183,296201,18,0.3333333333333333,0.2222222222222222,4,1,0.5,0.5,2,6,52,200
3705,241,1231,296671,52,201,296669,296683,14,0.14285714285714285,0.14285714285714285,4,0,0.5,0.5,2,2,52,201
3706,241,1237,298117,52,202,298099,298153,54,0.3333333333333333,0.037037037037037035,4,1,0.5,0.5,2,6,52,202
3707,241,1249,301009,52,203,300997,301013,16,0.75,0.125,4,1,0.5,0.08333333333333333,2,12,52,203
3708,241,1259,303419,52,204,303409,303421,12,0.8333333333333334,0.3333333333333333,4,1,0.5,0.4,2,10,52,204
3709,241,1277,307757,52,205,307733,307759,26,0.9230769230769231,0.07692307692307693,4,1,0.5,0.1111111111111111,2,18,52,205
3710,241,1279,308239,52,206,308219,308249,30,0.6666666666666666,0.06666666666666667,4,1,0.5,0.5,2,2,52,206
3711,241,1283,309203,52,207,309193,309223,30,0.3333333333333333,0.13333333333333333,4,1,0.5,0.75,2,4,52,207
3712,241,1289,310649,52,208,310643,310663,20,0.3,0.1,4,1,0.5,0.3333333333333333,2,6,52,208
3713,241,1291,311131,52,209,311123,311137,14,0.5714285714285714,0.5714285714285714,4,0,0.5,0.5,2,2,52,209
3714,241,1297,312577,52,210,312563,312581,18,0.7777777777777778,0.3333333333333333,4,1,0.5,0.3333333333333333,2,6,52,210
3715,241,1301,313541,52,211,313517,313543,26,0.9230769230769231,0.23076923076923078,4,1,0.5,0.5,2,4,52,211
3716,241,1303,314023,52,212,314021,314059,38,0.05263157894736842,0.05263157894736842,4,0,0.5,0.5,2,2,52,212
3717,241,1307,314987,52,213,314983,314989,6,0.6666666666666666,0.6666666666666666,4,0,0.5,0.75,2,4,52,213
3718,241,1319,317879,52,214,317857,317887,30,0.7333333333333333,0.06666666666666667,4,1,0.5,0.5,2,12,52,214
3719,241,1321,318361,52,215,318349,318377,28,0.42857142857142855,0.21428571428571427,4,1,0.5,0.5,2,2,52,215
3720,241,1327,319807,52,216,319763,319811,48,0.9166666666666666,0.125,4,1,0.5,0.16666666666666666,2,6,52,216
3721,241,1361,328001,52,217,327983,328007,24,0.75,0.125,4,1,0.5,0.058823529411764705,2,34,52,217
3722,241,1367,329447,52,218,329431,329471,40,0.4,0.15,4,1,0.5,0.3333333333333333,2,6,52,218
3723,241,1373,330893,52,219,330887,330899,12,0.5,0.16666666666666666,4,1,0.5,0.3333333333333333,2,6,52,219
3724,241,1381,332821,52,220,332803,332837,34,0.5294117647058824,0.08823529411764706,4,1,0.5,0.75,2,8,52,220
3725,241,1399,337159,52,221,337153,337189,36,0.16666666666666666,0.16666666666666666,4,0,0.5,0.05555555555555555,2,18,52,221
3726,241,1409,339569,52,222,339557,339583,26,0.46153846153846156,0.07692307692307693,4,1,0.5,0.2,2,10,52,222
3727,241,1423,342943,52,223,342929,342949,20,0.7,0.1,4,1,0.5,0.14285714285714285,2,14,52,223
3728,241,1427,343907,52,224,343901,343913,12,0.5,0.5,4,0,0.5,0.75,2,4,52,224
3729,241,1429,344389,52,225,344371,344417,46,0.391304347826087,0.13043478260869565,4,1,0.5,0.5,2,2,52,225
3730,241,1433,345353,52,226,345329,345379,50,0.48,0.04,4,1,0.5,0.5,2,4,52,226
3731,241,1439,346799,52,227,346793,346831,38,0.15789473684210525,0.15789473684210525,4,0,0.5,0.6666666666666666,2,6,52,227
3732,241,1447,348727,52,228,348709,348731,22,0.8181818181818182,0.18181818181818182,4,1,0.5,0.25,2,8,52,228
3733,241,1451,349691,52,229,349667,349697,30,0.8,0.4666666666666667,4,1,0.5,0.25,2,4,52,229
3734,241,1453,350173,52,230,350159,350179,20,0.7,0.1,4,1,0.5,0.5,2,2,52,230
3735,241,1459,351619,52,231,351599,351643,44,0.45454545454545453,0.045454545454545456,4,1,0.5,0.16666666666666666,2,6,52,231
3736,241,1471,354511,52,232,354479,354533,54,0.5925925925925926,0.037037037037037035,4,1,0.5,0.16666666666666666,2,12,52,232
3737,241,1481,356921,52,233,356893,356927,34,0.8235294117647058,0.029411764705882353,4,1,0.5,0.2,2,10,52,233
3738,241,1483,357403,52,234,357389,357421,32,0.4375,0.0625,4,1,0.5,0.5,2,2,52,234
3739,241,1487,358367,52,235,358349,358373,24,0.75,0.08333333333333333,4,1,0.5,0.75,2,4,52,235
3740,241,1489,358849,52,236,358847,358859,12,0.16666666666666666,0.16666666666666666,4,0,0.5,0.5,2,2,52,236
3741,241,1493,359813,52,237,359783,359837,54,0.5555555555555556,0.07407407407407407,4,1,0.5,0.75,2,4,52,237
3742,241,1499,361259,52,238,361241,361271,30,0.6,0.16666666666666666,4,1,0.5,0.6666666666666666,2,6,52,238
3743,241,1511,364151,52,239,364141,364171,30,0.3333333333333333,0.2,4,1,0.5,0.16666666666666666,2,12,52,239
3744,241,1523,367043,52,240,367033,367049,16,0.625,0.375,4,1,0.5,0.16666666666666666,2,12,52,240
3745,241,1531,368971,52,241,368957,369007,50,0.28,0.04,4,1,0.5,0.5,2,8,52,241
3746,241,1543,371863,52,242,371857,371869,12,0.5,0.16666666666666666,4,1,0.5,0.3333333333333333,2,12,52,242
3747,241,1549,373309,52,243,373301,373327,26,0.3076923076923077,0.19230769230769232,4,1,0.5,0.5,2,6,52,243
3748,241,1553,374273,52,244,374239,374287,48,0.7083333333333334,0.08333333333333333,4,1,0.5,0.5,2,4,52,244
3749,241,1559,375719,52,245,375709,375743,34,0.29411764705882354,0.11764705882352941,4,1,0.5,0.3333333333333333,2,6,52,245
3750,241,1567,377647,52,246,377633,377653,20,0.7,0.1,4,1,0.5,0.25,2,8,52,246
3751,241,1571,378611,52,247,378601,378619,18,0.5555555555555556,0.2222222222222222,4,1,0.5,0.5,2,4,52,247
3752,241,1579,380539,52,248,380533,380557,24,0.25,0.16666666666666666,4,1,0.5,0.375,2,8,52,248
3753,241,1583,381503,52,249,381487,381509,22,0.7272727272727273,0.09090909090909091,4,1,0.5,0.5,2,4,52,249
3754,241,1597,384877,52,250,384851,384889,38,0.6842105263157895,0.05263157894736842,4,1,0.5,0.14285714285714285,2,14,52,250
3755,241,1601,385841,52,251,385837,385843,6,0.6666666666666666,0.6666666666666666,4,0,0.5,0.25,2,4,52,251
3756,241,1607,387287,52,252,387281,387307,26,0.23076923076923078,0.23076923076923078,4,0,0.5,0.3333333333333333,2,6,52,252
3757,241,1609,387769,52,253,387763,387781,18,0.3333333333333333,0.16666666666666666,4,1,0.5,0.5,2,2,52,253
3758,241,1613,388733,52,254,388727,388757,30,0.2,0.06666666666666667,4,1,0.5,0.5,2,4,52,254
3759,241,1619,390179,52,255,390161,390191,30,0.6,0.06666666666666667,4,1,0.5,0.8333333333333334,2,6,52,255
3760,241,1621,390661,52,256,390653,390671,18,0.4444444444444444,0.2777777777777778,4,1,0.5,0.5,2,2,52,256
3761,241,1627,392107,52,257,392101,392111,10,0.6,0.1,4,1,0.5,0.16666666666666666,2,6,52,257
3762,241,1637,394517,52,258,394507,394523,16,0.625,0.25,4,1,0.5,0.4,2,10,52,258
3763,241,1657,399337,52,259,399283,399353,70,0.7714285714285715,0.05714285714285714,4,1,0.5,0.1,2,20,52,259
3764,241,1663,400783,52,260,400759,400823,64,0.375,0.046875,4,1,0.5,0.16666666666666666,2,6,52,260
3765,241,1667,401747,52,261,401743,401771,28,0.14285714285714285,0.14285714285714285,4,0,0.5,0.5,2,4,52,261
3766,241,1669,402229,52,262,402223,402239,16,0.375,0.375,4,0,0.5,0.5,2,2,52,262
3767,241,1693,408013,52,263,408011,408019,8,0.25,0.25,4,0,0.5,0.5,2,24,52,263
3768,241,1697,408977,52,264,408971,408979,8,0.75,0.25,4,1,0.5,0.5,2,4,52,264
3769,241,1699,409459,52,265,409441,409463,22,0.8181818181818182,0.09090909090909091,4,1,0.5,0.5,2,2,52,265
3770,241,1709,411869,52,266,411841,411883,42,0.6666666666666666,0.14285714285714285,4,1,0.5,0.4,2,10,52,266
3771,241,1721,414761,52,267,414737,414763,26,0.9230769230769231,0.15384615384615385,4,1,0.5,0.16666666666666666,2,12,52,267
3772,241,1723,415243,52,268,415231,415253,22,0.5454545454545454,0.18181818181818182,4,1,0.5,0.5,2,2,52,268
3773,241,1733,417653,52,269,417649,417671,22,0.18181818181818182,0.18181818181818182,4,0,0.5,0.3,2,10,52,269
3774,241,1741,419581,52,270,419579,419591,12,0.16666666666666666,0.16666666666666666,4,0,0.5,0.25,2,8,52,270
3775,241,1747,421027,52,271,421019,421033,14,0.5714285714285714,0.14285714285714285,4,1,0.5,0.6666666666666666,2,6,52,271
3776,241,1753,422473,52,272,422459,422479,20,0.7,0.1,4,1,0.5,0.6666666666666666,2,6,52,272
3777,241,1759,423919,52,273,423887,423931,44,0.7272727272727273,0.045454545454545456,4,1,0.5,0.16666666666666666,2,6,52,273
3778,241,1777,428257,52,274,428251,428273,22,0.2727272727272727,0.2727272727272727,4,0,0.5,0.1111111111111111,2,18,52,274
3779,241,1783,429703,52,275,429701,429719,18,0.1111111111111111,0.1111111111111111,4,0,0.5,0.3333333333333333,2,6,52,275
3780,241,1787,430667,52,276,430663,430691,28,0.14285714285714285,0.14285714285714285,4,0,0.5,0.25,2,4,52,276
3781,241,1789,431149,52,277,431147,431153,6,0.3333333333333333,0.3333333333333333,4,0,0.5,0.5,2,2,52,277
3782,241,1801,434041,52,278,434039,434081,42,0.047619047619047616,0.047619047619047616,4,0,0.5,0.3333333333333333,2,12,52,278
3783,241,1811,436451,52,279,436439,436459,20,0.6,0.1,4,1,0.5,0.2,2,10,52,279
3784,241,1823,439343,52,280,439339,439349,10,0.4,0.4,4,0,0.5,0.25,2,12,52,280
3785,241,1831,441271,52,281,441263,441281,18,0.4444444444444444,0.2222222222222222,4,1,0.5,0.75,2,8,52,281
3786,241,1847,445127,52,282,445103,445141,38,0.631578947368421,0.05263157894736842,4,1,0.5,0.25,2,16,52,282
3787,241,1861,448501,52,283,448451,448519,68,0.7352941176470589,0.029411764705882353,4,1,0.5,0.14285714285714285,2,14,52,283
3788,241,1867,449947,52,284,449941,449951,10,0.6,0.4,4,1,0.5,0.6666666666666666,2,6,52,284
3789,241,1871,450911,52,285,450899,450913,14,0.8571428571428571,0.2857142857142857,4,1,0.5,0.25,2,4,52,285
3790,241,1873,451393,52,286,451387,451397,10,0.6,0.4,4,1,0.5,0.5,2,2,52,286
3791,241,1877,452357,52,287,452329,452363,34,0.8235294117647058,0.23529411764705882,4,1,0.5,0.25,2,4,52,287
3792,241,1879,452839,52,288,452831,452857,26,0.3076923076923077,0.07692307692307693,4,1,0.5,0.5,2,2,52,288
3793,241,1889,455249,52,289,455237,455261,24,0.5,0.08333333333333333,4,1,0.5,0.3,2,10,52,289
3794,241,1901,458141,52,290,458123,458173,50,0.36,0.12,4,1,0.5,0.16666666666666666,2,12,52,290
3795,241,1907,459587,52,291,459523,459593,70,0.9142857142857143,0.04285714285714286,4,1,0.5,0.3333333333333333,2,6,52,291
3796,241,1913,461033,52,292,461017,461051,34,0.47058823529411764,0.11764705882352941,4,1,0.5,0.3333333333333333,2,6,52,292
3797,241,1931,465371,52,293,465337,465373,36,0.9444444444444444,0.027777777777777776,4,1,0.5,0.1111111111111111,2,18,52,293
3798,241,1933,465853,52,294,465841,465887,46,0.2608695652173913,0.08695652173913043,4,1,0.5,0.5,2,2,52,294
3799,241,1949,469709,52,295,469691,469717,26,0.6923076923076923,0.11538461538461539,4,1,0.5,0.0625,2,16,52,295
3800,241,1951,470191,52,296,470179,470201,22,0.5454545454545454,0.09090909090909091,4,1,0.5,0.5,2,2,52,296
3801,241,1973,475493,52,297,475483,475511,28,0.35714285714285715,0.21428571428571427,4,1,0.5,0.13636363636363635,2,22,52,297
3802,241,1979,476939,52,298,476929,476977,48,0.20833333333333334,0.08333333333333333,4,1,0.5,0.6666666666666666,2,6,52,298
3803,241,1987,478867,52,299,478861,478871,10,0.6,0.1,4,1,0.5,0.25,2,8,52,299
3804,241,1993,480313,52,300,480299,480317,18,0.7777777777777778,0.16666666666666666,4,1,0.5,0.6666666666666666,2,6,52,300
3805,241,1997,481277,52,301,481249,481297,48,0.5833333333333334,0.08333333333333333,4,1,0.5,0.25,2,4,52,301
3806,241,1999,481759,52,302,481753,481769,16,0.375,0.25,4,1,0.5,0.5,2,2,52,302
3807,241,2003,482723,52,303,482719,482731,12,0.3333333333333333,0.16666666666666666,4,1,0.5,0.5,2,4,52,303
3808,251,1009,253259,53,168,253247,253273,26,0.46153846153846156,0.07692307692307693,4,1,0.6,0.08333333333333333,10,12,53,168
3809,251,1013,254263,53,169,254257,254279,22,0.2727272727272727,0.2727272727272727,4,0,0.6,0.5,10,4,53,169
3810,251,1019,255769,53,170,255767,255803,36,0.05555555555555555,0.05555555555555555,4,0,0.6,0.8333333333333334,10,6,53,170
3811,251,1021,256271,53,171,256219,256279,60,0.8666666666666667,0.05,4,1,0.6,0.5,10,2,53,171
3812,251,1031,258781,53,172,258779,258787,8,0.25,0.25,4,0,0.6,0.6,10,10,53,172
3813,251,1033,259283,53,173,259277,259309,32,0.1875,0.0625,4,1,0.6,0.5,10,2,53,173
3814,251,1039,260789,53,174,260773,260791,18,0.8888888888888888,0.3333333333333333,4,1,0.6,0.6666666666666666,10,6,53,174
3815,251,1049,263299,53,175,263293,263303,10,0.6,0.4,4,1,0.6,0.2,10,10,53,175
3816,251,1051,263801,53,176,263761,263803,42,0.9523809523809523,0.23809523809523808,4,1,0.6,0.5,10,2,53,176
3817,251,1061,266311,53,177,266297,266333,36,0.3888888888888889,0.16666666666666666,4,1,0.6,0.4,10,10,53,177
3818,251,1063,266813,53,178,266801,266821,20,0.6,0.1,4,1,0.6,0.5,10,2,53,178
3819,251,1069,268319,53,179,268297,268343,46,0.4782608695652174,0.08695652173913043,4,1,0.6,0.6666666666666666,10,6,53,179
3820,251,1087,272837,53,180,272813,272863,50,0.48,0.04,4,1,0.6,0.2222222222222222,10,18,53,180
3821,251,1091,273841,53,181,273827,273857,30,0.4666666666666667,0.2,4,1,0.6,0.75,10,4,53,181
3822,251,1093,274343,53,182,274333,274349,16,0.625,0.25,4,1,0.6,0.5,10,2,53,182
3823,251,1097,275347,53,183,275339,275357,18,0.4444444444444444,0.1111111111111111,4,1,0.6,0.25,10,4,53,183
3824,251,1103,276853,53,184,276847,276869,22,0.2727272727272727,0.18181818181818182,4,1,0.6,0.3333333333333333,10,6,53,184
3825,251,1109,278359,53,185,278353,278363,10,0.6,0.1,4,1,0.6,0.8333333333333334,10,6,53,185
3826,251,1117,280367,53,186,280351,280373,22,0.7272727272727273,0.13636363636363635,4,1,0.6,0.25,10,8,53,186
3827,251,1123,281873,53,187,281867,281887,20,0.3,0.3,4,0,0.6,0.3333333333333333,10,6,53,187
3828,251,1129,283379,53,188,283369,283397,28,0.35714285714285715,0.32142857142857145,4,1,0.6,0.5,10,6,53,188
3829,251,1151,288901,53,189,288877,288907,30,0.8,0.03333333333333333,4,1,0.6,0.18181818181818182,10,22,53,189
3830,251,1153,289403,53,190,289397,289417,20,0.3,0.1,4,1,0.6,0.5,10,2,53,190
3831,251,1163,291913,53,191,291901,291923,22,0.5454545454545454,0.09090909090909091,4,1,0.6,0.1,10,10,53,191
3832,251,1171,293921,53,192,293899,293941,42,0.5238095238095238,0.047619047619047616,4,1,0.6,0.25,10,8,53,192
3833,251,1181,296431,53,193,296377,296437,60,0.9,0.1,4,1,0.6,0.3,10,10,53,193
3834,251,1187,297937,53,194,297931,297953,22,0.2727272727272727,0.2727272727272727,4,0,0.6,0.8333333333333334,10,6,53,194
3835,251,1193,299443,53,195,299419,299447,28,0.8571428571428571,0.10714285714285714,4,1,0.6,0.3333333333333333,10,6,53,195
3836,251,1201,301451,53,196,301447,301459,12,0.3333333333333333,0.16666666666666666,4,1,0.6,0.25,10,8,53,196
3837,251,1213,304463,53,197,304459,304477,18,0.2222222222222222,0.16666666666666666,4,1,0.6,0.08333333333333333,10,12,53,197
3838,251,1217,305467,53,198,305449,305471,22,0.8181818181818182,0.2727272727272727,4,1,0.6,0.25,10,4,53,198
3839,251,1223,306973,53,199,306953,306991,38,0.5263157894736842,0.15789473684210525,4,1,0.6,0.3333333333333333,10,6,53,199
3840,251,1229,308479,53,200,308467,308489,22,0.5454545454545454,0.18181818181818182,4,1,0.6,0.5,10,6,53,200
3841,251,1231,308981,53,201,308951,308989,38,0.7894736842105263,0.05263157894736842,4,1,0.6,0.5,10,2,53,201
3842,251,1237,310487,53,202,310481,310489,8,0.75,0.25,4,1,0.6,0.5,10,6,53,202
3843,251,1249,313499,53,203,313477,313507,30,0.7333333333333333,0.2,4,1,0.6,0.08333333333333333,10,12,53,203
3844,251,1259,316009,53,204,316003,316031,28,0.21428571428571427,0.10714285714285714,4,1,0.6,0.4,10,10,53,204
3845,251,1277,320527,53,205,320521,320533,12,0.5,0.5,4,0,0.6,0.1111111111111111,10,18,53,205
3846,251,1279,321029,53,206,321017,321031,14,0.8571428571428571,0.14285714285714285,4,1,0.6,0.5,10,2,53,206
3847,251,1283,322033,53,207,322013,322037,24,0.8333333333333334,0.08333333333333333,4,1,0.6,0.75,10,4,53,207
3848,251,1289,323539,53,208,323537,323549,12,0.16666666666666666,0.16666666666666666,4,0,0.6,0.3333333333333333,10,6,53,208
3849,251,1291,324041,53,209,324031,324053,22,0.45454545454545453,0.09090909090909091,4,1,0.6,0.5,10,2,53,209
3850,251,1297,325547,53,210,325543,325571,28,0.14285714285714285,0.14285714285714285,4,0,0.6,0.3333333333333333,10,6,53,210
3851,251,1301,326551,53,211,326549,326561,12,0.16666666666666666,0.16666666666666666,4,0,0.6,0.5,10,4,53,211
3852,251,1303,327053,53,212,327023,327059,36,0.8333333333333334,0.16666666666666666,4,1,0.6,0.5,10,2,53,212
3853,251,1307,328057,53,213,328051,328061,10,0.6,0.6,4,0,0.6,0.75,10,4,53,213
3854,251,1319,331069,53,214,331063,331081,18,0.3333333333333333,0.16666666666666666,4,1,0.6,0.5,10,12,53,214
3855,251,1321,331571,53,215,331553,331577,24,0.75,0.20833333333333334,4,1,0.6,0.5,10,2,53,215
3856,251,1327,333077,53,216,333071,333097,26,0.23076923076923078,0.07692307692307693,4,1,0.6,0.16666666666666666,10,6,53,216
3857,251,1361,341611,53,217,341603,341617,14,0.5714285714285714,0.42857142857142855,4,1,0.6,0.058823529411764705,10,34,53,217
3858,251,1367,343117,53,218,343087,343127,40,0.75,0.15,4,1,0.6,0.3333333333333333,10,6,53,218
3859,251,1373,344623,53,219,344621,344629,8,0.25,0.25,4,0,0.6,0.3333333333333333,10,6,53,219
3860,251,1381,346631,53,220,346627,346639,12,0.3333333333333333,0.3333333333333333,4,0,0.6,0.75,10,8,53,220
3861,251,1399,351149,53,221,351133,351151,18,0.8888888888888888,0.3333333333333333,4,1,0.6,0.05555555555555555,10,18,53,221
3862,251,1409,353659,53,222,353657,353677,20,0.1,0.1,4,0,0.6,0.2,10,10,53,222
3863,251,1423,357173,53,223,357169,357179,10,0.4,0.2,4,1,0.6,0.14285714285714285,10,14,53,223
3864,251,1427,358177,53,224,358159,358181,22,0.8181818181818182,0.18181818181818182,4,1,0.6,0.75,10,4,53,224
3865,251,1429,358679,53,225,358669,358681,12,0.8333333333333334,0.16666666666666666,4,1,0.6,0.5,10,2,53,225
3866,251,1433,359683,53,226,359663,359701,38,0.5263157894736842,0.05263157894736842,4,1,0.6,0.5,10,4,53,226
3867,251,1439,361189,53,227,361183,361211,28,0.21428571428571427,0.6428571428571429,3,-1,0.6,0.6666666666666666,10,6,53,227
3868,251,1447,363197,53,228,363179,363199,20,0.9,0.2,4,1,0.6,0.25,10,8,53,228
3869,251,1451,364201,53,229,364193,364213,20,0.4,0.25,4,1,0.6,0.25,10,4,53,229
3870,251,1453,364703,53,230,364699,364717,18,0.2222222222222222,0.2222222222222222,4,0,0.6,0.5,10,2,53,230
3871,251,1459,366209,53,231,366199,366211,12,0.8333333333333334,0.3333333333333333,4,1,0.6,0.16666666666666666,10,6,53,231
3872,251,1471,369221,53,232,369211,369247,36,0.2777777777777778,0.08333333333333333,4,1,0.6,0.16666666666666666,10,12,53,232
3873,251,1481,371731,53,233,371719,371737,18,0.6666666666666666,0.5555555555555556,4,1,0.6,0.2,10,10,53,233
3874,251,1483,372233,53,234,372223,372241,18,0.5555555555555556,0.16666666666666666,4,1,0.6,0.5,10,2,53,234
3875,251,1487,373237,53,235,373231,373273,42,0.14285714285714285,0.14285714285714285,4,0,0.6,0.75,10,4,53,235
3876,251,1489,373739,53,236,373721,373753,32,0.5625,0.1875,4,1,0.6,0.5,10,2,53,236
3877,251,1493,374743,53,237,374741,374753,12,0.16666666666666666,0.16666666666666666,4,0,0.6,0.75,10,4,53,237
3878,251,1499,376249,53,238,376241,376283,42,0.19047619047619047,0.19047619047619047,4,0,0.6,0.6666666666666666,10,6,53,238
3879,251,1511,379261,53,239,379207,379273,66,0.8181818181818182,0.15151515151515152,4,1,0.6,0.16666666666666666,10,12,53,239
3880,251,1523,382273,53,240,382271,382303,32,0.0625,0.0625,4,0,0.6,0.16666666666666666,10,12,53,240
3881,251,1531,384281,53,241,384277,384287,10,0.4,0.4,4,0,0.6,0.5,10,8,53,241
3882,251,1543,387293,53,242,387281,387307,26,0.46153846153846156,0.23076923076923078,4,1,0.6,0.3333333333333333,10,12,53,242
3883,251,1549,388799,53,243,388793,388813,20,0.3,0.3,4,0,0.6,0.5,10,6,53,243
3884,251,1553,389803,53,244,389797,389819,22,0.2727272727272727,0.045454545454545456,4,1,0.6,0.5,10,4,53,244
3885,251,1559,391309,53,245,391301,391331,30,0.26666666666666666,0.06666666666666667,4,1,0.6,0.3333333333333333,10,6,53,245
3886,251,1567,393317,53,246,393311,393331,20,0.3,0.15,4,1,0.6,0.25,10,8,53,246
3887,251,1571,394321,53,247,394319,394327,8,0.25,0.25,4,0,0.6,0.5,10,4,53,247
3888,251,1579,396329,53,248,396323,396349,26,0.23076923076923078,0.15384615384615385,4,1,0.6,0.375,10,8,53,248
3889,251,1583,397333,53,249,397303,397337,34,0.8823529411764706,0.11764705882352941,4,1,0.6,0.5,10,4,53,249
3890,251,1597,400847,53,250,400837,400849,12,0.8333333333333334,0.8333333333333334,4,0,0.6,0.14285714285714285,10,14,53,250
3891,251,1601,401851,53,251,401839,401861,22,0.5454545454545454,0.18181818181818182,4,1,0.6,0.25,10,4,53,251
3892,251,1607,403357,53,252,403339,403363,24,0.75,0.16666666666666666,4,1,0.6,0.3333333333333333,10,6,53,252
3893,251,1609,403859,53,253,403849,403861,12,0.8333333333333334,0.3333333333333333,4,1,0.6,0.5,10,2,53,253
3894,251,1613,404863,53,254,404851,404941,90,0.13333333333333333,0.022222222222222223,4,1,0.6,0.5,10,4,53,254
3895,251,1619,406369,53,255,406361,406381,20,0.4,0.1,4,1,0.6,0.8333333333333334,10,6,53,255
3896,251,1621,406871,53,256,406859,406873,14,0.8571428571428571,0.21428571428571427,4,1,0.6,0.5,10,2,53,256
3897,251,1627,408377,53,257,408361,408379,18,0.8888888888888888,0.3333333333333333,4,1,0.6,0.16666666666666666,10,6,53,257
3898,251,1637,410887,53,258,410857,410899,42,0.7142857142857143,0.5714285714285714,3,1,0.6,0.4,10,10,53,258
3899,251,1657,415907,53,259,415901,415931,30,0.2,0.06666666666666667,4,1,0.6,0.1,10,20,53,259
3900,251,1663,417413,53,260,417383,417419,36,0.8333333333333334,0.05555555555555555,4,1,0.6,0.16666666666666666,10,6,53,260
3901,251,1667,418417,53,261,418391,418423,32,0.8125,0.0625,4,1,0.6,0.5,10,4,53,261
3902,251,1669,418919,53,262,418909,418921,12,0.8333333333333334,0.3333333333333333,4,1,0.6,0.5,10,2,53,262
3903,251,1693,424943,53,263,424939,424961,22,0.18181818181818182,0.18181818181818182,4,0,0.6,0.5,10,24,53,263
3904,251,1697,425947,53,264,425939,425959,20,0.4,0.1,4,1,0.6,0.5,10,4,53,264
3905,251,1699,426449,53,265,426427,426469,42,0.5238095238095238,0.14285714285714285,4,1,0.6,0.5,10,2,53,265
3906,251,1709,428959,53,266,428957,428977,20,0.1,0.1,4,0,0.6,0.4,10,10,53,266
3907,251,1721,431971,53,267,431947,431983,36,0.6666666666666666,0.16666666666666666,4,1,0.6,0.16666666666666666,10,12,53,267
3908,251,1723,432473,53,268,432457,432479,22,0.7272727272727273,0.18181818181818182,4,1,0.6,0.5,10,2,53,268
3909,251,1733,434983,53,269,434981,434989,8,0.25,0.25,4,0,0.6,0.3,10,10,53,269
3910,251,1741,436991,53,270,436979,436993,14,0.8571428571428571,0.2857142857142857,4,1,0.6,0.25,10,8,53,270
3911,251,1747,438497,53,271,438479,438499,20,0.9,0.1,4,1,0.6,0.6666666666666666,10,6,53,271
3912,251,1753,440003,53,272,439991,440009,18,0.6666666666666666,0.1111111111111111,4,1,0.6,0.6666666666666666,10,6,53,272
3913,251,1759,441509,53,273,441499,441517,18,0.5555555555555556,0.3333333333333333,4,1,0.6,0.16666666666666666,10,6,53,273
3914,251,1777,446027,53,274,446009,446041,32,0.5625,0.0625,4,1,0.6,0.1111111111111111,10,18,53,274
3915,251,1783,447533,53,275,447527,447541,14,0.42857142857142855,0.14285714285714285,4,1,0.6,0.3333333333333333,10,6,53,275
3916,251,1787,448537,53,276,448531,448561,30,0.2,0.1,4,1,0.6,0.25,10,4,53,276
3917,251,1789,449039,53,277,449011,449051,40,0.7,0.15,4,1,0.6,0.5,10,2,53,277
3918,251,1801,452051,53,278,452041,452077,36,0.2777777777777778,0.16666666666666666,4,1,0.6,0.3333333333333333,10,12,53,278
3919,251,1811,454561,53,279,454547,454577,30,0.4666666666666667,0.06666666666666667,4,1,0.6,0.2,10,10,53,279
3920,251,1823,457573,53,280,457571,457607,36,0.05555555555555555,0.05555555555555555,4,0,0.6,0.25,10,12,53,280
3921,251,1831,459581,53,281,459523,459593,70,0.8285714285714286,0.04285714285714286,4,1,0.6,0.75,10,8,53,281
3922,251,1847,463597,53,282,463579,463613,34,0.5294117647058824,0.11764705882352941,4,1,0.6,0.25,10,16,53,282
3923,251,1861,467111,53,283,467101,467119,18,0.5555555555555556,0.05555555555555555,4,1,0.6,0.14285714285714285,10,14,53,283
3924,251,1867,468617,53,284,468613,468619,6,0.6666666666666666,0.6666666666666666,4,0,0.6,0.6666666666666666,10,6,53,284
3925,251,1871,469621,53,285,469613,469627,14,0.5714285714285714,0.14285714285714285,4,1,0.6,0.25,10,4,53,285
3926,251,1873,470123,53,286,470089,470131,42,0.8095238095238095,0.09523809523809523,4,1,0.6,0.5,10,2,53,286
3927,251,1877,471127,53,287,471101,471137,36,0.7222222222222222,0.05555555555555555,4,1,0.6,0.25,10,4,53,287
3928,251,1879,471629,53,288,471619,471641,22,0.45454545454545453,0.09090909090909091,4,1,0.6,0.5,10,2,53,288
3929,251,1889,474139,53,289,474137,474143,6,0.3333333333333333,0.3333333333333333,4,0,0.6,0.3,10,10,53,289
3930,251,1901,477151,53,290,477149,477163,14,0.14285714285714285,0.14285714285714285,4,0,0.6,0.16666666666666666,10,12,53,290
3931,251,1907,478657,53,291,478651,478679,28,0.21428571428571427,0.14285714285714285,4,1,0.6,0.3333333333333333,10,6,53,291
3932,251,1913,480163,53,292,480157,480167,10,0.6,0.4,4,1,0.6,0.3333333333333333,10,6,53,292
3933,251,1931,484681,53,293,484643,484691,48,0.7916666666666666,0.125,4,1,0.6,0.1111111111111111,10,18,53,293
3934,251,1933,485183,53,294,485171,485201,30,0.4,0.06666666666666667,4,1,0.6,0.5,10,2,53,294
3935,251,1949,489199,53,295,489197,489217,20,0.1,0.1,4,0,0.6,0.0625,10,16,53,295
3936,251,1951,489701,53,296,489691,489733,42,0.23809523809523808,0.23809523809523808,4,0,0.6,0.5,10,2,53,296
3937,251,1973,495223,53,297,495221,495241,20,0.1,0.1,4,0,0.6,0.13636363636363635,10,22,53,297
3938,251,1979,496729,53,298,496711,496733,22,0.8181818181818182,0.13636363636363635,4,1,0.6,0.6666666666666666,10,6,53,298
3939,251,1987,498737,53,299,498733,498739,6,0.6666666666666666,0.16666666666666666,4,1,0.6,0.25,10,8,53,299
3940,251,1993,500243,53,300,500239,500249,10,0.4,0.4,4,0,0.6,0.6666666666666666,10,6,53,300
3941,251,1997,501247,53,301,501233,501257,24,0.5833333333333334,0.20833333333333334,4,1,0.6,0.25,10,4,53,301
3942,251,1999,501749,53,302,501731,501769,38,0.47368421052631576,0.05263157894736842,4,1,0.6,0.5,10,2,53,302
3943,251,2003,502753,53,303,502729,502769,40,0.6,0.15,4,1,0.6,0.5,10,4,53,303
3944,257,1009,259313,54,168,259309,259321,12,0.3333333333333333,0.3333333333333333,4,0,0.3333333333333333,0.08333333333333333,6,12,54,168
3945,257,1013,260341,54,169,260339,260363,24,0.08333333333333333,0.08333333333333333,4,0,0.3333333333333333,0.5,6,4,54,169
3946,257,1019,261883,54,170,261881,261887,6,0.3333333333333333,0.3333333333333333,4,0,0.3333333333333333,0.8333333333333334,6,6,54,170
3947,257,1021,262397,54,171,262391,262399,8,0.75,0.25,4,1,0.3333333333333333,0.5,6,2,54,171
3948,257,1031,264967,54,172,264961,264977,16,0.375,0.125,4,1,0.3333333333333333,0.6,6,10,54,172
3949,257,1033,265481,54,173,265471,265483,12,0.8333333333333334,0.5,4,1,0.3333333333333333,0.5,6,2,54,173
3950,257,1039,267023,54,174,267017,267037,20,0.3,0.3,4,0,0.3333333333333333,0.6666666666666666,6,6,54,174
3951,257,1049,269593,54,175,269579,269597,18,0.7777777777777778,0.3333333333333333,4,1,0.3333333333333333,0.2,6,10,54,175
3952,257,1051,270107,54,176,270097,270121,24,0.4166666666666667,0.041666666666666664,4,1,0.3333333333333333,0.5,6,2,54,176
3953,257,1061,272677,54,177,272659,272683,24,0.75,0.08333333333333333,4,1,0.3333333333333333,0.4,6,10,54,177
3954,257,1063,273191,54,178,273187,273193,6,0.6666666666666666,0.6666666666666666,4,0,0.3333333333333333,0.5,6,2,54,178
3955,257,1069,274733,54,179,274723,274739,16,0.625,0.1875,4,1,0.3333333333333333,0.6666666666666666,6,6,54,179
3956,257,1087,279359,54,180,279353,279397,44,0.13636363636363635,0.045454545454545456,4,1,0.3333333333333333,0.2222222222222222,6,18,54,180
3957,257,1091,280387,54,181,280373,280409,36,0.3888888888888889,0.2222222222222222,4,1,0.3333333333333333,0.75,6,4,54,181
3958,257,1093,280901,54,182,280897,280909,12,0.3333333333333333,0.08333333333333333,4,1,0.3333333333333333,0.5,6,2,54,182
3959,257,1097,281929,54,183,281927,281933,6,0.3333333333333333,0.3333333333333333,4,0,0.3333333333333333,0.25,6,4,54,183
3960,257,1103,283471,54,184,283463,283487,24,0.3333333333333333,0.25,4,1,0.3333333333333333,0.3333333333333333,6,6,54,184
3961,257,1109,285013,54,185,285007,285023,16,0.375,0.125,4,1,0.3333333333333333,0.8333333333333334,6,6,54,185
3962,257,1117,287069,54,186,287059,287087,28,0.35714285714285715,0.21428571428571427,4,1,0.3333333333333333,0.25,6,8,54,186
3963,257,1123,288611,54,187,288583,288647,64,0.4375,0.09375,4,1,0.3333333333333333,0.3333333333333333,6,6,54,187
3964,257,1129,290153,54,188,290141,290161,20,0.6,0.4,4,1,0.3333333333333333,0.5,6,6,54,188
3965,257,1151,295807,54,189,295787,295819,32,0.625,0.125,4,1,0.3333333333333333,0.18181818181818182,6,22,54,189
3966,257,1153,296321,54,190,296299,296347,48,0.4583333333333333,0.0625,4,1,0.3333333333333333,0.5,6,2,54,190
3967,257,1163,298891,54,191,298861,298897,36,0.8333333333333334,0.16666666666666666,4,1,0.3333333333333333,0.1,6,10,54,191
3968,257,1171,300947,54,192,300931,300953,22,0.7272727272727273,0.36363636363636365,4,1,0.3333333333333333,0.25,6,8,54,192
3969,257,1181,303517,54,193,303497,303529,32,0.625,0.1875,4,1,0.3333333333333333,0.3,6,10,54,193
3970,257,1187,305059,54,194,305047,305069,22,0.5454545454545454,0.2727272727272727,4,1,0.3333333333333333,0.8333333333333334,6,6,54,194
3971,257,1193,306601,54,195,306589,306643,54,0.2222222222222222,0.037037037037037035,4,1,0.3333333333333333,0.3333333333333333,6,6,54,195
3972,257,1201,308657,54,196,308641,308663,22,0.7272727272727273,0.045454545454545456,4,1,0.3333333333333333,0.25,6,8,54,196
3973,257,1213,311741,54,197,311737,311743,6,0.6666666666666666,0.3333333333333333,4,1,0.3333333333333333,0.08333333333333333,6,12,54,197
3974,257,1217,312769,54,198,312757,312773,16,0.75,0.375,4,1,0.3333333333333333,0.25,6,4,54,198
3975,257,1223,314311,54,199,314299,314329,30,0.4,0.13333333333333333,4,1,0.3333333333333333,0.3333333333333333,6,6,54,199
3976,257,1229,315853,54,200,315851,315857,6,0.3333333333333333,0.3333333333333333,4,0,0.3333333333333333,0.5,6,6,54,200
3977,257,1231,316367,54,201,316363,316373,10,0.4,0.4,4,0,0.3333333333333333,0.5,6,2,54,201
3978,257,1237,317909,54,202,317903,317921,18,0.3333333333333333,0.3333333333333333,4,0,0.3333333333333333,0.5,6,6,54,202
3979,257,1249,320993,54,203,320953,321007,54,0.7407407407407407,0.1111111111111111,4,1,0.3333333333333333,0.08333333333333333,6,12,54,203
3980,257,1259,323563,54,204,323549,323567,18,0.7777777777777778,0.1111111111111111,4,1,0.3333333333333333,0.4,6,10,54,204
3981,257,1277,328189,54,205,328177,328213,36,0.3333333333333333,0.027777777777777776,4,1,0.3333333333333333,0.1111111111111111,6,18,54,205
3982,257,1279,328703,54,206,328687,328709,22,0.7272727272727273,0.18181818181818182,4,1,0.3333333333333333,0.5,6,2,54,206
3983,257,1283,329731,54,207,329729,329761,32,0.0625,0.0625,4,0,0.3333333333333333,0.75,6,4,54,207
3984,257,1289,331273,54,208,331259,331277,18,0.7777777777777778,0.4444444444444444,4,1,0.3333333333333333,0.3333333333333333,6,6,54,208
3985,257,1291,331787,54,209,331781,331801,20,0.3,0.1,4,1,0.3333333333333333,0.5,6,2,54,209
3986,257,1297,333329,54,210,333323,333331,8,0.75,0.5,4,1,0.3333333333333333,0.3333333333333333,6,6,54,210
3987,257,1301,334357,54,211,334349,334363,14,0.5714285714285714,0.14285714285714285,4,1,0.3333333333333333,0.5,6,4,54,211
3988,257,1303,334871,54,212,334861,334877,16,0.625,0.25,4,1,0.3333333333333333,0.5,6,2,54,212
3989,257,1307,335899,54,213,335897,335917,20,0.1,0.1,4,0,0.3333333333333333,0.75,6,4,54,213
3990,257,1319,338983,54,214,338959,338993,34,0.7058823529411765,0.20588235294117646,4,1,0.3333333333333333,0.5,6,12,54,214
3991,257,1321,339497,54,215,339491,339517,26,0.23076923076923078,0.23076923076923078,4,0,0.3333333333333333,0.5,6,2,54,215
3992,257,1327,341039,54,216,341027,341041,14,0.8571428571428571,0.5714285714285714,4,1,0.3333333333333333,0.16666666666666666,6,6,54,216
3993,257,1361,349777,54,217,349759,349787,28,0.6428571428571429,0.14285714285714285,4,1,0.3333333333333333,0.058823529411764705,6,34,54,217
3994,257,1367,351319,54,218,351311,351341,30,0.26666666666666666,0.06666666666666667,4,1,0.3333333333333333,0.3333333333333333,6,6,54,218
3995,257,1373,352861,54,219,352853,352867,14,0.5714285714285714,0.14285714285714285,4,1,0.3333333333333333,0.3333333333333333,6,6,54,219
3996,257,1381,354917,54,220,354911,354953,42,0.14285714285714285,0.14285714285714285,4,0,0.3333333333333333,0.75,6,8,54,220
3997,257,1399,359543,54,221,359539,359549,10,0.4,0.4,4,0,0.3333333333333333,0.05555555555555555,6,18,54,221
3998,257,1409,362113,54,222,362107,362137,30,0.2,0.13333333333333333,4,1,0.3333333333333333,0.2,6,10,54,222
3999,257,1423,365711,54,223,365699,365747,48,0.25,0.0625,4,1,0.3333333333333333,0.14285714285714285,6,14,54,223
4000,257,1427,366739,54,224,366733,366787,54,0.1111111111111111,0.07407407407407407,4,1,0.3333333333333333,0.75,6,4,54,224
4001,257,1429,367253,54,225,367243,367259,16,0.625,0.25,4,1,0.3333333333333333,0.5,6,2,54,225
4002,257,1433,368281,54,226,368279,368287,8,0.25,0.25,4,0,0.3333333333333333,0.5,6,4,54,226
4003,257,1439,369823,54,227,369821,369827,6,0.3333333333333333,0.3333333333333333,4,0,0.3333333333333333,0.6666666666666666,6,6,54,227
4004,257,1447,371879,54,228,371873,371897,24,0.25,0.25,4,0,0.3333333333333333,0.25,6,8,54,228
4005,257,1451,372907,54,229,372901,372917,16,0.375,0.0625,4,1,0.3333333333333333,0.25,6,4,54,229
4006,257,1453,373421,54,230,373393,373447,54,0.5185185185185185,0.07407407407407407,4,1,0.3333333333333333,0.5,6,2,54,230
4007,257,1459,374963,54,231,374953,374977,24,0.4166666666666667,0.041666666666666664,4,1,0.3333333333333333,0.16666666666666666,6,6,54,231
4008,257,1471,378047,54,232,378041,378071,30,0.2,0.2,4,0,0.3333333333333333,0.16666666666666666,6,12,54,232
4009,257,1481,380617,54,233,380591,380621,30,0.8666666666666667,0.1,4,1,0.3333333333333333,0.2,6,10,54,233
4010,257,1483,381131,54,234,381103,381167,64,0.4375,0.0625,4,1,0.3333333333333333,0.5,6,2,54,234
4011,257,1487,382159,54,235,382117,382163,46,0.9130434782608695,0.043478260869565216,4,1,0.3333333333333333,0.75,6,4,54,235
4012,257,1489,382673,54,236,382663,382693,30,0.3333333333333333,0.13333333333333333,4,1,0.3333333333333333,0.5,6,2,54,236
4013,257,1493,383701,54,237,383693,383723,30,0.26666666666666666,0.26666666666666666,4,0,0.3333333333333333,0.75,6,4,54,237
4014,257,1499,385243,54,238,385223,385249,26,0.7692307692307693,0.11538461538461539,4,1,0.3333333333333333,0.6666666666666666,6,6,54,238
4015,257,1511,388327,54,239,388319,388351,32,0.25,0.0625,4,1,0.3333333333333333,0.16666666666666666,6,12,54,239
4016,257,1523,391411,54,240,391403,391441,38,0.21052631578947367,0.10526315789473684,4,1,0.3333333333333333,0.16666666666666666,6,12,54,240
4017,257,1531,393467,54,241,393451,393473,22,0.7272727272727273,0.13636363636363635,4,1,0.3333333333333333,0.5,6,8,54,241
4018,257,1543,396551,54,242,396547,396563,16,0.25,0.25,4,0,0.3333333333333333,0.3333333333333333,6,12,54,242
4019,257,1549,398093,54,243,398087,398113,26,0.23076923076923078,0.07692307692307693,4,1,0.3333333333333333,0.5,6,6,54,243
4020,257,1553,399121,54,244,399107,399131,24,0.5833333333333334,0.3333333333333333,4,1,0.3333333333333333,0.5,6,4,54,244
4021,257,1559,400663,54,245,400657,400679,22,0.2727272727272727,0.045454545454545456,4,1,0.3333333333333333,0.3333333333333333,6,6,54,245
4022,257,1567,402719,54,246,402697,402739,42,0.5238095238095238,0.09523809523809523,4,1,0.3333333333333333,0.25,6,8,54,246
4023,257,1571,403747,54,247,403729,403757,28,0.6428571428571429,0.21428571428571427,4,1,0.3333333333333333,0.5,6,4,54,247
4024,257,1579,405803,54,248,405799,405817,18,0.2222222222222222,0.2222222222222222,4,0,0.3333333333333333,0.375,6,8,54,248
4025,257,1583,406831,54,249,406817,406837,20,0.7,0.2,4,1,0.3333333333333333,0.5,6,4,54,249
4026,257,1597,410429,54,250,410413,410453,40,0.4,0.1,4,1,0.3333333333333333,0.14285714285714285,6,14,54,250
4027,257,1601,411457,54,251,411449,411469,20,0.4,0.1,4,1,0.3333333333333333,0.25,6,4,54,251
4028,257,1607,412999,54,252,412987,413009,22,0.5454545454545454,0.18181818181818182,4,1,0.3333333333333333,0.3333333333333333,6,6,54,252
4029,257,1609,413513,54,253,413477,413521,44,0.8181818181818182,0.045454545454545456,4,1,0.3333333333333333,0.5,6,2,54,253
4030,257,1613,414541,54,254,414539,414553,14,0.14285714285714285,0.14285714285714285,4,0,0.3333333333333333,0.5,6,4,54,254
4031,257,1619,416083,54,255,416077,416089,12,0.5,0.5,4,0,0.3333333333333333,0.8333333333333334,6,6,54,255
4032,257,1621,416597,54,256,416593,416621,28,0.14285714285714285,0.14285714285714285,4,0,0.3333333333333333,0.5,6,2,54,256
4033,257,1627,418139,54,257,418129,418157,28,0.35714285714285715,0.35714285714285715,4,0,0.3333333333333333,0.16666666666666666,6,6,54,257
4034,257,1637,420709,54,258,420691,420731,40,0.45,0.075,4,1,0.3333333333333333,0.4,6,10,54,258
4035,257,1657,425849,54,259,425839,425851,12,0.8333333333333334,0.3333333333333333,4,1,0.3333333333333333,0.1,6,20,54,259
4036,257,1663,427391,54,260,427381,427403,22,0.45454545454545453,0.2727272727272727,4,1,0.3333333333333333,0.16666666666666666,6,6,54,260
4037,257,1667,428419,54,261,428411,428429,18,0.4444444444444444,0.1111111111111111,4,1,0.3333333333333333,0.5,6,4,54,261
4038,257,1669,428933,54,262,428899,428951,52,0.6538461538461539,0.057692307692307696,4,1,0.3333333333333333,0.5,6,2,54,262
4039,257,1693,435101,54,263,435059,435103,44,0.9545454545454546,0.045454545454545456,4,1,0.3333333333333333,0.5,6,24,54,263
4040,257,1697,436129,54,264,436127,436147,20,0.1,0.1,4,0,0.3333333333333333,0.5,6,4,54,264
4041,257,1699,436643,54,265,436627,436649,22,0.7272727272727273,0.09090909090909091,4,1,0.3333333333333333,0.5,6,2,54,265
4042,257,1709,439213,54,266,439199,439217,18,0.7777777777777778,0.1111111111111111,4,1,0.3333333333333333,0.4,6,10,54,266
4043,257,1721,442297,54,267,442291,442319,28,0.21428571428571427,0.21428571428571427,4,0,0.3333333333333333,0.16666666666666666,6,12,54,267
4044,257,1723,442811,54,268,442807,442817,10,0.4,0.4,4,0,0.3333333333333333,0.5,6,2,54,268
4045,257,1733,445381,54,269,445363,445427,64,0.28125,0.0625,4,1,0.3333333333333333,0.3,6,10,54,269
4046,257,1741,447437,54,270,447427,447439,12,0.8333333333333334,0.16666666666666666,4,1,0.3333333333333333,0.25,6,8,54,270
4047,257,1747,448979,54,271,448969,448993,24,0.4166666666666667,0.4166666666666667,4,0,0.3333333333333333,0.6666666666666666,6,6,54,271
4048,257,1753,450521,54,272,450503,450529,26,0.6923076923076923,0.15384615384615385,4,1,0.3333333333333333,0.6666666666666666,6,6,54,272
4049,257,1759,452063,54,273,452041,452077,36,0.6111111111111112,0.16666666666666666,4,1,0.3333333333333333,0.16666666666666666,6,6,54,273
4050,257,1777,456689,54,274,456683,456697,14,0.42857142857142855,0.42857142857142855,4,0,0.3333333333333333,0.1111111111111111,6,18,54,274
4051,257,1783,458231,54,275,458219,458239,20,0.6,0.1,4,1,0.3333333333333333,0.3333333333333333,6,6,54,275
4052,257,1787,459259,54,276,459257,459271,14,0.14285714285714285,0.14285714285714285,4,0,0.3333333333333333,0.25,6,4,54,276
4053,257,1789,459773,54,277,459763,459791,28,0.35714285714285715,0.21428571428571427,4,1,0.3333333333333333,0.5,6,2,54,277
4054,257,1801,462857,54,278,462851,462863,12,0.5,0.16666666666666666,4,1,0.3333333333333333,0.3333333333333333,6,12,54,278
4055,257,1811,465427,54,279,465419,465433,14,0.5714285714285714,0.21428571428571427,4,1,0.3333333333333333,0.2,6,10,54,279
4056,257,1823,468511,54,280,468509,468527,18,0.1111111111111111,0.1111111111111111,4,0,0.3333333333333333,0.25,6,12,54,280
4057,257,1831,470567,54,281,470551,470579,28,0.5714285714285714,0.14285714285714285,4,1,0.3333333333333333,0.75,6,8,54,281
4058,257,1847,474679,54,282,474671,474707,36,0.2222222222222222,0.05555555555555555,4,1,0.3333333333333333,0.25,6,16,54,282
4059,257,1861,478277,54,283,478273,478321,48,0.08333333333333333,0.020833333333333332,4,1,0.3333333333333333,0.14285714285714285,6,14,54,283
4060,257,1867,479819,54,284,479813,479821,8,0.75,0.75,4,0,0.3333333333333333,0.6666666666666666,6,6,54,284
4061,257,1871,480847,54,285,480839,480853,14,0.5714285714285714,0.14285714285714285,4,1,0.3333333333333333,0.25,6,4,54,285
4062,257,1873,481361,54,286,481343,481363,20,0.9,0.1,4,1,0.3333333333333333,0.5,6,2,54,286
4063,257,1877,482389,54,287,482387,482393,6,0.3333333333333333,0.3333333333333333,4,0,0.3333333333333333,0.25,6,4,54,287
4064,257,1879,482903,54,288,482899,482917,18,0.2222222222222222,0.1111111111111111,4,1,0.3333333333333333,0.5,6,2,54,288
4065,257,1889,485473,54,289,485447,485479,32,0.8125,0.0625,4,1,0.3333333333333333,0.3,6,10,54,289
4066,257,1901,488557,54,290,488539,488567,28,0.6428571428571429,0.07142857142857142,4,1,0.3333333333333333,0.16666666666666666,6,12,54,290
4067,257,1907,490099,54,291,490097,490103,6,0.3333333333333333,0.3333333333333333,4,0,0.3333333333333333,0.3333333333333333,6,6,54,291
4068,257,1913,491641,54,292,491639,491651,12,0.16666666666666666,0.16666666666666666,4,0,0.3333333333333333,0.3333333333333333,6,6,54,292
4069,257,1931,496267,54,293,496259,496283,24,0.3333333333333333,0.08333333333333333,4,1,0.3333333333333333,0.1111111111111111,6,18,54,293
4070,257,1933,496781,54,294,496763,496789,26,0.6923076923076923,0.15384615384615385,4,1,0.3333333333333333,0.5,6,2,54,294
4071,257,1949,500893,54,295,500891,500909,18,0.1111111111111111,0.1111111111111111,4,0,0.3333333333333333,0.0625,6,16,54,295
4072,257,1951,501407,54,296,501401,501409,8,0.75,0.625,4,1,0.3333333333333333,0.5,6,2,54,296
4073,257,1973,507061,54,297,507049,507071,22,0.5454545454545454,0.18181818181818182,4,1,0.3333333333333333,0.13636363636363635,6,22,54,297
4074,257,1979,508603,54,298,508583,508619,36,0.5555555555555556,0.16666666666666666,4,1,0.3333333333333333,0.6666666666666666,6,6,54,298
4075,257,1987,510659,54,299,510619,510677,58,0.6896551724137931,0.034482758620689655,4,1,0.3333333333333333,0.25,6,8,54,299
4076,257,1993,512201,54,300,512167,512207,40,0.85,0.25,4,1,0.3333333333333333,0.6666666666666666,6,6,54,300
4077,257,1997,513229,54,301,513203,513239,36,0.7222222222222222,0.08333333333333333,4,1,0.3333333333333333,0.25,6,4,54,301
4078,257,1999,513743,54,302,513739,513749,10,0.4,0.4,4,0,0.3333333333333333,0.5,6,2,54,302
4079,257,2003,514771,54,303,514769,514783,14,0.14285714285714285,0.14285714285714285,4,0,0.3333333333333333,0.5,6,4,54,303
4080,263,1009,265367,55,168,265339,265381,42,0.6666666666666666,0.09523809523809523,4,1,0.3333333333333333,0.08333333333333333,6,12,55,168
4081,263,1013,266419,55,169,266417,266447,30,0.06666666666666667,0.06666666666666667,4,0,0.3333333333333333,0.5,6,4,55,169
4082,263,1019,267997,55,170,267961,268003,42,0.8571428571428571,0.023809523809523808,4,1,0.3333333333333333,0.8333333333333334,6,6,55,170
4083,263,1021,268523,55,171,268519,268529,10,0.4,0.4,4,0,0.3333333333333333,0.5,6,2,55,171
4084,263,1031,271153,55,172,271129,271163,34,0.7058823529411765,0.23529411764705882,4,1,0.3333333333333333,0.6,6,10,55,172
4085,263,1033,271679,55,173,271657,271693,36,0.6111111111111112,0.027777777777777776,4,1,0.3333333333333333,0.5,6,2,55,173
4086,263,1039,273257,55,174,273253,273269,16,0.25,0.25,4,0,0.3333333333333333,0.6666666666666666,6,6,55,174
4087,263,1049,275887,55,175,275881,275897,16,0.375,0.0625,4,1,0.3333333333333333,0.2,6,10,55,175
4088,263,1051,276413,55,176,276401,276439,38,0.3157894736842105,0.15789473684210525,4,1,0.3333333333333333,0.5,6,2,55,176
4089,263,1061,279043,55,177,279029,279047,18,0.7777777777777778,0.1111111111111111,4,1,0.3333333333333333,0.4,6,10,55,177
4090,263,1063,279569,55,178,279557,279571,14,0.8571428571428571,0.14285714285714285,4,1,0.3333333333333333,0.5,6,2,55,178
4091,263,1069,281147,55,179,281131,281153,22,0.7272727272727273,0.2727272727272727,4,1,0.3333333333333333,0.6666666666666666,6,6,55,179
4092,263,1087,285881,55,180,285871,285937,66,0.15151515151515152,0.09090909090909091,4,1,0.3333333333333333,0.2222222222222222,6,18,55,180
4093,263,1091,286933,55,181,286927,286973,46,0.13043478260869565,0.08695652173913043,4,1,0.3333333333333333,0.75,6,4,55,181
4094,263,1093,287459,55,182,287449,287491,42,0.23809523809523808,0.19047619047619047,4,1,0.3333333333333333,0.5,6,2,55,182
4095,263,1097,288511,55,183,288499,288527,28,0.42857142857142855,0.07142857142857142,4,1,0.3333333333333333,0.25,6,4,55,183
4096,263,1103,290089,55,184,290083,290107,24,0.25,0.125,4,1,0.3333333333333333,0.3333333333333333,6,6,55,184
4097,263,1109,291667,55,185,291661,291677,16,0.375,0.375,4,0,0.3333333333333333,0.8333333333333334,6,6,55,185
4098,263,1117,293771,55,186,293767,293773,6,0.6666666666666666,0.6666666666666666,4,0,0.3333333333333333,0.25,6,8,55,186
4099,263,1123,295349,55,187,295333,295357,24,0.6666666666666666,0.25,4,1,0.3333333333333333,0.3333333333333333,6,6,55,187
4100,263,1129,296927,55,188,296921,296929,8,0.75,0.25,4,1,0.3333333333333333,0.5,6,6,55,188
4101,263,1151,302713,55,189,302711,302723,12,0.16666666666666666,0.16666666666666666,4,0,0.3333333333333333,0.18181818181818182,6,22,55,189
4102,263,1153,303239,55,190,303217,303257,40,0.55,0.025,4,1,0.3333333333333333,0.5,6,2,55,190
4103,263,1163,305869,55,191,305867,305873,6,0.3333333333333333,0.3333333333333333,4,0,0.3333333333333333,0.1,6,10,55,191
4104,263,1171,307973,55,192,307969,308003,34,0.11764705882352941,0.11764705882352941,4,0,0.3333333333333333,0.25,6,8,55,192
4105,263,1181,310603,55,193,310591,310627,36,0.3333333333333333,0.1111111111111111,4,1,0.3333333333333333,0.3,6,10,55,193
4106,263,1187,312181,55,194,312161,312197,36,0.5555555555555556,0.05555555555555555,4,1,0.3333333333333333,0.8333333333333334,6,6,55,194
4107,263,1193,313759,55,195,313741,313763,22,0.8181818181818182,0.7272727272727273,4,1,0.3333333333333333,0.3333333333333333,6,6,55,195
4108,263,1201,315863,55,196,315857,315881,24,0.25,0.20833333333333334,4,1,0.3333333333333333,0.25,6,8,55,196
4109,263,1213,319019,55,197,319001,319027,26,0.6923076923076923,0.07692307692307693,4,1,0.3333333333333333,0.08333333333333333,6,12,55,197
4110,263,1217,320071,55,198,320063,320081,18,0.4444444444444444,0.1111111111111111,4,1,0.3333333333333333,0.25,6,4,55,198
4111,263,1223,321649,55,199,321647,321661,14,0.14285714285714285,0.14285714285714285,4,0,0.3333333333333333,0.3333333333333333,6,6,55,199
4112,263,1229,323227,55,200,323207,323233,26,0.7692307692307693,0.07692307692307693,4,1,0.3333333333333333,0.5,6,6,55,200
4113,263,1231,323753,55,201,323717,323759,42,0.8571428571428571,0.047619047619047616,4,1,0.3333333333333333,0.5,6,2,55,201
4114,263,1237,325331,55,202,325319,325333,14,0.8571428571428571,0.14285714285714285,4,1,0.3333333333333333,0.5,6,6,55,202
4115,263,1249,328487,55,203,328481,328511,30,0.2,0.2,4,0,0.3333333333333333,0.08333333333333333,6,12,55,203
4116,263,1259,331117,55,204,331099,331127,28,0.6428571428571429,0.10714285714285714,4,1,0.3333333333333333,0.4,6,10,55,204
4117,263,1277,335851,55,205,335843,335857,14,0.5714285714285714,0.14285714285714285,4,1,0.3333333333333333,0.1111111111111111,6,18,55,205
4118,263,1279,336377,55,206,336373,336397,24,0.16666666666666666,0.16666666666666666,4,0,0.3333333333333333,0.5,6,2,55,206
4119,263,1283,337429,55,207,337427,337453,26,0.07692307692307693,0.07692307692307693,4,0,0.3333333333333333,0.75,6,4,55,207
4120,263,1289,339007,55,208,338999,339023,24,0.3333333333333333,0.125,4,1,0.3333333333333333,0.3333333333333333,6,6,55,208
4121,263,1291,339533,55,209,339527,339539,12,0.5,0.16666666666666666,4,1,0.3333333333333333,0.5,6,2,55,209
4122,263,1297,341111,55,210,341087,341123,36,0.6666666666666666,0.16666666666666666,4,1,0.3333333333333333,0.3333333333333333,6,6,55,210
4123,263,1301,342163,55,211,342143,342179,36,0.5555555555555556,0.3055555555555556,4,1,0.3333333333333333,0.5,6,4,55,211
4124,263,1303,342689,55,212,342679,342691,12,0.8333333333333334,0.25,4,1,0.3333333333333333,0.5,6,2,55,212
4125,263,1307,343741,55,213,343727,343769,42,0.3333333333333333,0.09523809523809523,4,1,0.3333333333333333,0.75,6,4,55,213
4126,263,1319,346897,55,214,346891,346903,12,0.5,0.16666666666666666,4,1,0.3333333333333333,0.5,6,12,55,214
4127,263,1321,347423,55,215,347411,347437,26,0.46153846153846156,0.07692307692307693,4,1,0.3333333333333333,0.5,6,2,55,215
4128,263,1327,349001,55,216,348991,349007,16,0.625,0.375,4,1,0.3333333333333333,0.16666666666666666,6,6,55,216
4129,263,1361,357943,55,217,357913,357967,54,0.5555555555555556,0.07407407407407407,4,1,0.3333333333333333,0.058823529411764705,6,34,55,217
4130,263,1367,359521,55,218,359509,359539,30,0.4,0.26666666666666666,4,1,0.3333333333333333,0.3333333333333333,6,6,55,218
4131,263,1373,361099,55,219,361093,361111,18,0.3333333333333333,0.05555555555555555,4,1,0.3333333333333333,0.3333333333333333,6,6,55,219
4132,263,1381,363203,55,220,363199,363211,12,0.3333333333333333,0.16666666666666666,4,1,0.3333333333333333,0.75,6,8,55,220
4133,263,1399,367937,55,221,367909,367949,40,0.7,0.15,4,1,0.3333333333333333,0.05555555555555555,6,18,55,221
4134,263,1409,370567,55,222,370561,370571,10,0.6,0.6,4,0,0.3333333333333333,0.2,6,10,55,222
4135,263,1423,374249,55,223,374239,374287,48,0.20833333333333334,0.08333333333333333,4,1,0.3333333333333333,0.14285714285714285,6,14,55,223
4136,263,1427,375301,55,224,375283,375311,28,0.6428571428571429,0.21428571428571427,4,1,0.3333333333333333,0.75,6,4,55,224
4137,263,1429,375827,55,225,375799,375833,34,0.8235294117647058,0.17647058823529413,4,1,0.3333333333333333,0.5,6,2,55,225
4138,263,1433,376879,55,226,376853,376889,36,0.7222222222222222,0.2222222222222222,4,1,0.3333333333333333,0.5,6,4,55,226
4139,263,1439,378457,55,227,378449,378463,14,0.5714285714285714,0.14285714285714285,4,1,0.3333333333333333,0.6666666666666666,6,6,55,227
4140,263,1447,380561,55,228,380557,380563,6,0.6666666666666666,0.6666666666666666,4,0,0.3333333333333333,0.25,6,8,55,228
4141,263,1451,381613,55,229,381607,381629,22,0.2727272727272727,0.18181818181818182,4,1,0.3333333333333333,0.25,6,4,55,229
4142,263,1453,382139,55,230,382117,382163,46,0.4782608695652174,0.043478260869565216,4,1,0.3333333333333333,0.5,6,2,55,230
4143,263,1459,383717,55,231,383693,383723,30,0.8,0.26666666666666666,4,1,0.3333333333333333,0.16666666666666666,6,6,55,231
4144,263,1471,386873,55,232,386851,386887,36,0.6111111111111112,0.05555555555555555,4,1,0.3333333333333333,0.16666666666666666,6,12,55,232
4145,263,1481,389503,55,233,389483,389507,24,0.8333333333333334,0.25,4,1,0.3333333333333333,0.2,6,10,55,233
4146,263,1483,390029,55,234,390001,390043,42,0.6666666666666666,0.14285714285714285,4,1,0.3333333333333333,0.5,6,2,55,234
4147,263,1487,391081,55,235,391073,391103,30,0.26666666666666666,0.16666666666666666,4,1,0.3333333333333333,0.75,6,4,55,235
4148,263,1489,391607,55,236,391579,391613,34,0.8235294117647058,0.08823529411764706,4,1,0.3333333333333333,0.5,6,2,55,236
4149,263,1493,392659,55,237,392647,392663,16,0.75,0.25,4,1,0.3333333333333333,0.75,6,4,55,237
4150,263,1499,394237,55,238,394223,394241,18,0.7777777777777778,0.3333333333333333,4,1,0.3333333333333333,0.6666666666666666,6,6,55,238
4151,263,1511,397393,55,239,397379,397427,48,0.2916666666666667,0.041666666666666664,4,1,0.3333333333333333,0.16666666666666666,6,12,55,239
4152,263,1523,400549,55,240,400523,400559,36,0.7222222222222222,0.16666666666666666,4,1,0.3333333333333333,0.16666666666666666,6,12,55,240
4153,263,1531,402653,55,241,402631,402691,60,0.36666666666666664,0.06666666666666667,4,1,0.3333333333333333,0.5,6,8,55,241
4154,263,1543,405809,55,242,405799,405817,18,0.5555555555555556,0.2222222222222222,4,1,0.3333333333333333,0.3333333333333333,6,12,55,242
4155,263,1549,407387,55,243,407383,407401,18,0.2222222222222222,0.2222222222222222,4,0,0.3333333333333333,0.5,6,6,55,243
4156,263,1553,408439,55,244,408437,408461,24,0.08333333333333333,0.08333333333333333,4,0,0.3333333333333333,0.5,6,4,55,244
4157,263,1559,410017,55,245,410009,410029,20,0.4,0.1,4,1,0.3333333333333333,0.3333333333333333,6,6,55,245
4158,263,1567,412121,55,246,412109,412123,14,0.8571428571428571,0.5714285714285714,4,1,0.3333333333333333,0.25,6,8,55,246
4159,263,1571,413173,55,247,413167,413183,16,0.375,0.125,4,1,0.3333333333333333,0.5,6,4,55,247
4160,263,1579,415277,55,248,415273,415319,46,0.08695652173913043,0.08695652173913043,4,0,0.3333333333333333,0.375,6,8,55,248
4161,263,1583,416329,55,249,416291,416333,42,0.9047619047619048,0.047619047619047616,4,1,0.3333333333333333,0.5,6,4,55,249
4162,263,1597,420011,55,250,420001,420029,28,0.35714285714285715,0.35714285714285715,4,0,0.3333333333333333,0.14285714285714285,6,14,55,250
4163,263,1601,421063,55,251,421049,421079,30,0.4666666666666667,0.06666666666666667,4,1,0.3333333333333333,0.25,6,4,55,251
4164,263,1607,422641,55,252,422627,422657,30,0.4666666666666667,0.06666666666666667,4,1,0.3333333333333333,0.3333333333333333,6,6,55,252
4165,263,1609,423167,55,253,423133,423173,40,0.85,0.15,4,1,0.3333333333333333,0.5,6,2,55,253
4166,263,1613,424219,55,254,424199,424223,24,0.8333333333333334,0.08333333333333333,4,1,0.3333333333333333,0.5,6,4,55,254
4167,263,1619,425797,55,255,425791,425801,10,0.6,0.2,4,1,0.3333333333333333,0.8333333333333334,6,6,55,255
4168,263,1621,426323,55,256,426319,426331,12,0.3333333333333333,0.3333333333333333,4,0,0.3333333333333333,0.5,6,2,55,256
4169,263,1627,427901,55,257,427883,427913,30,0.6,0.06666666666666667,4,1,0.3333333333333333,0.16666666666666666,6,6,55,257
4170,263,1637,430531,55,258,430517,430543,26,0.5384615384615384,0.07692307692307693,4,1,0.3333333333333333,0.4,6,10,55,258
4171,263,1657,435791,55,259,435779,435817,38,0.3157894736842105,0.05263157894736842,4,1,0.3333333333333333,0.1,6,20,55,259
4172,263,1663,437369,55,260,437363,437387,24,0.25,0.08333333333333333,4,1,0.3333333333333333,0.16666666666666666,6,6,55,260
4173,263,1667,438421,55,261,438419,438439,20,0.1,0.1,4,0,0.3333333333333333,0.5,6,4,55,261
4174,263,1669,438947,55,262,438941,438953,12,0.5,0.16666666666666666,4,1,0.3333333333333333,0.5,6,2,55,262
4175,263,1693,445259,55,263,445229,445261,32,0.9375,0.0625,4,1,0.3333333333333333,0.5,6,24,55,263
4176,263,1697,446311,55,264,446309,446323,14,0.14285714285714285,0.14285714285714285,4,0,0.3333333333333333,0.5,6,4,55,264
4177,263,1699,446837,55,265,446827,446839,12,0.8333333333333334,0.5,4,1,0.3333333333333333,0.5,6,2,55,265
4178,263,1709,449467,55,266,449459,449473,14,0.5714285714285714,0.5714285714285714,4,0,0.3333333333333333,0.4,6,10,55,266
4179,263,1721,452623,55,267,452611,452629,18,0.6666666666666666,0.16666666666666666,4,1,0.3333333333333333,0.16666666666666666,6,12,55,267
4180,263,1723,453149,55,268,453143,453157,14,0.42857142857142855,0.2857142857142857,4,1,0.3333333333333333,0.5,6,2,55,268
4181,263,1733,455779,55,269,455761,455783,22,0.8181818181818182,0.18181818181818182,4,1,0.3333333333333333,0.3,6,10,55,269
4182,263,1741,457883,55,270,457871,457889,18,0.6666666666666666,0.1111111111111111,4,1,0.3333333333333333,0.25,6,8,55,270
4183,263,1747,459461,55,271,459443,459463,20,0.9,0.3,4,1,0.3333333333333333,0.6666666666666666,6,6,55,271
4184,263,1753,461039,55,272,461017,461051,34,0.6470588235294118,0.11764705882352941,4,1,0.3333333333333333,0.6666666666666666,6,6,55,272
4185,263,1759,462617,55,273,462607,462629,22,0.45454545454545453,0.18181818181818182,4,1,0.3333333333333333,0.16666666666666666,6,6,55,273
4186,263,1777,467351,55,274,467333,467353,20,0.9,0.25,4,1,0.3333333333333333,0.1111111111111111,6,18,55,274
4187,263,1783,468929,55,275,468913,468953,40,0.4,0.025,4,1,0.3333333333333333,0.3333333333333333,6,6,55,275
4188,263,1787,469981,55,276,469979,469993,14,0.14285714285714285,0.14285714285714285,4,0,0.3333333333333333,0.25,6,4,55,276
4189,263,1789,470507,55,277,470501,470513,12,0.5,0.16666666666666666,4,1,0.3333333333333333,0.5,6,2,55,277
4190,263,1801,473663,55,278,473659,473719,60,0.06666666666666667,0.06666666666666667,4,0,0.3333333333333333,0.3333333333333333,6,12,55,278
4191,263,1811,476293,55,279,476279,476299,20,0.7,0.1,4,1,0.3333333333333333,0.2,6,10,55,279
4192,263,1823,479449,55,280,479441,479461,20,0.4,0.1,4,1,0.3333333333333333,0.25,6,12,55,280
4193,263,1831,481553,55,281,481549,481571,22,0.18181818181818182,0.18181818181818182,4,0,0.3333333333333333,0.75,6,8,55,281
4194,263,1847,485761,55,282,485753,485777,24,0.3333333333333333,0.08333333333333333,4,1,0.3333333333333333,0.25,6,16,55,282
4195,263,1861,489443,55,283,489439,489449,10,0.4,0.2,4,1,0.3333333333333333,0.14285714285714285,6,14,55,283
4196,263,1867,491021,55,284,491003,491039,36,0.5,0.4444444444444444,4,1,0.3333333333333333,0.6666666666666666,6,6,55,284
4197,263,1871,492073,55,285,492067,492077,10,0.6,0.2,4,1,0.3333333333333333,0.25,6,4,55,285
4198,263,1873,492599,55,286,492587,492601,14,0.8571428571428571,0.14285714285714285,4,1,0.3333333333333333,0.5,6,2,55,286
4199,263,1877,493651,55,287,493643,493657,14,0.5714285714285714,0.14285714285714285,4,1,0.3333333333333333,0.25,6,4,55,287
4200,263,1879,494177,55,288,494167,494191,24,0.4166666666666667,0.2916666666666667,4,1,0.3333333333333333,0.5,6,2,55,288
4201,263,1889,496807,55,289,496789,496813,24,0.75,0.5,4,1,0.3333333333333333,0.3,6,10,55,289
4202,263,1901,499963,55,290,499957,499969,12,0.5,0.5,4,0,0.3333333333333333,0.16666666666666666,6,12,55,290
4203,263,1907,501541,55,291,501511,501563,52,0.5769230769230769,0.11538461538461539,4,1,0.3333333333333333,0.3333333333333333,6,6,55,291
4204,263,1913,503119,55,292,503077,503123,46,0.9130434782608695,0.021739130434782608,4,1,0.3333333333333333,0.3333333333333333,6,6,55,292
4205,263,1931,507853,55,293,507839,507883,44,0.3181818181818182,0.045454545454545456,4,1,0.3333333333333333,0.1111111111111111,6,18,55,293
4206,263,1933,508379,55,294,508373,508393,20,0.3,0.3,4,0,0.3333333333333333,0.5,6,2,55,294
4207,263,1949,512587,55,295,512581,512591,10,0.6,0.6,4,0,0.3333333333333333,0.0625,6,16,55,295
4208,263,1951,513113,55,296,513109,513131,22,0.18181818181818182,0.18181818181818182,4,0,0.3333333333333333,0.5,6,2,55,296
4209,263,1973,518899,55,297,518893,518911,18,0.3333333333333333,0.3333333333333333,4,0,0.3333333333333333,0.13636363636363635,6,22,55,297
4210,263,1979,520477,55,298,520451,520529,78,0.3333333333333333,0.02564102564102564,4,1,0.3333333333333333,0.6666666666666666,6,6,55,298
4211,263,1987,522581,55,299,522569,522601,32,0.375,0.0625,4,1,0.3333333333333333,0.25,6,8,55,299
4212,263,1993,524159,55,300,524149,524171,22,0.45454545454545453,0.2727272727272727,4,1,0.3333333333333333,0.6666666666666666,6,6,55,300
4213,263,1997,525211,55,301,525209,525221,12,0.16666666666666666,0.16666666666666666,4,0,0.3333333333333333,0.25,6,4,55,301
4214,263,1999,525737,55,302,525731,525739,8,0.75,0.75,4,0,0.3333333333333333,0.5,6,2,55,302
4215,263,2003,526789,55,303,526781,526829,48,0.16666666666666666,0.041666666666666664,4,1,0.3333333333333333,0.5,6,4,55,303
4216,269,1009,271421,56,168,271409,271429,20,0.6,0.4,4,1,0.3333333333333333,0.08333333333333333,6,12,56,168
4217,269,1013,272497,56,169,272477,272507,30,0.6666666666666666,0.06666666666666667,4,1,0.3333333333333333,0.5,6,4,56,169
4218,269,1019,274111,56,170,274103,274117,14,0.5714285714285714,0.2857142857142857,4,1,0.3333333333333333,0.8333333333333334,6,6,56,170
4219,269,1021,274649,56,171,274627,274661,34,0.6470588235294118,0.11764705882352941,4,1,0.3333333333333333,0.5,6,2,56,171
4220,269,1031,277339,56,172,277331,277363,32,0.25,0.0625,4,1,0.3333333333333333,0.6,6,10,56,172
4221,269,1033,277877,56,173,277859,277883,24,0.75,0.08333333333333333,4,1,0.3333333333333333,0.5,6,2,56,173
4222,269,1039,279491,56,174,279481,279511,30,0.3333333333333333,0.13333333333333333,4,1,0.3333333333333333,0.6666666666666666,6,6,56,174
4223,269,1049,282181,56,175,282167,282221,54,0.25925925925925924,0.037037037037037035,4,1,0.3333333333333333,0.2,6,10,56,175
4224,269,1051,282719,56,176,282713,282767,54,0.1111111111111111,0.037037037037037035,4,1,0.3333333333333333,0.5,6,2,56,176
4225,269,1061,285409,56,177,285377,285421,44,0.7272727272727273,0.045454545454545456,4,1,0.3333333333333333,0.4,6,10,56,177
4226,269,1063,285947,56,178,285937,285949,12,0.8333333333333334,0.08333333333333333,4,1,0.3333333333333333,0.5,6,2,56,178
4227,269,1069,287561,56,179,287557,287579,22,0.18181818181818182,0.045454545454545456,4,1,0.3333333333333333,0.6666666666666666,6,6,56,179
4228,269,1087,292403,56,180,292393,292427,34,0.29411764705882354,0.029411764705882353,4,1,0.3333333333333333,0.2222222222222222,6,18,56,180
4229,269,1091,293479,56,181,293473,293483,10,0.6,0.4,4,1,0.3333333333333333,0.75,6,4,56,181
4230,269,1093,294017,56,182,294013,294023,10,0.4,0.4,4,0,0.3333333333333333,0.5,6,2,56,182
4231,269,1097,295093,56,183,295081,295111,30,0.4,0.03333333333333333,4,1,0.3333333333333333,0.25,6,4,56,183
4232,269,1103,296707,56,184,296693,296713,20,0.7,0.2,4,1,0.3333333333333333,0.3333333333333333,6,6,56,184
4233,269,1109,298321,56,185,298307,298327,20,0.7,0.3,4,1,0.3333333333333333,0.8333333333333334,6,6,56,185
4234,269,1117,300473,56,186,300463,300481,18,0.5555555555555556,0.2222222222222222,4,1,0.3333333333333333,0.25,6,8,56,186
4235,269,1123,302087,56,187,302053,302111,58,0.5862068965517241,0.017241379310344827,4,1,0.3333333333333333,0.3333333333333333,6,6,56,187
4236,269,1129,303701,56,188,303691,303703,12,0.8333333333333334,0.25,4,1,0.3333333333333333,0.5,6,6,56,188
4237,269,1151,309619,56,189,309599,309623,24,0.8333333333333334,0.08333333333333333,4,1,0.3333333333333333,0.18181818181818182,6,22,56,189
4238,269,1153,310157,56,190,310129,310169,40,0.7,0.1,4,1,0.3333333333333333,0.5,6,2,56,190
4239,269,1163,312847,56,191,312841,312857,16,0.375,0.0625,4,1,0.3333333333333333,0.1,6,10,56,191
4240,269,1171,314999,56,192,314989,315011,22,0.45454545454545453,0.36363636363636365,4,1,0.3333333333333333,0.25,6,8,56,192
4241,269,1181,317689,56,193,317671,317693,22,0.8181818181818182,0.2727272727272727,4,1,0.3333333333333333,0.3,6,10,56,193
4242,269,1187,319303,56,194,319289,319313,24,0.5833333333333334,0.08333333333333333,4,1,0.3333333333333333,0.8333333333333334,6,6,56,194
4243,269,1193,320917,56,195,320911,320923,12,0.5,0.5,4,0,0.3333333333333333,0.3333333333333333,6,6,56,195
4244,269,1201,323069,56,196,323053,323077,24,0.6666666666666666,0.041666666666666664,4,1,0.3333333333333333,0.25,6,8,56,196
4245,269,1213,326297,56,197,326257,326309,52,0.7692307692307693,0.019230769230769232,4,1,0.3333333333333333,0.08333333333333333,6,12,56,197
4246,269,1217,327373,56,198,327347,327401,54,0.48148148148148145,0.037037037037037035,4,1,0.3333333333333333,0.25,6,4,56,198
4247,269,1223,328987,56,199,328981,329009,28,0.21428571428571427,0.07142857142857142,4,1,0.3333333333333333,0.3333333333333333,6,6,56,199
4248,269,1229,330601,56,200,330587,330607,20,0.7,0.3,4,1,0.3333333333333333,0.5,6,6,56,200
4249,269,1231,331139,56,201,331127,331141,14,0.8571428571428571,0.14285714285714285,4,1,0.3333333333333333,0.5,6,2,56,201
4250,269,1237,332753,56,202,332749,332767,18,0.2222222222222222,0.1111111111111111,4,1,0.3333333333333333,0.5,6,6,56,202
4251,269,1249,335981,56,203,335957,335999,42,0.5714285714285714,0.14285714285714285,4,1,0.3333333333333333,0.08333333333333333,6,12,56,203
4252,269,1259,338671,56,204,338669,338683,14,0.14285714285714285,0.14285714285714285,4,0,0.3333333333333333,0.4,6,10,56,204
4253,269,1277,343513,56,205,343489,343517,28,0.8571428571428571,0.14285714285714285,4,1,0.3333333333333333,0.1111111111111111,6,18,56,205
4254,269,1279,344051,56,206,344039,344053,14,0.8571428571428571,0.14285714285714285,4,1,0.3333333333333333,0.5,6,2,56,206
4255,269,1283,345127,56,207,345109,345133,24,0.75,0.16666666666666666,4,1,0.3333333333333333,0.75,6,4,56,207
4256,269,1289,346741,56,208,346739,346751,12,0.16666666666666666,0.16666666666666666,4,0,0.3333333333333333,0.3333333333333333,6,6,56,208
4257,269,1291,347279,56,209,347257,347287,30,0.7333333333333333,0.03333333333333333,4,1,0.3333333333333333,0.5,6,2,56,209
4258,269,1297,348893,56,210,348889,348911,22,0.18181818181818182,0.18181818181818182,4,0,0.3333333333333333,0.3333333333333333,6,6,56,210
4259,269,1301,349969,56,211,349967,349981,14,0.14285714285714285,0.14285714285714285,4,0,0.3333333333333333,0.5,6,4,56,211
4260,269,1303,350507,56,212,350503,350521,18,0.2222222222222222,0.2222222222222222,4,0,0.3333333333333333,0.5,6,2,56,212
4261,269,1307,351583,56,213,351563,351587,24,0.8333333333333334,0.08333333333333333,4,1,0.3333333333333333,0.75,6,4,56,213
4262,269,1319,354811,56,214,354799,354829,30,0.4,0.13333333333333333,4,1,0.3333333333333333,0.5,6,12,56,214
4263,269,1321,355349,56,215,355343,355361,18,0.3333333333333333,0.1111111111111111,4,1,0.3333333333333333,0.5,6,2,56,215
4264,269,1327,356963,56,216,356959,356969,10,0.4,0.3,4,1,0.3333333333333333,0.16666666666666666,6,6,56,216
4265,269,1361,366109,56,217,366103,366127,24,0.25,0.16666666666666666,4,1,0.3333333333333333,0.058823529411764705,6,34,56,217
4266,269,1367,367723,56,218,367721,367733,12,0.16666666666666666,0.16666666666666666,4,0,0.3333333333333333,0.3333333333333333,6,6,56,218
4267,269,1373,369337,56,219,369331,369353,22,0.2727272727272727,0.18181818181818182,4,1,0.3333333333333333,0.3333333333333333,6,6,56,219
4268,269,1381,371489,56,220,371479,371491,12,0.8333333333333334,0.3333333333333333,4,1,0.3333333333333333,0.75,6,8,56,220
4269,269,1399,376331,56,221,376307,376351,44,0.5454545454545454,0.13636363636363635,4,1,0.3333333333333333,0.05555555555555555,6,18,56,221
4270,269,1409,379021,56,222,379013,379033,20,0.4,0.25,4,1,0.3333333333333333,0.2,6,10,56,222
4271,269,1423,382787,56,223,382777,382801,24,0.4166666666666667,0.25,4,1,0.3333333333333333,0.14285714285714285,6,14,56,223
4272,269,1427,383863,56,224,383839,383869,30,0.8,0.3333333333333333,4,1,0.3333333333333333,0.75,6,4,56,224
4273,269,1429,384401,56,225,384383,384403,20,0.9,0.15,4,1,0.3333333333333333,0.5,6,2,56,225
4274,269,1433,385477,56,226,385471,385481,10,0.6,0.3,4,1,0.3333333333333333,0.5,6,4,56,226
4275,269,1439,387091,56,227,387089,387109,20,0.1,0.1,4,0,0.3333333333333333,0.6666666666666666,6,6,56,227
4276,269,1447,389243,56,228,389231,389269,38,0.3157894736842105,0.15789473684210525,4,1,0.3333333333333333,0.25,6,8,56,228
4277,269,1451,390319,56,229,390307,390323,16,0.75,0.4375,4,1,0.3333333333333333,0.25,6,4,56,229
4278,269,1453,390857,56,230,390851,390869,18,0.3333333333333333,0.1111111111111111,4,1,0.3333333333333333,0.5,6,2,56,230
4279,269,1459,392471,56,231,392467,392473,6,0.6666666666666666,0.6666666666666666,4,0,0.3333333333333333,0.16666666666666666,6,6,56,231
4280,269,1471,395699,56,232,395687,395701,14,0.8571428571428571,0.14285714285714285,4,1,0.3333333333333333,0.16666666666666666,6,12,56,232
4281,269,1481,398389,56,233,398369,398393,24,0.8333333333333334,0.08333333333333333,4,1,0.3333333333333333,0.2,6,10,56,233
4282,269,1483,398927,56,234,398921,398933,12,0.5,0.16666666666666666,4,1,0.3333333333333333,0.5,6,2,56,234
4283,269,1487,400003,56,235,399989,400009,20,0.7,0.1,4,1,0.3333333333333333,0.75,6,4,56,235
4284,269,1489,400541,56,236,400523,400559,36,0.5,0.16666666666666666,4,1,0.3333333333333333,0.5,6,2,56,236
4285,269,1493,401617,56,237,401593,401627,34,0.7058823529411765,0.029411764705882353,4,1,0.3333333333333333,0.75,6,4,56,237
4286,269,1499,403231,56,238,403219,403241,22,0.5454545454545454,0.13636363636363635,4,1,0.3333333333333333,0.6666666666666666,6,6,56,238
4287,269,1511,406459,56,239,406447,406481,34,0.35294117647058826,0.17647058823529413,4,1,0.3333333333333333,0.16666666666666666,6,12,56,239
4288,269,1523,409687,56,240,409657,409691,34,0.8823529411764706,0.17647058823529413,4,1,0.3333333333333333,0.16666666666666666,6,12,56,240
4289,269,1531,411839,56,241,411833,411841,8,0.75,0.5,4,1,0.3333333333333333,0.5,6,8,56,241
4290,269,1543,415067,56,242,415061,415069,8,0.75,0.75,4,0,0.3333333333333333,0.3333333333333333,6,12,56,242
4291,269,1549,416681,56,243,416677,416693,16,0.25,0.125,4,1,0.3333333333333333,0.5,6,6,56,243
4292,269,1553,417757,56,244,417751,417763,12,0.5,0.25,4,1,0.3333333333333333,0.5,6,4,56,244
4293,269,1559,419371,56,245,419351,419383,32,0.625,0.1875,4,1,0.3333333333333333,0.3333333333333333,6,6,56,245
4294,269,1567,421523,56,246,421517,421559,42,0.14285714285714285,0.047619047619047616,4,1,0.3333333333333333,0.25,6,8,56,246
4295,269,1571,422599,56,247,422581,422621,40,0.45,0.025,4,1,0.3333333333333333,0.5,6,4,56,247
4296,269,1579,424751,56,248,424729,424757,28,0.7857142857142857,0.14285714285714285,4,1,0.3333333333333333,0.375,6,8,56,248
4297,269,1583,425827,56,249,425819,425837,18,0.4444444444444444,0.1111111111111111,4,1,0.3333333333333333,0.5,6,4,56,249
4298,269,1597,429593,56,250,429589,429599,10,0.4,0.2,4,1,0.3333333333333333,0.14285714285714285,6,14,56,250
4299,269,1601,430669,56,251,430663,430691,28,0.21428571428571427,0.14285714285714285,4,1,0.3333333333333333,0.25,6,4,56,251
4300,269,1607,432283,56,252,432281,432287,6,0.3333333333333333,0.3333333333333333,4,0,0.3333333333333333,0.3333333333333333,6,6,56,252
4301,269,1609,432821,56,253,432799,432833,34,0.6470588235294118,0.08823529411764706,4,1,0.3333333333333333,0.5,6,2,56,253
4302,269,1613,433897,56,254,433889,433931,42,0.19047619047619047,0.047619047619047616,4,1,0.3333333333333333,0.5,6,4,56,254
4303,269,1619,435511,56,255,435503,435529,26,0.3076923076923077,0.23076923076923078,4,1,0.3333333333333333,0.8333333333333334,6,6,56,255
4304,269,1621,436049,56,256,436027,436061,34,0.6470588235294118,0.35294117647058826,4,1,0.3333333333333333,0.5,6,2,56,256
4305,269,1627,437663,56,257,437653,437677,24,0.4166666666666667,0.25,4,1,0.3333333333333333,0.16666666666666666,6,6,56,257
4306,269,1637,440353,56,258,440347,440371,24,0.25,0.16666666666666666,4,1,0.3333333333333333,0.4,6,10,56,258
4307,269,1657,445733,56,259,445703,445741,38,0.7894736842105263,0.15789473684210525,4,1,0.3333333333333333,0.1,6,20,56,259
4308,269,1663,447347,56,260,447331,447353,22,0.7272727272727273,0.09090909090909091,4,1,0.3333333333333333,0.16666666666666666,6,6,56,260
4309,269,1667,448423,56,261,448421,448451,30,0.06666666666666667,0.06666666666666667,4,0,0.3333333333333333,0.5,6,4,56,261
4310,269,1669,448961,56,262,448939,448969,30,0.7333333333333333,0.13333333333333333,4,1,0.3333333333333333,0.5,6,2,56,262
4311,269,1693,455417,56,263,455407,455419,12,0.8333333333333334,0.5833333333333334,4,1,0.3333333333333333,0.5,6,24,56,263
4312,269,1697,456493,56,264,456461,456499,38,0.8421052631578947,0.13157894736842105,4,1,0.3333333333333333,0.5,6,4,56,264
4313,269,1699,457031,56,265,457021,457043,22,0.45454545454545453,0.045454545454545456,4,1,0.3333333333333333,0.5,6,2,56,265
4314,269,1709,459721,56,266,459703,459749,46,0.391304347826087,0.08695652173913043,4,1,0.3333333333333333,0.4,6,10,56,266
4315,269,1721,462949,56,267,462947,462953,6,0.3333333333333333,0.3333333333333333,4,0,0.3333333333333333,0.16666666666666666,6,12,56,267
4316,269,1723,463487,56,268,463483,463501,18,0.2222222222222222,0.2222222222222222,4,0,0.3333333333333333,0.5,6,2,56,268
4317,269,1733,466177,56,269,466171,466181,10,0.6,0.6,4,0,0.3333333333333333,0.3,6,10,56,269
4318,269,1741,468329,56,270,468323,468353,30,0.2,0.13333333333333333,4,1,0.3333333333333333,0.25,6,8,56,270
4319,269,1747,469943,56,271,469939,469957,18,0.2222222222222222,0.2222222222222222,4,0,0.3333333333333333,0.6666666666666666,6,6,56,271
4320,269,1753,471557,56,272,471553,471571,18,0.2222222222222222,0.2222222222222222,4,0,0.3333333333333333,0.6666666666666666,6,6,56,272
4321,269,1759,473171,56,273,473167,473173,6,0.6666666666666666,0.6666666666666666,4,0,0.3333333333333333,0.16666666666666666,6,6,56,273
4322,269,1777,478013,56,274,478001,478039,38,0.3157894736842105,0.05263157894736842,4,1,0.3333333333333333,0.1111111111111111,6,18,56,274
4323,269,1783,479627,56,275,479623,479629,6,0.6666666666666666,0.6666666666666666,4,0,0.3333333333333333,0.3333333333333333,6,6,56,275
4324,269,1787,480703,56,276,480661,480707,46,0.9130434782608695,0.21739130434782608,4,1,0.3333333333333333,0.25,6,4,56,276
4325,269,1789,481241,56,277,481231,481249,18,0.5555555555555556,0.3333333333333333,4,1,0.3333333333333333,0.5,6,2,56,277
4326,269,1801,484469,56,278,484459,484487,28,0.35714285714285715,0.21428571428571427,4,1,0.3333333333333333,0.3333333333333333,6,12,56,278
4327,269,1811,487159,56,279,487133,487177,44,0.5909090909090909,0.13636363636363635,4,1,0.3333333333333333,0.2,6,10,56,279
4328,269,1823,490387,56,280,490367,490393,26,0.7692307692307693,0.07692307692307693,4,1,0.3333333333333333,0.25,6,12,56,280
4329,269,1831,492539,56,281,492523,492551,28,0.5714285714285714,0.21428571428571427,4,1,0.3333333333333333,0.75,6,8,56,281
4330,269,1847,496843,56,282,496841,496849,8,0.25,0.25,4,0,0.3333333333333333,0.25,6,16,56,282
4331,269,1861,500609,56,283,500603,500629,26,0.23076923076923078,0.23076923076923078,4,0,0.3333333333333333,0.14285714285714285,6,14,56,283
4332,269,1867,502223,56,284,502217,502237,20,0.3,0.1,4,1,0.3333333333333333,0.6666666666666666,6,6,56,284
4333,269,1871,503299,56,285,503297,503303,6,0.3333333333333333,0.3333333333333333,4,0,0.3333333333333333,0.25,6,4,56,285
4334,269,1873,503837,56,286,503827,503851,24,0.4166666666666667,0.16666666666666666,4,1,0.3333333333333333,0.5,6,2,56,286
4335,269,1877,504913,56,287,504901,504929,28,0.42857142857142855,0.14285714285714285,4,1,0.3333333333333333,0.25,6,4,56,287
4336,269,1879,505451,56,288,505447,505459,12,0.3333333333333333,0.3333333333333333,4,0,0.3333333333333333,0.5,6,2,56,288
4337,269,1889,508141,56,289,508129,508159,30,0.4,0.13333333333333333,4,1,0.3333333333333333,0.3,6,10,56,289
4338,269,1901,511369,56,290,511361,511387,26,0.3076923076923077,0.23076923076923078,4,1,0.3333333333333333,0.16666666666666666,6,12,56,290
4339,269,1907,512983,56,291,512977,512989,12,0.5,0.08333333333333333,4,1,0.3333333333333333,0.3333333333333333,6,6,56,291
4340,269,1913,514597,56,292,514571,514621,50,0.52,0.04,4,1,0.3333333333333333,0.3333333333333333,6,6,56,292
4341,269,1931,519439,56,293,519433,519457,24,0.25,0.041666666666666664,4,1,0.3333333333333333,0.1111111111111111,6,18,56,293
4342,269,1933,519977,56,294,519971,519989,18,0.3333333333333333,0.1111111111111111,4,1,0.3333333333333333,0.5,6,2,56,294
4343,269,1949,524281,56,295,524269,524287,18,0.6666666666666666,0.2222222222222222,4,1,0.3333333333333333,0.0625,6,16,56,295
4344,269,1951,524819,56,296,524803,524827,24,0.6666666666666666,0.16666666666666666,4,1,0.3333333333333333,0.5,6,2,56,296
4345,269,1973,530737,56,297,530731,530741,10,0.6,0.6,4,0,0.3333333333333333,0.13636363636363635,6,22,56,297
4346,269,1979,532351,56,298,532349,532373,24,0.08333333333333333,0.08333333333333333,4,0,0.3333333333333333,0.6666666666666666,6,6,56,298
4347,269,1987,534503,56,299,534491,534511,20,0.6,0.1,4,1,0.3333333333333333,0.25,6,8,56,299
4348,269,1993,536117,56,300,536111,536141,30,0.2,0.06666666666666667,4,1,0.3333333333333333,0.6666666666666666,6,6,56,300
4349,269,1997,537193,56,301,537191,537197,6,0.3333333333333333,0.3333333333333333,4,0,0.3333333333333333,0.25,6,4,56,301
4350,269,1999,537731,56,302,537709,537739,30,0.7333333333333333,0.13333333333333333,4,1,0.3333333333333333,0.5,6,2,56,302
4351,269,2003,538807,56,303,538801,538817,16,0.375,0.25,4,1,0.3333333333333333,0.5,6,4,56,303
4352,271,1009,273439,57,168,273433,273457,24,0.25,0.16666666666666666,4,1,0.5,0.08333333333333333,2,12,57,168
4353,271,1013,274523,57,169,274517,274529,12,0.5,0.16666666666666666,4,1,0.5,0.5,2,4,57,169
4354,271,1019,276149,57,170,276137,276151,14,0.8571428571428571,0.14285714285714285,4,1,0.5,0.8333333333333334,2,6,57,170
4355,271,1021,276691,57,171,276673,276707,34,0.5294117647058824,0.029411764705882353,4,1,0.5,0.5,2,2,57,171
4356,271,1031,279401,57,172,279397,279407,10,0.4,0.2,4,1,0.5,0.6,2,10,57,172
4357,271,1033,279943,57,173,279941,279949,8,0.25,0.25,4,0,0.5,0.5,2,2,57,173
4358,271,1039,281569,57,174,281563,281579,16,0.375,0.375,4,0,0.5,0.6666666666666666,2,6,57,174
4359,271,1049,284279,57,175,284269,284293,24,0.4166666666666667,0.4166666666666667,4,0,0.5,0.2,2,10,57,175
4360,271,1051,284821,57,176,284819,284831,12,0.16666666666666666,0.16666666666666666,4,0,0.5,0.5,2,2,57,176
4361,271,1061,287531,57,177,287503,287537,34,0.8235294117647058,0.17647058823529413,4,1,0.5,0.4,2,10,57,177
4362,271,1063,288073,57,178,288061,288077,16,0.75,0.0625,4,1,0.5,0.5,2,2,57,178
4363,271,1069,289699,57,179,289669,289717,48,0.625,0.041666666666666664,4,1,0.5,0.6666666666666666,2,6,57,179
4364,271,1087,294577,57,180,294563,294629,66,0.21212121212121213,0.030303030303030304,4,1,0.5,0.2222222222222222,2,18,57,180
4365,271,1091,295661,57,181,295601,295663,62,0.967741935483871,0.0967741935483871,4,1,0.5,0.75,2,4,57,181
4366,271,1093,296203,57,182,296201,296213,12,0.16666666666666666,0.16666666666666666,4,0,0.5,0.5,2,2,57,182
4367,271,1097,297287,57,183,297263,297289,26,0.9230769230769231,0.07692307692307693,4,1,0.5,0.25,2,4,57,183
4368,271,1103,298913,57,184,298897,298937,40,0.4,0.1,4,1,0.5,0.3333333333333333,2,6,57,184
4369,271,1109,300539,57,185,300511,300557,46,0.6086956521739131,0.08695652173913043,4,1,0.5,0.8333333333333334,2,6,57,185
4370,271,1117,302707,57,186,302681,302711,30,0.8666666666666667,0.06666666666666667,4,1,0.5,0.25,2,8,57,186
4371,271,1123,304333,57,187,304331,304349,18,0.1111111111111111,0.1111111111111111,4,0,0.5,0.3333333333333333,2,6,57,187
4372,271,1129,305959,57,188,305947,305971,24,0.5,0.16666666666666666,4,1,0.5,0.5,2,6,57,188
4373,271,1151,311921,57,189,311897,311951,54,0.4444444444444444,0.07407407407407407,4,1,0.5,0.18181818181818182,2,22,57,189
4374,271,1153,312463,57,190,312451,312469,18,0.6666666666666666,0.16666666666666666,4,1,0.5,0.5,2,2,57,190
4375,271,1163,315173,57,191,315127,315179,52,0.8846153846153846,0.07692307692307693,4,1,0.5,0.1,2,10,57,191
4376,271,1171,317341,57,192,317333,317351,18,0.4444444444444444,0.1111111111111111,4,1,0.5,0.25,2,8,57,192
4377,271,1181,320051,57,193,320041,320053,12,0.8333333333333334,0.16666666666666666,4,1,0.5,0.3,2,10,57,193
4378,271,1187,321677,57,194,321661,321679,18,0.8888888888888888,0.2222222222222222,4,1,0.5,0.8333333333333334,2,6,57,194
4379,271,1193,323303,57,195,323273,323333,60,0.5,0.08333333333333333,4,1,0.5,0.3333333333333333,2,6,57,195
4380,271,1201,325471,57,196,325463,325477,14,0.5714285714285714,0.42857142857142855,4,1,0.5,0.25,2,8,57,196
4381,271,1213,328723,57,197,328721,328753,32,0.0625,0.0625,4,0,0.5,0.08333333333333333,2,12,57,197
4382,271,1217,329807,57,198,329803,329863,60,0.06666666666666667,0.06666666666666667,4,0,0.5,0.25,2,4,57,198
4383,271,1223,331433,57,199,331423,331447,24,0.4166666666666667,0.125,4,1,0.5,0.3333333333333333,2,6,57,199
4384,271,1229,333059,57,200,333049,333071,22,0.45454545454545453,0.45454545454545453,4,0,0.5,0.5,2,6,57,200
4385,271,1231,333601,57,201,333589,333623,34,0.35294117647058826,0.2647058823529412,4,1,0.5,0.5,2,2,57,201
4386,271,1237,335227,57,202,335221,335249,28,0.21428571428571427,0.03571428571428571,4,1,0.5,0.5,2,6,57,202
4387,271,1249,338479,57,203,338477,338497,20,0.1,0.1,4,0,0.5,0.08333333333333333,2,12,57,203
4388,271,1259,341189,57,204,341179,341191,12,0.8333333333333334,0.3333333333333333,4,1,0.5,0.4,2,10,57,204
4389,271,1277,346067,57,205,346051,346079,28,0.5714285714285714,0.21428571428571427,4,1,0.5,0.1111111111111111,2,18,57,205
4390,271,1279,346609,57,206,346607,346627,20,0.1,0.1,4,0,0.5,0.5,2,2,57,206
4391,271,1283,347693,57,207,347671,347707,36,0.6111111111111112,0.05555555555555555,4,1,0.5,0.75,2,4,57,207
4392,271,1289,349319,57,208,349313,349331,18,0.3333333333333333,0.2777777777777778,4,1,0.5,0.3333333333333333,2,6,57,208
4393,271,1291,349861,57,209,349849,349871,22,0.5454545454545454,0.4090909090909091,4,1,0.5,0.5,2,2,57,209
4394,271,1297,351487,57,210,351479,351497,18,0.4444444444444444,0.3333333333333333,4,1,0.5,0.3333333333333333,2,6,57,210
4395,271,1301,352571,57,211,352549,352579,30,0.7333333333333333,0.06666666666666667,4,1,0.5,0.5,2,4,57,211
4396,271,1303,353113,57,212,353099,353117,18,0.7777777777777778,0.16666666666666666,4,1,0.5,0.5,2,2,57,212
4397,271,1307,354197,57,213,354181,354209,28,0.5714285714285714,0.03571428571428571,4,1,0.5,0.75,2,4,57,213
4398,271,1319,357449,57,214,357437,357473,36,0.3333333333333333,0.05555555555555555,4,1,0.5,0.5,2,12,57,214
4399,271,1321,357991,57,215,357989,357997,8,0.25,0.25,4,0,0.5,0.5,2,2,57,215
4400,271,1327,359617,57,216,359599,359621,22,0.8181818181818182,0.13636363636363635,4,1,0.5,0.16666666666666666,2,6,57,216
4401,271,1361,368831,57,217,368803,368833,30,0.9333333333333333,0.13333333333333333,4,1,0.5,0.058823529411764705,2,34,57,217
4402,271,1367,370457,57,218,370451,370463,12,0.5,0.16666666666666666,4,1,0.5,0.3333333333333333,2,6,57,218
4403,271,1373,372083,57,219,372067,372107,40,0.4,0.15,4,1,0.5,0.3333333333333333,2,6,57,219
4404,271,1381,374251,57,220,374239,374287,48,0.25,0.08333333333333333,4,1,0.5,0.75,2,8,57,220
4405,271,1399,379129,57,221,379123,379133,10,0.6,0.6,4,0,0.5,0.05555555555555555,2,18,57,221
4406,271,1409,381839,57,222,381817,381841,24,0.9166666666666666,0.041666666666666664,4,1,0.5,0.2,2,10,57,222
4407,271,1423,385633,57,223,385631,385639,8,0.25,0.25,4,0,0.5,0.14285714285714285,2,14,57,223
4408,271,1427,386717,57,224,386713,386719,6,0.6666666666666666,0.16666666666666666,4,1,0.5,0.75,2,4,57,224
4409,271,1429,387259,57,225,387253,387263,10,0.6,0.4,4,1,0.5,0.5,2,2,57,225
4410,271,1433,388343,57,226,388319,388351,32,0.75,0.0625,4,1,0.5,0.5,2,4,57,226
4411,271,1439,389969,57,227,389957,389971,14,0.8571428571428571,0.14285714285714285,4,1,0.5,0.6666666666666666,2,6,57,227
4412,271,1447,392137,57,228,392131,392143,12,0.5,0.3333333333333333,4,1,0.5,0.25,2,8,57,228
4413,271,1451,393221,57,229,393209,393241,32,0.375,0.125,4,1,0.5,0.25,2,4,57,229
4414,271,1453,393763,57,230,393761,393779,18,0.1111111111111111,0.1111111111111111,4,0,0.5,0.5,2,2,57,230
4415,271,1459,395389,57,231,395383,395407,24,0.25,0.16666666666666666,4,1,0.5,0.16666666666666666,2,6,57,231
4416,271,1471,398641,57,232,398627,398669,42,0.3333333333333333,0.2857142857142857,4,1,0.5,0.16666666666666666,2,12,57,232
4417,271,1481,401351,57,233,401347,401371,24,0.16666666666666666,0.16666666666666666,4,0,0.5,0.2,2,10,57,233
4418,271,1483,401893,57,234,401887,401903,16,0.375,0.125,4,1,0.5,0.5,2,2,57,234
4419,271,1487,402977,57,235,402949,402991,42,0.6666666666666666,0.09523809523809523,4,1,0.5,0.75,2,4,57,235
4420,271,1489,403519,57,236,403511,403537,26,0.3076923076923077,0.07692307692307693,4,1,0.5,0.5,2,2,57,236
4421,271,1493,404603,57,237,404597,404671,74,0.08108108108108109,0.02702702702702703,4,1,0.5,0.75,2,4,57,237
4422,271,1499,406229,57,238,406207,406247,40,0.55,0.05,4,1,0.5,0.6666666666666666,2,6,57,238
4423,271,1511,409481,57,239,409477,409483,6,0.6666666666666666,0.6666666666666666,4,0,0.5,0.16666666666666666,2,12,57,239
4424,271,1523,412733,57,240,412717,412739,22,0.7272727272727273,0.09090909090909091,4,1,0.5,0.16666666666666666,2,12,57,240
4425,271,1531,414901,57,241,414899,414913,14,0.14285714285714285,0.14285714285714285,4,0,0.5,0.5,2,8,57,241
4426,271,1543,418153,57,242,418129,418157,28,0.8571428571428571,0.35714285714285715,4,1,0.5,0.3333333333333333,2,12,57,242
4427,271,1549,419779,57,243,419777,419789,12,0.16666666666666666,0.16666666666666666,4,0,0.5,0.5,2,6,57,243
4428,271,1553,420863,57,244,420859,420899,40,0.1,0.1,4,0,0.5,0.5,2,4,57,244
4429,271,1559,422489,57,245,422479,422537,58,0.1724137931034483,0.034482758620689655,4,1,0.5,0.3333333333333333,2,6,57,245
4430,271,1567,424657,57,246,424639,424661,22,0.8181818181818182,0.18181818181818182,4,1,0.5,0.25,2,8,57,246
4431,271,1571,425741,57,247,425713,425779,66,0.42424242424242425,0.06060606060606061,4,1,0.5,0.5,2,4,57,247
4432,271,1579,427909,57,248,427883,427913,30,0.8666666666666667,0.06666666666666667,4,1,0.5,0.375,2,8,57,248
4433,271,1583,428993,57,249,428977,429007,30,0.5333333333333333,0.06666666666666667,4,1,0.5,0.5,2,4,57,249
4434,271,1597,432787,57,250,432781,432793,12,0.5,0.5,4,0,0.5,0.14285714285714285,2,14,57,250
4435,271,1601,433871,57,251,433861,433877,16,0.625,0.375,4,1,0.5,0.25,2,4,57,251
4436,271,1607,435497,57,252,435481,435503,22,0.7272727272727273,0.45454545454545453,4,1,0.5,0.3333333333333333,2,6,57,252
4437,271,1609,436039,57,253,436027,436061,34,0.35294117647058826,0.35294117647058826,4,0,0.5,0.5,2,2,57,253
4438,271,1613,437123,57,254,437113,437137,24,0.4166666666666667,0.16666666666666666,4,1,0.5,0.5,2,4,57,254
4439,271,1619,438749,57,255,438733,438761,28,0.5714285714285714,0.14285714285714285,4,1,0.5,0.8333333333333334,2,6,57,255
4440,271,1621,439291,57,256,439289,439303,14,0.14285714285714285,0.14285714285714285,4,0,0.5,0.5,2,2,57,256
4441,271,1627,440917,57,257,440911,440939,28,0.21428571428571427,0.21428571428571427,4,0,0.5,0.16666666666666666,2,6,57,257
4442,271,1637,443627,57,258,443609,443629,20,0.9,0.25,4,1,0.5,0.4,2,10,57,258
4443,271,1657,449047,57,259,449011,449051,40,0.9,0.15,4,1,0.5,0.1,2,20,57,259
4444,271,1663,450673,57,260,450649,450677,28,0.8571428571428571,0.07142857142857142,4,1,0.5,0.16666666666666666,2,6,57,260
4445,271,1667,451757,57,261,451753,451771,18,0.2222222222222222,0.2222222222222222,4,0,0.5,0.5,2,4,57,261
4446,271,1669,452299,57,262,452297,452329,32,0.0625,0.0625,4,0,0.5,0.5,2,2,57,262
4447,271,1693,458803,57,263,458797,458807,10,0.6,0.1,4,1,0.5,0.5,2,24,57,263
4448,271,1697,459887,57,264,459883,459913,30,0.13333333333333333,0.13333333333333333,4,0,0.5,0.5,2,4,57,264
4449,271,1699,460429,57,265,460417,460451,34,0.35294117647058826,0.17647058823529413,4,1,0.5,0.5,2,2,57,265
4450,271,1709,463139,57,266,463103,463157,54,0.6666666666666666,0.07407407407407407,4,1,0.5,0.4,2,10,57,266
4451,271,1721,466391,57,267,466373,466409,36,0.5,0.16666666666666666,4,1,0.5,0.16666666666666666,2,12,57,267
4452,271,1723,466933,57,268,466919,466951,32,0.4375,0.25,4,1,0.5,0.5,2,2,57,268
4453,271,1733,469643,57,269,469631,469649,18,0.6666666666666666,0.1111111111111111,4,1,0.5,0.3,2,10,57,269
4454,271,1741,471811,57,270,471803,471817,14,0.5714285714285714,0.42857142857142855,4,1,0.5,0.25,2,8,57,270
4455,271,1747,473437,57,271,473419,473441,22,0.8181818181818182,0.18181818181818182,4,1,0.5,0.6666666666666666,2,6,57,271
4456,271,1753,475063,57,272,475051,475073,22,0.5454545454545454,0.09090909090909091,4,1,0.5,0.6666666666666666,2,6,57,272
4457,271,1759,476689,57,273,476683,476701,18,0.3333333333333333,0.2222222222222222,4,1,0.5,0.16666666666666666,2,6,57,273
4458,271,1777,481567,57,274,481549,481571,22,0.8181818181818182,0.18181818181818182,4,1,0.5,0.1111111111111111,2,18,57,274
4459,271,1783,483193,57,275,483179,483209,30,0.4666666666666667,0.26666666666666666,4,1,0.5,0.3333333333333333,2,6,57,275
4460,271,1787,484277,57,276,484259,484283,24,0.75,0.08333333333333333,4,1,0.5,0.25,2,4,57,276
4461,271,1789,484819,57,277,484787,484829,42,0.7619047619047619,0.047619047619047616,4,1,0.5,0.5,2,2,57,277
4462,271,1801,488071,57,278,488069,488119,50,0.04,0.04,4,0,0.5,0.3333333333333333,2,12,57,278
4463,271,1811,490781,57,279,490771,490783,12,0.8333333333333334,0.5,4,1,0.5,0.2,2,10,57,279
4464,271,1823,494033,57,280,494029,494041,12,0.3333333333333333,0.16666666666666666,4,1,0.5,0.25,2,12,57,280
4465,271,1831,496201,57,281,496193,496211,18,0.4444444444444444,0.2777777777777778,4,1,0.5,0.75,2,8,57,281
4466,271,1847,500537,57,282,500527,500567,40,0.25,0.05,4,1,0.5,0.25,2,16,57,282
4467,271,1861,504331,57,283,504323,504337,14,0.5714285714285714,0.21428571428571427,4,1,0.5,0.14285714285714285,2,14,57,283
4468,271,1867,505957,57,284,505949,505961,12,0.6666666666666666,0.6666666666666666,4,0,0.5,0.6666666666666666,2,6,57,284
4469,271,1871,507041,57,285,507029,507049,20,0.6,0.4,4,1,0.5,0.25,2,4,57,285
4470,271,1873,507583,57,286,507571,507589,18,0.6666666666666666,0.16666666666666666,4,1,0.5,0.5,2,2,57,286
4471,271,1877,508667,57,287,508661,508693,32,0.1875,0.0625,4,1,0.5,0.25,2,4,57,287
4472,271,1879,509209,57,288,509203,509221,18,0.3333333333333333,0.2222222222222222,4,1,0.5,0.5,2,2,57,288
4473,271,1889,511919,57,289,511909,511933,24,0.4166666666666667,0.16666666666666666,4,1,0.5,0.3,2,10,57,289
4474,271,1901,515171,57,290,515153,515173,20,0.9,0.2,4,1,0.5,0.16666666666666666,2,12,57,290
4475,271,1907,516797,57,291,516793,516811,18,0.2222222222222222,0.2222222222222222,4,0,0.5,0.3333333333333333,2,6,57,291
4476,271,1913,518423,57,292,518417,518429,12,0.5,0.16666666666666666,4,1,0.5,0.3333333333333333,2,6,57,292
4477,271,1931,523301,57,293,523297,523307,10,0.4,0.4,4,0,0.5,0.1111111111111111,2,18,57,293
4478,271,1933,523843,57,294,523829,523847,18,0.7777777777777778,0.2777777777777778,4,1,0.5,0.5,2,2,57,294
4479,271,1949,528179,57,295,528167,528191,24,0.5,0.25,4,1,0.5,0.0625,2,16,57,295
4480,271,1951,528721,57,296,528719,528763,44,0.045454545454545456,0.045454545454545456,4,0,0.5,0.5,2,2,57,296
4481,271,1973,534683,57,297,534671,534697,26,0.46153846153846156,0.4230769230769231,4,1,0.5,0.13636363636363635,2,22,57,297
4482,271,1979,536309,57,298,536293,536311,18,0.8888888888888888,0.2222222222222222,4,1,0.5,0.6666666666666666,2,6,57,298
4483,271,1987,538477,57,299,538471,538481,10,0.6,0.3,4,1,0.5,0.25,2,8,57,299
4484,271,1993,540103,57,300,540101,540119,18,0.1111111111111111,0.1111111111111111,4,0,0.5,0.6666666666666666,2,6,57,300
4485,271,1997,541187,57,301,541181,541193,12,0.5,0.16666666666666666,4,1,0.5,0.25,2,4,57,301
4486,271,1999,541729,57,302,541727,541759,32,0.0625,0.0625,4,0,0.5,0.5,2,2,57,302
4487,271,2003,542813,57,303,542797,542821,24,0.6666666666666666,0.16666666666666666,4,1,0.5,0.5,2,4,57,303
4488,277,1009,279493,58,168,279481,279511,30,0.4,0.13333333333333333,4,1,0.5,0.08333333333333333,6,12,58,168
4489,277,1013,280601,58,169,280597,280603,6,0.6666666666666666,0.6666666666666666,4,0,0.5,0.5,6,4,58,169
4490,277,1019,282263,58,170,282253,282281,28,0.35714285714285715,0.14285714285714285,4,1,0.5,0.8333333333333334,6,6,58,170
4491,277,1021,282817,58,171,282809,282827,18,0.4444444444444444,0.1111111111111111,4,1,0.5,0.5,6,2,58,171
4492,277,1031,285587,58,172,285569,285599,30,0.6,0.13333333333333333,4,1,0.5,0.6,6,10,58,172
4493,277,1033,286141,58,173,286129,286163,34,0.35294117647058826,0.11764705882352941,4,1,0.5,0.5,6,2,58,173
4494,277,1039,287803,58,174,287801,287813,12,0.16666666666666666,0.16666666666666666,4,0,0.5,0.6666666666666666,6,6,58,174
4495,277,1049,290573,58,175,290557,290593,36,0.4444444444444444,0.1111111111111111,4,1,0.5,0.2,6,10,58,175
4496,277,1051,291127,58,176,291113,291143,30,0.4666666666666667,0.13333333333333333,4,1,0.5,0.5,6,2,58,176
4497,277,1061,293897,58,177,293893,293899,6,0.6666666666666666,0.6666666666666666,4,0,0.5,0.4,6,10,58,177
4498,277,1063,294451,58,178,294439,294461,22,0.5454545454545454,0.13636363636363635,4,1,0.5,0.5,6,2,58,178
4499,277,1069,296113,58,179,296099,296117,18,0.7777777777777778,0.1111111111111111,4,1,0.5,0.6666666666666666,6,6,58,179
4500,277,1087,301099,58,180,301079,301123,44,0.45454545454545453,0.09090909090909091,4,1,0.5,0.2222222222222222,6,18,58,180
4501,277,1091,302207,58,181,302191,302213,22,0.7272727272727273,0.36363636363636365,4,1,0.5,0.75,6,4,58,181
4502,277,1093,302761,58,182,302759,302767,8,0.25,0.25,4,0,0.5,0.5,6,2,58,182
4503,277,1097,303869,58,183,303859,303871,12,0.8333333333333334,0.16666666666666666,4,1,0.5,0.25,6,4,58,183
4504,277,1103,305531,58,184,305521,305533,12,0.8333333333333334,0.5,4,1,0.5,0.3333333333333333,6,6,58,184
4505,277,1109,307193,58,185,307189,307201,12,0.3333333333333333,0.16666666666666666,4,1,0.5,0.8333333333333334,6,6,58,185
4506,277,1117,309409,58,186,309403,309433,30,0.2,0.13333333333333333,4,1,0.5,0.25,6,8,58,186
4507,277,1123,311071,58,187,311041,311099,58,0.5172413793103449,0.017241379310344827,4,1,0.5,0.3333333333333333,6,6,58,187
4508,277,1129,312733,58,188,312727,312737,10,0.6,0.2,4,1,0.5,0.5,6,6,58,188
4509,277,1151,318827,58,189,318823,318833,10,0.4,0.4,4,0,0.5,0.18181818181818182,6,22,58,189
4510,277,1153,319381,58,190,319357,319387,30,0.8,0.06666666666666667,4,1,0.5,0.5,6,2,58,190
4511,277,1163,322151,58,191,322139,322169,30,0.4,0.06666666666666667,4,1,0.5,0.1,6,10,58,191
4512,277,1171,324367,58,192,324361,324391,30,0.2,0.2,4,0,0.5,0.25,6,8,58,192
4513,277,1181,327137,58,193,327133,327163,30,0.13333333333333333,0.03333333333333333,4,1,0.5,0.3,6,10,58,193
4514,277,1187,328799,58,194,328789,328813,24,0.4166666666666667,0.08333333333333333,4,1,0.5,0.8333333333333334,6,6,58,194
4515,277,1193,330461,58,195,330439,330469,30,0.7333333333333333,0.13333333333333333,4,1,0.5,0.3333333333333333,6,6,58,195
4516,277,1201,332677,58,196,332641,332687,46,0.782608695652174,0.043478260869565216,4,1,0.5,0.25,6,8,58,196
4517,277,1213,336001,58,197,335999,336029,30,0.06666666666666667,0.06666666666666667,4,0,0.5,0.08333333333333333,6,12,58,197
4518,277,1217,337109,58,198,337097,337121,24,0.5,0.08333333333333333,4,1,0.5,0.25,6,4,58,198
4519,277,1223,338771,58,199,338761,338773,12,0.8333333333333334,0.16666666666666666,4,1,0.5,0.3333333333333333,6,6,58,199
4520,277,1229,340433,58,200,340429,340447,18,0.2222222222222222,0.2222222222222222,4,0,0.5,0.5,6,6,58,200
4521,277,1231,340987,58,201,340979,340999,20,0.4,0.1,4,1,0.5,0.5,6,2,58,201
4522,277,1237,342649,58,202,342647,342653,6,0.3333333333333333,0.3333333333333333,4,0,0.5,0.5,6,6,58,202
4523,277,1249,345973,58,203,345953,345979,26,0.7692307692307693,0.07692307692307693,4,1,0.5,0.08333333333333333,6,12,58,203
4524,277,1259,348743,58,204,348739,348757,18,0.2222222222222222,0.2222222222222222,4,0,0.5,0.4,6,10,58,204
4525,277,1277,353729,58,205,353711,353737,26,0.6923076923076923,0.07692307692307693,4,1,0.5,0.1111111111111111,6,18,58,205
4526,277,1279,354283,58,206,354271,354301,30,0.4,0.26666666666666666,4,1,0.5,0.5,6,2,58,206
4527,277,1283,355391,58,207,355379,355417,38,0.3157894736842105,0.05263157894736842,4,1,0.5,0.75,6,4,58,207
4528,277,1289,357053,58,208,357047,357073,26,0.23076923076923078,0.23076923076923078,4,0,0.5,0.3333333333333333,6,6,58,208
4529,277,1291,357607,58,209,357593,357611,18,0.7777777777777778,0.2777777777777778,4,1,0.5,0.5,6,2,58,209
4530,277,1297,359269,58,210,359267,359279,12,0.16666666666666666,0.16666666666666666,4,0,0.5,0.3333333333333333,6,6,58,210
4531,277,1301,360377,58,211,360337,360391,54,0.7407407407407407,0.07407407407407407,4,1,0.5,0.5,6,4,58,211
4532,277,1303,360931,58,212,360907,360947,40,0.6,0.1,4,1,0.5,0.5,6,2,58,212
4533,277,1307,362039,58,213,362027,362051,24,0.5,0.08333333333333333,4,1,0.5,0.75,6,4,58,213
4534,277,1319,365363,58,214,365357,365369,12,0.5,0.16666666666666666,4,1,0.5,0.5,6,12,58,214
4535,277,1321,365917,58,215,365903,365929,26,0.5384615384615384,0.07692307692307693,4,1,0.5,0.5,6,2,58,215
4536,277,1327,367579,58,216,367573,367597,24,0.25,0.16666666666666666,4,1,0.5,0.16666666666666666,6,6,58,216
4537,277,1361,376997,58,217,376969,377011,42,0.6666666666666666,0.09523809523809523,4,1,0.5,0.058823529411764705,6,34,58,217
4538,277,1367,378659,58,218,378629,378661,32,0.9375,0.0625,4,1,0.5,0.3333333333333333,6,6,58,218
4539,277,1373,380321,58,219,380311,380327,16,0.625,0.375,4,1,0.5,0.3333333333333333,6,6,58,219
4540,277,1381,382537,58,220,382519,382541,22,0.8181818181818182,0.09090909090909091,4,1,0.5,0.75,6,8,58,220
4541,277,1399,387523,58,221,387509,387529,20,0.7,0.1,4,1,0.5,0.05555555555555555,6,18,58,221
4542,277,1409,390293,58,222,390289,390307,18,0.2222222222222222,0.2222222222222222,4,0,0.5,0.2,6,10,58,222
4543,277,1423,394171,58,223,394169,394187,18,0.1111111111111111,0.1111111111111111,4,0,0.5,0.14285714285714285,6,14,58,223
4544,277,1427,395279,58,224,395273,395287,14,0.42857142857142855,0.2857142857142857,4,1,0.5,0.75,6,4,58,224
4545,277,1429,395833,58,225,395803,395849,46,0.6521739130434783,0.08695652173913043,4,1,0.5,0.5,6,2,58,225
4546,277,1433,396941,58,226,396937,396943,6,0.6666666666666666,0.16666666666666666,4,1,0.5,0.5,6,4,58,226
4547,277,1439,398603,58,227,398591,398609,18,0.6666666666666666,0.1111111111111111,4,1,0.5,0.6666666666666666,6,6,58,227
4548,277,1447,400819,58,228,400759,400823,64,0.9375,0.046875,4,1,0.5,0.25,6,8,58,228
4549,277,1451,401927,58,229,401917,401939,22,0.45454545454545453,0.2727272727272727,4,1,0.5,0.25,6,4,58,229
4550,277,1453,402481,58,230,402443,402487,44,0.8636363636363636,0.045454545454545456,4,1,0.5,0.5,6,2,58,230
4551,277,1459,404143,58,231,404123,404161,38,0.5263157894736842,0.07894736842105263,4,1,0.5,0.16666666666666666,6,6,58,231
4552,277,1471,407467,58,232,407437,407471,34,0.8823529411764706,0.11764705882352941,4,1,0.5,0.16666666666666666,6,12,58,232
4553,277,1481,410237,58,233,410233,410239,6,0.6666666666666666,0.6666666666666666,4,0,0.5,0.2,6,10,58,233
4554,277,1483,410791,58,234,410789,410801,12,0.16666666666666666,0.16666666666666666,4,0,0.5,0.5,6,2,58,234
4555,277,1487,411899,58,235,411883,411919,36,0.4444444444444444,0.16666666666666666,4,1,0.5,0.75,6,4,58,235
4556,277,1489,412453,58,236,412411,412457,46,0.9130434782608695,0.08695652173913043,4,1,0.5,0.5,6,2,58,236
4557,277,1493,413561,58,237,413557,413579,22,0.18181818181818182,0.045454545454545456,4,1,0.5,0.75,6,4,58,237
4558,277,1499,415223,58,238,415213,415231,18,0.5555555555555556,0.2222222222222222,4,1,0.5,0.6666666666666666,6,6,58,238
4559,277,1511,418547,58,239,418511,418553,42,0.8571428571428571,0.047619047619047616,4,1,0.5,0.16666666666666666,6,12,58,239
4560,277,1523,421871,58,240,421847,421891,44,0.5454545454545454,0.045454545454545456,4,1,0.5,0.16666666666666666,6,12,58,240
4561,277,1531,424087,58,241,424079,424091,12,0.6666666666666666,0.6666666666666666,4,0,0.5,0.5,6,8,58,241
4562,277,1543,427411,58,242,427403,427417,14,0.5714285714285714,0.2857142857142857,4,1,0.5,0.3333333333333333,6,12,58,242
4563,277,1549,429073,58,243,429043,429083,40,0.75,0.1,4,1,0.5,0.5,6,6,58,243
4564,277,1553,430181,58,244,430147,430193,46,0.7391304347826086,0.08695652173913043,4,1,0.5,0.5,6,4,58,244
4565,277,1559,431843,58,245,431833,431857,24,0.4166666666666667,0.25,4,1,0.5,0.3333333333333333,6,6,58,245
4566,277,1567,434059,58,246,434039,434081,42,0.47619047619047616,0.047619047619047616,4,1,0.5,0.25,6,8,58,246
4567,277,1571,435167,58,247,435161,435179,18,0.3333333333333333,0.1111111111111111,4,1,0.5,0.5,6,4,58,247
4568,277,1579,437383,58,248,437363,437387,24,0.8333333333333334,0.08333333333333333,4,1,0.5,0.375,6,8,58,248
4569,277,1583,438491,58,249,438479,438499,20,0.6,0.1,4,1,0.5,0.5,6,4,58,249
4570,277,1597,442369,58,250,442367,442397,30,0.06666666666666667,0.06666666666666667,4,0,0.5,0.14285714285714285,6,14,58,250
4571,277,1601,443477,58,251,443467,443489,22,0.45454545454545453,0.18181818181818182,4,1,0.5,0.25,6,4,58,251
4572,277,1607,445139,58,252,445103,445141,38,0.9473684210526315,0.05263157894736842,4,1,0.5,0.3333333333333333,6,6,58,252
4573,277,1609,445693,58,253,445691,445699,8,0.25,0.25,4,0,0.5,0.5,6,2,58,253
4574,277,1613,446801,58,254,446773,446819,46,0.6086956521739131,0.13043478260869565,4,1,0.5,0.5,6,4,58,254
4575,277,1619,448463,58,255,448451,448519,68,0.17647058823529413,0.029411764705882353,4,1,0.5,0.8333333333333334,6,6,58,255
4576,277,1621,449017,58,256,449011,449051,40,0.15,0.15,4,0,0.5,0.5,6,2,58,256
4577,277,1627,450679,58,257,450677,450691,14,0.14285714285714285,0.14285714285714285,4,0,0.5,0.16666666666666666,6,6,58,257
4578,277,1637,453449,58,258,453421,453451,30,0.9333333333333333,0.06666666666666667,4,1,0.5,0.4,6,10,58,258
4579,277,1657,458989,58,259,458987,458993,6,0.3333333333333333,0.3333333333333333,4,0,0.5,0.1,6,20,58,259
4580,277,1663,460651,58,260,460643,460657,14,0.5714285714285714,0.5714285714285714,4,0,0.5,0.16666666666666666,6,6,58,260
4581,277,1667,461759,58,261,461717,461801,84,0.5,0.05952380952380952,4,1,0.5,0.5,6,4,58,261
4582,277,1669,462313,58,262,462311,462331,20,0.1,0.1,4,0,0.5,0.5,6,2,58,262
4583,277,1693,468961,58,263,468953,468967,14,0.5714285714285714,0.2857142857142857,4,1,0.5,0.5,6,24,58,263
4584,277,1697,470069,58,264,470059,470077,18,0.5555555555555556,0.5555555555555556,4,0,0.5,0.5,6,4,58,264
4585,277,1699,470623,58,265,470621,470627,6,0.3333333333333333,0.3333333333333333,4,0,0.5,0.5,6,2,58,265
4586,277,1709,473393,58,266,473383,473411,28,0.35714285714285715,0.35714285714285715,4,0,0.5,0.4,6,10,58,266
4587,277,1721,476717,58,267,476713,476719,6,0.6666666666666666,0.6666666666666666,4,0,0.5,0.16666666666666666,6,12,58,267
4588,277,1723,477271,58,268,477259,477277,18,0.6666666666666666,0.2222222222222222,4,1,0.5,0.5,6,2,58,268
4589,277,1733,480041,58,269,480023,480043,20,0.9,0.2,4,1,0.5,0.3,6,10,58,269
4590,277,1741,482257,58,270,482243,482263,20,0.7,0.3,4,1,0.5,0.25,6,8,58,270
4591,277,1747,483919,58,271,483907,483929,22,0.5454545454545454,0.09090909090909091,4,1,0.5,0.6666666666666666,6,6,58,271
4592,277,1753,485581,58,272,485567,485587,20,0.7,0.55,4,1,0.5,0.6666666666666666,6,6,58,272
4593,277,1759,487243,58,273,487219,487247,28,0.8571428571428571,0.14285714285714285,4,1,0.5,0.16666666666666666,6,6,58,273
4594,277,1777,492229,58,274,492227,492251,24,0.08333333333333333,0.08333333333333333,4,0,0.5,0.1111111111111111,6,18,58,274
4595,277,1783,493891,58,275,493877,493897,20,0.7,0.2,4,1,0.5,0.3333333333333333,6,6,58,275
4596,277,1787,494999,58,276,494987,495017,30,0.4,0.2,4,1,0.5,0.25,6,4,58,276
4597,277,1789,495553,58,277,495527,495557,30,0.8666666666666667,0.06666666666666667,4,1,0.5,0.5,6,2,58,277
4598,277,1801,498877,58,278,498859,498881,22,0.8181818181818182,0.18181818181818182,4,1,0.5,0.3333333333333333,6,12,58,278
4599,277,1811,501647,58,279,501637,501659,22,0.45454545454545453,0.09090909090909091,4,1,0.5,0.2,6,10,58,279
4600,277,1823,504971,58,280,504967,504983,16,0.25,0.125,4,1,0.5,0.25,6,12,58,280
4601,277,1831,507187,58,281,507163,507193,30,0.8,0.13333333333333333,4,1,0.5,0.75,6,8,58,281
4602,277,1847,511619,58,282,511603,511627,24,0.6666666666666666,0.125,4,1,0.5,0.25,6,16,58,282
4603,277,1861,515497,58,283,515477,515507,30,0.6666666666666666,0.06666666666666667,4,1,0.5,0.14285714285714285,6,14,58,283
4604,277,1867,517159,58,284,517151,517169,18,0.4444444444444444,0.4444444444444444,4,0,0.5,0.6666666666666666,6,6,58,284
4605,277,1871,518267,58,285,518261,518291,30,0.2,0.06666666666666667,4,1,0.5,0.25,6,4,58,285
4606,277,1873,518821,58,286,518813,518831,18,0.4444444444444444,0.4444444444444444,4,0,0.5,0.5,6,2,58,286
4607,277,1877,519929,58,287,519923,519931,8,0.75,0.5,4,1,0.5,0.25,6,4,58,287
4608,277,1879,520483,58,288,520451,520529,78,0.41025641025641024,0.02564102564102564,4,1,0.5,0.5,6,2,58,288
4609,277,1889,523253,58,289,523219,523261,42,0.8095238095238095,0.047619047619047616,4,1,0.5,0.3,6,10,58,289
4610,277,1901,526577,58,290,526573,526583,10,0.4,0.1,4,1,0.5,0.16666666666666666,6,12,58,290
4611,277,1907,528239,58,291,528223,528247,24,0.6666666666666666,0.125,4,1,0.5,0.3333333333333333,6,6,58,291
4612,277,1913,529901,58,292,529871,529927,56,0.5357142857142857,0.10714285714285714,4,1,0.5,0.3333333333333333,6,6,58,292
4613,277,1931,534887,58,293,534883,534889,6,0.6666666666666666,0.6666666666666666,4,0,0.5,0.1111111111111111,6,18,58,293
4614,277,1933,535441,58,294,535399,535481,82,0.5121951219512195,0.04878048780487805,4,1,0.5,0.5,6,2,58,294
4615,277,1949,539873,58,295,539863,539881,18,0.5555555555555556,0.2222222222222222,4,1,0.5,0.0625,6,16,58,295
4616,277,1951,540427,58,296,540391,540433,42,0.8571428571428571,0.09523809523809523,4,1,0.5,0.5,6,2,58,296
4617,277,1973,546521,58,297,546509,546523,14,0.8571428571428571,0.42857142857142855,4,1,0.5,0.13636363636363635,6,22,58,297
4618,277,1979,548183,58,298,548153,548189,36,0.8333333333333334,0.16666666666666666,4,1,0.5,0.6666666666666666,6,6,58,298
4619,277,1987,550399,58,299,550379,550427,48,0.4166666666666667,0.041666666666666664,4,1,0.5,0.25,6,8,58,299
4620,277,1993,552061,58,300,552059,552089,30,0.06666666666666667,0.06666666666666667,4,0,0.5,0.6666666666666666,6,6,58,300
4621,277,1997,553169,58,301,553153,553171,18,0.8888888888888888,0.2222222222222222,4,1,0.5,0.25,6,4,58,301
4622,277,1999,553723,58,302,553703,553727,24,0.8333333333333334,0.4166666666666667,4,1,0.5,0.5,6,2,58,302
4623,277,2003,554831,58,303,554821,554833,12,0.8333333333333334,0.08333333333333333,4,1,0.5,0.5,6,4,58,303
4624,281,1009,283529,59,168,283519,283541,22,0.45454545454545453,0.13636363636363635,4,1,0.25,0.08333333333333333,4,12,59,168
4625,281,1013,284653,59,169,284651,284657,6,0.3333333333333333,0.3333333333333333,4,0,0.25,0.5,4,4,59,169
4626,281,1019,286339,59,170,286333,286367,34,0.17647058823529413,0.11764705882352941,4,1,0.25,0.8333333333333334,4,6,59,170
4627,281,1021,286901,59,171,286873,286927,54,0.5185185185185185,0.07407407407407407,4,1,0.25,0.5,4,2,59,171
4628,281,1031,289711,59,172,289669,289717,48,0.875,0.041666666666666664,4,1,0.25,0.6,4,10,59,172
4629,281,1033,290273,59,173,290249,290317,68,0.35294117647058826,0.11764705882352941,4,1,0.25,0.5,4,2,59,173
4630,281,1039,291959,59,174,291923,291971,48,0.75,0.0625,4,1,0.25,0.6666666666666666,4,6,59,174
4631,281,1049,294769,59,175,294761,294773,12,0.6666666666666666,0.6666666666666666,4,0,0.25,0.2,4,10,59,175
4632,281,1051,295331,59,176,295319,295333,14,0.8571428571428571,0.14285714285714285,4,1,0.25,0.5,4,2,59,176
4633,281,1061,298141,59,177,298099,298153,54,0.7777777777777778,0.037037037037037035,4,1,0.25,0.4,4,10,59,177
4634,281,1063,298703,59,178,298693,298709,16,0.625,0.5625,4,1,0.25,0.5,4,2,59,178
4635,281,1069,300389,59,179,300367,300397,30,0.7333333333333333,0.13333333333333333,4,1,0.25,0.6666666666666666,4,6,59,179
4636,281,1087,305447,59,180,305441,305449,8,0.75,0.625,4,1,0.25,0.2222222222222222,4,18,59,180
4637,281,1091,306571,59,181,306563,306577,14,0.5714285714285714,0.42857142857142855,4,1,0.25,0.75,4,4,59,181
4638,281,1093,307133,59,182,307129,307147,18,0.2222222222222222,0.2222222222222222,4,0,0.25,0.5,4,2,59,182
4639,281,1097,308257,59,183,308249,308263,14,0.5714285714285714,0.14285714285714285,4,1,0.25,0.25,4,4,59,183
4640,281,1103,309943,59,184,309937,309977,40,0.15,0.1,4,1,0.25,0.3333333333333333,4,6,59,184
4641,281,1109,311629,59,185,311609,311653,44,0.45454545454545453,0.045454545454545456,4,1,0.25,0.8333333333333334,4,6,59,185
4642,281,1117,313877,59,186,313853,313879,26,0.9230769230769231,0.3076923076923077,4,1,0.25,0.25,4,8,59,186
4643,281,1123,315563,59,187,315559,315569,10,0.4,0.4,4,0,0.25,0.3333333333333333,4,6,59,187
4644,281,1129,317249,59,188,317227,317257,30,0.7333333333333333,0.13333333333333333,4,1,0.25,0.5,4,6,59,188
4645,281,1151,323431,59,189,323419,323441,22,0.5454545454545454,0.18181818181818182,4,1,0.25,0.18181818181818182,4,22,59,189
4646,281,1153,323993,59,190,323987,324011,24,0.25,0.08333333333333333,4,1,0.25,0.5,4,2,59,190
4647,281,1163,326803,59,191,326779,326831,52,0.46153846153846156,0.07692307692307693,4,1,0.25,0.1,4,10,59,191
4648,281,1171,329051,59,192,329027,329053,26,0.9230769230769231,0.07692307692307693,4,1,0.25,0.25,4,8,59,192
4649,281,1181,331861,59,193,331843,331871,28,0.6428571428571429,0.14285714285714285,4,1,0.25,0.3,4,10,59,193
4650,281,1187,333547,59,194,333539,333563,24,0.3333333333333333,0.08333333333333333,4,1,0.25,0.8333333333333334,4,6,59,194
4651,281,1193,335233,59,195,335221,335249,28,0.42857142857142855,0.03571428571428571,4,1,0.25,0.3333333333333333,4,6,59,195
4652,281,1201,337481,59,196,337457,337487,30,0.8,0.06666666666666667,4,1,0.25,0.25,4,8,59,196
4653,281,1213,340853,59,197,340849,340859,10,0.4,0.4,4,0,0.25,0.08333333333333333,4,12,59,197
4654,281,1217,341977,59,198,341963,341983,20,0.7,0.2,4,1,0.25,0.25,4,4,59,198
4655,281,1223,343663,59,199,343661,343667,6,0.3333333333333333,0.3333333333333333,4,0,0.25,0.3333333333333333,4,6,59,199
4656,281,1229,345349,59,200,345329,345379,50,0.4,0.04,4,1,0.25,0.5,4,6,59,200
4657,281,1231,345911,59,201,345907,345923,16,0.25,0.125,4,1,0.25,0.5,4,2,59,201
4658,281,1237,347597,59,202,347591,347609,18,0.3333333333333333,0.1111111111111111,4,1,0.25,0.5,4,6,59,202
4659,281,1249,350969,59,203,350963,350971,8,0.75,0.5,4,1,0.25,0.08333333333333333,4,12,59,203
4660,281,1259,353779,59,204,353777,353783,6,0.3333333333333333,0.3333333333333333,4,0,0.25,0.4,4,10,59,204
4661,281,1277,358837,59,205,358829,358847,18,0.4444444444444444,0.1111111111111111,4,1,0.25,0.1111111111111111,4,18,59,205
4662,281,1279,359399,59,206,359389,359407,18,0.5555555555555556,0.1111111111111111,4,1,0.25,0.5,4,2,59,206
4663,281,1283,360523,59,207,360511,360541,30,0.4,0.13333333333333333,4,1,0.25,0.75,4,4,59,207
4664,281,1289,362209,59,208,362203,362213,10,0.6,0.4,4,1,0.25,0.3333333333333333,4,6,59,208
4665,281,1291,362771,59,209,362759,362801,42,0.2857142857142857,0.2857142857142857,4,0,0.25,0.5,4,2,59,209
4666,281,1297,364457,59,210,364451,364459,8,0.75,0.25,4,1,0.25,0.3333333333333333,4,6,59,210
4667,281,1301,365581,59,211,365569,365587,18,0.6666666666666666,0.5,4,1,0.25,0.5,4,4,59,211
4668,281,1303,366143,59,212,366139,366161,22,0.18181818181818182,0.18181818181818182,4,0,0.25,0.5,4,2,59,212
4669,281,1307,367267,59,213,367261,367273,12,0.5,0.3333333333333333,4,1,0.25,0.75,4,4,59,213
4670,281,1319,370639,59,214,370631,370661,30,0.26666666666666666,0.06666666666666667,4,1,0.25,0.5,4,12,59,214
4671,281,1321,371201,59,215,371191,371213,22,0.45454545454545453,0.09090909090909091,4,1,0.25,0.5,4,2,59,215
4672,281,1327,372887,59,216,372881,372901,20,0.3,0.1,4,1,0.25,0.16666666666666666,4,6,59,216
4673,281,1361,382441,59,217,382429,382457,28,0.42857142857142855,0.14285714285714285,4,1,0.25,0.058823529411764705,4,34,59,217
4674,281,1367,384127,59,218,384113,384133,20,0.7,0.3,4,1,0.25,0.3333333333333333,4,6,59,218
4675,281,1373,385813,59,219,385811,385817,6,0.3333333333333333,0.3333333333333333,4,0,0.25,0.3333333333333333,4,6,59,219
4676,281,1381,388061,59,220,388057,388067,10,0.4,0.4,4,0,0.25,0.75,4,8,59,220
4677,281,1399,393119,59,221,393109,393121,12,0.8333333333333334,0.5,4,1,0.25,0.05555555555555555,4,18,59,221
4678,281,1409,395929,59,222,395921,395953,32,0.25,0.0625,4,1,0.25,0.2,4,10,59,222
4679,281,1423,399863,59,223,399853,399871,18,0.5555555555555556,0.5,4,1,0.25,0.14285714285714285,4,14,59,223
4680,281,1427,400987,59,224,400963,400997,34,0.7058823529411765,0.08823529411764706,4,1,0.25,0.75,4,4,59,224
4681,281,1429,401549,59,225,401539,401551,12,0.8333333333333334,0.25,4,1,0.25,0.5,4,2,59,225
4682,281,1433,402673,59,226,402631,402691,60,0.7,0.06666666666666667,4,1,0.25,0.5,4,4,59,226
4683,281,1439,404359,59,227,404357,404381,24,0.08333333333333333,0.08333333333333333,4,0,0.25,0.6666666666666666,4,6,59,227
4684,281,1447,406607,59,228,406591,406631,40,0.4,0.2,4,1,0.25,0.25,4,8,59,228
4685,281,1451,407731,59,229,407723,407741,18,0.4444444444444444,0.4444444444444444,4,0,0.25,0.25,4,4,59,229
4686,281,1453,408293,59,230,408283,408311,28,0.35714285714285715,0.10714285714285714,4,1,0.25,0.5,4,2,59,230
4687,281,1459,409979,59,231,409967,409987,20,0.6,0.1,4,1,0.25,0.16666666666666666,4,6,59,231
4688,281,1471,413351,59,232,413299,413353,54,0.9629629629629629,0.05555555555555555,4,1,0.25,0.16666666666666666,4,12,59,232
4689,281,1481,416161,59,233,416159,416167,8,0.25,0.25,4,0,0.25,0.2,4,10,59,233
4690,281,1483,416723,59,234,416719,416761,42,0.09523809523809523,0.09523809523809523,4,0,0.25,0.5,4,2,59,234
4691,281,1487,417847,59,235,417839,417863,24,0.3333333333333333,0.3333333333333333,4,0,0.25,0.75,4,4,59,235
4692,281,1489,418409,59,236,418391,418423,32,0.5625,0.0625,4,1,0.25,0.5,4,2,59,236
4693,281,1493,419533,59,237,419527,419537,10,0.6,0.6,4,0,0.25,0.75,4,4,59,237
4694,281,1499,421219,59,238,421207,421241,34,0.35294117647058826,0.17647058823529413,4,1,0.25,0.6666666666666666,4,6,59,238
4695,281,1511,424591,59,239,424577,424597,20,0.7,0.1,4,1,0.25,0.16666666666666666,4,12,59,239
4696,281,1523,427963,59,240,427957,427967,10,0.6,0.6,4,0,0.25,0.16666666666666666,4,12,59,240
4697,281,1531,430211,59,241,430193,430259,66,0.2727272727272727,0.12121212121212122,4,1,0.25,0.5,4,8,59,241
4698,281,1543,433583,59,242,433577,433607,30,0.2,0.06666666666666667,4,1,0.25,0.3333333333333333,4,12,59,242
4699,281,1549,435269,59,243,435263,435277,14,0.42857142857142855,0.42857142857142855,4,0,0.25,0.5,4,6,59,243
4700,281,1553,436393,59,244,436357,436399,42,0.8571428571428571,0.09523809523809523,4,1,0.25,0.5,4,4,59,244
4701,281,1559,438079,59,245,438049,438091,42,0.7142857142857143,0.23809523809523808,4,1,0.25,0.3333333333333333,4,6,59,245
4702,281,1567,440327,59,246,440311,440329,18,0.8888888888888888,0.5555555555555556,4,1,0.25,0.25,4,8,59,246
4703,281,1571,441451,59,247,441449,441461,12,0.16666666666666666,0.16666666666666666,4,0,0.25,0.5,4,4,59,247
4704,281,1579,443699,59,248,443689,443701,12,0.8333333333333334,0.75,4,1,0.25,0.375,4,8,59,248
4705,281,1583,444823,59,249,444817,444833,16,0.375,0.25,4,1,0.25,0.5,4,4,59,249
4706,281,1597,448757,59,250,448741,448769,28,0.5714285714285714,0.21428571428571427,4,1,0.25,0.14285714285714285,4,14,59,250
4707,281,1601,449881,59,251,449879,449921,42,0.047619047619047616,0.047619047619047616,4,0,0.25,0.25,4,4,59,251
4708,281,1607,451567,59,252,451553,451579,26,0.5384615384615384,0.19230769230769232,4,1,0.25,0.3333333333333333,4,6,59,252
4709,281,1609,452129,59,253,452087,452131,44,0.9545454545454546,0.09090909090909091,4,1,0.25,0.5,4,2,59,253
4710,281,1613,453253,59,254,453247,453269,22,0.2727272727272727,0.18181818181818182,4,1,0.25,0.5,4,4,59,254
4711,281,1619,454939,59,255,454931,454943,12,0.6666666666666666,0.16666666666666666,4,1,0.25,0.8333333333333334,4,6,59,255
4712,281,1621,455501,59,256,455491,455513,22,0.45454545454545453,0.18181818181818182,4,1,0.25,0.5,4,2,59,256
4713,281,1627,457187,59,257,457183,457189,6,0.6666666666666666,0.5,4,1,0.25,0.16666666666666666,4,6,59,257
4714,281,1637,459997,59,258,459961,460013,52,0.6923076923076923,0.019230769230769232,4,1,0.25,0.4,4,10,59,258
4715,281,1657,465617,59,259,465611,465631,20,0.3,0.3,4,0,0.25,0.1,4,20,59,259
4716,281,1663,467303,59,260,467297,467317,20,0.3,0.3,4,0,0.25,0.16666666666666666,4,6,59,260
4717,281,1667,468427,59,261,468421,468439,18,0.3333333333333333,0.05555555555555555,4,1,0.25,0.5,4,4,59,261
4718,281,1669,468989,59,262,468983,469009,26,0.23076923076923078,0.15384615384615385,4,1,0.25,0.5,4,2,59,262
4719,281,1693,475733,59,263,475729,475751,22,0.18181818181818182,0.18181818181818182,4,0,0.25,0.5,4,24,59,263
4720,281,1697,476857,59,264,476851,476863,12,0.5,0.5,4,0,0.25,0.5,4,4,59,264
4721,281,1699,477419,59,265,477409,477439,30,0.3333333333333333,0.13333333333333333,4,1,0.25,0.5,4,2,59,265
4722,281,1709,480229,59,266,480209,480287,78,0.2564102564102564,0.07692307692307693,4,1,0.25,0.4,4,10,59,266
4723,281,1721,483601,59,267,483577,483611,34,0.7058823529411765,0.17647058823529413,4,1,0.25,0.16666666666666666,4,12,59,267
4724,281,1723,484163,59,268,484153,484171,18,0.5555555555555556,0.2222222222222222,4,1,0.25,0.5,4,2,59,268
4725,281,1733,486973,59,269,486971,486977,6,0.3333333333333333,0.3333333333333333,4,0,0.25,0.3,4,10,59,269
4726,281,1741,489221,59,270,489217,489239,22,0.18181818181818182,0.18181818181818182,4,0,0.25,0.25,4,8,59,270
4727,281,1747,490907,59,271,490891,490913,22,0.7272727272727273,0.18181818181818182,4,1,0.25,0.6666666666666666,4,6,59,271
4728,281,1753,492593,59,272,492587,492601,14,0.42857142857142855,0.14285714285714285,4,1,0.25,0.6666666666666666,4,6,59,272
4729,281,1759,494279,59,273,494269,494281,12,0.8333333333333334,0.8333333333333334,4,0,0.25,0.16666666666666666,4,6,59,273
4730,281,1777,499337,59,274,499327,499349,22,0.45454545454545453,0.18181818181818182,4,1,0.25,0.1111111111111111,4,18,59,274
4731,281,1783,501023,59,275,501019,501029,10,0.4,0.4,4,0,0.25,0.3333333333333333,4,6,59,275
4732,281,1787,502147,59,276,502141,502171,30,0.2,0.03333333333333333,4,1,0.25,0.25,4,4,59,276
4733,281,1789,502709,59,277,502703,502717,14,0.42857142857142855,0.21428571428571427,4,1,0.25,0.5,4,2,59,277
4734,281,1801,506081,59,278,506071,506083,12,0.8333333333333334,0.8333333333333334,4,0,0.25,0.3333333333333333,4,12,59,278
4735,281,1811,508891,59,279,508867,508901,34,0.7058823529411765,0.11764705882352941,4,1,0.25,0.2,4,10,59,279
4736,281,1823,512263,59,280,512251,512269,18,0.6666666666666666,0.2222222222222222,4,1,0.25,0.25,4,12,59,280
4737,281,1831,514511,59,281,514499,514513,14,0.8571428571428571,0.8571428571428571,4,0,0.25,0.75,4,8,59,281
4738,281,1847,519007,59,282,518989,519011,22,0.8181818181818182,0.18181818181818182,4,1,0.25,0.25,4,16,59,282
4739,281,1861,522941,59,283,522919,522943,24,0.9166666666666666,0.16666666666666666,4,1,0.25,0.14285714285714285,4,14,59,283
4740,281,1867,524627,59,284,524599,524633,34,0.8235294117647058,0.11764705882352941,4,1,0.25,0.6666666666666666,4,6,59,284
4741,281,1871,525751,59,285,525739,525769,30,0.4,0.13333333333333333,4,1,0.25,0.25,4,4,59,285
4742,281,1873,526313,59,286,526307,526367,60,0.1,0.1,4,0,0.25,0.5,4,2,59,286
4743,281,1877,527437,59,287,527419,527441,22,0.8181818181818182,0.45454545454545453,4,1,0.25,0.25,4,4,59,287
4744,281,1879,527999,59,288,527993,528001,8,0.75,0.75,4,0,0.25,0.5,4,2,59,288
4745,281,1889,530809,59,289,530807,530833,26,0.07692307692307693,0.07692307692307693,4,0,0.25,0.3,4,10,59,289
4746,281,1901,534181,59,290,534173,534199,26,0.3076923076923077,0.23076923076923078,4,1,0.25,0.16666666666666666,4,12,59,290
4747,281,1907,535867,59,291,535861,535879,18,0.3333333333333333,0.1111111111111111,4,1,0.25,0.3333333333333333,4,6,59,291
4748,281,1913,537553,59,292,537547,537569,22,0.2727272727272727,0.2727272727272727,4,0,0.25,0.3333333333333333,4,6,59,292
4749,281,1931,542611,59,293,542603,542683,80,0.1,0.075,4,1,0.25,0.1111111111111111,4,18,59,293
4750,281,1933,543173,59,294,543163,543187,24,0.4166666666666667,0.4166666666666667,4,0,0.25,0.5,4,2,59,294
4751,281,1949,547669,59,295,547663,547681,18,0.3333333333333333,0.2222222222222222,4,1,0.25,0.0625,4,16,59,295
4752,281,1951,548231,59,296,548227,548239,12,0.3333333333333333,0.3333333333333333,4,0,0.25,0.5,4,2,59,296
4753,281,1973,554413,59,297,554383,554417,34,0.8823529411764706,0.11764705882352941,4,1,0.25,0.13636363636363635,4,22,59,297
4754,281,1979,556099,59,298,556093,556103,10,0.6,0.4,4,1,0.25,0.6666666666666666,4,6,59,298
4755,281,1987,558347,59,299,558343,558401,58,0.06896551724137931,0.05172413793103448,4,1,0.25,0.25,4,8,59,299
4756,281,1993,560033,59,300,560029,560039,10,0.4,0.4,4,0,0.25,0.6666666666666666,4,6,59,300
4757,281,1997,561157,59,301,561109,561161,52,0.9230769230769231,0.11538461538461539,4,1,0.25,0.25,4,4,59,301
4758,281,1999,561719,59,302,561713,561733,20,0.3,0.25,4,1,0.25,0.5,4,2,59,302
4759,281,2003,562843,59,303,562841,562871,30,0.06666666666666667,0.06666666666666667,4,0,0.25,0.5,4,4,59,303
4760,283,1009,285547,60,168,285539,285553,14,0.5714285714285714,0.21428571428571427,4,1,0.5,0.08333333333333333,2,12,60,168
4761,283,1013,286679,60,169,286673,286687,14,0.42857142857142855,0.42857142857142855,4,0,0.5,0.5,2,4,60,169
4762,283,1019,288377,60,170,288361,288383,22,0.7272727272727273,0.2727272727272727,4,1,0.5,0.8333333333333334,2,6,60,170
4763,283,1021,288943,60,171,288931,288947,16,0.75,0.25,4,1,0.5,0.5,2,2,60,171
4764,283,1031,291773,60,172,291751,291779,28,0.7857142857142857,0.21428571428571427,4,1,0.5,0.6,2,10,60,172
4765,283,1033,292339,60,173,292319,292343,24,0.8333333333333334,0.08333333333333333,4,1,0.5,0.5,2,2,60,173
4766,283,1039,294037,60,174,294029,294043,14,0.5714285714285714,0.14285714285714285,4,1,0.5,0.6666666666666666,2,6,60,174
4767,283,1049,296867,60,175,296843,296909,66,0.36363636363636365,0.030303030303030304,4,1,0.5,0.2,2,10,60,175
4768,283,1051,297433,60,176,297421,297439,18,0.6666666666666666,0.05555555555555555,4,1,0.5,0.5,2,2,60,176
4769,283,1061,300263,60,177,300247,300277,30,0.5333333333333333,0.2,4,1,0.5,0.4,2,10,60,177
4770,283,1063,300829,60,178,300823,300851,28,0.21428571428571427,0.10714285714285714,4,1,0.5,0.5,2,2,60,178
4771,283,1069,302527,60,179,302513,302551,38,0.3684210526315789,0.21052631578947367,4,1,0.5,0.6666666666666666,2,6,60,179
4772,283,1087,307621,60,180,307609,307627,18,0.6666666666666666,0.2222222222222222,4,1,0.5,0.2222222222222222,2,18,60,180
4773,283,1091,308753,60,181,308723,308761,38,0.7894736842105263,0.21052631578947367,4,1,0.5,0.75,2,4,60,181
4774,283,1093,309319,60,182,309317,309359,42,0.047619047619047616,0.047619047619047616,4,0,0.5,0.5,2,2,60,182
4775,283,1097,310451,60,183,310447,310459,12,0.3333333333333333,0.16666666666666666,4,1,0.5,0.25,2,4,60,183
4776,283,1103,312149,60,184,312121,312161,40,0.7,0.025,4,1,0.5,0.3333333333333333,2,6,60,184
4777,283,1109,313847,60,185,313829,313849,20,0.9,0.4,4,1,0.5,0.8333333333333334,2,6,60,185
4778,283,1117,316111,60,186,316109,316133,24,0.08333333333333333,0.08333333333333333,4,0,0.5,0.25,2,8,60,186
4779,283,1123,317809,60,187,317797,317827,30,0.4,0.2,4,1,0.5,0.3333333333333333,2,6,60,187
4780,283,1129,319507,60,188,319499,319511,12,0.6666666666666666,0.3333333333333333,4,1,0.5,0.5,2,6,60,188
4781,283,1151,325733,60,189,325729,325747,18,0.2222222222222222,0.2222222222222222,4,0,0.5,0.18181818181818182,2,22,60,189
4782,283,1153,326299,60,190,326257,326309,52,0.8076923076923077,0.019230769230769232,4,1,0.5,0.5,2,2,60,190
4783,283,1163,329129,60,191,329123,329143,20,0.3,0.3,4,0,0.5,0.1,2,10,60,191
4784,283,1171,331393,60,192,331391,331399,8,0.25,0.25,4,0,0.5,0.25,2,8,60,192
4785,283,1181,334223,60,193,334199,334231,32,0.75,0.0625,4,1,0.5,0.3,2,10,60,193
4786,283,1187,335921,60,194,335917,335941,24,0.16666666666666666,0.08333333333333333,4,1,0.5,0.8333333333333334,2,6,60,194
4787,283,1193,337619,60,195,337609,337627,18,0.5555555555555556,0.2222222222222222,4,1,0.5,0.3333333333333333,2,6,60,195
4788,283,1201,339883,60,196,339863,339887,24,0.8333333333333334,0.125,4,1,0.5,0.25,2,8,60,196
4789,283,1213,343279,60,197,343267,343289,22,0.5454545454545454,0.18181818181818182,4,1,0.5,0.08333333333333333,2,12,60,197
4790,283,1217,344411,60,198,344371,344417,46,0.8695652173913043,0.13043478260869565,4,1,0.5,0.25,2,4,60,198
4791,283,1223,346109,60,199,346097,346111,14,0.8571428571428571,0.42857142857142855,4,1,0.5,0.3333333333333333,2,6,60,199
4792,283,1229,347807,60,200,347801,347813,12,0.5,0.5,4,0,0.5,0.5,2,6,60,200
4793,283,1231,348373,60,201,348367,348389,22,0.2727272727272727,0.18181818181818182,4,1,0.5,0.5,2,2,60,201
4794,283,1237,350071,60,202,350039,350087,48,0.6666666666666666,0.041666666666666664,4,1,0.5,0.5,2,6,60,202
4795,283,1249,353467,60,203,353459,353471,12,0.6666666666666666,0.6666666666666666,4,0,0.5,0.08333333333333333,2,12,60,203
4796,283,1259,356297,60,204,356287,356299,12,0.8333333333333334,0.3333333333333333,4,1,0.5,0.4,2,10,60,204
4797,283,1277,361391,60,205,361373,361409,36,0.5,0.16666666666666666,4,1,0.5,0.1111111111111111,2,18,60,205
4798,283,1279,361957,60,206,361943,361961,18,0.7777777777777778,0.4444444444444444,4,1,0.5,0.5,2,2,60,206
4799,283,1283,363089,60,207,363067,363119,52,0.4230769230769231,0.11538461538461539,4,1,0.5,0.75,2,4,60,207
4800,283,1289,364787,60,208,364759,364801,42,0.6666666666666666,0.14285714285714285,4,1,0.5,0.3333333333333333,2,6,60,208
4801,283,1291,365353,60,209,365333,365357,24,0.8333333333333334,0.3333333333333333,4,1,0.5,0.5,2,2,60,209
4802,283,1297,367051,60,210,367049,367069,20,0.1,0.1,4,0,0.5,0.3333333333333333,2,6,60,210
4803,283,1301,368183,60,211,368171,368189,18,0.6666666666666666,0.16666666666666666,4,1,0.5,0.5,2,4,60,211
4804,283,1303,368749,60,212,368743,368773,30,0.2,0.2,4,0,0.5,0.5,2,2,60,212
4805,283,1307,369881,60,213,369877,369893,16,0.25,0.25,4,0,0.5,0.75,2,4,60,213
4806,283,1319,373277,60,214,373273,373291,18,0.2222222222222222,0.2222222222222222,4,0,0.5,0.5,2,12,60,214
4807,283,1321,373843,60,215,373837,373859,22,0.2727272727272727,0.2727272727272727,4,0,0.5,0.5,2,2,60,215
4808,283,1327,375541,60,216,375533,375553,20,0.4,0.3,4,1,0.5,0.16666666666666666,2,6,60,216
4809,283,1361,385163,60,217,385159,385171,12,0.3333333333333333,0.25,4,1,0.5,0.058823529411764705,2,34,60,217
4810,283,1367,386861,60,218,386851,386887,36,0.2777777777777778,0.05555555555555555,4,1,0.5,0.3333333333333333,2,6,60,218
4811,283,1373,388559,60,219,388541,388567,26,0.6923076923076923,0.07692307692307693,4,1,0.5,0.3333333333333333,2,6,60,219
4812,283,1381,390823,60,220,390821,390829,8,0.25,0.25,4,0,0.5,0.75,2,8,60,220
4813,283,1399,395917,60,221,395909,395921,12,0.6666666666666666,0.16666666666666666,4,1,0.5,0.05555555555555555,2,18,60,221
4814,283,1409,398747,60,222,398731,398759,28,0.5714285714285714,0.07142857142857142,4,1,0.5,0.2,2,10,60,222
4815,283,1423,402709,60,223,402697,402739,42,0.2857142857142857,0.09523809523809523,4,1,0.5,0.14285714285714285,2,14,60,223
4816,283,1427,403841,60,224,403831,403849,18,0.5555555555555556,0.3888888888888889,4,1,0.5,0.75,2,4,60,224
4817,283,1429,404407,60,225,404399,404419,20,0.4,0.1,4,1,0.5,0.5,2,2,60,225
4818,283,1433,405539,60,226,405529,405541,12,0.8333333333333334,0.3333333333333333,4,1,0.5,0.5,2,4,60,226
4819,283,1439,407237,60,227,407233,407249,16,0.25,0.0625,4,1,0.5,0.6666666666666666,2,6,60,227
4820,283,1447,409501,60,228,409499,409517,18,0.1111111111111111,0.1111111111111111,4,0,0.5,0.25,2,8,60,228
4821,283,1451,410633,60,229,410629,410651,22,0.18181818181818182,0.18181818181818182,4,0,0.5,0.25,2,4,60,229
4822,283,1453,411199,60,230,411197,411211,14,0.14285714285714285,0.14285714285714285,4,0,0.5,0.5,2,2,60,230
4823,283,1459,412897,60,231,412891,412901,10,0.6,0.3,4,1,0.5,0.16666666666666666,2,6,60,231
4824,283,1471,416293,60,232,416291,416333,42,0.047619047619047616,0.047619047619047616,4,0,0.5,0.16666666666666666,2,12,60,232
4825,283,1481,419123,60,233,419087,419141,54,0.6666666666666666,0.07407407407407407,4,1,0.5,0.2,2,10,60,233
4826,283,1483,419689,60,234,419687,419693,6,0.3333333333333333,0.3333333333333333,4,0,0.5,0.5,2,2,60,234
4827,283,1487,420821,60,235,420811,420851,40,0.25,0.075,4,1,0.5,0.75,2,4,60,235
4828,283,1489,421387,60,236,421381,421397,16,0.375,0.375,4,0,0.5,0.5,2,2,60,236
4829,283,1493,422519,60,237,422479,422537,58,0.6896551724137931,0.034482758620689655,4,1,0.5,0.75,2,4,60,237
4830,283,1499,424217,60,238,424199,424223,24,0.75,0.08333333333333333,4,1,0.5,0.6666666666666666,2,6,60,238
4831,283,1511,427613,60,239,427597,427619,22,0.7272727272727273,0.045454545454545456,4,1,0.5,0.16666666666666666,2,12,60,239
4832,283,1523,431009,60,240,430999,431017,18,0.5555555555555556,0.2222222222222222,4,1,0.5,0.16666666666666666,2,12,60,240
4833,283,1531,433273,60,241,433271,433291,20,0.1,0.1,4,0,0.5,0.5,2,8,60,241
4834,283,1543,436669,60,242,436651,436673,22,0.8181818181818182,0.2727272727272727,4,1,0.5,0.3333333333333333,2,12,60,242
4835,283,1549,438367,60,243,438341,438377,36,0.7222222222222222,0.05555555555555555,4,1,0.5,0.5,2,6,60,243
4836,283,1553,439499,60,244,439493,439511,18,0.3333333333333333,0.2777777777777778,4,1,0.5,0.5,2,4,60,244
4837,283,1559,441197,60,245,441193,441229,36,0.1111111111111111,0.1111111111111111,4,0,0.5,0.3333333333333333,2,6,60,245
4838,283,1567,443461,60,246,443453,443467,14,0.5714285714285714,0.35714285714285715,4,1,0.5,0.25,2,8,60,246
4839,283,1571,444593,60,247,444589,444607,18,0.2222222222222222,0.2222222222222222,4,0,0.5,0.5,2,4,60,247
4840,283,1579,446857,60,248,446839,446863,24,0.75,0.16666666666666666,4,1,0.5,0.375,2,8,60,248
4841,283,1583,447989,60,249,447983,447991,8,0.75,0.25,4,1,0.5,0.5,2,4,60,249
4842,283,1597,451951,60,250,451939,451961,22,0.5454545454545454,0.36363636363636365,4,1,0.5,0.14285714285714285,2,14,60,250
4843,283,1601,453083,60,251,453073,453107,34,0.29411764705882354,0.11764705882352941,4,1,0.5,0.25,2,4,60,251
4844,283,1607,454781,60,252,454777,454799,22,0.18181818181818182,0.18181818181818182,4,0,0.5,0.3333333333333333,2,6,60,252
4845,283,1609,455347,60,253,455341,455353,12,0.5,0.08333333333333333,4,1,0.5,0.5,2,2,60,253
4846,283,1613,456479,60,254,456461,456499,38,0.47368421052631576,0.13157894736842105,4,1,0.5,0.5,2,4,60,254
4847,283,1619,458177,60,255,458173,458179,6,0.6666666666666666,0.6666666666666666,4,0,0.5,0.8333333333333334,2,6,60,255
4848,283,1621,458743,60,256,458729,458747,18,0.7777777777777778,0.4444444444444444,4,1,0.5,0.5,2,2,60,256
4849,283,1627,460441,60,257,460417,460451,34,0.7058823529411765,0.17647058823529413,4,1,0.5,0.16666666666666666,2,6,60,257
4850,283,1637,463271,60,258,463261,463283,22,0.45454545454545453,0.045454545454545456,4,1,0.5,0.4,2,10,60,258
4851,283,1657,468931,60,259,468913,468953,40,0.45,0.025,4,1,0.5,0.1,2,20,60,259
4852,283,1663,470629,60,260,470627,470647,20,0.1,0.1,4,0,0.5,0.16666666666666666,2,6,60,260
4853,283,1667,471761,60,261,471749,471769,20,0.6,0.25,4,1,0.5,0.5,2,4,60,261
4854,283,1669,472327,60,262,472319,472331,12,0.6666666666666666,0.16666666666666666,4,1,0.5,0.5,2,2,60,262
4855,283,1693,479119,60,263,479081,479131,50,0.76,0.1,4,1,0.5,0.5,2,24,60,263
4856,283,1697,480251,60,264,480209,480287,78,0.5384615384615384,0.07692307692307693,4,1,0.5,0.5,2,4,60,264
4857,283,1699,480817,60,265,480803,480827,24,0.5833333333333334,0.25,4,1,0.5,0.5,2,2,60,265
4858,283,1709,483647,60,266,483643,483649,6,0.6666666666666666,0.5,4,1,0.5,0.4,2,10,60,266
4859,283,1721,487043,60,267,487021,487049,28,0.7857142857142857,0.21428571428571427,4,1,0.5,0.16666666666666666,2,12,60,267
4860,283,1723,487609,60,268,487607,487637,30,0.06666666666666667,0.06666666666666667,4,0,0.5,0.5,2,2,60,268
4861,283,1733,490439,60,269,490421,490453,32,0.5625,0.0625,4,1,0.5,0.3,2,10,60,269
4862,283,1741,492703,60,270,492673,492707,34,0.8823529411764706,0.17647058823529413,4,1,0.5,0.25,2,8,60,270
4863,283,1747,494401,60,271,494387,494407,20,0.7,0.1,4,1,0.5,0.6666666666666666,2,6,60,271
4864,283,1753,496099,60,272,496079,496123,44,0.45454545454545453,0.045454545454545456,4,1,0.5,0.6666666666666666,2,6,60,272
4865,283,1759,497797,60,273,497773,497801,28,0.8571428571428571,0.03571428571428571,4,1,0.5,0.16666666666666666,2,6,60,273
4866,283,1777,502891,60,274,502883,502919,36,0.2222222222222222,0.08333333333333333,4,1,0.5,0.1111111111111111,2,18,60,274
4867,283,1783,504589,60,275,504563,504593,30,0.8666666666666667,0.06666666666666667,4,1,0.5,0.3333333333333333,2,6,60,275
4868,283,1787,505721,60,276,505711,505727,16,0.625,0.375,4,1,0.5,0.25,2,4,60,276
4869,283,1789,506287,60,277,506281,506291,10,0.6,0.2,4,1,0.5,0.5,2,2,60,277
4870,283,1801,509683,60,278,509681,509687,6,0.3333333333333333,0.3333333333333333,4,0,0.5,0.3333333333333333,2,12,60,278
4871,283,1811,512513,60,279,512507,512521,14,0.42857142857142855,0.14285714285714285,4,1,0.5,0.2,2,10,60,279
4872,283,1823,515909,60,280,515887,515917,30,0.7333333333333333,0.2,4,1,0.5,0.25,2,12,60,280
4873,283,1831,518173,60,281,518171,518179,8,0.25,0.25,4,0,0.5,0.75,2,8,60,281
4874,283,1847,522701,60,282,522689,522703,14,0.8571428571428571,0.35714285714285715,4,1,0.5,0.25,2,16,60,282
4875,283,1861,526663,60,283,526657,526667,10,0.6,0.6,4,0,0.5,0.14285714285714285,2,14,60,283
4876,283,1867,528361,60,284,528329,528373,44,0.7272727272727273,0.045454545454545456,4,1,0.5,0.6666666666666666,2,6,60,284
4877,283,1871,529493,60,285,529489,529513,24,0.16666666666666666,0.08333333333333333,4,1,0.5,0.25,2,4,60,285
4878,283,1873,530059,60,286,530051,530063,12,0.6666666666666666,0.5,4,1,0.5,0.5,2,2,60,286
4879,283,1877,531191,60,287,531173,531197,24,0.75,0.3333333333333333,4,1,0.5,0.25,2,4,60,287
4880,283,1879,531757,60,288,531731,531793,62,0.41935483870967744,0.03225806451612903,4,1,0.5,0.5,2,2,60,288
4881,283,1889,534587,60,289,534581,534601,20,0.3,0.1,4,1,0.5,0.3,2,10,60,289
4882,283,1901,537983,60,290,537941,537991,50,0.84,0.1,4,1,0.5,0.16666666666666666,2,12,60,290
4883,283,1907,539681,60,291,539677,539687,10,0.4,0.4,4,0,0.5,0.3333333333333333,2,6,60,291
4884,283,1913,541379,60,292,541369,541381,12,0.8333333333333334,0.3333333333333333,4,1,0.5,0.3333333333333333,2,6,60,292
4885,283,1931,546473,60,293,546467,546479,12,0.5,0.5,4,0,0.5,0.1111111111111111,2,18,60,293
4886,283,1933,547039,60,294,547037,547061,24,0.08333333333333333,0.08333333333333333,4,0,0.5,0.5,2,2,60,294
4887,283,1949,551567,60,295,551557,551569,12,0.8333333333333334,0.5,4,1,0.5,0.0625,2,16,60,295
4888,283,1951,552133,60,296,552127,552137,10,0.6,0.2,4,1,0.5,0.5,2,2,60,296
4889,283,1973,558359,60,297,558343,558401,58,0.27586206896551724,0.05172413793103448,4,1,0.5,0.13636363636363635,2,22,60,297
4890,283,1979,560057,60,298,560047,560081,34,0.29411764705882354,0.11764705882352941,4,1,0.5,0.6666666666666666,2,6,60,298
4891,283,1987,562321,60,299,562313,562333,20,0.4,0.25,4,1,0.5,0.25,2,8,60,299
4892,283,1993,564019,60,300,564017,564041,24,0.08333333333333333,0.08333333333333333,4,0,0.5,0.6666666666666666,2,6,60,300
4893,283,1997,565151,60,301,565127,565163,36,0.6666666666666666,0.05555555555555555,4,1,0.5,0.25,2,4,60,301
4894,283,1999,565717,60,302,565667,565723,56,0.8928571428571429,0.10714285714285714,4,1,0.5,0.5,2,2,60,302
4895,283,2003,566849,60,303,566833,566851,18,0.8888888888888888,0.2222222222222222,4,1,0.5,0.5,2,4,60,303
4896,293,1009,295637,61,168,295601,295663,62,0.5806451612903226,0.0967741935483871,4,1,0.6,0.08333333333333333,10,12,61,168
4897,293,1013,296809,61,169,296801,296819,18,0.4444444444444444,0.2777777777777778,4,1,0.6,0.5,10,4,61,169
4898,293,1019,298567,61,170,298559,298579,20,0.4,0.1,4,1,0.6,0.8333333333333334,10,6,61,170
4899,293,1021,299153,61,171,299147,299171,24,0.25,0.08333333333333333,4,1,0.6,0.5,10,2,61,171
4900,293,1031,302083,61,172,302053,302111,58,0.5172413793103449,0.017241379310344827,4,1,0.6,0.6,10,10,61,172
4901,293,1033,302669,61,173,302663,302681,18,0.3333333333333333,0.3333333333333333,4,0,0.6,0.5,10,2,61,173
4902,293,1039,304427,61,174,304417,304429,12,0.8333333333333334,0.3333333333333333,4,1,0.6,0.6666666666666666,10,6,61,174
4903,293,1049,307357,61,175,307339,307361,22,0.8181818181818182,0.2727272727272727,4,1,0.6,0.2,10,10,61,175
4904,293,1051,307943,61,176,307939,307969,30,0.13333333333333333,0.06666666666666667,4,1,0.6,0.5,10,2,61,176
4905,293,1061,310873,61,177,310867,310883,16,0.375,0.375,4,0,0.6,0.4,10,10,61,177
4906,293,1063,311459,61,178,311453,311473,20,0.3,0.3,4,0,0.6,0.5,10,2,61,178
4907,293,1069,313217,61,179,313211,313219,8,0.75,0.25,4,1,0.6,0.6666666666666666,10,6,61,179
4908,293,1087,318491,61,180,318473,318503,30,0.6,0.2,4,1,0.6,0.2222222222222222,10,18,61,180
4909,293,1091,319663,61,181,319639,319673,34,0.7058823529411765,0.17647058823529413,4,1,0.6,0.75,10,4,61,181
4910,293,1093,320249,61,182,320239,320267,28,0.35714285714285715,0.07142857142857142,4,1,0.6,0.5,10,2,61,182
4911,293,1097,321421,61,183,321413,321427,14,0.5714285714285714,0.14285714285714285,4,1,0.6,0.25,10,4,61,183
4912,293,1103,323179,61,184,323149,323201,52,0.5769230769230769,0.038461538461538464,4,1,0.6,0.3333333333333333,10,6,61,184
4913,293,1109,324937,61,185,324931,324941,10,0.6,0.6,4,0,0.6,0.8333333333333334,10,6,61,185
4914,293,1117,327281,61,186,327277,327289,12,0.3333333333333333,0.3333333333333333,4,0,0.6,0.25,10,8,61,186
4915,293,1123,329039,61,187,329027,329053,26,0.46153846153846156,0.07692307692307693,4,1,0.6,0.3333333333333333,10,6,61,187
4916,293,1129,330797,61,188,330793,330821,28,0.14285714285714285,0.03571428571428571,4,1,0.6,0.5,10,6,61,188
4917,293,1151,337243,61,189,337223,337261,38,0.5263157894736842,0.21052631578947367,4,1,0.6,0.18181818181818182,10,22,61,189
4918,293,1153,337829,61,190,337817,337837,20,0.6,0.1,4,1,0.6,0.5,10,2,61,190
4919,293,1163,340759,61,191,340757,340777,20,0.1,0.1,4,0,0.6,0.1,10,10,61,191
4920,293,1171,343103,61,192,343087,343127,40,0.4,0.15,4,1,0.6,0.25,10,8,61,192
4921,293,1181,346033,61,193,346013,346039,26,0.7692307692307693,0.07692307692307693,4,1,0.6,0.3,10,10,61,193
4922,293,1187,347791,61,194,347779,347801,22,0.5454545454545454,0.13636363636363635,4,1,0.6,0.8333333333333334,10,6,61,194
4923,293,1193,349549,61,195,349529,349553,24,0.8333333333333334,0.20833333333333334,4,1,0.6,0.3333333333333333,10,6,61,195
4924,293,1201,351893,61,196,351887,351913,26,0.23076923076923078,0.07692307692307693,4,1,0.6,0.25,10,8,61,196
4925,293,1213,355409,61,197,355379,355417,38,0.7894736842105263,0.05263157894736842,4,1,0.6,0.08333333333333333,10,12,61,197
4926,293,1217,356581,61,198,356579,356591,12,0.16666666666666666,0.16666666666666666,4,0,0.6,0.25,10,4,61,198
4927,293,1223,358339,61,199,358331,358349,18,0.4444444444444444,0.1111111111111111,4,1,0.6,0.3333333333333333,10,6,61,199
4928,293,1229,360097,61,200,360091,360163,72,0.08333333333333333,0.05555555555555555,4,1,0.6,0.5,10,6,61,200
4929,293,1231,360683,61,201,360653,360749,96,0.3125,0.0625,4,1,0.6,0.5,10,2,61,201
4930,293,1237,362441,61,202,362431,362443,12,0.8333333333333334,0.16666666666666666,4,1,0.6,0.5,10,6,61,202
4931,293,1249,365957,61,203,365941,365969,28,0.5714285714285714,0.14285714285714285,4,1,0.6,0.08333333333333333,10,12,61,203
4932,293,1259,368887,61,204,368881,368899,18,0.3333333333333333,0.05555555555555555,4,1,0.6,0.4,10,10,61,204
4933,293,1277,374161,61,205,374159,374173,14,0.14285714285714285,0.14285714285714285,4,0,0.6,0.1111111111111111,10,18,61,205
4934,293,1279,374747,61,206,374741,374753,12,0.5,0.16666666666666666,4,1,0.6,0.5,10,2,61,206
4935,293,1283,375919,61,207,375901,375923,22,0.8181818181818182,0.045454545454545456,4,1,0.6,0.75,10,4,61,207
4936,293,1289,377677,61,208,377653,377681,28,0.8571428571428571,0.03571428571428571,4,1,0.6,0.3333333333333333,10,6,61,208
4937,293,1291,378263,61,209,378253,378269,16,0.625,0.0625,4,1,0.6,0.5,10,2,61,209
4938,293,1297,380021,61,210,379999,380041,42,0.5238095238095238,0.09523809523809523,4,1,0.6,0.3333333333333333,10,6,61,210
4939,293,1301,381193,61,211,381181,381209,28,0.42857142857142855,0.03571428571428571,4,1,0.6,0.5,10,4,61,211
4940,293,1303,381779,61,212,381761,381791,30,0.6,0.06666666666666667,4,1,0.6,0.5,10,2,61,212
4941,293,1307,382951,61,213,382939,382961,22,0.5454545454545454,0.3181818181818182,4,1,0.6,0.75,10,4,61,213
4942,293,1319,386467,61,214,386437,386471,34,0.8823529411764706,0.058823529411764705,4,1,0.6,0.5,10,12,61,214
4943,293,1321,387053,61,215,387047,387071,24,0.25,0.25,4,0,0.6,0.5,10,2,61,215
4944,293,1327,388811,61,216,388793,388813,20,0.9,0.3,4,1,0.6,0.16666666666666666,10,6,61,216
4945,293,1361,398773,61,217,398771,398813,42,0.047619047619047616,0.047619047619047616,4,0,0.6,0.058823529411764705,10,34,61,217
4946,293,1367,400531,61,218,400523,400559,36,0.2222222222222222,0.16666666666666666,4,1,0.6,0.3333333333333333,10,6,61,218
4947,293,1373,402289,61,219,402277,402299,22,0.5454545454545454,0.045454545454545456,4,1,0.6,0.3333333333333333,10,6,61,219
4948,293,1381,404633,61,220,404597,404671,74,0.4864864864864865,0.02702702702702703,4,1,0.6,0.75,10,8,61,220
4949,293,1399,409907,61,221,409901,409909,8,0.75,0.25,4,1,0.6,0.05555555555555555,10,18,61,221
4950,293,1409,412837,61,222,412831,412849,18,0.3333333333333333,0.2222222222222222,4,1,0.6,0.2,10,10,61,222
4951,293,1423,416939,61,223,416887,416947,60,0.8666666666666667,0.1,4,1,0.6,0.14285714285714285,10,14,61,223
4952,293,1427,418111,61,224,418109,418129,20,0.1,0.1,4,0,0.6,0.75,10,4,61,224
4953,293,1429,418697,61,225,418667,418699,32,0.9375,0.1875,4,1,0.6,0.5,10,2,61,225
4954,293,1433,419869,61,226,419831,419873,42,0.9047619047619048,0.07142857142857142,4,1,0.6,0.5,10,4,61,226
4955,293,1439,421627,61,227,421621,421633,12,0.5,0.08333333333333333,4,1,0.6,0.6666666666666666,10,6,61,227
4956,293,1447,423971,61,228,423961,423977,16,0.625,0.25,4,1,0.6,0.25,10,8,61,228
4957,293,1451,425143,61,229,425123,425147,24,0.8333333333333334,0.16666666666666666,4,1,0.6,0.25,10,4,61,229
4958,293,1453,425729,61,230,425713,425779,66,0.24242424242424243,0.06060606060606061,4,1,0.6,0.5,10,2,61,230
4959,293,1459,427487,61,231,427477,427513,36,0.2777777777777778,0.2777777777777778,4,0,0.6,0.16666666666666666,10,6,61,231
4960,293,1471,431003,61,232,430999,431017,18,0.2222222222222222,0.2222222222222222,4,0,0.6,0.16666666666666666,10,12,61,232
4961,293,1481,433933,61,233,433931,433943,12,0.16666666666666666,0.16666666666666666,4,0,0.6,0.2,10,10,61,233
4962,293,1483,434519,61,234,434509,434521,12,0.8333333333333334,0.3333333333333333,4,1,0.6,0.5,10,2,61,234
4963,293,1487,435691,61,235,435679,435709,30,0.4,0.13333333333333333,4,1,0.6,0.75,10,4,61,235
4964,293,1489,436277,61,236,436273,436279,6,0.6666666666666666,0.16666666666666666,4,1,0.6,0.5,10,2,61,236
4965,293,1493,437449,61,237,437413,437467,54,0.6666666666666666,0.07407407407407407,4,1,0.6,0.75,10,4,61,237
4966,293,1499,439207,61,238,439199,439217,18,0.4444444444444444,0.1111111111111111,4,1,0.6,0.6666666666666666,10,6,61,238
4967,293,1511,442723,61,239,442721,442733,12,0.16666666666666666,0.16666666666666666,4,0,0.6,0.16666666666666666,10,12,61,239
4968,293,1523,446239,61,240,446231,446261,30,0.26666666666666666,0.06666666666666667,4,1,0.6,0.16666666666666666,10,12,61,240
4969,293,1531,448583,61,241,448561,448597,36,0.6111111111111112,0.05555555555555555,4,1,0.6,0.5,10,8,61,241
4970,293,1543,452099,61,242,452087,452131,44,0.2727272727272727,0.09090909090909091,4,1,0.6,0.3333333333333333,10,12,61,242
4971,293,1549,453857,61,243,453851,453877,26,0.23076923076923078,0.07692307692307693,4,1,0.6,0.5,10,6,61,243
4972,293,1553,455029,61,244,455011,455033,22,0.8181818181818182,0.2727272727272727,4,1,0.6,0.5,10,4,61,244
4973,293,1559,456787,61,245,456769,456791,22,0.8181818181818182,0.8181818181818182,4,0,0.6,0.3333333333333333,10,6,61,245
4974,293,1567,459131,61,246,459127,459167,40,0.1,0.1,4,0,0.6,0.25,10,8,61,246
4975,293,1571,460303,61,247,460301,460337,36,0.05555555555555555,0.05555555555555555,4,0,0.6,0.5,10,4,61,247
4976,293,1579,462647,61,248,462643,462653,10,0.4,0.3,4,1,0.6,0.375,10,8,61,248
4977,293,1583,463819,61,249,463807,463823,16,0.75,0.25,4,1,0.6,0.5,10,4,61,249
4978,293,1597,467921,61,250,467903,467927,24,0.75,0.08333333333333333,4,1,0.6,0.14285714285714285,10,14,61,250
4979,293,1601,469093,61,251,469069,469099,30,0.8,0.13333333333333333,4,1,0.6,0.25,10,4,61,251
4980,293,1607,470851,61,252,470837,470863,26,0.5384615384615384,0.07692307692307693,4,1,0.6,0.3333333333333333,10,6,61,252
4981,293,1609,471437,61,253,471407,471439,32,0.9375,0.1875,4,1,0.6,0.5,10,2,61,253
4982,293,1613,472609,61,254,472597,472631,34,0.35294117647058826,0.17647058823529413,4,1,0.6,0.5,10,4,61,254
4983,293,1619,474367,61,255,474359,474379,20,0.4,0.1,4,1,0.6,0.8333333333333334,10,6,61,255
4984,293,1621,474953,61,256,474949,474959,10,0.4,0.4,4,0,0.6,0.5,10,2,61,256
4985,293,1627,476711,61,257,476701,476713,12,0.8333333333333334,0.8333333333333334,4,0,0.6,0.16666666666666666,10,6,61,257
4986,293,1637,479641,61,258,479639,479701,62,0.03225806451612903,0.03225806451612903,4,0,0.6,0.4,10,10,61,258
4987,293,1657,485501,61,259,485497,485509,12,0.3333333333333333,0.3333333333333333,4,0,0.6,0.1,10,20,61,259
4988,293,1663,487259,61,260,487247,487261,14,0.8571428571428571,0.7142857142857143,4,1,0.6,0.16666666666666666,10,6,61,260
4989,293,1667,488431,61,261,488419,488441,22,0.5454545454545454,0.18181818181818182,4,1,0.6,0.5,10,4,61,261
4990,293,1669,489017,61,262,489011,489019,8,0.75,0.25,4,1,0.6,0.5,10,2,61,262
4991,293,1693,496049,61,263,496039,496051,12,0.8333333333333334,0.25,4,1,0.6,0.5,10,24,61,263
4992,293,1697,497221,61,264,497197,497239,42,0.5714285714285714,0.09523809523809523,4,1,0.6,0.5,10,4,61,264
4993,293,1699,497807,61,265,497801,497813,12,0.5,0.16666666666666666,4,1,0.6,0.5,10,2,61,265
4994,293,1709,500737,61,266,500729,500741,12,0.6666666666666666,0.6666666666666666,4,0,0.6,0.4,10,10,61,266
4995,293,1721,504253,61,267,504247,504269,22,0.2727272727272727,0.09090909090909091,4,1,0.6,0.16666666666666666,10,12,61,267
4996,293,1723,504839,61,268,504821,504851,30,0.6,0.06666666666666667,4,1,0.6,0.5,10,2,61,268
4997,293,1733,507769,61,269,507757,507779,22,0.5454545454545454,0.045454545454545456,4,1,0.6,0.3,10,10,61,269
4998,293,1741,510113,61,270,510101,510121,20,0.6,0.25,4,1,0.6,0.25,10,8,61,270
4999,293,1747,511871,61,271,511867,511873,6,0.6666666666666666,0.6666666666666666,4,0,0.6,0.6666666666666666,10,6,61,271
5000,293,1753,513629,61,272,513593,513631,38,0.9473684210526315,0.13157894736842105,4,1,0.6,0.6666666666666666,10,6,61,272
5001,293,1759,515387,61,273,515381,515401,20,0.3,0.1,4,1,0.6,0.16666666666666666,10,6,61,273
5002,293,1777,520661,61,274,520649,520679,30,0.4,0.06666666666666667,4,1,0.6,0.1111111111111111,10,18,61,274
5003,293,1783,522419,61,275,522413,522439,26,0.23076923076923078,0.23076923076923078,4,0,0.6,0.3333333333333333,10,6,61,275
5004,293,1787,523591,61,276,523577,523597,20,0.7,0.1,4,1,0.6,0.25,10,4,61,276
5005,293,1789,524177,61,277,524171,524189,18,0.3333333333333333,0.3333333333333333,4,0,0.6,0.5,10,2,61,277
5006,293,1801,527693,61,278,527671,527699,28,0.7857142857142857,0.07142857142857142,4,1,0.6,0.3333333333333333,10,12,61,278
5007,293,1811,530623,61,279,530609,530641,32,0.4375,0.0625,4,1,0.6,0.2,10,10,61,279
5008,293,1823,534139,61,280,534137,534167,30,0.06666666666666667,0.06666666666666667,4,0,0.6,0.25,10,12,61,280
5009,293,1831,536483,61,281,536479,536491,12,0.3333333333333333,0.3333333333333333,4,0,0.6,0.75,10,8,61,281
5010,293,1847,541171,61,282,541153,541181,28,0.6428571428571429,0.03571428571428571,4,1,0.6,0.25,10,16,61,282
5011,293,1861,545273,61,283,545267,545291,24,0.25,0.08333333333333333,4,1,0.6,0.14285714285714285,10,14,61,283
5012,293,1867,547031,61,284,547021,547037,16,0.625,0.125,4,1,0.6,0.6666666666666666,10,6,61,284
5013,293,1871,548203,61,285,548201,548213,12,0.16666666666666666,0.16666666666666666,4,0,0.6,0.25,10,4,61,285
5014,293,1873,548789,61,286,548783,548791,8,0.75,0.5,4,1,0.6,0.5,10,2,61,286
5015,293,1877,549961,61,287,549949,549977,28,0.42857142857142855,0.07142857142857142,4,1,0.6,0.25,10,4,61,287
5016,293,1879,550547,61,288,550541,550553,12,0.5,0.16666666666666666,4,1,0.6,0.5,10,2,61,288
5017,293,1889,553477,61,289,553471,553481,10,0.6,0.6,4,0,0.6,0.3,10,10,61,289
5018,293,1901,556993,61,290,556987,556999,12,0.5,0.5,4,0,0.6,0.16666666666666666,10,12,61,290
5019,293,1907,558751,61,291,558731,558757,26,0.7692307692307693,0.23076923076923078,4,1,0.6,0.3333333333333333,10,6,61,291
5020,293,1913,560509,61,292,560503,560531,28,0.21428571428571427,0.10714285714285714,4,1,0.6,0.3333333333333333,10,6,61,292
5021,293,1931,565783,61,293,565771,565787,16,0.75,0.4375,4,1,0.6,0.1111111111111111,10,18,61,293
5022,293,1933,566369,61,294,566347,566387,40,0.55,0.15,4,1,0.6,0.5,10,2,61,294
5023,293,1949,571057,61,295,571049,571069,20,0.4,0.4,4,0,0.6,0.0625,10,16,61,295
5024,293,1951,571643,61,296,571633,571657,24,0.4166666666666667,0.25,4,1,0.6,0.5,10,2,61,296
5025,293,1973,578089,61,297,578077,578093,16,0.75,0.0625,4,1,0.6,0.13636363636363635,10,22,61,297
5026,293,1979,579847,61,298,579829,579851,22,0.8181818181818182,0.18181818181818182,4,1,0.6,0.6666666666666666,10,6,61,298
5027,293,1987,582191,61,299,582181,582203,22,0.45454545454545453,0.18181818181818182,4,1,0.6,0.25,10,8,61,299
5028,293,1993,583949,61,300,583937,583969,32,0.375,0.0625,4,1,0.6,0.6666666666666666,10,6,61,300
5029,293,1997,585121,61,301,585119,585131,12,0.16666666666666666,0.16666666666666666,4,0,0.6,0.25,10,4,61,301
5030,293,1999,585707,61,302,585691,585721,30,0.5333333333333333,0.23333333333333334,4,1,0.6,0.5,10,2,61,302
5031,293,2003,586879,61,303,586871,586897,26,0.3076923076923077,0.23076923076923078,4,1,0.6,0.5,10,4,61,303
5032,307,1009,309763,62,168,309737,309769,32,0.8125,0.0625,4,1,0.14285714285714285,0.08333333333333333,14,12,62,168
5033,307,1013,310991,62,169,310987,310997,10,0.4,0.4,4,0,0.14285714285714285,0.5,14,4,62,169
5034,307,1019,312833,62,170,312799,312839,40,0.85,0.1,4,1,0.14285714285714285,0.8333333333333334,14,6,62,170
5035,307,1021,313447,62,171,313409,313471,62,0.6129032258064516,0.03225806451612903,4,1,0.14285714285714285,0.5,14,2,62,171
5036,307,1031,316517,62,172,316507,316531,24,0.4166666666666667,0.08333333333333333,4,1,0.14285714285714285,0.6,14,10,62,172
5037,307,1033,317131,62,173,317123,317159,36,0.2222222222222222,0.08333333333333333,4,1,0.14285714285714285,0.5,14,2,62,173
5038,307,1039,318973,62,174,318949,318979,30,0.8,0.13333333333333333,4,1,0.14285714285714285,0.6666666666666666,14,6,62,174
5039,307,1049,322043,62,175,322039,322051,12,0.3333333333333333,0.16666666666666666,4,1,0.14285714285714285,0.2,14,10,62,175
5040,307,1051,322657,62,176,322649,322669,20,0.4,0.1,4,1,0.14285714285714285,0.5,14,2,62,176
5041,307,1061,325727,62,177,325723,325729,6,0.6666666666666666,0.6666666666666666,4,0,0.14285714285714285,0.4,14,10,62,177
5042,307,1063,326341,62,178,326323,326351,28,0.6428571428571429,0.14285714285714285,4,1,0.14285714285714285,0.5,14,2,62,178
5043,307,1069,328183,62,179,328177,328213,36,0.16666666666666666,0.027777777777777776,4,1,0.14285714285714285,0.6666666666666666,14,6,62,179
5044,307,1087,333709,62,180,333701,333713,12,0.6666666666666666,0.4166666666666667,4,1,0.14285714285714285,0.2222222222222222,14,18,62,180
5045,307,1091,334937,62,181,334931,334963,32,0.1875,0.0625,4,1,0.14285714285714285,0.75,14,4,62,181
5046,307,1093,335551,62,182,335539,335557,18,0.6666666666666666,0.1111111111111111,4,1,0.14285714285714285,0.5,14,2,62,182
5047,307,1097,336779,62,183,336773,336793,20,0.3,0.3,4,0,0.14285714285714285,0.25,14,4,62,183
5048,307,1103,338621,62,184,338609,338659,50,0.24,0.1,4,1,0.14285714285714285,0.3333333333333333,14,6,62,184
5049,307,1109,340463,62,185,340453,340477,24,0.4166666666666667,0.041666666666666664,4,1,0.14285714285714285,0.8333333333333334,14,6,62,185
5050,307,1117,342919,62,186,342899,342929,30,0.6666666666666666,0.2,4,1,0.14285714285714285,0.25,14,8,62,186
5051,307,1123,344761,62,187,344759,344791,32,0.0625,0.0625,4,0,0.14285714285714285,0.3333333333333333,14,6,62,187
5052,307,1129,346603,62,188,346601,346607,6,0.3333333333333333,0.3333333333333333,4,0,0.14285714285714285,0.5,14,6,62,188
5053,307,1151,353357,62,189,353341,353359,18,0.8888888888888888,0.3333333333333333,4,1,0.14285714285714285,0.18181818181818182,14,22,62,189
5054,307,1153,353971,62,190,353963,354001,38,0.21052631578947367,0.05263157894736842,4,1,0.14285714285714285,0.5,14,2,62,190
5055,307,1163,357041,62,191,357031,357047,16,0.625,0.375,4,1,0.14285714285714285,0.1,14,10,62,191
5056,307,1171,359497,62,192,359483,359501,18,0.7777777777777778,0.16666666666666666,4,1,0.14285714285714285,0.25,14,8,62,192
5057,307,1181,362567,62,193,362561,362569,8,0.75,0.625,4,1,0.14285714285714285,0.3,14,10,62,193
5058,307,1187,364409,62,194,364393,364411,18,0.8888888888888888,0.3333333333333333,4,1,0.14285714285714285,0.8333333333333334,14,6,62,194
5059,307,1193,366251,62,195,366239,366259,20,0.6,0.2,4,1,0.14285714285714285,0.3333333333333333,14,6,62,195
5060,307,1201,368707,62,196,368689,368717,28,0.6428571428571429,0.35714285714285715,4,1,0.14285714285714285,0.25,14,8,62,196
5061,307,1213,372391,62,197,372377,372397,20,0.7,0.1,4,1,0.14285714285714285,0.08333333333333333,14,12,62,197
5062,307,1217,373619,62,198,373613,373621,8,0.75,0.75,4,0,0.14285714285714285,0.25,14,4,62,198
5063,307,1223,375461,62,199,375457,375467,10,0.4,0.4,4,0,0.14285714285714285,0.3333333333333333,14,6,62,199
5064,307,1229,377303,62,200,377297,377327,30,0.2,0.06666666666666667,4,1,0.14285714285714285,0.5,14,6,62,200
5065,307,1231,377917,62,201,377911,377963,52,0.11538461538461539,0.057692307692307696,4,1,0.14285714285714285,0.5,14,2,62,201
5066,307,1237,379759,62,202,379751,379777,26,0.3076923076923077,0.11538461538461539,4,1,0.14285714285714285,0.5,14,6,62,202
5067,307,1249,383443,62,203,383429,383459,30,0.4666666666666667,0.16666666666666666,4,1,0.14285714285714285,0.08333333333333333,14,12,62,203
5068,307,1259,386513,62,204,386501,386521,20,0.6,0.4,4,1,0.14285714285714285,0.4,14,10,62,204
5069,307,1277,392039,62,205,392033,392053,20,0.3,0.3,4,0,0.14285714285714285,0.1111111111111111,14,18,62,205
5070,307,1279,392653,62,206,392647,392663,16,0.375,0.25,4,1,0.14285714285714285,0.5,14,2,62,206
5071,307,1283,393881,62,207,393871,393901,30,0.3333333333333333,0.26666666666666666,4,1,0.14285714285714285,0.75,14,4,62,207
5072,307,1289,395723,62,208,395719,395737,18,0.2222222222222222,0.2222222222222222,4,0,0.14285714285714285,0.3333333333333333,14,6,62,208
5073,307,1291,396337,62,209,396323,396349,26,0.5384615384615384,0.15384615384615385,4,1,0.14285714285714285,0.5,14,2,62,209
5074,307,1297,398179,62,210,398171,398207,36,0.2222222222222222,0.05555555555555555,4,1,0.14285714285714285,0.3333333333333333,14,6,62,210
5075,307,1301,399407,62,211,399403,399409,6,0.6666666666666666,0.6666666666666666,4,0,0.14285714285714285,0.5,14,4,62,211
5076,307,1303,400021,62,212,400009,400031,22,0.5454545454545454,0.09090909090909091,4,1,0.14285714285714285,0.5,14,2,62,212
5077,307,1307,401249,62,213,401243,401279,36,0.16666666666666666,0.16666666666666666,4,0,0.14285714285714285,0.75,14,4,62,213
5078,307,1319,404933,62,214,404851,404941,90,0.9111111111111111,0.022222222222222223,4,1,0.14285714285714285,0.5,14,12,62,214
5079,307,1321,405547,62,215,405541,405553,12,0.5,0.16666666666666666,4,1,0.14285714285714285,0.5,14,2,62,215
5080,307,1327,407389,62,216,407383,407401,18,0.3333333333333333,0.2222222222222222,4,1,0.14285714285714285,0.16666666666666666,14,6,62,216
5081,307,1361,417827,62,217,417821,417839,18,0.3333333333333333,0.3333333333333333,4,0,0.14285714285714285,0.058823529411764705,14,34,62,217
5082,307,1367,419669,62,218,419651,419687,36,0.5,0.16666666666666666,4,1,0.14285714285714285,0.3333333333333333,14,6,62,218
5083,307,1373,421511,62,219,421501,421517,16,0.625,0.375,4,1,0.14285714285714285,0.3333333333333333,14,6,62,219
5084,307,1381,423967,62,220,423961,423977,16,0.375,0.25,4,1,0.14285714285714285,0.75,14,8,62,220
5085,307,1399,429493,62,221,429487,429497,10,0.6,0.4,4,1,0.14285714285714285,0.05555555555555555,14,18,62,221
5086,307,1409,432563,62,222,432559,432569,10,0.4,0.4,4,0,0.14285714285714285,0.2,14,10,62,222
5087,307,1423,436861,62,223,436853,436871,18,0.4444444444444444,0.3333333333333333,4,1,0.14285714285714285,0.14285714285714285,14,14,62,223
5088,307,1427,438089,62,224,438049,438091,42,0.9523809523809523,0.23809523809523808,4,1,0.14285714285714285,0.75,14,4,62,224
5089,307,1429,438703,62,225,438701,438707,6,0.3333333333333333,0.3333333333333333,4,0,0.14285714285714285,0.5,14,2,62,225
5090,307,1433,439931,62,226,439919,439949,30,0.4,0.26666666666666666,4,1,0.14285714285714285,0.5,14,4,62,226
5091,307,1439,441773,62,227,441751,441787,36,0.6111111111111112,0.08333333333333333,4,1,0.14285714285714285,0.6666666666666666,14,6,62,227
5092,307,1447,444229,62,228,444209,444253,44,0.45454545454545453,0.045454545454545456,4,1,0.14285714285714285,0.25,14,8,62,228
5093,307,1451,445457,62,229,445453,445463,10,0.4,0.4,4,0,0.14285714285714285,0.25,14,4,62,229
5094,307,1453,446071,62,230,446053,446081,28,0.6428571428571429,0.14285714285714285,4,1,0.14285714285714285,0.5,14,2,62,230
5095,307,1459,447913,62,231,447907,447943,36,0.16666666666666666,0.1111111111111111,4,1,0.14285714285714285,0.16666666666666666,14,6,62,231
5096,307,1471,451597,62,232,451579,451601,22,0.8181818181818182,0.45454545454545453,4,1,0.14285714285714285,0.16666666666666666,14,12,62,232
5097,307,1481,454667,62,233,454637,454673,36,0.8333333333333334,0.2777777777777778,4,1,0.14285714285714285,0.2,14,10,62,233
5098,307,1483,455281,62,234,455269,455291,22,0.5454545454545454,0.45454545454545453,4,1,0.14285714285714285,0.5,14,2,62,234
5099,307,1487,456509,62,235,456503,456517,14,0.42857142857142855,0.42857142857142855,4,0,0.14285714285714285,0.75,14,4,62,235
5100,307,1489,457123,62,236,457117,457139,22,0.2727272727272727,0.045454545454545456,4,1,0.14285714285714285,0.5,14,2,62,236
5101,307,1493,458351,62,237,458333,458357,24,0.75,0.3333333333333333,4,1,0.14285714285714285,0.75,14,4,62,237
5102,307,1499,460193,62,238,460189,460211,22,0.18181818181818182,0.18181818181818182,4,0,0.14285714285714285,0.6666666666666666,14,6,62,238
5103,307,1511,463877,62,239,463873,463889,16,0.25,0.25,4,0,0.14285714285714285,0.16666666666666666,14,12,62,239
5104,307,1523,467561,62,240,467557,467587,30,0.13333333333333333,0.13333333333333333,4,0,0.14285714285714285,0.16666666666666666,14,12,62,240
5105,307,1531,470017,62,241,469993,470021,28,0.8571428571428571,0.14285714285714285,4,1,0.14285714285714285,0.5,14,8,62,241
5106,307,1543,473701,62,242,473659,473719,60,0.7,0.06666666666666667,4,1,0.14285714285714285,0.3333333333333333,14,12,62,242
5107,307,1549,475543,62,243,475529,475549,20,0.7,0.1,4,1,0.14285714285714285,0.5,14,6,62,243
5108,307,1553,476771,62,244,476759,476783,24,0.5,0.08333333333333333,4,1,0.14285714285714285,0.5,14,4,62,244
5109,307,1559,478613,62,245,478603,478627,24,0.4166666666666667,0.16666666666666666,4,1,0.14285714285714285,0.3333333333333333,14,6,62,245
5110,307,1567,481069,62,246,481067,481073,6,0.3333333333333333,0.3333333333333333,4,0,0.14285714285714285,0.25,14,8,62,246
5111,307,1571,482297,62,247,482281,482309,28,0.5714285714285714,0.03571428571428571,4,1,0.14285714285714285,0.5,14,4,62,247
5112,307,1579,484753,62,248,484751,484763,12,0.16666666666666666,0.16666666666666666,4,0,0.14285714285714285,0.375,14,8,62,248
5113,307,1583,485981,62,249,485977,485993,16,0.25,0.0625,4,1,0.14285714285714285,0.5,14,4,62,249
5114,307,1597,490279,62,250,490277,490283,6,0.3333333333333333,0.3333333333333333,4,0,0.14285714285714285,0.14285714285714285,14,14,62,250
5115,307,1601,491507,62,251,491503,491527,24,0.16666666666666666,0.125,4,1,0.14285714285714285,0.25,14,4,62,251
5116,307,1607,493349,62,252,493333,493351,18,0.8888888888888888,0.4444444444444444,4,1,0.14285714285714285,0.3333333333333333,14,6,62,252
5117,307,1609,493963,62,253,493939,493967,28,0.8571428571428571,0.10714285714285714,4,1,0.14285714285714285,0.5,14,2,62,253
5118,307,1613,495191,62,254,495181,495199,18,0.5555555555555556,0.05555555555555555,4,1,0.14285714285714285,0.5,14,4,62,254
5119,307,1619,497033,62,255,497017,497041,24,0.6666666666666666,0.041666666666666664,4,1,0.14285714285714285,0.8333333333333334,14,6,62,255
5120,307,1621,497647,62,256,497633,497659,26,0.5384615384615384,0.07692307692307693,4,1,0.14285714285714285,0.5,14,2,62,256
5121,307,1627,499489,62,257,499483,499493,10,0.6,0.4,4,1,0.14285714285714285,0.16666666666666666,14,6,62,257
5122,307,1637,502559,62,258,502553,502591,38,0.15789473684210525,0.05263157894736842,4,1,0.14285714285714285,0.4,14,10,62,258
5123,307,1657,508699,62,259,508693,508709,16,0.375,0.25,4,1,0.14285714285714285,0.1,14,20,62,259
5124,307,1663,510541,62,260,510529,510551,22,0.5454545454545454,0.18181818181818182,4,1,0.14285714285714285,0.16666666666666666,14,6,62,260
5125,307,1667,511769,62,261,511757,511787,30,0.4,0.06666666666666667,4,1,0.14285714285714285,0.5,14,4,62,261
5126,307,1669,512383,62,262,512353,512389,36,0.8333333333333334,0.1111111111111111,4,1,0.14285714285714285,0.5,14,2,62,262
5127,307,1693,519751,62,263,519737,519769,32,0.4375,0.3125,4,1,0.14285714285714285,0.5,14,24,62,263
5128,307,1697,520979,62,264,520969,520981,12,0.8333333333333334,0.3333333333333333,4,1,0.14285714285714285,0.5,14,4,62,264
5129,307,1699,521593,62,265,521581,521603,22,0.5454545454545454,0.045454545454545456,4,1,0.14285714285714285,0.5,14,2,62,265
5130,307,1709,524663,62,266,524633,524669,36,0.8333333333333334,0.2222222222222222,4,1,0.14285714285714285,0.4,14,10,62,266
5131,307,1721,528347,62,267,528329,528373,44,0.4090909090909091,0.045454545454545456,4,1,0.14285714285714285,0.16666666666666666,14,12,62,267
5132,307,1723,528961,62,268,528947,528967,20,0.7,0.1,4,1,0.14285714285714285,0.5,14,2,62,268
5133,307,1733,532031,62,269,532027,532033,6,0.6666666666666666,0.6666666666666666,4,0,0.14285714285714285,0.3,14,10,62,269
5134,307,1741,534487,62,270,534473,534491,18,0.7777777777777778,0.3333333333333333,4,1,0.14285714285714285,0.25,14,8,62,270
5135,307,1747,536329,62,271,536323,536353,30,0.2,0.13333333333333333,4,1,0.14285714285714285,0.6666666666666666,14,6,62,271
5136,307,1753,538171,62,272,538163,538199,36,0.2222222222222222,0.16666666666666666,4,1,0.14285714285714285,0.6666666666666666,14,6,62,272
5137,307,1759,540013,62,273,539993,540041,48,0.4166666666666667,0.041666666666666664,4,1,0.14285714285714285,0.16666666666666666,14,6,62,273
5138,307,1777,545539,62,274,545533,545543,10,0.6,0.4,4,1,0.14285714285714285,0.1111111111111111,14,18,62,274
5139,307,1783,547381,62,275,547373,547387,14,0.5714285714285714,0.5714285714285714,4,0,0.14285714285714285,0.3333333333333333,14,6,62,275
5140,307,1787,548609,62,276,548591,548623,32,0.5625,0.0625,4,1,0.14285714285714285,0.25,14,4,62,276
5141,307,1789,549223,62,277,549221,549229,8,0.25,0.25,4,0,0.14285714285714285,0.5,14,2,62,277
5142,307,1801,552907,62,278,552899,552913,14,0.5714285714285714,0.14285714285714285,4,1,0.14285714285714285,0.3333333333333333,14,12,62,278
5143,307,1811,555977,62,279,555967,556007,40,0.25,0.05,4,1,0.14285714285714285,0.2,14,10,62,279
5144,307,1823,559661,62,280,559649,559667,18,0.6666666666666666,0.1111111111111111,4,1,0.14285714285714285,0.25,14,12,62,280
5145,307,1831,562117,62,281,562103,562129,26,0.5384615384615384,0.11538461538461539,4,1,0.14285714285714285,0.75,14,8,62,281
5146,307,1847,567029,62,282,567013,567031,18,0.8888888888888888,0.5,4,1,0.14285714285714285,0.25,14,16,62,282
5147,307,1861,571327,62,283,571321,571331,10,0.6,0.1,4,1,0.14285714285714285,0.14285714285714285,14,14,62,283
5148,307,1867,573169,62,284,573163,573179,16,0.375,0.375,4,0,0.14285714285714285,0.6666666666666666,14,6,62,284
5149,307,1871,574397,62,285,574393,574423,30,0.13333333333333333,0.13333333333333333,4,0,0.14285714285714285,0.25,14,4,62,285
5150,307,1873,575011,62,286,575009,575027,18,0.1111111111111111,0.1111111111111111,4,0,0.14285714285714285,0.5,14,2,62,286
5151,307,1877,576239,62,287,576227,576287,60,0.2,0.03333333333333333,4,1,0.14285714285714285,0.25,14,4,62,287
5152,307,1879,576853,62,288,576791,576881,90,0.6888888888888889,0.08888888888888889,4,1,0.14285714285714285,0.5,14,2,62,288
5153,307,1889,579923,62,289,579907,579947,40,0.4,0.1,4,1,0.14285714285714285,0.3,14,10,62,289
5154,307,1901,583607,62,290,583603,583613,10,0.4,0.4,4,0,0.14285714285714285,0.16666666666666666,14,12,62,290
5155,307,1907,585449,62,291,585443,585461,18,0.3333333333333333,0.3333333333333333,4,0,0.14285714285714285,0.3333333333333333,14,6,62,291
5156,307,1913,587291,62,292,587287,587297,10,0.4,0.4,4,0,0.14285714285714285,0.3333333333333333,14,6,62,292
5157,307,1931,592817,62,293,592793,592843,50,0.48,0.08,4,1,0.14285714285714285,0.1111111111111111,14,18,62,293
5158,307,1933,593431,62,294,593429,593447,18,0.1111111111111111,0.1111111111111111,4,0,0.14285714285714285,0.5,14,2,62,294
5159,307,1949,598343,62,295,598333,598363,30,0.3333333333333333,0.13333333333333333,4,1,0.14285714285714285,0.0625,14,16,62,295
5160,307,1951,598957,62,296,598933,598963,30,0.8,0.2,4,1,0.14285714285714285,0.5,14,2,62,296
5161,307,1973,605711,62,297,605707,605719,12,0.3333333333333333,0.3333333333333333,4,0,0.14285714285714285,0.13636363636363635,14,22,62,297
5162,307,1979,607553,62,298,607549,607573,24,0.16666666666666666,0.16666666666666666,4,0,0.14285714285714285,0.6666666666666666,14,6,62,298
5163,307,1987,610009,62,299,609997,610031,34,0.35294117647058826,0.17647058823529413,4,1,0.14285714285714285,0.25,14,8,62,299
5164,307,1993,611851,62,300,611839,611873,34,0.35294117647058826,0.058823529411764705,4,1,0.14285714285714285,0.6666666666666666,14,6,62,300
5165,307,1997,613079,62,301,613061,613097,36,0.5,0.05555555555555555,4,1,0.14285714285714285,0.25,14,4,62,301
5166,307,1999,613693,62,302,613673,613699,26,0.7692307692307693,0.3076923076923077,4,1,0.14285714285714285,0.5,14,2,62,302
5167,307,2003,614921,62,303,614917,614927,10,0.4,0.2,4,1,0.14285714285714285,0.5,14,4,62,303
5168,311,1009,313799,63,168,313783,313829,46,0.34782608695652173,0.08695652173913043,4,1,0.5,0.08333333333333333,4,12,63,168
5169,311,1013,315043,63,169,315037,315047,10,0.6,0.1,4,1,0.5,0.5,4,4,63,169
5170,311,1019,316909,63,170,316907,316919,12,0.16666666666666666,0.16666666666666666,4,0,0.5,0.8333333333333334,4,6,63,170
5171,311,1021,317531,63,171,317503,317539,36,0.7777777777777778,0.1111111111111111,4,1,0.5,0.5,4,2,63,171
5172,311,1031,320641,63,172,320627,320647,20,0.7,0.1,4,1,0.5,0.6,4,10,63,172
5173,311,1033,321263,63,173,321247,321289,42,0.38095238095238093,0.09523809523809523,4,1,0.5,0.5,4,2,63,173
5174,311,1039,323129,63,174,323123,323131,8,0.75,0.375,4,1,0.5,0.6666666666666666,4,6,63,174
5175,311,1049,326239,63,175,326219,326251,32,0.625,0.375,4,1,0.5,0.2,4,10,63,175
5176,311,1051,326861,63,176,326831,326863,32,0.9375,0.09375,4,1,0.5,0.5,4,2,63,176
5177,311,1061,329971,63,177,329969,329977,8,0.25,0.25,4,0,0.5,0.4,4,10,63,177
5178,311,1063,330593,63,178,330587,330607,20,0.3,0.3,4,0,0.5,0.5,4,2,63,178
5179,311,1069,332459,63,179,332447,332461,14,0.8571428571428571,0.42857142857142855,4,1,0.5,0.6666666666666666,4,6,63,179
5180,311,1087,338057,63,180,338033,338119,86,0.27906976744186046,0.023255813953488372,4,1,0.5,0.2222222222222222,4,18,63,180
5181,311,1091,339301,63,181,339289,339307,18,0.6666666666666666,0.2222222222222222,4,1,0.5,0.75,4,4,63,181
5182,311,1093,339923,63,182,339907,339943,36,0.4444444444444444,0.19444444444444445,4,1,0.5,0.5,4,2,63,182
5183,311,1097,341167,63,183,341141,341171,30,0.8666666666666667,0.06666666666666667,4,1,0.5,0.25,4,4,63,183
5184,311,1103,343033,63,184,343019,343037,18,0.7777777777777778,0.1111111111111111,4,1,0.5,0.3333333333333333,4,6,63,184
5185,311,1109,344899,63,185,344893,344909,16,0.375,0.375,4,0,0.5,0.8333333333333334,4,6,63,185
5186,311,1117,347387,63,186,347359,347401,42,0.6666666666666666,0.09523809523809523,4,1,0.5,0.25,4,8,63,186
5187,311,1123,349253,63,187,349241,349291,50,0.24,0.04,4,1,0.5,0.3333333333333333,4,6,63,187
5188,311,1129,351119,63,188,351097,351121,24,0.9166666666666666,0.25,4,1,0.5,0.5,4,6,63,188
5189,311,1151,357961,63,189,357913,357967,54,0.8888888888888888,0.07407407407407407,4,1,0.5,0.18181818181818182,4,22,63,189
5190,311,1153,358583,63,190,358573,358591,18,0.5555555555555556,0.05555555555555555,4,1,0.5,0.5,4,2,63,190
5191,311,1163,361693,63,191,361687,361723,36,0.16666666666666666,0.05555555555555555,4,1,0.5,0.1,4,10,63,191
5192,311,1171,364181,63,192,364171,364183,12,0.8333333333333334,0.5,4,1,0.5,0.25,4,8,63,192
5193,311,1181,367291,63,193,367277,367307,30,0.4666666666666667,0.4666666666666667,4,0,0.5,0.3,4,10,63,193
5194,311,1187,369157,63,194,369143,369169,26,0.5384615384615384,0.15384615384615385,4,1,0.5,0.8333333333333334,4,6,63,194
5195,311,1193,371023,63,195,370949,371027,78,0.9487179487179487,0.0641025641025641,4,1,0.5,0.3333333333333333,4,6,63,195
5196,311,1201,373511,63,196,373501,373517,16,0.625,0.625,4,0,0.5,0.25,4,8,63,196
5197,311,1213,377243,63,197,377231,377257,26,0.46153846153846156,0.07692307692307693,4,1,0.5,0.08333333333333333,4,12,63,197
5198,311,1217,378487,63,198,378467,378493,26,0.7692307692307693,0.4230769230769231,4,1,0.5,0.25,4,4,63,198
5199,311,1223,380353,63,199,380333,380363,30,0.6666666666666666,0.2,4,1,0.5,0.3333333333333333,4,6,63,199
5200,311,1229,382219,63,200,382189,382229,40,0.75,0.2,4,1,0.5,0.5,4,6,63,200
5201,311,1231,382841,63,201,382813,382843,30,0.9333333333333333,0.13333333333333333,4,1,0.5,0.5,4,2,63,201
5202,311,1237,384707,63,202,384701,384719,18,0.3333333333333333,0.3333333333333333,4,0,0.5,0.5,4,6,63,202
5203,311,1249,388439,63,203,388403,388459,56,0.6428571428571429,0.03571428571428571,4,1,0.5,0.08333333333333333,4,12,63,203
5204,311,1259,391549,63,204,391537,391553,16,0.75,0.125,4,1,0.5,0.4,4,10,63,204
5205,311,1277,397147,63,205,397127,397151,24,0.8333333333333334,0.3333333333333333,4,1,0.5,0.1111111111111111,4,18,63,205
5206,311,1279,397769,63,206,397763,397799,36,0.16666666666666666,0.1111111111111111,4,1,0.5,0.5,4,2,63,206
5207,311,1283,399013,63,207,398989,399023,34,0.7058823529411765,0.11764705882352941,4,1,0.5,0.75,4,4,63,207
5208,311,1289,400879,63,208,400871,400903,32,0.25,0.09375,4,1,0.5,0.3333333333333333,4,6,63,208
5209,311,1291,401501,63,209,401477,401507,30,0.8,0.2,4,1,0.5,0.5,4,2,63,209
5210,311,1297,403367,63,210,403363,403369,6,0.6666666666666666,0.5,4,1,0.5,0.3333333333333333,4,6,63,210
5211,311,1301,404611,63,211,404597,404671,74,0.1891891891891892,0.02702702702702703,4,1,0.5,0.5,4,4,63,211
5212,311,1303,405233,63,212,405227,405239,12,0.5,0.3333333333333333,4,1,0.5,0.5,4,2,63,212
5213,311,1307,406477,63,213,406447,406481,34,0.8823529411764706,0.17647058823529413,4,1,0.5,0.75,4,4,63,213
5214,311,1319,410209,63,214,410203,410231,28,0.21428571428571427,0.10714285714285714,4,1,0.5,0.5,4,12,63,214
5215,311,1321,410831,63,215,410819,410833,14,0.8571428571428571,0.14285714285714285,4,1,0.5,0.5,4,2,63,215
5216,311,1327,412697,63,216,412667,412717,50,0.6,0.04,4,1,0.5,0.16666666666666666,4,6,63,216
5217,311,1361,423271,63,217,423259,423277,18,0.6666666666666666,0.2222222222222222,4,1,0.5,0.058823529411764705,4,34,63,217
5218,311,1367,425137,63,218,425123,425147,24,0.5833333333333334,0.16666666666666666,4,1,0.5,0.3333333333333333,4,6,63,218
5219,311,1373,427003,63,219,427001,427013,12,0.16666666666666666,0.16666666666666666,4,0,0.5,0.3333333333333333,4,6,63,219
5220,311,1381,429491,63,220,429487,429497,10,0.4,0.4,4,0,0.5,0.75,4,8,63,220
5221,311,1399,435089,63,221,435059,435103,44,0.6818181818181818,0.045454545454545456,4,1,0.5,0.05555555555555555,4,18,63,221
5222,311,1409,438199,63,222,438169,438203,34,0.8823529411764706,0.058823529411764705,4,1,0.5,0.2,4,10,63,222
5223,311,1423,442553,63,223,442537,442571,34,0.47058823529411764,0.11764705882352941,4,1,0.5,0.14285714285714285,4,14,63,223
5224,311,1427,443797,63,224,443791,443837,46,0.13043478260869565,0.13043478260869565,4,0,0.5,0.75,4,4,63,224
5225,311,1429,444419,63,225,444403,444421,18,0.8888888888888888,0.2222222222222222,4,1,0.5,0.5,4,2,63,225
5226,311,1433,445663,63,226,445657,445691,34,0.17647058823529413,0.11764705882352941,4,1,0.5,0.5,4,4,63,226
5227,311,1439,447529,63,227,447527,447541,14,0.14285714285714285,0.14285714285714285,4,0,0.5,0.6666666666666666,4,6,63,227
5228,311,1447,450017,63,228,450011,450019,8,0.75,0.25,4,1,0.5,0.25,4,8,63,228
5229,311,1451,451261,63,229,451249,451277,28,0.42857142857142855,0.14285714285714285,4,1,0.5,0.25,4,4,63,229
5230,311,1453,451883,63,230,451879,451897,18,0.2222222222222222,0.16666666666666666,4,1,0.5,0.5,4,2,63,230
5231,311,1459,453749,63,231,453737,453757,20,0.6,0.2,4,1,0.5,0.16666666666666666,4,6,63,231
5232,311,1471,457481,63,232,457469,457507,38,0.3157894736842105,0.05263157894736842,4,1,0.5,0.16666666666666666,4,12,63,232
5233,311,1481,460591,63,233,460589,460609,20,0.1,0.1,4,0,0.5,0.2,4,10,63,233
5234,311,1483,461213,63,234,461207,461233,26,0.23076923076923078,0.23076923076923078,4,0,0.5,0.5,4,2,63,234
5235,311,1487,462457,63,235,462443,462467,24,0.5833333333333334,0.08333333333333333,4,1,0.5,0.75,4,4,63,235
5236,311,1489,463079,63,236,463033,463093,60,0.7666666666666667,0.06666666666666667,4,1,0.5,0.5,4,2,63,236
5237,311,1493,464323,63,237,464311,464327,16,0.75,0.25,4,1,0.5,0.75,4,4,63,237
5238,311,1499,466189,63,238,466183,466201,18,0.3333333333333333,0.2222222222222222,4,1,0.5,0.6666666666666666,4,6,63,238
5239,311,1511,469921,63,239,469919,469939,20,0.1,0.1,4,0,0.5,0.16666666666666666,4,12,63,239
5240,311,1523,473653,63,240,473647,473659,12,0.5,0.5,4,0,0.5,0.16666666666666666,4,12,63,240
5241,311,1531,476141,63,241,476137,476143,6,0.6666666666666666,0.6666666666666666,4,0,0.5,0.5,4,8,63,241
5242,311,1543,479873,63,242,479861,479879,18,0.6666666666666666,0.1111111111111111,4,1,0.5,0.3333333333333333,4,12,63,242
5243,311,1549,481739,63,243,481721,481751,30,0.6,0.06666666666666667,4,1,0.5,0.5,4,6,63,243
5244,311,1553,482983,63,244,482971,483017,46,0.2608695652173913,0.15217391304347827,4,1,0.5,0.5,4,4,63,244
5245,311,1559,484849,63,245,484829,484853,24,0.8333333333333334,0.08333333333333333,4,1,0.5,0.3333333333333333,4,6,63,245
5246,311,1567,487337,63,246,487313,487349,36,0.6666666666666666,0.05555555555555555,4,1,0.5,0.25,4,8,63,246
5247,311,1571,488581,63,247,488573,488603,30,0.26666666666666666,0.13333333333333333,4,1,0.5,0.5,4,4,63,247
5248,311,1579,491069,63,248,491059,491081,22,0.45454545454545453,0.18181818181818182,4,1,0.5,0.375,4,8,63,248
5249,311,1583,492313,63,249,492299,492319,20,0.7,0.1,4,1,0.5,0.5,4,4,63,249
5250,311,1597,496667,63,250,496631,496669,38,0.9473684210526315,0.05263157894736842,4,1,0.5,0.14285714285714285,4,14,63,250
5251,311,1601,497911,63,251,497899,497929,30,0.4,0.13333333333333333,4,1,0.5,0.25,4,4,63,251
5252,311,1607,499777,63,252,499747,499781,34,0.8823529411764706,0.17647058823529413,4,1,0.5,0.3333333333333333,4,6,63,252
5253,311,1609,500399,63,253,500393,500413,20,0.3,0.2,4,1,0.5,0.5,4,2,63,253
5254,311,1613,501643,63,254,501637,501659,22,0.2727272727272727,0.09090909090909091,4,1,0.5,0.5,4,4,63,254
5255,311,1619,503509,63,255,503501,503543,42,0.19047619047619047,0.14285714285714285,4,1,0.5,0.8333333333333334,4,6,63,255
5256,311,1621,504131,63,256,504121,504139,18,0.5555555555555556,0.4444444444444444,4,1,0.5,0.5,4,2,63,256
5257,311,1627,505997,63,257,505979,506047,68,0.2647058823529412,0.08823529411764706,4,1,0.5,0.16666666666666666,4,6,63,257
5258,311,1637,509107,63,258,509101,509123,22,0.2727272727272727,0.2727272727272727,4,0,0.5,0.4,4,10,63,258
5259,311,1657,515327,63,259,515323,515351,28,0.14285714285714285,0.14285714285714285,4,0,0.5,0.1,4,20,63,259
5260,311,1663,517193,63,260,517189,517207,18,0.2222222222222222,0.2222222222222222,4,0,0.5,0.16666666666666666,4,6,63,260
5261,311,1667,518437,63,261,518431,518447,16,0.375,0.25,4,1,0.5,0.5,4,4,63,261
5262,311,1669,519059,63,262,519037,519067,30,0.7333333333333333,0.13333333333333333,4,1,0.5,0.5,4,2,63,262
5263,311,1693,526523,63,263,526511,526531,20,0.6,0.15,4,1,0.5,0.5,4,24,63,263
5264,311,1697,527767,63,264,527753,527789,36,0.3888888888888889,0.1111111111111111,4,1,0.5,0.5,4,4,63,264
5265,311,1699,528389,63,265,528383,528391,8,0.75,0.5,4,1,0.5,0.5,4,2,63,265
5266,311,1709,531499,63,266,531497,531521,24,0.08333333333333333,0.08333333333333333,4,0,0.5,0.4,4,10,63,266
5267,311,1721,535231,63,267,535229,535237,8,0.25,0.25,4,0,0.5,0.16666666666666666,4,12,63,267
5268,311,1723,535853,63,268,535849,535859,10,0.4,0.4,4,0,0.5,0.5,4,2,63,268
5269,311,1733,538963,63,269,538943,538987,44,0.45454545454545453,0.06818181818181818,4,1,0.5,0.3,4,10,63,269
5270,311,1741,541451,63,270,541447,541469,22,0.18181818181818182,0.18181818181818182,4,0,0.5,0.25,4,8,63,270
5271,311,1747,543317,63,271,543313,543341,28,0.14285714285714285,0.03571428571428571,4,1,0.5,0.6666666666666666,4,6,63,271
5272,311,1753,545183,63,272,545161,545189,28,0.7857142857142857,0.03571428571428571,4,1,0.5,0.6666666666666666,4,6,63,272
5273,311,1759,547049,63,273,547037,547061,24,0.5,0.08333333333333333,4,1,0.5,0.16666666666666666,4,6,63,273
5274,311,1777,552647,63,274,552611,552649,38,0.9473684210526315,0.05263157894736842,4,1,0.5,0.1111111111111111,4,18,63,274
5275,311,1783,554513,63,275,554503,554527,24,0.4166666666666667,0.16666666666666666,4,1,0.5,0.3333333333333333,4,6,63,275
5276,311,1787,555757,63,276,555743,555761,18,0.7777777777777778,0.1111111111111111,4,1,0.5,0.25,4,4,63,276
5277,311,1789,556379,63,277,556373,556399,26,0.23076923076923078,0.23076923076923078,4,0,0.5,0.5,4,2,63,277
5278,311,1801,560111,63,278,560107,560113,6,0.6666666666666666,0.6666666666666666,4,0,0.5,0.3333333333333333,4,12,63,278
5279,311,1811,563221,63,279,563219,563249,30,0.06666666666666667,0.06666666666666667,4,0,0.5,0.2,4,10,63,279
5280,311,1823,566953,63,280,566947,566963,16,0.375,0.125,4,1,0.5,0.25,4,12,63,280
5281,311,1831,569441,63,281,569431,569447,16,0.625,0.375,4,1,0.5,0.75,4,8,63,281
5282,311,1847,574417,63,282,574393,574423,30,0.8,0.13333333333333333,4,1,0.5,0.25,4,16,63,282
5283,311,1861,578771,63,283,578741,578777,36,0.8333333333333334,0.16666666666666666,4,1,0.5,0.14285714285714285,4,14,63,283
5284,311,1867,580637,63,284,580633,580639,6,0.6666666666666666,0.16666666666666666,4,1,0.5,0.6666666666666666,4,6,63,284
5285,311,1871,581881,63,285,581873,581891,18,0.4444444444444444,0.3333333333333333,4,1,0.5,0.25,4,4,63,285
5286,311,1873,582503,63,286,582499,582509,10,0.4,0.2,4,1,0.5,0.5,4,2,63,286
5287,311,1877,583747,63,287,583733,583753,20,0.7,0.1,4,1,0.5,0.25,4,4,63,287
5288,311,1879,584369,63,288,584359,584377,18,0.5555555555555556,0.16666666666666666,4,1,0.5,0.5,4,2,63,288
5289,311,1889,587479,63,289,587473,587497,24,0.25,0.16666666666666666,4,1,0.5,0.3,4,10,63,289
5290,311,1901,591211,63,290,591193,591233,40,0.45,0.1,4,1,0.5,0.16666666666666666,4,12,63,290
5291,311,1907,593077,63,291,593071,593081,10,0.6,0.6,4,0,0.5,0.3333333333333333,4,6,63,291
5292,311,1913,594943,63,292,594931,594953,22,0.5454545454545454,0.13636363636363635,4,1,0.5,0.3333333333333333,4,6,63,292
5293,311,1931,600541,63,293,600529,600557,28,0.42857142857142855,0.07142857142857142,4,1,0.5,0.1111111111111111,4,18,63,293
5294,311,1933,601163,63,294,601147,601187,40,0.4,0.05,4,1,0.5,0.5,4,2,63,294
5295,311,1949,606139,63,295,606131,606173,42,0.19047619047619047,0.047619047619047616,4,1,0.5,0.0625,4,16,63,295
5296,311,1951,606761,63,296,606757,606791,34,0.11764705882352941,0.029411764705882353,4,1,0.5,0.5,4,2,63,296
5297,311,1973,613603,63,297,613597,613607,10,0.6,0.4,4,1,0.5,0.13636363636363635,4,22,63,297
5298,311,1979,615469,63,298,615449,615473,24,0.8333333333333334,0.16666666666666666,4,1,0.5,0.6666666666666666,4,6,63,298
5299,311,1987,617957,63,299,617951,617959,8,0.75,0.75,4,0,0.5,0.25,4,8,63,299
5300,311,1993,619823,63,300,619819,619831,12,0.3333333333333333,0.3333333333333333,4,0,0.5,0.6666666666666666,4,6,63,300
5301,311,1997,621067,63,301,621059,621083,24,0.3333333333333333,0.25,4,1,0.5,0.25,4,4,63,301
5302,311,1999,621689,63,302,621679,621697,18,0.5555555555555556,0.1111111111111111,4,1,0.5,0.5,4,2,63,302
5303,311,2003,622933,63,303,622927,622943,16,0.375,0.125,4,1,0.5,0.5,4,4,63,303
5304,313,1009,315817,64,168,315811,315829,18,0.3333333333333333,0.16666666666666666,4,1,0.5,0.08333333333333333,2,12,64,168
5305,313,1013,317069,64,169,317063,317071,8,0.75,0.75,4,0,0.5,0.5,2,4,64,169
5306,313,1019,318947,64,170,318919,318949,30,0.9333333333333333,0.06666666666666667,4,1,0.5,0.8333333333333334,2,6,64,170
5307,313,1021,319573,64,171,319567,319577,10,0.6,0.6,4,0,0.5,0.5,2,2,64,171
5308,313,1031,322703,64,172,322669,322709,40,0.85,0.1,4,1,0.5,0.6,2,10,64,172
5309,313,1033,323329,64,173,323273,323333,60,0.9333333333333333,0.08333333333333333,4,1,0.5,0.5,2,2,64,173
5310,313,1039,325207,64,174,325201,325217,16,0.375,0.0625,4,1,0.5,0.6666666666666666,2,6,64,174
5311,313,1049,328337,64,175,328333,328343,10,0.4,0.4,4,0,0.5,0.2,2,10,64,175
5312,313,1051,328963,64,176,328961,328981,20,0.1,0.1,4,0,0.5,0.5,2,2,64,176
5313,313,1061,332093,64,177,332081,332099,18,0.6666666666666666,0.1111111111111111,4,1,0.5,0.4,2,10,64,177
5314,313,1063,332719,64,178,332711,332729,18,0.4444444444444444,0.1111111111111111,4,1,0.5,0.5,2,2,64,178
5315,313,1069,334597,64,179,334561,334603,42,0.8571428571428571,0.047619047619047616,4,1,0.5,0.6666666666666666,2,6,64,179
5316,313,1087,340231,64,180,340211,340237,26,0.7692307692307693,0.07692307692307693,4,1,0.5,0.2222222222222222,2,18,64,180
5317,313,1091,341483,64,181,341477,341491,14,0.42857142857142855,0.35714285714285715,4,1,0.5,0.75,2,4,64,181
5318,313,1093,342109,64,182,342107,342131,24,0.08333333333333333,0.08333333333333333,4,0,0.5,0.5,2,2,64,182
5319,313,1097,343361,64,183,343337,343373,36,0.6666666666666666,0.05555555555555555,4,1,0.5,0.25,2,4,64,183
5320,313,1103,345239,64,184,345229,345259,30,0.3333333333333333,0.26666666666666666,4,1,0.5,0.3333333333333333,2,6,64,184
5321,313,1109,347117,64,185,347099,347129,30,0.6,0.06666666666666667,4,1,0.5,0.8333333333333334,2,6,64,185
5322,313,1117,349621,64,186,349603,349637,34,0.5294117647058824,0.11764705882352941,4,1,0.5,0.25,2,8,64,186
5323,313,1123,351499,64,187,351497,351503,6,0.3333333333333333,0.3333333333333333,4,0,0.5,0.3333333333333333,2,6,64,187
5324,313,1129,353377,64,188,353359,353389,30,0.6,0.06666666666666667,4,1,0.5,0.5,2,6,64,188
5325,313,1151,360263,64,189,360257,360271,14,0.42857142857142855,0.42857142857142855,4,0,0.5,0.18181818181818182,2,22,64,189
5326,313,1153,360889,64,190,360869,360901,32,0.625,0.15625,4,1,0.5,0.5,2,2,64,190
5327,313,1163,364019,64,191,363989,364027,38,0.7894736842105263,0.05263157894736842,4,1,0.5,0.1,2,10,64,191
5328,313,1171,366523,64,192,366521,366547,26,0.07692307692307693,0.07692307692307693,4,0,0.5,0.25,2,8,64,192
5329,313,1181,369653,64,193,369647,369659,12,0.5,0.16666666666666666,4,1,0.5,0.3,2,10,64,193
5330,313,1187,371531,64,194,371513,371549,36,0.5,0.2222222222222222,4,1,0.5,0.8333333333333334,2,6,64,194
5331,313,1193,373409,64,195,373393,373447,54,0.2962962962962963,0.07407407407407407,4,1,0.5,0.3333333333333333,2,6,64,195
5332,313,1201,375913,64,196,375901,375923,22,0.5454545454545454,0.045454545454545456,4,1,0.5,0.25,2,8,64,196
5333,313,1213,379669,64,197,379667,379679,12,0.16666666666666666,0.16666666666666666,4,0,0.5,0.08333333333333333,2,12,64,197
5334,313,1217,380921,64,198,380917,380929,12,0.3333333333333333,0.3333333333333333,4,0,0.5,0.25,2,4,64,198
5335,313,1223,382799,64,199,382777,382801,24,0.9166666666666666,0.25,4,1,0.5,0.3333333333333333,2,6,64,199
5336,313,1229,384677,64,200,384673,384691,18,0.2222222222222222,0.2222222222222222,4,0,0.5,0.5,2,6,64,200
5337,313,1231,385303,64,201,385291,385321,30,0.4,0.06666666666666667,4,1,0.5,0.5,2,2,64,201
5338,313,1237,387181,64,202,387173,387187,14,0.5714285714285714,0.5714285714285714,4,0,0.5,0.5,2,6,64,202
5339,313,1249,390937,64,203,390893,390953,60,0.7333333333333333,0.03333333333333333,4,1,0.5,0.08333333333333333,2,12,64,203
5340,313,1259,394067,64,204,394063,394073,10,0.4,0.3,4,1,0.5,0.4,2,10,64,204
5341,313,1277,399701,64,205,399691,399719,28,0.35714285714285715,0.14285714285714285,4,1,0.5,0.1111111111111111,2,18,64,205
5342,313,1279,400327,64,206,400321,400331,10,0.6,0.6,4,0,0.5,0.5,2,2,64,206
5343,313,1283,401579,64,207,401567,401587,20,0.6,0.1,4,1,0.5,0.75,2,4,64,207
5344,313,1289,403457,64,208,403439,403483,44,0.4090909090909091,0.045454545454545456,4,1,0.5,0.3333333333333333,2,6,64,208
5345,313,1291,404083,64,209,404081,404099,18,0.1111111111111111,0.1111111111111111,4,0,0.5,0.5,2,2,64,209
5346,313,1297,405961,64,210,405959,405967,8,0.25,0.25,4,0,0.5,0.3333333333333333,2,6,64,210
5347,313,1301,407213,64,211,407207,407219,12,0.5,0.16666666666666666,4,1,0.5,0.5,2,4,64,211
5348,313,1303,407839,64,212,407833,407843,10,0.6,0.4,4,1,0.5,0.5,2,2,64,212
5349,313,1307,409091,64,213,409081,409099,18,0.5555555555555556,0.1111111111111111,4,1,0.5,0.75,2,4,64,213
5350,313,1319,412847,64,214,412831,412849,18,0.8888888888888888,0.2222222222222222,4,1,0.5,0.5,2,12,64,214
5351,313,1321,413473,64,215,413461,413477,16,0.75,0.375,4,1,0.5,0.5,2,2,64,215
5352,313,1327,415351,64,216,415343,415379,36,0.2222222222222222,0.08333333333333333,4,1,0.5,0.16666666666666666,2,6,64,216
5353,313,1361,425993,64,217,425989,426007,18,0.2222222222222222,0.2222222222222222,4,0,0.5,0.058823529411764705,2,34,64,217
5354,313,1367,427871,64,218,427859,427877,18,0.6666666666666666,0.6666666666666666,4,0,0.5,0.3333333333333333,2,6,64,218
5355,313,1373,429749,64,219,429733,429773,40,0.4,0.025,4,1,0.5,0.3333333333333333,2,6,64,219
5356,313,1381,432253,64,220,432251,432277,26,0.07692307692307693,0.07692307692307693,4,0,0.5,0.75,2,8,64,220
5357,313,1399,437887,64,221,437881,437909,28,0.21428571428571427,0.03571428571428571,4,1,0.5,0.05555555555555555,2,18,64,221
5358,313,1409,441017,64,222,441011,441029,18,0.3333333333333333,0.3333333333333333,4,0,0.5,0.2,2,10,64,222
5359,313,1423,445399,64,223,445363,445427,64,0.5625,0.0625,4,1,0.5,0.14285714285714285,2,14,64,223
5360,313,1427,446651,64,224,446647,446657,10,0.4,0.4,4,0,0.5,0.75,2,4,64,224
5361,313,1429,447277,64,225,447263,447311,48,0.2916666666666667,0.0625,4,1,0.5,0.5,2,2,64,225
5362,313,1433,448529,64,226,448519,448531,12,0.8333333333333334,0.25,4,1,0.5,0.5,2,4,64,226
5363,313,1439,450407,64,227,450403,450413,10,0.4,0.4,4,0,0.5,0.6666666666666666,2,6,64,227
5364,313,1447,452911,64,228,452873,452923,50,0.76,0.08,4,1,0.5,0.25,2,8,64,228
5365,313,1451,454163,64,229,454159,454183,24,0.16666666666666666,0.125,4,1,0.5,0.25,2,4,64,229
5366,313,1453,454789,64,230,454777,454799,22,0.5454545454545454,0.18181818181818182,4,1,0.5,0.5,2,2,64,230
5367,313,1459,456667,64,231,456653,456679,26,0.5384615384615384,0.07692307692307693,4,1,0.5,0.16666666666666666,2,6,64,231
5368,313,1471,460423,64,232,460417,460451,34,0.17647058823529413,0.17647058823529413,4,0,0.5,0.16666666666666666,2,12,64,232
5369,313,1481,463553,64,233,463549,463579,30,0.13333333333333333,0.13333333333333333,4,0,0.5,0.2,2,10,64,233
5370,313,1483,464179,64,234,464173,464197,24,0.25,0.25,4,0,0.5,0.5,2,2,64,234
5371,313,1487,465431,64,235,465419,465433,14,0.8571428571428571,0.21428571428571427,4,1,0.5,0.75,2,4,64,235
5372,313,1489,466057,64,236,466043,466061,18,0.7777777777777778,0.7777777777777778,4,0,0.5,0.5,2,2,64,236
5373,313,1493,467309,64,237,467297,467317,20,0.6,0.3,4,1,0.5,0.75,2,4,64,237
5374,313,1499,469187,64,238,469169,469193,24,0.75,0.08333333333333333,4,1,0.5,0.6666666666666666,2,6,64,238
5375,313,1511,472943,64,239,472939,472963,24,0.16666666666666666,0.125,4,1,0.5,0.16666666666666666,2,12,64,239
5376,313,1523,476699,64,240,476683,476701,18,0.8888888888888888,0.2222222222222222,4,1,0.5,0.16666666666666666,2,12,64,240
5377,313,1531,479203,64,241,479201,479209,8,0.25,0.25,4,0,0.5,0.5,2,8,64,241
5378,313,1543,482959,64,242,482957,482971,14,0.14285714285714285,0.14285714285714285,4,0,0.5,0.3333333333333333,2,12,64,242
5379,313,1549,484837,64,243,484829,484853,24,0.3333333333333333,0.08333333333333333,4,1,0.5,0.5,2,6,64,243
5380,313,1553,486089,64,244,486071,486091,20,0.9,0.1,4,1,0.5,0.5,2,4,64,244
5381,313,1559,487967,64,245,487943,487973,30,0.8,0.1,4,1,0.5,0.3333333333333333,2,6,64,245
5382,313,1567,490471,64,246,490463,490481,18,0.4444444444444444,0.3333333333333333,4,1,0.5,0.25,2,8,64,246
5383,313,1571,491723,64,247,491719,491731,12,0.3333333333333333,0.3333333333333333,4,0,0.5,0.5,2,4,64,247
5384,313,1579,494227,64,248,494213,494237,24,0.5833333333333334,0.5833333333333334,4,0,0.5,0.375,2,8,64,248
5385,313,1583,495479,64,249,495461,495491,30,0.6,0.26666666666666666,4,1,0.5,0.5,2,4,64,249
5386,313,1597,499861,64,250,499853,499879,26,0.3076923076923077,0.07692307692307693,4,1,0.5,0.14285714285714285,2,14,64,250
5387,313,1601,501113,64,251,501103,501121,18,0.5555555555555556,0.2222222222222222,4,1,0.5,0.25,2,4,64,251
5388,313,1607,502991,64,252,502973,503003,30,0.6,0.2,4,1,0.5,0.3333333333333333,2,6,64,252
5389,313,1609,503617,64,253,503611,503621,10,0.6,0.6,4,0,0.5,0.5,2,2,64,253
5390,313,1613,504869,64,254,504857,504871,14,0.8571428571428571,0.14285714285714285,4,1,0.5,0.5,2,4,64,254
5391,313,1619,506747,64,255,506743,506773,30,0.13333333333333333,0.13333333333333333,4,0,0.5,0.8333333333333334,2,6,64,255
5392,313,1621,507373,64,256,507371,507383,12,0.16666666666666666,0.16666666666666666,4,0,0.5,0.5,2,2,64,256
5393,313,1627,509251,64,257,509239,509263,24,0.5,0.2916666666666667,4,1,0.5,0.16666666666666666,2,6,64,257
5394,313,1637,512381,64,258,512353,512389,36,0.7777777777777778,0.1111111111111111,4,1,0.5,0.4,2,10,64,258
5395,313,1657,518641,64,259,518621,518657,36,0.5555555555555556,0.16666666666666666,4,1,0.5,0.1,2,20,64,259
5396,313,1663,520519,64,260,520451,520529,78,0.8717948717948718,0.02564102564102564,4,1,0.5,0.16666666666666666,2,6,64,260
5397,313,1667,521771,64,261,521767,521777,10,0.4,0.2,4,1,0.5,0.5,2,4,64,261
5398,313,1669,522397,64,262,522391,522409,18,0.3333333333333333,0.2222222222222222,4,1,0.5,0.5,2,2,64,262
5399,313,1693,529909,64,263,529871,529927,56,0.6785714285714286,0.10714285714285714,4,1,0.5,0.5,2,24,64,263
5400,313,1697,531161,64,264,531143,531163,20,0.9,0.3,4,1,0.5,0.5,2,4,64,264
5401,313,1699,531787,64,265,531731,531793,62,0.9032258064516129,0.03225806451612903,4,1,0.5,0.5,2,2,64,265
5402,313,1709,534917,64,266,534913,534923,10,0.4,0.4,4,0,0.5,0.4,2,10,64,266
5403,313,1721,538673,64,267,538651,538697,46,0.4782608695652174,0.06521739130434782,4,1,0.5,0.16666666666666666,2,12,64,267
5404,313,1723,539299,64,268,539293,539303,10,0.6,0.6,4,0,0.5,0.5,2,2,64,268
5405,313,1733,542429,64,269,542401,542441,40,0.7,0.15,4,1,0.5,0.3,2,10,64,269
5406,313,1741,544933,64,270,544927,544937,10,0.6,0.4,4,1,0.5,0.25,2,8,64,270
5407,313,1747,546811,64,271,546781,546841,60,0.5,0.03333333333333333,4,1,0.5,0.6666666666666666,2,6,64,271
5408,313,1753,548689,64,272,548687,548693,6,0.3333333333333333,0.3333333333333333,4,0,0.5,0.6666666666666666,2,6,64,272
5409,313,1759,550567,64,273,550553,550577,24,0.5833333333333334,0.25,4,1,0.5,0.16666666666666666,2,6,64,273
5410,313,1777,556201,64,274,556181,556211,30,0.6666666666666666,0.06666666666666667,4,1,0.5,0.1111111111111111,2,18,64,274
5411,313,1783,558079,64,275,558067,558083,16,0.75,0.125,4,1,0.5,0.3333333333333333,2,6,64,275
5412,313,1787,559331,64,276,559319,559343,24,0.5,0.08333333333333333,4,1,0.5,0.25,2,4,64,276
5413,313,1789,559957,64,277,559939,559967,28,0.6428571428571429,0.07142857142857142,4,1,0.5,0.5,2,2,64,277
5414,313,1801,563713,64,278,563663,563723,60,0.8333333333333334,0.05,4,1,0.5,0.3333333333333333,2,12,64,278
5415,313,1811,566843,64,279,566833,566851,18,0.5555555555555556,0.2222222222222222,4,1,0.5,0.2,2,10,64,279
5416,313,1823,570599,64,280,570587,570601,14,0.8571428571428571,0.42857142857142855,4,1,0.5,0.25,2,12,64,280
5417,313,1831,573103,64,281,573101,573107,6,0.3333333333333333,0.3333333333333333,4,0,0.5,0.75,2,8,64,281
5418,313,1847,578111,64,282,578093,578117,24,0.75,0.20833333333333334,4,1,0.5,0.25,2,16,64,282
5419,313,1861,582493,64,283,582469,582499,30,0.8,0.13333333333333333,4,1,0.5,0.14285714285714285,2,14,64,283
5420,313,1867,584371,64,284,584359,584377,18,0.6666666666666666,0.16666666666666666,4,1,0.5,0.6666666666666666,2,6,64,284
5421,313,1871,585623,64,285,585619,585643,24,0.16666666666666666,0.16666666666666666,4,0,0.5,0.25,2,4,64,285
5422,313,1873,586249,64,286,586237,586273,36,0.3333333333333333,0.05555555555555555,4,1,0.5,0.5,2,2,64,286
5423,313,1877,587501,64,287,587497,587513,16,0.25,0.0625,4,1,0.5,0.25,2,4,64,287
5424,313,1879,588127,64,288,588121,588131,10,0.6,0.6,4,0,0.5,0.5,2,2,64,288
5425,313,1889,591257,64,289,591233,591259,26,0.9230769230769231,0.07692307692307693,4,1,0.5,0.3,2,10,64,289
5426,313,1901,595013,64,290,595003,595037,34,0.29411764705882354,0.08823529411764706,4,1,0.5,0.16666666666666666,2,12,64,290
5427,313,1907,596891,64,291,596879,596899,20,0.6,0.1,4,1,0.5,0.3333333333333333,2,6,64,291
5428,313,1913,598769,64,292,598729,598777,48,0.8333333333333334,0.08333333333333333,4,1,0.5,0.3333333333333333,2,6,64,292
5429,313,1931,604403,64,293,604397,604411,14,0.42857142857142855,0.14285714285714285,4,1,0.5,0.1111111111111111,2,18,64,293
5430,313,1933,605029,64,294,605023,605039,16,0.375,0.1875,4,1,0.5,0.5,2,2,64,294
5431,313,1949,610037,64,295,610031,610063,32,0.1875,0.09375,4,1,0.5,0.0625,2,16,64,295
5432,313,1951,610663,64,296,610661,610667,6,0.3333333333333333,0.3333333333333333,4,0,0.5,0.5,2,2,64,296
5433,313,1973,617549,64,297,617537,617579,42,0.2857142857142857,0.09523809523809523,4,1,0.5,0.13636363636363635,2,22,64,297
5434,313,1979,619427,64,298,619397,619471,74,0.40540540540540543,0.05405405405405406,4,1,0.5,0.6666666666666666,2,6,64,298
5435,313,1987,621931,64,299,621923,621937,14,0.5714285714285714,0.5714285714285714,4,0,0.5,0.25,2,8,64,299
5436,313,1993,623809,64,300,623803,623839,36,0.16666666666666666,0.16666666666666666,4,0,0.5,0.6666666666666666,2,6,64,300
5437,313,1997,625061,64,301,625057,625063,6,0.6666666666666666,0.6666666666666666,4,0,0.5,0.25,2,4,64,301
5438,313,1999,625687,64,302,625663,625697,34,0.7058823529411765,0.11764705882352941,4,1,0.5,0.5,2,2,64,302
5439,313,2003,626939,64,303,626929,626947,18,0.5555555555555556,0.2222222222222222,4,1,0.5,0.5,2,4,64,303
5440,317,1009,319853,65,168,319849,319883,34,0.11764705882352941,0.11764705882352941,4,0,0.25,0.08333333333333333,4,12,65,168
5441,317,1013,321121,65,169,321109,321143,34,0.35294117647058826,0.17647058823529413,4,1,0.25,0.5,4,4,65,169
5442,317,1019,323023,65,170,323009,323027,18,0.7777777777777778,0.1111111111111111,4,1,0.25,0.8333333333333334,4,6,65,170
5443,317,1021,323657,65,171,323651,323699,48,0.125,0.041666666666666664,4,1,0.25,0.5,4,2,65,171
5444,317,1031,326827,65,172,326779,326831,52,0.9230769230769231,0.07692307692307693,4,1,0.25,0.6,4,10,65,172
5445,317,1033,327461,65,173,327443,327463,20,0.9,0.3,4,1,0.25,0.5,4,2,65,173
5446,317,1039,329363,65,174,329347,329387,40,0.4,0.175,4,1,0.25,0.6666666666666666,4,6,65,174
5447,317,1049,332533,65,175,332513,332561,48,0.4166666666666667,0.10416666666666667,4,1,0.25,0.2,4,10,65,175
5448,317,1051,333167,65,176,333161,333187,26,0.23076923076923078,0.07692307692307693,4,1,0.25,0.5,4,2,65,176
5449,317,1061,336337,65,177,336317,336353,36,0.5555555555555556,0.3888888888888889,4,1,0.25,0.4,4,10,65,177
5450,317,1063,336971,65,178,336961,336977,16,0.625,0.0625,4,1,0.25,0.5,4,2,65,178
5451,317,1069,338873,65,179,338867,338893,26,0.23076923076923078,0.07692307692307693,4,1,0.25,0.6666666666666666,4,6,65,179
5452,317,1087,344579,65,180,344567,344587,20,0.6,0.1,3,1,0.25,0.2222222222222222,4,18,65,180
5453,317,1091,345847,65,181,345823,345853,30,0.8,0.13333333333333333,4,1,0.25,0.75,4,4,65,181
5454,317,1093,346481,65,182,346469,346501,32,0.375,0.0625,4,1,0.25,0.5,4,2,65,182
5455,317,1097,347749,65,183,347747,347759,12,0.16666666666666666,0.16666666666666666,4,0,0.25,0.25,4,4,65,183
5456,317,1103,349651,65,184,349637,349663,26,0.5384615384615384,0.19230769230769232,4,1,0.25,0.3333333333333333,4,6,65,184
5457,317,1109,351553,65,185,351551,351563,12,0.16666666666666666,0.16666666666666666,4,0,0.25,0.8333333333333334,4,6,65,185
5458,317,1117,354089,65,186,354073,354091,18,0.8888888888888888,0.2222222222222222,4,1,0.25,0.25,4,8,65,186
5459,317,1123,355991,65,187,355969,356023,54,0.4074074074074074,0.07407407407407407,4,1,0.25,0.3333333333333333,4,6,65,187
5460,317,1129,357893,65,188,357883,357913,30,0.3333333333333333,0.13333333333333333,4,1,0.25,0.5,4,6,65,188
5461,317,1151,364867,65,189,364853,364873,20,0.7,0.45,4,1,0.25,0.18181818181818182,4,22,65,189
5462,317,1153,365501,65,190,365489,365507,18,0.6666666666666666,0.2777777777777778,4,1,0.25,0.5,4,2,65,190
5463,317,1163,368671,65,191,368653,368689,36,0.5,0.1111111111111111,4,1,0.25,0.1,4,10,65,191
5464,317,1171,371207,65,192,371191,371213,22,0.7272727272727273,0.09090909090909091,4,1,0.25,0.25,4,8,65,192
5465,317,1181,374377,65,193,374359,374389,30,0.6,0.1,4,1,0.25,0.3,4,10,65,193
5466,317,1187,376279,65,194,376241,376283,42,0.9047619047619048,0.19047619047619047,4,1,0.25,0.8333333333333334,4,6,65,194
5467,317,1193,378181,65,195,378179,378193,14,0.14285714285714285,0.14285714285714285,4,0,0.25,0.3333333333333333,4,6,65,195
5468,317,1201,380717,65,196,380713,380729,16,0.25,0.0625,4,1,0.25,0.25,4,8,65,196
5469,317,1213,384521,65,197,384509,384533,24,0.5,0.08333333333333333,4,1,0.25,0.08333333333333333,4,12,65,197
5470,317,1217,385789,65,198,385783,385793,10,0.6,0.6,4,0,0.25,0.25,4,4,65,198
5471,317,1223,387691,65,199,387683,387707,24,0.3333333333333333,0.16666666666666666,4,1,0.25,0.3333333333333333,4,6,65,199
5472,317,1229,389593,65,200,389591,389621,30,0.06666666666666667,0.06666666666666667,4,0,0.25,0.5,4,6,65,200
5473,317,1231,390227,65,201,390223,390263,40,0.1,0.1,4,0,0.25,0.5,4,2,65,201
5474,317,1237,392129,65,202,392113,392131,18,0.8888888888888888,0.5555555555555556,4,1,0.25,0.5,4,6,65,202
5475,317,1249,395933,65,203,395921,395953,32,0.375,0.0625,4,1,0.25,0.08333333333333333,4,12,65,203
5476,317,1259,399103,65,204,399101,399107,6,0.3333333333333333,0.3333333333333333,4,0,0.25,0.4,4,10,65,204
5477,317,1277,404809,65,205,404783,404819,36,0.7222222222222222,0.08333333333333333,4,1,0.25,0.1111111111111111,4,18,65,205
5478,317,1279,405443,65,206,405439,405473,34,0.11764705882352941,0.11764705882352941,4,0,0.25,0.5,4,2,65,206
5479,317,1283,406711,65,207,406699,406717,18,0.6666666666666666,0.16666666666666666,4,1,0.25,0.75,4,4,65,207
5480,317,1289,408613,65,208,408607,408623,16,0.375,0.375,4,0,0.25,0.3333333333333333,4,6,65,208
5481,317,1291,409247,65,209,409237,409259,22,0.45454545454545453,0.2727272727272727,4,1,0.25,0.5,4,2,65,209
5482,317,1297,411149,65,210,411143,411157,14,0.42857142857142855,0.42857142857142855,4,0,0.25,0.3333333333333333,4,6,65,210
5483,317,1301,412417,65,211,412411,412457,46,0.13043478260869565,0.08695652173913043,4,1,0.25,0.5,4,4,65,211
5484,317,1303,413051,65,212,413033,413053,20,0.9,0.25,4,1,0.25,0.5,4,2,65,212
5485,317,1307,414319,65,213,414313,414329,16,0.375,0.25,4,1,0.25,0.75,4,4,65,213
5486,317,1319,418123,65,214,418109,418129,20,0.7,0.1,4,1,0.25,0.5,4,12,65,214
5487,317,1321,418757,65,215,418751,418763,12,0.5,0.16666666666666666,4,1,0.25,0.5,4,2,65,215
5488,317,1327,420659,65,216,420613,420671,58,0.7931034482758621,0.06896551724137931,4,1,0.25,0.16666666666666666,4,6,65,216
5489,317,1361,431437,65,217,431429,431441,12,0.6666666666666666,0.5,4,1,0.25,0.058823529411764705,4,34,65,217
5490,317,1367,433339,65,218,433337,433351,14,0.14285714285714285,0.14285714285714285,4,0,0.25,0.3333333333333333,4,6,65,218
5491,317,1373,435241,65,219,435223,435247,24,0.75,0.16666666666666666,4,1,0.25,0.3333333333333333,4,6,65,219
5492,317,1381,437777,65,220,437771,437809,38,0.15789473684210525,0.05263157894736842,4,1,0.25,0.75,4,8,65,220
5493,317,1399,443483,65,221,443467,443489,22,0.7272727272727273,0.18181818181818182,4,1,0.25,0.05555555555555555,4,18,65,221
5494,317,1409,446653,65,222,446647,446657,10,0.6,0.4,4,1,0.25,0.2,4,10,65,222
5495,317,1423,451091,65,223,451069,451093,24,0.9166666666666666,0.16666666666666666,4,1,0.25,0.14285714285714285,4,14,65,223
5496,317,1427,452359,65,224,452329,452363,34,0.8823529411764706,0.23529411764705882,4,1,0.25,0.75,4,4,65,224
5497,317,1429,452993,65,225,452989,453023,34,0.11764705882352941,0.11764705882352941,4,0,0.25,0.5,4,2,65,225
5498,317,1433,454261,65,226,454253,454277,24,0.3333333333333333,0.3333333333333333,4,0,0.25,0.5,4,4,65,226
5499,317,1439,456163,65,227,456151,456167,16,0.75,0.1875,4,1,0.25,0.6666666666666666,4,6,65,227
5500,317,1447,458699,65,228,458683,458701,18,0.8888888888888888,0.16666666666666666,4,1,0.25,0.25,4,8,65,228
5501,317,1451,459967,65,229,459961,460013,52,0.11538461538461539,0.019230769230769232,4,1,0.25,0.25,4,4,65,229
5502,317,1453,460601,65,230,460589,460609,20,0.6,0.1,4,1,0.25,0.5,4,2,65,230
5503,317,1459,462503,65,231,462499,462529,30,0.13333333333333333,0.13333333333333333,4,0,0.25,0.16666666666666666,4,6,65,231
5504,317,1471,466307,65,232,466303,466321,18,0.2222222222222222,0.2222222222222222,4,0,0.25,0.16666666666666666,4,12,65,232
5505,317,1481,469477,65,233,469457,469487,30,0.6666666666666666,0.06666666666666667,4,1,0.25,0.2,4,10,65,233
5506,317,1483,470111,65,234,470089,470131,42,0.5238095238095238,0.09523809523809523,4,1,0.25,0.5,4,2,65,234
5507,317,1487,471379,65,235,471353,471389,36,0.7222222222222222,0.1388888888888889,4,1,0.25,0.75,4,4,65,235
5508,317,1489,472013,65,236,471997,472019,22,0.7272727272727273,0.18181818181818182,4,1,0.25,0.5,4,2,65,236
5509,317,1493,473281,65,237,473279,473287,8,0.25,0.25,4,0,0.25,0.75,4,4,65,237
5510,317,1499,475183,65,238,475169,475207,38,0.3684210526315789,0.21052631578947367,4,1,0.25,0.6666666666666666,4,6,65,238
5511,317,1511,478987,65,239,478967,478991,24,0.8333333333333334,0.08333333333333333,4,1,0.25,0.16666666666666666,4,12,65,239
5512,317,1523,482791,65,240,482789,482803,14,0.14285714285714285,0.14285714285714285,4,0,0.25,0.16666666666666666,4,12,65,240
5513,317,1531,485327,65,241,485311,485347,36,0.4444444444444444,0.05555555555555555,4,1,0.25,0.5,4,8,65,241
5514,317,1543,489131,65,242,489127,489133,6,0.6666666666666666,0.6666666666666666,4,0,0.25,0.3333333333333333,4,12,65,242
5515,317,1549,491033,65,243,491003,491039,36,0.8333333333333334,0.4444444444444444,4,1,0.25,0.5,4,6,65,243
5516,317,1553,492301,65,244,492299,492319,20,0.1,0.1,4,0,0.25,0.5,4,4,65,244
5517,317,1559,494203,65,245,494191,494213,22,0.5454545454545454,0.2727272727272727,4,1,0.25,0.3333333333333333,4,6,65,245
5518,317,1567,496739,65,246,496733,496747,14,0.42857142857142855,0.14285714285714285,4,1,0.25,0.25,4,8,65,246
5519,317,1571,498007,65,247,497999,498013,14,0.5714285714285714,0.14285714285714285,4,1,0.25,0.5,4,4,65,247
5520,317,1579,500543,65,248,500527,500567,40,0.4,0.05,4,1,0.25,0.375,4,8,65,248
5521,317,1583,501811,65,249,501803,501817,14,0.5714285714285714,0.14285714285714285,4,1,0.25,0.5,4,4,65,249
5522,317,1597,506249,65,250,506213,506251,38,0.9473684210526315,0.13157894736842105,4,1,0.25,0.14285714285714285,4,14,65,250
5523,317,1601,507517,65,251,507503,507523,20,0.7,0.1,4,1,0.25,0.25,4,4,65,251
5524,317,1607,509419,65,252,509417,509429,12,0.16666666666666666,0.16666666666666666,4,0,0.25,0.3333333333333333,4,6,65,252
5525,317,1609,510053,65,253,510049,510061,12,0.3333333333333333,0.3333333333333333,4,0,0.25,0.5,4,2,65,253
5526,317,1613,511321,65,254,511297,511327,30,0.8,0.03333333333333333,4,1,0.25,0.5,4,4,65,254
5527,317,1619,513223,65,255,513203,513239,36,0.5555555555555556,0.08333333333333333,4,1,0.25,0.8333333333333334,4,6,65,255
5528,317,1621,513857,65,256,513841,513871,30,0.5333333333333333,0.13333333333333333,4,1,0.25,0.5,4,2,65,256
5529,317,1627,515759,65,257,515741,515761,20,0.9,0.5,4,1,0.25,0.16666666666666666,4,6,65,257
5530,317,1637,518929,65,258,518911,518933,22,0.8181818181818182,0.2727272727272727,4,1,0.25,0.4,4,10,65,258
5531,317,1657,525269,65,259,525257,525299,42,0.2857142857142857,0.047619047619047616,4,1,0.25,0.1,4,20,65,259
5532,317,1663,527171,65,260,527161,527173,12,0.8333333333333334,0.5,4,1,0.25,0.16666666666666666,4,6,65,260
5533,317,1667,528439,65,261,528433,528469,36,0.16666666666666666,0.16666666666666666,4,0,0.25,0.5,4,4,65,261
5534,317,1669,529073,65,262,529051,529097,46,0.4782608695652174,0.06521739130434782,4,1,0.25,0.5,4,2,65,262
5535,317,1693,536681,65,263,536677,536687,10,0.4,0.4,4,0,0.25,0.5,4,24,65,263
5536,317,1697,537949,65,264,537941,537991,50,0.16,0.1,4,1,0.25,0.5,4,4,65,264
5537,317,1699,538583,65,265,538579,538589,10,0.4,0.2,4,1,0.25,0.5,4,2,65,265
5538,317,1709,541753,65,266,541727,541759,32,0.8125,0.0625,4,1,0.25,0.4,4,10,65,266
5539,317,1721,545557,65,267,545551,545579,28,0.21428571428571427,0.10714285714285714,4,1,0.25,0.16666666666666666,4,12,65,267
5540,317,1723,546191,65,268,546179,546197,18,0.6666666666666666,0.1111111111111111,4,1,0.25,0.5,4,2,65,268
5541,317,1733,549361,65,269,549331,549379,48,0.625,0.0625,4,1,0.25,0.3,4,10,65,269
5542,317,1741,551897,65,270,551861,551909,48,0.75,0.041666666666666664,4,1,0.25,0.25,4,8,65,270
5543,317,1747,553799,65,271,553789,553811,22,0.45454545454545453,0.18181818181818182,4,1,0.25,0.6666666666666666,4,6,65,271
5544,317,1753,555701,65,272,555697,555707,10,0.4,0.2,4,1,0.25,0.6666666666666666,4,6,65,272
5545,317,1759,557603,65,273,557591,557611,20,0.6,0.1,4,1,0.25,0.16666666666666666,4,6,65,273
5546,317,1777,563309,65,274,563287,563327,40,0.55,0.05,4,1,0.25,0.1111111111111111,4,18,65,274
5547,317,1783,565211,65,275,565207,565237,30,0.13333333333333333,0.13333333333333333,4,0,0.25,0.3333333333333333,4,6,65,275
5548,317,1787,566479,65,276,566453,566521,68,0.38235294117647056,0.08823529411764706,4,1,0.25,0.25,4,4,65,276
5549,317,1789,567113,65,277,567107,567121,14,0.42857142857142855,0.14285714285714285,4,1,0.25,0.5,4,2,65,277
5550,317,1801,570917,65,278,570901,570919,18,0.8888888888888888,0.05555555555555555,4,1,0.25,0.3333333333333333,4,12,65,278
5551,317,1811,574087,65,279,574081,574099,18,0.3333333333333333,0.3333333333333333,4,0,0.25,0.2,4,10,65,279
5552,317,1823,577891,65,280,577879,577897,18,0.6666666666666666,0.2222222222222222,4,1,0.25,0.25,4,12,65,280
5553,317,1831,580427,65,281,580417,580471,54,0.18518518518518517,0.018518518518518517,4,1,0.25,0.75,4,8,65,281
5554,317,1847,585499,65,282,585493,585503,10,0.6,0.6,4,0,0.25,0.25,4,16,65,282
5555,317,1861,589937,65,283,589933,589993,60,0.06666666666666667,0.06666666666666667,4,0,0.25,0.14285714285714285,4,14,65,283
5556,317,1867,591839,65,284,591827,591841,14,0.8571428571428571,0.7142857142857143,4,1,0.25,0.6666666666666666,4,6,65,284
5557,317,1871,593107,65,285,593083,593111,28,0.8571428571428571,0.14285714285714285,4,1,0.25,0.25,4,4,65,285
5558,317,1873,593741,65,286,593711,593767,56,0.5357142857142857,0.03571428571428571,4,1,0.25,0.5,4,2,65,286
5559,317,1877,595009,65,287,595003,595037,34,0.17647058823529413,0.08823529411764706,4,1,0.25,0.25,4,4,65,287
5560,317,1879,595643,65,288,595627,595687,60,0.26666666666666666,0.1,4,1,0.25,0.5,4,2,65,288
5561,317,1889,598813,65,289,598799,598817,18,0.7777777777777778,0.16666666666666666,4,1,0.25,0.3,4,10,65,289
5562,317,1901,602617,65,290,602603,602621,18,0.7777777777777778,0.16666666666666666,4,1,0.25,0.16666666666666666,4,12,65,290
5563,317,1907,604519,65,291,604517,604529,12,0.16666666666666666,0.16666666666666666,4,0,0.25,0.3333333333333333,4,6,65,291
5564,317,1913,606421,65,292,606413,606433,20,0.4,0.1,4,1,0.25,0.3333333333333333,4,6,65,292
5565,317,1931,612127,65,293,612113,612133,20,0.7,0.3,4,1,0.25,0.1111111111111111,4,18,65,293
5566,317,1933,612761,65,294,612751,612763,12,0.8333333333333334,0.16666666666666666,4,1,0.25,0.5,4,2,65,294
5567,317,1949,617833,65,295,617819,617843,24,0.5833333333333334,0.08333333333333333,4,1,0.25,0.0625,4,16,65,295
5568,317,1951,618467,65,296,618463,618509,46,0.08695652173913043,0.08695652173913043,4,0,0.25,0.5,4,2,65,296
5569,317,1973,625441,65,297,625409,625451,42,0.7619047619047619,0.047619047619047616,4,1,0.25,0.13636363636363635,4,22,65,297
5570,317,1979,627343,65,298,627329,627349,20,0.7,0.1,4,1,0.25,0.6666666666666666,4,6,65,298
5571,317,1987,629879,65,299,629873,629891,18,0.3333333333333333,0.2222222222222222,4,1,0.25,0.25,4,8,65,299
5572,317,1993,631781,65,300,631753,631789,36,0.7777777777777778,0.16666666666666666,4,1,0.25,0.6666666666666666,4,6,65,300
5573,317,1997,633049,65,301,633037,633053,16,0.75,0.375,4,1,0.25,0.25,4,4,65,301
5574,317,1999,633683,65,302,633667,633739,72,0.2222222222222222,0.05555555555555555,4,1,0.25,0.5,4,2,65,302
5575,317,2003,634951,65,303,634943,634969,26,0.3076923076923077,0.07692307692307693,4,1,0.25,0.5,4,4,65,303
5576,331,1009,333979,66,168,333973,333989,16,0.375,0.0625,4,1,0.14285714285714285,0.08333333333333333,14,12,66,168
5577,331,1013,335303,66,169,335299,335323,24,0.16666666666666666,0.08333333333333333,4,1,0.14285714285714285,0.5,14,4,66,169
5578,331,1019,337289,66,170,337283,337291,8,0.75,0.375,4,1,0.14285714285714285,0.8333333333333334,14,6,66,170
5579,331,1021,337951,66,171,337949,337957,8,0.25,0.25,4,0,0.14285714285714285,0.5,14,2,66,171
5580,331,1031,341261,66,172,341233,341269,36,0.7777777777777778,0.1111111111111111,4,1,0.14285714285714285,0.6,14,10,66,172
5581,331,1033,341923,66,173,341911,341927,16,0.75,0.1875,4,1,0.14285714285714285,0.5,14,2,66,173
5582,331,1039,343909,66,174,343901,343913,12,0.6666666666666666,0.5,4,1,0.14285714285714285,0.6666666666666666,14,6,66,174
5583,331,1049,347219,66,175,347209,347227,18,0.5555555555555556,0.2222222222222222,4,1,0.14285714285714285,0.2,14,10,66,175
5584,331,1051,347881,66,176,347873,347887,14,0.5714285714285714,0.42857142857142855,4,1,0.14285714285714285,0.5,14,2,66,176
5585,331,1061,351191,66,177,351179,351217,38,0.3157894736842105,0.05263157894736842,4,1,0.14285714285714285,0.4,14,10,66,177
5586,331,1063,351853,66,178,351851,351859,8,0.25,0.25,4,0,0.14285714285714285,0.5,14,2,66,178
5587,331,1069,353839,66,179,353833,353867,34,0.17647058823529413,0.17647058823529413,4,0,0.14285714285714285,0.6666666666666666,14,6,66,179
5588,331,1087,359797,66,180,359783,359837,54,0.25925925925925924,0.07407407407407407,4,1,0.14285714285714285,0.2222222222222222,14,18,66,180
5589,331,1091,361121,66,181,361111,361159,48,0.20833333333333334,0.041666666666666664,4,1,0.14285714285714285,0.75,14,4,66,181
5590,331,1093,361783,66,182,361769,361787,18,0.7777777777777778,0.1111111111111111,4,1,0.14285714285714285,0.5,14,2,66,182
5591,331,1097,363107,66,183,363067,363119,52,0.7692307692307693,0.11538461538461539,4,1,0.14285714285714285,0.25,14,4,66,183
5592,331,1103,365093,66,184,365089,365107,18,0.2222222222222222,0.1111111111111111,4,1,0.14285714285714285,0.3333333333333333,14,6,66,184
5593,331,1109,367079,66,185,367069,367097,28,0.35714285714285715,0.35714285714285715,4,0,0.14285714285714285,0.8333333333333334,14,6,66,185
5594,331,1117,369727,66,186,369709,369731,22,0.8181818181818182,0.18181818181818182,4,1,0.14285714285714285,0.25,14,8,66,186
5595,331,1123,371713,66,187,371699,371719,20,0.7,0.1,4,1,0.14285714285714285,0.3333333333333333,14,6,66,187
5596,331,1129,373699,66,188,373693,373717,24,0.25,0.16666666666666666,4,1,0.14285714285714285,0.5,14,6,66,188
5597,331,1151,380981,66,189,380977,380983,6,0.6666666666666666,0.6666666666666666,4,0,0.14285714285714285,0.18181818181818182,14,22,66,189
5598,331,1153,381643,66,190,381637,381659,22,0.2727272727272727,0.2727272727272727,4,0,0.14285714285714285,0.5,14,2,66,190
5599,331,1163,384953,66,191,384941,384961,20,0.6,0.1,4,1,0.14285714285714285,0.1,14,10,66,191
5600,331,1171,387601,66,192,387587,387613,26,0.5384615384615384,0.15384615384615385,4,1,0.14285714285714285,0.25,14,8,66,192
5601,331,1181,390911,66,193,390893,390953,60,0.3,0.03333333333333333,4,1,0.14285714285714285,0.3,14,10,66,193
5602,331,1187,392897,66,194,392893,392911,18,0.2222222222222222,0.2222222222222222,4,0,0.14285714285714285,0.8333333333333334,14,6,66,194
5603,331,1193,394883,66,195,394879,394897,18,0.2222222222222222,0.1111111111111111,4,1,0.14285714285714285,0.3333333333333333,14,6,66,195
5604,331,1201,397531,66,196,397519,397541,22,0.5454545454545454,0.13636363636363635,4,1,0.14285714285714285,0.25,14,8,66,196
5605,331,1213,401503,66,197,401477,401507,30,0.8666666666666667,0.2,4,1,0.14285714285714285,0.08333333333333333,14,12,66,197
5606,331,1217,402827,66,198,402823,402847,24,0.16666666666666666,0.125,4,1,0.14285714285714285,0.25,14,4,66,198
5607,331,1223,404813,66,199,404783,404819,36,0.8333333333333334,0.08333333333333333,4,1,0.14285714285714285,0.3333333333333333,14,6,66,199
5608,331,1229,406799,66,200,406789,406807,18,0.5555555555555556,0.2222222222222222,4,1,0.14285714285714285,0.5,14,6,66,200
5609,331,1231,407461,66,201,407437,407471,34,0.7058823529411765,0.11764705882352941,4,1,0.14285714285714285,0.5,14,2,66,201
5610,331,1237,409447,66,202,409441,409463,22,0.2727272727272727,0.09090909090909091,4,1,0.14285714285714285,0.5,14,6,66,202
5611,331,1249,413419,66,203,413417,413429,12,0.16666666666666666,0.16666666666666666,4,0,0.14285714285714285,0.08333333333333333,14,12,66,203
5612,331,1259,416729,66,204,416719,416761,42,0.23809523809523808,0.09523809523809523,4,1,0.14285714285714285,0.4,14,10,66,204
5613,331,1277,422687,66,205,422657,422689,32,0.9375,0.0625,4,1,0.14285714285714285,0.1111111111111111,14,18,66,205
5614,331,1279,423349,66,206,423347,423389,42,0.047619047619047616,0.047619047619047616,4,0,0.14285714285714285,0.5,14,2,66,206
5615,331,1283,424673,66,207,424667,424679,12,0.5,0.5,4,0,0.14285714285714285,0.75,14,4,66,207
5616,331,1289,426659,66,208,426641,426661,20,0.9,0.4,4,1,0.14285714285714285,0.3333333333333333,14,6,66,208
5617,331,1291,427321,66,209,427309,427327,18,0.6666666666666666,0.2222222222222222,4,1,0.14285714285714285,0.5,14,2,66,209
5618,331,1297,429307,66,210,429283,429329,46,0.5217391304347826,0.21739130434782608,4,1,0.14285714285714285,0.3333333333333333,14,6,66,210
5619,331,1301,430631,66,211,430603,430649,46,0.6086956521739131,0.08695652173913043,4,1,0.14285714285714285,0.5,14,4,66,211
5620,331,1303,431293,66,212,431287,431297,10,0.6,0.4,4,1,0.14285714285714285,0.5,14,2,66,212
5621,331,1307,432617,66,213,432613,432631,18,0.2222222222222222,0.2222222222222222,4,0,0.14285714285714285,0.75,14,4,66,213
5622,331,1319,436589,66,214,436571,436591,20,0.9,0.1,4,1,0.14285714285714285,0.5,14,12,66,214
5623,331,1321,437251,66,215,437243,437263,20,0.4,0.15,4,1,0.14285714285714285,0.5,14,2,66,215
5624,331,1327,439237,66,216,439217,439253,36,0.5555555555555556,0.05555555555555555,4,1,0.14285714285714285,0.16666666666666666,14,6,66,216
5625,331,1361,450491,66,217,450487,450493,6,0.6666666666666666,0.6666666666666666,4,0,0.14285714285714285,0.058823529411764705,14,34,66,217
5626,331,1367,452477,66,218,452453,452497,44,0.5454545454545454,0.18181818181818182,4,1,0.14285714285714285,0.3333333333333333,14,6,66,218
5627,331,1373,454463,66,219,454453,454483,30,0.3333333333333333,0.13333333333333333,4,1,0.14285714285714285,0.3333333333333333,14,6,66,219
5628,331,1381,457111,66,220,457099,457117,18,0.6666666666666666,0.2222222222222222,4,1,0.14285714285714285,0.75,14,8,66,220
5629,331,1399,463069,66,221,463033,463093,60,0.6,0.06666666666666667,4,1,0.14285714285714285,0.05555555555555555,14,18,66,221
5630,331,1409,466379,66,222,466373,466409,36,0.16666666666666666,0.16666666666666666,4,0,0.14285714285714285,0.2,14,10,66,222
5631,331,1423,471013,66,223,471007,471041,34,0.17647058823529413,0.11764705882352941,4,1,0.14285714285714285,0.14285714285714285,14,14,66,223
5632,331,1427,472337,66,224,472333,472349,16,0.25,0.0625,4,1,0.14285714285714285,0.75,14,4,66,224
5633,331,1429,472999,66,225,472993,473009,16,0.375,0.375,4,0,0.14285714285714285,0.5,14,2,66,225
5634,331,1433,474323,66,226,474319,474337,18,0.2222222222222222,0.16666666666666666,4,1,0.14285714285714285,0.5,14,4,66,226
5635,331,1439,476309,66,227,476299,476317,18,0.5555555555555556,0.16666666666666666,4,1,0.14285714285714285,0.6666666666666666,14,6,66,227
5636,331,1447,478957,66,228,478943,478963,20,0.7,0.1,4,1,0.14285714285714285,0.25,14,8,66,228
5637,331,1451,480281,66,229,480209,480287,78,0.9230769230769231,0.07692307692307693,4,1,0.14285714285714285,0.25,14,4,66,229
5638,331,1453,480943,66,230,480941,480959,18,0.1111111111111111,0.1111111111111111,4,0,0.14285714285714285,0.5,14,2,66,230
5639,331,1459,482929,66,231,482917,482941,24,0.5,0.16666666666666666,4,1,0.14285714285714285,0.16666666666666666,14,6,66,231
5640,331,1471,486901,66,232,486869,486907,38,0.8421052631578947,0.13157894736842105,4,1,0.14285714285714285,0.16666666666666666,14,12,66,232
5641,331,1481,490211,66,233,490207,490223,16,0.25,0.125,4,1,0.14285714285714285,0.2,14,10,66,233
5642,331,1483,490873,66,234,490859,490877,18,0.7777777777777778,0.1111111111111111,4,1,0.14285714285714285,0.5,14,2,66,234
5643,331,1487,492197,66,235,492113,492227,114,0.7368421052631579,0.03508771929824561,4,1,0.14285714285714285,0.75,14,4,66,235
5644,331,1489,492859,66,236,492853,492871,18,0.3333333333333333,0.2222222222222222,4,1,0.14285714285714285,0.5,14,2,66,236
5645,331,1493,494183,66,237,494167,494191,24,0.6666666666666666,0.2916666666666667,4,1,0.14285714285714285,0.75,14,4,66,237
5646,331,1499,496169,66,238,496163,496187,24,0.25,0.08333333333333333,4,1,0.14285714285714285,0.6666666666666666,14,6,66,238
5647,331,1511,500141,66,239,500119,500153,34,0.6470588235294118,0.35294117647058826,4,1,0.14285714285714285,0.16666666666666666,14,12,66,239
5648,331,1523,504113,66,240,504103,504121,18,0.5555555555555556,0.2222222222222222,4,1,0.14285714285714285,0.16666666666666666,14,12,66,240
5649,331,1531,506761,66,241,506743,506773,30,0.6,0.13333333333333333,4,1,0.14285714285714285,0.5,14,8,66,241
5650,331,1543,510733,66,242,510709,510751,42,0.5714285714285714,0.09523809523809523,4,1,0.14285714285714285,0.3333333333333333,14,12,66,242
5651,331,1549,512719,66,243,512717,512741,24,0.08333333333333333,0.08333333333333333,4,0,0.14285714285714285,0.5,14,6,66,243
5652,331,1553,514043,66,244,514021,514049,28,0.7857142857142857,0.07142857142857142,4,1,0.14285714285714285,0.5,14,4,66,244
5653,331,1559,516029,66,245,516023,516049,26,0.23076923076923078,0.15384615384615385,4,1,0.14285714285714285,0.3333333333333333,14,6,66,245
5654,331,1567,518677,66,246,518657,518689,32,0.625,0.0625,4,1,0.14285714285714285,0.25,14,8,66,246
5655,331,1571,520001,66,247,519997,520019,22,0.18181818181818182,0.18181818181818182,4,0,0.14285714285714285,0.5,14,4,66,247
5656,331,1579,522649,66,248,522637,522659,22,0.5454545454545454,0.2727272727272727,4,1,0.14285714285714285,0.375,14,8,66,248
5657,331,1583,523973,66,249,523969,523987,18,0.2222222222222222,0.2222222222222222,4,0,0.14285714285714285,0.5,14,4,66,249
5658,331,1597,528607,66,250,528559,528611,52,0.9230769230769231,0.1346153846153846,4,1,0.14285714285714285,0.14285714285714285,14,14,66,250
5659,331,1601,529931,66,251,529927,529933,6,0.6666666666666666,0.6666666666666666,4,0,0.14285714285714285,0.25,14,4,66,251
5660,331,1607,531917,66,252,531911,531919,8,0.75,0.375,4,1,0.14285714285714285,0.3333333333333333,14,6,66,252
5661,331,1609,532579,66,253,532561,532601,40,0.45,0.025,4,1,0.14285714285714285,0.5,14,2,66,253
5662,331,1613,533903,66,254,533893,533909,16,0.625,0.0625,4,1,0.14285714285714285,0.5,14,4,66,254
5663,331,1619,535889,66,255,535879,535919,40,0.25,0.05,4,1,0.14285714285714285,0.8333333333333334,14,6,66,255
5664,331,1621,536551,66,256,536533,536561,28,0.6428571428571429,0.03571428571428571,4,1,0.14285714285714285,0.5,14,2,66,256
5665,331,1627,538537,66,257,538529,538553,24,0.3333333333333333,0.3333333333333333,4,0,0.14285714285714285,0.16666666666666666,14,6,66,257
5666,331,1637,541847,66,258,541837,541859,22,0.45454545454545453,0.18181818181818182,4,1,0.14285714285714285,0.4,14,10,66,258
5667,331,1657,548467,66,259,548461,548489,28,0.21428571428571427,0.07142857142857142,4,1,0.14285714285714285,0.1,14,20,66,259
5668,331,1663,550453,66,260,550447,550457,10,0.6,0.6,4,0,0.14285714285714285,0.16666666666666666,14,6,66,260
5669,331,1667,551777,66,261,551773,551801,28,0.14285714285714285,0.14285714285714285,4,0,0.14285714285714285,0.5,14,4,66,261
5670,331,1669,552439,66,262,552403,552469,66,0.5454545454545454,0.06060606060606061,4,1,0.14285714285714285,0.5,14,2,66,262
5671,331,1693,560383,66,263,560353,560393,40,0.75,0.1,4,1,0.14285714285714285,0.5,14,24,66,263
5672,331,1697,561707,66,264,561703,561713,10,0.4,0.4,4,0,0.14285714285714285,0.5,14,4,66,264
5673,331,1699,562369,66,265,562361,562399,38,0.21052631578947367,0.05263157894736842,4,1,0.14285714285714285,0.5,14,2,66,265
5674,331,1709,565679,66,266,565667,565723,56,0.21428571428571427,0.10714285714285714,4,1,0.14285714285714285,0.4,14,10,66,266
5675,331,1721,569651,66,267,569623,569659,36,0.7777777777777778,0.08333333333333333,4,1,0.14285714285714285,0.16666666666666666,14,12,66,267
5676,331,1723,570313,66,268,570253,570329,76,0.7894736842105263,0.05263157894736842,4,1,0.14285714285714285,0.5,14,2,66,268
5677,331,1733,573623,66,269,573571,573637,66,0.7878787878787878,0.09090909090909091,4,1,0.14285714285714285,0.3,14,10,66,269
5678,331,1741,576271,66,270,576227,576287,60,0.7333333333333333,0.03333333333333333,4,1,0.14285714285714285,0.25,14,8,66,270
5679,331,1747,578257,66,271,578251,578267,16,0.375,0.1875,4,1,0.14285714285714285,0.6666666666666666,14,6,66,271
5680,331,1753,580243,66,272,580231,580259,28,0.42857142857142855,0.14285714285714285,4,1,0.14285714285714285,0.6666666666666666,14,6,66,272
5681,331,1759,582229,66,273,582227,582247,20,0.1,0.1,4,0,0.14285714285714285,0.16666666666666666,14,6,66,273
5682,331,1777,588187,66,274,588173,588191,18,0.7777777777777778,0.7777777777777778,4,0,0.14285714285714285,0.1111111111111111,14,18,66,274
5683,331,1783,590173,66,275,590171,590201,30,0.06666666666666667,0.06666666666666667,4,0,0.14285714285714285,0.3333333333333333,14,6,66,275
5684,331,1787,591497,66,276,591469,591499,30,0.9333333333333333,0.13333333333333333,4,1,0.14285714285714285,0.25,14,4,66,276
5685,331,1789,592159,66,277,592157,592199,42,0.047619047619047616,0.047619047619047616,4,0,0.14285714285714285,0.5,14,2,66,277
5686,331,1801,596131,66,278,596119,596143,24,0.5,0.16666666666666666,4,1,0.14285714285714285,0.3333333333333333,14,12,66,278
5687,331,1811,599441,66,279,599429,599477,48,0.25,0.08333333333333333,4,1,0.14285714285714285,0.2,14,10,66,279
5688,331,1823,603413,66,280,603401,603431,30,0.4,0.06666666666666667,4,1,0.14285714285714285,0.25,14,12,66,280
5689,331,1831,606061,66,281,606059,606077,18,0.1111111111111111,0.1111111111111111,4,0,0.14285714285714285,0.75,14,8,66,281
5690,331,1847,611357,66,282,611333,611389,56,0.42857142857142855,0.03571428571428571,4,1,0.14285714285714285,0.25,14,16,66,282
5691,331,1861,615991,66,283,615971,615997,26,0.7692307692307693,0.07692307692307693,4,1,0.14285714285714285,0.14285714285714285,14,14,66,283
5692,331,1867,617977,66,284,617971,617983,12,0.5,0.16666666666666666,4,1,0.14285714285714285,0.6666666666666666,14,6,66,284
5693,331,1871,619301,66,285,619279,619303,24,0.9166666666666666,0.16666666666666666,4,1,0.14285714285714285,0.25,14,4,66,285
5694,331,1873,619963,66,286,619921,619967,46,0.9130434782608695,0.043478260869565216,4,1,0.14285714285714285,0.5,14,2,66,286
5695,331,1877,621287,66,287,621259,621289,30,0.9333333333333333,0.13333333333333333,4,1,0.14285714285714285,0.25,14,4,66,287
5696,331,1879,621949,66,288,621941,621983,42,0.19047619047619047,0.14285714285714285,4,1,0.14285714285714285,0.5,14,2,66,288
5697,331,1889,625259,66,289,625253,625267,14,0.42857142857142855,0.42857142857142855,4,0,0.14285714285714285,0.3,14,10,66,289
5698,331,1901,629231,66,290,629203,629243,40,0.7,0.075,4,1,0.14285714285714285,0.16666666666666666,14,12,66,290
5699,331,1907,631217,66,291,631187,631223,36,0.8333333333333334,0.3055555555555556,4,1,0.14285714285714285,0.3333333333333333,14,6,66,291
5700,331,1913,633203,66,292,633197,633209,12,0.5,0.3333333333333333,4,1,0.14285714285714285,0.3333333333333333,14,6,66,292
5701,331,1931,639161,66,293,639157,639167,10,0.4,0.4,4,0,0.14285714285714285,0.1111111111111111,14,18,66,293
5702,331,1933,639823,66,294,639757,639833,76,0.868421052631579,0.02631578947368421,4,1,0.14285714285714285,0.5,14,2,66,294
5703,331,1949,645119,66,295,645097,645131,34,0.6470588235294118,0.029411764705882353,4,1,0.14285714285714285,0.0625,14,16,66,295
5704,331,1951,645781,66,296,645763,645787,24,0.75,0.16666666666666666,4,1,0.14285714285714285,0.5,14,2,66,296
5705,331,1973,653063,66,297,653057,653083,26,0.23076923076923078,0.07692307692307693,4,1,0.14285714285714285,0.13636363636363635,14,22,66,297
5706,331,1979,655049,66,298,655043,655069,26,0.23076923076923078,0.07692307692307693,4,1,0.14285714285714285,0.6666666666666666,14,6,66,298
5707,331,1987,657697,66,299,657661,657703,42,0.8571428571428571,0.14285714285714285,4,1,0.14285714285714285,0.25,14,8,66,299
5708,331,1993,659683,66,300,659671,659689,18,0.6666666666666666,0.3333333333333333,4,1,0.14285714285714285,0.6666666666666666,14,6,66,300
5709,331,1997,661007,66,301,660983,661009,26,0.9230769230769231,0.23076923076923078,4,1,0.14285714285714285,0.25,14,4,66,301
5710,331,1999,661669,66,302,661663,661673,10,0.6,0.4,4,1,0.14285714285714285,0.5,14,2,66,302
5711,331,2003,662993,66,303,662957,662999,42,0.8571428571428571,0.14285714285714285,4,1,0.14285714285714285,0.5,14,4,66,303
5712,337,1009,340033,67,168,340031,340037,6,0.3333333333333333,0.3333333333333333,4,0,0.5,0.08333333333333333,6,12,67,168
5713,337,1013,341381,67,169,341357,341423,66,0.36363636363636365,0.09090909090909091,4,1,0.5,0.5,6,4,67,169
5714,337,1019,343403,67,170,343393,343411,18,0.5555555555555556,0.05555555555555555,4,1,0.5,0.8333333333333334,6,6,67,170
5715,337,1021,344077,67,171,344053,344083,30,0.8,0.03333333333333333,4,1,0.5,0.5,6,2,67,171
5716,337,1031,347447,67,172,347443,347489,46,0.08695652173913043,0.08695652173913043,4,0,0.5,0.6,6,10,67,172
5717,337,1033,348121,67,173,348097,348149,52,0.46153846153846156,0.019230769230769232,4,1,0.5,0.5,6,2,67,173
5718,337,1039,350143,67,174,350137,350159,22,0.2727272727272727,0.045454545454545456,4,1,0.5,0.6666666666666666,6,6,67,174
5719,337,1049,353513,67,175,353501,353527,26,0.46153846153846156,0.07692307692307693,4,1,0.5,0.2,6,10,67,175
5720,337,1051,354187,67,176,354181,354209,28,0.21428571428571427,0.03571428571428571,4,1,0.5,0.5,6,2,67,176
5721,337,1061,357557,67,177,357551,357559,8,0.75,0.75,4,0,0.5,0.4,6,10,67,177
5722,337,1063,358231,67,178,358229,358243,14,0.14285714285714285,0.14285714285714285,4,0,0.5,0.5,6,2,67,178
5723,337,1069,360253,67,179,360233,360257,24,0.8333333333333334,0.08333333333333333,4,1,0.5,0.6666666666666666,6,6,67,179
5724,337,1087,366319,67,180,366313,366329,16,0.375,0.375,4,0,0.5,0.2222222222222222,6,18,67,180
5725,337,1091,367667,67,181,367663,367673,10,0.4,0.4,4,0,0.5,0.75,6,4,67,181
5726,337,1093,368341,67,182,368327,368359,32,0.4375,0.125,4,1,0.5,0.5,6,2,67,182
5727,337,1097,369689,67,183,369673,369703,30,0.5333333333333333,0.03333333333333333,4,1,0.5,0.25,6,4,67,183
5728,337,1103,371711,67,184,371699,371719,20,0.6,0.1,4,1,0.5,0.3333333333333333,6,6,67,184
5729,337,1109,373733,67,185,373721,373753,32,0.375,0.1875,4,1,0.5,0.8333333333333334,6,6,67,185
5730,337,1117,376429,67,186,376417,376463,46,0.2608695652173913,0.08695652173913043,4,1,0.5,0.25,6,8,67,186
5731,337,1123,378451,67,187,378449,378463,14,0.14285714285714285,0.14285714285714285,4,0,0.5,0.3333333333333333,6,6,67,187
5732,337,1129,380473,67,188,380461,380483,22,0.5454545454545454,0.2727272727272727,4,1,0.5,0.5,6,6,67,188
5733,337,1151,387887,67,189,387857,387911,54,0.5555555555555556,0.037037037037037035,4,1,0.5,0.18181818181818182,6,22,67,189
5734,337,1153,388561,67,190,388541,388567,26,0.7692307692307693,0.07692307692307693,4,1,0.5,0.5,6,2,67,190
5735,337,1163,391931,67,191,391921,391939,18,0.5555555555555556,0.3333333333333333,4,1,0.5,0.1,6,10,67,191
5736,337,1171,394627,67,192,394619,394631,12,0.6666666666666666,0.25,4,1,0.5,0.25,6,8,67,192
5737,337,1181,397997,67,193,397981,398011,30,0.5333333333333333,0.06666666666666667,4,1,0.5,0.3,6,10,67,193
5738,337,1187,400019,67,194,400009,400031,22,0.45454545454545453,0.09090909090909091,4,1,0.5,0.8333333333333334,6,6,67,194
5739,337,1193,402041,67,195,402037,402043,6,0.6666666666666666,0.6666666666666666,4,0,0.5,0.3333333333333333,6,6,67,195
5740,337,1201,404737,67,196,404713,404773,60,0.4,0.016666666666666666,4,1,0.5,0.25,6,8,67,196
5741,337,1213,408781,67,197,408773,408787,14,0.5714285714285714,0.5714285714285714,4,0,0.5,0.08333333333333333,6,12,67,197
5742,337,1217,410129,67,198,410119,410141,22,0.45454545454545453,0.3181818181818182,4,1,0.5,0.25,6,4,67,198
5743,337,1223,412151,67,199,412147,412157,10,0.4,0.2,4,1,0.5,0.3333333333333333,6,6,67,199
5744,337,1229,414173,67,200,414157,414179,22,0.7272727272727273,0.045454545454545456,4,1,0.5,0.5,6,6,67,200
5745,337,1231,414847,67,201,414833,414857,24,0.5833333333333334,0.25,4,1,0.5,0.5,6,2,67,201
5746,337,1237,416869,67,202,416851,416873,22,0.8181818181818182,0.45454545454545453,4,1,0.5,0.5,6,6,67,202
5747,337,1249,420913,67,203,420899,420919,20,0.7,0.1,4,1,0.5,0.08333333333333333,6,12,67,203
5748,337,1259,424283,67,204,424273,424313,40,0.25,0.1,4,1,0.5,0.4,6,10,67,204
5749,337,1277,430349,67,205,430343,430357,14,0.42857142857142855,0.14285714285714285,4,1,0.5,0.1111111111111111,6,18,67,205
5750,337,1279,431023,67,206,431021,431029,8,0.25,0.25,4,0,0.5,0.5,6,2,67,206
5751,337,1283,432371,67,207,432359,432373,14,0.8571428571428571,0.8571428571428571,4,0,0.5,0.75,6,4,67,207
5752,337,1289,434393,67,208,434389,434407,18,0.2222222222222222,0.2222222222222222,4,0,0.5,0.3333333333333333,6,6,67,208
5753,337,1291,435067,67,209,435059,435103,44,0.18181818181818182,0.045454545454545456,4,1,0.5,0.5,6,2,67,209
5754,337,1297,437089,67,210,437083,437093,10,0.6,0.6,4,0,0.5,0.3333333333333333,6,6,67,210
5755,337,1301,438437,67,211,438419,438439,20,0.9,0.1,4,1,0.5,0.5,6,4,67,211
5756,337,1303,439111,67,212,439081,439123,42,0.7142857142857143,0.23809523809523808,4,1,0.5,0.5,6,2,67,212
5757,337,1307,440459,67,213,440443,440471,28,0.5714285714285714,0.14285714285714285,4,1,0.5,0.75,6,4,67,213
5758,337,1319,444503,67,214,444487,444517,30,0.5333333333333333,0.13333333333333333,4,1,0.5,0.5,6,12,67,214
5759,337,1321,445177,67,215,445169,445183,14,0.5714285714285714,0.14285714285714285,4,1,0.5,0.5,6,2,67,215
5760,337,1327,447199,67,216,447197,447211,14,0.14285714285714285,0.14285714285714285,4,0,0.5,0.16666666666666666,6,6,67,216
5761,337,1361,458657,67,217,458651,458663,12,0.5,0.16666666666666666,4,1,0.5,0.058823529411764705,6,34,67,217
5762,337,1367,460679,67,218,460673,460697,24,0.25,0.20833333333333334,4,1,0.5,0.3333333333333333,6,6,67,218
5763,337,1373,462701,67,219,462697,462713,16,0.25,0.0625,4,1,0.5,0.3333333333333333,6,6,67,219
5764,337,1381,465397,67,220,465383,465407,24,0.5833333333333334,0.08333333333333333,4,1,0.5,0.75,6,8,67,220
5765,337,1399,471463,67,221,471451,471467,16,0.75,0.25,4,1,0.5,0.05555555555555555,6,18,67,221
5766,337,1409,474833,67,222,474811,474839,28,0.7857142857142857,0.25,4,1,0.5,0.2,6,10,67,222
5767,337,1423,479551,67,223,479543,479561,18,0.4444444444444444,0.3333333333333333,4,1,0.5,0.14285714285714285,6,14,67,223
5768,337,1427,480899,67,224,480881,480911,30,0.6,0.2,4,1,0.5,0.75,6,4,67,224
5769,337,1429,481573,67,225,481571,481577,6,0.3333333333333333,0.3333333333333333,4,0,0.5,0.5,6,2,67,225
5770,337,1433,482921,67,226,482917,482941,24,0.16666666666666666,0.16666666666666666,4,0,0.5,0.5,6,4,67,226
5771,337,1439,484943,67,227,484927,484951,24,0.6666666666666666,0.16666666666666666,4,1,0.5,0.6666666666666666,6,6,67,227
5772,337,1447,487639,67,228,487637,487649,12,0.16666666666666666,0.16666666666666666,4,0,0.5,0.25,6,8,67,228
5773,337,1451,488987,67,229,488981,488993,12,0.5,0.16666666666666666,4,1,0.5,0.25,6,4,67,229
5774,337,1453,489661,67,230,489659,489673,14,0.14285714285714285,0.14285714285714285,4,0,0.5,0.5,6,2,67,230
5775,337,1459,491683,67,231,491677,491707,30,0.2,0.13333333333333333,4,1,0.5,0.16666666666666666,6,6,67,231
5776,337,1471,495727,67,232,495713,495749,36,0.3888888888888889,0.2222222222222222,4,1,0.5,0.16666666666666666,6,12,67,232
5777,337,1481,499097,67,233,499067,499099,32,0.9375,0.125,4,1,0.5,0.2,6,10,67,233
5778,337,1483,499771,67,234,499747,499781,34,0.7058823529411765,0.17647058823529413,4,1,0.5,0.5,6,2,67,234
5779,337,1487,501119,67,235,501103,501121,18,0.8888888888888888,0.2222222222222222,4,1,0.5,0.75,6,4,67,235
5780,337,1489,501793,67,236,501779,501803,24,0.5833333333333334,0.16666666666666666,4,1,0.5,0.5,6,2,67,236
5781,337,1493,503141,67,237,503137,503147,10,0.4,0.4,4,0,0.5,0.75,6,4,67,237
5782,337,1499,505163,67,238,505159,505181,22,0.18181818181818182,0.18181818181818182,4,0,0.5,0.6666666666666666,6,6,67,238
5783,337,1511,509207,67,239,509203,509221,18,0.2222222222222222,0.2222222222222222,4,0,0.5,0.16666666666666666,6,12,67,239
5784,337,1523,513251,67,240,513239,513257,18,0.6666666666666666,0.1111111111111111,4,1,0.5,0.16666666666666666,6,12,67,240
5785,337,1531,515947,67,241,515941,515951,10,0.6,0.6,4,0,0.5,0.5,6,8,67,241
5786,337,1543,519991,67,242,519989,519997,8,0.25,0.25,4,0,0.5,0.3333333333333333,6,12,67,242
5787,337,1549,522013,67,243,521999,522017,18,0.7777777777777778,0.1111111111111111,4,1,0.5,0.5,6,6,67,243
5788,337,1553,523361,67,244,523357,523387,30,0.13333333333333333,0.13333333333333333,4,0,0.5,0.5,6,4,67,244
5789,337,1559,525383,67,245,525379,525391,12,0.3333333333333333,0.3333333333333333,4,0,0.5,0.3333333333333333,6,6,67,245
5790,337,1567,528079,67,246,528053,528091,38,0.6842105263157895,0.13157894736842105,4,1,0.5,0.25,6,8,67,246
5791,337,1571,529427,67,247,529423,529471,48,0.08333333333333333,0.08333333333333333,4,0,0.5,0.5,6,4,67,247
5792,337,1579,532123,67,248,532099,532141,42,0.5714285714285714,0.07142857142857142,4,1,0.5,0.375,6,8,67,248
5793,337,1583,533471,67,249,533459,533509,50,0.24,0.04,4,1,0.5,0.5,6,4,67,249
5794,337,1597,538189,67,250,538163,538199,36,0.7222222222222222,0.16666666666666666,4,1,0.5,0.14285714285714285,6,14,67,250
5795,337,1601,539537,67,251,539533,539573,40,0.1,0.1,4,0,0.5,0.25,6,4,67,251
5796,337,1607,541559,67,252,541549,541571,22,0.45454545454545453,0.18181818181818182,4,1,0.5,0.3333333333333333,6,6,67,252
5797,337,1609,542233,67,253,542219,542237,18,0.7777777777777778,0.1111111111111111,4,1,0.5,0.5,6,2,67,253
5798,337,1613,543581,67,254,543553,543593,40,0.7,0.15,4,1,0.5,0.5,6,4,67,254
5799,337,1619,545603,67,255,545599,545609,10,0.4,0.4,4,0,0.5,0.8333333333333334,6,6,67,255
5800,337,1621,546277,67,256,546263,546283,20,0.7,0.1,4,1,0.5,0.5,6,2,67,256
5801,337,1627,548299,67,257,548291,548309,18,0.4444444444444444,0.16666666666666666,4,1,0.5,0.16666666666666666,6,6,67,257
5802,337,1637,551669,67,258,551659,551671,12,0.8333333333333334,0.3333333333333333,4,1,0.5,0.4,6,10,67,258
5803,337,1657,558409,67,259,558401,558413,12,0.6666666666666666,0.16666666666666666,4,1,0.5,0.1,6,20,67,259
5804,337,1663,560431,67,260,560411,560437,26,0.7692307692307693,0.11538461538461539,4,1,0.5,0.16666666666666666,6,6,67,260
5805,337,1667,561779,67,261,561767,561787,20,0.6,0.3,4,1,0.5,0.5,6,4,67,261
5806,337,1669,562453,67,262,562439,562459,20,0.7,0.1,4,1,0.5,0.5,6,2,67,262
5807,337,1693,570541,67,263,570539,570547,8,0.25,0.25,4,0,0.5,0.5,6,24,67,263
5808,337,1697,571889,67,264,571877,571903,26,0.46153846153846156,0.23076923076923078,4,1,0.5,0.5,6,4,67,264
5809,337,1699,572563,67,265,572549,572567,18,0.7777777777777778,0.4444444444444444,4,1,0.5,0.5,6,2,67,265
5810,337,1709,575933,67,266,575923,575941,18,0.5555555555555556,0.3333333333333333,4,1,0.5,0.4,6,10,67,266
5811,337,1721,579977,67,267,579973,579983,10,0.4,0.1,4,1,0.5,0.16666666666666666,6,12,67,267
5812,337,1723,580651,67,268,580639,580663,24,0.5,0.3333333333333333,4,1,0.5,0.5,6,2,67,268
5813,337,1733,584021,67,269,584011,584027,16,0.625,0.125,4,1,0.5,0.3,6,10,67,269
5814,337,1741,586717,67,270,586711,586723,12,0.5,0.25,4,1,0.5,0.25,6,8,67,270
5815,337,1747,588739,67,271,588737,588743,6,0.3333333333333333,0.3333333333333333,4,0,0.5,0.6666666666666666,6,6,67,271
5816,337,1753,590761,67,272,590753,590771,18,0.4444444444444444,0.2222222222222222,4,1,0.5,0.6666666666666666,6,6,67,272
5817,337,1759,592783,67,273,592763,592793,30,0.6666666666666666,0.2,4,1,0.5,0.16666666666666666,6,6,67,273
5818,337,1777,598849,67,274,598841,598853,12,0.6666666666666666,0.16666666666666666,4,1,0.5,0.1111111111111111,6,18,67,274
5819,337,1783,600871,67,275,600857,600877,20,0.7,0.1,4,1,0.5,0.3333333333333333,6,6,67,275
5820,337,1787,602219,67,276,602201,602221,20,0.9,0.1,4,1,0.5,0.25,6,4,67,276
5821,337,1789,602893,67,277,602891,602909,18,0.1111111111111111,0.1111111111111111,4,0,0.5,0.5,6,2,67,277
5822,337,1801,606937,67,278,606919,606943,24,0.75,0.2916666666666667,4,1,0.5,0.3333333333333333,6,12,67,278
5823,337,1811,610307,67,279,610301,610327,26,0.23076923076923078,0.07692307692307693,4,1,0.5,0.2,6,10,67,279
5824,337,1823,614351,67,280,614333,614377,44,0.4090909090909091,0.045454545454545456,4,1,0.5,0.25,6,12,67,280
5825,337,1831,617047,67,281,617039,617051,12,0.6666666666666666,0.16666666666666666,4,1,0.5,0.75,6,8,67,281
5826,337,1847,622439,67,282,622423,622477,54,0.2962962962962963,0.1111111111111111,4,1,0.5,0.25,6,16,67,282
5827,337,1861,627157,67,283,627139,627163,24,0.75,0.125,4,1,0.5,0.14285714285714285,6,14,67,283
5828,337,1867,629179,67,284,629177,629203,26,0.07692307692307693,0.07692307692307693,4,0,0.5,0.6666666666666666,6,6,67,284
5829,337,1871,630527,67,285,630523,630529,6,0.6666666666666666,0.6666666666666666,4,0,0.5,0.25,6,4,67,285
5830,337,1873,631201,67,286,631187,631223,36,0.3888888888888889,0.3055555555555556,4,1,0.5,0.5,6,2,67,286
5831,337,1877,632549,67,287,632521,632557,36,0.7777777777777778,0.2777777777777778,4,1,0.5,0.25,6,4,67,287
5832,337,1879,633223,67,288,633221,633253,32,0.0625,0.0625,4,0,0.5,0.5,6,2,67,288
5833,337,1889,636593,67,289,636569,636613,44,0.5454545454545454,0.11363636363636363,4,1,0.5,0.3,6,10,67,289
5834,337,1901,640637,67,290,640631,640649,18,0.3333333333333333,0.16666666666666666,4,1,0.5,0.16666666666666666,6,12,67,290
5835,337,1907,642659,67,291,642623,642673,50,0.72,0.06,4,1,0.5,0.3333333333333333,6,6,67,291
5836,337,1913,644681,67,292,644671,644687,16,0.625,0.125,4,1,0.5,0.3333333333333333,6,6,67,292
5837,337,1931,650747,67,293,650701,650759,58,0.7931034482758621,0.034482758620689655,4,1,0.5,0.1111111111111111,6,18,67,293
5838,337,1933,651421,67,294,651401,651437,36,0.5555555555555556,0.05555555555555555,4,1,0.5,0.5,6,2,67,294
5839,337,1949,656813,67,295,656809,656819,10,0.4,0.4,4,0,0.5,0.0625,6,16,67,295
5840,337,1951,657487,67,296,657473,657491,18,0.7777777777777778,0.4444444444444444,4,1,0.5,0.5,6,2,67,296
5841,337,1973,664901,67,297,664891,664933,42,0.23809523809523808,0.07142857142857142,4,1,0.5,0.13636363636363635,6,22,67,297
5842,337,1979,666923,67,298,666901,666929,28,0.7857142857142857,0.03571428571428571,4,1,0.5,0.6666666666666666,6,6,67,298
5843,337,1987,669619,67,299,669611,669637,26,0.3076923076923077,0.3076923076923077,4,0,0.5,0.25,6,8,67,299
5844,337,1993,671641,67,300,671633,671647,14,0.5714285714285714,0.14285714285714285,4,1,0.5,0.6666666666666666,6,6,67,300
5845,337,1997,672989,67,301,672983,673019,36,0.16666666666666666,0.05555555555555555,4,1,0.5,0.25,6,4,67,301
5846,337,1999,673663,67,302,673649,673667,18,0.7777777777777778,0.2777777777777778,4,1,0.5,0.5,6,2,67,302
5847,337,2003,675011,67,303,674987,675029,42,0.5714285714285714,0.14285714285714285,4,1,0.5,0.5,6,4,67,303
5848,347,1009,350123,68,168,350111,350137,26,0.46153846153846156,0.07692307692307693,4,1,0.2,0.08333333333333333,10,12,68,168
5849,347,1013,351511,68,169,351503,351517,14,0.5714285714285714,0.21428571428571427,4,1,0.2,0.5,10,4,68,169
5850,347,1019,353593,68,170,353567,353603,36,0.7222222222222222,0.05555555555555555,4,1,0.2,0.8333333333333334,10,6,68,170
5851,347,1021,354287,68,171,354271,354301,30,0.5333333333333333,0.26666666666666666,4,1,0.2,0.5,10,2,68,171
5852,347,1031,357757,68,172,357739,357767,28,0.6428571428571429,0.14285714285714285,4,1,0.2,0.6,10,10,68,172
5853,347,1033,358451,68,173,358447,358459,12,0.3333333333333333,0.3333333333333333,4,0,0.2,0.5,10,2,68,173
5854,347,1039,360533,68,174,360511,360541,30,0.7333333333333333,0.13333333333333333,4,1,0.2,0.6666666666666666,10,6,68,174
5855,347,1049,364003,68,175,363989,364027,38,0.3684210526315789,0.05263157894736842,4,1,0.2,0.2,10,10,68,175
5856,347,1051,364697,68,176,364691,364699,8,0.75,0.75,4,0,0.2,0.5,10,2,68,176
5857,347,1061,368167,68,177,368153,368171,18,0.7777777777777778,0.2222222222222222,4,1,0.2,0.4,10,10,68,177
5858,347,1063,368861,68,178,368857,368873,16,0.25,0.125,4,1,0.2,0.5,10,2,68,178
5859,347,1069,370943,68,179,370919,370949,30,0.8,0.06666666666666667,4,1,0.2,0.6666666666666666,10,6,68,179
5860,347,1087,377189,68,180,377183,377197,14,0.42857142857142855,0.14285714285714285,4,1,0.2,0.2222222222222222,10,18,68,180
5861,347,1091,378577,68,181,378571,378583,12,0.5,0.5,4,0,0.2,0.75,10,4,68,181
5862,347,1093,379271,68,182,379207,379273,66,0.9696969696969697,0.15151515151515152,4,1,0.2,0.5,10,2,68,182
5863,347,1097,380659,68,183,380657,380707,50,0.04,0.64,3,-1,0.2,0.25,10,4,68,183
5864,347,1103,382741,68,184,382729,382747,18,0.6666666666666666,0.4444444444444444,4,1,0.2,0.3333333333333333,10,6,68,184
5865,347,1109,384823,68,185,384821,384827,6,0.3333333333333333,0.3333333333333333,4,0,0.2,0.8333333333333334,10,6,68,185
5866,347,1117,387599,68,186,387587,387613,26,0.46153846153846156,0.15384615384615385,4,1,0.2,0.25,10,8,68,186
5867,347,1123,389681,68,187,389663,389687,24,0.75,0.08333333333333333,4,1,0.2,0.3333333333333333,10,6,68,187
5868,347,1129,391763,68,188,391757,391789,32,0.1875,0.0625,4,1,0.2,0.5,10,6,68,188
5869,347,1151,399397,68,189,399391,399401,10,0.6,0.3,4,1,0.2,0.18181818181818182,10,22,68,189
5870,347,1153,400091,68,190,400087,400093,6,0.6666666666666666,0.6666666666666666,4,0,0.2,0.5,10,2,68,190
5871,347,1163,403561,68,191,403553,403567,14,0.5714285714285714,0.5714285714285714,4,0,0.2,0.1,10,10,68,191
5872,347,1171,406337,68,192,406331,406339,8,0.75,0.75,4,0,0.2,0.25,10,8,68,192
5873,347,1181,409807,68,193,409781,409813,32,0.8125,0.0625,4,1,0.2,0.3,10,10,68,193
5874,347,1187,411889,68,194,411883,411919,36,0.16666666666666666,0.16666666666666666,4,0,0.2,0.8333333333333334,10,6,68,194
5875,347,1193,413971,68,195,413951,413981,30,0.6666666666666666,0.06666666666666667,4,1,0.2,0.3333333333333333,10,6,68,195
5876,347,1201,416747,68,196,416719,416761,42,0.6666666666666666,0.09523809523809523,4,1,0.2,0.25,10,8,68,196
5877,347,1213,420911,68,197,420899,420919,20,0.6,0.1,4,1,0.2,0.08333333333333333,10,12,68,197
5878,347,1217,422299,68,198,422291,422309,18,0.4444444444444444,0.1111111111111111,4,1,0.2,0.25,10,4,68,198
5879,347,1223,424381,68,199,424351,424397,46,0.6521739130434783,0.08695652173913043,4,1,0.2,0.3333333333333333,10,6,68,199
5880,347,1229,426463,68,200,426427,426469,42,0.8571428571428571,0.14285714285714285,4,1,0.2,0.5,10,6,68,200
5881,347,1231,427157,68,201,427151,427169,18,0.3333333333333333,0.1111111111111111,4,1,0.2,0.5,10,2,68,201
5882,347,1237,429239,68,202,429227,429241,14,0.8571428571428571,0.5714285714285714,4,1,0.2,0.5,10,6,68,202
5883,347,1249,433403,68,203,433399,433421,22,0.18181818181818182,0.18181818181818182,4,0,0.2,0.08333333333333333,10,12,68,203
5884,347,1259,436873,68,204,436871,436889,18,0.1111111111111111,0.1111111111111111,4,0,0.2,0.4,10,10,68,204
5885,347,1277,443119,68,205,443117,443123,6,0.3333333333333333,0.3333333333333333,4,0,0.2,0.1111111111111111,10,18,68,205
5886,347,1279,443813,68,206,443791,443837,46,0.4782608695652174,0.13043478260869565,4,1,0.2,0.5,10,2,68,206
5887,347,1283,445201,68,207,445199,445229,30,0.06666666666666667,0.06666666666666667,4,0,0.2,0.75,10,4,68,207
5888,347,1289,447283,68,208,447263,447311,48,0.4166666666666667,0.0625,4,1,0.2,0.3333333333333333,10,6,68,208
5889,347,1291,447977,68,209,447961,447983,22,0.7272727272727273,0.36363636363636365,4,1,0.2,0.5,10,2,68,209
5890,347,1297,450059,68,210,450029,450067,38,0.7894736842105263,0.05263157894736842,4,1,0.2,0.3333333333333333,10,6,68,210
5891,347,1301,451447,68,211,451441,451481,40,0.15,0.025,4,1,0.2,0.5,10,4,68,211
5892,347,1303,452141,68,212,452131,452159,28,0.35714285714285715,0.21428571428571427,4,1,0.2,0.5,10,2,68,212
5893,347,1307,453529,68,213,453527,453553,26,0.07692307692307693,0.07692307692307693,4,0,0.2,0.75,10,4,68,213
5894,347,1319,457693,68,214,457687,457697,10,0.6,0.2,4,1,0.2,0.5,10,12,68,214
5895,347,1321,458387,68,215,458377,458399,22,0.45454545454545453,0.045454545454545456,4,1,0.2,0.5,10,2,68,215
5896,347,1327,460469,68,216,460463,460477,14,0.42857142857142855,0.21428571428571427,4,1,0.2,0.16666666666666666,10,6,68,216
5897,347,1361,472267,68,217,472261,472273,12,0.5,0.5,4,0,0.2,0.058823529411764705,10,34,68,217
5898,347,1367,474349,68,218,474347,474359,12,0.16666666666666666,0.16666666666666666,4,0,0.2,0.3333333333333333,10,6,68,218
5899,347,1373,476431,68,219,476429,476467,38,0.05263157894736842,0.05263157894736842,4,0,0.2,0.3333333333333333,10,6,68,219
5900,347,1381,479207,68,220,479201,479209,8,0.75,0.25,4,1,0.2,0.75,10,8,68,220
5901,347,1399,485453,68,221,485447,485479,32,0.1875,0.0625,4,1,0.2,0.05555555555555555,10,18,68,221
5902,347,1409,488923,68,222,488921,488947,26,0.07692307692307693,0.07692307692307693,4,0,0.2,0.2,10,10,68,222
5903,347,1423,493781,68,223,493777,493793,16,0.25,0.0625,4,1,0.2,0.14285714285714285,10,14,68,223
5904,347,1427,495169,68,224,495161,495181,20,0.4,0.1,4,1,0.2,0.75,10,4,68,224
5905,347,1429,495863,68,225,495851,495877,26,0.46153846153846156,0.07692307692307693,4,1,0.2,0.5,10,2,68,225
5906,347,1433,497251,68,226,497239,497257,18,0.6666666666666666,0.16666666666666666,4,1,0.2,0.5,10,4,68,226
5907,347,1439,499333,68,227,499327,499349,22,0.2727272727272727,0.18181818181818182,4,1,0.2,0.6666666666666666,10,6,68,227
5908,347,1447,502109,68,228,502093,502121,28,0.5714285714285714,0.14285714285714285,4,1,0.2,0.25,10,8,68,228
5909,347,1451,503497,68,229,503483,503501,18,0.7777777777777778,0.4444444444444444,4,1,0.2,0.25,10,4,68,229
5910,347,1453,504191,68,230,504187,504197,10,0.4,0.4,4,0,0.2,0.5,10,2,68,230
5911,347,1459,506273,68,231,506269,506281,12,0.3333333333333333,0.3333333333333333,4,0,0.2,0.16666666666666666,10,6,68,231
5912,347,1471,510437,68,232,510403,510449,46,0.7391304347826086,0.08695652173913043,4,1,0.2,0.16666666666666666,10,12,68,232
5913,347,1481,513907,68,233,513899,513917,18,0.4444444444444444,0.1111111111111111,4,1,0.2,0.2,10,10,68,233
5914,347,1483,514601,68,234,514571,514621,50,0.6,0.04,4,1,0.2,0.5,10,2,68,234
5915,347,1487,515989,68,235,515969,515993,24,0.8333333333333334,0.08333333333333333,4,1,0.2,0.75,10,4,68,235
5916,347,1489,516683,68,236,516679,516689,10,0.4,0.4,4,0,0.2,0.5,10,2,68,236
5917,347,1493,518071,68,237,518059,518083,24,0.5,0.08333333333333333,4,1,0.2,0.75,10,4,68,237
5918,347,1499,520153,68,238,520151,520193,42,0.047619047619047616,0.047619047619047616,4,0,0.2,0.6666666666666666,10,6,68,238
5919,347,1511,524317,68,239,524309,524341,32,0.25,0.0625,4,1,0.2,0.16666666666666666,10,12,68,239
5920,347,1523,528481,68,240,528469,528487,18,0.6666666666666666,0.4444444444444444,4,1,0.2,0.16666666666666666,10,12,68,240
5921,347,1531,531257,68,241,531253,531263,10,0.4,0.4,4,0,0.2,0.5,10,8,68,241
5922,347,1543,535421,68,242,535399,535481,82,0.2682926829268293,0.04878048780487805,4,1,0.2,0.3333333333333333,10,12,68,242
5923,347,1549,537503,68,243,537497,537527,30,0.2,0.13333333333333333,4,1,0.2,0.5,10,6,68,243
5924,347,1553,538891,68,244,538877,538921,44,0.3181818181818182,0.045454545454545456,4,1,0.2,0.5,10,4,68,244
5925,347,1559,540973,68,245,540961,540989,28,0.42857142857142855,0.14285714285714285,4,1,0.2,0.3333333333333333,10,6,68,245
5926,347,1567,543749,68,246,543713,543769,56,0.6428571428571429,0.10714285714285714,4,1,0.2,0.25,10,8,68,246
5927,347,1571,545137,68,247,545131,545141,10,0.6,0.2,4,1,0.2,0.5,10,4,68,247
5928,347,1579,547913,68,248,547909,547951,42,0.09523809523809523,0.09523809523809523,4,0,0.2,0.375,10,8,68,248
5929,347,1583,549301,68,249,549281,549313,32,0.625,0.375,4,1,0.2,0.5,10,4,68,249
5930,347,1597,554159,68,250,554137,554167,30,0.7333333333333333,0.2,4,1,0.2,0.14285714285714285,10,14,68,250
5931,347,1601,555547,68,251,555523,555557,34,0.7058823529411765,0.23529411764705882,4,1,0.2,0.25,10,4,68,251
5932,347,1607,557629,68,252,557611,557633,22,0.8181818181818182,0.13636363636363635,4,1,0.2,0.3333333333333333,10,6,68,252
5933,347,1609,558323,68,253,558319,558343,24,0.16666666666666666,0.08333333333333333,4,1,0.2,0.5,10,2,68,253
5934,347,1613,559711,68,254,559709,559739,30,0.06666666666666667,0.06666666666666667,4,0,0.2,0.5,10,4,68,254
5935,347,1619,561793,68,255,561787,561797,10,0.6,0.4,4,1,0.2,0.8333333333333334,10,6,68,255
5936,347,1621,562487,68,256,562477,562493,16,0.625,0.25,4,1,0.2,0.5,10,2,68,256
5937,347,1627,564569,68,257,564533,564593,60,0.6,0.06666666666666667,4,1,0.2,0.16666666666666666,10,6,68,257
5938,347,1637,568039,68,258,568033,568049,16,0.375,0.25,4,1,0.2,0.4,10,10,68,258
5939,347,1657,574979,68,259,574969,575009,40,0.25,0.05,4,1,0.2,0.1,10,20,68,259
5940,347,1663,577061,68,260,577043,577063,20,0.9,0.4,4,1,0.2,0.16666666666666666,10,6,68,260
5941,347,1667,578449,68,261,578441,578453,12,0.6666666666666666,0.16666666666666666,4,1,0.2,0.5,10,4,68,261
5942,347,1669,579143,68,262,579133,579179,46,0.21739130434782608,0.08695652173913043,4,1,0.2,0.5,10,2,68,262
5943,347,1693,587471,68,263,587467,587473,6,0.6666666666666666,0.6666666666666666,4,0,0.2,0.5,10,24,68,263
5944,347,1697,588859,68,264,588839,588871,32,0.625,0.25,4,1,0.2,0.5,10,4,68,264
5945,347,1699,589553,68,265,589531,589579,48,0.4583333333333333,0.25,4,1,0.2,0.5,10,2,68,265
5946,347,1709,593023,68,266,593003,593029,26,0.7692307692307693,0.11538461538461539,4,1,0.2,0.4,10,10,68,266
5947,347,1721,597187,68,267,597169,597209,40,0.45,0.1,4,1,0.2,0.16666666666666666,10,12,68,267
5948,347,1723,597881,68,268,597869,597889,20,0.6,0.1,4,1,0.2,0.5,10,2,68,268
5949,347,1733,601351,68,269,601339,601357,18,0.6666666666666666,0.2222222222222222,4,1,0.2,0.3,10,10,68,269
5950,347,1741,604127,68,270,604073,604171,98,0.5510204081632653,0.04081632653061224,4,1,0.2,0.25,10,8,68,270
5951,347,1747,606209,68,271,606181,606223,42,0.6666666666666666,0.023809523809523808,4,1,0.2,0.6666666666666666,10,6,68,271
5952,347,1753,608291,68,272,608273,608297,24,0.75,0.5833333333333334,4,1,0.2,0.6666666666666666,10,6,68,272
5953,347,1759,610373,68,273,610339,610391,52,0.6538461538461539,0.07692307692307693,4,1,0.2,0.16666666666666666,10,6,68,273
5954,347,1777,616619,68,274,616597,616639,42,0.5238095238095238,0.09523809523809523,4,1,0.2,0.1111111111111111,10,18,68,274
5955,347,1783,618701,68,275,618679,618703,24,0.9166666666666666,0.16666666666666666,4,1,0.2,0.3333333333333333,10,6,68,275
5956,347,1787,620089,68,276,620051,620099,48,0.7916666666666666,0.0625,4,1,0.2,0.25,10,4,68,276
5957,347,1789,620783,68,277,620777,620813,36,0.16666666666666666,0.05555555555555555,4,1,0.2,0.5,10,2,68,277
5958,347,1801,624947,68,278,624917,624961,44,0.6818181818181818,0.045454545454545456,4,1,0.2,0.3333333333333333,10,12,68,278
5959,347,1811,628417,68,279,628399,628423,24,0.75,0.16666666666666666,4,1,0.2,0.2,10,10,68,279
5960,347,1823,632581,68,280,632561,632591,30,0.6666666666666666,0.06666666666666667,4,1,0.2,0.25,10,12,68,280
5961,347,1831,635357,68,281,635353,635359,6,0.6666666666666666,0.6666666666666666,4,0,0.2,0.75,10,8,68,281
5962,347,1847,640909,68,282,640907,640919,12,0.16666666666666666,0.16666666666666666,4,0,0.2,0.25,10,16,68,282
5963,347,1861,645767,68,283,645763,645787,24,0.16666666666666666,0.16666666666666666,4,0,0.2,0.14285714285714285,10,14,68,283
5964,347,1867,647849,68,284,647839,647851,12,0.8333333333333334,0.5833333333333334,4,1,0.2,0.6666666666666666,10,6,68,284
5965,347,1871,649237,68,285,649217,649261,44,0.45454545454545453,0.045454545454545456,4,1,0.2,0.25,10,4,68,285
5966,347,1873,649931,68,286,649921,649937,16,0.625,0.125,4,1,0.2,0.5,10,2,68,286
5967,347,1877,651319,68,287,651293,651323,30,0.8666666666666667,0.06666666666666667,4,1,0.2,0.25,10,4,68,287
5968,347,1879,652013,68,288,651997,652019,22,0.7272727272727273,0.045454545454545456,4,1,0.2,0.5,10,2,68,288
5969,347,1889,655483,68,289,655471,655489,18,0.6666666666666666,0.16666666666666666,4,1,0.2,0.3,10,10,68,289
5970,347,1901,659647,68,290,659639,659653,14,0.5714285714285714,0.14285714285714285,4,1,0.2,0.16666666666666666,10,12,68,290
5971,347,1907,661729,68,291,661721,661741,20,0.4,0.1,4,1,0.2,0.3333333333333333,10,6,68,291
5972,347,1913,663811,68,292,663797,663821,24,0.5833333333333334,0.08333333333333333,4,1,0.2,0.3333333333333333,10,6,68,292
5973,347,1931,670057,68,293,670051,670097,46,0.13043478260869565,0.13043478260869565,4,0,0.2,0.1111111111111111,10,18,68,293
5974,347,1933,670751,68,294,670739,670763,24,0.5,0.5,4,0,0.2,0.5,10,2,68,294
5975,347,1949,676303,68,295,676297,676337,40,0.15,0.1,4,1,0.2,0.0625,10,16,68,295
5976,347,1951,676997,68,296,676993,677011,18,0.2222222222222222,0.05555555555555555,4,1,0.2,0.5,10,2,68,296
5977,347,1973,684631,68,297,684617,684637,20,0.7,0.3,4,1,0.2,0.13636363636363635,10,22,68,297
5978,347,1979,686713,68,298,686687,686723,36,0.7222222222222222,0.05555555555555555,4,1,0.2,0.6666666666666666,10,6,68,298
5979,347,1987,689489,68,299,689467,689509,42,0.5238095238095238,0.14285714285714285,4,1,0.2,0.25,10,8,68,299
5980,347,1993,691571,68,300,691553,691573,20,0.9,0.1,4,1,0.2,0.6666666666666666,10,6,68,300
5981,347,1997,692959,68,301,692957,692963,6,0.3333333333333333,0.3333333333333333,4,0,0.2,0.25,10,4,68,301
5982,347,1999,693653,68,302,693629,693659,30,0.8,0.2,4,1,0.2,0.5,10,2,68,302
5983,347,2003,695041,68,303,695021,695047,26,0.7692307692307693,0.07692307692307693,4,1,0.2,0.5,10,4,68,303
5984,349,1009,352141,69,168,352133,352181,48,0.16666666666666666,0.125,4,1,0.5,0.08333333333333333,2,12,69,168
5985,349,1013,353537,69,169,353531,353557,26,0.23076923076923078,0.23076923076923078,4,0,0.5,0.5,2,4,69,169
5986,349,1019,355631,69,170,355609,355633,24,0.9166666666666666,0.16666666666666666,4,1,0.5,0.8333333333333334,2,6,69,170
5987,349,1021,356329,69,171,356327,356333,6,0.3333333333333333,0.3333333333333333,4,0,0.5,0.5,2,2,69,171
5988,349,1031,359819,69,172,359783,359837,54,0.6666666666666666,0.07407407407407407,4,1,0.5,0.6,2,10,69,172
5989,349,1033,360517,69,173,360511,360541,30,0.2,0.13333333333333333,4,1,0.5,0.5,2,2,69,173
5990,349,1039,362611,69,174,362599,362629,30,0.4,0.1,4,1,0.5,0.6666666666666666,2,6,69,174
5991,349,1049,366101,69,175,366097,366103,6,0.6666666666666666,0.3333333333333333,4,1,0.5,0.2,2,10,69,175
5992,349,1051,366799,69,176,366791,366811,20,0.4,0.15,4,1,0.5,0.5,2,2,69,176
5993,349,1061,370289,69,177,370261,370373,112,0.25,0.008928571428571428,4,1,0.5,0.4,2,10,69,177
5994,349,1063,370987,69,178,370949,371027,78,0.48717948717948717,0.0641025641025641,4,1,0.5,0.5,2,2,69,178
5995,349,1069,373081,69,179,373073,373091,18,0.4444444444444444,0.4444444444444444,4,0,0.5,0.6666666666666666,2,6,69,179
5996,349,1087,379363,69,180,379343,379369,26,0.7692307692307693,0.07692307692307693,4,1,0.5,0.2222222222222222,2,18,69,180
5997,349,1091,380759,69,181,380753,380777,24,0.25,0.25,4,0,0.5,0.75,2,4,69,181
5998,349,1093,381457,69,182,381443,381461,18,0.7777777777777778,0.1111111111111111,4,1,0.5,0.5,2,2,69,182
5999,349,1097,382853,69,183,382847,382861,14,0.42857142857142855,0.14285714285714285,4,1,0.5,0.25,2,4,69,183
6000,349,1103,384947,69,184,384941,384961,20,0.3,0.1,4,1,0.5,0.3333333333333333,2,6,69,184
6001,349,1109,387041,69,185,387031,387047,16,0.625,0.125,4,1,0.5,0.8333333333333334,2,6,69,185
6002,349,1117,389833,69,186,389819,389839,20,0.7,0.1,4,1,0.5,0.25,2,8,69,186
6003,349,1123,391927,69,187,391921,391939,18,0.3333333333333333,0.3333333333333333,4,0,0.5,0.3333333333333333,2,6,69,187
6004,349,1129,394021,69,188,394019,394039,20,0.1,0.1,4,0,0.5,0.5,2,6,69,188
6005,349,1151,401699,69,189,401689,401707,18,0.5555555555555556,0.2222222222222222,4,1,0.5,0.18181818181818182,2,22,69,189
6006,349,1153,402397,69,190,402383,402403,20,0.7,0.15,4,1,0.5,0.5,2,2,69,190
6007,349,1163,405887,69,191,405871,405893,22,0.7272727272727273,0.2727272727272727,4,1,0.5,0.1,2,10,69,191
6008,349,1171,408679,69,192,408677,408689,12,0.16666666666666666,0.16666666666666666,4,0,0.5,0.25,2,8,69,192
6009,349,1181,412169,69,193,412157,412171,14,0.8571428571428571,0.2857142857142857,4,1,0.5,0.3,2,10,69,193
6010,349,1187,414263,69,194,414259,414269,10,0.4,0.4,4,0,0.5,0.8333333333333334,2,6,69,194
6011,349,1193,416357,69,195,416333,416359,26,0.9230769230769231,0.07692307692307693,4,1,0.5,0.3333333333333333,2,6,69,195
6012,349,1201,419149,69,196,419147,419161,14,0.14285714285714285,0.14285714285714285,4,0,0.5,0.25,2,8,69,196
6013,349,1213,423337,69,197,423323,423341,18,0.7777777777777778,0.16666666666666666,4,1,0.5,0.08333333333333333,2,12,69,197
6014,349,1217,424733,69,198,424729,424757,28,0.14285714285714285,0.14285714285714285,4,0,0.5,0.25,2,4,69,198
6015,349,1223,426827,69,199,426799,426841,42,0.6666666666666666,0.09523809523809523,4,1,0.5,0.3333333333333333,2,6,69,199
6016,349,1229,428921,69,200,428899,428951,52,0.4230769230769231,0.057692307692307696,4,1,0.5,0.5,2,6,69,200
6017,349,1231,429619,69,201,429599,429631,32,0.625,0.0625,4,1,0.5,0.5,2,2,69,201
6018,349,1237,431713,69,202,431707,431729,22,0.2727272727272727,0.18181818181818182,4,1,0.5,0.5,2,6,69,202
6019,349,1249,435901,69,203,435893,435907,14,0.5714285714285714,0.14285714285714285,4,1,0.5,0.08333333333333333,2,12,69,203
6020,349,1259,439391,69,204,439381,439409,28,0.35714285714285715,0.14285714285714285,4,1,0.5,0.4,2,10,69,204
6021,349,1277,445673,69,205,445657,445691,34,0.47058823529411764,0.11764705882352941,4,1,0.5,0.1111111111111111,2,18,69,205
6022,349,1279,446371,69,206,446363,446387,24,0.3333333333333333,0.08333333333333333,4,1,0.5,0.5,2,2,69,206
6023,349,1283,447767,69,207,447757,447779,22,0.45454545454545453,0.2727272727272727,4,1,0.5,0.75,2,4,69,207
6024,349,1289,449861,69,208,449851,449879,28,0.35714285714285715,0.21428571428571427,4,1,0.5,0.3333333333333333,2,6,69,208
6025,349,1291,450559,69,209,450557,450563,6,0.3333333333333333,0.3333333333333333,4,0,0.5,0.5,2,2,69,209
6026,349,1297,452653,69,210,452633,452671,38,0.5263157894736842,0.05263157894736842,4,1,0.5,0.3333333333333333,2,6,69,210
6027,349,1301,454049,69,211,454039,454061,22,0.45454545454545453,0.45454545454545453,4,0,0.5,0.5,2,4,69,211
6028,349,1303,454747,69,212,454723,454759,36,0.6666666666666666,0.08333333333333333,4,1,0.5,0.5,2,2,69,212
6029,349,1307,456143,69,213,456119,456149,30,0.8,0.06666666666666667,4,1,0.5,0.75,2,4,69,213
6030,349,1319,460331,69,214,460301,460337,36,0.8333333333333334,0.05555555555555555,4,1,0.5,0.5,2,12,69,214
6031,349,1321,461029,69,215,461017,461051,34,0.35294117647058826,0.11764705882352941,4,1,0.5,0.5,2,2,69,215
6032,349,1327,463123,69,216,463103,463157,54,0.37037037037037035,0.07407407407407407,4,1,0.5,0.16666666666666666,2,6,69,216
6033,349,1361,474989,69,217,474983,475037,54,0.1111111111111111,0.07407407407407407,4,1,0.5,0.058823529411764705,2,34,69,217
6034,349,1367,477083,69,218,477077,477091,14,0.42857142857142855,0.14285714285714285,4,1,0.5,0.3333333333333333,2,6,69,218
6035,349,1373,479177,69,219,479153,479189,36,0.6666666666666666,0.1388888888888889,4,1,0.5,0.3333333333333333,2,6,69,219
6036,349,1381,481969,69,220,481963,481997,34,0.17647058823529413,0.11764705882352941,4,1,0.5,0.75,2,8,69,220
6037,349,1399,488251,69,221,488249,488261,12,0.16666666666666666,0.16666666666666666,4,0,0.5,0.05555555555555555,2,18,69,221
6038,349,1409,491741,69,222,491737,491747,10,0.4,0.4,4,0,0.5,0.2,2,10,69,222
6039,349,1423,496627,69,223,496609,496631,22,0.8181818181818182,0.18181818181818182,4,1,0.5,0.14285714285714285,2,14,69,223
6040,349,1427,498023,69,224,498013,498053,40,0.25,0.25,4,0,0.5,0.75,2,4,69,224
6041,349,1429,498721,69,225,498691,498733,42,0.7142857142857143,0.14285714285714285,4,1,0.5,0.5,2,2,69,225
6042,349,1433,500117,69,226,500113,500119,6,0.6666666666666666,0.16666666666666666,4,1,0.5,0.5,2,4,69,226
6043,349,1439,502211,69,227,502181,502217,36,0.8333333333333334,0.16666666666666666,4,1,0.5,0.6666666666666666,2,6,69,227
6044,349,1447,505003,69,228,504991,505027,36,0.3333333333333333,0.05555555555555555,4,1,0.5,0.25,2,8,69,228
6045,349,1451,506399,69,229,506393,506417,24,0.25,0.08333333333333333,4,1,0.5,0.25,2,4,69,229
6046,349,1453,507097,69,230,507079,507103,24,0.75,0.16666666666666666,4,1,0.5,0.5,2,2,69,230
6047,349,1459,509191,69,231,509149,509203,54,0.7777777777777778,0.2222222222222222,4,1,0.5,0.16666666666666666,2,6,69,231
6048,349,1471,513379,69,232,513371,513397,26,0.3076923076923077,0.11538461538461539,4,1,0.5,0.16666666666666666,2,12,69,232
6049,349,1481,516869,69,233,516847,516871,24,0.9166666666666666,0.08333333333333333,4,1,0.5,0.2,2,10,69,233
6050,349,1483,517567,69,234,517553,517571,18,0.7777777777777778,0.1111111111111111,4,1,0.5,0.5,2,2,69,234
6051,349,1487,518963,69,235,518953,518981,28,0.35714285714285715,0.14285714285714285,4,1,0.5,0.75,2,4,69,235
6052,349,1489,519661,69,236,519647,519667,20,0.7,0.3,4,1,0.5,0.5,2,2,69,236
6053,349,1493,521057,69,237,521051,521063,12,0.5,0.25,4,1,0.5,0.75,2,4,69,237
6054,349,1499,523151,69,238,523129,523169,40,0.55,0.1,4,1,0.5,0.6666666666666666,2,6,69,238
6055,349,1511,527339,69,239,527333,527347,14,0.42857142857142855,0.14285714285714285,4,1,0.5,0.16666666666666666,2,12,69,239
6056,349,1523,531527,69,240,531521,531547,26,0.23076923076923078,0.23076923076923078,4,0,0.5,0.16666666666666666,2,12,69,240
6057,349,1531,534319,69,241,534311,534323,12,0.6666666666666666,0.6666666666666666,4,0,0.5,0.5,2,8,69,241
6058,349,1543,538507,69,242,538487,538511,24,0.8333333333333334,0.16666666666666666,4,1,0.5,0.3333333333333333,2,12,69,242
6059,349,1549,540601,69,243,540599,540611,12,0.16666666666666666,0.16666666666666666,4,0,0.5,0.5,2,6,69,243
6060,349,1553,541997,69,244,541993,541999,6,0.6666666666666666,0.6666666666666666,4,0,0.5,0.5,2,4,69,244
6061,349,1559,544091,69,245,544031,544097,66,0.9090909090909091,0.030303030303030304,4,1,0.5,0.3333333333333333,2,6,69,245
6062,349,1567,546883,69,246,546881,546893,12,0.16666666666666666,0.16666666666666666,4,0,0.5,0.25,2,8,69,246
6063,349,1571,548279,69,247,548263,548291,28,0.5714285714285714,0.14285714285714285,4,1,0.5,0.5,2,4,69,247
6064,349,1579,551071,69,248,551069,551093,24,0.08333333333333333,0.08333333333333333,4,0,0.5,0.375,2,8,69,248
6065,349,1583,552467,69,249,552403,552469,66,0.9696969696969697,0.06060606060606061,4,1,0.5,0.5,2,4,69,249
6066,349,1597,557353,69,250,557339,557369,30,0.4666666666666667,0.06666666666666667,4,1,0.5,0.14285714285714285,2,14,69,250
6067,349,1601,558749,69,251,558731,558757,26,0.6923076923076923,0.23076923076923078,4,1,0.5,0.25,2,4,69,251
6068,349,1607,560843,69,252,560837,560863,26,0.23076923076923078,0.07692307692307693,4,1,0.5,0.3333333333333333,2,6,69,252
6069,349,1609,561541,69,253,561529,561551,22,0.5454545454545454,0.09090909090909091,4,1,0.5,0.5,2,2,69,253
6070,349,1613,562937,69,254,562931,562943,12,0.5,0.5,4,0,0.5,0.5,2,4,69,254
6071,349,1619,565031,69,255,565013,565039,26,0.6923076923076923,0.3076923076923077,4,1,0.5,0.8333333333333334,2,6,69,255
6072,349,1621,565729,69,256,565727,565769,42,0.047619047619047616,0.047619047619047616,4,0,0.5,0.5,2,2,69,256
6073,349,1627,567823,69,257,567811,567829,18,0.6666666666666666,0.1111111111111111,4,1,0.5,0.16666666666666666,2,6,69,257
6074,349,1637,571313,69,258,571303,571321,18,0.5555555555555556,0.3333333333333333,4,1,0.5,0.4,2,10,69,258
6075,349,1657,578293,69,259,578267,578297,30,0.8666666666666667,0.06666666666666667,4,1,0.5,0.1,2,20,69,259
6076,349,1663,580387,69,260,580381,580409,28,0.21428571428571427,0.21428571428571427,4,0,0.5,0.16666666666666666,2,6,69,260
6077,349,1667,581783,69,261,581773,581797,24,0.4166666666666667,0.25,4,1,0.5,0.5,2,4,69,261
6078,349,1669,582481,69,262,582469,582499,30,0.4,0.13333333333333333,4,1,0.5,0.5,2,2,69,262
6079,349,1693,590857,69,263,590839,590867,28,0.6428571428571429,0.21428571428571427,4,1,0.5,0.5,2,24,69,263
6080,349,1697,592253,69,264,592237,592261,24,0.6666666666666666,0.16666666666666666,4,1,0.5,0.5,2,4,69,264
6081,349,1699,592951,69,265,592939,592967,28,0.42857142857142855,0.07142857142857142,4,1,0.5,0.5,2,2,69,265
6082,349,1709,596441,69,266,596423,596461,38,0.47368421052631576,0.07894736842105263,4,1,0.5,0.4,2,10,69,266
6083,349,1721,600629,69,267,600623,600631,8,0.75,0.75,4,0,0.5,0.16666666666666666,2,12,69,267
6084,349,1723,601327,69,268,601319,601333,14,0.5714285714285714,0.14285714285714285,4,1,0.5,0.5,2,2,69,268
6085,349,1733,604817,69,269,604811,604819,8,0.75,0.25,4,1,0.5,0.3,2,10,69,269
6086,349,1741,607609,69,270,607583,607619,36,0.7222222222222222,0.1111111111111111,4,1,0.5,0.25,2,8,69,270
6087,349,1747,609703,69,271,609701,609709,8,0.25,0.25,4,0,0.5,0.6666666666666666,2,6,69,271
6088,349,1753,611797,69,272,611791,611801,10,0.6,0.6,4,0,0.5,0.6666666666666666,2,6,69,272
6089,349,1759,613891,69,273,613889,613903,14,0.14285714285714285,0.14285714285714285,4,0,0.5,0.16666666666666666,2,6,69,273
6090,349,1777,620173,69,274,620171,620183,12,0.16666666666666666,0.16666666666666666,4,0,0.5,0.1111111111111111,2,18,69,274
6091,349,1783,622267,69,275,622249,622277,28,0.6428571428571429,0.35714285714285715,4,1,0.5,0.3333333333333333,2,6,69,275
6092,349,1787,623663,69,276,623653,623669,16,0.625,0.0625,4,1,0.5,0.25,2,4,69,276
6093,349,1789,624361,69,277,624347,624391,44,0.3181818181818182,0.13636363636363635,4,1,0.5,0.5,2,2,69,277
6094,349,1801,628549,69,278,628547,628561,14,0.14285714285714285,0.14285714285714285,4,0,0.5,0.3333333333333333,2,12,69,278
6095,349,1811,632039,69,279,632029,632041,12,0.8333333333333334,0.3333333333333333,4,1,0.5,0.2,2,10,69,279
6096,349,1823,636227,69,280,636217,636241,24,0.4166666666666667,0.16666666666666666,4,1,0.5,0.25,2,12,69,280
6097,349,1831,639019,69,281,639011,639043,32,0.25,0.0625,4,1,0.5,0.75,2,8,69,281
6098,349,1847,644603,69,282,644599,644617,18,0.2222222222222222,0.1111111111111111,4,1,0.5,0.25,2,16,69,282
6099,349,1861,649489,69,283,649487,649499,12,0.16666666666666666,0.16666666666666666,4,0,0.5,0.14285714285714285,2,14,69,283
6100,349,1867,651583,69,284,651517,651587,70,0.9428571428571428,0.08571428571428572,4,1,0.5,0.6666666666666666,2,6,69,284
6101,349,1871,652979,69,285,652969,652991,22,0.45454545454545453,0.18181818181818182,4,1,0.5,0.25,2,4,69,285
6102,349,1873,653677,69,286,653659,653687,28,0.6428571428571429,0.10714285714285714,4,1,0.5,0.5,2,2,69,286
6103,349,1877,655073,69,287,655069,655087,18,0.2222222222222222,0.1111111111111111,4,1,0.5,0.25,2,4,69,287
6104,349,1879,655771,69,288,655757,655807,50,0.28,0.1,4,1,0.5,0.5,2,2,69,288
6105,349,1889,659261,69,289,659251,659279,28,0.35714285714285715,0.10714285714285714,4,1,0.5,0.3,2,10,69,289
6106,349,1901,663449,69,290,663437,663463,26,0.46153846153846156,0.07692307692307693,4,1,0.5,0.16666666666666666,2,12,69,290
6107,349,1907,665543,69,291,665527,665549,22,0.7272727272727273,0.18181818181818182,4,1,0.5,0.3333333333333333,2,6,69,291
6108,349,1913,667637,69,292,667631,667643,12,0.5,0.16666666666666666,4,1,0.5,0.3333333333333333,2,6,69,292
6109,349,1931,673919,69,293,673891,673921,30,0.9333333333333333,0.26666666666666666,4,1,0.5,0.1111111111111111,2,18,69,293
6110,349,1933,674617,69,294,674603,674647,44,0.3181818181818182,0.045454545454545456,4,1,0.5,0.5,2,2,69,294
6111,349,1949,680201,69,295,680189,680203,14,0.8571428571428571,0.14285714285714285,4,1,0.5,0.0625,2,16,69,295
6112,349,1951,680899,69,296,680881,680917,36,0.5,0.1111111111111111,4,1,0.5,0.5,2,2,69,296
6113,349,1973,688577,69,297,688573,688591,18,0.2222222222222222,0.2222222222222222,4,0,0.5,0.13636363636363635,2,22,69,297
6114,349,1979,690671,69,298,690661,690673,12,0.8333333333333334,0.16666666666666666,4,1,0.5,0.6666666666666666,2,6,69,298
6115,349,1987,693463,69,299,693437,693487,50,0.52,0.04,4,1,0.5,0.25,2,8,69,299
6116,349,1993,695557,69,300,695509,695561,52,0.9230769230769231,0.15384615384615385,4,1,0.5,0.6666666666666666,2,6,69,300
6117,349,1997,696953,69,301,696937,696961,24,0.6666666666666666,0.16666666666666666,4,1,0.5,0.25,2,4,69,301
6118,349,1999,697651,69,302,697643,697673,30,0.26666666666666666,0.13333333333333333,4,1,0.5,0.5,2,2,69,302
6119,349,2003,699047,69,303,699037,699053,16,0.625,0.0625,4,1,0.5,0.5,2,4,69,303
6120,353,1009,356177,70,168,356173,356197,24,0.16666666666666666,0.16666666666666666,4,0,0.5,0.08333333333333333,4,12,70,168
6121,353,1013,357589,70,169,357587,357593,6,0.3333333333333333,0.3333333333333333,4,0,0.5,0.5,4,4,70,169
6122,353,1019,359707,70,170,359701,359713,12,0.5,0.3333333333333333,4,1,0.5,0.8333333333333334,4,6,70,170
6123,353,1021,360413,70,171,360407,360421,14,0.42857142857142855,0.14285714285714285,4,1,0.5,0.5,4,2,70,171
6124,353,1031,363943,70,172,363941,363947,6,0.3333333333333333,0.3333333333333333,4,0,0.5,0.6,4,10,70,172
6125,353,1033,364649,70,173,364643,364657,14,0.42857142857142855,0.42857142857142855,4,0,0.5,0.5,4,2,70,173
6126,353,1039,366767,70,174,366733,366787,54,0.6296296296296297,0.07407407407407407,4,1,0.5,0.6666666666666666,4,6,70,174
6127,353,1049,370297,70,175,370261,370373,112,0.32142857142857145,0.008928571428571428,4,1,0.5,0.2,4,10,70,175
6128,353,1051,371003,70,176,370949,371027,78,0.6923076923076923,0.0641025641025641,4,1,0.5,0.5,4,2,70,176
6129,353,1061,374533,70,177,374531,374537,6,0.3333333333333333,0.3333333333333333,4,0,0.5,0.4,4,10,70,177
6130,353,1063,375239,70,178,375233,375247,14,0.42857142857142855,0.42857142857142855,4,0,0.5,0.5,4,2,70,178
6131,353,1069,377357,70,179,377353,377369,16,0.25,0.0625,4,1,0.5,0.6666666666666666,4,6,70,179
6132,353,1087,383711,70,180,383693,383723,30,0.6,0.26666666666666666,4,1,0.5,0.2222222222222222,4,18,70,180
6133,353,1091,385123,70,181,385109,385127,18,0.7777777777777778,0.1111111111111111,4,1,0.5,0.75,4,4,70,181
6134,353,1093,385829,70,182,385817,385831,14,0.8571428571428571,0.14285714285714285,4,1,0.5,0.5,4,2,70,182
6135,353,1097,387241,70,183,387227,387253,26,0.5384615384615384,0.07692307692307693,4,1,0.5,0.25,4,4,70,183
6136,353,1103,389359,70,184,389357,389369,12,0.16666666666666666,0.16666666666666666,4,0,0.5,0.3333333333333333,4,6,70,184
6137,353,1109,391477,70,185,391453,391487,34,0.7058823529411765,0.17647058823529413,4,1,0.5,0.8333333333333334,4,6,70,185
6138,353,1117,394301,70,186,394291,394319,28,0.35714285714285715,0.07142857142857142,4,1,0.5,0.25,4,8,70,186
6139,353,1123,396419,70,187,396413,396427,14,0.42857142857142855,0.14285714285714285,4,1,0.5,0.3333333333333333,4,6,70,187
6140,353,1129,398537,70,188,398509,398539,30,0.9333333333333333,0.3333333333333333,4,1,0.5,0.5,4,6,70,188
6141,353,1151,406303,70,189,406271,406309,38,0.8421052631578947,0.15789473684210525,4,1,0.5,0.18181818181818182,4,22,70,189
6142,353,1153,407009,70,190,406993,407023,30,0.5333333333333333,0.3333333333333333,4,1,0.5,0.5,4,2,70,190
6143,353,1163,410539,70,191,410519,410551,32,0.625,0.0625,4,1,0.5,0.1,4,10,70,191
6144,353,1171,413363,70,192,413353,413411,58,0.1724137931034483,0.06896551724137931,4,1,0.5,0.25,4,8,70,192
6145,353,1181,416893,70,193,416887,416947,60,0.1,0.1,4,0,0.5,0.3,4,10,70,193
6146,353,1187,419011,70,194,418997,419047,50,0.28,0.24,4,1,0.5,0.8333333333333334,4,6,70,194
6147,353,1193,421129,70,195,421123,421133,10,0.6,0.4,4,1,0.5,0.3333333333333333,4,6,70,195
6148,353,1201,423953,70,196,423949,423961,12,0.3333333333333333,0.3333333333333333,4,0,0.5,0.25,4,8,70,196
6149,353,1213,428189,70,197,428177,428221,44,0.2727272727272727,0.11363636363636363,4,1,0.5,0.08333333333333333,4,12,70,197
6150,353,1217,429601,70,198,429599,429631,32,0.0625,0.0625,4,0,0.5,0.25,4,4,70,198
6151,353,1223,431719,70,199,431707,431729,22,0.5454545454545454,0.18181818181818182,4,1,0.5,0.3333333333333333,4,6,70,199
6152,353,1229,433837,70,200,433817,433847,30,0.6666666666666666,0.06666666666666667,4,1,0.5,0.5,4,6,70,200
6153,353,1231,434543,70,201,434521,434561,40,0.55,0.25,4,1,0.5,0.5,4,2,70,201
6154,353,1237,436661,70,202,436651,436673,22,0.45454545454545453,0.2727272727272727,4,1,0.5,0.5,4,6,70,202
6155,353,1249,440897,70,203,440893,440903,10,0.4,0.1,4,1,0.5,0.08333333333333333,4,12,70,203
6156,353,1259,444427,70,204,444421,444443,22,0.2727272727272727,0.2727272727272727,4,0,0.5,0.4,4,10,70,204
6157,353,1277,450781,70,205,450767,450787,20,0.7,0.3,4,1,0.5,0.1111111111111111,4,18,70,205
6158,353,1279,451487,70,206,451481,451499,18,0.3333333333333333,0.1111111111111111,4,1,0.5,0.5,4,2,70,206
6159,353,1283,452899,70,207,452873,452923,50,0.52,0.08,4,1,0.5,0.75,4,4,70,207
6160,353,1289,455017,70,208,455011,455033,22,0.2727272727272727,0.2727272727272727,4,0,0.5,0.3333333333333333,4,6,70,208
6161,353,1291,455723,70,209,455717,455737,20,0.3,0.3,4,0,0.5,0.5,4,2,70,209
6162,353,1297,457841,70,210,457837,457871,34,0.11764705882352941,0.11764705882352941,4,0,0.5,0.3333333333333333,4,6,70,210
6163,353,1301,459253,70,211,459233,459257,24,0.8333333333333334,0.5833333333333334,4,1,0.5,0.5,4,4,70,211
6164,353,1303,459959,70,212,459937,459961,24,0.9166666666666666,0.08333333333333333,4,1,0.5,0.5,4,2,70,212
6165,353,1307,461371,70,213,461359,461381,22,0.5454545454545454,0.3181818181818182,4,1,0.5,0.75,4,4,70,213
6166,353,1319,465607,70,214,465587,465611,24,0.8333333333333334,0.25,4,1,0.5,0.5,4,12,70,214
6167,353,1321,466313,70,215,466303,466321,18,0.5555555555555556,0.2222222222222222,4,1,0.5,0.5,4,2,70,215
6168,353,1327,468431,70,216,468421,468439,18,0.5555555555555556,0.05555555555555555,4,1,0.5,0.16666666666666666,4,6,70,216
6169,353,1361,480433,70,217,480427,480449,22,0.2727272727272727,0.18181818181818182,4,1,0.5,0.058823529411764705,4,34,70,217
6170,353,1367,482551,70,218,482539,482569,30,0.4,0.1,4,1,0.5,0.3333333333333333,4,6,70,218
6171,353,1373,484669,70,219,484643,484691,48,0.5416666666666666,0.125,4,1,0.5,0.3333333333333333,4,6,70,219
6172,353,1381,487493,70,220,487489,487507,18,0.2222222222222222,0.2222222222222222,4,0,0.5,0.75,4,8,70,220
6173,353,1399,493847,70,221,493817,493853,36,0.8333333333333334,0.05555555555555555,4,1,0.5,0.05555555555555555,4,18,70,221
6174,353,1409,497377,70,222,497351,497389,38,0.6842105263157895,0.05263157894736842,4,1,0.5,0.2,4,10,70,222
6175,353,1423,502319,70,223,502301,502321,20,0.9,0.1,4,1,0.5,0.14285714285714285,4,14,70,223
6176,353,1427,503731,70,224,503717,503743,26,0.5384615384615384,0.07692307692307693,4,1,0.5,0.75,4,4,70,224
6177,353,1429,504437,70,225,504403,504457,54,0.6296296296296297,0.07407407407407407,4,1,0.5,0.5,4,2,70,225
6178,353,1433,505849,70,226,505823,505867,44,0.5909090909090909,0.06818181818181818,4,1,0.5,0.5,4,4,70,226
6179,353,1439,507967,70,227,507961,507971,10,0.6,0.2,4,1,0.5,0.6666666666666666,4,6,70,227
6180,353,1447,510791,70,228,510773,510793,20,0.9,0.3,4,1,0.5,0.25,4,8,70,228
6181,353,1451,512203,70,229,512167,512207,40,0.9,0.25,4,1,0.5,0.25,4,4,70,229
6182,353,1453,512909,70,230,512903,512917,14,0.42857142857142855,0.42857142857142855,4,0,0.5,0.5,4,2,70,230
6183,353,1459,515027,70,231,514967,515041,74,0.8108108108108109,0.08108108108108109,4,1,0.5,0.16666666666666666,4,6,70,231
6184,353,1471,519263,70,232,519257,519269,12,0.5,0.3333333333333333,4,1,0.5,0.16666666666666666,4,12,70,232
6185,353,1481,522793,70,233,522787,522811,24,0.25,0.08333333333333333,4,1,0.5,0.2,4,10,70,233
6186,353,1483,523499,70,234,523493,523511,18,0.3333333333333333,0.3333333333333333,4,0,0.5,0.5,4,2,70,234
6187,353,1487,524911,70,235,524899,524921,22,0.5454545454545454,0.18181818181818182,4,1,0.5,0.75,4,4,70,235
6188,353,1489,525617,70,236,525607,525641,34,0.29411764705882354,0.11764705882352941,4,1,0.5,0.5,4,2,70,236
6189,353,1493,527029,70,237,526997,527053,56,0.5714285714285714,0.10714285714285714,4,1,0.5,0.75,4,4,70,237
6190,353,1499,529147,70,238,529129,529153,24,0.75,0.5,4,1,0.5,0.6666666666666666,4,6,70,238
6191,353,1511,533383,70,239,533371,533389,18,0.6666666666666666,0.1111111111111111,4,1,0.5,0.16666666666666666,4,12,70,239
6192,353,1523,537619,70,240,537611,537637,26,0.3076923076923077,0.07692307692307693,4,1,0.5,0.16666666666666666,4,12,70,240
6193,353,1531,540443,70,241,540437,540461,24,0.25,0.08333333333333333,4,1,0.5,0.5,4,8,70,241
6194,353,1543,544679,70,242,544667,544699,32,0.375,0.0625,4,1,0.5,0.3333333333333333,4,12,70,242
6195,353,1549,546797,70,243,546781,546841,60,0.26666666666666666,0.03333333333333333,4,1,0.5,0.5,4,6,70,243
6196,353,1553,548209,70,244,548201,548213,12,0.6666666666666666,0.16666666666666666,4,1,0.5,0.5,4,4,70,244
6197,353,1559,550327,70,245,550309,550337,28,0.6428571428571429,0.07142857142857142,4,1,0.5,0.3333333333333333,4,6,70,245
6198,353,1567,553151,70,246,553141,553153,12,0.8333333333333334,0.3333333333333333,4,1,0.5,0.25,4,8,70,246
6199,353,1571,554563,70,247,554531,554569,38,0.8421052631578947,0.15789473684210525,4,1,0.5,0.5,4,4,70,247
6200,353,1579,557387,70,248,557377,557423,46,0.21739130434782608,0.021739130434782608,4,1,0.5,0.375,4,8,70,248
6201,353,1583,558799,70,249,558793,558827,34,0.17647058823529413,0.029411764705882353,4,1,0.5,0.5,4,4,70,249
6202,353,1597,563741,70,250,563723,563743,20,0.9,0.2,4,1,0.5,0.14285714285714285,4,14,70,250
6203,353,1601,565153,70,251,565127,565163,36,0.7222222222222222,0.05555555555555555,4,1,0.5,0.25,4,4,70,251
6204,353,1607,567271,70,252,567263,567277,14,0.5714285714285714,0.14285714285714285,4,1,0.5,0.3333333333333333,4,6,70,252
6205,353,1609,567977,70,253,567961,567979,18,0.8888888888888888,0.5555555555555556,4,1,0.5,0.5,4,2,70,253
6206,353,1613,569389,70,254,569369,569417,48,0.4166666666666667,0.16666666666666666,4,1,0.5,0.5,4,4,70,254
6207,353,1619,571507,70,255,571477,571531,54,0.5555555555555556,0.07407407407407407,4,1,0.5,0.8333333333333334,4,6,70,255
6208,353,1621,572213,70,256,572207,572233,26,0.23076923076923078,0.23076923076923078,4,0,0.5,0.5,4,2,70,256
6209,353,1627,574331,70,257,574309,574363,54,0.4074074074074074,0.16666666666666666,4,1,0.5,0.16666666666666666,4,6,70,257
6210,353,1637,577861,70,258,577849,577867,18,0.6666666666666666,0.1111111111111111,4,1,0.5,0.4,4,10,70,258
6211,353,1657,584921,70,259,584917,584923,6,0.6666666666666666,0.16666666666666666,4,1,0.5,0.1,4,20,70,259
6212,353,1663,587039,70,260,587033,587051,18,0.3333333333333333,0.3333333333333333,4,0,0.5,0.16666666666666666,4,6,70,260
6213,353,1667,588451,70,261,588437,588463,26,0.5384615384615384,0.23076923076923078,4,1,0.5,0.5,4,4,70,261
6214,353,1669,589157,70,262,589139,589159,20,0.9,0.1,4,1,0.5,0.5,4,2,70,262
6215,353,1693,597629,70,263,597613,597637,24,0.6666666666666666,0.3333333333333333,4,1,0.5,0.5,4,24,70,263
6216,353,1697,599041,70,264,599023,599069,46,0.391304347826087,0.06521739130434782,4,1,0.5,0.5,4,4,70,264
6217,353,1699,599747,70,265,599741,599759,18,0.3333333333333333,0.1111111111111111,4,1,0.5,0.5,4,2,70,265
6218,353,1709,603277,70,266,603257,603283,26,0.7692307692307693,0.07692307692307693,4,1,0.5,0.4,4,10,70,266
6219,353,1721,607513,70,267,607493,607517,24,0.8333333333333334,0.20833333333333334,4,1,0.5,0.16666666666666666,4,12,70,267
6220,353,1723,608219,70,268,608213,608269,56,0.10714285714285714,0.10714285714285714,4,0,0.5,0.5,4,2,70,268
6221,353,1733,611749,70,269,611729,611753,24,0.8333333333333334,0.08333333333333333,4,1,0.5,0.3,4,10,70,269
6222,353,1741,614573,70,270,614569,614609,40,0.1,0.05,4,1,0.5,0.25,4,8,70,270
6223,353,1747,616691,70,271,616673,616703,30,0.6,0.13333333333333333,4,1,0.5,0.6666666666666666,4,6,70,271
6224,353,1753,618809,70,272,618799,618823,24,0.4166666666666667,0.16666666666666666,4,1,0.5,0.6666666666666666,4,6,70,272
6225,353,1759,620927,70,273,620911,620929,18,0.8888888888888888,0.2222222222222222,4,1,0.5,0.16666666666666666,4,6,70,273
6226,353,1777,627281,70,274,627271,627293,22,0.45454545454545453,0.13636363636363635,4,1,0.5,0.1111111111111111,4,18,70,274
6227,353,1783,629399,70,275,629383,629401,18,0.8888888888888888,0.16666666666666666,4,1,0.5,0.3333333333333333,4,6,70,275
6228,353,1787,630811,70,276,630803,630823,20,0.4,0.3,4,1,0.5,0.25,4,4,70,276
6229,353,1789,631517,70,277,631513,631529,16,0.25,0.25,4,0,0.5,0.5,4,2,70,277
6230,353,1801,635753,70,278,635737,635777,40,0.4,0.1,4,1,0.5,0.3333333333333333,4,12,70,278
6231,353,1811,639283,70,279,639269,639299,30,0.4666666666666667,0.06666666666666667,4,1,0.5,0.2,4,10,70,279
6232,353,1823,643519,70,280,643507,643523,16,0.75,0.4375,4,1,0.5,0.25,4,12,70,280
6233,353,1831,646343,70,281,646339,646379,40,0.1,0.05,4,1,0.5,0.75,4,8,70,281
6234,353,1847,651991,70,282,651971,651997,26,0.7692307692307693,0.07692307692307693,4,1,0.5,0.25,4,16,70,282
6235,353,1861,656933,70,283,656923,656939,16,0.625,0.25,4,1,0.5,0.14285714285714285,4,14,70,283
6236,353,1867,659051,70,284,659047,659059,12,0.3333333333333333,0.16666666666666666,4,1,0.5,0.6666666666666666,4,6,70,284
6237,353,1871,660463,70,285,660449,660493,44,0.3181818181818182,0.045454545454545456,4,1,0.5,0.25,4,4,70,285
6238,353,1873,661169,70,286,661139,661183,44,0.6818181818181818,0.045454545454545456,4,1,0.5,0.5,4,2,70,286
6239,353,1877,662581,70,287,662567,662591,24,0.5833333333333334,0.08333333333333333,4,1,0.5,0.25,4,4,70,287
6240,353,1879,663287,70,288,663283,663301,18,0.2222222222222222,0.2222222222222222,4,0,0.5,0.5,4,2,70,288
6241,353,1889,666817,70,289,666811,666821,10,0.6,0.6,4,0,0.5,0.3,4,10,70,289
6242,353,1901,671053,70,290,671039,671059,20,0.7,0.2,4,1,0.5,0.16666666666666666,4,12,70,290
6243,353,1907,673171,70,291,673157,673193,36,0.3888888888888889,0.05555555555555555,4,1,0.5,0.3333333333333333,4,6,70,291
6244,353,1913,675289,70,292,675271,675299,28,0.6428571428571429,0.21428571428571427,4,1,0.5,0.3333333333333333,4,6,70,292
6245,353,1931,681643,70,293,681631,681647,16,0.75,0.25,4,1,0.5,0.1111111111111111,4,18,70,293
6246,353,1933,682349,70,294,682337,682361,24,0.5,0.20833333333333334,4,1,0.5,0.5,4,2,70,294
6247,353,1949,687997,70,295,687977,688003,26,0.7692307692307693,0.07692307692307693,4,1,0.5,0.0625,4,16,70,295
6248,353,1951,688703,70,296,688697,688717,20,0.3,0.3,4,0,0.5,0.5,4,2,70,296
6249,353,1973,696469,70,297,696457,696481,24,0.5,0.08333333333333333,4,1,0.5,0.13636363636363635,4,22,70,297
6250,353,1979,698587,70,298,698567,698591,24,0.8333333333333334,0.08333333333333333,4,1,0.5,0.6666666666666666,4,6,70,298
6251,353,1987,701411,70,299,701401,701413,12,0.8333333333333334,0.3333333333333333,4,1,0.5,0.25,4,8,70,299
6252,353,1993,703529,70,300,703499,703531,32,0.9375,0.09375,4,1,0.5,0.6666666666666666,4,6,70,300
6253,353,1997,704941,70,301,704933,704947,14,0.5714285714285714,0.2857142857142857,4,1,0.5,0.25,4,4,70,301
6254,353,1999,705647,70,302,705643,705689,46,0.08695652173913043,0.08695652173913043,4,0,0.5,0.5,4,2,70,302
6255,353,2003,707059,70,303,707053,707071,18,0.3333333333333333,0.05555555555555555,4,1,0.5,0.5,4,4,70,303
6256,359,1009,362231,71,168,362221,362233,12,0.8333333333333334,0.5,4,1,0.3333333333333333,0.08333333333333333,6,12,71,168
6257,359,1013,363667,71,169,363659,363677,18,0.4444444444444444,0.1111111111111111,4,1,0.3333333333333333,0.5,6,4,71,169
6258,359,1019,365821,71,170,365809,365837,28,0.42857142857142855,0.07142857142857142,4,1,0.3333333333333333,0.8333333333333334,6,6,71,170
6259,359,1021,366539,71,171,366521,366547,26,0.6923076923076923,0.07692307692307693,4,1,0.3333333333333333,0.5,6,2,71,171
6260,359,1031,370129,71,172,370121,370133,12,0.6666666666666666,0.4166666666666667,4,1,0.3333333333333333,0.6,6,10,71,172
6261,359,1033,370847,71,173,370837,370871,34,0.29411764705882354,0.11764705882352941,4,1,0.3333333333333333,0.5,6,2,71,173
6262,359,1039,373001,71,174,372979,373003,24,0.9166666666666666,0.25,4,1,0.3333333333333333,0.6666666666666666,6,6,71,174
6263,359,1049,376591,71,175,376589,376603,14,0.14285714285714285,0.14285714285714285,4,0,0.3333333333333333,0.2,6,10,71,175
6264,359,1051,377309,71,176,377297,377327,30,0.4,0.06666666666666667,4,1,0.3333333333333333,0.5,6,2,71,176
6265,359,1061,380899,71,177,380881,380909,28,0.6428571428571429,0.07142857142857142,4,1,0.3333333333333333,0.4,6,10,71,177
6266,359,1063,381617,71,178,381607,381629,22,0.45454545454545453,0.18181818181818182,4,1,0.3333333333333333,0.5,6,2,71,178
6267,359,1069,383771,71,179,383767,383777,10,0.4,0.4,4,0,0.3333333333333333,0.6666666666666666,6,6,71,179
6268,359,1087,390233,71,180,390223,390263,40,0.25,0.1,4,1,0.3333333333333333,0.2222222222222222,6,18,71,180
6269,359,1091,391669,71,181,391661,391679,18,0.4444444444444444,0.1111111111111111,4,1,0.3333333333333333,0.75,6,4,71,181
6270,359,1093,392387,71,182,392383,392389,6,0.6666666666666666,0.5,4,1,0.3333333333333333,0.5,6,2,71,182
6271,359,1097,393823,71,183,393797,393847,50,0.52,0.08,4,1,0.3333333333333333,0.25,6,4,71,183
6272,359,1103,395977,71,184,395971,396001,30,0.2,0.2,4,0,0.3333333333333333,0.3333333333333333,6,6,71,184
6273,359,1109,398131,71,185,398129,398143,14,0.14285714285714285,0.14285714285714285,4,0,0.3333333333333333,0.8333333333333334,6,6,71,185
6274,359,1117,401003,71,186,400997,401017,20,0.3,0.1,4,1,0.3333333333333333,0.25,6,8,71,186
6275,359,1123,403157,71,187,403141,403159,18,0.8888888888888888,0.2222222222222222,4,1,0.3333333333333333,0.3333333333333333,6,6,71,187
6276,359,1129,405311,71,188,405299,405323,24,0.5,0.08333333333333333,4,1,0.3333333333333333,0.5,6,6,71,188
6277,359,1151,413209,71,189,413207,413233,26,0.07692307692307693,0.07692307692307693,4,0,0.3333333333333333,0.18181818181818182,6,22,71,189
6278,359,1153,413927,71,190,413923,413951,28,0.14285714285714285,0.14285714285714285,4,0,0.3333333333333333,0.5,6,2,71,190
6279,359,1163,417517,71,191,417511,417523,12,0.5,0.5,4,0,0.3333333333333333,0.1,6,10,71,191
6280,359,1171,420389,71,192,420383,420397,14,0.42857142857142855,0.21428571428571427,4,1,0.3333333333333333,0.25,6,8,71,192
6281,359,1181,423979,71,193,423977,423989,12,0.16666666666666666,0.16666666666666666,4,0,0.3333333333333333,0.3,6,10,71,193
6282,359,1187,426133,71,194,426131,426161,30,0.06666666666666667,0.06666666666666667,4,0,0.3333333333333333,0.8333333333333334,6,6,71,194
6283,359,1193,428287,71,195,428273,428297,24,0.5833333333333334,0.16666666666666666,4,1,0.3333333333333333,0.3333333333333333,6,6,71,195
6284,359,1201,431159,71,196,431153,431173,20,0.3,0.2,4,1,0.3333333333333333,0.25,6,8,71,196
6285,359,1213,435467,71,197,435451,435481,30,0.5333333333333333,0.1,4,1,0.3333333333333333,0.08333333333333333,6,12,71,197
6286,359,1217,436903,71,198,436889,436913,24,0.5833333333333334,0.20833333333333334,4,1,0.3333333333333333,0.25,6,4,71,198
6287,359,1223,439057,71,199,439009,439063,54,0.8888888888888888,0.07407407407407407,4,1,0.3333333333333333,0.3333333333333333,6,6,71,199
6288,359,1229,441211,71,200,441193,441229,36,0.5,0.1111111111111111,4,1,0.3333333333333333,0.5,6,6,71,200
6289,359,1231,441929,71,201,441923,441937,14,0.42857142857142855,0.42857142857142855,4,0,0.3333333333333333,0.5,6,2,71,201
6290,359,1237,444083,71,202,444079,444089,10,0.4,0.3,4,1,0.3333333333333333,0.5,6,6,71,202
6291,359,1249,448391,71,203,448387,448397,10,0.4,0.4,4,0,0.3333333333333333,0.08333333333333333,6,12,71,203
6292,359,1259,451981,71,204,451967,451987,20,0.7,0.1,4,1,0.3333333333333333,0.4,6,10,71,204
6293,359,1277,458443,71,205,458407,458449,42,0.8571428571428571,0.09523809523809523,4,1,0.3333333333333333,0.1111111111111111,6,18,71,205
6294,359,1279,459161,71,206,459127,459167,40,0.85,0.1,4,1,0.3333333333333333,0.5,6,2,71,206
6295,359,1283,460597,71,207,460589,460609,20,0.4,0.1,4,1,0.3333333333333333,0.75,6,4,71,207
6296,359,1289,462751,71,208,462739,462773,34,0.35294117647058826,0.058823529411764705,4,1,0.3333333333333333,0.3333333333333333,6,6,71,208
6297,359,1291,463469,71,209,463459,463483,24,0.4166666666666667,0.08333333333333333,4,1,0.3333333333333333,0.5,6,2,71,209
6298,359,1297,465623,71,210,465611,465631,20,0.6,0.3,4,1,0.3333333333333333,0.3333333333333333,6,6,71,210
6299,359,1301,467059,71,211,467021,467063,42,0.9047619047619048,0.047619047619047616,4,1,0.3333333333333333,0.5,6,4,71,211
6300,359,1303,467777,71,212,467773,467783,10,0.4,0.4,4,0,0.3333333333333333,0.5,6,2,71,212
6301,359,1307,469213,71,213,469207,469219,12,0.5,0.3333333333333333,4,1,0.3333333333333333,0.75,6,4,71,213
6302,359,1319,473521,71,214,473519,473527,8,0.25,0.25,4,0,0.3333333333333333,0.5,6,12,71,214
6303,359,1321,474239,71,215,474223,474241,18,0.8888888888888888,0.2222222222222222,4,1,0.3333333333333333,0.5,6,2,71,215
6304,359,1327,476393,71,216,476381,476401,20,0.6,0.1,4,1,0.3333333333333333,0.16666666666666666,6,6,71,216
6305,359,1361,488599,71,217,488573,488603,30,0.8666666666666667,0.13333333333333333,4,1,0.3333333333333333,0.058823529411764705,6,34,71,217
6306,359,1367,490753,71,218,490741,490769,28,0.42857142857142855,0.21428571428571427,4,1,0.3333333333333333,0.3333333333333333,6,6,71,218
6307,359,1373,492907,71,219,492901,492911,10,0.6,0.6,4,0,0.3333333333333333,0.3333333333333333,6,6,71,219
6308,359,1381,495779,71,220,495773,495787,14,0.42857142857142855,0.35714285714285715,4,1,0.3333333333333333,0.75,6,8,71,220
6309,359,1399,502241,71,221,502237,502247,10,0.4,0.2,4,1,0.3333333333333333,0.05555555555555555,6,18,71,221
6310,359,1409,505831,71,222,505823,505867,44,0.18181818181818182,0.06818181818181818,4,1,0.3333333333333333,0.2,6,10,71,222
6311,359,1423,510857,71,223,510847,510889,42,0.23809523809523808,0.09523809523809523,4,1,0.3333333333333333,0.14285714285714285,6,14,71,223
6312,359,1427,512293,71,224,512287,512311,24,0.25,0.25,4,0,0.3333333333333333,0.75,6,4,71,224
6313,359,1429,513011,71,225,513001,513013,12,0.8333333333333334,0.8333333333333334,4,0,0.3333333333333333,0.5,6,2,71,225
6314,359,1433,514447,71,226,514433,514453,20,0.7,0.25,4,1,0.3333333333333333,0.5,6,4,71,226
6315,359,1439,516601,71,227,516599,516611,12,0.16666666666666666,0.16666666666666666,4,0,0.3333333333333333,0.6666666666666666,6,6,71,227
6316,359,1447,519473,71,228,519457,519487,30,0.5333333333333333,0.13333333333333333,4,1,0.3333333333333333,0.25,6,8,71,228
6317,359,1451,520909,71,229,520889,520913,24,0.8333333333333334,0.08333333333333333,4,1,0.3333333333333333,0.25,6,4,71,229
6318,359,1453,521627,71,230,521603,521641,38,0.631578947368421,0.15789473684210525,4,1,0.3333333333333333,0.5,6,2,71,230
6319,359,1459,523781,71,231,523777,523793,16,0.25,0.25,4,0,0.3333333333333333,0.16666666666666666,6,6,71,231
6320,359,1471,528089,71,232,528053,528091,38,0.9473684210526315,0.13157894736842105,4,1,0.3333333333333333,0.16666666666666666,6,12,71,232
6321,359,1481,531679,71,233,531673,531689,16,0.375,0.25,4,1,0.3333333333333333,0.2,6,10,71,233
6322,359,1483,532397,71,234,532391,532403,12,0.5,0.16666666666666666,4,1,0.3333333333333333,0.5,6,2,71,234
6323,359,1487,533833,71,235,533831,533837,6,0.3333333333333333,0.3333333333333333,4,0,0.3333333333333333,0.75,6,4,71,235
6324,359,1489,534551,71,236,534529,534553,24,0.9166666666666666,0.25,4,1,0.3333333333333333,0.5,6,2,71,236
6325,359,1493,535987,71,237,535973,535991,18,0.7777777777777778,0.3333333333333333,4,1,0.3333333333333333,0.75,6,4,71,237
6326,359,1499,538141,71,238,538127,538147,20,0.7,0.1,4,1,0.3333333333333333,0.6666666666666666,6,6,71,238
6327,359,1511,542449,71,239,542447,542461,14,0.14285714285714285,0.14285714285714285,4,0,0.3333333333333333,0.16666666666666666,6,12,71,239
6328,359,1523,546757,71,240,546739,546781,42,0.42857142857142855,0.09523809523809523,4,1,0.3333333333333333,0.16666666666666666,6,12,71,240
6329,359,1531,549629,71,241,549623,549641,18,0.3333333333333333,0.3333333333333333,4,0,0.3333333333333333,0.5,6,8,71,241
6330,359,1543,553937,71,242,553933,553961,28,0.14285714285714285,0.14285714285714285,4,0,0.3333333333333333,0.3333333333333333,6,12,71,242
6331,359,1549,556091,71,243,556069,556093,24,0.9166666666666666,0.3333333333333333,4,1,0.3333333333333333,0.5,6,6,71,243
6332,359,1553,557527,71,244,557521,557533,12,0.5,0.5,4,0,0.3333333333333333,0.5,6,4,71,244
6333,359,1559,559681,71,245,559679,559687,8,0.25,0.25,4,0,0.3333333333333333,0.3333333333333333,6,6,71,245
6334,359,1567,562553,71,246,562537,562577,40,0.4,0.05,4,1,0.3333333333333333,0.25,6,8,71,246
6335,359,1571,563989,71,247,563987,563999,12,0.16666666666666666,0.16666666666666666,4,0,0.3333333333333333,0.5,6,4,71,247
6336,359,1579,566861,71,248,566857,566879,22,0.18181818181818182,0.09090909090909091,4,1,0.3333333333333333,0.375,6,8,71,248
6337,359,1583,568297,71,249,568289,568303,14,0.5714285714285714,0.14285714285714285,4,1,0.3333333333333333,0.5,6,4,71,249
6338,359,1597,573323,71,250,573317,573329,12,0.5,0.5,4,0,0.3333333333333333,0.14285714285714285,6,14,71,250
6339,359,1601,574759,71,251,574741,574789,48,0.375,0.125,4,1,0.3333333333333333,0.25,6,4,71,251
6340,359,1607,576913,71,252,576899,576943,44,0.3181818181818182,0.18181818181818182,4,1,0.3333333333333333,0.3333333333333333,6,6,71,252
6341,359,1609,577631,71,253,577627,577637,10,0.4,0.4,4,0,0.3333333333333333,0.5,6,2,71,253
6342,359,1613,579067,71,254,579053,579079,26,0.5384615384615384,0.07692307692307693,4,1,0.3333333333333333,0.5,6,4,71,254
6343,359,1619,581221,71,255,581201,581227,26,0.7692307692307693,0.23076923076923078,4,1,0.3333333333333333,0.8333333333333334,6,6,71,255
6344,359,1621,581939,71,256,581921,581941,20,0.9,0.1,4,1,0.3333333333333333,0.5,6,2,71,256
6345,359,1627,584093,71,257,584081,584099,18,0.6666666666666666,0.1111111111111111,4,1,0.3333333333333333,0.16666666666666666,6,6,71,257
6346,359,1637,587683,71,258,587677,587687,10,0.6,0.2,4,1,0.3333333333333333,0.4,6,10,71,258
6347,359,1657,594863,71,259,594857,594889,32,0.1875,0.1875,4,0,0.3333333333333333,0.1,6,20,71,259
6348,359,1663,597017,71,260,596987,597031,44,0.6818181818181818,0.045454545454545456,4,1,0.3333333333333333,0.16666666666666666,6,6,71,260
6349,359,1667,598453,71,261,598447,598457,10,0.6,0.2,4,1,0.3333333333333333,0.5,6,4,71,261
6350,359,1669,599171,71,262,599153,599191,38,0.47368421052631576,0.05263157894736842,4,1,0.3333333333333333,0.5,6,2,71,262
6351,359,1693,607787,71,263,607769,607813,44,0.4090909090909091,0.045454545454545456,4,1,0.3333333333333333,0.5,6,24,71,263
6352,359,1697,609223,71,264,609221,609227,6,0.3333333333333333,0.3333333333333333,4,0,0.3333333333333333,0.5,6,4,71,264
6353,359,1699,609941,71,265,609929,609979,50,0.24,0.04,4,1,0.3333333333333333,0.5,6,2,71,265
6354,359,1709,613531,71,266,613523,613549,26,0.3076923076923077,0.11538461538461539,4,1,0.3333333333333333,0.4,6,10,71,266
6355,359,1721,617839,71,267,617819,617843,24,0.8333333333333334,0.08333333333333333,4,1,0.3333333333333333,0.16666666666666666,6,12,71,267
6356,359,1723,618557,71,268,618547,618559,12,0.8333333333333334,0.16666666666666666,4,1,0.3333333333333333,0.5,6,2,71,268
6357,359,1733,622147,71,269,622133,622151,18,0.7777777777777778,0.1111111111111111,4,1,0.3333333333333333,0.3,6,10,71,269
6358,359,1741,625019,71,270,625007,625033,26,0.46153846153846156,0.15384615384615385,4,1,0.3333333333333333,0.25,6,8,71,270
6359,359,1747,627173,71,271,627169,627191,22,0.18181818181818182,0.18181818181818182,4,0,0.3333333333333333,0.6666666666666666,6,6,71,271
6360,359,1753,629327,71,272,629311,629339,28,0.5714285714285714,0.07142857142857142,4,1,0.3333333333333333,0.6666666666666666,6,6,71,272
6361,359,1759,631481,71,273,631471,631483,12,0.8333333333333334,0.16666666666666666,4,1,0.3333333333333333,0.16666666666666666,6,6,71,273
6362,359,1777,637943,71,274,637939,638023,84,0.047619047619047616,0.047619047619047616,4,0,0.3333333333333333,0.1111111111111111,6,18,71,274
6363,359,1783,640097,71,275,640069,640099,30,0.9333333333333333,0.26666666666666666,4,1,0.3333333333333333,0.3333333333333333,6,6,71,275
6364,359,1787,641533,71,276,641521,641549,28,0.42857142857142855,0.21428571428571427,4,1,0.3333333333333333,0.25,6,4,71,276
6365,359,1789,642251,71,277,642247,642253,6,0.6666666666666666,0.6666666666666666,4,0,0.3333333333333333,0.5,6,2,71,277
6366,359,1801,646559,71,278,646549,646571,22,0.45454545454545453,0.18181818181818182,4,1,0.3333333333333333,0.3333333333333333,6,12,71,278
6367,359,1811,650149,71,279,650107,650179,72,0.5833333333333334,0.027777777777777776,4,1,0.3333333333333333,0.2,6,10,71,279
6368,359,1823,654457,71,280,654439,654491,52,0.34615384615384615,0.8076923076923077,3,-1,0.3333333333333333,0.25,6,12,71,280
6369,359,1831,657329,71,281,657323,657347,24,0.25,0.25,4,0,0.3333333333333333,0.75,6,8,71,281
6370,359,1847,663073,71,282,663071,663097,26,0.07692307692307693,0.07692307692307693,4,0,0.3333333333333333,0.25,6,16,71,282
6371,359,1861,668099,71,283,668093,668111,18,0.3333333333333333,0.2777777777777778,4,1,0.3333333333333333,0.14285714285714285,6,14,71,283
6372,359,1867,670253,71,284,670249,670261,12,0.3333333333333333,0.3333333333333333,4,0,0.3333333333333333,0.6666666666666666,6,6,71,284
6373,359,1871,671689,71,285,671681,671701,20,0.4,0.1,4,1,0.3333333333333333,0.25,6,4,71,285
6374,359,1873,672407,71,286,672379,672439,60,0.4666666666666667,0.06666666666666667,4,1,0.3333333333333333,0.5,6,2,71,286
6375,359,1877,673843,71,287,673837,673879,42,0.14285714285714285,0.09523809523809523,4,1,0.3333333333333333,0.25,6,4,71,287
6376,359,1879,674561,71,288,674551,674563,12,0.8333333333333334,0.25,4,1,0.3333333333333333,0.5,6,2,71,288
6377,359,1889,678151,71,289,678133,678157,24,0.75,0.041666666666666664,4,1,0.3333333333333333,0.3,6,10,71,289
6378,359,1901,682459,71,290,682447,682463,16,0.75,0.4375,4,1,0.3333333333333333,0.16666666666666666,6,12,71,290
6379,359,1907,684613,71,291,684599,684617,18,0.7777777777777778,0.1111111111111111,4,1,0.3333333333333333,0.3333333333333333,6,6,71,291
6380,359,1913,686767,71,292,686761,686773,12,0.5,0.08333333333333333,4,1,0.3333333333333333,0.3333333333333333,6,6,71,292
6381,359,1931,693229,71,293,693223,693257,34,0.17647058823529413,0.11764705882352941,4,1,0.3333333333333333,0.1111111111111111,6,18,71,293
6382,359,1933,693947,71,294,693943,693961,18,0.2222222222222222,0.2222222222222222,4,0,0.3333333333333333,0.5,6,2,71,294
6383,359,1949,699691,71,295,699649,699697,48,0.875,0.1875,4,1,0.3333333333333333,0.0625,6,16,71,295
6384,359,1951,700409,71,296,700393,700423,30,0.5333333333333333,0.2,4,1,0.3333333333333333,0.5,6,2,71,296
6385,359,1973,708307,71,297,708293,708311,18,0.7777777777777778,0.2777777777777778,4,1,0.3333333333333333,0.13636363636363635,6,22,71,297
6386,359,1979,710461,71,298,710459,710473,14,0.14285714285714285,0.14285714285714285,4,0,0.3333333333333333,0.6666666666666666,6,6,71,298
6387,359,1987,713333,71,299,713329,713347,18,0.2222222222222222,0.2222222222222222,4,0,0.3333333333333333,0.25,6,8,71,299
6388,359,1993,715487,71,300,715457,715489,32,0.9375,0.0625,4,1,0.3333333333333333,0.6666666666666666,6,6,71,300
6389,359,1997,716923,71,301,716917,716929,12,0.5,0.08333333333333333,4,1,0.3333333333333333,0.25,6,4,71,301
6390,359,1999,717641,71,302,717631,717653,22,0.45454545454545453,0.18181818181818182,4,1,0.3333333333333333,0.5,6,2,71,302
6391,359,2003,719077,71,303,719071,719101,30,0.2,0.2,4,0,0.3333333333333333,0.5,6,4,71,303
6392,367,1009,370303,72,168,370261,370373,112,0.375,0.008928571428571428,4,1,0.25,0.08333333333333333,8,12,72,168
6393,367,1013,371771,72,169,371737,371779,42,0.8095238095238095,0.023809523809523808,4,1,0.25,0.5,8,4,72,169
6394,367,1019,373973,72,170,373969,373981,12,0.3333333333333333,0.3333333333333333,4,0,0.25,0.8333333333333334,8,6,72,170
6395,367,1021,374707,72,171,374701,374713,12,0.5,0.3333333333333333,4,1,0.25,0.5,8,2,72,171
6396,367,1031,378377,72,172,378361,378379,18,0.8888888888888888,0.6666666666666666,4,1,0.25,0.6,8,10,72,172
6397,367,1033,379111,72,173,379103,379123,20,0.4,0.1,4,1,0.25,0.5,8,2,72,173
6398,367,1039,381313,72,174,381301,381319,18,0.6666666666666666,0.2222222222222222,4,1,0.25,0.6666666666666666,8,6,72,174
6399,367,1049,384983,72,175,384973,385001,28,0.35714285714285715,0.14285714285714285,4,1,0.25,0.2,8,10,72,175
6400,367,1051,385717,72,176,385709,385739,30,0.26666666666666666,0.06666666666666667,4,1,0.25,0.5,8,2,72,176
6401,367,1061,389387,72,177,389381,389399,18,0.3333333333333333,0.3333333333333333,4,0,0.25,0.4,8,10,72,177
6402,367,1063,390121,72,178,390119,390151,32,0.0625,0.0625,4,0,0.25,0.5,8,2,72,178
6403,367,1069,392323,72,179,392321,392333,12,0.16666666666666666,0.16666666666666666,4,0,0.25,0.6666666666666666,8,6,72,179
6404,367,1087,398929,72,180,398921,398933,12,0.6666666666666666,0.16666666666666666,4,1,0.25,0.2222222222222222,8,18,72,180
6405,367,1091,400397,72,181,400391,400409,18,0.3333333333333333,0.3333333333333333,4,0,0.25,0.75,8,4,72,181
6406,367,1093,401131,72,182,401119,401161,42,0.2857142857142857,0.09523809523809523,4,1,0.25,0.5,8,2,72,182
6407,367,1097,402599,72,183,402593,402601,8,0.75,0.75,4,0,0.25,0.25,8,4,72,183
6408,367,1103,404801,72,184,404783,404819,36,0.5,0.08333333333333333,4,1,0.25,0.3333333333333333,8,6,72,184
6409,367,1109,407003,72,185,406993,407023,30,0.3333333333333333,0.3333333333333333,4,0,0.25,0.8333333333333334,8,6,72,185
6410,367,1117,409939,72,186,409933,409943,10,0.6,0.6,4,0,0.25,0.25,8,8,72,186
6411,367,1123,412141,72,187,412133,412147,14,0.5714285714285714,0.35714285714285715,4,1,0.25,0.3333333333333333,8,6,72,187
6412,367,1129,414343,72,188,414331,414347,16,0.75,0.4375,4,1,0.25,0.5,8,6,72,188
6413,367,1151,422417,72,189,422407,422431,24,0.4166666666666667,0.25,4,1,0.25,0.18181818181818182,8,22,72,189
6414,367,1153,423151,72,190,423133,423173,40,0.45,0.15,4,1,0.25,0.5,8,2,72,190
6415,367,1163,426821,72,191,426799,426841,42,0.5238095238095238,0.09523809523809523,4,1,0.25,0.1,8,10,72,191
6416,367,1171,429757,72,192,429733,429773,40,0.6,0.025,4,1,0.25,0.25,8,8,72,192
6417,367,1181,433427,72,193,433421,433429,8,0.75,0.25,4,1,0.25,0.3,8,10,72,193
6418,367,1187,435629,72,194,435623,435637,14,0.42857142857142855,0.42857142857142855,4,0,0.25,0.8333333333333334,8,6,72,194
6419,367,1193,437831,72,195,437819,437837,18,0.6666666666666666,0.1111111111111111,4,1,0.25,0.3333333333333333,8,6,72,195
6420,367,1201,440767,72,196,440761,440773,12,0.5,0.16666666666666666,4,1,0.25,0.25,8,8,72,196
6421,367,1213,445171,72,197,445169,445183,14,0.14285714285714285,0.14285714285714285,4,0,0.25,0.08333333333333333,8,12,72,197
6422,367,1217,446639,72,198,446609,446647,38,0.7894736842105263,0.21052631578947367,4,1,0.25,0.25,8,4,72,198
6423,367,1223,448841,72,199,448829,448843,14,0.8571428571428571,0.14285714285714285,4,1,0.25,0.3333333333333333,8,6,72,199
6424,367,1229,451043,72,200,451039,451051,12,0.3333333333333333,0.3333333333333333,4,0,0.25,0.5,8,6,72,200
6425,367,1231,451777,72,201,451771,451783,12,0.5,0.5,4,0,0.25,0.5,8,2,72,201
6426,367,1237,453979,72,202,453977,453983,6,0.3333333333333333,0.3333333333333333,4,0,0.25,0.5,8,6,72,202
6427,367,1249,458383,72,203,458377,458399,22,0.2727272727272727,0.045454545454545456,4,1,0.25,0.08333333333333333,8,12,72,203
6428,367,1259,462053,72,204,462041,462067,26,0.46153846153846156,0.07692307692307693,4,1,0.25,0.4,8,10,72,204
6429,367,1277,468659,72,205,468653,468661,8,0.75,0.75,4,0,0.25,0.1111111111111111,8,18,72,205
6430,367,1279,469393,72,206,469379,469397,18,0.7777777777777778,0.4444444444444444,4,1,0.25,0.5,8,2,72,206
6431,367,1283,470861,72,207,470837,470863,26,0.9230769230769231,0.07692307692307693,4,1,0.25,0.75,8,4,72,207
6432,367,1289,473063,72,208,473027,473089,62,0.5806451612903226,0.03225806451612903,4,1,0.25,0.3333333333333333,8,6,72,208
6433,367,1291,473797,72,209,473789,473833,44,0.18181818181818182,0.045454545454545456,4,1,0.25,0.5,8,2,72,209
6434,367,1297,475999,72,210,475997,476009,12,0.16666666666666666,0.16666666666666666,4,0,0.25,0.3333333333333333,8,6,72,210
6435,367,1301,477467,72,211,477461,477469,8,0.75,0.25,4,1,0.25,0.5,8,4,72,211
6436,367,1303,478201,72,212,478199,478207,8,0.25,0.25,4,0,0.25,0.5,8,2,72,212
6437,367,1307,479669,72,213,479639,479701,62,0.4838709677419355,0.03225806451612903,4,1,0.25,0.75,8,4,72,213
6438,367,1319,484073,72,214,484067,484079,12,0.5,0.16666666666666666,4,1,0.25,0.5,8,12,72,214
6439,367,1321,484807,72,215,484787,484829,42,0.47619047619047616,0.047619047619047616,4,1,0.25,0.5,8,2,72,215
6440,367,1327,487009,72,216,487007,487013,6,0.3333333333333333,0.3333333333333333,4,0,0.25,0.16666666666666666,8,6,72,216
6441,367,1361,499487,72,217,499483,499493,10,0.4,0.4,4,0,0.25,0.058823529411764705,8,34,72,217
6442,367,1367,501689,72,218,501659,501691,32,0.9375,0.0625,4,1,0.25,0.3333333333333333,8,6,72,218
6443,367,1373,503891,72,219,503879,503911,32,0.375,0.0625,4,1,0.25,0.3333333333333333,8,6,72,219
6444,367,1381,506827,72,220,506809,506837,28,0.6428571428571429,0.07142857142857142,4,1,0.25,0.75,8,8,72,220
6445,367,1399,513433,72,221,513431,513439,8,0.25,0.25,4,0,0.25,0.05555555555555555,8,18,72,221
6446,367,1409,517103,72,222,517091,517129,38,0.3157894736842105,0.05263157894736842,4,1,0.25,0.2,8,10,72,222
6447,367,1423,522241,72,223,522239,522251,12,0.16666666666666666,0.16666666666666666,4,0,0.25,0.14285714285714285,8,14,72,223
6448,367,1427,523709,72,224,523681,523717,36,0.7777777777777778,0.16666666666666666,4,1,0.25,0.75,8,4,72,224
6449,367,1429,524443,72,225,524429,524453,24,0.5833333333333334,0.08333333333333333,4,1,0.25,0.5,8,2,72,225
6450,367,1433,525911,72,226,525893,525913,20,0.9,0.25,4,1,0.25,0.5,8,4,72,226
6451,367,1439,528113,72,227,528107,528127,20,0.3,0.1,4,1,0.25,0.6666666666666666,8,6,72,227
6452,367,1447,531049,72,228,531043,531071,28,0.21428571428571427,0.21428571428571427,4,0,0.25,0.25,8,8,72,228
6453,367,1451,532517,72,229,532501,532523,22,0.7272727272727273,0.18181818181818182,4,1,0.25,0.25,8,4,72,229
6454,367,1453,533251,72,230,533249,533257,8,0.25,0.25,4,0,0.25,0.5,8,2,72,230
6455,367,1459,535453,72,231,535399,535481,82,0.6585365853658537,0.04878048780487805,4,1,0.25,0.16666666666666666,8,6,72,231
6456,367,1471,539857,72,232,539849,539863,14,0.5714285714285714,0.2857142857142857,4,1,0.25,0.16666666666666666,8,12,72,232
6457,367,1481,543527,72,233,543509,543539,30,0.6,0.06666666666666667,4,1,0.25,0.2,8,10,72,233
6458,367,1483,544261,72,234,544259,544273,14,0.14285714285714285,0.14285714285714285,4,0,0.25,0.5,8,2,72,234
6459,367,1487,545729,72,235,545723,545731,8,0.75,0.375,4,1,0.25,0.75,8,4,72,235
6460,367,1489,546463,72,236,546461,546467,6,0.3333333333333333,0.3333333333333333,4,0,0.25,0.5,8,2,72,236
6461,367,1493,547931,72,237,547909,547951,42,0.5238095238095238,0.09523809523809523,4,1,0.25,0.75,8,4,72,237
6462,367,1499,550133,72,238,550129,550139,10,0.4,0.2,4,1,0.25,0.6666666666666666,8,6,72,238
6463,367,1511,554537,72,239,554531,554569,38,0.15789473684210525,0.15789473684210525,4,0,0.25,0.16666666666666666,8,12,72,239
6464,367,1523,558941,72,240,558937,558947,10,0.4,0.4,4,0,0.25,0.16666666666666666,8,12,72,240
6465,367,1531,561877,72,241,561839,561907,68,0.5588235294117647,0.029411764705882353,4,1,0.25,0.5,8,8,72,241
6466,367,1543,566281,72,242,566273,566311,38,0.21052631578947367,0.13157894736842105,4,1,0.25,0.3333333333333333,8,12,72,242
6467,367,1549,568483,72,243,568481,568493,12,0.16666666666666666,0.16666666666666666,4,0,0.25,0.5,8,6,72,243
6468,367,1553,569951,72,244,569939,569957,18,0.6666666666666666,0.1111111111111111,4,1,0.25,0.5,8,4,72,244
6469,367,1559,572153,72,245,572137,572161,24,0.6666666666666666,0.375,4,1,0.25,0.3333333333333333,8,6,72,245
6470,367,1567,575089,72,246,575087,575119,32,0.0625,0.0625,4,0,0.25,0.25,8,8,72,246
6471,367,1571,576557,72,247,576553,576577,24,0.16666666666666666,0.16666666666666666,4,0,0.25,0.5,8,4,72,247
6472,367,1579,579493,72,248,579473,579497,24,0.8333333333333334,0.375,4,1,0.25,0.375,8,8,72,248
6473,367,1583,580961,72,249,580939,580969,30,0.7333333333333333,0.1,4,1,0.25,0.5,8,4,72,249
6474,367,1597,586099,72,250,586087,586111,24,0.5,0.16666666666666666,4,1,0.25,0.14285714285714285,8,14,72,250
6475,367,1601,587567,72,251,587563,587579,16,0.25,0.25,4,0,0.25,0.25,8,4,72,251
6476,367,1607,589769,72,252,589763,589783,20,0.3,0.3,4,0,0.25,0.3333333333333333,8,6,72,252
6477,367,1609,590503,72,253,590489,590537,48,0.2916666666666667,0.041666666666666664,4,1,0.25,0.5,8,2,72,253
6478,367,1613,591971,72,254,591959,591973,14,0.8571428571428571,0.14285714285714285,4,1,0.25,0.5,8,4,72,254
6479,367,1619,594173,72,255,594163,594179,16,0.625,0.1875,4,1,0.25,0.8333333333333334,8,6,72,255
6480,367,1621,594907,72,256,594899,594911,12,0.6666666666666666,0.16666666666666666,4,1,0.25,0.5,8,2,72,256
6481,367,1627,597109,72,257,597073,597127,54,0.6666666666666666,0.1111111111111111,4,1,0.25,0.16666666666666666,8,6,72,257
6482,367,1637,600779,72,258,600751,600791,40,0.7,0.15,4,1,0.25,0.4,8,10,72,258
6483,367,1657,608119,72,259,608117,608123,6,0.3333333333333333,0.3333333333333333,4,0,0.25,0.1,8,20,72,259
6484,367,1663,610321,72,260,610301,610327,26,0.7692307692307693,0.07692307692307693,4,1,0.25,0.16666666666666666,8,6,72,260
6485,367,1667,611789,72,261,611753,611791,38,0.9473684210526315,0.15789473684210525,4,1,0.25,0.5,8,4,72,261
6486,367,1669,612523,72,262,612511,612553,42,0.2857142857142857,0.09523809523809523,4,1,0.25,0.5,8,2,72,262
6487,367,1693,621331,72,263,621317,621337,20,0.7,0.3,4,1,0.25,0.5,8,24,72,263
6488,367,1697,622799,72,264,622793,622813,20,0.3,0.3,4,0,0.25,0.5,8,4,72,264
6489,367,1699,623533,72,265,623531,623537,6,0.3333333333333333,0.3333333333333333,4,0,0.25,0.5,8,2,72,265
6490,367,1709,627203,72,266,627197,627217,20,0.3,0.1,4,1,0.25,0.4,8,10,72,266
6491,367,1721,631607,72,267,631597,631613,16,0.625,0.125,4,1,0.25,0.16666666666666666,8,12,72,267
6492,367,1723,632341,72,268,632329,632347,18,0.6666666666666666,0.6666666666666666,4,0,0.25,0.5,8,2,72,268
6493,367,1733,636011,72,269,635989,636017,28,0.7857142857142857,0.07142857142857142,4,1,0.25,0.3,8,10,72,269
6494,367,1741,638947,72,270,638933,638959,26,0.5384615384615384,0.19230769230769232,4,1,0.25,0.25,8,8,72,270
6495,367,1747,641149,72,271,641143,641167,24,0.25,0.25,4,0,0.25,0.6666666666666666,8,6,72,271
6496,367,1753,643351,72,272,643303,643369,66,0.7272727272727273,0.09090909090909091,4,1,0.25,0.6666666666666666,8,6,72,272
6497,367,1759,645553,72,273,645529,645571,42,0.5714285714285714,0.09523809523809523,4,1,0.25,0.16666666666666666,8,6,72,273
6498,367,1777,652159,72,274,652153,652189,36,0.16666666666666666,0.16666666666666666,4,0,0.25,0.1111111111111111,8,18,72,274
6499,367,1783,654361,72,275,654349,654371,22,0.5454545454545454,0.09090909090909091,4,1,0.25,0.3333333333333333,8,6,72,275
6500,367,1787,655829,72,276,655807,655847,40,0.55,0.15,4,1,0.25,0.25,8,4,72,276
6501,367,1789,656563,72,277,656561,656587,26,0.07692307692307693,0.07692307692307693,4,0,0.25,0.5,8,2,72,277
6502,367,1801,660967,72,278,660949,660973,24,0.75,0.75,4,0,0.25,0.3333333333333333,8,12,72,278
6503,367,1811,664637,72,279,664633,664661,28,0.14285714285714285,0.03571428571428571,4,1,0.25,0.2,8,10,72,279
6504,367,1823,669041,72,280,669029,669049,20,0.6,0.1,4,1,0.25,0.25,8,12,72,280
6505,367,1831,671977,72,281,671971,671981,10,0.6,0.6,4,0,0.25,0.75,8,8,72,281
6506,367,1847,677849,72,282,677827,677857,30,0.7333333333333333,0.06666666666666667,4,1,0.25,0.25,8,16,72,282
6507,367,1861,682987,72,283,682967,683003,36,0.5555555555555556,0.16666666666666666,4,1,0.25,0.14285714285714285,8,14,72,283
6508,367,1867,685189,72,284,685177,685199,22,0.5454545454545454,0.18181818181818182,4,1,0.25,0.6666666666666666,8,6,72,284
6509,367,1871,686657,72,285,686639,686669,30,0.6,0.13333333333333333,4,1,0.25,0.25,8,4,72,285
6510,367,1873,687391,72,286,687389,687397,8,0.25,0.25,4,0,0.25,0.5,8,2,72,286
6511,367,1877,688859,72,287,688813,688861,48,0.9583333333333334,0.125,4,1,0.25,0.25,8,4,72,287
6512,367,1879,689593,72,288,689587,689597,10,0.6,0.6,4,0,0.25,0.5,8,2,72,288
6513,367,1889,693263,72,289,693257,693283,26,0.23076923076923078,0.23076923076923078,4,0,0.25,0.3,8,10,72,289
6514,367,1901,697667,72,290,697643,697673,30,0.8,0.13333333333333333,4,1,0.25,0.16666666666666666,8,12,72,290
6515,367,1907,699869,72,291,699863,699931,68,0.08823529411764706,0.04411764705882353,4,1,0.25,0.3333333333333333,8,6,72,291
6516,367,1913,702071,72,292,702067,702077,10,0.4,0.4,4,0,0.25,0.3333333333333333,8,6,72,292
6517,367,1931,708677,72,293,708667,708689,22,0.45454545454545453,0.18181818181818182,4,1,0.25,0.1111111111111111,8,18,72,293
6518,367,1933,709411,72,294,709409,709417,8,0.25,0.25,4,0,0.25,0.5,8,2,72,294
6519,367,1949,715283,72,295,715259,715289,30,0.8,0.06666666666666667,4,1,0.25,0.0625,8,16,72,295
6520,367,1951,716017,72,296,716003,716033,30,0.4666666666666667,0.26666666666666666,4,1,0.25,0.5,8,2,72,296
6521,367,1973,724091,72,297,724079,724093,14,0.8571428571428571,0.2857142857142857,4,1,0.25,0.13636363636363635,8,22,72,297
6522,367,1979,726293,72,298,726289,726301,12,0.3333333333333333,0.3333333333333333,4,0,0.25,0.6666666666666666,8,6,72,298
6523,367,1987,729229,72,299,729217,729257,40,0.3,0.05,4,1,0.25,0.25,8,8,72,299
6524,367,1993,731431,72,300,731413,731447,34,0.5294117647058824,0.11764705882352941,4,1,0.25,0.6666666666666666,8,6,72,300
6525,367,1997,732899,72,301,732889,732911,22,0.45454545454545453,0.09090909090909091,4,1,0.25,0.25,8,4,72,301
6526,367,1999,733633,72,302,733619,733639,20,0.7,0.1,4,1,0.25,0.5,8,2,72,302
6527,367,2003,735101,72,303,735083,735107,24,0.75,0.16666666666666666,4,1,0.25,0.5,8,4,72,303
6528,373,1009,376357,73,168,376351,376373,22,0.2727272727272727,0.2727272727272727,4,0,0.6666666666666666,0.08333333333333333,6,12,73,168
6529,373,1013,377849,73,169,377843,377851,8,0.75,0.75,4,0,0.6666666666666666,0.5,6,4,73,169
6530,373,1019,380087,73,170,380071,380117,46,0.34782608695652173,0.043478260869565216,4,1,0.6666666666666666,0.8333333333333334,6,6,73,170
6531,373,1021,380833,73,171,380819,380837,18,0.7777777777777778,0.1111111111111111,4,1,0.6666666666666666,0.5,6,2,73,171
6532,373,1031,384563,73,172,384547,384577,30,0.5333333333333333,0.13333333333333333,4,1,0.6666666666666666,0.6,6,10,73,172
6533,373,1033,385309,73,173,385291,385321,30,0.6,0.06666666666666667,4,1,0.6666666666666666,0.5,6,2,73,173
6534,373,1039,387547,73,174,387529,387551,22,0.8181818181818182,0.18181818181818182,4,1,0.6666666666666666,0.6666666666666666,6,6,73,174
6535,373,1049,391277,73,175,391273,391283,10,0.4,0.4,4,0,0.6666666666666666,0.2,6,10,73,175
6536,373,1051,392023,73,176,392011,392033,22,0.5454545454545454,0.2727272727272727,4,1,0.6666666666666666,0.5,6,2,73,176
6537,373,1061,395753,73,177,395749,395767,18,0.2222222222222222,0.2222222222222222,4,0,0.6666666666666666,0.4,6,10,73,177
6538,373,1063,396499,73,178,396479,396509,30,0.6666666666666666,0.06666666666666667,4,1,0.6666666666666666,0.5,6,2,73,178
6539,373,1069,398737,73,179,398731,398759,28,0.21428571428571427,0.07142857142857142,4,1,0.6666666666666666,0.6666666666666666,6,6,73,179
6540,373,1087,405451,73,180,405439,405473,34,0.35294117647058826,0.11764705882352941,4,1,0.6666666666666666,0.2222222222222222,6,18,73,180
6541,373,1091,406943,73,181,406907,406951,44,0.8181818181818182,0.045454545454545456,4,1,0.6666666666666666,0.75,6,4,73,181
6542,373,1093,407689,73,182,407669,407699,30,0.6666666666666666,0.06666666666666667,4,1,0.6666666666666666,0.5,6,2,73,182
6543,373,1097,409181,73,183,409177,409187,10,0.4,0.2,4,1,0.6666666666666666,0.25,6,4,73,183
6544,373,1103,411419,73,184,411409,411421,12,0.8333333333333334,0.3333333333333333,4,1,0.6666666666666666,0.3333333333333333,6,6,73,184
6545,373,1109,413657,73,185,413653,413681,28,0.14285714285714285,0.03571428571428571,4,1,0.6666666666666666,0.8333333333333334,6,6,73,185
6546,373,1117,416641,73,186,416629,416659,30,0.4,0.3,4,1,0.6666666666666666,0.25,6,8,73,186
6547,373,1123,418879,73,187,418871,418883,12,0.6666666666666666,0.5,4,1,0.6666666666666666,0.3333333333333333,6,6,73,187
6548,373,1129,421117,73,188,421103,421121,18,0.7777777777777778,0.1111111111111111,4,1,0.6666666666666666,0.5,6,6,73,188
6549,373,1151,429323,73,189,429283,429329,46,0.8695652173913043,0.21739130434782608,4,1,0.6666666666666666,0.18181818181818182,6,22,73,189
6550,373,1153,430069,73,190,430061,430081,20,0.4,0.1,4,1,0.6666666666666666,0.5,6,2,73,190
6551,373,1163,433799,73,191,433787,433813,26,0.46153846153846156,0.23076923076923078,4,1,0.6666666666666666,0.1,6,10,73,191
6552,373,1171,436783,73,192,436757,436801,44,0.5909090909090909,0.11363636363636363,4,1,0.6666666666666666,0.25,6,8,73,192
6553,373,1181,440513,73,193,440509,440527,18,0.2222222222222222,0.1111111111111111,4,1,0.6666666666666666,0.3,6,10,73,193
6554,373,1187,442751,73,194,442747,442753,6,0.6666666666666666,0.3333333333333333,4,1,0.6666666666666666,0.8333333333333334,6,6,73,194
6555,373,1193,444989,73,195,444979,445001,22,0.45454545454545453,0.2727272727272727,4,1,0.6666666666666666,0.3333333333333333,6,6,73,195
6556,373,1201,447973,73,196,447961,447983,22,0.5454545454545454,0.36363636363636365,4,1,0.6666666666666666,0.25,6,8,73,196
6557,373,1213,452449,73,197,452443,452453,10,0.6,0.4,4,1,0.6666666666666666,0.08333333333333333,6,12,73,197
6558,373,1217,453941,73,198,453931,453949,18,0.5555555555555556,0.2222222222222222,4,1,0.6666666666666666,0.25,6,4,73,198
6559,373,1223,456179,73,199,456167,456193,26,0.46153846153846156,0.07692307692307693,4,1,0.6666666666666666,0.3333333333333333,6,6,73,199
6560,373,1229,458417,73,200,458407,458449,42,0.23809523809523808,0.09523809523809523,4,1,0.6666666666666666,0.5,6,6,73,200
6561,373,1231,459163,73,201,459127,459167,40,0.9,0.1,4,1,0.6666666666666666,0.5,6,2,73,201
6562,373,1237,461401,73,202,461393,461407,14,0.5714285714285714,0.42857142857142855,4,1,0.6666666666666666,0.5,6,6,73,202
6563,373,1249,465877,73,203,465841,465887,46,0.782608695652174,0.08695652173913043,4,1,0.6666666666666666,0.08333333333333333,6,12,73,203
6564,373,1259,469607,73,204,469589,469613,24,0.75,0.3333333333333333,4,1,0.6666666666666666,0.4,6,10,73,204
6565,373,1277,476321,73,205,476317,476347,30,0.13333333333333333,0.03333333333333333,4,1,0.6666666666666666,0.1111111111111111,6,18,73,205
6566,373,1279,477067,73,206,477047,477073,26,0.7692307692307693,0.07692307692307693,4,1,0.6666666666666666,0.5,6,2,73,206
6567,373,1283,478559,73,207,478531,478571,40,0.7,0.1,4,1,0.6666666666666666,0.75,6,4,73,207
6568,373,1289,480797,73,208,480787,480803,16,0.625,0.375,4,1,0.6666666666666666,0.3333333333333333,6,6,73,208
6569,373,1291,481543,73,209,481531,481549,18,0.6666666666666666,0.3333333333333333,4,1,0.6666666666666666,0.5,6,2,73,209
6570,373,1297,483781,73,210,483773,483787,14,0.5714285714285714,0.42857142857142855,4,1,0.6666666666666666,0.3333333333333333,6,6,73,210
6571,373,1301,485273,73,211,485263,485311,48,0.20833333333333334,0.0625,4,1,0.6666666666666666,0.5,6,4,73,211
6572,373,1303,486019,73,212,485993,486023,30,0.8666666666666667,0.13333333333333333,4,1,0.6666666666666666,0.5,6,2,73,212
6573,373,1307,487511,73,213,487507,487561,54,0.07407407407407407,0.07407407407407407,4,0,0.6666666666666666,0.75,6,4,73,213
6574,373,1319,491987,73,214,491983,492007,24,0.16666666666666666,0.16666666666666666,4,0,0.6666666666666666,0.5,6,12,73,214
6575,373,1321,492733,73,215,492731,492757,26,0.07692307692307693,0.07692307692307693,4,0,0.6666666666666666,0.5,6,2,73,215
6576,373,1327,494971,73,216,494959,494987,28,0.42857142857142855,0.07142857142857142,4,1,0.6666666666666666,0.16666666666666666,6,6,73,216
6577,373,1361,507653,73,217,507641,507667,26,0.46153846153846156,0.07692307692307693,4,1,0.6666666666666666,0.058823529411764705,6,34,73,217
6578,373,1367,509891,73,218,509879,509909,30,0.4,0.1,4,1,0.6666666666666666,0.3333333333333333,6,6,73,218
6579,373,1373,512129,73,219,512101,512137,36,0.7777777777777778,0.05555555555555555,4,1,0.6666666666666666,0.3333333333333333,6,6,73,219
6580,373,1381,515113,73,220,515111,515143,32,0.0625,0.0625,4,0,0.6666666666666666,0.75,6,8,73,220
6581,373,1399,521827,73,221,521819,521831,12,0.6666666666666666,0.16666666666666666,4,1,0.6666666666666666,0.05555555555555555,6,18,73,221
6582,373,1409,525557,73,222,525541,525571,30,0.5333333333333333,0.2,4,1,0.6666666666666666,0.2,6,10,73,222
6583,373,1423,530779,73,223,530773,530797,24,0.25,0.16666666666666666,4,1,0.6666666666666666,0.14285714285714285,6,14,73,223
6584,373,1427,532271,73,224,532267,532277,10,0.4,0.4,4,0,0.6666666666666666,0.75,6,4,73,224
6585,373,1429,533017,73,225,533011,533033,22,0.2727272727272727,0.2727272727272727,4,0,0.6666666666666666,0.5,6,2,73,225
6586,373,1433,534509,73,226,534491,534511,20,0.9,0.1,4,1,0.6666666666666666,0.5,6,4,73,226
6587,373,1439,536747,73,227,536743,536749,6,0.6666666666666666,0.6666666666666666,4,0,0.6666666666666666,0.6666666666666666,6,6,73,227
6588,373,1447,539731,73,228,539729,539743,14,0.14285714285714285,0.14285714285714285,4,0,0.6666666666666666,0.25,6,8,73,228
6589,373,1451,541223,73,229,541217,541231,14,0.42857142857142855,0.14285714285714285,4,1,0.6666666666666666,0.25,6,4,73,229
6590,373,1453,541969,73,230,541967,541987,20,0.1,0.1,4,0,0.6666666666666666,0.5,6,2,73,230
6591,373,1459,544207,73,231,544199,544223,24,0.3333333333333333,0.08333333333333333,4,1,0.6666666666666666,0.16666666666666666,6,6,73,231
6592,373,1471,548683,73,232,548677,548687,10,0.6,0.2,4,1,0.6666666666666666,0.16666666666666666,6,12,73,232
6593,373,1481,552413,73,233,552403,552469,66,0.15151515151515152,0.06060606060606061,4,1,0.6666666666666666,0.2,6,10,73,233
6594,373,1483,553159,73,234,553153,553171,18,0.3333333333333333,0.2222222222222222,4,1,0.6666666666666666,0.5,6,2,73,234
6595,373,1487,554651,73,235,554641,554663,22,0.45454545454545453,0.2727272727272727,4,1,0.6666666666666666,0.75,6,4,73,235
6596,373,1489,555397,73,236,555391,555419,28,0.21428571428571427,0.07142857142857142,4,1,0.6666666666666666,0.5,6,2,73,236
6597,373,1493,556889,73,237,556883,556891,8,0.75,0.75,4,0,0.6666666666666666,0.75,6,4,73,237
6598,373,1499,559127,73,238,559123,559133,10,0.4,0.4,4,0,0.6666666666666666,0.6666666666666666,6,6,73,238
6599,373,1511,563603,73,239,563599,563623,24,0.16666666666666666,0.16666666666666666,4,0,0.6666666666666666,0.16666666666666666,6,12,73,239
6600,373,1523,568079,73,240,568069,568091,22,0.45454545454545453,0.45454545454545453,4,0,0.6666666666666666,0.16666666666666666,6,12,73,240
6601,373,1531,571063,73,241,571049,571069,20,0.7,0.4,4,1,0.6666666666666666,0.5,6,8,73,241
6602,373,1543,575539,73,242,575513,575551,38,0.6842105263157895,0.15789473684210525,4,1,0.6666666666666666,0.3333333333333333,6,12,73,242
6603,373,1549,577777,73,243,577757,577781,24,0.8333333333333334,0.16666666666666666,4,1,0.6666666666666666,0.5,6,6,73,243
6604,373,1553,579269,73,244,579263,579277,14,0.42857142857142855,0.14285714285714285,4,1,0.6666666666666666,0.5,6,4,73,244
6605,373,1559,581507,73,245,581491,581521,30,0.5333333333333333,0.2,4,1,0.6666666666666666,0.3333333333333333,6,6,73,245
6606,373,1567,584491,73,246,584473,584509,36,0.5,0.1111111111111111,4,1,0.6666666666666666,0.25,6,8,73,246
6607,373,1571,585983,73,247,585953,585989,36,0.8333333333333334,0.05555555555555555,4,1,0.6666666666666666,0.5,6,4,73,247
6608,373,1579,588967,73,248,588953,588977,24,0.5833333333333334,0.20833333333333334,4,1,0.6666666666666666,0.375,6,8,73,248
6609,373,1583,590459,73,249,590437,590489,52,0.4230769230769231,0.019230769230769232,4,1,0.6666666666666666,0.5,6,4,73,249
6610,373,1597,595681,73,250,595627,595687,60,0.9,0.1,4,1,0.6666666666666666,0.14285714285714285,6,14,73,250
6611,373,1601,597173,73,251,597169,597209,40,0.1,0.1,4,0,0.6666666666666666,0.25,6,4,73,251
6612,373,1607,599411,73,252,599407,599413,6,0.6666666666666666,0.6666666666666666,4,0,0.6666666666666666,0.3333333333333333,6,6,73,252
6613,373,1609,600157,73,253,600109,600167,58,0.8275862068965517,0.06896551724137931,4,1,0.6666666666666666,0.5,6,2,73,253
6614,373,1613,601649,73,254,601631,601651,20,0.9,0.1,4,1,0.6666666666666666,0.5,6,4,73,254
6615,373,1619,603887,73,255,603881,603893,12,0.5,0.16666666666666666,4,1,0.6666666666666666,0.8333333333333334,6,6,73,255
6616,373,1621,604633,73,256,604619,604649,30,0.4666666666666667,0.06666666666666667,4,1,0.6666666666666666,0.5,6,2,73,256
6617,373,1627,606871,73,257,606863,606899,36,0.2222222222222222,0.1111111111111111,4,1,0.6666666666666666,0.16666666666666666,6,6,73,257
6618,373,1637,610601,73,258,610583,610619,36,0.5,0.05555555555555555,4,1,0.6666666666666666,0.4,6,10,73,258
6619,373,1657,618061,73,259,618053,618083,30,0.26666666666666666,0.2,4,1,0.6666666666666666,0.1,6,20,73,259
6620,373,1663,620299,73,260,620297,620303,6,0.3333333333333333,0.3333333333333333,4,0,0.6666666666666666,0.16666666666666666,6,6,73,260
6621,373,1667,621791,73,261,621779,621799,20,0.6,0.1,4,1,0.6666666666666666,0.5,6,4,73,261
6622,373,1669,622537,73,262,622529,622547,18,0.4444444444444444,0.2222222222222222,4,1,0.6666666666666666,0.5,6,2,73,262
6623,373,1693,631489,73,263,631487,631507,20,0.1,0.1,4,0,0.6666666666666666,0.5,6,24,73,263
6624,373,1697,632981,73,264,632977,632987,10,0.4,0.4,4,0,0.6666666666666666,0.5,6,4,73,264
6625,373,1699,633727,73,265,633667,633739,72,0.8333333333333334,0.05555555555555555,4,1,0.6666666666666666,0.5,6,2,73,265
6626,373,1709,637457,73,266,637447,637459,12,0.8333333333333334,0.3333333333333333,4,1,0.6666666666666666,0.4,6,10,73,266
6627,373,1721,641933,73,267,641929,641959,30,0.13333333333333333,0.06666666666666667,4,1,0.6666666666666666,0.16666666666666666,6,12,73,267
6628,373,1723,642679,73,268,642673,642683,10,0.6,0.4,4,1,0.6666666666666666,0.5,6,2,73,268
6629,373,1733,646409,73,269,646403,646411,8,0.75,0.25,4,1,0.6666666666666666,0.3,6,10,73,269
6630,373,1741,649393,73,270,649381,649403,22,0.5454545454545454,0.2727272727272727,4,1,0.6666666666666666,0.25,6,8,73,270
6631,373,1747,651631,73,271,651617,651641,24,0.5833333333333334,0.08333333333333333,4,1,0.6666666666666666,0.6666666666666666,6,6,73,271
6632,373,1753,653869,73,272,653831,653879,48,0.7916666666666666,0.041666666666666664,4,1,0.6666666666666666,0.6666666666666666,6,6,73,272
6633,373,1759,656107,73,273,656077,656113,36,0.8333333333333334,0.1111111111111111,4,1,0.6666666666666666,0.16666666666666666,6,6,73,273
6634,373,1777,662821,73,274,662819,662833,14,0.14285714285714285,0.14285714285714285,4,0,0.6666666666666666,0.1111111111111111,6,18,73,274
6635,373,1783,665059,73,275,665053,665069,16,0.375,0.375,4,0,0.6666666666666666,0.3333333333333333,6,6,73,275
6636,373,1787,666551,73,276,666541,666557,16,0.625,0.0625,4,1,0.6666666666666666,0.25,6,4,73,276
6637,373,1789,667297,73,277,667283,667309,26,0.5384615384615384,0.23076923076923078,4,1,0.6666666666666666,0.5,6,2,73,277
6638,373,1801,671773,73,278,671753,671777,24,0.8333333333333334,0.16666666666666666,4,1,0.6666666666666666,0.3333333333333333,6,12,73,278
6639,373,1811,675503,73,279,675481,675511,30,0.7333333333333333,0.03333333333333333,4,1,0.6666666666666666,0.2,6,10,73,279
6640,373,1823,679979,73,280,679969,679981,12,0.8333333333333334,0.16666666666666666,4,1,0.6666666666666666,0.25,6,12,73,280
6641,373,1831,682963,73,281,682951,682967,16,0.75,0.125,4,1,0.6666666666666666,0.75,6,8,73,281
6642,373,1847,688931,73,282,688907,688939,32,0.75,0.125,4,1,0.6666666666666666,0.25,6,16,73,282
6643,373,1861,694153,73,283,694123,694189,66,0.45454545454545453,0.045454545454545456,4,1,0.6666666666666666,0.14285714285714285,6,14,73,283
6644,373,1867,696391,73,284,696379,696403,24,0.5,0.125,4,1,0.6666666666666666,0.6666666666666666,6,6,73,284
6645,373,1871,697883,73,285,697877,697891,14,0.42857142857142855,0.42857142857142855,4,0,0.6666666666666666,0.25,6,4,73,285
6646,373,1873,698629,73,286,698591,698641,50,0.76,0.24,4,1,0.6666666666666666,0.5,6,2,73,286
6647,373,1877,700121,73,287,700109,700127,18,0.6666666666666666,0.1111111111111111,4,1,0.6666666666666666,0.25,6,4,73,287
6648,373,1879,700867,73,288,700849,700871,22,0.8181818181818182,0.09090909090909091,4,1,0.6666666666666666,0.5,6,2,73,288
6649,373,1889,704597,73,289,704593,704603,10,0.4,0.4,4,0,0.6666666666666666,0.3,6,10,73,289
6650,373,1901,709073,73,290,709057,709097,40,0.4,0.225,4,1,0.6666666666666666,0.16666666666666666,6,12,73,290
6651,373,1907,711311,73,291,711307,711317,10,0.4,0.4,4,0,0.6666666666666666,0.3333333333333333,6,6,73,291
6652,373,1913,713549,73,292,713533,713563,30,0.5333333333333333,0.2,4,1,0.6666666666666666,0.3333333333333333,6,6,73,292
6653,373,1931,720263,73,293,720257,720281,24,0.25,0.08333333333333333,4,1,0.6666666666666666,0.1111111111111111,6,18,73,293
6654,373,1933,721009,73,294,721003,721013,10,0.6,0.4,4,1,0.6666666666666666,0.5,6,2,73,294
6655,373,1949,726977,73,295,726953,726983,30,0.8,0.06666666666666667,4,1,0.6666666666666666,0.0625,6,16,73,295
6656,373,1951,727723,73,296,727717,727729,12,0.5,0.3333333333333333,4,1,0.6666666666666666,0.5,6,2,73,296
6657,373,1973,735929,73,297,735919,735937,18,0.5555555555555556,0.2222222222222222,4,1,0.6666666666666666,0.13636363636363635,6,22,73,297
6658,373,1979,738167,73,298,738163,738173,10,0.4,0.4,4,0,0.6666666666666666,0.6666666666666666,6,6,73,298
6659,373,1987,741151,73,299,741137,741163,26,0.5384615384615384,0.19230769230769232,4,1,0.6666666666666666,0.25,6,8,73,299
6660,373,1993,743389,73,300,743377,743401,24,0.5,0.16666666666666666,4,1,0.6666666666666666,0.6666666666666666,6,6,73,300
6661,373,1997,744881,73,301,744859,744893,34,0.6470588235294118,0.29411764705882354,4,1,0.6666666666666666,0.25,6,4,73,301
6662,373,1999,745627,73,302,745621,745631,10,0.6,0.6,4,0,0.6666666666666666,0.5,6,2,73,302
6663,373,2003,747119,73,303,747113,747139,26,0.23076923076923078,0.07692307692307693,4,1,0.6666666666666666,0.5,6,4,73,303
6664,379,1009,382411,74,168,382391,382427,36,0.5555555555555556,0.05555555555555555,4,1,0.6666666666666666,0.08333333333333333,6,12,74,168
6665,379,1013,383927,74,169,383923,383941,18,0.2222222222222222,0.2222222222222222,4,0,0.6666666666666666,0.5,6,4,74,169
6666,379,1019,386201,74,170,386173,386219,46,0.6086956521739131,0.08695652173913043,4,1,0.6666666666666666,0.8333333333333334,6,6,74,170
6667,379,1021,386959,74,171,386927,386963,36,0.8888888888888888,0.05555555555555555,4,1,0.6666666666666666,0.5,6,2,74,171
6668,379,1031,390749,74,172,390743,390751,8,0.75,0.75,4,0,0.6666666666666666,0.6,6,10,74,172
6669,379,1033,391507,74,173,391487,391519,32,0.625,0.0625,4,1,0.6666666666666666,0.5,6,2,74,173
6670,379,1039,393781,74,174,393779,393797,18,0.1111111111111111,0.1111111111111111,4,0,0.6666666666666666,0.6666666666666666,6,6,74,174
6671,379,1049,397571,74,175,397567,397589,22,0.18181818181818182,0.09090909090909091,4,1,0.6666666666666666,0.2,6,10,74,175
6672,379,1051,398329,74,176,398323,398339,16,0.375,0.25,4,1,0.6666666666666666,0.5,6,2,74,176
6673,379,1061,402119,74,177,402107,402131,24,0.5,0.08333333333333333,4,1,0.6666666666666666,0.4,6,10,74,177
6674,379,1063,402877,74,178,402869,402881,12,0.6666666666666666,0.3333333333333333,4,1,0.6666666666666666,0.5,6,2,74,178
6675,379,1069,405151,74,179,405143,405157,14,0.5714285714285714,0.2857142857142857,4,1,0.6666666666666666,0.6666666666666666,6,6,74,179
6676,379,1087,411973,74,180,411967,411991,24,0.25,0.25,4,0,0.6666666666666666,0.2222222222222222,6,18,74,180
6677,379,1091,413489,74,181,413477,413521,44,0.2727272727272727,0.045454545454545456,4,1,0.6666666666666666,0.75,6,4,74,181
6678,379,1093,414247,74,182,414241,414259,18,0.3333333333333333,0.05555555555555555,4,1,0.6666666666666666,0.5,6,2,74,182
6679,379,1097,415763,74,183,415759,415783,24,0.16666666666666666,0.08333333333333333,4,1,0.6666666666666666,0.25,6,4,74,183
6680,379,1103,418037,74,184,418031,418043,12,0.5,0.5,4,0,0.6666666666666666,0.3333333333333333,6,6,74,184
6681,379,1109,420311,74,185,420307,420313,6,0.6666666666666666,0.6666666666666666,4,0,0.6666666666666666,0.8333333333333334,6,6,74,185
6682,379,1117,423343,74,186,423341,423347,6,0.3333333333333333,0.3333333333333333,4,0,0.6666666666666666,0.25,6,8,74,186
6683,379,1123,425617,74,187,425609,425641,32,0.25,0.0625,4,1,0.6666666666666666,0.3333333333333333,6,6,74,187
6684,379,1129,427891,74,188,427883,427913,30,0.26666666666666666,0.06666666666666667,4,1,0.6666666666666666,0.5,6,6,74,188
6685,379,1151,436229,74,189,436217,436231,14,0.8571428571428571,0.35714285714285715,4,1,0.6666666666666666,0.18181818181818182,6,22,74,189
6686,379,1153,436987,74,190,436979,436993,14,0.5714285714285714,0.2857142857142857,4,1,0.6666666666666666,0.5,6,2,74,190
6687,379,1163,440777,74,191,440773,440807,34,0.11764705882352941,0.11764705882352941,4,0,0.6666666666666666,0.1,6,10,74,191
6688,379,1171,443809,74,192,443791,443837,46,0.391304347826087,0.13043478260869565,4,1,0.6666666666666666,0.25,6,8,74,192
6689,379,1181,447599,74,193,447571,447611,40,0.7,0.15,4,1,0.6666666666666666,0.3,6,10,74,193
6690,379,1187,449873,74,194,449851,449879,28,0.7857142857142857,0.21428571428571427,4,1,0.6666666666666666,0.8333333333333334,6,6,74,194
6691,379,1193,452147,74,195,452131,452159,28,0.5714285714285714,0.21428571428571427,4,1,0.6666666666666666,0.3333333333333333,6,6,74,195
6692,379,1201,455179,74,196,455177,455201,24,0.08333333333333333,0.08333333333333333,4,0,0.6666666666666666,0.25,6,8,74,196
6693,379,1213,459727,74,197,459703,459749,46,0.5217391304347826,0.08695652173913043,4,1,0.6666666666666666,0.08333333333333333,6,12,74,197
6694,379,1217,461243,74,198,461239,461257,18,0.2222222222222222,0.2222222222222222,4,0,0.6666666666666666,0.25,6,4,74,198
6695,379,1223,463517,74,199,463513,463523,10,0.4,0.4,4,0,0.6666666666666666,0.3333333333333333,6,6,74,199
6696,379,1229,465791,74,200,465781,465797,16,0.625,0.0625,4,1,0.6666666666666666,0.5,6,6,74,200
6697,379,1231,466549,74,201,466547,466553,6,0.3333333333333333,0.3333333333333333,4,0,0.6666666666666666,0.5,6,2,74,201
6698,379,1237,468823,74,202,468821,468841,20,0.1,0.1,4,0,0.6666666666666666,0.5,6,6,74,202
6699,379,1249,473371,74,203,473353,473377,24,0.75,0.25,4,1,0.6666666666666666,0.08333333333333333,6,12,74,203
6700,379,1259,477161,74,204,477149,477163,14,0.8571428571428571,0.14285714285714285,4,1,0.6666666666666666,0.4,6,10,74,204
6701,379,1277,483983,74,205,483971,483991,20,0.6,0.4,4,1,0.6666666666666666,0.1111111111111111,6,18,74,205
6702,379,1279,484741,74,206,484733,484751,18,0.4444444444444444,0.3333333333333333,4,1,0.6666666666666666,0.5,6,2,74,206
6703,379,1283,486257,74,207,486247,486281,34,0.29411764705882354,0.11764705882352941,4,1,0.6666666666666666,0.75,6,4,74,207
6704,379,1289,488531,74,208,488513,488539,26,0.6923076923076923,0.15384615384615385,4,1,0.6666666666666666,0.3333333333333333,6,6,74,208
6705,379,1291,489289,74,209,489283,489299,16,0.375,0.25,4,1,0.6666666666666666,0.5,6,2,74,209
6706,379,1297,491563,74,210,491539,491581,42,0.5714285714285714,0.047619047619047616,4,1,0.6666666666666666,0.3333333333333333,6,6,74,210
6707,379,1301,493079,74,211,493067,493093,26,0.46153846153846156,0.07692307692307693,4,1,0.6666666666666666,0.5,6,4,74,211
6708,379,1303,493837,74,212,493817,493853,36,0.5555555555555556,0.05555555555555555,4,1,0.6666666666666666,0.5,6,2,74,212
6709,379,1307,495353,74,213,495347,495359,12,0.5,0.5,4,0,0.6666666666666666,0.75,6,4,74,213
6710,379,1319,499901,74,214,499897,499903,6,0.6666666666666666,0.6666666666666666,4,0,0.6666666666666666,0.5,6,12,74,214
6711,379,1321,500659,74,215,500629,500671,42,0.7142857142857143,0.23809523809523808,4,1,0.6666666666666666,0.5,6,2,74,215
6712,379,1327,502933,74,216,502921,502937,16,0.75,0.125,4,1,0.6666666666666666,0.16666666666666666,6,6,74,216
6713,379,1361,515819,74,217,515813,515839,26,0.23076923076923078,0.23076923076923078,4,0,0.6666666666666666,0.058823529411764705,6,34,74,217
6714,379,1367,518093,74,218,518083,518099,16,0.625,0.25,4,1,0.6666666666666666,0.3333333333333333,6,6,74,218
6715,379,1373,520367,74,219,520363,520369,6,0.6666666666666666,0.6666666666666666,4,0,0.6666666666666666,0.3333333333333333,6,6,74,219
6716,379,1381,523399,74,220,523387,523403,16,0.75,0.25,4,1,0.6666666666666666,0.75,6,8,74,220
6717,379,1399,530221,74,221,530209,530227,18,0.6666666666666666,0.2222222222222222,4,1,0.6666666666666666,0.05555555555555555,6,18,74,221
6718,379,1409,534011,74,222,534007,534013,6,0.6666666666666666,0.6666666666666666,4,0,0.6666666666666666,0.2,6,10,74,222
6719,379,1423,539317,74,223,539311,539321,10,0.6,0.6,4,0,0.6666666666666666,0.14285714285714285,6,14,74,223
6720,379,1427,540833,74,224,540823,540851,28,0.35714285714285715,0.14285714285714285,4,1,0.6666666666666666,0.75,6,4,74,224
6721,379,1429,541591,74,225,541589,541613,24,0.08333333333333333,0.08333333333333333,4,0,0.6666666666666666,0.5,6,2,74,225
6722,379,1433,543107,74,226,543097,543113,16,0.625,0.0625,4,1,0.6666666666666666,0.5,6,4,74,226
6723,379,1439,545381,74,227,545371,545387,16,0.625,0.625,4,0,0.6666666666666666,0.6666666666666666,6,6,74,227
6724,379,1447,548413,74,228,548407,548417,10,0.6,0.2,4,1,0.6666666666666666,0.25,6,8,74,228
6725,379,1451,549929,74,229,549911,549937,26,0.6923076923076923,0.11538461538461539,4,1,0.6666666666666666,0.25,6,4,74,229
6726,379,1453,550687,74,230,550679,550691,12,0.6666666666666666,0.6666666666666666,4,0,0.6666666666666666,0.5,6,2,74,230
6727,379,1459,552961,74,231,552917,552971,54,0.8148148148148148,0.037037037037037035,4,1,0.6666666666666666,0.16666666666666666,6,6,74,231
6728,379,1471,557509,74,232,557489,557519,30,0.6666666666666666,0.13333333333333333,4,1,0.6666666666666666,0.16666666666666666,6,12,74,232
6729,379,1481,561299,74,233,561277,561307,30,0.7333333333333333,0.03333333333333333,4,1,0.6666666666666666,0.2,6,10,74,233
6730,379,1483,562057,74,234,562043,562091,48,0.2916666666666667,0.0625,4,1,0.6666666666666666,0.5,6,2,74,234
6731,379,1487,563573,74,235,563561,563587,26,0.46153846153846156,0.19230769230769232,4,1,0.6666666666666666,0.75,6,4,74,235
6732,379,1489,564331,74,236,564323,564353,30,0.26666666666666666,0.2,4,1,0.6666666666666666,0.5,6,2,74,236
6733,379,1493,565847,74,237,565813,565849,36,0.9444444444444444,0.027777777777777776,4,1,0.6666666666666666,0.75,6,4,74,237
6734,379,1499,568121,74,238,568109,568133,24,0.5,0.08333333333333333,4,1,0.6666666666666666,0.6666666666666666,6,6,74,238
6735,379,1511,572669,74,239,572659,572683,24,0.4166666666666667,0.2916666666666667,4,1,0.6666666666666666,0.16666666666666666,6,12,74,239
6736,379,1523,577217,74,240,577193,577219,26,0.9230769230769231,0.23076923076923078,4,1,0.6666666666666666,0.16666666666666666,6,12,74,240
6737,379,1531,580249,74,241,580231,580259,28,0.6428571428571429,0.14285714285714285,4,1,0.6666666666666666,0.5,6,8,74,241
6738,379,1543,584797,74,242,584791,584809,18,0.3333333333333333,0.2222222222222222,4,1,0.6666666666666666,0.3333333333333333,6,12,74,242
6739,379,1549,587071,74,243,587063,587087,24,0.3333333333333333,0.08333333333333333,4,1,0.6666666666666666,0.5,6,6,74,243
6740,379,1553,588587,74,244,588571,588619,48,0.3333333333333333,0.125,4,1,0.6666666666666666,0.5,6,4,74,244
6741,379,1559,590861,74,245,590839,590867,28,0.7857142857142857,0.21428571428571427,4,1,0.6666666666666666,0.3333333333333333,6,6,74,245
6742,379,1567,593893,74,246,593869,593899,30,0.8,0.06666666666666667,4,1,0.6666666666666666,0.25,6,8,74,246
6743,379,1571,595409,74,247,595381,595411,30,0.9333333333333333,0.03333333333333333,4,1,0.6666666666666666,0.5,6,4,74,247
6744,379,1579,598441,74,248,598439,598447,8,0.25,0.25,4,0,0.6666666666666666,0.375,6,8,74,248
6745,379,1583,599957,74,249,599941,599959,18,0.8888888888888888,0.3333333333333333,4,1,0.6666666666666666,0.5,6,4,74,249
6746,379,1597,605263,74,250,605261,605309,48,0.041666666666666664,0.041666666666666664,4,0,0.6666666666666666,0.14285714285714285,6,14,74,250
6747,379,1601,606779,74,251,606757,606791,34,0.6470588235294118,0.029411764705882353,4,1,0.6666666666666666,0.25,6,4,74,251
6748,379,1607,609053,74,252,609047,609067,20,0.3,0.2,4,1,0.6666666666666666,0.3333333333333333,6,6,74,252
6749,379,1609,609811,74,253,609809,609821,12,0.16666666666666666,0.16666666666666666,4,0,0.6666666666666666,0.5,6,2,74,253
6750,379,1613,611327,74,254,611323,611333,10,0.4,0.3,4,1,0.6666666666666666,0.5,6,4,74,254
6751,379,1619,613601,74,255,613597,613607,10,0.4,0.4,4,0,0.6666666666666666,0.8333333333333334,6,6,74,255
6752,379,1621,614359,74,256,614333,614377,44,0.5909090909090909,0.045454545454545456,4,1,0.6666666666666666,0.5,6,2,74,256
6753,379,1627,616633,74,257,616597,616639,42,0.8571428571428571,0.09523809523809523,4,1,0.6666666666666666,0.16666666666666666,6,6,74,257
6754,379,1637,620423,74,258,620413,620429,16,0.625,0.375,4,1,0.6666666666666666,0.4,6,10,74,258
6755,379,1657,628003,74,259,627973,628013,40,0.75,0.025,4,1,0.6666666666666666,0.1,6,20,74,259
6756,379,1663,630277,74,260,630263,630281,18,0.7777777777777778,0.4444444444444444,4,1,0.6666666666666666,0.16666666666666666,6,6,74,260
6757,379,1667,631793,74,261,631789,631817,28,0.14285714285714285,0.14285714285714285,4,0,0.6666666666666666,0.5,6,4,74,261
6758,379,1669,632551,74,262,632521,632557,36,0.8333333333333334,0.2777777777777778,4,1,0.6666666666666666,0.5,6,2,74,262
6759,379,1693,641647,74,263,641639,641681,42,0.19047619047619047,0.07142857142857142,4,1,0.6666666666666666,0.5,6,24,74,263
6760,379,1697,643163,74,264,643129,643183,54,0.6296296296296297,0.16666666666666666,4,1,0.6666666666666666,0.5,6,4,74,264
6761,379,1699,643921,74,265,643919,643927,8,0.25,0.25,4,0,0.6666666666666666,0.5,6,2,74,265
6762,379,1709,647711,74,266,647693,647719,26,0.6923076923076923,0.07692307692307693,4,1,0.6666666666666666,0.4,6,10,74,266
6763,379,1721,652259,74,267,652243,652261,18,0.8888888888888888,0.2222222222222222,4,1,0.6666666666666666,0.16666666666666666,6,12,74,267
6764,379,1723,653017,74,268,652999,653033,34,0.5294117647058824,0.058823529411764705,4,1,0.6666666666666666,0.5,6,2,74,268
6765,379,1733,656807,74,269,656791,656809,18,0.8888888888888888,0.16666666666666666,4,1,0.6666666666666666,0.3,6,10,74,269
6766,379,1741,659839,74,270,659831,659843,12,0.6666666666666666,0.6666666666666666,4,0,0.6666666666666666,0.25,6,8,74,270
6767,379,1747,662113,74,271,662111,662141,30,0.06666666666666667,0.06666666666666667,4,0,0.6666666666666666,0.6666666666666666,6,6,74,271
6768,379,1753,664387,74,272,664381,664403,22,0.2727272727272727,0.045454545454545456,4,1,0.6666666666666666,0.6666666666666666,6,6,74,272
6769,379,1759,666661,74,273,666649,666667,18,0.6666666666666666,0.6666666666666666,4,0,0.6666666666666666,0.16666666666666666,6,6,74,273
6770,379,1777,673483,74,274,673469,673487,18,0.7777777777777778,0.2222222222222222,4,1,0.6666666666666666,0.1111111111111111,6,18,74,274
6771,379,1783,675757,74,275,675751,675781,30,0.2,0.13333333333333333,4,1,0.6666666666666666,0.3333333333333333,6,6,74,275
6772,379,1787,677273,74,276,677239,677309,70,0.4857142857142857,0.05714285714285714,4,1,0.6666666666666666,0.25,6,4,74,276
6773,379,1789,678031,74,277,678023,678037,14,0.5714285714285714,0.5714285714285714,4,0,0.6666666666666666,0.5,6,2,74,277
6774,379,1801,682579,74,278,682547,682597,50,0.64,0.12,4,1,0.6666666666666666,0.3333333333333333,6,12,74,278
6775,379,1811,686369,74,279,686363,686417,54,0.1111111111111111,0.037037037037037035,4,1,0.6666666666666666,0.2,6,10,74,279
6776,379,1823,690917,74,280,690889,690919,30,0.9333333333333333,0.2,4,1,0.6666666666666666,0.25,6,12,74,280
6777,379,1831,693949,74,281,693943,693961,18,0.3333333333333333,0.2222222222222222,4,1,0.6666666666666666,0.75,6,8,74,281
6778,379,1847,700013,74,282,700001,700027,26,0.46153846153846156,0.07692307692307693,4,1,0.6666666666666666,0.25,6,16,74,282
6779,379,1861,705319,74,283,705317,705389,72,0.027777777777777776,0.027777777777777776,4,0,0.6666666666666666,0.14285714285714285,6,14,74,283
6780,379,1867,707593,74,284,707573,707627,54,0.37037037037037035,0.37037037037037035,4,0,0.6666666666666666,0.6666666666666666,6,6,74,284
6781,379,1871,709109,74,285,709097,709117,20,0.6,0.1,4,1,0.6666666666666666,0.25,6,4,74,285
6782,379,1873,709867,74,286,709861,709871,10,0.6,0.6,4,0,0.6666666666666666,0.5,6,2,74,286
6783,379,1877,711383,74,287,711371,711397,26,0.46153846153846156,0.07692307692307693,4,1,0.6666666666666666,0.25,6,4,74,287
6784,379,1879,712141,74,288,712133,712157,24,0.3333333333333333,0.08333333333333333,4,1,0.6666666666666666,0.5,6,2,74,288
6785,379,1889,715931,74,289,715927,715943,16,0.25,0.25,4,0,0.6666666666666666,0.3,6,10,74,289
6786,379,1901,720479,74,290,720439,720481,42,0.9523809523809523,0.09523809523809523,4,1,0.6666666666666666,0.16666666666666666,6,12,74,290
6787,379,1907,722753,74,291,722749,722783,34,0.11764705882352941,0.11764705882352941,4,0,0.6666666666666666,0.3333333333333333,6,6,74,291
6788,379,1913,725027,74,292,725009,725041,32,0.5625,0.0625,4,1,0.6666666666666666,0.3333333333333333,6,6,74,292
6789,379,1931,731849,74,293,731839,731851,12,0.8333333333333334,0.3333333333333333,4,1,0.6666666666666666,0.1111111111111111,6,18,74,293
6790,379,1933,732607,74,294,732601,732617,16,0.375,0.25,4,1,0.6666666666666666,0.5,6,2,74,294
6791,379,1949,738671,74,295,738643,738677,34,0.8235294117647058,0.17647058823529413,4,1,0.6666666666666666,0.0625,6,16,74,295
6792,379,1951,739429,74,296,739399,739433,34,0.8823529411764706,0.17647058823529413,4,1,0.6666666666666666,0.5,6,2,74,296
6793,379,1973,747767,74,297,747763,747781,18,0.2222222222222222,0.2222222222222222,4,0,0.6666666666666666,0.13636363636363635,6,22,74,297
6794,379,1979,750041,74,298,750037,750059,22,0.18181818181818182,0.045454545454545456,4,1,0.6666666666666666,0.6666666666666666,6,6,74,298
6795,379,1987,753073,74,299,753031,753079,48,0.875,0.08333333333333333,4,1,0.6666666666666666,0.25,6,8,74,299
6796,379,1993,755347,74,300,755333,755351,18,0.7777777777777778,0.4444444444444444,4,1,0.6666666666666666,0.6666666666666666,6,6,74,300
6797,379,1997,756863,74,301,756853,756869,16,0.625,0.375,4,1,0.6666666666666666,0.25,6,4,74,301
6798,379,1999,757621,74,302,757607,757633,26,0.5384615384615384,0.07692307692307693,4,1,0.6666666666666666,0.5,6,2,74,302
6799,379,2003,759137,74,303,759131,759149,18,0.3333333333333333,0.1111111111111111,4,1,0.6666666666666666,0.5,6,4,74,303
6800,383,1009,386447,75,168,386437,386471,34,0.29411764705882354,0.058823529411764705,4,1,0.5,0.08333333333333333,4,12,75,168
6801,383,1013,387979,75,169,387977,388009,32,0.0625,0.0625,4,0,0.5,0.5,4,4,75,169
6802,383,1019,390277,75,170,390263,390281,18,0.7777777777777778,0.6111111111111112,4,1,0.5,0.8333333333333334,4,6,75,170
6803,383,1021,391043,75,171,391031,391049,18,0.6666666666666666,0.1111111111111111,4,1,0.5,0.5,4,2,75,171
6804,383,1031,394873,75,172,394861,394879,18,0.6666666666666666,0.3333333333333333,4,1,0.5,0.6,4,10,75,172
6805,383,1033,395639,75,173,395627,395657,30,0.4,0.2,4,1,0.5,0.5,4,2,75,173
6806,383,1039,397937,75,174,397921,397939,18,0.8888888888888888,0.3333333333333333,4,1,0.5,0.6666666666666666,4,6,75,174
6807,383,1049,401767,75,175,401743,401771,28,0.8571428571428571,0.14285714285714285,4,1,0.5,0.2,4,10,75,175
6808,383,1051,402533,75,176,402529,402541,12,0.3333333333333333,0.16666666666666666,4,1,0.5,0.5,4,2,75,176
6809,383,1061,406363,75,177,406361,406381,20,0.1,0.1,4,0,0.5,0.4,4,10,75,177
6810,383,1063,407129,75,178,407119,407137,18,0.5555555555555556,0.3888888888888889,4,1,0.5,0.5,4,2,75,178
6811,383,1069,409427,75,179,409397,409429,32,0.9375,0.0625,4,1,0.5,0.6666666666666666,4,6,75,179
6812,383,1087,416321,75,180,416291,416333,42,0.7142857142857143,0.047619047619047616,4,1,0.5,0.2222222222222222,4,18,75,180
6813,383,1091,417853,75,181,417839,417863,24,0.5833333333333334,0.3333333333333333,4,1,0.5,0.75,4,4,75,181
6814,383,1093,418619,75,182,418603,418631,28,0.5714285714285714,0.21428571428571427,3,1,0.5,0.5,4,2,75,182
6815,383,1097,420151,75,183,420149,420163,14,0.14285714285714285,0.14285714285714285,4,0,0.5,0.25,4,4,75,183
6816,383,1103,422449,75,184,422431,422453,22,0.8181818181818182,0.13636363636363635,4,1,0.5,0.3333333333333333,4,6,75,184
6817,383,1109,424747,75,185,424729,424757,28,0.6428571428571429,0.14285714285714285,4,1,0.5,0.8333333333333334,4,6,75,185
6818,383,1117,427811,75,186,427789,427813,24,0.9166666666666666,0.16666666666666666,4,1,0.5,0.25,4,8,75,186
6819,383,1123,430109,75,187,430093,430121,28,0.5714285714285714,0.14285714285714285,4,1,0.5,0.3333333333333333,4,6,75,187
6820,383,1129,432407,75,188,432401,432413,12,0.5,0.16666666666666666,4,1,0.5,0.5,4,6,75,188
6821,383,1151,440833,75,189,440831,440849,18,0.1111111111111111,0.1111111111111111,4,0,0.5,0.18181818181818182,4,22,75,189
6822,383,1153,441599,75,190,441587,441607,20,0.6,0.1,4,1,0.5,0.5,4,2,75,190
6823,383,1163,445429,75,191,445427,445433,6,0.3333333333333333,0.3333333333333333,4,0,0.5,0.1,4,10,75,191
6824,383,1171,448493,75,192,448451,448519,68,0.6176470588235294,0.029411764705882353,4,1,0.5,0.25,4,8,75,192
6825,383,1181,452323,75,193,452297,452329,32,0.8125,0.0625,4,1,0.5,0.3,4,10,75,193
6826,383,1187,454621,75,194,454609,454627,18,0.6666666666666666,0.1111111111111111,4,1,0.5,0.8333333333333334,4,6,75,194
6827,383,1193,456919,75,195,456901,456923,22,0.8181818181818182,0.045454545454545456,4,1,0.5,0.3333333333333333,4,6,75,195
6828,383,1201,459983,75,196,459961,460013,52,0.4230769230769231,0.019230769230769232,4,1,0.5,0.25,4,8,75,196
6829,383,1213,464579,75,197,464561,464587,26,0.6923076923076923,0.23076923076923078,4,1,0.5,0.08333333333333333,4,12,75,197
6830,383,1217,466111,75,198,466091,466121,30,0.6666666666666666,0.06666666666666667,4,1,0.5,0.25,4,4,75,198
6831,383,1223,468409,75,199,468389,468421,32,0.625,0.125,4,1,0.5,0.3333333333333333,4,6,75,199
6832,383,1229,470707,75,200,470689,470711,22,0.8181818181818182,0.36363636363636365,4,1,0.5,0.5,4,6,75,200
6833,383,1231,471473,75,201,471467,471481,14,0.42857142857142855,0.42857142857142855,4,0,0.5,0.5,4,2,75,201
6834,383,1237,473771,75,202,473761,473789,28,0.35714285714285715,0.03571428571428571,4,1,0.5,0.5,4,6,75,202
6835,383,1249,478367,75,203,478351,478391,40,0.4,0.15,4,1,0.5,0.08333333333333333,4,12,75,203
6836,383,1259,482197,75,204,482189,482203,14,0.5714285714285714,0.14285714285714285,4,1,0.5,0.4,4,10,75,204
6837,383,1277,489091,75,205,489061,489101,40,0.75,0.05,4,1,0.5,0.1111111111111111,4,18,75,205
6838,383,1279,489857,75,206,489851,489869,18,0.3333333333333333,0.3333333333333333,4,0,0.5,0.5,4,2,75,206
6839,383,1283,491389,75,207,491377,491417,40,0.3,0.6,3,-1,0.5,0.75,4,4,75,207
6840,383,1289,493687,75,208,493657,493693,36,0.8333333333333334,0.25,4,1,0.5,0.3333333333333333,4,6,75,208
6841,383,1291,494453,75,209,494443,494471,28,0.35714285714285715,0.10714285714285714,4,1,0.5,0.5,4,2,75,209
6842,383,1297,496751,75,210,496747,496763,16,0.25,0.25,4,0,0.5,0.3333333333333333,4,6,75,210
6843,383,1301,498283,75,211,498271,498301,30,0.4,0.2,4,1,0.5,0.5,4,4,75,211
6844,383,1303,499049,75,212,499039,499063,24,0.4166666666666667,0.125,4,1,0.5,0.5,4,2,75,212
6845,383,1307,500581,75,213,500579,500587,8,0.25,0.25,4,0,0.5,0.75,4,4,75,213
6846,383,1319,505177,75,214,505159,505181,22,0.8181818181818182,0.18181818181818182,4,1,0.5,0.5,4,12,75,214
6847,383,1321,505943,75,215,505927,505949,22,0.7272727272727273,0.09090909090909091,4,1,0.5,0.5,4,2,75,215
6848,383,1327,508241,75,216,508237,508243,6,0.6666666666666666,0.16666666666666666,4,1,0.5,0.16666666666666666,4,6,75,216
6849,383,1361,521263,75,217,521251,521267,16,0.75,0.375,4,1,0.5,0.058823529411764705,4,34,75,217
6850,383,1367,523561,75,218,523553,523571,18,0.4444444444444444,0.1111111111111111,4,1,0.5,0.3333333333333333,4,6,75,218
6851,383,1373,525859,75,219,525839,525869,30,0.6666666666666666,0.06666666666666667,4,1,0.5,0.3333333333333333,4,6,75,219
6852,383,1381,528923,75,220,528911,528929,18,0.6666666666666666,0.3333333333333333,4,1,0.5,0.75,4,8,75,220
6853,383,1399,535817,75,221,535811,535849,38,0.15789473684210525,0.05263157894736842,4,1,0.5,0.05555555555555555,4,18,75,221
6854,383,1409,539647,75,222,539641,539653,12,0.5,0.5,4,0,0.5,0.2,4,10,75,222
6855,383,1423,545009,75,223,544979,545023,44,0.6818181818181818,0.045454545454545456,4,1,0.5,0.14285714285714285,4,14,75,223
6856,383,1427,546541,75,224,546523,546547,24,0.75,0.16666666666666666,4,1,0.5,0.75,4,4,75,224
6857,383,1429,547307,75,225,547301,547321,20,0.3,0.1,4,1,0.5,0.5,4,2,75,225
6858,383,1433,548839,75,226,548837,548843,6,0.3333333333333333,0.3333333333333333,4,0,0.5,0.5,4,4,75,226
6859,383,1439,551137,75,227,551129,551143,14,0.5714285714285714,0.5714285714285714,4,0,0.5,0.6666666666666666,4,6,75,227
6860,383,1447,554201,75,228,554189,554207,18,0.6666666666666666,0.2777777777777778,4,1,0.5,0.25,4,8,75,228
6861,383,1451,555733,75,229,555707,555739,32,0.8125,0.25,4,1,0.5,0.25,4,4,75,229
6862,383,1453,556499,75,230,556487,556513,26,0.46153846153846156,0.07692307692307693,4,1,0.5,0.5,4,2,75,230
6863,383,1459,558797,75,231,558793,558827,34,0.11764705882352941,0.029411764705882353,4,1,0.5,0.16666666666666666,4,6,75,231
6864,383,1471,563393,75,232,563377,563401,24,0.6666666666666666,0.08333333333333333,4,1,0.5,0.16666666666666666,4,12,75,232
6865,383,1481,567223,75,233,567209,567257,48,0.2916666666666667,0.041666666666666664,4,1,0.5,0.2,4,10,75,233
6866,383,1483,567989,75,234,567979,567991,12,0.8333333333333334,0.3333333333333333,4,1,0.5,0.5,4,2,75,234
6867,383,1487,569521,75,235,569507,569533,26,0.5384615384615384,0.07692307692307693,4,1,0.5,0.75,4,4,75,235
6868,383,1489,570287,75,236,570253,570329,76,0.4473684210526316,0.05263157894736842,4,1,0.5,0.5,4,2,75,236
6869,383,1493,571819,75,237,571811,571841,30,0.26666666666666666,0.2,4,1,0.5,0.75,4,4,75,237
6870,383,1499,574117,75,238,574109,574127,18,0.4444444444444444,0.1111111111111111,4,1,0.5,0.6666666666666666,4,6,75,238
6871,383,1511,578713,75,239,578701,578719,18,0.6666666666666666,0.2222222222222222,4,1,0.5,0.16666666666666666,4,12,75,239
6872,383,1523,583309,75,240,583301,583337,36,0.2222222222222222,0.2222222222222222,4,0,0.5,0.16666666666666666,4,12,75,240
6873,383,1531,586373,75,241,586367,586387,20,0.3,0.2,4,1,0.5,0.5,4,8,75,241
6874,383,1543,590969,75,242,590963,590983,20,0.3,0.3,4,0,0.5,0.3333333333333333,4,12,75,242
6875,383,1549,593267,75,243,593261,593273,12,0.5,0.5,4,0,0.5,0.5,4,6,75,243
6876,383,1553,594799,75,244,594793,594821,28,0.21428571428571427,0.03571428571428571,4,1,0.5,0.5,4,4,75,244
6877,383,1559,597097,75,245,597073,597127,54,0.4444444444444444,0.1111111111111111,4,1,0.5,0.3333333333333333,4,6,75,245
6878,383,1567,600161,75,246,600109,600167,58,0.896551724137931,0.06896551724137931,4,1,0.5,0.25,4,8,75,246
6879,383,1571,601693,75,247,601687,601697,10,0.6,0.4,4,1,0.5,0.5,4,4,75,247
6880,383,1579,604757,75,248,604753,604759,6,0.6666666666666666,0.6666666666666666,4,0,0.5,0.375,4,8,75,248
6881,383,1583,606289,75,249,606251,606299,48,0.7916666666666666,0.041666666666666664,4,1,0.5,0.5,4,4,75,249
6882,383,1597,611651,75,250,611641,611657,16,0.625,0.0625,4,1,0.5,0.14285714285714285,4,14,75,250
6883,383,1601,613183,75,251,613181,613189,8,0.25,0.25,4,0,0.5,0.25,4,4,75,251
6884,383,1607,615481,75,252,615479,615491,12,0.16666666666666666,0.16666666666666666,4,0,0.5,0.3333333333333333,4,6,75,252
6885,383,1609,616247,75,253,616243,616261,18,0.2222222222222222,0.2222222222222222,4,0,0.5,0.5,4,2,75,253
6886,383,1613,617779,75,254,617777,617791,14,0.14285714285714285,0.14285714285714285,4,0,0.5,0.5,4,4,75,254
6887,383,1619,620077,75,255,620051,620099,48,0.5416666666666666,0.0625,4,1,0.5,0.8333333333333334,4,6,75,255
6888,383,1621,620843,75,256,620831,620849,18,0.6666666666666666,0.1111111111111111,4,1,0.5,0.5,4,2,75,256
6889,383,1627,623141,75,257,623107,623171,64,0.53125,0.0625,4,1,0.5,0.16666666666666666,4,6,75,257
6890,383,1637,626971,75,258,626963,626987,24,0.3333333333333333,0.25,4,1,0.5,0.4,4,10,75,258
6891,383,1657,634631,75,259,634609,634643,34,0.6470588235294118,0.11764705882352941,4,1,0.5,0.1,4,20,75,259
6892,383,1663,636929,75,260,636919,636931,12,0.8333333333333334,0.3333333333333333,4,1,0.5,0.16666666666666666,4,6,75,260
6893,383,1667,638461,75,261,638459,638467,8,0.25,0.25,4,0,0.5,0.5,4,4,75,261
6894,383,1669,639227,75,262,639211,639253,42,0.38095238095238093,0.07142857142857142,4,1,0.5,0.5,4,2,75,262
6895,383,1693,648419,75,263,648391,648433,42,0.6666666666666666,0.16666666666666666,4,1,0.5,0.5,4,24,75,263
6896,383,1697,649951,75,264,649937,649969,32,0.4375,0.0625,4,1,0.5,0.5,4,4,75,264
6897,383,1699,650717,75,265,650701,650759,58,0.27586206896551724,0.034482758620689655,4,1,0.5,0.5,4,2,75,265
6898,383,1709,654547,75,266,654541,654553,12,0.5,0.5,4,0,0.5,0.4,4,10,75,266
6899,383,1721,659143,75,267,659137,659159,22,0.2727272727272727,0.2727272727272727,4,0,0.5,0.16666666666666666,4,12,75,267
6900,383,1723,659909,75,268,659899,659917,18,0.5555555555555556,0.16666666666666666,4,1,0.5,0.5,4,2,75,268
6901,383,1733,663739,75,269,663737,663763,26,0.07692307692307693,0.07692307692307693,4,0,0.5,0.3,4,10,75,269
6902,383,1741,666803,75,270,666773,666811,38,0.7894736842105263,0.21052631578947367,4,1,0.5,0.25,4,8,75,270
6903,383,1747,669101,75,271,669091,669107,16,0.625,0.1875,4,1,0.5,0.6666666666666666,4,6,75,271
6904,383,1753,671399,75,272,671383,671401,18,0.8888888888888888,0.16666666666666666,4,1,0.5,0.6666666666666666,4,6,75,272
6905,383,1759,673697,75,273,673669,673747,78,0.358974358974359,0.1282051282051282,4,1,0.5,0.16666666666666666,4,6,75,273
6906,383,1777,680591,75,274,680587,680597,10,0.4,0.4,4,0,0.5,0.1111111111111111,4,18,75,274
6907,383,1783,682889,75,275,682819,682901,82,0.8536585365853658,0.04878048780487805,4,1,0.5,0.3333333333333333,4,6,75,275
6908,383,1787,684421,75,276,684419,684427,8,0.25,0.25,4,0,0.5,0.25,4,4,75,276
6909,383,1789,685187,75,277,685177,685199,22,0.45454545454545453,0.18181818181818182,4,1,0.5,0.5,4,2,75,277
6910,383,1801,689783,75,278,689779,689789,10,0.4,0.4,4,0,0.5,0.3333333333333333,4,12,75,278
6911,383,1811,693613,75,279,693607,693619,12,0.5,0.5,4,0,0.5,0.2,4,10,75,279
6912,383,1823,698209,75,280,698183,698239,56,0.4642857142857143,0.05357142857142857,4,1,0.5,0.25,4,12,75,280
6913,383,1831,701273,75,281,701257,701279,22,0.7272727272727273,0.045454545454545456,4,1,0.5,0.75,4,8,75,281
6914,383,1847,707401,75,282,707383,707407,24,0.75,0.16666666666666666,4,1,0.5,0.25,4,16,75,282
6915,383,1861,712763,75,283,712739,712781,42,0.5714285714285714,0.047619047619047616,4,1,0.5,0.14285714285714285,4,14,75,283
6916,383,1867,715061,75,284,715049,715063,14,0.8571428571428571,0.14285714285714285,4,1,0.5,0.6666666666666666,4,6,75,284
6917,383,1871,716593,75,285,716591,716621,30,0.06666666666666667,0.06666666666666667,4,0,0.5,0.25,4,4,75,285
6918,383,1873,717359,75,286,717341,717397,56,0.32142857142857145,0.03571428571428571,4,1,0.5,0.5,4,2,75,286
6919,383,1877,718891,75,287,718871,718897,26,0.7692307692307693,0.07692307692307693,4,1,0.5,0.25,4,4,75,287
6920,383,1879,719657,75,288,719639,719659,20,0.9,0.6,4,1,0.5,0.5,4,2,75,288
6921,383,1889,723487,75,289,723479,723491,12,0.6666666666666666,0.6666666666666666,4,0,0.5,0.3,4,10,75,289
6922,383,1901,728083,75,290,728069,728087,18,0.7777777777777778,0.1111111111111111,4,1,0.5,0.16666666666666666,4,12,75,290
6923,383,1907,730381,75,291,730363,730397,34,0.5294117647058824,0.17647058823529413,4,1,0.5,0.3333333333333333,4,6,75,291
6924,383,1913,732679,75,292,732673,732689,16,0.375,0.375,4,0,0.5,0.3333333333333333,4,6,75,292
6925,383,1931,739573,75,293,739553,739579,26,0.7692307692307693,0.23076923076923078,4,1,0.5,0.1111111111111111,4,18,75,293
6926,383,1933,740339,75,294,740329,740351,22,0.45454545454545453,0.4090909090909091,4,1,0.5,0.5,4,2,75,294
6927,383,1949,746467,75,295,746429,746477,48,0.7916666666666666,0.125,4,1,0.5,0.0625,4,16,75,295
6928,383,1951,747233,75,296,747223,747239,16,0.625,0.1875,4,1,0.5,0.5,4,2,75,296
6929,383,1973,755659,75,297,755627,755663,36,0.8888888888888888,0.16666666666666666,4,1,0.5,0.13636363636363635,4,22,75,297
6930,383,1979,757957,75,298,757951,757993,42,0.14285714285714285,0.07142857142857142,4,1,0.5,0.6666666666666666,4,6,75,298
6931,383,1987,761021,75,299,761009,761023,14,0.8571428571428571,0.14285714285714285,4,1,0.5,0.25,4,8,75,299
6932,383,1993,763319,75,300,763307,763339,32,0.375,0.0625,4,1,0.5,0.6666666666666666,4,6,75,300
6933,383,1997,764851,75,301,764849,764857,8,0.25,0.25,4,0,0.5,0.25,4,4,75,301
6934,383,1999,765617,75,302,765613,765619,6,0.6666666666666666,0.16666666666666666,4,1,0.5,0.5,4,2,75,302
6935,383,2003,767149,75,303,767147,767153,6,0.3333333333333333,0.3333333333333333,4,0,0.5,0.5,4,4,75,303
6936,389,1009,392501,76,168,392489,392503,14,0.8571428571428571,0.35714285714285715,4,1,0.5,0.08333333333333333,6,12,76,168
6937,389,1013,394057,76,169,394049,394063,14,0.5714285714285714,0.5714285714285714,4,0,0.5,0.5,6,4,76,169
6938,389,1019,396391,76,170,396379,396413,34,0.35294117647058826,0.11764705882352941,4,1,0.5,0.8333333333333334,6,6,76,170
6939,389,1021,397169,76,171,397153,397181,28,0.5714285714285714,0.14285714285714285,4,1,0.5,0.5,6,2,76,171
6940,389,1031,401059,76,172,401057,401069,12,0.16666666666666666,0.16666666666666666,4,0,0.5,0.6,6,10,76,172
6941,389,1033,401837,76,173,401827,401839,12,0.8333333333333334,0.3333333333333333,4,1,0.5,0.5,6,2,76,173
6942,389,1039,404171,76,174,404167,404177,10,0.4,0.4,4,0,0.5,0.6666666666666666,6,6,76,174
6943,389,1049,408061,76,175,408049,408071,22,0.5454545454545454,0.18181818181818182,4,1,0.5,0.2,6,10,76,175
6944,389,1051,408839,76,176,408817,408841,24,0.9166666666666666,0.08333333333333333,4,1,0.5,0.5,6,2,76,176
6945,389,1061,412729,76,177,412717,412739,22,0.5454545454545454,0.09090909090909091,4,1,0.5,0.4,6,10,76,177
6946,389,1063,413507,76,178,413477,413521,44,0.6818181818181818,0.045454545454545456,4,1,0.5,0.5,6,2,76,178
6947,389,1069,415841,76,179,415823,415861,38,0.47368421052631576,0.15789473684210525,4,1,0.5,0.6666666666666666,6,6,76,179
6948,389,1087,422843,76,180,422827,422857,30,0.5333333333333333,0.13333333333333333,4,1,0.5,0.2222222222222222,6,18,76,180
6949,389,1091,424399,76,181,424397,424423,26,0.07692307692307693,0.07692307692307693,4,0,0.5,0.75,6,4,76,181
6950,389,1093,425177,76,182,425149,425189,40,0.7,0.2,4,1,0.5,0.5,6,2,76,182
6951,389,1097,426733,76,183,426731,426737,6,0.3333333333333333,0.3333333333333333,4,0,0.5,0.25,6,4,76,183
6952,389,1103,429067,76,184,429043,429083,40,0.6,0.1,4,1,0.5,0.3333333333333333,6,6,76,184
6953,389,1109,431401,76,185,431399,431423,24,0.08333333333333333,0.08333333333333333,4,0,0.5,0.8333333333333334,6,6,76,185
6954,389,1117,434513,76,186,434509,434521,12,0.3333333333333333,0.3333333333333333,4,0,0.5,0.25,6,8,76,186
6955,389,1123,436847,76,187,436841,436853,12,0.5,0.4166666666666667,4,1,0.5,0.3333333333333333,6,6,76,187
6956,389,1129,439181,76,188,439171,439183,12,0.8333333333333334,0.25,4,1,0.5,0.5,6,6,76,188
6957,389,1151,447739,76,189,447703,447743,40,0.9,0.1,4,1,0.5,0.18181818181818182,6,22,76,189
6958,389,1153,448517,76,190,448451,448519,68,0.9705882352941176,0.029411764705882353,4,1,0.5,0.5,6,2,76,190
6959,389,1163,452407,76,191,452401,452443,42,0.14285714285714285,0.023809523809523808,4,1,0.5,0.1,6,10,76,191
6960,389,1171,455519,76,192,455513,455527,14,0.42857142857142855,0.42857142857142855,4,0,0.5,0.25,6,8,76,192
6961,389,1181,459409,76,193,459397,459421,24,0.5,0.041666666666666664,4,1,0.5,0.3,6,10,76,193
6962,389,1187,461743,76,194,461717,461801,84,0.30952380952380953,0.05952380952380952,4,1,0.5,0.8333333333333334,6,6,76,194
6963,389,1193,464077,76,195,464069,464081,12,0.6666666666666666,0.16666666666666666,4,1,0.5,0.3333333333333333,6,6,76,195
6964,389,1201,467189,76,196,467183,467197,14,0.42857142857142855,0.42857142857142855,4,0,0.5,0.25,6,8,76,196
6965,389,1213,471857,76,197,471853,471871,18,0.2222222222222222,0.05555555555555555,4,1,0.5,0.08333333333333333,6,12,76,197
6966,389,1217,473413,76,198,473411,473419,8,0.25,0.25,4,0,0.5,0.25,6,4,76,198
6967,389,1223,475747,76,199,475729,475751,22,0.8181818181818182,0.18181818181818182,4,1,0.5,0.3333333333333333,6,6,76,199
6968,389,1229,478081,76,200,478069,478087,18,0.6666666666666666,0.2222222222222222,4,1,0.5,0.5,6,6,76,200
6969,389,1231,478859,76,201,478853,478861,8,0.75,0.625,4,1,0.5,0.5,6,2,76,201
6970,389,1237,481193,76,202,481181,481199,18,0.6666666666666666,0.1111111111111111,4,1,0.5,0.5,6,6,76,202
6971,389,1249,485861,76,203,485833,485893,60,0.4666666666666667,0.1,4,1,0.5,0.08333333333333333,6,12,76,203
6972,389,1259,489751,76,204,489743,489761,18,0.4444444444444444,0.16666666666666666,4,1,0.5,0.4,6,10,76,204
6973,389,1277,496753,76,205,496747,496763,16,0.375,0.25,4,1,0.5,0.1111111111111111,6,18,76,205
6974,389,1279,497531,76,206,497521,497537,16,0.625,0.375,4,1,0.5,0.5,6,2,76,206
6975,389,1283,499087,76,207,499067,499099,32,0.625,0.125,4,1,0.5,0.75,6,4,76,207
6976,389,1289,501421,76,208,501419,501427,8,0.25,0.25,4,0,0.5,0.3333333333333333,6,6,76,208
6977,389,1291,502199,76,209,502181,502217,36,0.5,0.16666666666666666,4,1,0.5,0.5,6,2,76,209
6978,389,1297,504533,76,210,504527,504547,20,0.3,0.1,4,1,0.5,0.3333333333333333,6,6,76,210
6979,389,1301,506089,76,211,506083,506101,18,0.3333333333333333,0.2222222222222222,4,1,0.5,0.5,6,4,76,211
6980,389,1303,506867,76,212,506861,506873,12,0.5,0.4166666666666667,4,1,0.5,0.5,6,2,76,212
6981,389,1307,508423,76,213,508393,508433,40,0.75,0.025,4,1,0.5,0.75,6,4,76,213
6982,389,1319,513091,76,214,513083,513101,18,0.4444444444444444,0.2222222222222222,4,1,0.5,0.5,6,12,76,214
6983,389,1321,513869,76,215,513841,513871,30,0.9333333333333333,0.13333333333333333,4,1,0.5,0.5,6,2,76,215
6984,389,1327,516203,76,216,516199,516209,10,0.4,0.3,4,1,0.5,0.16666666666666666,6,6,76,216
6985,389,1361,529429,76,217,529423,529471,48,0.125,0.08333333333333333,4,1,0.5,0.058823529411764705,6,34,76,217
6986,389,1367,531763,76,218,531731,531793,62,0.5161290322580645,0.03225806451612903,4,1,0.5,0.3333333333333333,6,6,76,218
6987,389,1373,534097,76,219,534091,534101,10,0.6,0.6,4,0,0.5,0.3333333333333333,6,6,76,219
6988,389,1381,537209,76,220,537197,537221,24,0.5,0.25,4,1,0.5,0.75,6,8,76,220
6989,389,1399,544211,76,221,544199,544223,24,0.5,0.08333333333333333,4,1,0.5,0.05555555555555555,6,18,76,221
6990,389,1409,548101,76,222,548099,548117,18,0.1111111111111111,0.1111111111111111,4,0,0.5,0.2,6,10,76,222
6991,389,1423,553547,76,223,553543,553549,6,0.6666666666666666,0.6666666666666666,4,0,0.5,0.14285714285714285,6,14,76,223
6992,389,1427,555103,76,224,555097,555109,12,0.5,0.08333333333333333,4,1,0.5,0.75,6,4,76,224
6993,389,1429,555881,76,225,555871,555931,60,0.16666666666666666,0.03333333333333333,4,1,0.5,0.5,6,2,76,225
6994,389,1433,557437,76,226,557423,557443,20,0.7,0.3,4,1,0.5,0.5,6,4,76,226
6995,389,1439,559771,76,227,559747,559777,30,0.8,0.06666666666666667,4,1,0.5,0.6666666666666666,6,6,76,227
6996,389,1447,562883,76,228,562871,562897,26,0.46153846153846156,0.07692307692307693,4,1,0.5,0.25,6,8,76,228
6997,389,1451,564439,76,229,564437,564449,12,0.16666666666666666,0.16666666666666666,4,0,0.5,0.25,6,4,76,229
6998,389,1453,565217,76,230,565207,565237,30,0.3333333333333333,0.13333333333333333,4,1,0.5,0.5,6,2,76,230
6999,389,1459,567551,76,231,567533,567569,36,0.5,0.1388888888888889,4,1,0.5,0.16666666666666666,6,6,76,231
7000,389,1471,572219,76,232,572207,572233,26,0.46153846153846156,0.23076923076923078,4,1,0.5,0.16666666666666666,6,12,76,232
7001,389,1481,576109,76,233,576101,576119,18,0.4444444444444444,0.2777777777777778,4,1,0.5,0.2,6,10,76,233
7002,389,1483,576887,76,234,576883,576889,6,0.6666666666666666,0.6666666666666666,4,0,0.5,0.5,6,2,76,234
7003,389,1487,578443,76,235,578441,578453,12,0.16666666666666666,0.16666666666666666,4,0,0.5,0.75,6,4,76,235
7004,389,1489,579221,76,236,579199,579239,40,0.55,0.1,4,1,0.5,0.5,6,2,76,236
7005,389,1493,580777,76,237,580763,580787,24,0.5833333333333334,0.125,4,1,0.5,0.75,6,4,76,237
7006,389,1499,583111,76,238,583087,583127,40,0.6,0.1,4,1,0.5,0.6666666666666666,6,6,76,238
7007,389,1511,587779,76,239,587773,587789,16,0.375,0.25,4,1,0.5,0.16666666666666666,6,12,76,239
7008,389,1523,592447,76,240,592429,592451,22,0.8181818181818182,0.18181818181818182,4,1,0.5,0.16666666666666666,6,12,76,240
7009,389,1531,595559,76,241,595549,595571,22,0.45454545454545453,0.4090909090909091,4,1,0.5,0.5,6,8,76,241
7010,389,1543,600227,76,242,600221,600233,12,0.5,0.16666666666666666,4,1,0.5,0.3333333333333333,6,12,76,242
7011,389,1549,602561,76,243,602551,602593,42,0.23809523809523808,0.09523809523809523,4,1,0.5,0.5,6,6,76,243
7012,389,1553,604117,76,244,604073,604171,98,0.4489795918367347,0.04081632653061224,4,1,0.5,0.5,6,4,76,244
7013,389,1559,606451,76,245,606449,606493,44,0.045454545454545456,0.045454545454545456,4,0,0.5,0.3333333333333333,6,6,76,245
7014,389,1567,609563,76,246,609541,609571,30,0.7333333333333333,0.03333333333333333,4,1,0.5,0.25,6,8,76,246
7015,389,1571,611119,76,247,611113,611131,18,0.3333333333333333,0.3333333333333333,4,0,0.5,0.5,6,4,76,247
7016,389,1579,614231,76,248,614219,614267,48,0.25,0.16666666666666666,4,1,0.5,0.375,6,8,76,248
7017,389,1583,615787,76,249,615773,615793,20,0.7,0.4,4,1,0.5,0.5,6,4,76,249
7018,389,1597,621233,76,250,621227,621239,12,0.5,0.16666666666666666,4,1,0.5,0.14285714285714285,6,14,76,250
7019,389,1601,622789,76,251,622781,622793,12,0.6666666666666666,0.16666666666666666,4,1,0.5,0.25,6,4,76,251
7020,389,1607,625123,76,252,625111,625129,18,0.6666666666666666,0.3333333333333333,4,1,0.5,0.3333333333333333,6,6,76,252
7021,389,1609,625901,76,253,625883,625909,26,0.6923076923076923,0.11538461538461539,4,1,0.5,0.5,6,2,76,253
7022,389,1613,627457,76,254,627449,627479,30,0.26666666666666666,0.06666666666666667,4,1,0.5,0.5,6,4,76,254
7023,389,1619,629791,76,255,629779,629803,24,0.5,0.08333333333333333,4,1,0.5,0.8333333333333334,6,6,76,255
7024,389,1621,630569,76,256,630559,630577,18,0.5555555555555556,0.1111111111111111,4,1,0.5,0.5,6,2,76,256
7025,389,1627,632903,76,257,632897,632911,14,0.42857142857142855,0.14285714285714285,4,1,0.5,0.16666666666666666,6,6,76,257
7026,389,1637,636793,76,258,636781,636809,28,0.42857142857142855,0.35714285714285715,4,1,0.5,0.4,6,10,76,258
7027,389,1657,644573,76,259,644569,644593,24,0.16666666666666666,0.16666666666666666,4,0,0.5,0.1,6,20,76,259
7028,389,1663,646907,76,260,646897,646909,12,0.8333333333333334,0.3333333333333333,4,1,0.5,0.16666666666666666,6,6,76,260
7029,389,1667,648463,76,261,648449,648481,32,0.4375,0.0625,4,1,0.5,0.5,6,4,76,261
7030,389,1669,649241,76,262,649217,649261,44,0.5454545454545454,0.045454545454545456,4,1,0.5,0.5,6,2,76,262
7031,389,1693,658577,76,263,658573,658579,6,0.6666666666666666,0.6666666666666666,4,0,0.5,0.5,6,24,76,263
7032,389,1697,660133,76,264,660131,660137,6,0.3333333333333333,0.3333333333333333,4,0,0.5,0.5,6,4,76,264
7033,389,1699,660911,76,265,660901,660917,16,0.625,0.125,4,1,0.5,0.5,6,2,76,265
7034,389,1709,664801,76,266,664799,664843,44,0.045454545454545456,0.045454545454545456,4,0,0.5,0.4,6,10,76,266
7035,389,1721,669469,76,267,669463,669479,16,0.375,0.25,4,1,0.5,0.16666666666666666,6,12,76,267
7036,389,1723,670247,76,268,670237,670249,12,0.8333333333333334,0.75,4,1,0.5,0.5,6,2,76,268
7037,389,1733,674137,76,269,674131,674159,28,0.21428571428571427,0.07142857142857142,4,1,0.5,0.3,6,10,76,269
7038,389,1741,677249,76,270,677239,677309,70,0.14285714285714285,0.05714285714285714,4,1,0.5,0.25,6,8,76,270
7039,389,1747,679583,76,271,679561,679597,36,0.6111111111111112,0.1111111111111111,4,1,0.5,0.6666666666666666,6,6,76,271
7040,389,1753,681917,76,272,681913,681931,18,0.2222222222222222,0.05555555555555555,4,1,0.5,0.6666666666666666,6,6,76,272
7041,389,1759,684251,76,273,684239,684269,30,0.4,0.06666666666666667,4,1,0.5,0.16666666666666666,6,6,76,273
7042,389,1777,691253,76,274,691241,691267,26,0.46153846153846156,0.23076923076923078,4,1,0.5,0.1111111111111111,6,18,76,274
7043,389,1783,693587,76,275,693571,693601,30,0.5333333333333333,0.2,4,1,0.5,0.3333333333333333,6,6,76,275
7044,389,1787,695143,76,276,695141,695171,30,0.06666666666666667,0.06666666666666667,4,0,0.5,0.25,6,4,76,276
7045,389,1789,695921,76,277,695917,695927,10,0.4,0.1,4,1,0.5,0.5,6,2,76,277
7046,389,1801,700589,76,278,700577,700591,14,0.8571428571428571,0.14285714285714285,4,1,0.5,0.3333333333333333,6,12,76,278
7047,389,1811,704479,76,279,704477,704507,30,0.06666666666666667,0.06666666666666667,4,0,0.5,0.2,6,10,76,279
7048,389,1823,709147,76,280,709141,709151,10,0.6,0.2,4,1,0.5,0.25,6,12,76,280
7049,389,1831,712259,76,281,712237,712279,42,0.5238095238095238,0.14285714285714285,4,1,0.5,0.75,6,8,76,281
7050,389,1847,718483,76,282,718463,718493,30,0.6666666666666666,0.13333333333333333,4,1,0.5,0.25,6,16,76,282
7051,389,1861,723929,76,283,723923,723949,26,0.23076923076923078,0.23076923076923078,4,0,0.5,0.14285714285714285,6,14,76,283
7052,389,1867,726263,76,284,726221,726287,66,0.6363636363636364,0.030303030303030304,4,1,0.5,0.6666666666666666,6,6,76,284
7053,389,1871,727819,76,285,727817,727823,6,0.3333333333333333,0.3333333333333333,4,0,0.5,0.25,6,4,76,285
7054,389,1873,728597,76,286,728579,728627,48,0.375,0.0625,4,1,0.5,0.5,6,2,76,286
7055,389,1877,730153,76,287,730139,730157,18,0.7777777777777778,0.1111111111111111,4,1,0.5,0.25,6,4,76,287
7056,389,1879,730931,76,288,730913,730943,30,0.6,0.2,4,1,0.5,0.5,6,2,76,288
7057,389,1889,734821,76,289,734819,734837,18,0.1111111111111111,0.1111111111111111,4,0,0.5,0.3,6,10,76,289
7058,389,1901,739489,76,290,739469,739493,24,0.8333333333333334,0.3333333333333333,4,1,0.5,0.16666666666666666,6,12,76,290
7059,389,1907,741823,76,291,741809,741827,18,0.7777777777777778,0.4444444444444444,4,1,0.5,0.3333333333333333,6,6,76,291
7060,389,1913,744157,76,292,744137,744179,42,0.47619047619047616,0.14285714285714285,4,1,0.5,0.3333333333333333,6,6,76,292
7061,389,1931,751159,76,293,751151,751181,30,0.26666666666666666,0.06666666666666667,4,1,0.5,0.1111111111111111,6,18,76,293
7062,389,1933,751937,76,294,751921,751943,22,0.7272727272727273,0.36363636363636365,4,1,0.5,0.5,6,2,76,294
7063,389,1949,758161,76,295,758159,758179,20,0.1,0.1,4,0,0.5,0.0625,6,16,76,295
7064,389,1951,758939,76,296,758929,758941,12,0.8333333333333334,0.5,4,1,0.5,0.5,6,2,76,296
7065,389,1973,767497,76,297,767489,767509,20,0.4,0.1,4,1,0.5,0.13636363636363635,6,22,76,297
7066,389,1979,769831,76,298,769807,769837,30,0.8,0.06666666666666667,4,1,0.5,0.6666666666666666,6,6,76,298
7067,389,1987,772943,76,299,772921,772949,28,0.7857142857142857,0.21428571428571427,4,1,0.5,0.25,6,8,76,299
7068,389,1993,775277,76,300,775273,775309,36,0.1111111111111111,0.1111111111111111,4,0,0.5,0.6666666666666666,6,6,76,300
7069,389,1997,776833,76,301,776819,776837,18,0.7777777777777778,0.1111111111111111,4,1,0.5,0.25,6,4,76,301
7070,389,1999,777611,76,302,777589,777617,28,0.7857142857142857,0.14285714285714285,4,1,0.5,0.5,6,2,76,302
7071,389,2003,779167,76,303,779159,779173,14,0.5714285714285714,0.14285714285714285,4,1,0.5,0.5,6,4,76,303
7072,397,1009,400573,77,168,400559,400579,20,0.7,0.1,4,1,0.25,0.08333333333333333,8,12,77,168
7073,397,1013,402161,77,169,402139,402197,58,0.3793103448275862,0.034482758620689655,4,1,0.25,0.5,8,4,77,169
7074,397,1019,404543,77,170,404539,404557,18,0.2222222222222222,0.2222222222222222,4,0,0.25,0.8333333333333334,8,6,77,170
7075,397,1021,405337,77,171,405323,405341,18,0.7777777777777778,0.3333333333333333,4,1,0.25,0.5,8,2,77,171
7076,397,1031,409307,77,172,409291,409327,36,0.4444444444444444,0.2777777777777778,4,1,0.25,0.6,8,10,77,172
7077,397,1033,410101,77,173,410093,410117,24,0.3333333333333333,0.25,4,1,0.25,0.5,8,2,77,173
7078,397,1039,412483,77,174,412481,412487,6,0.3333333333333333,0.3333333333333333,4,0,0.25,0.6666666666666666,8,6,77,174
7079,397,1049,416453,77,175,416443,416459,16,0.625,0.1875,4,1,0.25,0.2,8,10,77,175
7080,397,1051,417247,77,176,417239,417251,12,0.6666666666666666,0.5,4,1,0.25,0.5,8,2,77,176
7081,397,1061,421217,77,177,421207,421241,34,0.29411764705882354,0.17647058823529413,4,1,0.25,0.4,8,10,77,177
7082,397,1063,422011,77,178,421997,422029,32,0.4375,0.0625,4,1,0.25,0.5,8,2,77,178
7083,397,1069,424393,77,179,424351,424397,46,0.9130434782608695,0.08695652173913043,4,1,0.25,0.6666666666666666,8,6,77,179
7084,397,1087,431539,77,180,431533,431567,34,0.17647058823529413,0.029411764705882353,4,1,0.25,0.2222222222222222,8,18,77,180
7085,397,1091,433127,77,181,433123,433141,18,0.2222222222222222,0.2222222222222222,4,0,0.25,0.75,8,4,77,181
7086,397,1093,433921,77,182,433889,433931,42,0.7619047619047619,0.047619047619047616,4,1,0.25,0.5,8,2,77,182
7087,397,1097,435509,77,183,435503,435529,26,0.23076923076923078,0.23076923076923078,4,0,0.25,0.25,8,4,77,183
7088,397,1103,437891,77,184,437881,437909,28,0.35714285714285715,0.03571428571428571,4,1,0.25,0.3333333333333333,8,6,77,184
7089,397,1109,440273,77,185,440269,440281,12,0.3333333333333333,0.3333333333333333,4,0,0.25,0.8333333333333334,8,6,77,185
7090,397,1117,443449,77,186,443437,443453,16,0.75,0.0625,4,1,0.25,0.25,8,8,77,186
7091,397,1123,445831,77,187,445829,445847,18,0.1111111111111111,0.1111111111111111,4,0,0.25,0.3333333333333333,8,6,77,187
7092,397,1129,448213,77,188,448207,448241,34,0.17647058823529413,0.11764705882352941,4,1,0.25,0.5,8,6,77,188
7093,397,1151,456947,77,189,456923,456949,26,0.9230769230769231,0.23076923076923078,4,1,0.25,0.18181818181818182,8,22,77,189
7094,397,1153,457741,77,190,457739,457757,18,0.1111111111111111,0.1111111111111111,4,0,0.25,0.5,8,2,77,190
7095,397,1163,461711,77,191,461707,461717,10,0.4,0.4,4,0,0.25,0.1,8,10,77,191
7096,397,1171,464887,77,192,464879,464897,18,0.4444444444444444,0.1111111111111111,4,1,0.25,0.25,8,8,77,192
7097,397,1181,468857,77,193,468851,468859,8,0.75,0.75,4,0,0.25,0.3,8,10,77,193
7098,397,1187,471239,77,194,471217,471241,24,0.9166666666666666,0.16666666666666666,4,1,0.25,0.8333333333333334,8,6,77,194
7099,397,1193,473621,77,195,473617,473633,16,0.25,0.25,4,0,0.25,0.3333333333333333,8,6,77,195
7100,397,1201,476797,77,196,476783,476803,20,0.7,0.4,4,1,0.25,0.25,8,8,77,196
7101,397,1213,481561,77,197,481549,481571,22,0.5454545454545454,0.18181818181818182,4,1,0.25,0.08333333333333333,8,12,77,197
7102,397,1217,483149,77,198,483139,483163,24,0.4166666666666667,0.08333333333333333,4,1,0.25,0.25,8,4,77,198
7103,397,1223,485531,77,199,485519,485543,24,0.5,0.08333333333333333,4,1,0.25,0.3333333333333333,8,6,77,199
7104,397,1229,487913,77,200,487897,487933,36,0.4444444444444444,0.1111111111111111,4,1,0.25,0.5,8,6,77,200
7105,397,1231,488707,77,201,488701,488711,10,0.6,0.1,4,1,0.25,0.5,8,2,77,201
7106,397,1237,491089,77,202,491083,491129,46,0.13043478260869565,0.08695652173913043,4,1,0.25,0.5,8,6,77,202
7107,397,1249,495853,77,203,495851,495877,26,0.07692307692307693,0.07692307692307693,4,0,0.25,0.08333333333333333,8,12,77,203
7108,397,1259,499823,77,204,499819,499853,34,0.11764705882352941,0.08823529411764706,4,1,0.25,0.4,8,10,77,204
7109,397,1277,506969,77,205,506963,506983,20,0.3,0.3,4,0,0.25,0.1111111111111111,8,18,77,205
7110,397,1279,507763,77,206,507757,507779,22,0.2727272727272727,0.045454545454545456,4,1,0.25,0.5,8,2,77,206
7111,397,1283,509351,77,207,509329,509359,30,0.7333333333333333,0.06666666666666667,4,1,0.25,0.75,8,4,77,207
7112,397,1289,511733,77,208,511723,511757,34,0.29411764705882354,0.17647058823529413,4,1,0.25,0.3333333333333333,8,6,77,208
7113,397,1291,512527,77,209,512521,512531,10,0.6,0.6,4,0,0.25,0.5,8,2,77,209
7114,397,1297,514909,77,210,514903,514933,30,0.2,0.13333333333333333,4,1,0.25,0.3333333333333333,8,6,77,210
7115,397,1301,516497,77,211,516493,516499,6,0.6666666666666666,0.6666666666666666,4,0,0.25,0.5,8,4,77,211
7116,397,1303,517291,77,212,517289,517303,14,0.14285714285714285,0.14285714285714285,4,0,0.25,0.5,8,2,77,212
7117,397,1307,518879,77,213,518867,518893,26,0.46153846153846156,0.23076923076923078,4,1,0.25,0.75,8,4,77,213
7118,397,1319,523643,77,214,523639,523657,18,0.2222222222222222,0.2222222222222222,4,0,0.25,0.5,8,12,77,214
7119,397,1321,524437,77,215,524429,524453,24,0.3333333333333333,0.08333333333333333,4,1,0.25,0.5,8,2,77,215
7120,397,1327,526819,77,216,526781,526829,48,0.7916666666666666,0.041666666666666664,4,1,0.25,0.16666666666666666,8,6,77,216
7121,397,1361,540317,77,217,540307,540343,36,0.2777777777777778,0.16666666666666666,4,1,0.25,0.058823529411764705,8,34,77,217
7122,397,1367,542699,77,218,542693,542713,20,0.3,0.3,4,0,0.25,0.3333333333333333,8,6,77,218
7123,397,1373,545081,77,219,545063,545087,24,0.75,0.08333333333333333,4,1,0.25,0.3333333333333333,8,6,77,219
7124,397,1381,548257,77,220,548243,548263,20,0.7,0.15,4,1,0.25,0.75,8,8,77,220
7125,397,1399,555403,77,221,555391,555419,28,0.42857142857142855,0.07142857142857142,4,1,0.25,0.05555555555555555,8,18,77,221
7126,397,1409,559373,77,222,559369,559397,28,0.14285714285714285,0.14285714285714285,4,0,0.25,0.2,8,10,77,222
7127,397,1423,564931,77,223,564923,564937,14,0.5714285714285714,0.42857142857142855,4,1,0.25,0.14285714285714285,8,14,77,223
7128,397,1427,566519,77,224,566453,566521,68,0.9705882352941176,0.08823529411764706,4,1,0.25,0.75,8,4,77,224
7129,397,1429,567313,77,225,567277,567319,42,0.8571428571428571,0.023809523809523808,4,1,0.25,0.5,8,2,77,225
7130,397,1433,568901,77,226,568891,568903,12,0.8333333333333334,0.25,4,1,0.25,0.5,8,4,77,226
7131,397,1439,571283,77,227,571279,571303,24,0.16666666666666666,0.125,4,1,0.25,0.6666666666666666,8,6,77,227
7132,397,1447,574459,77,228,574439,574477,38,0.5263157894736842,0.15789473684210525,4,1,0.25,0.25,8,8,77,228
7133,397,1451,576047,77,229,576041,576049,8,0.75,0.625,4,1,0.25,0.25,8,4,77,229
7134,397,1453,576841,77,230,576791,576881,90,0.5555555555555556,0.08888888888888889,4,1,0.25,0.5,8,2,77,230
7135,397,1459,579223,77,231,579199,579239,40,0.6,0.1,4,1,0.25,0.16666666666666666,8,6,77,231
7136,397,1471,583987,77,232,583981,583991,10,0.6,0.4,4,1,0.25,0.16666666666666666,8,12,77,232
7137,397,1481,587957,77,233,587947,587959,12,0.8333333333333334,0.5,4,1,0.25,0.2,8,10,77,233
7138,397,1483,588751,77,234,588743,588767,24,0.3333333333333333,0.3333333333333333,4,0,0.25,0.5,8,2,77,234
7139,397,1487,590339,77,235,590327,590357,30,0.4,0.06666666666666667,4,1,0.25,0.75,8,4,77,235
7140,397,1489,591133,77,236,591131,591137,6,0.3333333333333333,0.3333333333333333,4,0,0.25,0.5,8,2,77,236
7141,397,1493,592721,77,237,592693,592723,30,0.9333333333333333,0.03333333333333333,4,1,0.25,0.75,8,4,77,237
7142,397,1499,595103,77,238,595097,595117,20,0.3,0.1,4,1,0.25,0.6666666666666666,8,6,77,238
7143,397,1511,599867,77,239,599857,599869,12,0.8333333333333334,0.3333333333333333,4,1,0.25,0.16666666666666666,8,12,77,239
7144,397,1523,604631,77,240,604619,604649,30,0.4,0.06666666666666667,4,1,0.25,0.16666666666666666,8,12,77,240
7145,397,1531,607807,77,241,607769,607813,44,0.8636363636363636,0.045454545454545456,4,1,0.25,0.5,8,8,77,241
7146,397,1543,612571,77,242,612553,612583,30,0.6,0.2,4,1,0.25,0.3333333333333333,8,12,77,242
7147,397,1549,614953,77,243,614927,614963,36,0.7222222222222222,0.16666666666666666,4,1,0.25,0.5,8,6,77,243
7148,397,1553,616541,77,244,616537,616547,10,0.4,0.4,4,0,0.25,0.5,8,4,77,244
7149,397,1559,618923,77,245,618913,618929,16,0.625,0.0625,4,1,0.25,0.3333333333333333,8,6,77,245
7150,397,1567,622099,77,246,622091,622103,12,0.6666666666666666,0.16666666666666666,4,1,0.25,0.25,8,8,77,246
7151,397,1571,623687,77,247,623683,623699,16,0.25,0.25,4,0,0.25,0.5,8,4,77,247
7152,397,1579,626863,77,248,626861,626887,26,0.07692307692307693,0.07692307692307693,4,0,0.25,0.375,8,8,77,248
7153,397,1583,628451,77,249,628447,628477,30,0.13333333333333333,0.13333333333333333,4,0,0.25,0.5,8,4,77,249
7154,397,1597,634009,77,250,634003,634013,10,0.6,0.3,4,1,0.25,0.14285714285714285,8,14,77,250
7155,397,1601,635597,77,251,635567,635599,32,0.9375,0.1875,4,1,0.25,0.25,8,4,77,251
7156,397,1607,637979,77,252,637939,638023,84,0.47619047619047616,0.047619047619047616,4,1,0.25,0.3333333333333333,8,6,77,252
7157,397,1609,638773,77,253,638767,638801,34,0.17647058823529413,0.058823529411764705,4,1,0.25,0.5,8,2,77,253
7158,397,1613,640361,77,254,640333,640363,30,0.9333333333333333,0.13333333333333333,4,1,0.25,0.5,8,4,77,254
7159,397,1619,642743,77,255,642739,642769,30,0.13333333333333333,0.1,4,1,0.25,0.8333333333333334,8,6,77,255
7160,397,1621,643537,77,256,643523,643547,24,0.5833333333333334,0.25,4,1,0.25,0.5,8,2,77,256
7161,397,1627,645919,77,257,645907,645937,30,0.4,0.2,4,1,0.25,0.16666666666666666,8,6,77,257
7162,397,1637,649889,77,258,649879,649897,18,0.5555555555555556,0.16666666666666666,4,1,0.25,0.4,8,10,77,258
7163,397,1657,657829,77,259,657827,657841,14,0.14285714285714285,0.14285714285714285,4,0,0.25,0.1,8,20,77,259
7164,397,1663,660211,77,260,660199,660217,18,0.6666666666666666,0.3888888888888889,4,1,0.25,0.16666666666666666,8,6,77,260
7165,397,1667,661799,77,261,661777,661823,46,0.4782608695652174,0.08695652173913043,4,1,0.25,0.5,8,4,77,261
7166,397,1669,662593,77,262,662591,662617,26,0.07692307692307693,0.07692307692307693,4,0,0.25,0.5,8,2,77,262
7167,397,1693,672121,77,263,672107,672127,20,0.7,0.1,4,1,0.25,0.5,8,24,77,263
7168,397,1697,673709,77,264,673669,673747,78,0.5128205128205128,0.1282051282051282,4,1,0.25,0.5,8,4,77,264
7169,397,1699,674503,77,265,674501,674533,32,0.0625,0.0625,4,0,0.25,0.5,8,2,77,265
7170,397,1709,678473,77,266,678463,678479,16,0.625,0.25,4,1,0.25,0.4,8,10,77,266
7171,397,1721,683237,77,267,683231,683251,20,0.3,0.1,4,1,0.25,0.16666666666666666,8,12,77,267
7172,397,1723,684031,77,268,684017,684037,20,0.7,0.6,4,1,0.25,0.5,8,2,77,268
7173,397,1733,688001,77,269,687977,688003,26,0.9230769230769231,0.07692307692307693,4,1,0.25,0.3,8,10,77,269
7174,397,1741,691177,77,270,691153,691181,28,0.8571428571428571,0.03571428571428571,4,1,0.25,0.25,8,8,77,270
7175,397,1747,693559,77,271,693533,693569,36,0.7222222222222222,0.2222222222222222,4,1,0.25,0.6666666666666666,8,6,77,271
7176,397,1753,695941,77,272,695939,695999,60,0.03333333333333333,0.03333333333333333,4,0,0.25,0.6666666666666666,8,6,77,272
7177,397,1759,698323,77,273,698311,698329,18,0.6666666666666666,0.2222222222222222,4,1,0.25,0.16666666666666666,8,6,77,273
7178,397,1777,705469,77,274,705461,705491,30,0.26666666666666666,0.26666666666666666,4,0,0.25,0.1111111111111111,8,18,77,274
7179,397,1783,707851,77,275,707849,707857,8,0.25,0.25,4,0,0.25,0.3333333333333333,8,6,77,275
7180,397,1787,709439,77,276,709433,709447,14,0.42857142857142855,0.2857142857142857,4,1,0.25,0.25,8,4,77,276
7181,397,1789,710233,77,277,710221,710257,36,0.3333333333333333,0.027777777777777776,4,1,0.25,0.5,8,2,77,277
7182,397,1801,714997,77,278,714991,715019,28,0.21428571428571427,0.07142857142857142,4,1,0.25,0.3333333333333333,8,12,77,278
7183,397,1811,718967,77,279,718943,718973,30,0.8,0.26666666666666666,4,1,0.25,0.2,8,10,77,279
7184,397,1823,723731,77,280,723727,723739,12,0.3333333333333333,0.3333333333333333,4,0,0.25,0.25,8,12,77,280
7185,397,1831,726907,77,281,726899,726911,12,0.6666666666666666,0.16666666666666666,4,1,0.25,0.75,8,8,77,281
7186,397,1847,733259,77,282,733241,733273,32,0.5625,0.1875,4,1,0.25,0.25,8,16,77,282
7187,397,1861,738817,77,283,738811,738827,16,0.375,0.125,4,1,0.25,0.14285714285714285,8,14,77,283
7188,397,1867,741199,77,284,741193,741227,34,0.17647058823529413,0.029411764705882353,4,1,0.25,0.6666666666666666,8,6,77,284
7189,397,1871,742787,77,285,742783,742789,6,0.6666666666666666,0.6666666666666666,4,0,0.25,0.25,8,4,77,285
7190,397,1873,743581,77,286,743579,743591,12,0.16666666666666666,0.16666666666666666,4,0,0.25,0.5,8,2,77,286
7191,397,1877,745169,77,287,745141,745181,40,0.7,0.25,4,1,0.25,0.25,8,4,77,287
7192,397,1879,745963,77,288,745951,745973,22,0.5454545454545454,0.2727272727272727,4,1,0.25,0.5,8,2,77,288
7193,397,1889,749933,77,289,749927,749939,12,0.5,0.16666666666666666,4,1,0.25,0.3,8,10,77,289
7194,397,1901,754697,77,290,754651,754703,52,0.8846153846153846,0.057692307692307696,4,1,0.25,0.16666666666666666,8,12,77,290
7195,397,1907,757079,77,291,757067,757109,42,0.2857142857142857,0.047619047619047616,4,1,0.25,0.3333333333333333,8,6,77,291
7196,397,1913,759461,77,292,759457,759463,6,0.6666666666666666,0.3333333333333333,4,1,0.25,0.3333333333333333,8,6,77,292
7197,397,1931,766607,77,293,766583,766609,26,0.9230769230769231,0.23076923076923078,4,1,0.25,0.1111111111111111,8,18,77,293
7198,397,1933,767401,77,294,767399,767423,24,0.08333333333333333,0.08333333333333333,4,0,0.25,0.5,8,2,77,294
7199,397,1949,773753,77,295,773723,773767,44,0.6818181818181818,0.18181818181818182,4,1,0.25,0.0625,8,16,77,295
7200,397,1951,774547,77,296,774541,774551,10,0.6,0.6,4,0,0.25,0.5,8,2,77,296
7201,397,1973,783281,77,297,783269,783283,14,0.8571428571428571,0.14285714285714285,4,1,0.25,0.13636363636363635,8,22,77,297
7202,397,1979,785663,77,298,785651,785671,20,0.6,0.15,4,1,0.25,0.6666666666666666,8,6,77,298
7203,397,1987,788839,77,299,788819,788849,30,0.6666666666666666,0.06666666666666667,4,1,0.25,0.25,8,8,77,299
7204,397,1993,791221,77,300,791209,791227,18,0.6666666666666666,0.1111111111111111,4,1,0.25,0.6666666666666666,8,6,77,300
7205,397,1997,792809,77,301,792797,792821,24,0.5,0.25,4,1,0.25,0.25,8,4,77,301
7206,397,1999,793603,77,302,793601,793607,6,0.3333333333333333,0.3333333333333333,4,0,0.25,0.5,8,2,77,302
7207,397,2003,795191,77,303,795187,795203,16,0.25,0.25,4,0,0.25,0.5,8,4,77,303
7208,401,1009,404609,78,168,404597,404671,74,0.16216216216216217,0.02702702702702703,4,1,0.25,0.08333333333333333,4,12,78,168
7209,401,1013,406213,78,169,406207,406247,40,0.15,0.05,4,1,0.25,0.5,4,4,78,169
7210,401,1019,408619,78,170,408607,408623,16,0.75,0.375,4,1,0.25,0.8333333333333334,4,6,78,170
7211,401,1021,409421,78,171,409397,409429,32,0.75,0.0625,4,1,0.25,0.5,4,2,78,171
7212,401,1031,413431,78,172,413429,413443,14,0.14285714285714285,0.14285714285714285,4,0,0.25,0.6,4,10,78,172
7213,401,1033,414233,78,173,414221,414241,20,0.6,0.1,4,1,0.25,0.5,4,2,78,173
7214,401,1039,416639,78,174,416629,416659,30,0.3333333333333333,0.3,4,1,0.25,0.6666666666666666,4,6,78,174
7215,401,1049,420649,78,175,420613,420671,58,0.6206896551724138,0.06896551724137931,4,1,0.25,0.2,4,10,78,175
7216,401,1051,421451,78,176,421433,421453,20,0.9,0.25,4,1,0.25,0.5,4,2,78,176
7217,401,1061,425461,78,177,425443,425471,28,0.6428571428571429,0.14285714285714285,4,1,0.25,0.4,4,10,78,177
7218,401,1063,426263,78,178,426253,426287,34,0.29411764705882354,0.11764705882352941,4,1,0.25,0.5,4,2,78,178
7219,401,1069,428669,78,179,428663,428671,8,0.75,0.25,4,1,0.25,0.6666666666666666,4,6,78,179
7220,401,1087,435887,78,180,435881,435889,8,0.75,0.75,4,0,0.25,0.2222222222222222,4,18,78,180
7221,401,1091,437491,78,181,437473,437497,24,0.75,0.041666666666666664,4,1,0.25,0.75,4,4,78,181
7222,401,1093,438293,78,182,438287,438301,14,0.42857142857142855,0.14285714285714285,4,1,0.25,0.5,4,2,78,182
7223,401,1097,439897,78,183,439891,439903,12,0.5,0.5,4,0,0.25,0.25,4,4,78,183
7224,401,1103,442303,78,184,442291,442319,28,0.42857142857142855,0.21428571428571427,4,1,0.25,0.3333333333333333,4,6,78,184
7225,401,1109,444709,78,185,444701,444713,12,0.6666666666666666,0.5,4,1,0.25,0.8333333333333334,4,6,78,185
7226,401,1117,447917,78,186,447907,447943,36,0.2777777777777778,0.1111111111111111,4,1,0.25,0.25,4,8,78,186
7227,401,1123,450323,78,187,450311,450343,32,0.375,0.0625,4,1,0.25,0.3333333333333333,4,6,78,187
7228,401,1129,452729,78,188,452701,452731,30,0.9333333333333333,0.06666666666666667,4,1,0.25,0.5,4,6,78,188
7229,401,1151,461551,78,189,461521,461561,40,0.75,0.025,4,1,0.25,0.18181818181818182,4,22,78,189
7230,401,1153,462353,78,190,462337,462361,24,0.6666666666666666,0.041666666666666664,4,1,0.25,0.5,4,2,78,190
7231,401,1163,466363,78,191,466357,466369,12,0.5,0.16666666666666666,4,1,0.25,0.1,4,10,78,191
7232,401,1171,469571,78,192,469561,469583,22,0.45454545454545453,0.045454545454545456,4,1,0.25,0.25,4,8,78,192
7233,401,1181,473581,78,193,473579,473597,18,0.1111111111111111,0.1111111111111111,4,0,0.25,0.3,4,10,78,193
7234,401,1187,475987,78,194,475973,475991,18,0.7777777777777778,0.4444444444444444,4,1,0.25,0.8333333333333334,4,6,78,194
7235,401,1193,478393,78,195,478391,478399,8,0.25,0.25,4,0,0.25,0.3333333333333333,4,6,78,195
7236,401,1201,481601,78,196,481589,481619,30,0.4,0.06666666666666667,4,1,0.25,0.25,4,8,78,196
7237,401,1213,486413,78,197,486407,486433,26,0.23076923076923078,0.23076923076923078,4,0,0.25,0.08333333333333333,4,12,78,197
7238,401,1217,488017,78,198,488011,488021,10,0.6,0.2,4,1,0.25,0.25,4,4,78,198
7239,401,1223,490423,78,199,490421,490453,32,0.0625,0.0625,4,0,0.25,0.3333333333333333,4,6,78,199
7240,401,1229,492829,78,200,492799,492839,40,0.75,0.05,4,1,0.25,0.5,4,6,78,200
7241,401,1231,493631,78,201,493627,493643,16,0.25,0.25,4,0,0.25,0.5,4,2,78,201
7242,401,1237,496037,78,202,496019,496039,20,0.9,0.1,4,1,0.25,0.5,4,6,78,202
7243,401,1249,500849,78,203,500839,500861,22,0.45454545454545453,0.18181818181818182,4,1,0.25,0.08333333333333333,4,12,78,203
7244,401,1259,504859,78,204,504857,504871,14,0.14285714285714285,0.14285714285714285,4,0,0.25,0.4,4,10,78,204
7245,401,1277,512077,78,205,512059,512093,34,0.5294117647058824,0.08823529411764706,4,1,0.25,0.1111111111111111,4,18,78,205
7246,401,1279,512879,78,206,512849,512891,42,0.7142857142857143,0.047619047619047616,4,1,0.25,0.5,4,2,78,206
7247,401,1283,514483,78,207,514453,514499,46,0.6521739130434783,0.08695652173913043,4,1,0.25,0.75,4,4,78,207
7248,401,1289,516889,78,208,516883,516907,24,0.25,0.125,4,1,0.25,0.3333333333333333,4,6,78,208
7249,401,1291,517691,78,209,517639,517711,72,0.7222222222222222,0.08333333333333333,4,1,0.25,0.5,4,2,78,209
7250,401,1297,520097,78,210,520073,520103,30,0.8,0.13333333333333333,4,1,0.25,0.3333333333333333,4,6,78,210
7251,401,1301,521701,78,211,521693,521707,14,0.5714285714285714,0.35714285714285715,4,1,0.25,0.5,4,4,78,211
7252,401,1303,522503,78,212,522497,522517,20,0.3,0.1,4,1,0.25,0.5,4,2,78,212
7253,401,1307,524107,78,213,524099,524113,14,0.5714285714285714,0.14285714285714285,4,1,0.25,0.75,4,4,78,213
7254,401,1319,528919,78,214,528911,528929,18,0.4444444444444444,0.3333333333333333,4,1,0.25,0.5,4,12,78,214
7255,401,1321,529721,78,215,529709,529723,14,0.8571428571428571,0.42857142857142855,4,1,0.25,0.5,4,2,78,215
7256,401,1327,532127,78,216,532099,532141,42,0.6666666666666666,0.07142857142857142,4,1,0.25,0.16666666666666666,4,6,78,216
7257,401,1361,545761,78,217,545759,545773,14,0.14285714285714285,0.14285714285714285,4,0,0.25,0.058823529411764705,4,34,78,217
7258,401,1367,548167,78,218,548153,548189,36,0.3888888888888889,0.16666666666666666,4,1,0.25,0.3333333333333333,4,6,78,218
7259,401,1373,550573,78,219,550553,550577,24,0.8333333333333334,0.25,4,1,0.25,0.3333333333333333,4,6,78,219
7260,401,1381,553781,78,220,553769,553789,20,0.6,0.1,4,1,0.25,0.75,4,8,78,220
7261,401,1399,560999,78,221,560977,561019,42,0.5238095238095238,0.09523809523809523,4,1,0.25,0.05555555555555555,4,18,78,221
7262,401,1409,565009,78,222,564997,565013,16,0.75,0.125,4,1,0.25,0.2,4,10,78,222
7263,401,1423,570623,78,223,570613,570637,24,0.4166666666666667,0.25,4,1,0.25,0.14285714285714285,4,14,78,223
7264,401,1427,572227,78,224,572207,572233,26,0.7692307692307693,0.23076923076923078,4,1,0.25,0.75,4,4,78,224
7265,401,1429,573029,78,225,573007,573031,24,0.9166666666666666,0.16666666666666666,4,1,0.25,0.5,4,2,78,225
7266,401,1433,574633,78,226,574631,574643,12,0.16666666666666666,0.16666666666666666,4,0,0.25,0.5,4,4,78,226
7267,401,1439,577039,78,227,577033,577043,10,0.6,0.4,4,1,0.25,0.6666666666666666,4,6,78,227
7268,401,1447,580247,78,228,580231,580259,28,0.5714285714285714,0.14285714285714285,4,1,0.25,0.25,4,8,78,228
7269,401,1451,581851,78,229,581843,581857,14,0.5714285714285714,0.21428571428571427,4,1,0.25,0.25,4,4,78,229
7270,401,1453,582653,78,230,582649,582677,28,0.14285714285714285,0.14285714285714285,4,0,0.25,0.5,4,2,78,230
7271,401,1459,585059,78,231,585049,585061,12,0.8333333333333334,0.3333333333333333,4,1,0.25,0.16666666666666666,4,6,78,231
7272,401,1471,589871,78,232,589861,589873,12,0.8333333333333334,0.3333333333333333,4,1,0.25,0.16666666666666666,4,12,78,232
7273,401,1481,593881,78,233,593869,593899,30,0.4,0.06666666666666667,4,1,0.25,0.2,4,10,78,233
7274,401,1483,594683,78,234,594679,594697,18,0.2222222222222222,0.2222222222222222,4,0,0.25,0.5,4,2,78,234
7275,401,1487,596287,78,235,596279,596291,12,0.6666666666666666,0.3333333333333333,4,1,0.25,0.75,4,4,78,235
7276,401,1489,597089,78,236,597073,597127,54,0.2962962962962963,0.1111111111111111,4,1,0.25,0.5,4,2,78,236
7277,401,1493,598693,78,237,598691,598711,20,0.1,0.1,4,0,0.25,0.75,4,4,78,237
7278,401,1499,601099,78,238,601093,601127,34,0.17647058823529413,0.17647058823529413,4,0,0.25,0.6666666666666666,4,6,78,238
7279,401,1511,605911,78,239,605909,605921,12,0.16666666666666666,0.16666666666666666,4,0,0.25,0.16666666666666666,4,12,78,239
7280,401,1523,610723,78,240,610721,610733,12,0.16666666666666666,0.16666666666666666,4,0,0.25,0.16666666666666666,4,12,78,240
7281,401,1531,613931,78,241,613903,613957,54,0.5185185185185185,0.05555555555555555,4,1,0.25,0.5,4,8,78,241
7282,401,1543,618743,78,242,618719,618799,80,0.3,0.025,4,1,0.25,0.3333333333333333,4,12,78,242
7283,401,1549,621149,78,243,621143,621217,74,0.08108108108108109,0.08108108108108109,4,0,0.25,0.5,4,6,78,243
7284,401,1553,622753,78,244,622751,622777,26,0.07692307692307693,0.07692307692307693,4,0,0.25,0.5,4,4,78,244
7285,401,1559,625159,78,245,625133,625169,36,0.7222222222222222,0.1111111111111111,4,1,0.25,0.3333333333333333,4,6,78,245
7286,401,1567,628367,78,246,628363,628373,10,0.4,0.4,4,0,0.25,0.25,4,8,78,246
7287,401,1571,629971,78,247,629963,629977,14,0.5714285714285714,0.21428571428571427,4,1,0.25,0.5,4,4,78,247
7288,401,1579,633179,78,248,633161,633187,26,0.6923076923076923,0.07692307692307693,4,1,0.25,0.375,4,8,78,248
7289,401,1583,634783,78,249,634759,634793,34,0.7058823529411765,0.11764705882352941,4,1,0.25,0.5,4,4,78,249
7290,401,1597,640397,78,250,640369,640411,42,0.6666666666666666,0.23809523809523808,4,1,0.25,0.14285714285714285,4,14,78,250
7291,401,1601,642001,78,251,641981,642011,30,0.6666666666666666,0.06666666666666667,4,1,0.25,0.25,4,4,78,251
7292,401,1607,644407,78,252,644401,644411,10,0.6,0.6,4,0,0.25,0.3333333333333333,4,6,78,252
7293,401,1609,645209,78,253,645187,645233,46,0.4782608695652174,0.043478260869565216,4,1,0.25,0.5,4,2,78,253
7294,401,1613,646813,78,254,646781,646823,42,0.7619047619047619,0.14285714285714285,4,1,0.25,0.5,4,4,78,254
7295,401,1619,649219,78,255,649217,649261,44,0.045454545454545456,0.045454545454545456,4,0,0.25,0.8333333333333334,4,6,78,255
7296,401,1621,650021,78,256,650017,650059,42,0.09523809523809523,0.023809523809523808,4,1,0.25,0.5,4,2,78,256
7297,401,1627,652427,78,257,652417,652429,12,0.8333333333333334,0.5,4,1,0.25,0.16666666666666666,4,6,78,257
7298,401,1637,656437,78,258,656429,656459,30,0.26666666666666666,0.06666666666666667,4,1,0.25,0.4,4,10,78,258
7299,401,1657,664457,78,259,664441,664459,18,0.8888888888888888,0.05555555555555555,4,1,0.25,0.1,4,20,78,259
7300,401,1663,666863,78,260,666857,666871,14,0.42857142857142855,0.14285714285714285,4,1,0.25,0.16666666666666666,4,6,78,260
7301,401,1667,668467,78,261,668417,668471,54,0.9259259259259259,0.037037037037037035,4,1,0.25,0.5,4,4,78,261
7302,401,1669,669269,78,262,669247,669271,24,0.9166666666666666,0.25,4,1,0.25,0.5,4,2,78,262
7303,401,1693,678893,78,263,678883,678901,18,0.5555555555555556,0.2222222222222222,4,1,0.25,0.5,4,24,78,263
7304,401,1697,680497,78,264,680489,680503,14,0.5714285714285714,0.14285714285714285,4,1,0.25,0.5,4,4,78,264
7305,401,1699,681299,78,265,681293,681311,18,0.3333333333333333,0.2777777777777778,4,1,0.25,0.5,4,2,78,265
7306,401,1709,685309,78,266,685301,685319,18,0.4444444444444444,0.1111111111111111,4,1,0.25,0.4,4,10,78,266
7307,401,1721,690121,78,267,690119,690127,8,0.25,0.25,4,0,0.25,0.16666666666666666,4,12,78,267
7308,401,1723,690923,78,268,690919,690929,10,0.4,0.3,4,1,0.25,0.5,4,2,78,268
7309,401,1733,694933,78,269,694919,694951,32,0.4375,0.0625,4,1,0.25,0.3,4,10,78,269
7310,401,1741,698141,78,270,698111,698171,60,0.5,0.2,4,1,0.25,0.25,4,8,78,270
7311,401,1747,700547,78,271,700537,700561,24,0.4166666666666667,0.16666666666666666,4,1,0.25,0.6666666666666666,4,6,78,271
7312,401,1753,702953,78,272,702937,702983,46,0.34782608695652173,0.021739130434782608,4,1,0.25,0.6666666666666666,4,6,78,272
7313,401,1759,705359,78,273,705317,705389,72,0.5833333333333334,0.027777777777777776,4,1,0.25,0.16666666666666666,4,6,78,273
7314,401,1777,712577,78,274,712573,712601,28,0.14285714285714285,0.03571428571428571,4,1,0.25,0.1111111111111111,4,18,78,274
7315,401,1783,714983,78,275,714971,714991,20,0.6,0.1,4,1,0.25,0.3333333333333333,4,6,78,275
7316,401,1787,716587,78,276,716581,716591,10,0.6,0.1,4,1,0.25,0.25,4,4,78,276
7317,401,1789,717389,78,277,717341,717397,56,0.8571428571428571,0.03571428571428571,4,1,0.25,0.5,4,2,78,277
7318,401,1801,722201,78,278,722173,722213,40,0.7,0.15,4,1,0.25,0.3333333333333333,4,12,78,278
7319,401,1811,726211,78,279,726191,726221,30,0.6666666666666666,0.2,4,1,0.25,0.2,4,10,78,279
7320,401,1823,731023,78,280,730999,731033,34,0.7058823529411765,0.35294117647058826,4,1,0.25,0.25,4,12,78,280
7321,401,1831,734231,78,281,734221,734233,12,0.8333333333333334,0.5,4,1,0.25,0.75,4,8,78,281
7322,401,1847,740647,78,282,740603,740651,48,0.9166666666666666,0.125,4,1,0.25,0.25,4,16,78,282
7323,401,1861,746261,78,283,746243,746267,24,0.75,0.08333333333333333,4,1,0.25,0.14285714285714285,4,14,78,283
7324,401,1867,748667,78,284,748639,748669,30,0.9333333333333333,0.1,4,1,0.25,0.6666666666666666,4,6,78,284
7325,401,1871,750271,78,285,750229,750287,58,0.7241379310344828,0.15517241379310345,4,1,0.25,0.25,4,4,78,285
7326,401,1873,751073,78,286,751061,751087,26,0.46153846153846156,0.19230769230769232,4,1,0.25,0.5,4,2,78,286
7327,401,1877,752677,78,287,752651,752681,30,0.8666666666666667,0.2,4,1,0.25,0.25,4,4,78,287
7328,401,1879,753479,78,288,753463,753497,34,0.47058823529411764,0.17647058823529413,4,1,0.25,0.5,4,2,78,288
7329,401,1889,757489,78,289,757487,757507,20,0.1,0.1,4,0,0.25,0.3,4,10,78,289
7330,401,1901,762301,78,290,762277,762319,42,0.5714285714285714,0.14285714285714285,4,1,0.25,0.16666666666666666,4,12,78,290
7331,401,1907,764707,78,291,764689,764717,28,0.6428571428571429,0.21428571428571427,4,1,0.25,0.3333333333333333,4,6,78,291
7332,401,1913,767113,78,292,767111,767131,20,0.1,0.1,4,0,0.25,0.3333333333333333,4,6,78,292
7333,401,1931,774331,78,293,774317,774337,20,0.7,0.2,4,1,0.25,0.1111111111111111,4,18,78,293
7334,401,1933,775133,78,294,775121,775147,26,0.46153846153846156,0.3076923076923077,4,1,0.25,0.5,4,2,78,294
7335,401,1949,781549,78,295,781531,781559,28,0.6428571428571429,0.14285714285714285,4,1,0.25,0.0625,4,16,78,295
7336,401,1951,782351,78,296,782339,782371,32,0.375,0.25,4,1,0.25,0.5,4,2,78,296
7337,401,1973,791173,78,297,791159,791191,32,0.4375,0.0625,4,1,0.25,0.13636363636363635,4,22,78,297
7338,401,1979,793579,78,298,793561,793591,30,0.6,0.2,4,1,0.25,0.6666666666666666,4,6,78,298
7339,401,1987,796787,78,299,796781,796799,18,0.3333333333333333,0.1111111111111111,4,1,0.25,0.25,4,8,78,299
7340,401,1993,799193,78,300,799171,799217,46,0.4782608695652174,0.06521739130434782,4,1,0.25,0.6666666666666666,4,6,78,300
7341,401,1997,800797,78,301,800783,800801,18,0.7777777777777778,0.6666666666666666,4,1,0.25,0.25,4,4,78,301
7342,401,1999,801599,78,302,801571,801607,36,0.7777777777777778,0.2222222222222222,4,1,0.25,0.5,4,2,78,302
7343,401,2003,803203,78,303,803189,803207,18,0.7777777777777778,0.1111111111111111,4,1,0.25,0.5,4,4,78,303
