chamber_index,p,q,gwr,scale_log_q_over_p,raw_folded_at_z,delta_proposed,corrected_folded_at_z,ratio_corrected_over_scale
1,3,5,4,0.510826,1.937719,0.354077,2.291796,4.486456
2,5,7,6,0.336472,0.972476,0.602877,1.575353,4.68197
3,7,11,9,0.451985,2.942292,0.496556,3.438848,7.608321
4,11,13,12,0.167054,0.993072,0.830228,1.823299,10.914424
5,13,17,14,0.268264,1.976952,0.707964,2.684916,10.008486
6,17,19,18,0.111226,0.996917,0.642967,1.639884,14.743756
7,19,23,21,0.191055,0.990957,0.581672,1.572629,8.231279
8,23,29,25,0.231802,2.983717,0.37307,3.356788,14.481296
9,29,31,30,0.066691,0.998889,0.680492,1.679381,25.181381
10,31,37,33,0.176931,1.989028,0.61864,2.607668,14.738356
11,37,41,38,0.102654,0.997372,0.373413,1.370786,13.353437
12,41,43,42,0.047628,0.999433,0.534054,1.533487,32.19714
13,43,47,46,0.088947,0.998026,0.340548,1.338574,15.049037
14,47,53,49,0.120144,1.996066,0.23379,2.229856,18.559813
15,53,59,55,0.107246,0.997133,0.429769,1.426901,13.304997
16,59,61,60,0.033336,0.999722,0.682454,1.682176,50.460613
17,61,67,62,0.093819,1.997803,0.387203,2.385006,25.421417
18,67,71,69,0.057987,0.99916,0.245524,1.244684,21.46479
19,71,73,72,0.02778,0.999807,0.59402,1.593827,57.374072
20,73,79,74,0.078988,0.998443,0.339971,1.338414,16.944434
21,79,83,82,0.049393,1.99939,0.21766,2.21705,44.886145
22,83,89,85,0.069796,0.998784,0.310078,1.308862,18.752741
23,89,97,91,0.086075,0.998151,0.38827,1.386422,16.107209
24,97,101,98,0.04041,0.999592,0.370553,1.370145,33.906469
25,101,103,102,0.019608,0.999904,0.272066,1.27197,64.868383
26,103,107,106,0.0381,0.999637,0.177676,1.177314,30.900743
27,107,109,108,0.018519,0.999914,0.433543,1.433457,77.404484
28,109,113,111,0.03604,0.999675,0.169731,1.169407,32.44752
29,113,127,121,0.116799,2.994696,0.280072,3.274768,28.037575
30,127,131,129,0.03101,1.999701,0.150704,2.150405,69.345
31,131,137,133,0.044784,0.999499,0.219007,1.218506,27.20876
32,137,139,138,0.014493,0.999947,0.214232,1.21418,83.77693
33,139,149,141,0.069472,0.998795,0.343802,1.342597,19.325624
34,149,151,150,0.013334,0.999956,0.334047,1.334003,100.048732
35,151,157,155,0.038966,0.999621,0.196522,1.196143,30.697107
36,157,163,158,0.037504,0.999648,0.18987,1.189518,31.716764
37,163,167,166,0.024244,0.999853,0.123933,1.123786,46.353907
38,167,173,169,0.035298,1.999656,0.090537,2.090193,59.215977
39,173,179,177,0.034094,0.999709,0.176477,1.176186,34.498121
40,179,181,180,0.011111,0.999969,0.461601,1.46157,131.539951
41,181,191,183,0.053776,0.999278,0.280147,1.279425,23.791571
42,191,193,192,0.010417,0.999973,0.328596,1.328569,127.5415
43,193,197,194,0.020514,0.999895,0.108062,1.107957,54.011021
44,197,199,198,0.010101,0.999974,0.267086,1.267061,125.437968
45,199,211,201,0.058553,0.999144,0.310526,1.30967,22.367133
46,211,223,213,0.055314,0.999236,0.296553,1.295788,23.426198
47,223,227,226,0.017778,0.999921,0.096368,1.096289,61.664609
48,227,229,228,0.008772,0.999981,0.238131,1.238111,141.143804
49,229,233,230,0.017316,0.999925,0.282505,1.28243,74.058466
50,233,239,235,0.025425,0.999838,0.13881,1.138649,44.784445
51,239,241,240,0.008333,0.999983,0.41105,1.411033,169.322973
52,241,251,247,0.040656,1.999441,0.22399,2.223431,54.688874
53,251,257,253,0.023623,1.999798,0.130716,2.130514,90.187564
54,257,263,259,0.023078,0.999867,0.12824,1.128107,48.88247
55,263,269,265,0.022557,0.999873,0.125864,1.125737,49.905545
56,269,271,270,0.007407,0.999986,0.29029,1.290276,174.186485
57,271,277,274,0.021899,0.99988,0.12292,1.1228,51.272496
58,277,281,278,0.014337,0.999949,0.080684,1.080633,75.372842
59,281,283,282,0.007092,0.999987,0.120041,1.120029,157.923357
60,283,293,289,0.034726,1.999686,0.098385,2.098071,60.41837
61,293,307,295,0.046675,0.999456,0.26544,1.264896,27.099995
62,307,311,309,0.012945,0.999958,0.074219,1.074177,82.979026
63,311,313,312,0.00641,0.99999,0.2577,1.257689,196.198886
64,313,317,314,0.012699,0.99996,0.073009,1.072969,84.49516
65,317,331,319,0.043217,0.999533,0.249152,1.248685,28.893648
66,331,337,334,0.017965,0.999919,0.104395,1.104314,61.47182
67,337,347,339,0.029242,1.999777,0.170363,2.17014,74.213504
68,347,349,348,0.005747,0.999992,0.168167,1.168159,203.259097
69,349,353,351,0.011396,0.999968,0.200371,1.200338,105.32856
70,353,359,355,0.016854,0.999929,0.098971,1.0989,65.199833
71,359,367,361,0.022039,1.999849,0.064894,2.064743,93.683902
72,367,373,371,0.016217,0.999934,0.095941,1.095875,67.577463
73,373,379,377,0.015958,0.999936,0.094665,1.094602,68.593593
74,379,383,381,0.010499,0.999972,0.062392,1.062365,101.1893
75,383,389,386,0.015544,0.99994,0.09258,1.092519,70.283989
76,389,397,391,0.020357,0.999896,0.121505,1.121401,55.086922
77,397,401,398,0.010025,0.999975,0.060015,1.05999,105.73311
78,401,409,403,0.019754,0.999902,0.118501,1.118404,56.617352
79,409,419,411,0.024156,0.999854,0.145384,1.145238,47.410542
80,419,421,420,0.004762,0.999994,0.316395,1.316389,276.441215
81,421,431,422,0.023475,0.999862,0.141908,1.14177,48.637181
82,431,433,432,0.00463,0.999995,0.252852,1.252846,270.614287
83,433,439,437,0.013762,0.999953,0.08367,1.083623,78.742013
84,439,443,442,0.00907,0.999979,0.165751,1.16573,128.520906
85,443,449,445,0.013453,0.999955,0.082038,1.081993,80.426923
86,449,457,451,0.017661,0.999922,0.107932,1.107854,62.730581
87,457,461,458,0.008715,0.999981,0.053394,1.053375,120.873964
88,461,463,462,0.004329,0.999995,0.185926,1.185922,273.947511
89,463,467,466,0.008602,0.999982,0.052854,1.052835,122.391318
90,467,479,469,0.025371,0.999839,0.156049,1.155888,45.558813
91,479,487,481,0.016564,0.999931,0.102294,1.102226,66.545346
92,487,491,489,0.00818,0.999983,0.050654,1.050637,128.439636
93,491,499,493,0.016162,0.999935,0.100212,1.100147,68.070122
94,499,503,501,0.007984,0.999984,0.049634,1.049618,131.463945
95,503,509,505,0.011858,0.999965,0.07381,1.073775,90.553939
96,509,521,511,0.023302,1.999831,0.14532,2.145151,92.058564
97,521,523,522,0.003831,0.999996,0.119879,1.119875,292.287061
98,523,541,529,0.033838,1.999683,0.106098,2.105782,62.231611
99,541,547,542,0.01103,0.99997,0.069434,1.069403,96.958256
100,547,557,551,0.018116,0.999918,0.114346,1.114264,61.505696
101,557,563,559,0.010714,0.999971,0.067781,1.067752,99.655911
102,563,569,565,0.010601,0.999972,0.067175,1.067147,100.666626
103,569,571,570,0.003509,0.999997,0.155858,1.155855,329.418285
104,571,577,573,0.010453,0.999973,0.066386,1.066359,102.014068
105,577,587,579,0.017183,0.999926,0.109303,1.10923,64.555575
106,587,593,589,0.01017,0.999974,0.064866,1.06484,104.70837
107,593,599,597,0.010067,0.999975,0.064349,1.064323,105.721895
108,599,601,600,0.003333,0.999997,0.234554,1.234552,370.365115
109,601,607,603,0.009934,0.999975,0.127191,1.127167,113.46719
110,607,613,611,0.009836,0.999976,0.0631,1.063076,108.078485
111,613,617,614,0.006504,0.999989,0.041756,1.041746,160.167827
112,617,619,618,0.003236,0.999997,0.062393,1.062391,328.278387
113,619,631,622,0.019201,1.999908,0.123516,2.123424,110.591607
114,631,641,633,0.015724,0.999938,0.101425,1.101363,70.045229
115,641,643,642,0.003115,0.999998,0.060417,1.060414,340.392726
116,643,647,645,0.006202,0.99999,0.120359,1.120349,180.655684
117,647,653,649,0.009231,0.999979,0.059774,1.059752,114.805689
118,653,659,655,0.009146,0.999979,0.059311,1.05929,115.81492
119,659,661,660,0.00303,0.999998,0.216408,1.216406,401.413628
120,661,673,662,0.017991,0.999919,0.11686,1.116779,62.072602
121,673,677,674,0.005926,0.999991,0.038597,1.038588,175.261255
122,677,683,679,0.008824,0.999981,0.057535,1.057516,119.851013
123,683,691,685,0.011645,0.999966,0.076035,1.076001,92.400537
124,691,701,694,0.014368,0.999948,0.094003,1.093951,76.137683
125,701,709,703,0.011348,0.999968,0.074388,1.074356,94.676574
126,709,719,713,0.014006,0.999951,0.092011,1.091962,77.964813
127,719,727,721,0.011065,0.999969,0.072816,1.072785,96.951951
128,727,733,731,0.008219,1.999981,0.054201,2.054182,249.924096
129,733,739,734,0.008152,0.999983,0.053792,1.053776,129.262458
130,739,743,741,0.005398,0.999993,0.107012,1.107005,205.072203
131,743,751,745,0.01071,0.999971,0.070827,1.070798,99.984814
132,751,757,753,0.007958,0.999984,0.052712,1.052696,132.288079
133,757,761,758,0.00527,0.999993,0.034944,1.034937,196.378927
134,761,769,763,0.010458,0.999973,0.06941,1.069383,102.258772
135,769,773,771,0.005188,0.999993,0.034489,1.034482,199.395959
136,773,787,778,0.017949,0.999919,0.119483,1.119402,62.36503
137,787,797,789,0.012626,0.99996,0.084228,1.084188,85.866558
138,797,809,799,0.014944,0.999944,0.099878,1.099822,73.595046
139,809,811,810,0.002469,0.999998,0.148823,1.148822,465.272485
140,811,821,813,0.012255,0.999962,0.082118,1.08208,88.296646
141,821,823,822,0.002433,0.999999,0.048991,1.048989,431.13441
142,823,827,824,0.004848,0.999994,0.097661,1.097655,226.390895
143,827,829,828,0.002415,0.999999,0.129836,1.129835,467.7513
144,829,839,831,0.011991,0.999964,0.080608,1.080572,90.118633
145,839,853,841,0.016549,1.999897,0.055725,2.055622,124.215445
146,853,857,854,0.004678,0.999995,0.094736,1.094731,233.998234
147,857,859,858,0.002331,0.999999,0.110215,1.110214,476.281452
148,859,863,862,0.004646,0.999995,0.031402,1.031397,222.007707
149,863,877,865,0.016092,0.999935,0.108828,1.108763,68.900223
150,877,881,878,0.004551,0.999995,0.030843,1.030837,226.52613
151,881,883,882,0.002268,0.999999,0.123033,1.123032,495.256781
152,883,887,886,0.00452,0.999995,0.030674,1.030669,228.03521
153,887,907,889,0.022297,0.999876,0.151402,1.151278,51.632665
154,907,911,908,0.0044,0.999995,0.059945,1.05994,240.871022
155,911,919,913,0.008743,0.999981,0.0596,1.059581,121.188822
156,919,929,921,0.010823,0.999971,0.073869,1.07384,99.221853
157,929,937,933,0.008575,0.999982,0.058636,1.058618,123.460547
158,937,941,939,0.00426,0.999995,0.029158,1.029153,241.593396
159,941,947,943,0.006356,0.99999,0.043532,1.043522,164.180281
160,947,953,949,0.006316,0.99999,0.043297,1.043287,165.186637
161,953,967,961,0.014584,1.999946,0.05008,2.050026,140.57069
162,967,971,969,0.004128,0.999996,0.085155,1.085151,262.877418
163,971,977,973,0.00616,0.999991,0.042384,1.042375,169.211664
164,977,983,979,0.006122,0.999991,0.042163,1.042153,170.217824
165,983,991,985,0.008105,0.999984,0.055868,1.055851,130.26494
166,991,997,993,0.006036,0.999991,0.041654,1.041645,172.565385
167,997,1009,998,0.011964,0.999964,0.082622,1.082586,90.485099
168,1009,1013,1011,0.003956,0.999996,0.027374,1.02737,259.667376
169,1013,1019,1018,0.005906,0.999991,0.040899,1.040891,176.25696
170,1019,1021,1020,0.001961,0.999999,0.149418,1.149417,586.202483
171,1021,1031,1027,0.009747,1.999972,0.067587,2.06756,212.12995
172,1031,1033,1032,0.001938,0.999999,0.094137,1.094136,564.574132
173,1033,1039,1037,0.005792,0.999992,0.040217,1.040208,179.608823
174,1039,1049,1041,0.009579,0.999977,0.066552,1.066529,111.344744
175,1049,1051,1050,0.001905,0.999999,0.145756,1.145755,601.521365
176,1051,1061,1055,0.00947,0.999978,0.065922,1.065899,112.55814
177,1061,1063,1062,0.001883,0.999999,0.065611,1.06561,565.838918
178,1063,1069,1067,0.005629,0.999992,0.039246,1.039238,184.637397
179,1069,1087,1073,0.016698,0.99993,0.116522,1.116452,66.861537
180,1087,1091,1090,0.003673,0.999997,0.077068,1.077065,293.230575
181,1091,1093,1092,0.001832,0.999999,0.14094,1.14094,622.952817
182,1093,1097,1094,0.003653,0.999997,0.025562,1.025559,280.746378
183,1097,1103,1099,0.005455,0.999993,0.038194,1.038186,190.333671
184,1103,1109,1108,0.005425,0.999993,0.076061,1.076054,198.352149
185,1109,1117,1111,0.007188,0.999987,0.050408,1.050395,146.13562
186,1117,1123,1119,0.005357,0.999993,0.037608,1.037601,193.685072
187,1123,1129,1126,0.005329,0.999993,0.037441,1.037434,194.691317
188,1129,1151,1133,0.019299,0.999907,0.135722,1.135628,58.844374
189,1151,1153,1152,0.001736,0.999999,0.134621,1.13462,653.541225
190,1153,1163,1154,0.008636,0.999981,0.06089,1.060871,122.848111
191,1163,1171,1165,0.006855,0.999988,0.048401,1.048389,152.933191
192,1171,1181,1174,0.008503,0.999982,0.060104,1.060086,124.665338
193,1181,1187,1186,0.005068,0.999994,0.03587,1.035864,204.409986
194,1187,1193,1189,0.005042,0.999994,0.035702,1.035696,205.412521
195,1193,1201,1195,0.006683,0.999989,0.047358,1.047347,156.708674
196,1201,1213,1202,0.009942,0.999975,0.070507,1.070482,107.671761
197,1213,1217,1214,0.003292,0.999997,0.02338,1.023377,310.850579
198,1217,1223,1219,0.004918,0.999994,0.034947,1.034941,210.43748
199,1223,1229,1226,0.004894,0.999994,0.034804,1.034798,211.443214
200,1229,1231,1230,0.001626,0.999999,0.080981,1.08098,664.802844
201,1231,1237,1234,0.004862,0.999994,0.03461,1.034604,212.783062
202,1237,1249,1238,0.009654,0.999977,0.06875,1.068726,110.701368
203,1249,1259,1253,0.007975,0.999984,0.056885,1.056869,132.530638
204,1259,1277,1261,0.014196,0.99995,0.101353,1.101303,77.579373
205,1277,1279,1278,0.001565,0.999999,0.055971,1.05597,674.764737
206,1279,1283,1282,0.003123,0.999998,0.022346,1.022343,327.405136
207,1283,1289,1285,0.004666,0.999995,0.033399,1.033394,221.490292
208,1289,1291,1290,0.00155,0.999999,0.077731,1.077731,695.136266
209,1291,1297,1293,0.004637,0.999995,0.033221,1.033216,222.829841
210,1297,1301,1299,0.003079,0.999998,0.022077,1.022074,331.918324
211,1301,1303,1302,0.001536,0.999999,0.077115,1.077114,701.201086
212,1303,1307,1306,0.003065,0.999998,0.021992,1.021989,333.423703
213,1307,1319,1313,0.009139,0.999979,0.065622,1.065601,116.59369
214,1319,1321,1320,0.001515,0.999999,0.163304,1.163304,767.7803
215,1321,1327,1322,0.004532,0.999995,0.032569,1.032564,227.852057
216,1327,1361,1329,0.025299,1.999747,0.181955,2.181702,86.236793
217,1361,1367,1363,0.004399,0.999995,0.031748,1.031743,234.54931
218,1367,1373,1369,0.00438,1.999995,0.015814,2.015809,460.275639
219,1373,1381,1379,0.00581,0.999992,0.041999,1.041991,179.352177
220,1381,1399,1382,0.01295,0.999958,0.093644,1.093602,84.449193
221,1399,1409,1401,0.007123,0.999987,0.051602,1.05159,147.642567
222,1409,1423,1411,0.009887,0.999976,0.071702,1.071677,108.391615
223,1423,1427,1426,0.002807,0.999998,0.061159,1.061157,378.03695
224,1427,1429,1428,0.001401,1.0,0.111911,1.11191,793.903865
225,1429,1433,1431,0.002795,0.999998,0.060932,1.06093,379.547455
226,1433,1439,1437,0.004178,0.999996,0.030377,1.030373,246.602253
227,1439,1447,1441,0.005544,0.999992,0.040322,1.040314,187.646245
228,1447,1451,1448,0.002761,0.999998,0.060273,1.060271,384.082896
229,1451,1453,1452,0.001377,1.0,0.080228,1.080228,784.245118
230,1453,1459,1454,0.004121,0.999996,0.030009,1.030004,249.947367
231,1459,1471,1461,0.008191,0.999983,0.059688,1.059671,129.367479
232,1471,1481,1473,0.006775,0.999989,0.049425,1.049413,154.892798
233,1481,1483,1482,0.00135,1.0,0.068972,1.068971,792.107585
234,1483,1487,1486,0.002694,0.999998,0.019674,1.019672,378.552945
235,1487,1489,1488,0.001344,1.0,0.088369,1.088369,809.746246
236,1489,1493,1492,0.002683,0.999998,0.039211,1.039209,387.364851
237,1493,1499,1497,0.004011,0.999996,0.029323,1.029319,256.643215
238,1499,1511,1501,0.007973,0.999984,0.058317,1.058301,132.727896
239,1511,1523,1513,0.00791,0.999984,0.057919,1.057903,133.73588
240,1523,1531,1527,0.005239,0.999993,0.038408,1.038401,198.204314
241,1531,1543,1535,0.007807,0.999985,0.057278,1.057262,135.417017
242,1543,1549,1546,0.003881,0.999996,0.0285,1.028496,265.008799
243,1549,1553,1551,0.002579,0.999998,0.056841,1.056839,409.789106
244,1553,1559,1555,0.003856,0.999996,0.028339,1.028335,266.681279
245,1559,1567,1561,0.005118,0.999993,0.037636,1.037629,202.726376
246,1567,1571,1569,0.002549,0.999998,0.018759,1.018757,399.607344
247,1571,1579,1574,0.005079,0.999994,0.037391,1.037385,204.234682
248,1579,1583,1581,0.00253,0.999998,0.055908,1.055906,417.346595
249,1583,1597,1585,0.008805,0.999981,0.064879,1.064859,120.936833
250,1597,1601,1598,0.002502,0.999998,0.055358,1.055357,421.878691
251,1601,1607,1603,0.003741,0.999997,0.027605,1.027601,274.711719
252,1607,1609,1608,0.001244,1.0,0.064278,1.064277,855.678811
253,1609,1613,1611,0.002483,0.999998,0.036671,1.036669,417.518393
254,1613,1619,1618,0.003713,0.999997,0.027434,1.027431,276.721042
255,1619,1621,1620,0.001235,1.0,0.127732,1.127731,913.462128
256,1621,1627,1622,0.003695,0.999997,0.027308,1.027305,278.05685
257,1627,1637,1631,0.006127,0.999991,0.045325,1.045315,170.594906
258,1637,1657,1639,0.012143,0.999963,0.089884,1.089847,89.747794
259,1657,1663,1658,0.003614,0.999997,0.026795,1.026792,284.078829
260,1663,1667,1665,0.002402,0.999999,0.0891,1.089099,453.337101
261,1667,1669,1668,0.001199,1.0,0.044481,1.04448,871.096503
262,1669,1693,1681,0.014277,1.999949,0.05302,2.052969,143.790957
263,1693,1697,1695,0.00236,0.999999,0.05264,1.052639,446.055527
264,1697,1699,1698,0.001178,1.0,0.02628,1.02628,871.311226
265,1699,1709,1703,0.005869,0.999991,0.043663,1.043654,177.838191
266,1709,1721,1711,0.006997,0.999988,0.052092,1.05208,150.359168
267,1721,1723,1722,0.001161,1.0,0.060579,1.060579,913.158305
268,1723,1733,1726,0.005787,0.999992,0.043134,1.043126,180.251633
269,1733,1741,1735,0.004606,0.999995,0.034352,1.034347,224.582227
270,1741,1747,1745,0.00344,0.999997,0.025681,1.025678,298.13003
271,1747,1753,1751,0.003429,0.999997,0.025604,1.025601,299.133466
272,1753,1759,1754,0.003417,0.999997,0.025523,1.02552,300.135182
273,1759,1777,1761,0.010181,0.999974,0.07609,1.076064,105.692466
274,1777,1783,1779,0.003371,0.999997,0.025226,1.025223,304.14935
275,1783,1787,1784,0.002241,0.999999,0.05033,1.050329,468.709093
276,1787,1789,1788,0.001119,1.0,0.041884,1.041884,931.443892
277,1789,1801,1793,0.006685,0.999989,0.050084,1.050072,157.07275
278,1801,1811,1803,0.005537,0.999992,0.041513,1.041505,188.095362
279,1811,1823,1814,0.006604,0.999989,0.049554,1.049543,158.917755
280,1823,1831,1829,0.004379,0.999995,0.032891,1.032886,235.885065
281,1831,1847,1835,0.0087,0.999981,0.065382,1.065363,122.4494
282,1847,1861,1849,0.007551,1.999978,0.028402,2.02838,268.614236
283,1861,1867,1865,0.003219,0.999997,0.024241,1.024239,318.19661
284,1867,1871,1868,0.00214,0.999999,0.032242,1.032241,482.314534
285,1871,1873,1872,0.001068,1.0,0.112699,1.112699,1041.486321
286,1873,1877,1874,0.002133,0.999999,0.016076,1.016075,476.285119
287,1877,1879,1878,0.001065,1.0,0.024083,1.024083,961.613533
288,1879,1889,1882,0.005308,0.999993,0.040022,1.040015,195.938321
289,1889,1901,1891,0.006332,0.99999,0.047778,1.047768,165.459417
290,1901,1907,1903,0.003151,0.999998,0.023796,1.023793,324.88347
291,1907,1913,1909,0.003141,0.999998,0.023731,1.023728,325.886621
292,1913,1931,1915,0.009365,0.999978,0.070778,1.070756,114.332129
293,1931,1933,1932,0.001035,1.0,0.086159,1.086159,1049.229076
294,1933,1949,1934,0.008243,0.999983,0.062379,1.062362,128.877098
295,1949,1951,1950,0.001026,1.0,0.085468,1.085468,1058.331089
296,1951,1973,1954,0.011213,0.999969,0.084969,1.084938,96.755714
297,1973,1979,1977,0.003036,0.999998,0.023045,1.023042,336.921657
298,1979,1987,1981,0.004034,0.999996,0.030626,1.030622,255.465012
299,1987,1993,1991,0.003015,0.999998,0.022904,1.022901,339.262054
300,1993,1997,1994,0.002005,0.999999,0.015234,1.015233,506.34723
301,1997,1999,1998,0.001001,1.0,0.053253,1.053252,1052.19898
302,1999,2003,2001,0.001999,0.999999,0.045586,1.045585,523.053541
303,2003,2011,2005,0.003986,0.999996,0.030308,1.030304,258.477071
304,2011,2017,2012,0.002979,0.999998,0.045324,1.045322,350.879443
305,2017,2027,2018,0.004946,0.999994,0.037635,1.037629,209.808214
306,2027,2029,2028,0.000986,1.0,0.060077,1.060077,1074.918114
307,2029,2039,2031,0.004916,0.999994,0.037445,1.037439,211.014645
308,2039,2053,2041,0.006843,1.999987,0.052149,2.052136,299.903917
309,2053,2063,2059,0.004859,0.999994,0.037075,1.037069,213.428356
310,2063,2069,2066,0.002904,0.999998,0.022169,1.022166,351.965735
311,2069,2081,2071,0.005783,0.999992,0.044159,1.044151,180.550526
312,2081,2083,2082,0.000961,1.0,0.02202,1.02202,1063.922933
313,2083,2087,2084,0.001918,0.999999,0.029322,1.029321,536.533449
314,2087,2089,2088,0.000958,1.0,0.08054,1.08054,1128.083262
315,2089,2099,2095,0.004776,0.999994,0.03652,1.036514,217.045717
316,2099,2111,2101,0.005701,0.999992,0.043612,1.043603,183.064935
317,2111,2113,2112,0.000947,1.0,0.094243,1.094242,1155.519763
318,2113,2129,2117,0.007544,0.999986,0.057767,1.057753,140.217741
319,2129,2131,2130,0.000939,1.0,0.050373,1.050373,1118.646828
320,2131,2137,2133,0.002812,0.999998,0.064656,1.064654,378.661584
321,2137,2141,2138,0.00187,0.999999,0.014339,1.014338,542.417003
322,2141,2143,2142,0.000934,1.0,0.078772,1.078771,1155.364137
323,2143,2153,2147,0.004656,0.999995,0.035716,1.035711,222.470275
324,2153,2161,2155,0.003709,0.999997,0.028468,1.028464,277.29931
325,2161,2179,2165,0.008295,0.999983,0.063707,1.06369,128.232966
326,2179,2203,2181,0.010954,2.999959,0.084209,3.084169,281.556072
327,2203,2207,2206,0.001814,0.999999,0.013966,1.013966,558.948332
328,2207,2213,2209,0.002715,1.999998,0.010453,2.010451,740.515608
329,2213,2221,2215,0.003608,0.999997,0.027796,1.027793,284.826805
330,2221,2237,2227,0.007178,0.999987,0.055332,1.055319,147.018518
331,2237,2239,2238,0.000894,1.0,0.020679,1.020679,1142.139716
332,2239,2243,2241,0.001785,0.999999,0.04131,1.041309,583.393437
333,2243,2251,2245,0.00356,0.999997,0.027473,1.02747,288.590274
334,2251,2267,2253,0.007083,0.999987,0.054679,1.054667,148.905157
335,2267,2269,2268,0.000882,1.0,0.095391,1.095391,1242.172857
336,2269,2273,2271,0.001761,0.999999,0.013612,1.013611,575.477388
337,2273,2281,2279,0.003513,0.999997,0.027164,1.027161,292.355321
338,2281,2287,2283,0.002627,0.999998,0.020315,1.020313,388.399037
339,2287,2293,2291,0.00262,0.999998,0.020271,1.020269,389.402537
340,2293,2297,2294,0.001743,0.999999,0.04046,1.04046,596.963576
341,2297,2309,2302,0.005211,0.999993,0.040338,1.040331,199.656463
342,2309,2311,2310,0.000866,1.0,0.100584,1.100584,1271.174753
343,2311,2333,2315,0.009475,0.999978,0.073402,1.073379,113.289461
344,2333,2339,2335,0.002568,0.999998,0.019921,1.019919,397.088244
345,2339,2341,2340,0.000855,1.0,0.112722,1.112722,1301.884121
346,2341,2347,2342,0.00256,0.999998,0.01986,1.019859,398.424574
347,2347,2351,2348,0.001703,0.999999,0.026433,1.026432,602.772071
348,2351,2357,2353,0.002549,0.999998,0.019788,1.019786,400.09593
349,2357,2371,2359,0.005922,0.999991,0.045992,1.045983,176.621162
350,2371,2377,2374,0.002527,0.999998,0.019644,1.019642,403.438156
351,2377,2381,2378,0.001681,0.999999,0.039213,1.039212,618.071485
352,2381,2383,2382,0.00084,1.0,0.019586,1.019586,1214.326807
353,2383,2389,2386,0.002515,0.999998,0.019558,1.019556,405.443202
354,2389,2393,2391,0.001673,0.999999,0.013015,1.013014,605.528909
355,2393,2399,2395,0.002504,0.999998,0.019485,1.019484,407.113637
356,2399,2411,2402,0.00499,1.999991,0.038839,2.03883,408.614758
357,2411,2417,2413,0.002486,0.999998,0.019359,1.019357,410.121131
358,2417,2423,2419,0.002479,0.999998,0.019317,1.019315,411.123616
359,2423,2437,2426,0.005761,0.999992,0.044904,1.044896,181.363507
360,2437,2441,2439,0.00164,0.999999,0.025582,1.025581,625.34814
361,2441,2447,2443,0.002455,0.999998,0.019151,1.01915,415.133497
362,2447,2459,2449,0.004892,0.999994,0.038174,1.038168,212.218471
363,2459,2467,2461,0.003248,0.999997,0.025362,1.025359,315.68224
364,2467,2473,2469,0.002429,0.999999,0.018975,1.018974,419.477425
365,2473,2477,2474,0.001616,0.999999,0.012628,1.012627,626.563053
366,2477,2503,2479,0.010442,0.999973,0.08161,1.081582,103.581361
367,2503,2521,2507,0.007166,0.999987,0.056084,1.056071,147.380009
368,2521,2531,2523,0.003959,0.999996,0.062021,1.062017,268.265088
369,2531,2539,2533,0.003156,0.999998,0.024733,1.02473,324.711108
370,2539,2543,2542,0.001574,0.999999,0.037028,1.037028,658.771595
371,2543,2549,2545,0.002357,0.999999,0.01848,1.018479,432.174434
372,2549,2551,2550,0.000784,1.0,0.067672,1.067672,1361.282074
373,2551,2557,2554,0.002349,0.999999,0.018431,1.01843,433.5113
374,2557,2579,2558,0.008567,0.999982,0.067225,1.067207,124.571398
375,2579,2591,2581,0.004642,0.999995,0.036469,1.036463,223.271051
376,2591,2593,2592,0.000772,1.0,0.084909,1.084909,1406.042334
377,2593,2609,2594,0.006151,0.999991,0.048357,1.048347,170.421406
378,2609,2617,2611,0.003062,0.999998,0.024087,1.024085,334.491468
379,2617,2621,2619,0.001527,0.999999,0.036062,1.036061,678.361134
380,2621,2633,2623,0.004568,0.999995,0.035959,1.035954,226.787218
381,2633,2647,2638,0.005303,0.999993,0.041776,1.041769,196.447437
382,2647,2657,2649,0.003771,0.999996,0.029721,1.029717,273.080681
383,2657,2659,2658,0.000752,1.0,0.0178,1.0178,1352.655737
384,2659,2663,2661,0.001503,0.999999,0.011855,1.011854,673.135956
385,2663,2671,2669,0.003,0.999998,0.023665,1.023663,341.263459
386,2671,2677,2675,0.002244,0.999999,0.035415,1.035414,461.449328
387,2677,2683,2681,0.002239,0.999999,0.017673,1.017672,454.559866
388,2683,2687,2685,0.00149,0.999999,0.035287,1.035286,694.935811
389,2687,2689,2688,0.000744,1.0,0.088131,1.088131,1462.448043
390,2689,2693,2692,0.001486,0.999999,0.02348,1.023479,688.545584
391,2693,2699,2694,0.002226,0.999999,0.052737,1.052735,473.028939
392,2699,2707,2701,0.00296,0.999998,0.023386,1.023383,345.775391
393,2707,2711,2708,0.001477,0.999999,0.023341,1.023341,693.057439
394,2711,2713,2712,0.000737,1.0,0.04081,1.04081,1411.337846
395,2713,2719,2714,0.002209,0.999999,0.052397,1.052396,476.384467
396,2719,2729,2721,0.003671,0.999997,0.029034,1.02903,280.307531
397,2729,2731,2730,0.000733,1.0,0.086946,1.086946,1483.680609
398,2731,2741,2733,0.003655,0.999997,0.028922,1.028919,281.511937
399,2741,2749,2743,0.002914,0.999998,0.023073,1.023071,351.040836
400,2749,2753,2751,0.001454,0.999999,0.034546,1.034546,711.508675
401,2753,2767,2757,0.005072,0.999994,0.040184,1.040177,205.063065
402,2767,2777,2771,0.003608,0.999997,0.028597,1.028593,285.125761
403,2777,2789,2779,0.004312,0.999995,0.034193,1.034188,239.845076
404,2789,2791,2790,0.000717,1.0,0.06256,1.06256,1482.271527
405,2791,2797,2792,0.002147,0.999999,0.051117,1.051116,489.469491
406,2797,2801,2798,0.001429,0.999999,0.011342,1.011342,707.686184
407,2801,2803,2802,0.000714,1.0,0.016998,1.016998,1424.814028
408,2803,2819,2809,0.005692,1.999991,0.022599,2.02259,355.342832
409,2819,2833,2823,0.004954,0.999994,0.039362,1.039356,209.801047
410,2833,2837,2836,0.001411,1.0,0.022434,1.022434,724.649829
411,2837,2843,2839,0.002113,0.999999,0.016798,1.016797,481.283836
412,2843,2851,2845,0.00281,0.999998,0.022349,1.022347,363.827382
413,2851,2857,2854,0.002102,0.999999,0.016727,1.016726,483.622443
414,2857,2861,2858,0.001399,1.0,0.011134,1.011133,722.707411
415,2861,2879,2863,0.006272,0.99999,0.049921,1.049911,167.401979
416,2879,2887,2881,0.002775,0.999998,0.022104,1.022103,368.339968
417,2887,2897,2893,0.003458,0.999997,0.027559,1.027556,297.168897
418,2897,2903,2899,0.002069,0.999999,0.016494,1.016493,491.304765
419,2903,2909,2906,0.002065,0.999999,0.016465,1.016464,492.307178
420,2909,2917,2911,0.002746,0.999998,0.021905,1.021903,372.100337
421,2917,2927,2918,0.003422,0.999997,0.027305,1.027303,300.177513
422,2927,2939,2929,0.004091,0.999996,0.032659,1.032655,252.397719
423,2939,2953,2941,0.004752,0.999994,0.037954,1.037948,218.413492
424,2953,2957,2956,0.001354,1.0,0.021635,1.021635,754.732733
425,2957,2963,2959,0.002027,0.999999,0.016201,1.0162,501.325264
426,2963,2969,2965,0.002023,0.999999,0.016173,1.016172,502.327291
427,2969,2971,2970,0.000673,1.0,0.080771,1.080771,1604.944534
428,2971,2999,2973,0.00938,0.999978,0.075017,1.074995,114.601343
429,2999,3001,3000,0.000667,1.0,0.080064,1.080064,1620.095291
430,3001,3011,3005,0.003327,0.999997,0.02664,1.026637,308.606924
431,3011,3019,3013,0.002653,0.999998,0.021256,1.021254,384.884807
432,3019,3023,3022,0.001324,1.0,0.010611,1.01061,763.263233
433,3023,3037,3027,0.00462,0.999995,0.037035,1.037029,224.442359
434,3037,3041,3039,0.001316,1.0,0.010555,1.010555,767.768845
435,3041,3049,3043,0.002627,0.999998,0.021072,1.02107,388.644723
436,3049,3061,3053,0.003928,0.999996,0.031518,1.031514,262.605904
437,3061,3067,3062,0.001958,0.999999,0.015718,1.015717,518.692838
438,3067,3079,3071,0.003905,0.999996,0.031356,1.031352,264.11179
439,3079,3083,3081,0.001298,1.0,0.031287,1.031287,794.348596
440,3083,3089,3085,0.001944,0.999999,0.015621,1.01562,522.366992
441,3089,3109,3091,0.006454,0.99999,0.051864,1.051853,162.984099
442,3109,3119,3113,0.003211,0.999997,0.02583,1.025827,319.442272
443,3119,3121,3120,0.000641,1.0,0.097991,1.097991,1712.865964
444,3121,3137,3127,0.005113,1.999992,0.041152,2.041144,399.17038
445,3137,3163,3139,0.008254,0.999983,0.066459,1.066441,129.202754
446,3163,3167,3166,0.001264,1.0,0.010187,1.010186,799.309803
447,3167,3169,3168,0.000631,1.0,0.086512,1.086512,1721.034337
448,3169,3181,3173,0.00378,0.999996,0.030472,1.030469,272.644506
449,3181,3187,3183,0.001884,0.999999,0.015199,1.015198,538.731618
450,3187,3191,3189,0.001254,1.0,0.010119,1.010119,805.317045
451,3191,3203,3193,0.003754,0.999996,0.030286,1.030283,274.484132
452,3203,3209,3205,0.001871,0.999999,0.015108,1.015107,542.405177
453,3209,3217,3214,0.00249,0.999998,0.020107,1.020105,409.699442
454,3217,3221,3218,0.001243,1.0,0.010036,1.010036,812.826101
455,3221,3229,3223,0.002481,0.999998,0.020039,1.020037,411.202241
456,3229,3251,3233,0.00679,0.999988,0.054872,1.054861,155.35163
457,3251,3253,3252,0.000615,1.0,0.024868,1.024868,1666.434922
458,3253,3257,3254,0.001229,1.0,0.009939,1.009938,821.837231
459,3257,3259,3258,0.000614,1.0,0.024828,1.024828,1669.444139
460,3259,3271,3261,0.003675,0.999997,0.029733,1.029729,280.171897
461,3271,3299,3273,0.008524,0.999982,0.068986,1.068968,125.41205
462,3299,3301,3300,0.000606,1.0,0.083472,1.083472,1787.72832
463,3301,3307,3305,0.001816,0.999999,0.014715,1.014714,558.769253
464,3307,3313,3309,0.001813,0.999999,0.014691,1.01469,559.770464
465,3313,3319,3314,0.001809,0.999999,0.014667,1.014666,560.771975
466,3319,3323,3322,0.001204,1.0,0.029298,1.029298,854.574565
467,3323,3329,3326,0.001804,0.999999,0.014629,1.014629,562.442258
468,3329,3331,3330,0.000601,1.0,0.053584,1.053584,1754.217803
469,3331,3343,3334,0.003596,0.999997,0.029171,1.029168,286.194063
470,3343,3347,3345,0.001196,1.0,0.029113,1.029113,860.595267
471,3347,3359,3349,0.003579,0.999997,0.029048,1.029045,287.531891
472,3359,3361,3360,0.000595,1.0,0.111163,1.111162,1866.752815
473,3361,3371,3365,0.002971,0.999998,0.024127,1.024125,344.720193
474,3371,3373,3372,0.000593,1.0,0.02409,1.02409,1726.616109
475,3373,3389,3377,0.004732,0.999994,0.038449,1.038443,219.435666
476,3389,3391,3390,0.00059,1.0,0.033569,1.033569,1751.8999
477,3391,3407,3394,0.004707,0.999994,0.038269,1.038264,220.565695
478,3407,3413,3409,0.00176,0.999999,0.014312,1.014312,576.466921
479,3413,3433,3415,0.005843,0.999991,0.047537,1.047528,179.283985
480,3433,3449,3437,0.00465,0.999995,0.03786,1.037855,223.203304
481,3449,3457,3453,0.002317,0.999999,0.018875,1.018874,439.771226
482,3457,3461,3459,0.001156,1.0,0.009423,1.009423,872.898349
483,3461,3463,3462,0.000578,1.0,0.014124,1.014124,1755.448613
484,3463,3467,3466,0.001154,1.0,0.009409,1.009409,874.400372
485,3467,3469,3468,0.000577,1.0,0.037607,1.037607,1799.210474
486,3469,3491,3481,0.006322,1.99999,0.025778,2.025768,320.438526
487,3491,3499,3493,0.002289,0.999999,0.018675,1.018673,445.032753
488,3499,3511,3503,0.003424,0.999997,0.027942,1.027939,300.243567
489,3511,3517,3513,0.001707,0.999999,0.01394,1.013939,593.830323
490,3517,3527,3518,0.002839,0.999998,0.023185,1.023183,360.364701
491,3527,3529,3528,0.000567,1.0,0.078721,1.078721,1902.86408
492,3529,3533,3532,0.001133,1.0,0.018509,1.018509,899.088862
493,3533,3539,3535,0.001697,0.999999,0.041592,1.041591,613.844173
494,3539,3541,3540,0.000565,1.0,0.050786,1.050786,1859.890514
495,3541,3547,3543,0.001693,0.999999,0.013836,1.013836,598.838831
496,3547,3557,3551,0.002815,0.999998,0.023015,1.023013,363.374046
497,3557,3559,3558,0.000562,1.0,0.013789,1.013789,1803.530674
498,3559,3571,3561,0.003366,0.999997,0.027527,1.027524,305.260008
499,3571,3581,3574,0.002796,0.999998,0.022879,1.022877,365.780509
500,3581,3583,3582,0.000558,1.0,0.022847,1.022847,1831.918197
501,3583,3593,3587,0.002787,0.999998,0.022812,1.02281,366.984142
502,3593,3607,3595,0.003889,0.999996,0.03184,1.031836,265.32886
503,3607,3613,3611,0.001662,0.999999,0.013615,1.013614,609.857853
504,3613,3617,3614,0.001107,1.0,0.027195,1.027195,928.327343
505,3617,3623,3622,0.001657,0.999999,0.013583,1.013582,611.527562
506,3623,3631,3629,0.002206,0.999999,0.018079,1.018078,461.570977
507,3631,3637,3635,0.001651,0.999999,0.013536,1.013535,613.864481
508,3637,3643,3639,0.001648,0.999999,0.013516,1.013515,614.865581
509,3643,3659,3646,0.004382,0.999995,0.035941,1.035937,236.387425
510,3659,3671,3661,0.003274,0.999997,0.026867,1.026864,313.621067
511,3671,3673,3672,0.000545,1.0,0.067063,1.067063,1959.127195
512,3673,3677,3676,0.001088,1.0,0.017871,1.017871,935.168798
513,3677,3691,3679,0.0038,0.999996,0.031201,1.031198,271.351987
514,3691,3697,3693,0.001624,0.999999,0.013342,1.013341,623.88032
515,3697,3701,3698,0.001081,1.0,0.017768,1.017768,941.180734
516,3701,3709,3707,0.002159,0.999999,0.017745,1.017743,471.342258
517,3709,3719,3711,0.002693,0.999998,0.02213,1.022128,379.618159
518,3719,3727,3721,0.002149,1.999999,0.008833,2.008832,934.859844
519,3727,3733,3729,0.001609,0.999999,0.039686,1.039686,646.337817
520,3733,3739,3734,0.001606,0.999999,0.01321,1.013209,630.891367
521,3739,3761,3742,0.005867,0.999991,0.048267,1.048259,178.679965
522,3761,3767,3763,0.001594,0.999999,0.013124,1.013123,635.565774
523,3767,3769,3768,0.000531,1.0,0.030595,1.030594,1941.639921
524,3769,3779,3777,0.00265,0.999998,0.021825,1.021823,385.635802
525,3779,3793,3781,0.003698,0.999997,0.030462,1.030458,278.665083
526,3793,3797,3794,0.001054,1.0,0.026059,1.026059,973.473177
527,3797,3803,3799,0.001579,0.999999,0.013014,1.013014,641.5753
528,3803,3821,3805,0.004722,0.999994,0.038928,1.038922,220.020275
529,3821,3823,3822,0.000523,1.0,0.04748,1.04748,2001.733646
530,3823,3833,3826,0.002612,0.999998,0.021551,1.021549,391.048704
531,3833,3847,3837,0.003646,0.999997,0.030087,1.030084,282.536945
532,3847,3851,3849,0.001039,1.0,0.008579,1.008579,970.505222
533,3851,3853,3852,0.000519,1.0,0.034294,1.034294,1992.050609
534,3853,3863,3859,0.002592,0.999998,0.021405,1.021404,394.057299
535,3863,3877,3865,0.003618,0.999997,0.02988,1.029877,284.687083
536,3877,3881,3879,0.001031,1.0,0.017042,1.017042,986.276322
537,3881,3889,3883,0.002059,0.999999,0.017018,1.017017,493.888677
538,3889,3907,3891,0.004618,0.999995,0.038172,1.038167,224.820438
539,3907,3911,3909,0.001023,1.0,0.008464,1.008463,985.520696
540,3911,3917,3913,0.001533,0.999999,0.038042,1.038042,677.149001
541,3917,3919,3918,0.00051,1.0,0.01267,1.01267,1983.81984
542,3919,3923,3921,0.00102,1.0,0.008441,1.008441,988.523762
543,3923,3929,3925,0.001528,0.999999,0.025293,1.025293,670.883067
544,3929,3931,3930,0.000509,1.0,0.029483,1.029483,2022.934593
545,3931,3943,3935,0.003048,0.999998,0.02523,1.025228,336.359983
546,3943,3947,3946,0.001014,1.0,0.008396,1.008396,994.53012
547,3947,3967,3949,0.005054,0.999994,0.041856,1.04185,206.129533
548,3967,3989,3973,0.00553,0.999992,0.045832,1.045825,189.103615
549,3989,4001,3991,0.003004,0.999998,0.024907,1.024904,341.207463
550,4001,4003,4002,0.0005,1.0,0.029016,1.029016,2059.06168
551,4003,4007,4006,0.000999,1.0,0.008285,1.008285,1009.545216
552,4007,4013,4009,0.001496,0.999999,0.012413,1.012413,676.629132
553,4013,4019,4015,0.001494,0.999999,0.037191,1.037191,694.226213
554,4019,4021,4020,0.000498,1.0,0.045418,1.045418,2101.289243
555,4021,4027,4022,0.001491,0.999999,0.012375,1.012374,678.965704
556,4027,4049,4031,0.005448,0.999993,0.04523,1.045223,191.845408
557,4049,4051,4050,0.000494,1.0,0.057427,1.057427,2141.290446
558,4051,4057,4054,0.00148,0.999999,0.012295,1.012295,683.973633
559,4057,4073,4058,0.003936,0.999996,0.032702,1.032699,262.369634
560,4073,4079,4078,0.001472,0.999999,0.012238,1.012237,687.646205
561,4079,4091,4083,0.002938,0.999998,0.024425,1.024423,348.730275
562,4091,4093,4092,0.000489,1.0,0.044714,1.044714,2137.484517
563,4093,4099,4097,0.001465,1.999999,0.012185,2.012184,1373.650733
564,4099,4111,4101,0.002923,0.999998,0.024319,1.024316,350.401345
565,4111,4127,4115,0.003884,0.999996,0.032328,1.032324,265.758599
566,4127,4129,4128,0.000484,1.0,0.044371,1.044371,2155.58087
567,4129,4133,4132,0.000968,1.0,0.016125,1.016125,1049.402711
568,4133,4139,4135,0.001451,0.999999,0.01208,1.01208,697.660092
569,4139,4153,4141,0.003377,0.999997,0.028124,1.028121,304.470424
570,4153,4157,4156,0.000963,1.0,0.016043,1.016043,1055.414296
571,4157,4159,4158,0.000481,1.0,0.060121,1.060121,2203.991682
572,4159,4177,4162,0.004319,0.999995,0.03599,1.035986,239.887867
573,4177,4201,4178,0.005729,0.999992,0.047769,1.04776,182.877345
574,4201,4211,4207,0.002378,0.999999,0.01984,1.019838,428.943713
575,4211,4217,4213,0.001424,0.999999,0.011883,1.011883,710.678789
576,4217,4219,4218,0.000474,1.0,0.027705,1.027705,2167.429656
577,4219,4229,4222,0.002367,0.999999,0.019763,1.019762,430.747275
578,4229,4231,4230,0.000473,1.0,0.043428,1.043428,2206.849372
579,4231,4241,4237,0.002361,0.999999,0.019716,1.019714,431.950824
580,4241,4243,4242,0.000471,1.0,0.027567,1.027567,2179.469374
581,4243,4253,4247,0.002354,0.999999,0.019666,1.019664,433.153183
582,4253,4259,4258,0.00141,1.0,0.011781,1.01178,717.689418
583,4259,4261,4260,0.000469,1.0,0.043158,1.043158,2221.927112
584,4261,4271,4262,0.002344,0.999999,0.019591,1.01959,434.956712
585,4271,4273,4272,0.000468,1.0,0.035224,1.035224,2211.23838
586,4273,4283,4274,0.002338,0.999999,0.019543,1.019541,436.159526
587,4283,4289,4285,0.0014,1.0,0.011707,1.011707,722.695743
588,4289,4297,4291,0.001863,0.999999,0.015587,1.015586,544.988654
589,4297,4327,4299,0.006957,0.999988,0.058206,1.058194,152.097152
590,4327,4337,4331,0.002308,0.999999,0.01933,1.019328,441.572784
591,4337,4339,4338,0.000461,1.0,0.019307,1.019306,2210.87569
592,4339,4349,4341,0.002302,0.999999,0.019281,1.01928,442.775093
593,4349,4357,4351,0.001838,0.999999,0.015397,1.015397,552.502548
594,4357,4363,4358,0.001376,1.0,0.011532,1.011531,735.045976
595,4363,4373,4367,0.002289,0.999999,0.019189,1.019188,445.181068
596,4373,4391,4377,0.004108,0.999996,0.03444,1.034435,251.827194
597,4391,4397,4393,0.001365,1.0,0.011453,1.011453,740.720646
598,4397,4409,4399,0.002725,0.999998,0.022864,1.022862,375.304891
599,4409,4421,4411,0.002718,0.999998,0.022809,1.022807,376.307617
600,4421,4423,4422,0.000452,1.0,0.026576,1.026576,2269.760281
601,4423,4441,4426,0.004061,0.999996,0.034096,1.034092,254.61612
602,4441,4447,4442,0.00135,1.0,0.01134,1.011339,749.065077
603,4447,4451,4449,0.000899,1.0,0.007553,1.007552,1120.650135
604,4451,4457,4453,0.001347,1.0,0.011317,1.011317,750.734218
605,4457,4463,4461,0.001345,1.0,0.011305,1.011304,751.736013
606,4463,4481,4467,0.004025,0.999996,0.033828,1.033824,256.847575
607,4481,4483,4482,0.000446,1.0,0.026263,1.026263,2299.854624
608,4483,4493,4489,0.002228,1.999999,0.009369,2.009367,901.803742
609,4493,4507,4497,0.003111,0.999998,0.026168,1.026166,329.8387
610,4507,4513,4511,0.00133,1.0,0.011194,1.011194,760.080497
611,4513,4517,4516,0.000886,1.0,0.014911,1.014911,1145.580469
612,4517,4519,4518,0.000443,1.0,0.018627,1.018627,2301.078976
613,4519,4523,4521,0.000885,1.0,0.02234,1.02234,1155.499171
614,4523,4547,4529,0.005292,0.999993,0.044551,1.044544,197.374826
615,4547,4549,4548,0.00044,1.0,0.018519,1.018519,2316.112068
616,4549,4561,4553,0.002634,0.999998,0.022192,1.02219,388.005997
617,4561,4567,4562,0.001315,1.0,0.011076,1.011076,769.091745
618,4567,4583,4569,0.003497,0.999997,0.029472,1.029469,294.363384
619,4583,4591,4586,0.001744,0.999999,0.014704,1.014703,581.805182
620,4591,4597,4593,0.001306,1.0,0.011013,1.011013,774.09852
621,4597,4603,4601,0.001304,1.0,0.011001,1.011,775.100261
622,4603,4621,4607,0.003903,0.999996,0.032922,1.032918,264.656253
623,4621,4637,4622,0.003456,0.999997,0.029168,1.029165,297.749931
624,4637,4639,4638,0.000431,1.0,0.010921,1.010921,2344.325972
625,4639,4643,4642,0.000862,1.0,0.02183,1.02183,1185.578414
626,4643,4649,4645,0.001291,1.0,0.010904,1.010904,782.77645
627,4649,4651,4650,0.00043,1.0,0.039953,1.039953,2417.890704
628,4651,4657,4652,0.001289,1.0,0.021775,1.021775,792.556342
629,4657,4663,4659,0.001288,1.0,0.010875,1.010875,785.112794
630,4663,4673,4666,0.002142,0.999999,0.018098,1.018097,475.247343
631,4673,4679,4677,0.001283,1.0,0.010843,1.010843,787.783318
632,4679,4691,4681,0.002561,0.999998,0.021647,1.021645,398.86708
633,4691,4703,4694,0.002555,0.999998,0.021599,1.021597,399.869855
634,4703,4721,4705,0.00382,0.999996,0.032304,1.0323,270.232885
635,4721,4723,4722,0.000424,1.0,0.01075,1.01075,2386.379822
636,4723,4729,4727,0.00127,1.0,0.010742,1.010742,796.12729
637,4729,4733,4731,0.000845,1.0,0.021463,1.021463,1208.135394
638,4733,4751,4735,0.003796,0.999996,0.032123,1.03212,271.905916
639,4751,4759,4754,0.001682,0.999999,0.014245,1.014244,602.841181
640,4759,4783,4762,0.00503,0.999994,0.0426,1.042593,207.258413
641,4783,4787,4786,0.000836,1.0,0.007083,1.007083,1204.723172
642,4787,4789,4788,0.000418,1.0,0.060174,1.060174,2538.055618
643,4789,4793,4791,0.000835,1.0,0.007075,1.007075,1206.224216
644,4793,4799,4798,0.001251,1.0,0.010604,1.010603,807.808871
645,4799,4801,4800,0.000417,1.0,0.070636,1.070636,2569.527285
646,4801,4813,4803,0.002496,0.999998,0.021162,1.02116,409.059497
647,4813,4817,4814,0.000831,1.0,0.021132,1.021132,1229.187574
648,4817,4831,4819,0.002902,0.999998,0.024611,1.024609,353.050783
649,4831,4861,4834,0.006191,0.99999,0.052518,1.052509,170.014699
650,4861,4871,4863,0.002055,0.999999,0.017446,1.017445,495.088726
651,4871,4877,4873,0.001231,1.0,0.010453,1.010453,820.824388
652,4877,4889,4881,0.002458,0.999998,0.020872,1.02087,415.408953
653,4889,4903,4891,0.002859,0.999998,0.024292,1.02429,358.208485
654,4903,4909,4907,0.001223,1.0,0.010394,1.010393,826.164677
655,4909,4919,4911,0.002035,1.999999,0.017296,2.017295,991.298365
656,4919,4931,4927,0.002437,0.999999,0.020717,1.020715,418.91834
657,4931,4933,4932,0.000406,1.0,0.027586,1.027586,2534.027864
658,4933,4937,4934,0.000811,1.0,0.006893,1.006893,1242.253635
659,4937,4943,4939,0.001215,1.0,0.01033,1.010329,831.837847
660,4943,4951,4946,0.001617,0.999999,0.013756,1.013755,626.880795
661,4951,4957,4954,0.001211,1.0,0.010304,1.010304,834.174214
662,4957,4967,4963,0.002015,0.999999,0.01715,1.017149,504.709094
663,4967,4969,4968,0.000403,1.0,0.051394,1.051394,2611.661455
664,4969,4973,4971,0.000805,1.0,0.006849,1.006849,1251.261108
665,4973,4987,4979,0.002811,0.999998,0.023932,1.02393,364.226333
666,4987,4993,4989,0.001202,1.0,0.010238,1.010238,840.181257
667,4993,4999,4997,0.001201,1.0,0.010228,1.010228,841.182859
668,4999,5003,5001,0.0008,1.0,0.006813,1.006812,1258.767127
669,5003,5009,5006,0.001199,1.0,0.01021,1.010209,842.851326
670,5009,5011,5010,0.000399,1.0,0.023806,1.023806,2564.634205
671,5011,5021,5017,0.001994,0.999999,0.016987,1.016986,510.119923
672,5021,5023,5022,0.000398,1.0,0.030543,1.030543,2587.694119
673,5023,5039,5027,0.00318,0.999997,0.027104,1.027102,322.959019
674,5039,5051,5041,0.002379,1.999998,0.010139,2.010137,845.094758
675,5051,5059,5053,0.001583,0.999999,0.013496,1.013495,640.40221
676,5059,5077,5062,0.003552,0.999997,0.030294,1.030291,290.083889
677,5077,5081,5078,0.000788,1.0,0.00672,1.00672,1278.28241
678,5081,5087,5086,0.00118,1.0,0.010072,1.010072,855.867187
679,5087,5099,5089,0.002356,0.999999,0.02011,1.020108,432.950718
680,5099,5101,5100,0.000392,1.0,0.056913,1.056913,2695.128798
681,5101,5107,5102,0.001176,1.0,0.010036,1.010036,859.203663
682,5107,5113,5111,0.001174,1.0,0.010026,1.010026,860.205426
683,5113,5119,5114,0.001173,1.0,0.010015,1.010015,861.206013
684,5119,5147,5123,0.005455,0.999993,0.046593,1.046586,191.861106
685,5147,5153,5149,0.001165,1.0,0.009957,1.009957,866.879503
686,5153,5167,5155,0.002713,0.999998,0.023192,1.02319,377.118247
687,5167,5171,5169,0.000774,1.0,0.006617,1.006617,1300.800177
688,5171,5179,5173,0.001546,0.999999,0.013219,1.013219,655.425693
689,5179,5189,5182,0.001929,0.999999,0.016499,1.016498,526.952303
690,5189,5197,5191,0.001541,0.999999,0.013179,1.013178,657.679168
691,5197,5209,5199,0.002306,0.999999,0.019734,1.019732,442.138786
692,5209,5227,5213,0.00345,0.999997,0.029525,1.029522,298.44665
693,5227,5231,5228,0.000765,1.0,0.013099,1.013099,1324.373313
694,5231,5233,5232,0.000382,1.0,0.029458,1.029458,2693.062813
695,5233,5237,5234,0.000764,1.0,0.006543,1.006543,1317.312676
696,5237,5261,5241,0.004572,0.999995,0.039158,1.039153,227.271077
697,5261,5273,5263,0.002278,0.999999,0.019522,1.019521,447.484364
698,5273,5279,5277,0.001137,1.0,0.009747,1.009747,887.904067
699,5279,5281,5280,0.000379,1.0,0.074678,1.074677,2837.148545
700,5281,5297,5287,0.003025,0.999998,0.025935,1.025932,339.134498
701,5297,5303,5299,0.001132,1.0,0.009708,1.009708,891.908229
702,5303,5309,5305,0.001131,1.0,0.009698,1.009698,892.909361
703,5309,5323,5311,0.002634,0.999998,0.022589,1.022588,388.290943
704,5323,5333,5329,0.001877,1.999999,0.008053,2.008052,1069.889659
705,5333,5347,5339,0.002622,0.999998,0.022502,1.0225,390.010491
706,5347,5351,5349,0.000748,1.0,0.00642,1.00642,1345.834416
707,5351,5381,5353,0.005591,0.999992,0.047999,1.047991,187.450216
708,5381,5387,5383,0.001114,1.0,0.009574,1.009574,905.923963
709,5387,5393,5389,0.001113,1.0,0.009565,1.009564,906.925077
710,5393,5399,5398,0.001112,1.0,0.009556,1.009555,907.926746
711,5399,5407,5401,0.001481,0.999999,0.012725,1.012725,683.968846
712,5407,5413,5411,0.001109,1.0,0.009534,1.009533,910.262486
713,5413,5417,5414,0.000739,1.0,0.00635,1.00635,1362.346497
714,5417,5419,5418,0.000369,1.0,0.03491,1.03491,2803.572179
715,5419,5431,5422,0.002212,0.999999,0.019019,1.019018,460.680816
716,5431,5437,5433,0.001104,1.0,0.009496,1.009496,914.266545
717,5437,5441,5438,0.000735,1.0,0.006326,1.006325,1368.350921
718,5441,5443,5442,0.000368,1.0,0.009484,1.009484,2746.805583
719,5443,5449,5447,0.001102,1.0,0.009478,1.009478,916.26912
720,5449,5471,5455,0.004029,0.999996,0.034669,1.034665,256.784763
721,5471,5477,5473,0.001096,1.0,0.009435,1.009434,920.94055
722,5477,5479,5478,0.000365,1.0,0.022001,1.022001,2799.259346
723,5479,5483,5482,0.00073,1.0,0.006283,1.006283,1378.858982
724,5483,5501,5485,0.003277,0.999997,0.028219,1.028216,313.719791
725,5501,5503,5502,0.000364,1.0,0.021916,1.021916,2811.289947
726,5503,5507,5506,0.000727,1.0,0.006259,1.006259,1384.863351
727,5507,5519,5509,0.002177,0.999999,0.01875,1.018749,468.03008
728,5519,5521,5520,0.000362,1.0,0.059314,1.059314,2923.706409
729,5521,5527,5524,0.001086,1.0,0.018719,1.018718,937.90002
730,5527,5531,5528,0.000723,1.0,0.018703,1.018703,1408.102503
731,5531,5557,5533,0.00469,0.999995,0.040419,1.040413,221.847691
732,5557,5563,5561,0.001079,1.0,0.009306,1.009306,935.28984
733,5563,5569,5567,0.001078,1.0,0.009297,1.009297,936.290919
734,5569,5573,5571,0.000718,1.0,0.012386,1.012386,1410.00042
735,5573,5581,5578,0.001434,0.999999,0.012375,1.012374,705.751107
736,5581,5591,5582,0.00179,0.999999,0.015445,1.015444,567.226706
737,5591,5623,5594,0.005707,0.999992,0.04925,1.049242,183.846297
738,5623,5639,5627,0.002841,0.999998,0.024537,1.024535,360.571885
739,5639,5641,5640,0.000355,1.0,0.045945,1.045945,2949.564472
740,5641,5647,5645,0.001063,1.0,0.009183,1.009183,949.304838
741,5647,5651,5649,0.000708,1.0,0.018352,1.018352,1438.167465
742,5651,5653,5652,0.000354,1.0,0.024458,1.024458,2895.118
743,5653,5657,5654,0.000707,1.0,0.018334,1.018334,1439.67012
744,5657,5659,5658,0.000353,1.0,0.021381,1.021381,2889.485662
745,5659,5669,5663,0.001766,0.999999,0.015257,1.015256,575.041121
746,5669,5683,5671,0.002467,0.999998,0.021318,1.021317,414.07087
747,5683,5689,5686,0.001055,1.0,0.009123,1.009123,956.312077
748,5689,5693,5692,0.000703,1.0,0.012155,1.012155,1440.0434
749,5693,5701,5699,0.001404,1.0,0.012144,1.012144,720.772578
750,5701,5711,5702,0.001753,0.999999,0.015157,1.015156,579.247988
751,5711,5717,5713,0.00105,1.0,0.009083,1.009083,960.983483
752,5717,5737,5721,0.003492,0.999997,0.030214,1.030211,295.000735
753,5737,5741,5739,0.000697,1.0,0.006032,1.006032,1443.404808
754,5741,5743,5742,0.000348,1.0,0.033163,1.033163,2966.211075
755,5743,5749,5747,0.001044,1.0,0.009039,1.009039,966.322752
756,5749,5779,5753,0.005205,0.999993,0.04506,1.045053,200.789075
757,5779,5783,5781,0.000692,1.0,0.017981,1.017981,1471.236765
758,5783,5791,5789,0.001382,1.0,0.011977,1.011976,732.038254
759,5791,5801,5793,0.001725,0.999999,0.014949,1.014948,588.26383
760,5801,5807,5803,0.001034,1.0,0.008959,1.008959,975.999119
761,5807,5813,5809,0.001033,1.0,0.008951,1.00895,977.000153
762,5813,5821,5815,0.001375,1.0,0.011921,1.011921,735.792738
763,5821,5827,5823,0.00103,1.0,0.017863,1.017863,988.005465
764,5827,5839,5833,0.002057,0.999999,0.017839,1.017838,494.753934
765,5839,5843,5842,0.000685,1.0,0.017818,1.017818,1486.268257
766,5843,5849,5847,0.001026,1.0,0.008902,1.008902,983.006675
767,5849,5851,5850,0.000342,1.0,0.050414,1.050414,3072.461234
768,5851,5857,5853,0.001025,1.0,0.008891,1.008891,984.341035
769,5857,5861,5858,0.000683,1.0,0.017769,1.017769,1490.776463
770,5861,5867,5862,0.001023,1.0,0.026632,1.026632,1003.361731
771,5867,5869,5868,0.000341,1.0,0.02366,1.02366,3003.41804
772,5869,5879,5873,0.001702,0.999999,0.014774,1.014773,596.077553
773,5879,5881,5880,0.00034,1.0,0.067899,1.067899,3139.624064
774,5881,5897,5891,0.002717,0.999998,0.023586,1.023584,376.742775
775,5897,5903,5899,0.001017,1.0,0.00883,1.008829,992.015532
776,5903,5923,5905,0.003382,0.999997,0.029371,1.029368,304.332427
777,5923,5927,5926,0.000675,1.0,0.005865,1.005865,1489.93688
778,5927,5939,5933,0.002023,0.999999,0.017573,1.017572,503.104278
779,5939,5953,5941,0.002355,0.999999,0.02046,1.020459,433.403134
780,5953,5981,5959,0.004692,0.999994,0.04079,1.040785,221.798237
781,5981,5987,5983,0.001003,1.0,0.00872,1.00872,1006.029677
782,5987,6007,5989,0.003335,0.999997,0.029007,1.029004,308.546568
783,6007,6011,6009,0.000666,1.0,0.005792,1.005792,1510.950792
784,6011,6029,6013,0.00299,0.999998,0.026018,1.026016,343.145127
785,6029,6037,6031,0.001326,1.0,0.011543,1.011542,762.829226
786,6037,6043,6038,0.000993,1.0,0.008648,1.008648,1015.372164
787,6043,6047,6046,0.000662,1.0,0.005762,1.005761,1519.956932
788,6047,6053,6049,0.000992,1.0,0.008636,1.008635,1017.040651
789,6053,6067,6059,0.00231,0.999999,0.020121,1.020119,441.565673
790,6067,6073,6071,0.000988,1.0,0.008611,1.008611,1020.377616
791,6073,6079,6074,0.000987,1.0,0.008603,1.008603,1021.37811
792,6079,6089,6081,0.001644,0.999999,0.014321,1.01432,617.112377
793,6089,6091,6090,0.000328,1.0,0.042928,1.042928,3175.715941
794,6091,6101,6098,0.00164,0.999999,0.014297,1.014297,618.315169
795,6101,6113,6103,0.001965,0.999999,0.017128,1.017127,517.632547
796,6113,6121,6115,0.001308,1.0,0.011402,1.011402,773.343064
797,6121,6131,6122,0.001632,0.999999,0.014234,1.014233,621.3191
798,6131,6133,6132,0.000326,1.0,0.03129,1.03129,3161.93393
799,6133,6143,6134,0.001629,0.999999,0.014209,1.014209,622.521059
800,6143,6151,6145,0.001301,1.0,0.011353,1.011353,777.09796
801,6151,6163,6155,0.001949,0.999999,0.017005,1.017004,521.807704
802,6163,6173,6166,0.001621,0.999999,0.014149,1.014148,625.526265
803,6173,6197,6178,0.00388,0.999996,0.033871,1.033867,266.43579
804,6197,6199,6198,0.000323,1.0,0.008453,1.008453,3125.195838
805,6199,6203,6202,0.000645,1.0,0.016899,1.016899,1576.447666
806,6203,6211,6207,0.001289,1.0,0.011256,1.011256,784.608003
807,6211,6217,6212,0.000966,1.0,0.016867,1.016867,1053.134821
808,6217,6221,6218,0.000643,1.0,0.005618,1.005618,1563.484989
809,6221,6229,6227,0.001285,1.0,0.011228,1.011227,786.861222
810,6229,6247,6241,0.002886,1.999998,0.012608,2.012606,697.479276
811,6247,6257,6249,0.001599,0.999999,0.01398,1.013979,633.939644
812,6257,6263,6259,0.000958,1.0,0.008379,1.008378,1052.07479
813,6263,6269,6267,0.000958,1.0,0.008372,1.008372,1053.076067
814,6269,6271,6270,0.000319,1.0,0.041835,1.041835,3266.152868
815,6271,6277,6274,0.000956,1.0,0.008362,1.008362,1054.410517
816,6277,6287,6281,0.001592,0.999999,0.013921,1.013921,636.944754
817,6287,6299,6289,0.001907,0.999999,0.016679,1.016678,533.162588
818,6299,6301,6300,0.000317,1.0,0.072208,1.072208,3377.455822
819,6301,6311,6309,0.001586,0.999999,0.027751,1.02775,648.098936
820,6311,6317,6313,0.00095,1.0,0.008315,1.008315,1061.083383
821,6317,6323,6319,0.000949,1.0,0.008308,1.008308,1062.084333
822,6323,6329,6326,0.000948,1.0,0.008301,1.008301,1063.085441
823,6329,6337,6331,0.001263,1.0,0.011057,1.011057,800.377792
824,6337,6343,6338,0.000946,1.0,0.008285,1.008285,1065.42067
825,6343,6353,6347,0.001575,0.999999,0.013793,1.013792,643.555212
826,6353,6359,6355,0.000944,1.0,0.0248,1.024799,1085.60401
827,6359,6361,6360,0.000314,1.0,0.04131,1.04131,3311.36665
828,6361,6367,6362,0.000943,1.0,0.008257,1.008257,1069.42445
829,6367,6373,6371,0.000942,1.0,0.008251,1.00825,1070.425864
830,6373,6379,6374,0.000941,1.0,0.008243,1.008243,1071.426335
831,6379,6389,6382,0.001566,0.999999,0.013724,1.013723,647.160715
832,6389,6397,6393,0.001251,1.0,0.010966,1.010965,807.887542
833,6397,6421,6401,0.003745,0.999996,0.03282,1.032816,275.804628
834,6421,6427,6423,0.000934,1.0,0.008189,1.008189,1079.433996
835,6427,6449,6429,0.003417,0.999997,0.029964,1.029961,301.403799
836,6449,6451,6450,0.00031,1.0,0.029919,1.029919,3321.490086
837,6451,6469,6455,0.002786,0.999998,0.024444,1.024442,367.66057
838,6469,6473,6471,0.000618,1.0,0.010849,1.010848,1635.299966
839,6473,6481,6476,0.001235,1.0,0.021679,1.021678,827.176305
840,6481,6491,6483,0.001542,0.999999,0.013532,1.013532,657.376425
841,6491,6521,6493,0.004611,0.999995,0.040479,1.040473,225.64361
842,6521,6529,6523,0.001226,1.0,0.010769,1.010768,824.407681
843,6529,6547,6533,0.002753,0.999998,0.024185,1.024183,372.005926
844,6547,6551,6548,0.000611,1.0,0.010734,1.010734,1654.823626
845,6551,6553,6552,0.000305,1.0,0.061695,1.061695,3478.112988
846,6553,6563,6557,0.001525,1.999999,0.013401,2.0134,1320.387516
847,6563,6569,6565,0.000914,1.0,0.024096,1.024095,1120.701552
848,6569,6571,6570,0.000304,1.0,0.029435,1.029435,3381.692859
849,6571,6577,6575,0.000913,1.0,0.016047,1.016047,1113.248422
850,6577,6581,6579,0.000608,1.0,0.026726,1.026726,1688.707988
851,6581,6599,6583,0.002731,0.999998,0.024015,1.024013,374.902446
852,6599,6607,6602,0.001212,1.0,0.010656,1.010656,834.169724
853,6607,6619,6609,0.001815,0.999999,0.015962,1.015961,559.878916
854,6619,6637,6621,0.002716,0.999998,0.023893,1.023891,377.019319
855,6637,6653,6638,0.002408,0.999999,0.02119,1.021189,424.112263
856,6653,6659,6658,0.000901,1.0,0.007936,1.007936,1118.136607
857,6659,6661,6660,0.0003,1.0,0.044945,1.044945,3479.665771
858,6661,6673,6662,0.0018,0.999999,0.015847,1.015846,564.386908
859,6673,6679,6677,0.000899,1.0,0.007915,1.007914,1121.472791
860,6679,6689,6683,0.001496,0.999999,0.013177,1.013176,677.206824
861,6689,6691,6690,0.000299,1.0,0.018433,1.018433,3406.658484
862,6691,6701,6694,0.001493,0.999999,0.013156,1.013155,678.408469
863,6701,6703,6702,0.000298,1.0,0.007887,1.007887,3377.430384
864,6703,6709,6707,0.000895,1.0,0.007883,1.007883,1126.477275
865,6709,6719,6711,0.001489,0.999999,0.013124,1.013124,680.211007
866,6719,6733,6722,0.002081,0.999999,0.018344,1.018343,489.241019
867,6733,6737,6735,0.000594,1.0,0.015706,1.015706,1710.195021
868,6737,6761,6739,0.003556,0.999997,0.031349,1.031346,290.022815
869,6761,6763,6762,0.000296,1.0,0.028693,1.028693,3478.009715
870,6763,6779,6767,0.002363,0.999999,0.020841,1.02084,432.006525
871,6779,6781,6780,0.000295,1.0,0.028625,1.028625,3487.038958
872,6781,6791,6782,0.001474,0.999999,0.013,1.013,687.421536
873,6791,6793,6792,0.000294,1.0,0.018187,1.018187,3457.764407
874,6793,6803,6797,0.001471,0.999999,0.012981,1.01298,688.623746
875,6803,6823,6805,0.002936,0.999998,0.025908,1.025905,349.474434
876,6823,6827,6826,0.000586,1.0,0.005174,1.005174,1715.078299
877,6827,6829,6828,0.000293,1.0,0.01293,1.01293,3458.143838
878,6829,6833,6830,0.000586,1.0,0.01551,1.01551,1734.237045
879,6833,6841,6835,0.00117,1.0,0.010332,1.010331,863.454422
880,6841,6857,6843,0.002336,0.999999,0.02063,1.020629,436.892703
881,6857,6863,6859,0.000875,2.0,0.007726,2.007726,2295.499595
882,6863,6869,6865,0.000874,1.0,0.00772,1.00772,1153.167233
883,6869,6871,6870,0.000291,1.0,0.018004,1.018004,3496.844339
884,6871,6883,6879,0.001745,0.999999,0.015419,1.015418,581.91898
885,6883,6899,6889,0.002322,1.999999,0.01026,2.010259,865.792837
886,6899,6907,6901,0.001159,1.0,0.010244,1.010244,871.714035
887,6907,6911,6910,0.000579,1.0,0.015355,1.015355,1753.771982
888,6911,6917,6913,0.000868,1.0,0.007672,1.007672,1161.174203
889,6917,6947,6922,0.004328,0.999995,0.038268,1.038263,239.907684
890,6947,6949,6948,0.000288,1.0,0.020371,1.020371,3544.769577
891,6949,6959,6953,0.001438,0.999999,0.012722,1.012722,704.246449
892,6959,6961,6960,0.000287,1.0,0.048308,1.048308,3648.110665
893,6961,6967,6962,0.000862,1.0,0.015247,1.015247,1178.362824
894,6967,6971,6969,0.000574,1.0,0.015238,1.015238,1768.79749
895,6971,6977,6973,0.00086,1.0,0.007614,1.007614,1171.182847
896,6977,6983,6979,0.00086,1.0,0.007608,1.007608,1172.183708
897,6983,6991,6989,0.001145,1.0,0.010136,1.010135,882.226711
898,6991,6997,6995,0.000858,1.0,0.007595,1.007595,1174.519332
899,6997,7001,6998,0.000572,1.0,0.00506,1.00506,1758.603189
900,7001,7013,7003,0.001713,0.999999,0.015163,1.015163,592.77019
901,7013,7019,7017,0.000855,1.0,0.007574,1.007573,1178.189139
902,7019,7027,7022,0.001139,1.0,0.010089,1.010089,886.731424
903,7027,7039,7031,0.001706,0.999999,0.015114,1.015113,594.940849
904,7039,7043,7041,0.000568,1.0,0.005033,1.005033,1769.109316
905,7043,7057,7045,0.001986,0.999999,0.017594,1.017593,512.43084
906,7057,7069,7058,0.001699,0.999999,0.015056,1.015056,597.444684
907,7069,7079,7071,0.001414,1.0,0.01253,1.01253,716.263286
908,7079,7103,7081,0.003385,0.999997,0.030005,1.030002,304.322376
909,7103,7109,7108,0.000844,1.0,0.014977,1.014977,1202.071004
910,7109,7121,7111,0.001687,0.999999,0.014959,1.014958,601.785503
911,7121,7127,7123,0.000842,1.0,0.007471,1.007471,1196.204137
912,7127,7129,7128,0.000281,1.0,0.047296,1.047296,3732.56384
913,7129,7151,7131,0.003081,0.999998,0.027337,1.027335,333.416634
914,7151,7159,7153,0.001118,1.0,0.009923,1.009923,903.249914
915,7159,7177,7162,0.002511,0.999998,0.02229,1.022289,407.09793
916,7177,7187,7179,0.001392,1.0,0.012363,1.012362,727.078451
917,7187,7193,7189,0.000834,1.0,0.022232,1.022231,1224.973977
918,7193,7207,7195,0.001944,0.999999,0.017269,1.017268,523.166208
919,7207,7211,7209,0.000555,1.0,0.019716,1.019715,1837.782157
920,7211,7213,7212,0.000277,1.0,0.012318,1.012318,3650.417415
921,7213,7219,7214,0.000831,1.0,0.007387,1.007387,1211.550168
922,7219,7229,7223,0.001384,1.0,0.012299,1.012299,731.284564
923,7229,7237,7231,0.001106,1.0,0.009828,1.009828,913.010764
924,7237,7243,7241,0.000829,1.0,0.007365,1.007365,1215.553905
925,7243,7247,7246,0.000552,1.0,0.004907,1.004907,1820.138021
926,7247,7253,7249,0.000828,1.0,0.007356,1.007356,1217.221676
927,7253,7283,7255,0.004128,0.999996,0.036693,1.036689,251.154737
928,7283,7297,7286,0.00192,0.999999,0.01708,1.017079,529.607356
929,7297,7307,7303,0.001369,1.0,0.012183,1.012183,739.095584
930,7307,7309,7308,0.000274,1.0,0.041391,1.041391,3805.244232
931,7309,7321,7311,0.00164,0.999999,0.014595,1.014595,618.479922
932,7321,7331,7323,0.001365,1.0,0.012147,1.012146,741.49832
933,7331,7333,7332,0.000273,1.0,0.026705,1.026705,3763.899949
934,7333,7349,7339,0.00218,0.999999,0.0194,1.019399,467.712731
935,7349,7351,7350,0.000272,1.0,0.041181,1.041181,3826.341654
936,7351,7369,7354,0.002446,0.999999,0.021774,1.021772,417.791073
937,7369,7393,7373,0.003252,0.999997,0.028957,1.028955,316.446163
938,7393,7411,7394,0.002432,0.999999,0.021663,1.021662,420.129836
939,7411,7417,7415,0.000809,1.0,0.007212,1.007212,1244.577657
940,7417,7433,7418,0.002155,0.999999,0.019204,1.019202,472.973446
941,7433,7451,7435,0.002419,0.999999,0.02156,1.021559,422.357592
942,7451,7457,7453,0.000805,1.0,0.007177,1.007177,1251.249437
943,7457,7459,7458,0.000268,1.0,0.016739,1.016739,3791.419209
944,7459,7477,7463,0.00241,0.999999,0.021494,1.021493,423.805798
945,7477,7481,7478,0.000535,1.0,0.004771,1.00477,1878.669542
946,7481,7487,7483,0.000802,1.0,0.007152,1.007151,1256.253455
947,7487,7489,7488,0.000267,1.0,0.047655,1.047655,3922.421051
948,7489,7499,7493,0.001334,1.0,0.011905,1.011905,758.32128
949,7499,7507,7501,0.001066,1.0,0.009514,1.009514,946.797436
950,7507,7517,7509,0.001331,1.0,0.011879,1.011879,760.123414
951,7517,7523,7519,0.000798,1.0,0.007121,1.007121,1262.258256
952,7523,7529,7526,0.000797,1.0,0.021349,1.021349,1281.111425
953,7529,7537,7531,0.001062,1.0,0.00948,1.00948,950.551429
954,7537,7541,7538,0.000531,1.0,0.004737,1.004737,1893.677535
955,7541,7547,7543,0.000795,1.0,0.007101,1.007101,1266.261443
956,7547,7549,7548,0.000265,1.0,0.026025,1.026025,3872.219329
957,7549,7559,7555,0.001324,1.0,0.011822,1.011821,764.329524
958,7559,7561,7560,0.000265,1.0,0.073241,1.073241,4056.849332
959,7561,7573,7563,0.001586,0.999999,0.014163,1.014162,639.513828
960,7573,7577,7574,0.000528,1.0,0.01415,1.01415,1920.547254
961,7577,7583,7579,0.000792,1.0,0.021213,1.021213,1290.132479
962,7583,7589,7586,0.000791,1.0,0.007066,1.007066,1273.267129
963,7589,7591,7590,0.000264,1.0,0.035315,1.035315,3929.018715
964,7591,7603,7593,0.00158,0.999999,0.014113,1.014113,642.017789
965,7603,7607,7606,0.000526,1.0,0.0047,1.0047,1910.186517
966,7607,7621,7609,0.001839,0.999999,0.016433,1.016432,552.793617
967,7621,7639,7627,0.002359,0.999999,0.021089,1.021088,432.827552
968,7639,7643,7642,0.000523,1.0,0.004681,1.004681,1919.19124
969,7643,7649,7646,0.000785,1.0,0.007017,1.007017,1283.27501
970,7649,7669,7651,0.002611,0.999998,0.023352,1.02335,391.891721
971,7669,7673,7671,0.000521,1.0,0.004664,1.004664,1926.695028
972,7673,7681,7679,0.001042,1.0,0.009323,1.009322,968.570897
973,7681,7687,7682,0.000781,1.0,0.020958,1.020958,1307.506312
974,7687,7691,7689,0.00052,1.0,0.013964,1.013964,1949.092465
975,7691,7699,7694,0.00104,1.0,0.009303,1.009303,970.82285
976,7699,7703,7702,0.000519,1.0,0.004648,1.004648,1934.199062
977,7703,7717,7706,0.001816,0.999999,0.016251,1.01625,559.663435
978,7717,7723,7721,0.000777,1.0,0.006957,1.006957,1295.618107
979,7723,7727,7726,0.000518,1.0,0.004636,1.004635,1940.202174
980,7727,7741,7729,0.00181,0.999999,0.016206,1.016205,561.380703
981,7741,7753,7745,0.001549,0.999999,0.013871,1.01387,654.53762
982,7753,7757,7754,0.000516,1.0,0.004619,1.004619,1947.705792
983,7757,7759,7758,0.000258,1.0,0.011545,1.011545,3923.782313
984,7759,7789,7762,0.003859,0.999996,0.034565,1.034562,268.089042
985,7789,7793,7792,0.000513,1.0,0.018402,1.018402,1983.59324
986,7793,7817,7795,0.003075,0.999998,0.027555,1.027553,334.168546
987,7817,7823,7819,0.000767,1.0,0.006878,1.006878,1312.29739
988,7823,7829,7827,0.000767,1.0,0.006873,1.006873,1313.298412
989,7829,7841,7831,0.001532,0.999999,0.013732,1.013731,661.882002
990,7841,7853,7846,0.001529,0.999999,0.013714,1.013713,662.883916
991,7853,7867,7855,0.001781,0.999999,0.015975,1.015974,570.396883
992,7867,7873,7871,0.000762,1.0,0.006839,1.006839,1320.637353
993,7873,7877,7874,0.000508,1.0,0.013671,1.013671,1995.663795
994,7877,7879,7878,0.000254,1.0,0.015944,1.015944,4001.802721
995,7879,7883,7881,0.000508,1.0,0.013662,1.013661,1997.166461
996,7883,7901,7886,0.002281,0.999999,0.020465,1.020464,447.416528
997,7901,7907,7903,0.000759,1.0,0.006813,1.006813,1326.308078
998,7907,7919,7909,0.001516,0.999999,0.013612,1.013611,668.391918
999,7919,7927,7921,0.00101,2.0,0.004532,2.004532,1985.238153
1000,7927,7933,7929,0.000757,1.0,0.013586,1.013586,1339.622979
1001,7933,7937,7934,0.000504,1.0,0.004526,1.004526,1992.728745
1002,7937,7949,7939,0.001511,0.999999,0.013566,1.013565,670.895706
1003,7949,7951,7950,0.000252,1.0,0.024853,1.024853,4073.790115
1004,7951,7963,7957,0.001508,0.999999,0.013546,1.013545,672.064638
1005,7963,7993,7967,0.00376,0.999996,0.033779,1.033776,274.915143
1006,7993,8009,7997,0.002,0.999999,0.017971,1.01797,509.048655
1007,8009,8011,8010,0.00025,1.0,0.024687,1.024687,4103.872823
1008,8011,8017,8013,0.000749,1.0,0.00673,1.00673,1344.655238
1009,8017,8039,8021,0.00274,0.999998,0.024636,1.024634,373.897996
1010,8039,8053,8042,0.00174,0.999999,0.015647,1.015646,583.706139
1011,8053,8059,8054,0.000745,1.0,0.006699,1.006698,1351.660343
1012,8059,8069,8061,0.00124,1.0,0.011154,1.011154,815.39438
1013,8069,8081,8071,0.001486,0.999999,0.013369,1.013368,681.912204
1014,8081,8087,8083,0.000742,1.0,0.006678,1.006678,1356.330604
1015,8087,8089,8088,0.000247,1.0,0.015575,1.015575,4106.986875
1016,8089,8093,8090,0.000494,1.0,0.013346,1.013346,2049.744987
1017,8093,8101,8095,0.000988,1.0,0.008891,1.008891,1021.123673
1018,8101,8111,8102,0.001234,1.0,0.011103,1.011102,819.599455
1019,8111,8117,8114,0.000739,1.0,0.006656,1.006656,1361.334433
1020,8117,8123,8119,0.000739,1.0,0.006652,1.006652,1362.335049
1021,8123,8147,8129,0.00295,0.999998,0.026561,1.026559,347.960543
1022,8147,8161,8149,0.001717,0.999999,0.015462,1.015462,591.43365
1023,8161,8167,8163,0.000735,1.0,0.01324,1.01324,1378.681156
1024,8167,8171,8168,0.00049,1.0,0.013232,1.013232,2069.273775
1025,8171,8179,8173,0.000979,1.0,0.008816,1.008816,1030.883265
1026,8179,8191,8182,0.001466,0.999999,0.013209,1.013209,691.092537
1027,8191,8209,8193,0.002195,1.999998,0.01978,2.019778,920.120798
1028,8209,8219,8213,0.001217,1.0,0.010973,1.010973,830.413068
1029,8219,8221,8220,0.000243,1.0,0.024126,1.024126,4209.157499
1030,8221,8231,8222,0.001216,1.0,0.010959,1.010958,831.614164
1031,8231,8233,8232,0.000243,1.0,0.032856,1.032856,4251.236683
1032,8233,8237,8234,0.000486,1.0,0.013138,1.013138,2085.79792
1033,8237,8243,8238,0.000728,1.0,0.019696,1.019696,1400.382629
1034,8243,8263,8247,0.002423,0.999999,0.021853,1.021851,421.666797
1035,8263,8269,8266,0.000726,1.0,0.006547,1.006547,1386.686331
1036,8269,8273,8271,0.000484,1.0,0.008725,1.008725,2085.79086
1037,8273,8287,8278,0.001691,0.999999,0.015254,1.015253,600.449364
1038,8287,8291,8289,0.000483,1.0,0.013062,1.013062,2099.317893
1039,8291,8293,8292,0.000241,1.0,0.010882,1.010882,4191.115152
1040,8293,8297,8294,0.000482,1.0,0.030458,1.030458,2136.912853
1041,8297,8311,8299,0.001686,0.999999,0.015214,1.015213,602.166185
1042,8311,8317,8314,0.000722,1.0,0.006514,1.006513,1394.692122
1043,8317,8329,8318,0.001442,0.999999,0.013014,1.013013,702.60903
1044,8329,8353,8331,0.002877,0.999998,0.025976,1.025974,356.568446
1045,8353,8363,8354,0.001196,1.0,0.010805,1.010804,844.830097
1046,8363,8369,8367,0.000717,1.0,0.006478,1.006478,1403.365145
1047,8369,8377,8371,0.000955,1.0,0.00863,1.00863,1055.65721
1048,8377,8387,8383,0.001193,1.0,0.010778,1.010777,847.233563
1049,8387,8389,8388,0.000238,1.0,0.017233,1.017233,4266.27638
1050,8389,8419,8391,0.00357,0.999997,0.032252,1.032249,289.167058
1051,8419,8423,8422,0.000475,1.0,0.004293,1.004293,2114.288444
1052,8423,8429,8425,0.000712,1.0,0.012873,1.012873,1422.411013
1053,8429,8431,8430,0.000237,1.0,0.015012,1.015012,4278.276785
1054,8431,8443,8434,0.001422,0.999999,0.012858,1.012857,712.122886
1055,8443,8447,8444,0.000474,1.0,0.008565,1.008565,2129.332265
1056,8447,8461,8453,0.001656,0.999999,0.014974,1.014974,612.898868
1057,8461,8467,8462,0.000709,1.0,0.006411,1.006411,1419.709771
1058,8467,8501,8471,0.004008,0.999996,0.036246,1.036242,258.57248
1059,8501,8513,8503,0.001411,1.0,0.012763,1.012763,717.964371
1060,8513,8521,8518,0.000939,1.0,0.008501,1.0085,1073.674624
1061,8521,8527,8522,0.000704,1.0,0.006371,1.00637,1429.716838
1062,8527,8537,8529,0.001172,1.0,0.010609,1.010608,862.250837
1063,8537,8539,8538,0.000234,1.0,0.006361,1.006361,4296.156768
1064,8539,8543,8542,0.000468,1.0,0.00424,1.00424,2144.302594
1065,8543,8563,8545,0.002338,0.999999,0.021169,1.021168,436.702322
1066,8563,8573,8566,0.001167,1.0,0.010569,1.010569,865.855167
1067,8573,8581,8578,0.000933,1.0,0.008448,1.008447,1081.181645
1068,8581,8597,8583,0.001863,0.999999,0.016873,1.016872,545.869418
1069,8597,8599,8598,0.000233,1.0,0.006322,1.006322,4326.177777
1070,8599,8609,8603,0.001162,1.0,0.01053,1.010529,869.459479
1071,8609,8623,8611,0.001625,0.999999,0.014723,1.014722,624.488826
1072,8623,8627,8626,0.000464,1.0,0.012609,1.012609,2183.437454
1073,8627,8629,8628,0.000232,1.0,0.010504,1.010504,4359.313763
1074,8629,8641,8633,0.00139,1.0,0.012595,1.012595,728.646217
1075,8641,8647,8644,0.000694,1.0,0.012584,1.012584,1458.795677
1076,8647,8663,8651,0.001849,0.999999,0.016759,1.016758,550.002314
1077,8663,8669,8665,0.000692,1.0,0.006278,1.006278,1453.40015
1078,8669,8677,8674,0.000922,1.0,0.008364,1.008364,1093.192778
1079,8677,8681,8678,0.000461,1.0,0.00418,1.004179,2178.818393
1080,8681,8689,8683,0.000921,1.0,0.008354,1.008354,1094.693815
1081,8689,8693,8691,0.00046,1.0,0.004174,1.004174,2181.81989
1082,8693,8699,8698,0.00069,1.0,0.006259,1.006259,1458.403952
1083,8699,8707,8705,0.000919,1.0,0.008339,1.008339,1096.946346
1084,8707,8713,8709,0.000689,1.0,0.006249,1.006249,1460.738549
1085,8713,8719,8714,0.000688,1.0,0.006246,1.006245,1461.739123
1086,8719,8731,8726,0.001375,1.0,0.01248,1.01248,736.156937
1087,8731,8737,8735,0.000687,1.0,0.006234,1.006234,1464.741531
1088,8737,8741,8739,0.000458,1.0,0.008308,1.008308,2202.90095
1089,8741,8747,8743,0.000686,1.0,0.006228,1.006228,1466.409113
1090,8747,8753,8749,0.000686,1.0,0.006224,1.006224,1467.409799
1091,8753,8761,8759,0.000914,1.0,0.008293,1.008293,1103.702533
1092,8761,8779,8765,0.002052,0.999999,0.018633,1.018632,496.30006
1093,8779,8783,8781,0.000456,1.0,0.004136,1.004136,2204.330194
1094,8783,8803,8791,0.002275,0.999999,0.020656,1.020655,448.730726
1095,8803,8807,8805,0.000454,1.0,0.012379,1.012379,2228.499074
1096,8807,8819,8809,0.001362,1.0,0.012368,1.012368,743.499742
1097,8819,8821,8820,0.000227,1.0,0.053561,1.053561,4646.20413
1098,8821,8831,8825,0.001133,1.0,0.020588,1.020587,900.77031
1099,8831,8837,8833,0.000679,1.0,0.012343,1.012343,1490.505607
1100,8837,8839,8838,0.000226,1.0,0.010282,1.010282,4464.434004
1101,8839,8849,8842,0.001131,1.0,0.010275,1.010275,893.486891
1102,8849,8861,8851,0.001355,1.0,0.012316,1.012316,747.004501
1103,8861,8863,8862,0.000226,1.0,0.014359,1.014359,4494.626619
1104,8863,8867,8864,0.000451,1.0,0.020507,1.020507,2261.698617
1105,8867,8887,8871,0.002253,0.999999,0.020481,1.02048,452.939792
1106,8887,8893,8889,0.000675,1.0,0.006137,1.006137,1490.759012
1107,8893,8923,8894,0.003368,0.999997,0.030624,1.030621,306.025343
1108,8923,8929,8926,0.000672,1.0,0.006115,1.006115,1496.763166
1109,8929,8933,8931,0.000448,1.0,0.012223,1.012223,2260.041702
1110,8933,8941,8935,0.000895,1.0,0.008144,1.008144,1126.222433
1111,8941,8951,8945,0.001118,1.0,0.010171,1.010171,903.698477
1112,8951,8963,8953,0.00134,1.0,0.012191,1.012191,755.515964
1113,8963,8969,8966,0.000669,1.0,0.00609,1.00609,1503.434305
1114,8969,8971,8970,0.000223,1.0,0.03044,1.03044,4621.52454
1115,8971,8999,8977,0.003116,0.999998,0.028366,1.028364,329.994239
1116,8999,9001,9000,0.000222,1.0,0.046537,1.046537,4709.414463
1117,9001,9007,9003,0.000666,1.0,0.006068,1.006067,1509.771758
1118,9007,9011,9008,0.000444,1.0,0.016172,1.016172,2288.673325
1119,9011,9013,9012,0.000222,1.0,0.010105,1.010105,4551.531488
1120,9013,9029,9014,0.001774,0.999999,0.016152,1.016151,572.918443
1121,9029,9041,9031,0.001328,1.0,0.012098,1.012097,762.024642
1122,9041,9043,9042,0.000221,1.0,0.014105,1.014105,4584.767376
1123,9043,9049,9046,0.000663,1.0,0.006043,1.006042,1516.776524
1124,9049,9059,9053,0.001104,1.0,0.010063,1.010062,914.510483
1125,9059,9067,9061,0.000883,1.0,0.024129,1.024129,1160.20991
1126,9067,9091,9069,0.002643,0.999998,0.024089,1.024087,387.403403
1127,9091,9103,9094,0.001319,1.0,0.012024,1.012024,767.198264
1128,9103,9109,9107,0.000659,1.0,0.006007,1.006007,1526.783246
1129,9109,9127,9111,0.001974,0.999999,0.017999,1.017998,515.672135
1130,9127,9133,9131,0.000657,1.0,0.005993,1.005993,1530.785878
1131,9133,9137,9134,0.000438,1.0,0.003993,1.003993,2292.869613
1132,9137,9151,9143,0.001531,0.999999,0.013964,1.013964,662.263091
1133,9151,9157,9155,0.000655,1.0,0.005979,1.005979,1534.788504
1134,9157,9161,9158,0.000437,1.0,0.011952,1.011952,2317.117004
1135,9161,9173,9166,0.001309,1.0,0.011943,1.011942,773.039487
1136,9173,9181,9179,0.000872,1.0,0.007954,1.007954,1156.249383
1137,9181,9187,9182,0.000653,1.0,0.005961,1.005961,1539.791449
1138,9187,9199,9193,0.001305,1.0,0.011913,1.011912,775.209096
1139,9199,9203,9201,0.000435,1.0,0.003968,1.003968,2309.376923
1140,9203,9209,9206,0.000652,1.0,0.005949,1.005949,1543.460727
1141,9209,9221,9211,0.001302,1.0,0.011887,1.011886,777.044386
1142,9221,9227,9223,0.00065,1.0,0.005939,1.005938,1546.462572
1143,9227,9239,9229,0.0013,1.0,0.011866,1.011866,778.546339
1144,9239,9241,9240,0.000216,1.0,0.061271,1.061271,4903.07014
1145,9241,9257,9242,0.00173,0.999999,0.015797,1.015796,587.193437
1146,9257,9277,9259,0.002158,0.999999,0.019712,1.01971,472.482632
1147,9277,9281,9278,0.000431,1.0,0.003938,1.003938,2328.885258
1148,9281,9283,9282,0.000215,1.0,0.029528,1.029528,4778.037413
1149,9283,9293,9286,0.001077,1.0,0.009837,1.009836,937.935904
1150,9293,9311,9298,0.001935,0.999999,0.017682,1.017681,525.914687
1151,9311,9319,9313,0.000859,1.0,0.007849,1.007849,1173.51388
1152,9319,9323,9321,0.000429,1.0,0.011767,1.011767,2357.669933
1153,9323,9337,9326,0.001501,0.999999,0.013716,1.013715,675.568633
1154,9337,9341,9339,0.000428,1.0,0.011747,1.011747,2362.175721
1155,9341,9343,9342,0.000214,1.0,0.013701,1.013701,4734.995858
1156,9343,9349,9346,0.000642,1.0,0.005869,1.005869,1566.809156
1157,9349,9371,9353,0.00235,0.999999,0.021491,1.02149,434.597214
1158,9371,9377,9373,0.00064,1.0,0.017561,1.017561,1589.769885
1159,9377,9391,9379,0.001492,0.999999,0.013645,1.013645,679.431445
1160,9391,9397,9395,0.000639,1.0,0.005843,1.005843,1574.814387
1161,9397,9403,9398,0.000638,1.0,0.017518,1.017518,1594.11121
1162,9403,9413,9409,0.001063,2.0,0.004863,2.004862,1886.174257
1163,9413,9419,9415,0.000637,1.0,0.017492,1.017492,1596.783299
1164,9419,9421,9420,0.000212,1.0,0.021371,1.021371,4810.656423
1165,9421,9431,9427,0.001061,1.0,0.009709,1.009708,951.75098
1166,9431,9433,9432,0.000212,1.0,0.021347,1.021347,4816.670427
1167,9433,9437,9434,0.000424,1.0,0.01164,1.01164,2386.206085
1168,9437,9439,9438,0.000212,1.0,0.021334,1.021334,4819.677422
1169,9439,9461,9442,0.002328,0.999999,0.021308,1.021307,438.697602
1170,9461,9463,9462,0.000211,1.0,0.013546,1.013546,4795.085203
1171,9463,9467,9466,0.000423,1.0,0.003869,1.003869,2375.405321
1172,9467,9473,9469,0.000634,1.0,0.005801,1.005801,1587.488901
1173,9473,9479,9475,0.000633,1.0,0.011595,1.011595,1597.645946
1174,9479,9491,9481,0.001265,1.0,0.011585,1.011585,799.57329
1175,9491,9497,9493,0.000632,1.0,0.005788,1.005788,1591.491433
1176,9497,9511,9501,0.001473,0.999999,0.013492,1.013491,688.015804
1177,9511,9521,9517,0.001051,1.0,0.009627,1.009626,960.760485
1178,9521,9533,9523,0.00126,1.0,0.01154,1.011539,803.077712
1179,9533,9539,9535,0.000629,1.0,0.005765,1.005765,1598.495848
1180,9539,9547,9543,0.000838,1.0,0.007682,1.007682,1202.038284
1181,9547,9551,9549,0.000419,1.0,0.007678,1.007678,2405.578244
1182,9551,9587,9553,0.003762,0.999996,0.034479,1.034475,274.968912
1183,9587,9601,9589,0.001459,0.999999,0.013379,1.013378,694.4536
1184,9601,9613,9602,0.001249,1.0,0.011454,1.011453,809.752644
1185,9613,9619,9617,0.000624,1.0,0.005723,1.005722,1611.837746
1186,9619,9623,9621,0.000416,1.0,0.007626,1.007626,2423.593268
1187,9623,9629,9626,0.000623,1.0,0.005717,1.005717,1613.505349
1188,9629,9631,9630,0.000208,1.0,0.020955,1.020955,4915.898954
1189,9631,9643,9634,0.001245,1.0,0.011422,1.011422,812.255972
1190,9643,9649,9647,0.000622,1.0,0.005707,1.005707,1616.840862
1191,9649,9661,9651,0.001243,1.0,0.011403,1.011403,813.757736
1192,9661,9677,9662,0.001655,0.999999,0.015184,1.015183,613.487904
1193,9677,9679,9678,0.000207,1.0,0.00569,1.00569,4866.532763
1194,9679,9689,9683,0.001033,1.0,0.009478,1.009477,977.577783
1195,9689,9697,9691,0.000825,1.0,0.007576,1.007576,1220.803678
1196,9697,9719,9701,0.002266,0.999999,0.020803,1.020802,450.451956
1197,9719,9721,9720,0.000206,1.0,0.043454,1.043454,5071.184572
1198,9721,9733,9722,0.001234,1.0,0.011328,1.011327,819.765069
1199,9733,9739,9734,0.000616,1.0,0.016978,1.016978,1650.216602
1200,9739,9743,9742,0.000411,1.0,0.003771,1.003771,2444.434065
1201,9743,9749,9745,0.000616,1.0,0.005654,1.005654,1633.517638
1202,9749,9767,9753,0.001845,0.999999,0.016944,1.016943,551.295826
1203,9767,9769,9768,0.000205,1.0,0.028215,1.028215,5021.802937
1204,9769,9781,9771,0.001228,1.0,0.011278,1.011278,823.770098
1205,9781,9787,9783,0.000613,1.0,0.01127,1.011269,1649.043265
1206,9787,9791,9788,0.000409,1.0,0.00751,1.00751,2465.627689
1207,9791,9803,9793,0.001225,1.0,0.011256,1.011255,825.605682
1208,9803,9811,9806,0.000816,1.0,0.007497,1.007497,1235.065478
1209,9811,9817,9813,0.000611,1.0,0.005619,1.005619,1644.857926
1210,9817,9829,9818,0.001222,1.0,0.011229,1.011229,827.774899
1211,9829,9833,9830,0.000407,1.0,0.011221,1.011221,2485.329447
1212,9833,9839,9838,0.00061,1.0,0.005608,1.005608,1648.527138
1213,9839,9851,9841,0.001219,1.0,0.011207,1.011207,829.610573
1214,9851,9857,9853,0.000609,1.0,0.005599,1.005599,1651.528662
1215,9857,9859,9858,0.000203,1.0,0.01306,1.01306,4993.372202
1216,9859,9871,9862,0.001216,1.0,0.011187,1.011186,831.279372
1217,9871,9883,9874,0.001215,1.0,0.011175,1.011174,832.280589
1218,9883,9887,9886,0.000405,1.0,0.003722,1.003722,2480.44874
1219,9887,9901,9893,0.001415,0.999999,0.013017,1.013017,715.913397
1220,9901,9907,9902,0.000606,1.0,0.005574,1.005574,1659.866957
1221,9907,9923,9913,0.001614,0.999999,0.014849,1.014848,628.888564
1222,9923,9929,9925,0.000604,1.0,0.011126,1.011126,1672.738756
1223,9929,9931,9930,0.000201,1.0,0.012975,1.012975,5029.423143
1224,9931,9941,9934,0.001006,1.0,0.009263,1.009263,1002.803383
1225,9941,9949,9943,0.000804,1.0,0.007404,1.007404,1252.329356
1226,9949,9967,9953,0.001808,0.999999,0.01664,1.016639,562.427249
1227,9967,9973,9969,0.000602,1.0,0.005541,1.005541,1670.873702
1228,9973,10007,9974,0.003403,0.999997,0.031338,1.031335,303.030132
1229,10007,10009,10008,0.0002,1.0,0.020248,1.020248,5105.322474
1230,10009,10037,10015,0.002794,0.999998,0.025734,1.025732,367.175194
1231,10037,10039,10038,0.000199,1.0,0.012851,1.012851,5083.498866
1232,10039,10061,10041,0.002189,0.999999,0.020171,1.02017,466.031884
1233,10061,10067,10063,0.000596,1.0,0.005495,1.005495,1686.549755
1234,10067,10069,10068,0.000199,1.0,0.009155,1.009155,5080.085521
1235,10069,10079,10073,0.000993,1.0,0.00915,1.00915,1016.617283
1236,10079,10091,10081,0.00119,1.0,0.010969,1.010969,849.634678
1237,10091,10093,10092,0.000198,1.0,0.014617,1.014617,5119.75592
1238,10093,10099,10097,0.000594,1.0,0.005479,1.005479,1691.886462
1239,10099,10103,10102,0.000396,1.0,0.003651,1.003651,2534.470357
1240,10103,10111,10109,0.000792,1.0,0.007299,1.007299,1272.595918
1241,10111,10133,10113,0.002173,0.999999,0.020043,1.020042,469.311762
1242,10133,10139,10135,0.000592,1.0,0.00546,1.00546,1698.556886
1243,10139,10141,10140,0.000197,1.0,0.030929,1.030929,5226.81207
1244,10141,10151,10145,0.000986,1.0,0.009092,1.009092,1023.824408
1245,10151,10159,10154,0.000788,1.0,0.007268,1.007268,1278.60036
1246,10159,10163,10162,0.000394,1.0,0.003632,1.003632,2549.476279
1247,10163,10169,10167,0.00059,1.0,0.005446,1.005446,1703.560039
1248,10169,10177,10171,0.000786,1.0,0.007256,1.007256,1280.852034
1249,10177,10181,10178,0.000393,1.0,0.010879,1.010879,2572.43382
1250,10181,10193,10183,0.001178,1.0,0.010871,1.010871,858.144749
1251,10193,10211,10201,0.001764,1.999999,0.008143,2.008142,1138.169936
1252,10211,10223,10213,0.001175,1.0,0.010842,1.010842,860.647692
1253,10223,10243,10226,0.001954,0.999999,0.018045,1.018044,520.882037
1254,10243,10247,10245,0.00039,1.0,0.010816,1.010816,2588.953505
1255,10247,10253,10249,0.000585,1.0,0.005406,1.005406,1717.568074
1256,10253,10259,10254,0.000585,1.0,0.016209,1.016209,1737.039408
1257,10259,10267,10261,0.000779,1.0,0.0072,1.007199,1292.110846
1258,10267,10271,10268,0.00039,1.0,0.01799,1.01799,2613.433808
1259,10271,10273,10272,0.000195,1.0,0.019784,1.019784,5237.608882
1260,10273,10289,10277,0.001556,0.999999,0.014376,1.014376,651.799645
1261,10289,10301,10291,0.001166,1.0,0.010769,1.010769,867.155303
1262,10301,10303,10302,0.000194,1.0,0.012557,1.012557,5215.680589
1263,10303,10313,10306,0.00097,1.0,0.008964,1.008964,1040.040158
1264,10313,10321,10315,0.000775,1.0,0.007166,1.007166,1298.866096
1265,10321,10331,10327,0.000968,1.0,0.008951,1.00895,1041.842194
1266,10331,10333,10332,0.000194,1.0,0.030416,1.030416,5323.130955
1267,10333,10337,10334,0.000387,1.0,0.003577,1.003577,2592.993066
1268,10337,10343,10342,0.00058,1.0,0.005364,1.005364,1732.577108
1269,10343,10357,10345,0.001353,1.0,0.012504,1.012504,748.529522
1270,10357,10369,10358,0.001158,1.0,0.010706,1.010706,872.828462
1271,10369,10391,10371,0.002119,0.999999,0.019598,1.019597,481.064244
1272,10391,10399,10393,0.00077,1.0,0.007118,1.007118,1308.623631
1273,10399,10427,10401,0.002689,0.999998,0.024872,1.02487,381.141618
1274,10427,10429,10428,0.000192,1.0,0.01952,1.01952,5315.774684
1275,10429,10433,10431,0.000383,1.0,0.01774,1.01774,2654.012559
1276,10433,10453,10435,0.001915,0.999999,0.017721,1.01772,531.402282
1277,10453,10457,10454,0.000383,1.0,0.003541,1.003541,2623.004612
1278,10457,10459,10458,0.000191,1.0,0.01947,1.01947,5330.806284
1279,10459,10463,10462,0.000382,1.0,0.003539,1.003539,2624.505377
1280,10463,10477,10466,0.001337,1.0,0.012377,1.012376,757.112584
1281,10477,10487,10481,0.000954,1.0,0.008832,1.008831,1057.457001
1282,10487,10499,10489,0.001144,1.0,0.010588,1.010587,883.674368
1283,10499,10501,10500,0.00019,1.0,0.040564,1.040564,5462.959939
1284,10501,10513,10511,0.001142,1.0,0.010576,1.010576,884.84313
1285,10513,10529,10517,0.001521,0.999999,0.014083,1.014083,666.822741
1286,10529,10531,10530,0.00019,1.0,0.033424,1.033424,5440.977625
1287,10531,10559,10533,0.002655,0.999998,0.024594,1.024592,385.868526
1288,10559,10567,10561,0.000757,1.0,0.007017,1.007017,1329.639671
1289,10567,10589,10573,0.00208,0.999999,0.019271,1.01927,490.083547
1290,10589,10597,10594,0.000755,1.0,0.006999,1.006999,1333.392791
1291,10597,10601,10599,0.000377,1.0,0.003498,1.003498,2659.018389
1292,10601,10607,10603,0.000566,1.0,0.005245,1.005244,1776.602037
1293,10607,10613,10609,0.000566,2.0,0.002621,2.002621,3541.301144
1294,10613,10627,10617,0.001318,1.0,0.012221,1.01222,767.841201
1295,10627,10631,10628,0.000376,1.0,0.006978,1.006978,2675.792369
1296,10631,10639,10637,0.000752,1.0,0.006975,1.006975,1338.646843
1297,10639,10651,10641,0.001127,1.0,0.010453,1.010452,896.355427
1298,10651,10657,10655,0.000563,1.0,0.005223,1.005223,1784.940263
1299,10657,10663,10661,0.000563,1.0,0.00522,1.00522,1785.940827
1300,10663,10667,10666,0.000375,1.0,0.003479,1.003479,2675.524691
1301,10667,10687,10669,0.001873,0.999999,0.017374,1.017373,543.124473
1302,10687,10691,10689,0.000374,1.0,0.010415,1.010415,2700.080787
1303,10691,10709,10694,0.001682,0.999999,0.015607,1.015606,603.721322
1304,10709,10711,10710,0.000187,1.0,0.039853,1.039853,5568.415401
1305,10711,10723,10713,0.00112,1.0,0.01039,1.01039,902.362173
1306,10723,10729,10727,0.000559,1.0,0.005191,1.005191,1796.946999
1307,10729,10733,10732,0.000373,1.0,0.006919,1.006919,2701.311846
1308,10733,10739,10737,0.000559,1.0,0.010374,1.010374,1807.896049
1309,10739,10753,10741,0.001303,1.0,0.012092,1.012092,776.852818
1310,10753,10771,10757,0.001673,0.999999,0.015527,1.015526,607.171643
1311,10771,10781,10774,0.000928,1.0,0.008616,1.008616,1086.884582
1312,10781,10789,10783,0.000742,1.0,0.006888,1.006888,1357.410479
1313,10789,10799,10793,0.000926,1.0,0.008604,1.008603,1088.686344
1314,10799,10831,10801,0.002959,0.999998,0.02748,1.027478,347.255158
1315,10831,10837,10834,0.000554,1.0,0.005145,1.005145,1814.956927
1316,10837,10847,10838,0.000922,1.0,0.008569,1.008569,1093.490506
1317,10847,10853,10849,0.000553,1.0,0.005138,1.005138,1817.624977
1318,10853,10859,10855,0.000553,1.0,0.015407,1.015407,1837.210292
1319,10859,10861,10860,0.000184,1.0,0.018825,1.018825,5532.221196
1320,10861,10867,10862,0.000552,1.0,0.005132,1.005132,1819.959508
1321,10867,10883,10869,0.001471,0.999999,0.013673,1.013673,688.98068
1322,10883,10889,10886,0.000551,1.0,0.005123,1.005123,1823.628382
1323,10889,10891,10890,0.000184,1.0,0.029022,1.029022,5603.025142
1324,10891,10903,10893,0.001101,1.0,0.010237,1.010237,917.378842
1325,10903,10909,10907,0.00055,1.0,0.005115,1.005115,1826.963643
1326,10909,10937,10911,0.002563,0.999998,0.023833,1.023832,399.403815
1327,10937,10939,10938,0.000183,1.0,0.005101,1.005101,5496.899934
1328,10939,10949,10942,0.000914,1.0,0.008498,1.008498,1103.700059
1329,10949,10957,10951,0.00073,1.0,0.006794,1.006793,1378.425943
1330,10957,10973,10958,0.001459,0.999999,0.013573,1.013573,694.613839
1331,10973,10979,10977,0.000547,1.0,0.005086,1.005086,1838.636709
1332,10979,10987,10981,0.000728,1.0,0.006777,1.006777,1382.178679
1333,10987,10993,10991,0.000546,1.0,0.00508,1.00508,1840.971317
1334,10993,11003,10997,0.000909,1.0,0.008461,1.008461,1109.105075
1335,11003,11027,11006,0.002179,0.999999,0.020277,1.020276,468.263803
1336,11027,11047,11029,0.001812,0.999999,0.016867,1.016867,561.157679
1337,11047,11057,11051,0.000905,1.0,0.008424,1.008424,1114.509975
1338,11057,11059,11058,0.000181,1.0,0.011788,1.011788,5594.176306
1339,11059,11069,11062,0.000904,1.0,0.008416,1.008416,1115.71097
1340,11069,11071,11070,0.000181,1.0,0.025236,1.025236,5674.67985
1341,11071,11083,11073,0.001083,1.0,0.010088,1.010088,932.395237
1342,11083,11087,11085,0.000361,1.0,0.010082,1.010082,2799.189924
1343,11087,11093,11089,0.000541,1.0,0.005039,1.005039,1857.646862
1344,11093,11113,11099,0.001801,0.999999,0.016779,1.016778,564.46401
1345,11113,11117,11114,0.00036,1.0,0.003353,1.003353,2788.065841
1346,11117,11119,11118,0.00018,1.0,0.011731,1.011731,5624.214185
1347,11119,11131,11126,0.001079,1.0,0.01005,1.01005,936.400014
1348,11131,11149,11138,0.001616,0.999999,0.015056,1.015056,628.206468
1349,11149,11159,11153,0.000897,1.0,0.008355,1.008355,1124.719165
1350,11159,11161,11160,0.000179,1.0,0.038416,1.038416,5794.362039
1351,11161,11171,11162,0.000896,1.0,0.008347,1.008347,1125.919972
1352,11171,11173,11172,0.000179,1.0,0.028367,1.028367,5744.459761
1353,11173,11177,11174,0.000358,1.0,0.010009,1.010009,2821.713915
1354,11177,11197,11179,0.001788,0.999999,0.016665,1.016665,568.671196
1355,11197,11213,11199,0.001428,0.999999,0.013313,1.013313,709.635604
1356,11213,11239,11215,0.002316,0.999999,0.021597,1.021596,441.093466
1357,11239,11243,11241,0.000356,1.0,0.006638,1.006638,2828.904528
1358,11243,11251,11246,0.000711,1.0,0.006635,1.006635,1415.202531
1359,11251,11257,11255,0.000533,1.0,0.004973,1.004973,1884.995057
1360,11257,11261,11258,0.000355,1.0,0.009943,1.009943,2842.736384
1361,11261,11273,11263,0.001065,1.0,0.009936,1.009936,948.24559
1362,11273,11279,11278,0.000532,1.0,0.004965,1.004965,1888.663765
1363,11279,11287,11281,0.000709,1.0,0.006616,1.006616,1419.705639
1364,11287,11299,11291,0.001063,1.0,0.009916,1.009916,950.41474
1365,11299,11311,11301,0.001061,1.0,0.009906,1.009906,951.415626
1366,11311,11317,11314,0.00053,1.0,0.00495,1.00495,1895.000286
1367,11317,11321,11318,0.000353,1.0,0.003299,1.003299,2839.084032
1368,11321,11329,11327,0.000706,1.0,0.006594,1.006594,1424.959709
1369,11329,11351,11333,0.00194,0.999999,0.018111,1.01811,524.789373
1370,11351,11353,11352,0.000176,1.0,0.024675,1.024675,5816.05718
1371,11353,11369,11357,0.001408,1.0,0.01315,1.01315,719.39962
1372,11369,11383,11371,0.001231,1.0,0.011493,1.011493,821.90984
1373,11383,11393,11386,0.000878,1.0,0.008202,1.008202,1148.139847
1374,11393,11399,11395,0.000527,1.0,0.014754,1.014754,1927.355948
1375,11399,11411,11401,0.001052,1.0,0.009829,1.009829,959.757772
1376,11411,11423,11413,0.001051,1.0,0.00982,1.009819,960.758825
1377,11423,11437,11429,0.001225,1.0,0.011445,1.011444,825.772072
1378,11437,11443,11441,0.000524,1.0,0.004901,1.004901,1916.011451
1379,11443,11447,11444,0.000349,1.0,0.006532,1.006532,2879.940325
1380,11447,11467,11449,0.001746,1.999999,0.008157,2.008156,1150.371822
1381,11467,11471,11469,0.000349,1.0,0.00326,1.00326,2876.597287
1382,11471,11483,11474,0.001046,1.0,0.009774,1.009774,965.764157
1383,11483,11489,11485,0.000522,1.0,0.004884,1.004884,1923.681956
1384,11489,11491,11490,0.000174,1.0,0.011392,1.011392,5810.444569
1385,11491,11497,11493,0.000522,1.0,0.009761,1.009761,1934.36548
1386,11497,11503,11498,0.000522,1.0,0.004878,1.004878,1926.016421
1387,11503,11519,11507,0.00139,1.0,0.012997,1.012997,728.787748
1388,11519,11527,11521,0.000694,1.0,0.006493,1.006493,1449.726695
1389,11527,11549,11531,0.001907,0.999999,0.017833,1.017832,533.806704
1390,11549,11551,11550,0.000173,1.0,0.037256,1.037256,5990.152079
1391,11551,11579,11553,0.002421,0.999999,0.022649,1.022647,422.389608
1392,11579,11587,11581,0.000691,1.0,0.006463,1.006463,1457.231891
1393,11587,11593,11589,0.000518,1.0,0.004844,1.004844,1941.024306
1394,11593,11597,11595,0.000345,1.0,0.009685,1.009685,2926.824873
1395,11597,11617,11599,0.001723,0.999999,0.016126,1.016125,589.7081
1396,11617,11621,11619,0.000344,1.0,0.006445,1.006445,2923.470679
1397,11621,11633,11623,0.001032,1.0,0.009661,1.009661,978.277064
1398,11633,11657,11639,0.002061,0.999999,0.019295,1.019294,494.569763
1399,11657,11677,11659,0.001714,0.999999,0.016052,1.016051,592.713262
1400,11677,11681,11678,0.000342,1.0,0.003208,1.003208,2929.115348
1401,11681,11689,11683,0.000685,1.0,0.006412,1.006412,1469.990662
1402,11689,11699,11693,0.000855,1.0,0.00801,1.00801,1178.766461
1403,11699,11701,11700,0.000171,1.0,0.041633,1.041633,6093.55089
1404,11701,11717,11702,0.001366,1.0,0.0128,1.0128,741.17956
1405,11717,11719,11718,0.000171,1.0,0.023986,1.023986,5999.533164
1406,11719,11731,11721,0.001023,1.0,0.009589,1.009589,986.45213
1407,11731,11743,11733,0.001022,1.0,0.00958,1.00958,987.453153
1408,11743,11777,11747,0.002891,0.999998,0.027094,1.027092,355.252742
1409,11777,11779,11778,0.00017,1.0,0.011142,1.011142,5954.617864
1410,11779,11783,11782,0.00034,1.0,0.009549,1.009549,2973.372871
1411,11783,11789,11785,0.000509,1.0,0.004772,1.004772,1973.707746
1412,11789,11801,11791,0.001017,1.0,0.009538,1.009538,992.291419
1413,11801,11807,11806,0.000508,1.0,0.004766,1.004766,1976.709527
1414,11807,11813,11809,0.000508,1.0,0.009527,1.009527,1987.086398
1415,11813,11821,11819,0.000677,1.0,0.006348,1.006348,1486.502238
1416,11821,11827,11822,0.000507,1.0,0.014276,1.014276,1998.79965
1417,11827,11831,11829,0.000338,1.0,0.003171,1.003171,2966.628197
1418,11831,11833,11832,0.000169,1.0,0.023779,1.023779,6056.678389
1419,11833,11839,11834,0.000507,1.0,0.014263,1.014263,2000.802694
1420,11839,11863,11841,0.002025,0.999999,0.018995,1.018993,503.170315
1421,11863,11867,11864,0.000337,1.0,0.009488,1.009488,2994.393679
1422,11867,11887,11881,0.001684,1.999999,0.0079,2.007899,1192.390579
1423,11887,11897,11893,0.000841,1.0,0.007891,1.007891,1198.583425
1424,11897,11903,11899,0.000504,1.0,0.004732,1.004731,1992.717375
1425,11903,11909,11905,0.000504,1.0,0.004729,1.004729,1993.717879
1426,11909,11923,11911,0.001175,1.0,0.011027,1.011026,860.527683
1427,11923,11927,11926,0.000335,1.0,0.009446,1.009445,3009.409317
1428,11927,11933,11929,0.000503,1.0,0.004721,1.004721,1997.719893
1429,11933,11939,11937,0.000503,1.0,0.014157,1.014157,2017.49536
1430,11939,11941,11940,0.000168,1.0,0.017297,1.017297,6073.264087
1431,11941,11953,11945,0.001004,1.0,0.00943,1.009429,1004.971067
1432,11953,11959,11957,0.000502,1.0,0.004712,1.004712,2002.055572
1433,11959,11969,11962,0.000836,1.0,0.007848,1.007848,1205.789212
1434,11969,11971,11970,0.000167,1.0,0.036086,1.036086,6200.973597
1435,11971,11981,11974,0.000835,1.0,0.007841,1.007841,1206.990215
1436,11981,11987,11983,0.000501,1.0,0.004702,1.004702,2006.724411
1437,11987,12007,11989,0.001667,0.999999,0.015657,1.015656,609.241189
1438,12007,12011,12009,0.000333,1.0,0.003129,1.003129,3011.643301
1439,12011,12037,12013,0.002162,0.999999,0.020312,1.020311,471.854562
1440,12037,12041,12039,0.000332,1.0,0.003122,1.003122,3019.145796
1441,12041,12043,12042,0.000166,1.0,0.010924,1.010924,6086.773035
1442,12043,12049,12047,0.000498,1.0,0.00468,1.00468,2017.063072
1443,12049,12071,12053,0.001824,0.999999,0.017142,1.017141,557.578279
1444,12071,12073,12072,0.000166,1.0,0.0109,1.0109,6101.790453
1445,12073,12097,12074,0.001986,0.999999,0.018665,1.018664,512.939814
1446,12097,12101,12098,0.000331,1.0,0.009324,1.009324,3052.952276
1447,12101,12107,12106,0.000496,1.0,0.00466,1.00466,2026.734625
1448,12107,12109,12108,0.000165,1.0,0.007765,1.007765,6101.008053
1449,12109,12113,12111,0.00033,1.0,0.009316,1.009316,3055.955498
1450,12113,12119,12115,0.000495,1.0,0.004656,1.004656,2028.735368
1451,12119,12143,12127,0.001978,0.999999,0.018603,1.018602,514.860864
1452,12143,12149,12146,0.000494,1.0,0.004646,1.004646,2033.737924
1453,12149,12157,12151,0.000658,1.0,0.006191,1.006191,1528.529947
1454,12157,12161,12158,0.000329,1.0,0.003094,1.003094,3049.155633
1455,12161,12163,12162,0.000164,1.0,0.00464,1.00464,6109.21816
1456,12163,12197,12167,0.002791,1.999997,0.026258,2.026255,725.8755
1457,12197,12203,12199,0.000492,1.0,0.004627,1.004627,2042.742279
1458,12203,12211,12205,0.000655,1.0,0.006167,1.006167,1535.284383
1459,12211,12227,12217,0.001309,1.0,0.012323,1.012322,773.097647
1460,12227,12239,12229,0.000981,1.0,0.009232,1.009232,1028.827905
1461,12239,12241,12240,0.000163,1.0,0.044602,1.044602,6392.961418
1462,12241,12251,12242,0.000817,1.0,0.007686,1.007686,1234.012356
1463,12251,12253,12252,0.000163,1.0,0.007683,1.007683,6173.067168
1464,12253,12263,12262,0.000816,1.0,0.00768,1.00768,1235.213988
1465,12263,12269,12266,0.000489,1.0,0.004605,1.004605,2053.747757
1466,12269,12277,12271,0.000652,1.0,0.006137,1.006137,1543.539777
1467,12277,12281,12279,0.000326,1.0,0.003067,1.003067,3079.165537
1468,12281,12289,12283,0.000651,1.0,0.006132,1.006132,1545.040754
1469,12289,12301,12293,0.000976,1.0,0.009191,1.009191,1033.999793
1470,12301,12323,12302,0.001787,0.999999,0.016828,1.016827,569.053285
1471,12323,12329,12326,0.000487,1.0,0.004585,1.004585,2063.752637
1472,12329,12343,12333,0.001135,1.0,0.010691,1.01069,890.562513
1473,12343,12347,12346,0.000324,1.0,0.003053,1.003053,3095.670979
1474,12347,12373,12349,0.002104,0.999999,0.019818,1.019817,484.805245
1475,12373,12377,12374,0.000323,1.0,0.009138,1.009138,3122.019951
1476,12377,12379,12378,0.000162,1.0,0.004568,1.004568,6217.270974
1477,12379,12391,12381,0.000969,1.0,0.009131,1.009131,1041.506929
1478,12391,12401,12394,0.000807,1.0,0.007603,1.007603,1249.024699
1479,12401,12409,12403,0.000645,1.0,0.006079,1.006079,1560.050479
1480,12409,12413,12411,0.000322,1.0,0.01519,1.01519,3149.881585
1481,12413,12421,12417,0.000644,1.0,0.006073,1.006073,1561.551607
1482,12421,12433,12422,0.000966,1.0,0.009103,1.009103,1045.010236
1483,12433,12437,12434,0.000322,1.0,0.003033,1.003033,3118.178083
1484,12437,12451,12439,0.001125,1.0,0.010608,1.010607,898.28536
1485,12451,12457,12453,0.000482,1.0,0.013629,1.013629,2103.955657
1486,12457,12473,12458,0.001284,1.0,0.012104,1.012104,788.49219
1487,12473,12479,12477,0.000481,1.0,0.004536,1.004536,2088.764815
1488,12479,12487,12481,0.000641,1.0,0.006045,1.006045,1569.806749
1489,12487,12491,12489,0.00032,1.0,0.009063,1.009063,3150.547704
1490,12491,12497,12494,0.00048,1.0,0.00453,1.00453,2091.766177
1491,12497,12503,12499,0.00048,1.0,0.004528,1.004528,2092.766577
1492,12503,12511,12509,0.00064,1.0,0.006035,1.006034,1572.80899
1493,12511,12517,12514,0.000479,1.0,0.004524,1.004523,2095.10111
1494,12517,12527,12521,0.000799,1.0,0.007535,1.007535,1261.634896
1495,12527,12539,12531,0.000957,1.0,0.009035,1.009034,1053.852308
1496,12539,12541,12540,0.000159,1.0,0.034616,1.034616,6487.04356
1497,12541,12547,12542,0.000478,1.0,0.004514,1.004514,2100.103346
1498,12547,12553,12548,0.000478,1.0,0.009024,1.009024,2110.54114
1499,12553,12569,12554,0.001274,1.0,0.012022,1.012021,794.49987
1500,12569,12577,12571,0.000636,1.0,0.006006,1.006006,1581.063936
1501,12577,12583,12581,0.000477,1.0,0.004502,1.004502,2106.106451
1502,12583,12589,12587,0.000477,1.0,0.0045,1.0045,2107.106928
1503,12589,12601,12598,0.000953,1.0,0.008995,1.008995,1059.024309
1504,12601,12611,12602,0.000793,1.0,0.00749,1.00749,1270.041346
1505,12611,12613,12612,0.000159,1.0,0.007487,1.007487,6353.211967
1506,12613,12619,12617,0.000476,1.0,0.013473,1.013473,2130.994909
1507,12619,12637,12622,0.001425,0.999999,0.01346,1.01346,710.998277
1508,12637,12641,12638,0.000316,1.0,0.008967,1.008967,3188.083285
1509,12641,12647,12643,0.000475,1.0,0.004482,1.004482,2116.778034
1510,12647,12653,12651,0.000474,1.0,0.00448,1.00448,2117.778667
1511,12653,12659,12655,0.000474,1.0,0.004478,1.004478,2118.778983
1512,12659,12671,12661,0.000947,1.0,0.00895,1.00895,1064.862633
1513,12671,12689,12674,0.00142,0.999999,0.013411,1.013411,713.891279
1514,12689,12697,12693,0.00063,1.0,0.005955,1.005955,1596.073596
1515,12697,12703,12701,0.000472,1.0,0.004464,1.004464,2126.115945
1516,12703,12713,12706,0.000787,1.0,0.007436,1.007436,1280.249567
1517,12713,12721,12715,0.000629,1.0,0.005945,1.005945,1599.075328
1518,12721,12739,12722,0.001414,1.0,0.013364,1.013363,716.672839
1519,12739,12743,12741,0.000314,1.0,0.008903,1.008903,3213.607637
1520,12743,12757,12745,0.001098,1.0,0.01038,1.010379,920.166814
1521,12757,12763,12758,0.00047,1.0,0.004445,1.004445,2136.120424
1522,12763,12781,12769,0.001409,1.999999,0.006662,2.006662,1423.837873
1523,12781,12791,12783,0.000782,1.0,0.007395,1.007395,1288.055611
1524,12791,12799,12793,0.000625,1.0,0.005913,1.005913,1608.831445
1525,12799,12809,12807,0.000781,1.0,0.014773,1.014773,1299.315234
1526,12809,12821,12811,0.000936,1.0,0.008857,1.008856,1077.374414
1527,12821,12823,12822,0.000156,1.0,0.004426,1.004426,6439.376701
1528,12823,12829,12827,0.000468,1.0,0.004425,1.004425,2147.125818
1529,12829,12841,12833,0.000935,1.0,0.008844,1.008844,1079.042797
1530,12841,12853,12842,0.000934,1.0,0.008837,1.008837,1080.043498
1531,12853,12889,12854,0.002797,0.999998,0.026463,1.026461,366.988256
1532,12889,12893,12891,0.00031,1.0,0.002937,1.002937,3232.214181
1533,12893,12899,12895,0.000465,1.0,0.004404,1.004403,2158.797773
1534,12899,12907,12902,0.00062,1.0,0.005868,1.005868,1622.339931
1535,12907,12911,12909,0.00031,1.0,0.008799,1.008799,3255.646937
1536,12911,12917,12913,0.000465,1.0,0.004398,1.004398,2161.799168
1537,12917,12919,12918,0.000155,1.0,0.004397,1.004397,6487.399079
1538,12919,12923,12921,0.00031,1.0,0.008792,1.008792,3258.649724
1539,12923,12941,12929,0.001392,1.0,0.013177,1.013177,727.911209
1540,12941,12953,12946,0.000927,1.0,0.008776,1.008776,1088.3849
1541,12953,12959,12955,0.000463,1.0,0.004385,1.004385,2168.802416
1542,12959,12967,12961,0.000617,1.0,0.005844,1.005844,1629.844494
1543,12967,12973,12968,0.000463,1.0,0.013143,1.013143,2190.077233
1544,12973,12979,12977,0.000462,1.0,0.004379,1.004379,2172.137446
1545,12979,12983,12981,0.000308,1.0,0.002918,1.002918,3254.721139
1546,12983,13001,12989,0.001385,1.0,0.013123,1.013122,731.249174
1547,13001,13003,13002,0.000154,1.0,0.0102,1.0102,6567.309958
1548,13003,13007,13004,0.000308,1.0,0.005827,1.005827,3270.195922
1549,13007,13009,13008,0.000154,1.0,0.013109,1.013109,6589.259827
1550,13009,13033,13011,0.001843,0.999999,0.017461,1.017461,552.014603
1551,13033,13037,13036,0.000307,1.0,0.005815,1.005815,3277.700838
1552,13037,13043,13042,0.00046,1.0,0.00436,1.00436,2182.80911
1553,13043,13049,13045,0.00046,1.0,0.004358,1.004358,2183.80934
1554,13049,13063,13051,0.001072,1.0,0.010162,1.010162,942.047691
1555,13063,13093,13067,0.002294,0.999999,0.021742,1.02174,445.410414
1556,13093,13099,13094,0.000458,1.0,0.004343,1.004343,2192.146423
1557,13099,13103,13102,0.000305,1.0,0.002895,1.002895,3284.730418
1558,13103,13109,13105,0.000458,1.0,0.00434,1.00434,2193.81393
1559,13109,13121,13111,0.000915,1.0,0.008675,1.008675,1102.397569
1560,13121,13127,13123,0.000457,1.0,0.004335,1.004335,2196.815303
1561,13127,13147,13129,0.001522,0.999999,0.014436,1.014436,666.332071
1562,13147,13151,13149,0.000304,1.0,0.008655,1.008655,3315.702202
1563,13151,13159,13153,0.000608,1.0,0.005768,1.005768,1653.859202
1564,13159,13163,13162,0.000304,1.0,0.002883,1.002883,3299.734988
1565,13163,13171,13165,0.000608,1.0,0.005763,1.005763,1655.360115
1566,13171,13177,13173,0.000455,1.0,0.00432,1.00432,2205.152439
1567,13177,13183,13181,0.000455,1.0,0.008637,1.008637,2215.639578
1568,13183,13187,13186,0.000303,1.0,0.008634,1.008634,3324.710632
1569,13187,13217,13191,0.002272,0.999999,0.021559,1.021557,449.553199
1570,13217,13219,13218,0.000151,1.0,0.004307,1.004307,6637.467954
1571,13219,13229,13223,0.000756,1.0,0.007176,1.007176,1331.889461
1572,13229,13241,13231,0.000907,1.0,0.008605,1.008605,1112.406682
1573,13241,13249,13247,0.000604,1.0,0.005733,1.005733,1665.116325
1574,13249,13259,13253,0.000754,1.0,0.007162,1.007161,1334.891728
1575,13259,13267,13261,0.000603,1.0,0.005726,1.005726,1667.367382
1576,13267,13291,13269,0.001807,0.999999,0.017158,1.017157,562.78425
1577,13291,13297,13295,0.000451,1.0,0.004285,1.004285,2225.16166
1578,13297,13309,13301,0.000902,1.0,0.008566,1.008565,1118.078627
1579,13309,13313,13310,0.000301,1.0,0.019976,1.019976,3394.223796
1580,13313,13327,13315,0.001051,1.0,0.009981,1.009981,960.924868
1581,13327,13331,13329,0.0003,1.0,0.0057,1.0057,3351.245295
1582,13331,13337,13333,0.00045,1.0,0.004274,1.004274,2231.831181
1583,13337,13339,13338,0.00015,1.0,0.021364,1.021364,6811.475536
1584,13339,13367,13341,0.002097,0.999999,0.019918,1.019917,486.390755
1585,13367,13381,13369,0.001047,1.0,0.009945,1.009945,964.786059
1586,13381,13397,13382,0.001195,1.0,0.011355,1.011354,846.313767
1587,13397,13399,13398,0.000149,1.0,0.021278,1.021278,6841.542861
1588,13399,13411,13402,0.000895,1.0,0.008507,1.008507,1126.586194
1589,13411,13417,13415,0.000447,1.0,0.004251,1.004251,2245.170646
1590,13417,13421,13418,0.000298,1.0,0.002833,1.002833,3364.254253
1591,13421,13441,13423,0.001489,0.999999,0.014153,1.014153,681.054229
1592,13441,13451,13443,0.000744,1.0,0.00707,1.00707,1354.105966
1593,13451,13457,13453,0.000446,1.0,0.00424,1.00424,2251.840142
1594,13457,13463,13459,0.000446,1.0,0.004238,1.004238,2252.840588
1595,13463,13469,13465,0.000446,1.0,0.004236,1.004236,2253.841034
1596,13469,13477,13471,0.000594,1.0,0.005646,1.005646,1693.633097
1597,13477,13487,13479,0.000742,1.0,0.007053,1.007053,1357.708641
1598,13487,13499,13493,0.000889,1.0,0.008458,1.008457,1133.926297
1599,13499,13513,13501,0.001037,1.0,0.009858,1.009858,974.224459
1600,13513,13523,13517,0.00074,1.0,0.007036,1.007036,1361.311457
1601,13523,13537,13526,0.001035,1.0,0.009843,1.009843,975.940596
1602,13537,13553,13539,0.001181,1.0,0.011238,1.011237,856.075436
1603,13553,13567,13555,0.001032,1.0,0.009823,1.009823,978.085595
1604,13567,13577,13569,0.000737,1.0,0.007011,1.007011,1366.715297
1605,13577,13591,13579,0.001031,1.0,0.009808,1.009807,979.801651
1606,13591,13597,13595,0.000441,1.0,0.004201,1.004201,2275.183977
1607,13597,13613,13603,0.001176,1.0,0.011194,1.011193,859.830154
1608,13613,13619,13614,0.000441,1.0,0.012584,1.012584,2297.889748
1609,13619,13627,13621,0.000587,1.0,0.00559,1.00559,1712.394172
1610,13627,13633,13631,0.00044,1.0,0.004191,1.004191,2281.186622
1611,13633,13649,13637,0.001173,1.0,0.011167,1.011167,862.082651
1612,13649,13669,13654,0.001464,0.999999,0.013942,1.013942,692.4713
1613,13669,13679,13673,0.000731,1.0,0.013929,1.013929,1386.446113
1614,13679,13681,13680,0.000146,1.0,0.040378,1.040378,7116.186967
1615,13681,13687,13682,0.000438,1.0,0.004176,1.004176,2290.190357
1616,13687,13691,13690,0.000292,1.0,0.013915,1.013915,3469.872007
1617,13691,13693,13692,0.000146,1.0,0.015304,1.015304,6950.770188
1618,13693,13697,13694,0.000292,1.0,0.008346,1.008346,3452.324042
1619,13697,13709,13701,0.000876,1.0,0.008341,1.008341,1151.441599
1620,13709,13711,13710,0.000146,1.0,0.009727,1.009727,6921.681117
1621,13711,13721,13714,0.000729,1.0,0.006945,1.006945,1381.125929
1622,13721,13723,13722,0.000146,1.0,0.004166,1.004166,6889.580218
1623,13723,13729,13726,0.000437,1.0,0.004165,1.004164,2297.193568
1624,13729,13751,13733,0.001601,0.999999,0.015255,1.015255,634.072478
1625,13751,13757,13753,0.000436,1.0,0.004157,1.004157,2301.8622
1626,13757,13759,13758,0.000145,1.0,0.004156,1.004156,6907.588079
1627,13759,13763,13762,0.000291,1.0,0.00831,1.00831,3468.838902
1628,13763,13781,13765,0.001307,1.0,0.012456,1.012455,774.64056
1629,13781,13789,13787,0.00058,1.0,0.005532,1.005531,1732.656288
1630,13789,13799,13791,0.000725,1.0,0.00691,1.00691,1388.93153
1631,13799,13807,13801,0.00058,1.0,0.005525,1.005525,1734.907303
1632,13807,13829,13809,0.001592,0.999999,0.015178,1.015177,637.623454
1633,13829,13831,13830,0.000145,1.0,0.009652,1.009652,6981.74212
1634,13831,13841,13834,0.000723,1.0,0.006891,1.006891,1393.134644
1635,13841,13859,13843,0.0013,1.0,0.012393,1.012392,778.979546
1636,13859,13873,13861,0.00101,1.0,0.009629,1.009629,999.965069
1637,13873,13877,13876,0.000288,1.0,0.005499,1.005499,3487.825736
1638,13877,13879,13878,0.000144,1.0,0.009622,1.009622,7005.766373
1639,13879,13883,13881,0.000288,1.0,0.008246,1.008246,3498.864733
1640,13883,13901,13885,0.001296,1.0,0.012359,1.012359,781.31591
1641,13901,13903,13902,0.000144,1.0,0.009607,1.009607,7017.778468
1642,13903,13907,13906,0.000288,1.0,0.008233,1.008233,3504.870131
1643,13907,13913,13909,0.000431,1.0,0.004115,1.004115,2327.873481
1644,13913,13921,13917,0.000575,1.0,0.005484,1.005484,1749.165675
1645,13921,13931,13922,0.000718,1.0,0.006851,1.006851,1402.140986
1646,13931,13933,13932,0.000144,1.0,0.019177,1.019177,7099.587163
1647,13933,13963,13934,0.002151,0.999999,0.020524,1.020522,474.474704
1648,13963,13967,13966,0.000286,1.0,0.002734,1.002734,3500.794286
1649,13967,13997,13969,0.002146,0.999999,0.020479,1.020478,475.610547
1650,13997,13999,13998,0.000143,1.0,0.004092,1.004092,7027.639962
1651,13999,14009,14002,0.000714,1.0,0.006817,1.006817,1409.946717
1652,14009,14011,14010,0.000143,1.0,0.009541,1.009541,7071.832639
1653,14011,14029,14015,0.001284,1.0,0.012258,1.012258,788.436344
1654,14029,14033,14031,0.000285,1.0,0.005445,1.005445,3526.847954
1655,14033,14051,14037,0.001282,1.0,0.012241,1.012241,789.660136
1656,14051,14057,14054,0.000427,1.0,0.004077,1.004077,2351.883853
1657,14057,14071,14059,0.000995,1.0,0.009508,1.009507,1014.122115
1658,14071,14081,14073,0.00071,1.0,0.006786,1.006786,1417.151777
1659,14081,14083,14082,0.000142,1.0,0.00407,1.00407,7069.657911
1660,14083,14087,14086,0.000284,1.0,0.002713,1.002713,3530.802842
1661,14087,14107,14089,0.001419,0.999999,0.013553,1.013553,714.402677
1662,14107,14143,14109,0.002549,0.999998,0.024351,1.02435,401.91483
1663,14143,14149,14146,0.000424,1.0,0.012161,1.012161,2386.338087
1664,14149,14153,14151,0.000283,1.0,0.008105,1.008105,3566.422527
1665,14153,14159,14158,0.000424,1.0,0.004051,1.004051,2368.891227
1666,14159,14173,14163,0.000988,1.0,0.009446,1.009446,1021.415202
1667,14173,14177,14174,0.000282,1.0,0.008092,1.008092,3572.4274
1668,14177,14197,14179,0.00141,1.0,0.013476,1.013476,718.909047
1669,14197,14207,14199,0.000704,1.0,0.006732,1.006732,1429.760692
1670,14207,14221,14209,0.000985,1.0,0.009418,1.009417,1024.847017
1671,14221,14243,14227,0.001546,0.999999,0.014782,1.014782,656.471472
1672,14243,14249,14247,0.000421,1.0,0.008056,1.008056,2393.461796
1673,14249,14251,14250,0.00014,1.0,0.020136,1.020136,7268.467636
1674,14251,14281,14253,0.002103,0.999999,0.020114,1.020113,485.097355
1675,14281,14293,14285,0.00084,1.0,0.008036,1.008035,1200.150019
1676,14293,14303,14299,0.000699,1.0,0.006692,1.006692,1439.367712
1677,14303,14321,14305,0.001258,1.0,0.012034,1.012034,804.679056
1678,14321,14323,14322,0.00014,1.0,0.020045,1.020045,7304.543235
1679,14323,14327,14324,0.000279,1.0,0.005344,1.005344,3600.38929
1680,14327,14341,14333,0.000977,1.0,0.009347,1.009347,1033.427137
1681,14341,14347,14342,0.000418,1.0,0.01201,1.01201,2419.37937
1682,14347,14369,14349,0.001532,0.999999,0.014666,1.014665,662.207288
1683,14369,14387,14371,0.001252,1.0,0.011985,1.011984,808.350328
1684,14387,14389,14388,0.000139,1.0,0.014639,1.014639,7299.315602
1685,14389,14401,14393,0.000834,1.0,0.007982,1.007981,1209.157553
1686,14401,14407,14403,0.000417,1.0,0.003989,1.003989,2410.24172
1687,14407,14411,14409,0.000278,1.0,0.005316,1.005316,3621.401124
1688,14411,14419,14414,0.000555,1.0,0.005314,1.005314,1811.45077
1689,14419,14423,14422,0.000277,1.0,0.002656,1.002656,3614.826418
1690,14423,14431,14426,0.000555,1.0,0.00531,1.00531,1812.951603
1691,14431,14437,14435,0.000416,1.0,0.003981,1.003981,2415.243939
1692,14437,14447,14438,0.000692,1.0,0.006632,1.006632,1453.777388
1693,14447,14449,14448,0.000138,1.0,0.025192,1.025192,7405.987868
1694,14449,14461,14451,0.00083,1.0,0.007952,1.007952,1214.161576
1695,14461,14479,14471,0.001244,1.0,0.011917,1.011917,813.468376
1696,14479,14489,14483,0.00069,1.0,0.006615,1.006615,1457.980501
1697,14489,14503,14491,0.000966,1.0,0.009253,1.009253,1045.009533
1698,14503,14519,14506,0.001103,1.0,0.010566,1.010565,916.51945
1699,14519,14533,14521,0.000964,1.0,0.009236,1.009236,1047.154458
1700,14533,14537,14534,0.000275,1.0,0.013188,1.013188,3681.671138
1701,14537,14543,14538,0.000413,1.0,0.011865,1.011865,2452.086759
1702,14543,14549,14545,0.000412,1.0,0.003954,1.003954,2433.918198
1703,14549,14551,14550,0.000137,1.0,0.014493,1.014493,7380.438763
1704,14551,14557,14554,0.000412,1.0,0.011855,1.011855,2454.423393
1705,14557,14561,14558,0.000275,1.0,0.007901,1.007901,3668.507596
1706,14561,14563,14562,0.000137,1.0,0.006583,1.006583,7328.930808
1707,14563,14591,14566,0.001921,0.999999,0.018414,1.018413,530.192948
1708,14591,14593,14592,0.000137,1.0,0.022341,1.022341,7458.999842
1709,14593,14621,14594,0.001917,0.999999,0.01838,1.018379,531.266298
1710,14621,14627,14623,0.00041,1.0,0.003935,1.003935,2446.923547
1711,14627,14629,14628,0.000137,1.0,0.014424,1.014424,7419.497575
1712,14629,14633,14631,0.000273,1.0,0.002622,1.002622,3667.340807
1713,14633,14639,14635,0.00041,1.0,0.003932,1.003932,2448.924368
1714,14639,14653,14642,0.000956,2.0,0.009169,2.009168,2101.876844
1715,14653,14657,14654,0.000273,1.0,0.007855,1.007855,3692.527315
1716,14657,14669,14659,0.000818,1.0,0.007851,1.00785,1231.509204
1717,14669,14683,14671,0.000954,1.0,0.009152,1.009152,1057.879024
1718,14683,14699,14687,0.001089,1.0,0.01045,1.010449,927.781855
1719,14699,14713,14701,0.000952,1.0,0.009135,1.009135,1060.023925
1720,14713,14717,14714,0.000272,1.0,0.007826,1.007826,3707.539573
1721,14717,14723,14719,0.000408,1.0,0.003912,1.003912,2462.930092
1722,14723,14731,14727,0.000543,1.0,0.005214,1.005213,1850.472257
1723,14731,14737,14733,0.000407,1.0,0.007817,1.007817,2474.862221
1724,14737,14741,14738,0.000271,1.0,0.002605,1.002605,3694.348094
1725,14741,14747,14743,0.000407,1.0,0.003906,1.003906,2466.931721
1726,14747,14753,14749,0.000407,1.0,0.011714,1.011714,2487.129989
1727,14753,14759,14757,0.000407,1.0,0.003903,1.003903,2468.932671
1728,14759,14767,14761,0.000542,1.0,0.005202,1.005202,1854.974563
1729,14767,14771,14769,0.000271,1.0,0.0078,1.0078,3721.050767
1730,14771,14779,14777,0.000541,1.0,0.005198,1.005198,1856.475647
1731,14779,14783,14781,0.000271,1.0,0.007795,1.007795,3724.053203
1732,14783,14797,14785,0.000947,1.0,0.009089,1.009088,1066.029624
1733,14797,14813,14799,0.001081,1.0,0.010377,1.010377,934.914455
1734,14813,14821,14815,0.00054,1.0,0.005185,1.005185,1861.728215
1735,14821,14827,14822,0.000405,1.0,0.003887,1.003887,2480.2704
1736,14827,14831,14829,0.00027,1.0,0.002591,1.002591,3716.85425
1737,14831,14843,14834,0.000809,1.0,0.007768,1.007768,1246.021074
1738,14843,14851,14845,0.000539,1.0,0.005176,1.005176,1865.480239
1739,14851,14867,14853,0.001077,1.0,0.010344,1.010343,938.293098
1740,14867,14869,14868,0.000135,1.0,0.021969,1.021969,7597.318386
1741,14869,14879,14871,0.000672,1.0,0.006459,1.006459,1497.006944
1742,14879,14887,14881,0.000538,1.0,0.005164,1.005164,1869.982661
1743,14887,14891,14888,0.000269,1.0,0.007744,1.007744,3751.074843
1744,14891,14897,14893,0.000403,1.0,0.003871,1.003871,2491.941846
1745,14897,14923,14899,0.001744,0.999999,0.016756,1.016755,583.070007
1746,14923,14929,14926,0.000402,1.0,0.01159,1.01159,2516.499112
1747,14929,14939,14933,0.00067,1.0,0.006436,1.006436,1503.011106
1748,14939,14947,14941,0.000535,1.0,0.005146,1.005146,1877.486686
1749,14947,14951,14948,0.000268,1.0,0.01286,1.01286,3785.311575
1750,14951,14957,14953,0.000401,1.0,0.003857,1.003857,2501.945867
1751,14957,14969,14959,0.000802,1.0,0.007709,1.007709,1256.529468
1752,14969,14983,14971,0.000935,1.0,0.008987,1.008987,1079.327844
1753,14983,15013,14987,0.002,0.999999,0.019232,1.019231,509.547605
1754,15013,15017,15014,0.000266,1.0,0.002562,1.002562,3763.36665
1755,15017,15031,15019,0.000932,1.0,0.008962,1.008961,1082.759618
1756,15031,15053,15033,0.001463,0.999999,0.014067,1.014066,693.344788
1757,15053,15061,15055,0.000531,1.0,0.005111,1.005111,1891.744288
1758,15061,15073,15063,0.000796,1.0,0.007662,1.007662,1265.203065
1759,15073,15077,15074,0.000265,1.0,0.002553,1.002553,3778.370638
1760,15077,15083,15079,0.000398,1.0,0.003828,1.003828,2522.954259
1761,15083,15091,15089,0.00053,1.0,0.005102,1.005102,1895.496545
1762,15091,15101,15094,0.000662,1.0,0.006374,1.006374,1519.221832
1763,15101,15107,15103,0.000397,1.0,0.003823,1.003823,2526.95585
1764,15107,15121,15109,0.000926,1.0,0.008914,1.008914,1089.194166
1765,15121,15131,15122,0.000661,1.0,0.006362,1.006362,1522.223686
1766,15131,15137,15133,0.000396,1.0,0.003816,1.003816,2531.957834
1767,15137,15139,15138,0.000132,1.0,0.010173,1.010173,7645.999663
1768,15139,15149,15143,0.00066,1.0,0.006356,1.006356,1524.025074
1769,15149,15161,15151,0.000792,1.0,0.007622,1.007622,1272.542225
1770,15161,15173,15163,0.000791,1.0,0.007616,1.007616,1273.543016
1771,15173,15187,15177,0.000922,1.0,0.008879,1.008879,1093.912943
1772,15187,15193,15191,0.000395,1.0,0.003803,1.003803,2541.294993
1773,15193,15199,15194,0.000395,1.0,0.011405,1.011405,2561.552503
1774,15199,15217,15203,0.001184,1.0,0.011397,1.011397,854.517742
1775,15217,15227,15221,0.000657,1.0,0.006327,1.006327,1531.830212
1776,15227,15233,15229,0.000394,1.0,0.003794,1.003794,2547.964159
1777,15233,15241,15237,0.000525,1.0,0.010114,1.010114,1923.887789
1778,15241,15259,15242,0.00118,1.0,0.011369,1.011368,856.853639
1779,15259,15263,15261,0.000262,1.0,0.002525,1.002525,3824.882968
1780,15263,15269,15265,0.000393,1.0,0.011359,1.011359,2573.233156
1781,15269,15271,15270,0.000131,1.0,0.008832,1.008832,7702.435474
1782,15271,15277,15273,0.000393,1.0,0.007569,1.007569,2564.934219
1783,15277,15287,15278,0.000654,1.0,0.006304,1.006304,1537.833951
1784,15287,15289,15288,0.000131,1.0,0.02899,1.02899,7865.600897
1785,15289,15299,15293,0.000654,1.0,0.0063,1.0063,1539.034933
1786,15299,15307,15303,0.000523,1.0,0.005037,1.005037,1922.51063
1787,15307,15313,15311,0.000392,1.0,0.003776,1.003776,2561.302863
1788,15313,15319,15317,0.000392,1.0,0.00755,1.00755,2571.939973
1789,15319,15329,15321,0.000653,1.0,0.006289,1.006289,1542.036762
1790,15329,15331,15330,0.00013,1.0,0.01886,1.01886,7809.563461
1791,15331,15349,15335,0.001173,1.0,0.011309,1.011309,861.859724
1792,15349,15359,15353,0.000651,1.0,0.006278,1.006278,1545.038849
1793,15359,15361,15360,0.00013,1.0,0.026358,1.026358,7882.429919
1794,15361,15373,15362,0.000781,1.0,0.007528,1.007527,1290.222725
1795,15373,15377,15374,0.00026,1.0,0.002508,1.002508,3853.390346
1796,15377,15383,15382,0.00039,1.0,0.003761,1.003761,2572.974157
1797,15383,15391,15389,0.00052,1.0,0.005013,1.005013,1933.016235
1798,15391,15401,15395,0.00065,1.0,0.006263,1.006262,1549.241582
1799,15401,15413,15403,0.000779,1.0,0.00751,1.00751,1293.558725
1800,15413,15427,15415,0.000908,1.0,0.008755,1.008755,1111.071365
1801,15427,15439,15431,0.000778,1.0,0.007499,1.007499,1295.727208
1802,15439,15443,15441,0.000259,1.0,0.002498,1.002498,3869.894695
1803,15443,15451,15445,0.000518,1.0,0.004995,1.004995,1940.519868
1804,15451,15461,15454,0.000647,1.0,0.006241,1.006241,1555.245407
1805,15461,15467,15463,0.000388,1.0,0.007485,1.007485,2596.625615
1806,15467,15473,15469,0.000388,1.0,0.003741,1.003741,2587.979797
1807,15473,15493,15479,0.001292,1.0,0.012462,1.012461,783.796809
1808,15493,15497,15494,0.000258,1.0,0.007472,1.007472,3902.694538
1809,15497,15511,15499,0.000903,1.0,0.008713,1.008712,1117.076801
1810,15511,15527,15513,0.001031,1.0,0.009949,1.009948,979.58659
1811,15527,15541,15529,0.000901,1.0,0.008697,1.008697,1119.221593
1812,15541,15551,15545,0.000643,1.0,0.006208,1.006208,1564.25128
1813,15551,15559,15553,0.000514,1.0,0.004964,1.004964,1954.026837
1814,15559,15569,15563,0.000643,1.0,0.006202,1.006202,1566.052437
1815,15569,15581,15571,0.00077,1.0,0.007437,1.007437,1307.569575
1816,15581,15583,15582,0.000128,1.0,0.01363,1.01363,7897.192546
1817,15583,15601,15586,0.001154,1.0,0.011145,1.011145,875.875966
1818,15601,15607,15605,0.000385,1.0,0.003713,1.003713,2610.321885
1819,15607,15619,15611,0.000769,1.0,0.007421,1.007421,1310.738808
1820,15619,15629,15623,0.00064,2.0,0.006181,2.00618,3134.456226
1821,15629,15641,15634,0.000768,1.0,0.007412,1.007412,1312.573614
1822,15641,15643,15642,0.000128,1.0,0.013583,1.013583,7927.234821
1823,15643,15647,15646,0.000256,1.0,0.002469,1.002469,3920.907885
1824,15647,15649,15648,0.000128,1.0,0.013579,1.013579,7930.23904
1825,15649,15661,15653,0.000767,1.0,0.007403,1.007403,1314.241496
1826,15661,15667,15662,0.000383,1.0,0.011099,1.011099,2639.643517
1827,15667,15671,15668,0.000255,1.0,0.004932,1.004932,3936.568666
1828,15671,15679,15673,0.00051,1.0,0.00493,1.00493,1969.034525
1829,15679,15683,15681,0.000255,1.0,0.002464,1.002464,3929.91012
1830,15683,15727,15685,0.002802,0.999998,0.027065,1.027063,366.591344
1831,15727,15731,15728,0.000254,1.0,0.00983,1.00983,3970.902707
1832,15731,15733,15732,0.000127,1.0,0.020885,1.020885,8030.278644
1833,15733,15737,15734,0.000254,1.0,0.002457,1.002457,3943.413495
1834,15737,15739,15738,0.000127,1.0,0.008597,1.008597,7936.646792
1835,15739,15749,15746,0.000635,1.0,0.006138,1.006138,1584.06413
1836,15749,15761,15751,0.000762,1.0,0.007361,1.007361,1322.581072
1837,15761,15767,15763,0.000381,1.0,0.003679,1.003679,2636.998627
1838,15767,15773,15769,0.00038,1.0,0.003678,1.003678,2637.999008
1839,15773,15787,15779,0.000887,1.0,0.008576,1.008576,1136.808997
1840,15787,15791,15788,0.000253,1.0,0.004898,1.004898,3966.583926
1841,15791,15797,15793,0.00038,1.0,0.003673,1.003672,2642.000529
1842,15797,15803,15802,0.00038,1.0,0.003671,1.003671,2643.001099
1843,15803,15809,15805,0.00038,1.0,0.01101,1.01101,2663.337452
1844,15809,15817,15811,0.000506,1.0,0.004891,1.004891,1986.293293
1845,15817,15823,15819,0.000379,1.0,0.003667,1.003667,2646.335507
1846,15823,15859,15829,0.002273,0.999999,0.021975,1.021974,449.696619
1847,15859,15877,15863,0.001134,1.0,0.010971,1.010971,891.226922
1848,15877,15881,15878,0.000252,1.0,0.00731,1.00731,3998.767985
1849,15881,15887,15883,0.000378,1.0,0.003654,1.003654,2657.006212
1850,15887,15889,15888,0.000126,1.0,0.010959,1.010959,8031.059833
1851,15889,15901,15891,0.000755,1.0,0.007303,1.007303,1334.25659
1852,15901,15907,15902,0.000377,1.0,0.00365,1.00365,2660.340741
1853,15907,15913,15909,0.000377,1.0,0.003649,1.003648,2661.341181
1854,15913,15919,15917,0.000377,1.0,0.003647,1.003647,2662.341684
1855,15919,15923,15922,0.000251,1.0,0.007293,1.007293,4009.276287
1856,15923,15937,15926,0.000879,1.0,0.008503,1.008503,1147.532558
1857,15937,15959,15941,0.001379,1.0,0.013349,1.013348,734.585281
1858,15959,15971,15961,0.000752,1.0,0.007274,1.007274,1340.09432
1859,15971,15973,15972,0.000125,1.0,0.013331,1.013331,8092.464475
1860,15973,15991,15977,0.001126,1.0,0.010901,1.010901,897.567419
1861,15991,16001,15997,0.000625,1.0,0.006052,1.006052,1609.279948
1862,16001,16007,16003,0.000375,1.0,0.003629,1.003629,2677.01374
1863,16007,16033,16009,0.001623,0.999999,0.015712,1.015711,625.834212
1864,16033,16057,16034,0.001496,0.999999,0.014483,1.014482,678.223635
1865,16057,16061,16059,0.000249,1.0,0.007236,1.007236,4043.801991
1866,16061,16063,16062,0.000125,1.0,0.003618,1.003618,8060.052593
1867,16063,16067,16066,0.000249,1.0,0.007234,1.007234,4045.303299
1868,16067,16069,16068,0.000124,1.0,0.01326,1.01326,8140.530393
1869,16069,16073,16070,0.000249,1.0,0.007231,1.007231,4046.804045
1870,16073,16087,16078,0.000871,1.0,0.008432,1.008432,1158.256346
1871,16087,16091,16088,0.000249,1.0,0.007224,1.007224,4051.307404
1872,16091,16097,16094,0.000373,1.0,0.010833,1.010833,2711.391814
1873,16097,16103,16099,0.000373,1.0,0.00361,1.00361,2693.019722
1874,16103,16111,16105,0.000497,1.0,0.004811,1.004811,2023.06172
1875,16111,16127,16117,0.000993,1.0,0.009616,1.009616,1017.124799
1876,16127,16139,16129,0.000744,2.0,0.003603,2.003603,2693.677128
1877,16139,16141,16140,0.000124,1.0,0.013207,1.013207,8176.579574
1878,16141,16183,16143,0.002599,0.999998,0.025179,1.025178,394.497899
1879,16183,16187,16186,0.000247,1.0,0.002395,1.002395,4055.94182
1880,16187,16189,16188,0.000124,1.0,0.013172,1.013172,8200.612239
1881,16189,16193,16190,0.000247,1.0,0.007183,1.007183,4076.826365
1882,16193,16217,16197,0.001481,0.999999,0.014355,1.014354,684.900421
1883,16217,16223,16221,0.00037,1.0,0.003586,1.003586,2713.027272
1884,16223,16229,16228,0.00037,1.0,0.00717,1.00717,2723.722197
1885,16229,16231,16230,0.000123,1.0,0.008363,1.008363,8182.862276
1886,16231,16249,16234,0.001108,1.0,0.010746,1.010745,911.916716
1887,16249,16253,16251,0.000246,1.0,0.002387,1.002387,4072.445828
1888,16253,16267,16255,0.000861,1.0,0.008348,1.008348,1171.12444
1889,16267,16273,16271,0.000369,1.0,0.003576,1.003576,2721.363683
1890,16273,16301,16277,0.001719,0.999999,0.016672,1.016671,591.375507
1891,16301,16319,16307,0.001104,1.0,0.010704,1.010704,915.810093
1892,16319,16333,16321,0.000858,1.0,0.008318,1.008318,1175.842779
1893,16333,16339,16334,0.000367,1.0,0.003563,1.003563,2732.367548
1894,16339,16349,16342,0.000612,1.0,0.005936,1.005936,1644.10129
1895,16349,16361,16351,0.000734,1.0,0.007119,1.007118,1372.618466
1896,16361,16363,16362,0.000122,1.0,0.010674,1.010674,8268.324411
1897,16363,16369,16367,0.000367,1.0,0.003557,1.003557,2737.369567
1898,16369,16381,16373,0.000733,1.0,0.007111,1.007111,1374.286478
1899,16381,16411,16382,0.00183,1.999999,0.017755,2.017754,1102.76955
1900,16411,16417,16413,0.000366,1.0,0.003548,1.003548,2745.372374
1901,16417,16421,16418,0.000244,1.0,0.002365,1.002365,4114.456052
1902,16421,16427,16423,0.000365,1.0,0.003546,1.003546,2747.03965
1903,16427,16433,16429,0.000365,1.0,0.003545,1.003545,2748.040015
1904,16433,16447,16437,0.000852,1.0,0.008267,1.008266,1183.992721
1905,16447,16451,16449,0.000243,1.0,0.002361,1.002361,4121.957939
1906,16451,16453,16452,0.000122,1.0,0.009441,1.009441,8303.665578
1907,16453,16477,16457,0.001458,0.999999,0.014151,1.014151,695.749687
1908,16477,16481,16479,0.000243,1.0,0.004714,1.004714,4139.169603
1909,16481,16487,16483,0.000364,1.0,0.003534,1.003534,2757.043297
1910,16487,16493,16489,0.000364,1.0,0.003533,1.003533,2758.043661
1911,16493,16519,16495,0.001575,0.999999,0.015296,1.015296,644.556441
1912,16519,16529,16521,0.000605,1.0,0.005878,1.005878,1662.112186
1913,16529,16547,16531,0.001088,1.0,0.010572,1.010571,928.490408
1914,16547,16553,16549,0.000363,1.0,0.010565,1.010565,2787.475455
1915,16553,16561,16557,0.000483,1.0,0.004694,1.004694,2079.339403
1916,16561,16567,16563,0.000362,1.0,0.003519,1.003519,2770.381472
1917,16567,16573,16571,0.000362,1.0,0.003518,1.003518,2771.381955
1918,16573,16603,16574,0.001809,0.999999,0.017571,1.01757,562.648321
1919,16603,16607,16604,0.000241,1.0,0.011704,1.011704,4199.836914
1920,16607,16619,16609,0.000722,1.0,0.007019,1.007019,1394.134126
1921,16619,16631,16621,0.000722,1.0,0.007015,1.007015,1395.134848
1922,16631,16633,16632,0.00012,1.0,0.03623,1.03623,8617.291559
1923,16633,16649,16634,0.000961,1.0,0.009345,1.009345,1049.781384
1924,16649,16651,16650,0.00012,1.0,0.019849,1.019849,8490.242773
1925,16651,16657,16655,0.00036,1.0,0.003502,1.003502,2785.387012
1926,16657,16661,16658,0.00024,1.0,0.002334,1.002334,4174.470566
1927,16661,16673,16663,0.00072,1.0,0.006999,1.006999,1398.637373
1928,16673,16691,16679,0.001079,1.0,0.01049,1.01049,936.499324
1929,16691,16693,16692,0.00012,1.0,0.012814,1.012814,8452.949493
1930,16693,16699,16697,0.000359,1.0,0.003494,1.003494,2792.389531
1931,16699,16703,16701,0.00024,1.0,0.006986,1.006986,4204.419592
1932,16703,16729,16706,0.001555,0.999999,0.015124,1.015123,652.646082
1933,16729,16741,16733,0.000717,1.0,0.006974,1.006973,1404.308232
1934,16741,16747,16743,0.000358,1.0,0.003485,1.003485,2800.392283
1935,16747,16759,16751,0.000716,1.0,0.006967,1.006967,1405.809308
1936,16759,16763,16761,0.000239,1.0,0.006964,1.006964,4219.430351
1937,16763,16787,16769,0.001431,0.999999,0.013917,1.013916,708.685144
1938,16787,16811,16789,0.001429,1.999999,0.013899,2.013898,1409.644392
1939,16811,16823,16817,0.000714,1.0,0.006943,1.006943,1411.146574
1940,16823,16829,16825,0.000357,1.0,0.00694,1.00694,2823.794457
1941,16829,16831,16830,0.000119,1.0,0.026597,1.026597,8638.811081
1942,16831,16843,16837,0.000713,1.0,0.006936,1.006936,1412.81443
1943,16843,16871,16846,0.001661,0.999999,0.016165,1.016164,611.767029
1944,16871,16879,16873,0.000474,1.0,0.004614,1.004614,2119.108312
1945,16879,16883,16881,0.000237,1.0,0.006919,1.006919,4249.451753
1946,16883,16889,16886,0.000355,1.0,0.003459,1.003459,2824.067455
1947,16889,16901,16894,0.00071,1.0,0.006914,1.006914,1417.651144
1948,16901,16903,16902,0.000118,1.0,0.008064,1.008064,8519.146271
1949,16903,16921,16909,0.001064,1.0,0.010362,1.010362,949.290802
1950,16921,16927,16922,0.000355,1.0,0.003452,1.003452,2830.402918
1951,16927,16931,16930,0.000236,1.0,0.006902,1.006902,4261.460449
1952,16931,16937,16934,0.000354,1.0,0.00345,1.00345,2832.070294
1953,16937,16943,16939,0.000354,1.0,0.003449,1.003449,2833.070589
1954,16943,16963,16945,0.00118,1.0,0.011488,1.011488,857.387335
1955,16963,16979,16969,0.000943,1.0,0.009182,1.009182,1070.426329
1956,16979,16981,16980,0.000118,1.0,0.012619,1.012619,8597.137667
1957,16981,16987,16982,0.000353,1.0,0.010323,1.010323,2859.886277
1958,16987,16993,16991,0.000353,1.0,0.00344,1.00344,2841.406988
1959,16993,17011,16997,0.001059,1.0,0.010313,1.010312,954.295995
1960,17011,17021,17012,0.000588,1.0,0.01145,1.01145,1721.083153
1961,17021,17027,17023,0.000352,1.0,0.003434,1.003434,2847.075537
1962,17027,17029,17028,0.000117,1.0,0.019453,1.019453,8679.624404
1963,17029,17033,17031,0.000235,1.0,0.006865,1.006865,4286.978293
1964,17033,17041,17035,0.00047,1.0,0.004575,1.004575,2139.367869
1965,17041,17047,17042,0.000352,1.0,0.00343,1.00343,2850.409985
1966,17047,17053,17049,0.000352,1.0,0.003429,1.003429,2851.410396
1967,17053,17077,17054,0.001406,1.0,0.013704,1.013704,720.785338
1968,17077,17093,17078,0.000936,1.0,0.009127,1.009126,1077.557734
1969,17093,17099,17095,0.000351,1.0,0.010262,1.010262,2878.57284
1970,17099,17107,17103,0.000468,1.0,0.004559,1.004559,2147.621853
1971,17107,17117,17111,0.000584,1.0,0.005696,1.005696,1720.947282
1972,17117,17123,17119,0.00035,1.0,0.010249,1.010249,2882.577049
1973,17123,17137,17126,0.000817,1.0,0.007967,1.007967,1233.319509
1974,17137,17159,17141,0.001283,1.0,0.012508,1.012507,789.203346
1975,17159,17167,17161,0.000466,2.0,0.002272,2.002272,4295.624974
1976,17167,17183,17173,0.000932,1.0,0.009084,1.009084,1083.188283
1977,17183,17189,17188,0.000349,1.0,0.006809,1.006809,2883.83715
1978,17189,17191,17190,0.000116,1.0,0.012481,1.012481,8702.272875
1979,17191,17203,17194,0.000698,1.0,0.006805,1.006805,1442.835416
1980,17203,17207,17206,0.000232,1.0,0.006802,1.006802,4330.508963
1981,17207,17209,17208,0.000116,1.0,0.012469,1.012469,8711.284388
1982,17209,17231,17211,0.001278,1.0,0.012461,1.01246,792.480151
1983,17231,17239,17233,0.000464,1.0,0.004528,1.004528,2164.129427
1984,17239,17257,17243,0.001044,1.0,0.01018,1.01018,967.977036
1985,17257,17291,17258,0.001968,0.999999,0.019203,1.019202,517.814199
1986,17291,17293,17292,0.000116,1.0,0.012415,1.012415,8753.337953
1987,17293,17299,17294,0.000347,1.0,0.003385,1.003385,2892.424666
1988,17299,17317,17305,0.00104,1.0,0.010149,1.010149,971.31396
1989,17317,17321,17318,0.000231,1.0,0.006762,1.006762,4359.028428
1990,17321,17327,17323,0.000346,1.0,0.00338,1.00338,2897.093008
1991,17327,17333,17329,0.000346,1.0,0.010137,1.010137,2917.613628
1992,17333,17341,17335,0.000461,1.0,0.004504,1.004504,2176.885329
1993,17341,17351,17345,0.000577,1.0,0.005627,1.005627,1744.360867
1994,17351,17359,17354,0.000461,1.0,0.0045,1.0045,2179.136425
1995,17359,17377,17362,0.001036,1.0,0.010117,1.010117,974.650583
1996,17377,17383,17378,0.000345,1.0,0.00337,1.00337,2906.429512
1997,17383,17387,17386,0.00023,1.0,0.002246,1.002246,4356.013344
1998,17387,17389,17388,0.000115,1.0,0.025829,1.025829,8918.56128
1999,17389,17393,17392,0.00023,1.0,0.008983,1.008983,4386.804986
2000,17393,17401,17398,0.00046,1.0,0.00449,1.00449,2184.388957
2001,17401,17417,17403,0.000919,1.0,0.008974,1.008974,1097.826592
2002,17417,17419,17418,0.000115,1.0,0.003364,1.003364,8738.29574
2003,17419,17431,17421,0.000689,1.0,0.006725,1.006725,1461.848535
2004,17431,17443,17438,0.000688,1.0,0.006721,1.006721,1462.849511
2005,17443,17449,17447,0.000344,1.0,0.003359,1.003359,2917.433475
2006,17449,17467,17453,0.001031,1.0,0.010071,1.01007,979.655812
2007,17467,17471,17469,0.000229,1.0,0.00671,1.00671,4396.554473
2008,17471,17477,17473,0.000343,1.0,0.003354,1.003354,2922.101631
2009,17477,17483,17481,0.000343,1.0,0.003353,1.003353,2923.102089
2010,17483,17489,17485,0.000343,1.0,0.010056,1.010056,2943.640515
2011,17489,17491,17490,0.000114,1.0,0.016757,1.016757,8891.54073
2012,17491,17497,17494,0.000343,1.0,0.003351,1.003351,2925.436166
2013,17497,17509,17503,0.000686,1.0,0.006698,1.006698,1468.353232
2014,17509,17519,17513,0.000571,1.0,0.005579,1.005579,1761.170508
2015,17519,17539,17521,0.001141,1.0,0.011149,1.011148,886.220775
2016,17539,17551,17543,0.000684,1.0,0.006684,1.006684,1471.855516
2017,17551,17569,17553,0.001025,1.0,0.010018,1.010018,985.328194
2018,17569,17573,17571,0.000228,1.0,0.002225,1.002225,4402.523929
2019,17573,17579,17575,0.000341,1.0,0.016683,1.016683,2978.204383
2020,17579,17581,17580,0.000114,1.0,0.012232,1.012232,8897.519651
2021,17581,17597,17583,0.00091,1.0,0.008892,1.008891,1109.086885
2022,17597,17599,17598,0.000114,1.0,0.007777,1.007777,8867.428746
2023,17599,17609,17601,0.000568,1.0,0.005553,1.005553,1770.175522
2024,17609,17623,17611,0.000795,1.0,0.00777,1.007769,1268.061728
2025,17623,17627,17624,0.000227,1.0,0.006657,1.006657,4435.580975
2026,17627,17657,17635,0.0017,0.999999,0.016627,1.016626,597.843741
2027,17657,17659,17658,0.000113,1.0,0.009968,1.009968,8917.01046
2028,17659,17669,17662,0.000566,1.0,0.005536,1.005536,1776.178982
2029,17669,17681,17671,0.000679,1.0,0.00664,1.00664,1482.696121
2030,17681,17683,17682,0.000113,1.0,0.007744,1.007744,8909.462079
2031,17683,17707,17687,0.001356,1.0,0.013266,1.013265,747.0718
2032,17707,17713,17709,0.000339,1.0,0.003314,1.003314,2961.448382
2033,17713,17729,17717,0.000903,1.0,0.008832,1.008832,1117.344479
2034,17729,17737,17734,0.000451,1.0,0.004414,1.004414,2226.408089
2035,17737,17747,17741,0.000564,1.0,0.005514,1.005514,1783.983446
2036,17747,17749,17748,0.000113,1.0,0.018743,1.018743,9040.32844
2037,17749,17761,17753,0.000676,1.0,0.006613,1.006613,1489.367418
2038,17761,17783,17767,0.001238,1.0,0.012113,1.012113,817.602867
2039,17783,17789,17785,0.000337,1.0,0.003301,1.003301,2974.119332
2040,17789,17791,17790,0.000112,1.0,0.007701,1.007701,8963.504705
2041,17791,17807,17795,0.000899,1.0,0.008798,1.008797,1122.223873
2042,17807,17827,17809,0.001123,1.0,0.010987,1.010986,900.637085
2043,17827,17837,17831,0.000561,1.0,0.005489,1.005489,1792.988507
2044,17837,17839,17838,0.000112,1.0,0.005488,1.005488,8967.945394
2045,17839,17851,17843,0.000672,1.0,0.006583,1.006583,1496.872476
2046,17851,17863,17855,0.000672,1.0,0.006579,1.006579,1497.873148
2047,17863,17881,17866,0.001007,1.0,0.009861,1.009861,1002.679208
2048,17881,17891,17882,0.000559,1.0,0.005474,1.005474,1798.391364
2049,17891,17903,17893,0.000671,1.0,0.006566,1.006566,1501.208608
2050,17903,17909,17905,0.000335,1.0,0.003281,1.003281,2994.126057
2051,17909,17911,17910,0.000112,1.0,0.01203,1.01203,9062.724222
2052,17911,17921,17915,0.000558,1.0,0.005466,1.005466,1801.393208
2053,17921,17923,17922,0.000112,1.0,0.007651,1.007651,9029.556453
2054,17923,17929,17926,0.000335,1.0,0.003278,1.003278,2997.460563
2055,17929,17939,17933,0.000558,1.0,0.005461,1.005461,1803.194212
2056,17939,17957,17942,0.001003,1.0,0.009823,1.009823,1006.905676
2057,17957,17959,17958,0.000111,1.0,0.007637,1.007637,9047.5705
2058,17959,17971,17961,0.000668,1.0,0.006543,1.006543,1506.879069
2059,17971,17977,17972,0.000334,1.0,0.00654,1.00654,3015.259696
2060,17977,17981,17978,0.000222,1.0,0.006539,1.006539,4524.140638
2061,17981,17987,17983,0.000334,1.0,0.006537,1.006537,3016.927586
2062,17987,17989,17988,0.000111,1.0,0.005447,1.005447,9042.987264
2063,17989,18013,17993,0.001333,1.0,0.013063,1.013062,759.83896
2064,18013,18041,18014,0.001553,0.999999,0.01522,1.015219,653.619815
2065,18041,18043,18042,0.000111,1.0,0.007605,1.007605,9089.603167
2066,18043,18047,18046,0.000222,1.0,0.006517,1.006517,4540.651964
2067,18047,18049,18048,0.000111,1.0,0.016291,1.016291,9171.011815
2068,18049,18059,18053,0.000554,1.0,0.005429,1.005429,1815.200883
2069,18059,18061,18060,0.000111,1.0,0.024965,1.024965,9255.433424
2070,18061,18077,18065,0.000885,1.0,0.008679,1.008679,1139.113936
2071,18077,18089,18079,0.000664,1.0,0.006505,1.006505,1516.718952
2072,18089,18097,18091,0.000442,1.0,0.004335,1.004335,2271.428022
2073,18097,18119,18098,0.001215,1.0,0.011911,1.01191,832.894061
2074,18119,18121,18120,0.00011,1.0,0.016233,1.016233,9207.071537
2075,18121,18127,18123,0.000331,1.0,0.009738,1.009738,3050.081368
2076,18127,18131,18129,0.000221,1.0,0.002163,1.002163,4542.055195
2077,18131,18133,18132,0.00011,1.0,0.005408,1.005408,9115.027131
2078,18133,18143,18134,0.000551,1.0,0.005406,1.005406,1823.60536
2079,18143,18149,18145,0.000331,1.0,0.009727,1.009727,3053.751674
2080,18149,18169,18151,0.001101,1.0,0.010801,1.0108,917.756114
2081,18169,18181,18173,0.00066,1.0,0.006476,1.006475,1524.390806
2082,18181,18191,18182,0.00055,1.0,0.005393,1.005393,1828.408004
2083,18191,18199,18197,0.00044,1.0,0.004313,1.004313,2284.183865
2084,18199,18211,18201,0.000659,1.0,0.006466,1.006466,1526.892345
2085,18211,18217,18215,0.000329,1.0,0.003232,1.003232,3045.476558
2086,18217,18223,18218,0.000329,1.0,0.003231,1.003231,3046.476722
2087,18223,18229,18227,0.000329,1.0,0.00323,1.00323,3047.477216
2088,18229,18233,18230,0.000219,1.0,0.006458,1.006458,4587.182398
2089,18233,18251,18237,0.000987,1.0,0.009681,1.009681,1023.255323
2090,18251,18253,18252,0.00011,1.0,0.018278,1.018278,9292.804472
2091,18253,18257,18254,0.000219,1.0,0.00215,1.00215,4573.562066
2092,18257,18269,18263,0.000657,1.0,0.006448,1.006447,1531.72908
2093,18269,18287,18273,0.000985,1.0,0.009664,1.009664,1025.257296
2094,18287,18289,18288,0.000109,1.0,0.015026,1.015026,9281.395969
2095,18289,18301,18293,0.000656,1.0,0.006437,1.006437,1534.397388
2096,18301,18307,18302,0.000328,1.0,0.003217,1.003217,3060.481323
2097,18307,18311,18309,0.000218,1.0,0.006433,1.006433,4606.695371
2098,18311,18313,18312,0.000109,1.0,0.01608,1.01608,9303.229642
2099,18313,18329,18314,0.000873,1.0,0.008572,1.008572,1154.87763
2100,18329,18341,18331,0.000654,1.0,0.006425,1.006425,1537.732797
2101,18341,18353,18346,0.000654,1.0,0.006421,1.006421,1538.733615
2102,18353,18367,18355,0.000763,1.0,0.007486,1.007486,1321.245975
2103,18367,18371,18369,0.000218,1.0,0.01069,1.01069,4641.342026
2104,18371,18379,18373,0.000435,1.0,0.004275,1.004275,2306.693492
2105,18379,18397,18383,0.000979,1.0,0.009612,1.009612,1031.374411
2106,18397,18401,18398,0.000217,1.0,0.002135,1.002135,4609.569925
2107,18401,18413,18406,0.000652,1.0,0.006402,1.006402,1543.736881
2108,18413,18427,18418,0.00076,1.0,0.007464,1.007464,1325.535116
2109,18427,18433,18429,0.000326,1.0,0.003198,1.003197,3081.488239
2110,18433,18439,18437,0.000325,1.0,0.003197,1.003197,3082.488673
2111,18439,18443,18442,0.000217,1.0,0.002131,1.002131,4620.072314
2112,18443,18451,18449,0.000434,1.0,0.00426,1.00426,2315.697621
2113,18451,18457,18453,0.000325,1.0,0.003194,1.003194,3085.489541
2114,18457,18461,18458,0.000217,1.0,0.006386,1.006386,4644.219687
2115,18461,18481,18463,0.001083,1.0,0.010637,1.010636,933.373163
2116,18481,18493,18482,0.000649,1.0,0.006377,1.006377,1550.40767
2117,18493,18503,18497,0.000541,1.0,0.005312,1.005312,1859.625184
2118,18503,18517,18505,0.000756,1.0,0.007432,1.007432,1331.968401
2119,18517,18521,18519,0.000216,1.0,0.002122,1.002122,4639.576481
2120,18521,18523,18522,0.000108,1.0,0.015916,1.015916,9408.400681
2121,18523,18539,18527,0.000863,1.0,0.008485,1.008485,1168.014197
2122,18539,18541,18540,0.000108,1.0,0.018023,1.018023,9437.070623
2123,18541,18553,18545,0.000647,1.0,0.006359,1.006359,1555.411073
2124,18553,18583,18554,0.001616,0.999999,0.01588,1.015879,628.761235
2125,18583,18587,18586,0.000215,1.0,0.002116,1.002116,4656.080092
2126,18587,18593,18589,0.000323,1.0,0.003173,1.003173,3108.163551
2127,18593,18617,18595,0.00129,1.0,0.012681,1.012681,785.038551
2128,18617,18637,18619,0.001074,1.0,0.010557,1.010556,941.18158
2129,18637,18661,18638,0.001287,1.0,0.012654,1.012654,786.874195
2130,18661,18671,18663,0.000536,1.0,0.005269,1.005268,1876.43412
2131,18671,18679,18673,0.000428,1.0,0.004213,1.004213,2344.209691
2132,18679,18691,18682,0.000642,1.0,0.006316,1.006316,1566.918435
2133,18691,18701,18695,0.000535,1.0,0.005261,1.005261,1879.435833
2134,18701,18713,18703,0.000641,1.0,0.00631,1.00631,1568.752892
2135,18713,18719,18716,0.000321,1.0,0.006307,1.006307,3139.007495
2136,18719,18731,18721,0.000641,1.0,0.006304,1.006304,1570.253854
2137,18731,18743,18737,0.00064,1.0,0.006301,1.006301,1571.254709
2138,18743,18749,18747,0.00032,1.0,0.006298,1.006298,3144.010805
2139,18749,18757,18751,0.000427,1.0,0.004197,1.004197,2353.96386
2140,18757,18773,18769,0.000853,2.0,0.004195,2.004195,2350.544572
2141,18773,18787,18779,0.000745,1.0,0.007336,1.007336,1351.268817
2142,18787,18793,18789,0.000319,1.0,0.003142,1.003142,3141.507587
2143,18793,18797,18794,0.000213,1.0,0.002094,1.002094,4708.591222
2144,18797,18803,18799,0.000319,1.0,0.003141,1.003141,3143.174786
2145,18803,18839,18805,0.001913,0.999999,0.018825,1.018824,532.646796
2146,18839,18859,18841,0.001061,1.0,0.010445,1.010445,952.293437
2147,18859,18869,18861,0.00053,1.0,0.005219,1.005219,1896.244675
2148,18869,18899,18871,0.001589,0.999999,0.015641,1.01564,639.311519
2149,18899,18911,18901,0.000635,1.0,0.00625,1.00625,1585.263425
2150,18911,18913,18912,0.000106,1.0,0.011455,1.011455,9564.323036
2151,18913,18917,18916,0.000211,1.0,0.004165,1.004165,4748.445456
2152,18917,18919,18918,0.000106,1.0,0.005206,1.005206,9508.23931
2153,18919,18947,18922,0.001479,0.999999,0.014564,1.014564,686.026159
2154,18947,18959,18949,0.000633,1.0,0.006236,1.006236,1589.265962
2155,18959,18973,18961,0.000738,1.0,0.007271,1.007271,1364.564179
2156,18973,18979,18977,0.000316,1.0,0.003115,1.003115,3172.517544
2157,18979,19001,18982,0.001159,1.0,0.011413,1.011412,873.032678
2158,19001,19009,19003,0.000421,1.0,0.004147,1.004147,2385.477212
2159,19009,19013,19011,0.00021,1.0,0.002073,1.002073,4762.602703
2160,19013,19031,19015,0.000946,1.0,0.009324,1.009323,1066.630446
2161,19031,19037,19033,0.000315,1.0,0.003106,1.003106,3182.187158
2162,19037,19051,19039,0.000735,1.0,0.007244,1.007244,1370.139714
2163,19051,19069,19059,0.000944,1.0,0.009307,1.009307,1068.743869
2164,19069,19073,19070,0.00021,1.0,0.006202,1.006202,4797.317545
2165,19073,19079,19077,0.000315,1.0,0.0031,1.0031,3189.189467
2166,19079,19081,19080,0.000105,1.0,0.023763,1.023763,9766.697072
2167,19081,19087,19083,0.000314,1.0,0.003099,1.003099,3190.523115
2168,19087,19121,19091,0.00178,0.999999,0.017543,1.017542,571.738732
2169,19121,19139,19123,0.000941,1.0,0.009276,1.009276,1072.636111
2170,19139,19141,19140,0.000104,1.0,0.023696,1.023696,9796.769285
2171,19141,19157,19147,0.000836,1.0,0.008238,1.008238,1206.672123
2172,19157,19163,19161,0.000313,1.0,0.006176,1.006176,3213.054493
2173,19163,19181,19165,0.000939,1.0,0.009258,1.009258,1074.971639
2174,19181,19183,19182,0.000104,1.0,0.007198,1.007198,9660.032059
2175,19183,19207,19187,0.00125,1.0,0.012331,1.01233,809.653238
2176,19207,19211,19209,0.000208,1.0,0.006162,1.006162,4831.839333
2177,19211,19213,19212,0.000104,1.0,0.005134,1.005134,9655.316417
2178,19213,19219,19217,0.000312,1.0,0.00308,1.00308,3212.530113
2179,19219,19231,19223,0.000624,1.0,0.006157,1.006157,1611.946988
2180,19231,19237,19235,0.000312,1.0,0.003077,1.003077,3215.531049
2181,19237,19249,19238,0.000624,1.0,0.006152,1.006152,1613.447768
2182,19249,19259,19253,0.000519,1.0,0.005124,1.005124,1935.265249
2183,19259,19267,19262,0.000415,1.0,0.004097,1.004097,2417.740751
2184,19267,19273,19271,0.000311,1.0,0.003072,1.003072,3221.53292
2185,19273,19289,19277,0.00083,1.0,0.008188,1.008188,1214.928891
2186,19289,19301,19291,0.000622,1.0,0.006137,1.006137,1617.783853
2187,19301,19309,19303,0.000414,1.0,0.004089,1.004089,2422.992878
2188,19309,19319,19315,0.000518,1.0,0.00511,1.00511,1941.268465
2189,19319,19333,19321,0.000724,2.0,0.003575,2.003574,2765.791223
2190,19333,19373,19337,0.002067,0.999999,0.020399,1.020398,493.694087
2191,19373,19379,19378,0.00031,1.0,0.003057,1.003057,3239.205124
2192,19379,19381,19380,0.000103,1.0,0.023432,1.023432,9917.055894
2193,19381,19387,19385,0.00031,1.0,0.003056,1.003056,3240.538818
2194,19387,19391,19389,0.000206,1.0,0.00611,1.00611,4876.867315
2195,19391,19403,19394,0.000619,1.0,0.006108,1.006108,1626.289179
2196,19403,19417,19405,0.000721,1.0,0.007121,1.007121,1396.301617
2197,19417,19421,19419,0.000206,1.0,0.002034,1.002034,4864.623939
2198,19421,19423,19422,0.000103,1.0,0.011185,1.011185,9819.615745
2199,19423,19427,19426,0.000206,1.0,0.0061,1.0061,4885.873034
2200,19427,19429,19428,0.000103,1.0,0.005083,1.005083,9763.372319
2201,19429,19433,19431,0.000206,1.0,0.010164,1.010164,4907.123056
2202,19433,19441,19438,0.000412,1.0,0.004064,1.004064,2439.499848
2203,19441,19447,19442,0.000309,1.0,0.003047,1.003047,3250.541755
2204,19447,19457,19451,0.000514,1.0,0.005077,1.005077,1955.075482
2205,19457,19463,19459,0.000308,1.0,0.009135,1.009135,3272.961425
2206,19463,19469,19466,0.000308,1.0,0.003044,1.003044,3254.209655
2207,19469,19471,19470,0.000103,1.0,0.015218,1.015218,9883.149417
2208,19471,19477,19473,0.000308,1.0,0.003043,1.003043,3255.543348
2209,19477,19483,19478,0.000308,1.0,0.003042,1.003042,3256.543605
2210,19483,19489,19486,0.000308,1.0,0.003041,1.003041,3257.544016
2211,19489,19501,19493,0.000616,1.0,0.00608,1.00608,1634.460939
2212,19501,19507,19505,0.000308,1.0,0.009117,1.009117,3280.301842
2213,19507,19531,19511,0.00123,1.0,0.012147,1.012146,823.16999
2214,19531,19541,19534,0.000512,1.0,0.005057,1.005057,1963.479741
2215,19541,19543,19542,0.000102,1.0,0.003034,1.003034,9800.64093
2216,19543,19553,19547,0.000512,1.0,0.005055,1.005054,1964.680407
2217,19553,19559,19555,0.000307,1.0,0.003032,1.003032,3269.214217
2218,19559,19571,19561,0.000613,1.0,0.006061,1.00606,1640.297755
2219,19571,19577,19574,0.000307,1.0,0.003029,1.003029,3272.215189
2220,19577,19583,19579,0.000306,1.0,0.003028,1.003028,3273.215444
2221,19583,19597,19585,0.000715,1.0,0.007063,1.007062,1409.167995
2222,19597,19603,19601,0.000306,1.0,0.003026,1.003025,3276.5499
2223,19603,19609,19606,0.000306,1.0,0.003025,1.003025,3277.550156
2224,19609,19661,19613,0.002648,0.999998,0.026176,1.026174,387.479219
2225,19661,19681,19666,0.001017,1.0,0.010052,1.010052,993.436308
2226,19681,19687,19682,0.000305,2.0,0.009042,2.009042,6590.995577
2227,19687,19697,19689,0.000508,1.0,0.005021,1.005021,1979.087646
2228,19697,19699,19698,0.000102,1.0,0.011044,1.011044,9957.770962
2229,19699,19709,19702,0.000508,1.0,0.005019,1.005018,1980.288306
2230,19709,19717,19711,0.000406,1.0,0.004013,1.004013,2474.013797
2231,19717,19727,19718,0.000507,1.0,0.005014,1.005014,1982.089118
2232,19727,19739,19729,0.000608,1.0,0.006014,1.006014,1654.306309
2233,19739,19751,19741,0.000608,1.0,0.006011,1.006011,1655.306917
2234,19751,19753,19752,0.000101,1.0,0.007011,1.007011,9945.237036
2235,19753,19759,19757,0.000304,1.0,0.003004,1.003004,3302.557829
2236,19759,19763,19761,0.000202,1.0,0.006007,1.006007,4969.924329
2237,19763,19777,19766,0.000708,1.0,0.007005,1.007005,1422.03434
2238,19777,19793,19781,0.000809,1.0,0.008,1.008,1246.454708
2239,19793,19801,19797,0.000404,1.0,0.003998,1.003998,2484.518151
2240,19801,19813,19802,0.000606,1.0,0.005994,1.005994,1660.47667
2241,19813,19819,19814,0.000303,1.0,0.002996,1.002996,3312.56071
2242,19819,19841,19821,0.001109,1.0,0.010977,1.010977,911.257764
2243,19841,19843,19842,0.000101,1.0,0.002992,1.002992,9950.686635
2244,19843,19853,19846,0.000504,1.0,0.004986,1.004986,1994.69559
2245,19853,19861,19857,0.000403,1.0,0.003987,1.003987,2492.021178
2246,19861,19867,19862,0.000302,1.0,0.002989,1.002989,3320.56313
2247,19867,19889,19871,0.001107,1.0,0.010954,1.010953,913.442102
2248,19889,19891,19890,0.000101,1.0,0.022891,1.022891,10172.653331
2249,19891,19913,19897,0.001105,1.0,0.010942,1.010941,914.534319
2250,19913,19919,19917,0.000301,1.0,0.005965,1.005965,3339.131891
2251,19919,19927,19921,0.000402,1.0,0.003975,1.003975,2500.274396
2252,19927,19937,19931,0.000502,1.0,0.004967,1.004967,2003.099864
2253,19937,19949,19939,0.000602,1.0,0.005957,1.005957,1671.816899
2254,19949,19961,19951,0.000601,1.0,0.005954,1.005954,1672.817501
2255,19961,19963,19962,0.0001,1.0,0.00496,1.00496,10030.507895
2256,19963,19973,19967,0.000501,1.0,0.004959,1.004959,2006.701669
2257,19973,19979,19977,0.0003,1.0,0.002974,1.002974,3339.23557
2258,19979,19991,19983,0.0006,1.0,0.005946,1.005946,1675.319104
2259,19991,19993,19992,0.0001,1.0,0.022786,1.022786,10223.770979
2260,19993,19997,19996,0.0002,1.0,0.003962,1.003962,5018.556508
2261,19997,20011,19999,0.0007,1.0,0.006931,1.006931,1438.760347
2262,20011,20021,20014,0.0005,1.0,0.004948,1.004948,2011.504021
2263,20021,20023,20022,0.0001,1.0,0.006926,1.006926,10080.332075
2264,20023,20029,20027,0.0003,1.0,0.002968,1.002968,3347.571403
2265,20029,20047,20035,0.000898,1.0,0.008898,1.008898,1123.127159
2266,20047,20051,20049,0.0002,1.0,0.005929,1.005929,5041.967737
2267,20051,20063,20053,0.000598,1.0,0.005927,1.005927,1681.322601
2268,20063,20071,20065,0.000399,1.0,0.003949,1.003949,2518.281599
2269,20071,20089,20073,0.000896,1.0,0.008881,1.008881,1125.462388
2270,20089,20101,20093,0.000597,1.0,0.005917,1.005917,1684.491261
2271,20101,20107,20103,0.000298,1.0,0.002957,1.002957,3360.575192
2272,20107,20113,20109,0.000298,1.0,0.002956,1.002956,3361.57549
2273,20113,20117,20114,0.000199,1.0,0.005912,1.005912,5058.477448
2274,20117,20123,20122,0.000298,1.0,0.002955,1.002955,3363.242803
2275,20123,20129,20127,0.000298,1.0,0.002954,1.002954,3364.243051
2276,20129,20143,20131,0.000695,1.0,0.00689,1.00689,1448.195499
2277,20143,20147,20146,0.000199,1.0,0.005904,1.005904,5065.982217
2278,20147,20149,20148,9.9e-05,1.0,0.010822,1.010822,10183.01943
2279,20149,20161,20153,0.000595,1.0,0.005901,1.005901,1689.494243
2280,20161,20173,20171,0.000595,1.0,0.005898,1.005898,1690.495136
2281,20173,20177,20175,0.000198,1.0,0.009826,1.009826,5093.310931
2282,20177,20183,20179,0.000297,1.0,0.002947,1.002947,3373.245632
2283,20183,20201,20186,0.000891,1.0,0.008837,1.008836,1131.690225
2284,20201,20219,20203,0.000891,1.0,0.00883,1.008829,1132.691067
2285,20219,20231,20221,0.000593,1.0,0.005883,1.005882,1695.330946
2286,20231,20233,20232,9.9e-05,1.0,0.010781,1.010781,10225.065196
2287,20233,20249,20239,0.00079,1.0,0.007838,1.007838,1274.977603
2288,20249,20261,20255,0.000592,1.0,0.005875,1.005875,1697.832626
2289,20261,20269,20263,0.000395,1.0,0.003915,1.003915,2543.04142
2290,20269,20287,20278,0.000888,1.0,0.008803,1.008803,1136.472552
2291,20287,20297,20289,0.000493,1.0,0.004888,1.004887,2039.11767
2292,20297,20323,20299,0.00128,1.0,0.012697,1.012697,791.071746
2293,20323,20327,20326,0.000197,1.0,0.001952,1.001952,5091.169591
2294,20327,20333,20329,0.000295,1.0,0.002928,1.002928,3398.253039
2295,20333,20341,20337,0.000393,1.0,0.003902,1.003902,2552.045066
2296,20341,20347,20343,0.000295,1.0,0.002926,1.002926,3400.587061
2297,20347,20353,20351,0.000295,1.0,0.002925,1.002925,3401.587454
2298,20353,20357,20354,0.000197,1.0,0.00195,1.00195,5098.670967
2299,20357,20359,20358,9.8e-05,1.0,0.01462,1.01462,10327.818406
2300,20359,20369,20362,0.000491,1.0,0.004872,1.004872,2046.321262
2301,20369,20389,20371,0.000981,1.0,0.009737,1.009737,1028.87154
2302,20389,20393,20390,0.000196,1.0,0.00584,1.00584,5127.518334
2303,20393,20399,20395,0.000294,1.0,0.002919,1.002919,3409.25628
2304,20399,20407,20401,0.000392,1.0,0.003891,1.003891,2560.298208
2305,20407,20411,20409,0.000196,1.0,0.001945,1.001945,5112.173666
2306,20411,20431,20413,0.000979,1.0,0.009719,1.009719,1030.973601
2307,20431,20441,20437,0.000489,1.0,0.004857,1.004857,2053.524939
2308,20441,20443,20442,9.8e-05,1.0,0.002913,1.002913,10250.776008
2309,20443,20477,20446,0.001662,0.999999,0.016494,1.016493,611.689694
2310,20477,20479,20478,9.8e-05,1.0,0.002909,1.002909,10268.781287
2311,20479,20483,20481,0.000195,1.0,0.001939,1.001939,5130.177188
2312,20483,20507,20486,0.001171,1.0,0.011625,1.011625,863.88544
2313,20507,20509,20508,9.8e-05,1.0,0.004841,1.004841,10303.642819
2314,20509,20521,20513,0.000585,1.0,0.005808,1.005808,1719.511952
2315,20521,20533,20523,0.000585,1.0,0.005805,1.005805,1720.51244
2316,20533,20543,20534,0.000487,1.0,0.004835,1.004835,2063.729675
2317,20543,20549,20546,0.000292,1.0,0.0029,1.0029,3434.263658
2318,20549,20551,20550,9.7e-05,1.0,0.010631,1.010631,10384.236746
2319,20551,20563,20555,0.000584,1.0,0.005797,1.005797,1723.013998
2320,20563,20593,20567,0.001458,0.999999,0.014479,1.014478,695.864291
2321,20593,20599,20597,0.000291,1.0,0.002894,1.002894,3442.59947
2322,20599,20611,20602,0.000582,1.0,0.005785,1.005785,1727.016283
2323,20611,20627,20613,0.000776,1.0,0.007708,1.007708,1298.620919
2324,20627,20639,20633,0.000582,1.0,0.005778,1.005778,1729.35112
2325,20639,20641,20640,9.7e-05,1.0,0.022142,1.022142,10548.504651
2326,20641,20663,20642,0.001065,1.0,0.010584,1.010583,948.662001
2327,20663,20681,20665,0.000871,1.0,0.008652,1.008652,1158.380351
2328,20681,20693,20686,0.00058,1.0,0.005764,1.005764,1733.853686
2329,20693,20707,20695,0.000676,1.0,0.006721,1.006721,1488.508851
2330,20707,20717,20711,0.000483,1.0,0.004798,1.004798,2081.138259
2331,20717,20719,20718,9.7e-05,1.0,0.004797,1.004797,10408.693759
2332,20719,20731,20721,0.000579,1.0,0.005755,1.005755,1737.022043
2333,20731,20743,20733,0.000579,1.0,0.005752,1.005752,1738.022622
2334,20743,20747,20744,0.000193,1.0,0.00575,1.00575,5216.069973
2335,20747,20749,20748,9.6e-05,1.0,0.022038,1.022038,10602.624686
2336,20749,20753,20751,0.000193,1.0,0.001916,1.001916,5197.690285
2337,20753,20759,20756,0.000289,1.0,0.005747,1.005747,3479.214418
2338,20759,20771,20761,0.000578,1.0,0.005745,1.005745,1740.357306
2339,20771,20773,20772,9.6e-05,1.0,0.007658,1.007658,10465.530858
2340,20773,20789,20777,0.00077,1.0,0.007654,1.007654,1308.753845
2341,20789,20807,20791,0.000865,1.0,0.008605,1.008605,1165.386431
2342,20807,20809,20808,9.6e-05,1.0,0.016247,1.016247,10573.032546
2343,20809,20849,20813,0.00192,0.999999,0.019095,1.019094,530.667693
2344,20849,20857,20851,0.000384,1.0,0.003815,1.003815,2616.570029
2345,20857,20873,20858,0.000767,1.0,0.007627,1.007626,1314.007737
2346,20873,20879,20877,0.000287,1.0,0.002859,1.002859,3489.279641
2347,20879,20887,20883,0.000383,1.0,0.00381,1.00381,2620.321563
2348,20887,20897,20891,0.000479,1.0,0.004761,1.004761,2099.146914
2349,20897,20899,20898,9.6e-05,1.0,0.010472,1.010472,10558.421464
2350,20899,20903,20901,0.000191,1.0,0.001904,1.001904,5235.197488
2351,20903,20921,20906,0.000861,1.0,0.008563,1.008562,1171.725282
2352,20921,20929,20926,0.000382,1.0,0.003804,1.003804,2625.57362
2353,20929,20939,20931,0.000478,1.0,0.004753,1.004752,2103.348827
2354,20939,20947,20941,0.000382,1.0,0.003801,1.003801,2627.824337
2355,20947,20959,20949,0.000573,1.0,0.005698,1.005698,1756.032989
2356,20959,20963,20962,0.000191,1.0,0.005697,1.005697,5270.101336
2357,20963,20981,20969,0.000858,1.0,0.008541,1.00854,1175.061625
2358,20981,20983,20982,9.5e-05,1.0,0.00664,1.00664,10560.65991
2359,20983,21001,20987,0.000857,1.0,0.008533,1.008533,1176.173595
2360,21001,21011,21002,0.000476,1.0,0.004738,1.004738,2110.552214
2361,21011,21013,21012,9.5e-05,1.0,0.010421,1.010421,10615.481307
2362,21013,21017,21015,0.00019,1.0,0.009472,1.009472,5303.514895
2363,21017,21019,21018,9.5e-05,1.0,0.00663,1.00663,10578.67191
2364,21019,21023,21022,0.00019,1.0,0.005682,1.005682,5285.109911
2365,21023,21031,21026,0.00038,1.0,0.003787,1.003787,2638.328388
2366,21031,21059,21037,0.00133,1.0,0.013244,1.013243,761.560737
2367,21059,21061,21060,9.5e-05,1.0,0.027417,1.027417,10818.698761
2368,21061,21067,21062,0.000285,1.0,0.002836,1.002836,3520.621797
2369,21067,21089,21071,0.001044,1.0,0.010391,1.010391,968.046214
2370,21089,21101,21095,0.000569,1.0,0.005664,1.005664,1767.873268
2371,21101,21107,21103,0.000284,1.0,0.002831,1.002831,3527.290409
2372,21107,21121,21113,0.000663,1.0,0.006603,1.006602,1518.10028
2373,21121,21139,21127,0.000852,1.0,0.008483,1.008483,1183.846912
2374,21139,21143,21142,0.000189,1.0,0.009422,1.009422,5335.045021
2375,21143,21149,21145,0.000284,1.0,0.002826,1.002826,3534.292398
2376,21149,21157,21151,0.000378,1.0,0.003767,1.003767,2654.084316
2377,21157,21163,21161,0.000284,1.0,0.002824,1.002824,3536.626487
2378,21163,21169,21167,0.000283,1.0,0.002823,1.002823,3537.626771
2379,21169,21179,21171,0.000472,1.0,0.004704,1.004704,2127.36023
2380,21179,21187,21181,0.000378,1.0,0.003762,1.003762,2657.835734
2381,21187,21191,21188,0.000189,1.0,0.003761,1.003761,5317.172318
2382,21191,21193,21192,9.4e-05,1.0,0.006581,1.006581,10665.729622
2383,21193,21211,21194,0.000849,1.0,0.008457,1.008457,1187.850079
2384,21211,21221,21214,0.000471,1.0,0.004696,1.004696,2131.56226
2385,21221,21227,21223,0.000283,1.0,0.002816,1.002816,3547.29608
2386,21227,21247,21233,0.000942,1.0,0.009383,1.009383,1071.812998
2387,21247,21269,21251,0.001035,1.0,0.010312,1.010312,976.236542
2388,21269,21277,21271,0.000376,1.0,0.003748,1.003747,2669.089975
2389,21277,21283,21278,0.000282,1.0,0.00281,1.00281,3556.632002
2390,21283,21313,21287,0.001409,1.0,0.014038,1.014037,719.898716
2391,21313,21317,21314,0.000188,1.0,0.00187,1.00187,5338.717057
2392,21317,21319,21318,9.4e-05,1.0,0.014027,1.014027,10808.509575
2393,21319,21323,21322,0.000188,1.0,0.00561,1.00561,5360.152422
2394,21323,21341,21326,0.000844,1.0,0.008411,1.008411,1195.078512
2395,21341,21347,21343,0.000281,1.0,0.002802,1.002802,3567.301719
2396,21347,21377,21349,0.001404,1.0,0.014,1.013999,722.034959
2397,21377,21379,21378,9.4e-05,1.0,0.006529,1.006529,10758.790792
2398,21379,21383,21381,0.000187,1.0,0.001865,1.001865,5355.220196
2399,21383,21391,21387,0.000374,1.0,0.00373,1.00373,2683.345414
2400,21391,21397,21393,0.00028,1.0,0.005593,1.005593,3585.608211
2401,21397,21401,21398,0.000187,1.0,0.005592,1.005591,5379.663096
2402,21401,21407,21403,0.00028,1.0,0.002795,1.002795,3577.304526
2403,21407,21419,21409,0.00056,1.0,0.005588,1.005588,1794.388047
2404,21419,21433,21421,0.000653,1.0,0.006516,1.006516,1540.400481
2405,21433,21467,21439,0.001585,0.999999,0.015808,1.015807,640.854792
2406,21467,21481,21469,0.000652,1.0,0.006503,1.006503,1543.831291
2407,21481,21487,21485,0.000279,1.0,0.002786,1.002786,3590.641684
2408,21487,21491,21489,0.000186,1.0,0.012998,1.012998,5442.077013
2409,21491,21493,21492,9.3e-05,1.0,0.010211,1.010211,10855.729766
2410,21493,21499,21494,0.000279,1.0,0.008353,1.008353,3612.593161
2411,21499,21503,21501,0.000186,1.0,0.003712,1.003712,5395.201647
2412,21503,21517,21506,0.000651,1.0,0.006493,1.006493,1546.404442
2413,21517,21521,21519,0.000186,1.0,0.005563,1.005563,5409.680013
2414,21521,21523,21522,9.3e-05,1.0,0.00649,1.00649,10830.837786
2415,21523,21529,21524,0.000279,1.0,0.005562,1.005562,3607.620421
2416,21529,21557,21531,0.0013,1.0,0.012968,1.012967,779.369673
2417,21557,21559,21558,9.3e-05,1.0,0.002777,1.002777,10808.935476
2418,21559,21563,21561,0.000186,1.0,0.001851,1.001851,5400.22858
2419,21563,21569,21565,0.000278,1.0,0.008329,1.008329,3624.269721
2420,21569,21577,21572,0.000371,1.0,0.007401,1.007401,2716.583179
2421,21577,21587,21578,0.000463,1.0,0.004624,1.004624,2168.179275
2422,21587,21589,21588,9.3e-05,1.0,0.01017,1.01017,10903.778791
2423,21589,21599,21598,0.000463,1.0,0.004622,1.004622,2169.380202
2424,21599,21601,21600,9.3e-05,1.0,0.032344,1.032344,11149.31567
2425,21601,21611,21602,0.000463,1.0,0.013858,1.013858,2190.541469
2426,21611,21613,21612,9.3e-05,1.0,0.004618,1.004618,10855.904989
2427,21613,21617,21614,0.000185,1.0,0.005541,1.005541,5433.693228
2428,21617,21647,21619,0.001387,1.0,0.013842,1.013842,731.047532
2429,21647,21649,21648,9.2e-05,1.0,0.017523,1.017523,11013.670668
2430,21649,21661,21653,0.000554,1.0,0.005532,1.005532,1814.566048
2431,21661,21673,21662,0.000554,1.0,0.005529,1.005529,1815.566464
2432,21673,21683,21674,0.000461,1.0,0.004606,1.004605,2177.783715
2433,21683,21701,21685,0.00083,1.0,0.008285,1.008285,1215.095211
2434,21701,21713,21703,0.000553,1.0,0.00552,1.00552,1818.901688
2435,21713,21727,21718,0.000645,1.0,0.006437,1.006436,1561.414253
2436,21727,21737,21729,0.00046,1.0,0.004595,1.004595,2183.18625
2437,21737,21739,21738,9.2e-05,1.0,0.002757,1.002757,10898.960421
2438,21739,21751,21741,0.000552,1.0,0.005511,1.005511,1822.070105
2439,21751,21757,21753,0.000276,1.0,0.005509,1.005509,3645.641589
2440,21757,21767,21759,0.00046,1.0,0.00459,1.004589,2186.18763
2441,21767,21773,21769,0.000276,1.0,0.002753,1.002753,3638.321484
2442,21773,21787,21778,0.000643,1.0,0.006421,1.006421,1565.702727
2443,21787,21799,21797,0.000551,1.0,0.005501,1.005501,1826.072677
2444,21799,21803,21802,0.000183,1.0,0.005499,1.005499,5480.21921
2445,21803,21817,21806,0.000642,1.0,0.006413,1.006413,1567.846869
2446,21817,21821,21818,0.000183,1.0,0.001832,1.001832,5464.740429
2447,21821,21839,21823,0.000825,1.0,0.008238,1.008238,1222.768223
2448,21839,21841,21840,9.2e-05,1.0,0.035684,1.035684,11309.668408
2449,21841,21851,21847,0.000458,1.0,0.004574,1.004574,2194.591666
2450,21851,21859,21857,0.000366,1.0,0.003658,1.003658,2741.867154
2451,21859,21863,21862,0.000183,1.0,0.005485,1.005485,5495.227455
2452,21863,21871,21865,0.000366,1.0,0.003656,1.003656,2743.367521
2453,21871,21881,21874,0.000457,1.0,0.004568,1.004568,2197.592902
2454,21881,21893,21883,0.000548,1.0,0.005479,1.005479,1833.909949
2455,21893,21911,21898,0.000822,1.0,0.008214,1.008213,1226.771654
2456,21911,21929,21913,0.000821,1.0,0.008207,1.008207,1227.772339
2457,21929,21937,21932,0.000365,1.0,0.007292,1.007292,2761.616282
2458,21937,21943,21941,0.000273,1.0,0.002734,1.002734,3666.662688
2459,21943,21961,21946,0.00082,1.0,0.008197,1.008197,1229.551622
2460,21961,21977,21963,0.000728,1.0,0.007281,1.007281,1383.059372
2461,21977,21991,21979,0.000637,1.0,0.006367,1.006367,1580.283345
2462,21991,21997,21993,0.000273,1.0,0.002728,1.002728,3675.665055
2463,21997,22003,21999,0.000273,1.0,0.002727,1.002727,3676.665328
2464,22003,22013,22006,0.000454,1.0,0.004543,1.004543,2210.798919
2465,22013,22027,22019,0.000636,1.0,0.006358,1.006358,1582.856592
2466,22027,22031,22028,0.000182,1.0,0.003632,1.003632,5527.250079
2467,22031,22037,22033,0.000272,1.0,0.002723,1.002723,3682.333539
2468,22037,22039,22038,9.1e-05,1.0,0.002723,1.002723,11049.00154
2469,22039,22051,22045,0.000544,1.0,0.005444,1.005444,1847.083993
2470,22051,22063,22053,0.000544,1.0,0.005441,1.005441,1848.084356
2471,22063,22067,22065,0.000181,1.0,0.005439,1.005439,5546.255183
2472,22067,22073,22069,0.000272,1.0,0.002719,1.002719,3688.335172
2473,22073,22079,22075,0.000272,1.0,0.005437,1.005437,3699.337645
2474,22079,22091,22081,0.000543,1.0,0.005435,1.005435,1850.418958
2475,22091,22093,22092,9.1e-05,1.0,0.009961,1.009961,11156.032649
2476,22093,22109,22094,0.000724,1.0,0.007242,1.007242,1391.31532
2477,22109,22111,22110,9e-05,1.0,0.013574,1.013574,11205.056749
2478,22111,22123,22114,0.000543,1.0,0.005428,1.005428,1853.087119
2479,22123,22129,22124,0.000271,1.0,0.005426,1.005426,3707.675413
2480,22129,22133,22131,0.000181,1.0,0.003617,1.003617,5552.759409
2481,22133,22147,22138,0.000632,1.0,0.006327,1.006326,1591.433412
2482,22147,22153,22151,0.000271,1.0,0.00271,1.00271,3701.672214
2483,22153,22157,22156,0.000181,1.0,0.009033,1.009033,5588.779258
2484,22157,22159,22158,9e-05,1.0,0.004516,1.004516,11129.029739
2485,22159,22171,22163,0.000541,1.0,0.005417,1.005417,1857.089332
2486,22171,22189,22174,0.000812,1.0,0.008121,1.008121,1242.228627
2487,22189,22193,22191,0.00018,1.0,0.005412,1.005412,5577.772266
2488,22193,22229,22201,0.001621,1.999999,0.00811,2.00811,1238.94759
2489,22229,22247,22233,0.000809,1.0,0.008102,1.008102,1245.453508
2490,22247,22259,22249,0.000539,1.0,0.005398,1.005398,1864.426539
2491,22259,22271,22261,0.000539,1.0,0.005395,1.005395,1865.427079
2492,22271,22273,22272,9e-05,1.0,0.015283,1.015283,11306.188425
2493,22273,22277,22276,0.00018,1.0,0.003596,1.003596,5588.77247
2494,22277,22279,22278,9e-05,1.0,0.006291,1.006291,11209.079455
2495,22279,22283,22281,0.00018,1.0,0.005392,1.005392,5600.284409
2496,22283,22291,22285,0.000359,1.0,0.003594,1.003594,2795.886549
2497,22291,22303,22297,0.000538,1.0,0.005388,1.005388,1868.095361
2498,22303,22307,22305,0.000179,1.0,0.005387,1.005387,5606.287639
2499,22307,22343,22309,0.001613,0.999999,0.016146,1.016145,630.151097
2500,22343,22349,22346,0.000269,1.0,0.002689,1.002689,3734.347646
2501,22349,22367,22353,0.000805,1.0,0.008063,1.008062,1252.125559
2502,22367,22369,22368,8.9e-05,1.0,0.009851,1.009851,11294.169223
2503,22369,22381,22371,0.000536,1.0,0.005371,1.005371,1874.598675
2504,22381,22391,22387,0.000447,1.0,0.004474,1.004474,2248.616087
2505,22391,22397,22394,0.000268,1.0,0.002684,1.002684,3742.349792
2506,22397,22409,22399,0.000536,1.0,0.005365,1.005365,1876.93326
2507,22409,22433,22411,0.00107,1.0,0.010723,1.010722,944.225284
2508,22433,22441,22439,0.000357,1.0,0.003572,1.003572,2814.643437
2509,22441,22447,22443,0.000267,1.0,0.002678,1.002678,3750.685312
2510,22447,22453,22449,0.000267,1.0,0.008033,1.008033,3771.723582
2511,22453,22469,22457,0.000712,1.0,0.007137,1.007137,1413.83162
2512,22469,22481,22471,0.000534,1.0,0.00535,1.00535,1882.93647
2513,22481,22483,22482,8.9e-05,1.0,0.004457,1.004457,11291.102322
2514,22483,22501,22486,0.0008,1.0,0.008019,1.008019,1259.575937
2515,22501,22511,22502,0.000444,1.0,0.004453,1.004453,2260.621211
2516,22511,22531,22513,0.000888,1.0,0.0089,1.0089,1136.071552
2517,22531,22541,22535,0.000444,1.0,0.004447,1.004447,2263.622677
2518,22541,22543,22542,8.9e-05,1.0,0.009782,1.009782,11381.254461
2519,22543,22549,22546,0.000266,1.0,0.002667,1.002667,3767.689891
2520,22549,22567,22551,0.000798,1.0,0.007998,1.007998,1263.245491
2521,22567,22571,22569,0.000177,1.0,0.001777,1.001777,5652.274273
2522,22571,22573,22572,8.9e-05,1.0,0.020429,1.020429,11516.562676
2523,22573,22613,22574,0.00177,0.999999,0.017748,1.017747,574.848964
2524,22613,22619,22615,0.000265,1.0,0.00266,1.00266,3779.359614
2525,22619,22621,22620,8.8e-05,1.0,0.02039,1.02039,11540.611535
2526,22621,22637,22622,0.000707,1.0,0.007089,1.007089,1424.338942
2527,22637,22639,22638,8.8e-05,1.0,0.013288,1.013288,11469.410748
2528,22639,22643,22641,0.000177,1.0,0.001772,1.001772,5670.277459
2529,22643,22651,22647,0.000353,1.0,0.003542,1.003542,2840.902665
2530,22651,22669,22657,0.000794,1.0,0.007966,1.007966,1268.916848
2531,22669,22679,22677,0.000441,1.0,0.004423,1.004423,2277.428959
2532,22679,22691,22681,0.000529,1.0,0.005305,1.005305,1900.445773
2533,22691,22697,22693,0.000264,1.0,0.002652,1.002652,3792.363057
2534,22697,22699,22698,8.8e-05,1.0,0.009722,1.009722,11459.330324
2535,22699,22709,22702,0.00044,1.0,0.004418,1.004418,2280.430061
2536,22709,22717,22711,0.000352,1.0,0.003533,1.003533,2849.155487
2537,22717,22721,22719,0.000176,1.0,0.001766,1.001766,5689.780898
2538,22721,22727,22723,0.000264,1.0,0.002649,1.002649,3797.364378
2539,22727,22739,22731,0.000528,1.0,0.005295,1.005295,1904.447976
2540,22739,22741,22740,8.8e-05,1.0,0.009705,1.009705,11480.350659
2541,22741,22751,22745,0.00044,1.0,0.00441,1.00441,2284.631954
2542,22751,22769,22753,0.000791,1.0,0.007934,1.007934,1274.476633
2543,22769,22777,22771,0.000351,1.0,0.003525,1.003525,2856.658126
2544,22777,22783,22779,0.000263,1.0,0.005285,1.005285,3816.733768
2545,22783,22787,22786,0.000176,1.0,0.001761,1.001761,5706.283843
2546,22787,22807,22801,0.000877,2.0,0.004402,2.004401,2284.716879
2547,22807,22811,22809,0.000175,1.0,0.00176,1.00176,5712.284852
2548,22811,22817,22813,0.000263,1.0,0.002639,1.002639,3812.368331
2549,22817,22853,22819,0.001577,0.999999,0.015821,1.01582,644.340379
2550,22853,22859,22855,0.000263,1.0,0.007904,1.007904,3839.444021
2551,22859,22861,22860,8.7e-05,1.0,0.014928,1.014928,11600.631418
2552,22861,22871,22863,0.000437,1.0,0.00439,1.00439,2296.637129
2553,22871,22877,22873,0.000262,1.0,0.002633,1.002633,3822.370958
2554,22877,22901,22879,0.001049,1.0,0.010525,1.010525,963.745959
2555,22901,22907,22903,0.000262,1.0,0.00263,1.00263,3827.372269
2556,22907,22921,22909,0.000611,1.0,0.006134,1.006134,1646.753367
2557,22921,22937,22927,0.000698,1.0,0.007006,1.007006,1443.102338
2558,22937,22943,22942,0.000262,1.0,0.002626,1.002626,3833.373971
2559,22943,22961,22947,0.000784,1.0,0.007875,1.007874,1285.151792
2560,22961,22963,22962,8.7e-05,1.0,0.006122,1.006122,11551.291143
2561,22963,22973,22966,0.000435,1.0,0.004372,1.004372,2306.841625
2562,22973,22993,22978,0.00087,1.0,0.008739,1.008739,1159.192002
2563,22993,23003,22994,0.000435,1.0,0.004367,1.004367,2309.842844
2564,23003,23011,23006,0.000348,1.0,0.003492,1.003492,2885.918394
2565,23011,23017,23015,0.000261,1.0,0.002619,1.002619,3845.710481
2566,23017,23021,23019,0.000174,1.0,0.001745,1.001745,5764.794017
2567,23021,23027,23026,0.000261,1.0,0.007853,1.007853,3867.466384
2568,23027,23029,23028,8.7e-05,1.0,0.009596,1.009596,11624.489099
2569,23029,23039,23033,0.000434,1.0,0.004361,1.004361,2313.444539
2570,23039,23041,23040,8.7e-05,1.0,0.025287,1.025287,11811.304597
2571,23041,23053,23043,0.000521,1.0,0.00523,1.00523,1930.628277
2572,23053,23057,23054,0.000173,1.0,0.001743,1.001743,5773.795537
2573,23057,23059,23058,8.7e-05,1.0,0.01307,1.01307,11679.686492
2574,23059,23063,23061,0.000173,1.0,0.001742,1.001742,5775.29584
2575,23063,23071,23065,0.000347,1.0,0.010452,1.010452,2913.513099
2576,23071,23081,23073,0.000433,1.0,0.004354,1.004354,2317.646274
2577,23081,23087,23083,0.00026,1.0,0.002611,1.002611,3857.380098
2578,23087,23099,23089,0.00052,1.0,0.005221,1.005221,1934.463605
2579,23099,23117,23101,0.000779,1.0,0.007827,1.007826,1293.825149
2580,23117,23131,23119,0.000605,1.0,0.006084,1.006084,1661.762494
2581,23131,23143,23137,0.000519,1.0,0.005212,1.005212,1938.132349
2582,23143,23159,23147,0.000691,1.0,0.006945,1.006945,1456.98689
2583,23159,23167,23164,0.000345,1.0,0.006942,1.006942,2915.475594
2584,23167,23173,23169,0.000259,1.0,0.002603,1.002603,3871.717151
2585,23173,23189,23174,0.00069,1.0,0.006937,1.006937,1458.863056
2586,23189,23197,23191,0.000345,1.0,0.003467,1.003467,2909.176405
2587,23197,23201,23198,0.000172,1.0,0.005199,1.005199,5829.905407
2588,23201,23203,23202,8.6e-05,1.0,0.004332,1.004332,11651.25994
2589,23203,23209,23207,0.000259,1.0,0.002599,1.002599,3877.71879
2590,23209,23227,23213,0.000775,1.0,0.007793,1.007793,1299.941098
2591,23227,23251,23231,0.001033,1.0,0.010382,1.010382,978.344565
2592,23251,23269,23255,0.000774,1.0,0.007781,1.00778,1302.27624
2593,23269,23279,23271,0.00043,1.0,0.00432,1.00432,2337.45482
2594,23279,23291,23281,0.000515,1.0,0.005182,1.005182,1950.471888
2595,23291,23293,23292,8.6e-05,1.0,0.006908,1.006908,11726.446893
2596,23293,23297,23294,0.000172,1.0,0.00518,1.00518,5853.917796
2597,23297,23311,23299,0.000601,1.0,0.006041,1.006041,1674.627394
2598,23311,23321,23314,0.000429,1.0,0.004313,1.004313,2341.656666
2599,23321,23327,23323,0.000257,1.0,0.002587,1.002587,3897.390443
2600,23327,23333,23329,0.000257,1.0,0.002587,1.002587,3898.3907
2601,23333,23339,23337,0.000257,1.0,0.005172,1.005172,3909.448838
2602,23339,23357,23341,0.000771,1.0,0.007754,1.007754,1307.168821
2603,23357,23369,23362,0.000514,1.0,0.005167,1.005166,1956.975362
2604,23369,23371,23370,8.6e-05,1.0,0.012913,1.012913,11835.888098
2605,23371,23399,23377,0.001197,1.0,0.012045,1.012044,845.23768
2606,23399,23417,23401,0.000769,1.0,0.007736,1.007736,1310.504722
2607,23417,23431,23419,0.000598,1.0,0.006013,1.006013,1683.203961
2608,23431,23447,23434,0.000683,1.0,0.006869,1.006868,1474.999216
2609,23447,23459,23449,0.000512,1.0,0.005149,1.005149,1964.479079
2610,23459,23473,23461,0.000597,1.0,0.006004,1.006004,1686.205753
2611,23473,23497,23477,0.001022,1.0,0.010284,1.010284,988.605103
2612,23497,23509,23501,0.000511,1.0,0.005139,1.005139,1968.647961
2613,23509,23531,23513,0.000935,1.0,0.009415,1.009415,1079.155906
2614,23531,23537,23533,0.000255,1.0,0.002566,1.002566,3932.399407
2615,23537,23539,23538,8.5e-05,1.0,0.002566,1.002566,11799.199086
2616,23539,23549,23543,0.000425,1.0,0.004276,1.004276,2364.466442
2617,23549,23557,23551,0.00034,1.0,0.003419,1.003419,2954.19181
2618,23557,23561,23558,0.00017,1.0,0.001709,1.001709,5899.817164
2619,23561,23563,23562,8.5e-05,1.0,0.019655,1.019655,12012.549954
2620,23563,23567,23566,0.00017,1.0,0.001709,1.001709,5901.317504
2621,23567,23581,23573,0.000594,1.0,0.005979,1.005979,1693.924802
2622,23581,23593,23587,0.000509,1.0,0.005122,1.005122,1975.651615
2623,23593,23599,23597,0.000254,1.0,0.00256,1.00256,3942.735457
2624,23599,23603,23601,0.000169,1.0,0.001707,1.001707,5910.318988
2625,23603,23609,23605,0.000254,1.0,0.002559,1.002559,3944.402462
2626,23609,23623,23611,0.000593,1.0,0.005969,1.005969,1696.926413
2627,23623,23627,23626,0.000169,1.0,0.001705,1.001705,5916.320047
2628,23627,23629,23628,8.5e-05,1.0,0.009376,1.009376,11924.772037
2629,23629,23633,23631,0.000169,1.0,0.001705,1.001705,5917.820258
2630,23633,23663,23637,0.001269,1.0,0.012776,1.012775,798.336812
2631,23663,23669,23665,0.000254,1.0,0.002553,1.002553,3954.405001
2632,23669,23671,23670,8.4e-05,1.0,0.009361,1.009361,11945.791573
2633,23671,23677,23675,0.000253,1.0,0.005105,1.005105,3965.810932
2634,23677,23687,23678,0.000422,1.0,0.004253,1.004253,2378.272161
2635,23687,23689,23688,8.4e-05,1.0,0.01956,1.01956,12075.672621
2636,23689,23719,23699,0.001266,1.0,0.012749,1.012748,800.2061
2637,23719,23741,23721,0.000927,1.0,0.00934,1.009339,1088.710171
2638,23741,23743,23742,8.4e-05,1.0,0.004244,1.004244,11921.374976
2639,23743,23747,23745,0.000168,1.0,0.005092,1.005092,5966.475326
2640,23747,23753,23749,0.000253,1.0,0.007636,1.007636,3988.559136
2641,23753,23761,23755,0.000337,1.0,0.003393,1.003393,2979.700436
2642,23761,23767,23762,0.000252,1.0,0.005088,1.005088,3980.818268
2643,23767,23773,23771,0.000252,1.0,0.002543,1.002543,3971.742804
2644,23773,23789,23774,0.000673,1.0,0.006779,1.006779,1496.388624
2645,23789,23801,23791,0.000504,1.0,0.005082,1.005082,1992.993561
2646,23801,23813,23803,0.000504,1.0,0.00508,1.00508,1993.994066
2647,23813,23819,23818,0.000252,1.0,0.002539,1.002539,3979.411446
2648,23819,23827,23823,0.000336,1.0,0.006769,1.006769,2998.031702
2649,23827,23831,23830,0.000168,1.0,0.005076,1.005076,5987.486046
2650,23831,23833,23832,8.4e-05,1.0,0.009304,1.009304,12026.866601
2651,23833,23857,23839,0.001007,1.0,0.010145,1.010144,1003.620409
2652,23857,23869,23861,0.000503,1.0,0.005069,1.005069,1998.663166
2653,23869,23873,23871,0.000168,1.0,0.005067,1.005067,5997.991203
2654,23873,23879,23878,0.000251,1.0,0.002533,1.002533,3989.413962
2655,23879,23887,23882,0.000335,1.0,0.003377,1.003377,2995.455769
2656,23887,23893,23889,0.000251,1.0,0.002532,1.002532,3991.747756
2657,23893,23899,23897,0.000251,1.0,0.002531,1.002531,3992.748091
2658,23899,23909,23906,0.000418,1.0,0.004218,1.004218,2400.481745
2659,23909,23911,23910,8.4e-05,1.0,0.005903,1.005903,12025.574337
2660,23911,23917,23915,0.000251,1.0,0.00253,1.00253,3995.748844
2661,23917,23929,23918,0.000502,1.0,0.005057,1.005057,2003.665553
2662,23929,23957,23935,0.001169,1.0,0.011792,1.011791,865.18985
2663,23957,23971,23962,0.000584,1.0,0.005891,1.005891,1721.798315
2664,23971,23977,23974,0.00025,1.0,0.002524,1.002524,4005.751308
2665,23977,23981,23979,0.000167,1.0,0.001682,1.001682,6004.834878
2666,23981,23993,23983,0.0005,1.0,0.005045,1.005045,2009.0016
2667,23993,24001,23995,0.000333,1.0,0.003362,1.003362,3009.71049
2668,24001,24007,24005,0.00025,1.0,0.002521,1.002521,4010.752601
2669,24007,24019,24011,0.0005,1.0,0.00504,1.00504,2011.169434
2670,24019,24023,24022,0.000167,1.0,0.00168,1.00168,6015.33667
2671,24023,24029,24027,0.00025,1.0,0.002519,1.002519,4014.420184
2672,24029,24043,24031,0.000582,1.0,0.005875,1.005875,1726.944049
2673,24043,24049,24047,0.00025,1.0,0.002517,1.002517,4017.754349
2674,24049,24061,24051,0.000499,1.0,0.005032,1.005032,2014.671099
2675,24061,24071,24065,0.000416,1.0,0.004192,1.004192,2416.688375
2676,24071,24077,24074,0.000249,1.0,0.002514,1.002514,4022.422138
2677,24077,24083,24082,0.000249,1.0,0.002514,1.002514,4023.42247
2678,24083,24091,24085,0.000332,1.0,0.003351,1.003351,3020.964234
2679,24091,24097,24093,0.000249,1.0,0.005025,1.005025,4035.845937
2680,24097,24103,24098,0.000249,1.0,0.002512,1.002512,4026.756468
2681,24103,24107,24105,0.000166,1.0,0.005023,1.005023,6056.520468
2682,24107,24109,24108,8.3e-05,1.0,0.014231,1.014231,12225.535056
2683,24109,24113,24110,0.000166,1.0,0.005022,1.005022,6058.021091
2684,24113,24121,24117,0.000332,1.0,0.003347,1.003347,3024.715562
2685,24121,24133,24127,0.000497,1.0,0.005019,1.005019,2020.674254
2686,24133,24137,24134,0.000166,1.0,0.005017,1.005017,6064.024075
2687,24137,24151,24139,0.00058,1.0,0.005852,1.005852,1734.662819
2688,24151,24169,24155,0.000745,1.0,0.007519,1.007519,1352.314221
2689,24169,24179,24173,0.000414,1.0,0.004175,1.004175,2427.492854
2690,24179,24181,24180,8.3e-05,1.0,0.019201,1.019201,12322.145438
2691,24181,24197,24191,0.000661,1.0,0.006677,1.006676,1521.906015
2692,24197,24203,24199,0.000248,1.0,0.002503,1.002503,4043.427317
2693,24203,24223,24207,0.000826,1.0,0.008338,1.008338,1220.744122
2694,24223,24229,24226,0.000248,1.0,0.0025,1.0025,4047.761766
2695,24229,24239,24233,0.000413,1.0,0.004166,1.004166,2433.495333
2696,24239,24247,24241,0.00033,1.0,0.003332,1.003332,3040.470691
2697,24247,24251,24249,0.000165,1.0,0.004996,1.004996,6092.538337
2698,24251,24281,24253,0.001236,1.0,0.012482,1.012482,818.96255
2699,24281,24317,24283,0.001482,0.999999,0.01496,1.014959,685.06926
2700,24317,24329,24319,0.000493,1.0,0.004982,1.004982,2037.015515
2701,24329,24337,24331,0.000329,1.0,0.00332,1.00332,3051.724397
2702,24337,24359,24341,0.000904,1.0,0.009126,1.009126,1116.826889
2703,24359,24371,24361,0.000493,1.0,0.004975,1.004975,2040.517241
2704,24371,24373,24372,8.2e-05,1.0,0.006631,1.006631,12266.809494
2705,24373,24379,24377,0.000246,1.0,0.002486,1.002486,4072.76798
2706,24379,24391,24383,0.000492,2.0,0.004971,2.004971,4074.268048
2707,24391,24407,24394,0.000656,1.0,0.006625,1.006624,1535.039374
2708,24407,24413,24409,0.000246,1.0,0.00745,1.00745,4098.641373
2709,24413,24419,24417,0.000246,1.0,0.004965,1.004965,4089.539321
2710,24419,24421,24420,8.2e-05,1.0,0.019031,1.019031,12442.372601
2711,24421,24439,24422,0.000737,1.0,0.007444,1.007444,1367.325216
2712,24439,24443,24441,0.000164,1.0,0.001654,1.001654,6120.353963
2713,24443,24469,24445,0.001063,1.0,0.010742,1.010742,950.719211
2714,24469,24473,24471,0.000163,1.0,0.003304,1.003304,6137.960434
2715,24473,24481,24478,0.000327,1.0,0.003303,1.003303,3069.730421
2716,24481,24499,24482,0.000735,1.0,0.007428,1.007427,1370.661004
2717,24499,24509,24501,0.000408,1.0,0.004124,1.004124,2460.506333
2718,24509,24517,24511,0.000326,1.0,0.003298,1.003298,3074.231768
2719,24517,24527,24523,0.000408,1.0,0.004122,1.004122,2462.307231
2720,24527,24533,24529,0.000245,1.0,0.002472,1.002472,4098.440863
2721,24533,24547,24537,0.00057,1.0,0.005767,1.005766,1762.96489
2722,24547,24551,24549,0.000163,1.0,0.008235,1.008235,6187.792078
2723,24551,24571,24553,0.000814,1.0,0.008231,1.008231,1238.158318
2724,24571,24593,24573,0.000895,1.0,0.009048,1.009047,1127.472742
2725,24593,24611,24595,0.000732,1.0,0.007397,1.007397,1376.887832
2726,24611,24623,24613,0.000487,1.0,0.004929,1.004929,2061.527534
2727,24623,24631,24627,0.000325,1.0,0.003285,1.003285,3088.48649
2728,24631,24659,24649,0.001136,2.0,0.005745,2.005744,1765.412892
2729,24659,24671,24663,0.000487,1.0,0.00492,1.00492,2065.529564
2730,24671,24677,24673,0.000243,1.0,0.002459,1.002459,4122.446717
2731,24677,24683,24679,0.000243,1.0,0.007376,1.007376,4143.674376
2732,24683,24691,24685,0.000324,1.0,0.003277,1.003277,3095.988843
2733,24691,24697,24693,0.000243,1.0,0.002458,1.002457,4125.780861
2734,24697,24709,24699,0.000486,1.0,0.004913,1.004913,2068.697689
2735,24709,24733,24711,0.000971,1.0,0.00982,1.00982,1040.156347
2736,24733,24749,24737,0.000647,1.0,0.006542,1.006542,1556.42834
2737,24749,24763,24751,0.000566,1.0,0.005721,1.005721,1778.402147
2738,24763,24767,24764,0.000162,1.0,0.008171,1.008171,6241.835677
2739,24767,24781,24773,0.000565,1.0,0.005717,1.005717,1779.68875
2740,24781,24793,24782,0.000484,1.0,0.004898,1.004898,2075.701045
2741,24793,24799,24797,0.000242,1.0,0.002448,1.002448,4142.785064
2742,24799,24809,24802,0.000403,1.0,0.004079,1.004079,2490.518545
2743,24809,24821,24811,0.000484,1.0,0.004893,1.004893,2078.035548
2744,24821,24841,24823,0.000805,1.0,0.008151,1.008151,1251.669257
2745,24841,24847,24842,0.000242,1.0,0.002444,1.002444,4150.786877
2746,24847,24851,24848,0.000161,1.0,0.006517,1.006516,6252.732077
2747,24851,24859,24853,0.000322,1.0,0.003258,1.003258,3116.995626
2748,24859,24877,24861,0.000724,1.0,0.007326,1.007326,1391.67637
2749,24877,24889,24879,0.000482,1.0,0.004881,1.004881,2083.704952
2750,24889,24907,24891,0.000723,1.0,0.007318,1.007318,1393.344243
2751,24907,24917,24911,0.000401,1.0,0.004064,1.004063,2501.322931
2752,24917,24919,24918,8e-05,1.0,0.002438,1.002438,12489.37001
2753,24919,24923,24922,0.000161,1.0,0.004875,1.004875,6260.620465
2754,24923,24943,24929,0.000802,1.0,0.008121,1.008121,1256.77352
2755,24943,24953,24946,0.000401,1.0,0.004058,1.004058,2504.924335
2756,24953,24967,24958,0.000561,1.0,0.005679,1.005679,1792.981906
2757,24967,24971,24968,0.00016,1.0,0.004866,1.004866,6272.625997
2758,24971,24977,24974,0.00024,1.0,0.002433,1.002433,4172.458844
2759,24977,24979,24978,8e-05,1.0,0.005675,1.005675,12559.880228
2760,24979,24989,24982,0.0004,1.0,0.004053,1.004053,2508.525777
