k,count,possible_g,mean_g,min_g,max_g,num_possible_g,level_share,mean_compress,tau4_share,square_share
3,5422,[2],2.0,2,2,1,0.0002,1.0,0.0002,0.0
5,1781,[4],4.0,4,4,1,0.0006,2.187,0.3172,0.0
7,2435,"[4, 6]",5.3791,4,6,2,0.0,2.4366,0.5914,0.0012
9,2147,"[4, 8]",6.217,4,8,2,0.0005,2.5799,0.6544,0.0009
11,1726,"[4, 6, 8, 10]",7.2457,4,10,4,0.0012,2.9189,0.7451,0.0006
13,1720,"[4, 6, 8, 10, 12]",8.2953,4,12,5,0.0006,3.2134,0.8017,0.0017
15,1582,"[8, 14]",11.182,8,14,2,0.0,3.5815,0.9191,0.0051
17,1296,"[4, 6, 8, 10, 12, 14, 16]",9.6127,4,16,7,0.0015,3.2245,0.831,0.0031
19,1280,"[4, 6, 8, 10, 12, 14, 16, 18]",10.8203,4,18,8,0.0008,3.3195,0.8641,0.0023
21,1636,"[8, 10, 16, 20]",12.7873,8,20,4,0.0,3.632,0.9358,0.0031
23,1003,"[4, 6, 8, 10, 12, 14, 16, 18, 20, 22]",11.8225,4,22,10,0.0,3.346,0.8514,0.002
25,1010,"[6, 12, 16, 18, 22, 24]",13.1921,6,24,6,0.002,3.3307,0.8802,0.002
27,911,"[10, 14, 16, 20, 22, 26]",16.1405,10,26,6,0.0,3.82,0.966,0.0033
29,812,"[4, 6, 8, 10, 12, 14, 16, 18, 20, 22, 24, 26, 28]",13.6847,4,28,13,0.0012,3.5419,0.8842,0.0
31,760,"[4, 6, 8, 10, 12, 14, 16, 18, 20, 22, 24, 26, 28, 30]",13.9342,4,30,14,0.0026,3.4711,0.8539,0.0053
33,594,"[14, 16, 20, 26, 28, 32]",20.1751,14,32,6,0.0017,3.8737,0.9865,0.0118
35,505,"[12, 18, 22, 24, 26, 32, 34]",18.6257,12,34,7,0.0,4.0119,0.9901,0.002
37,617,"[4, 6, 8, 10, 12, 14, 16, 18, 20, 22, 24, 26, 28, 30, 32, 34, 36]",14.6353,4,36,17,0.0,3.3436,0.8655,0.0016
39,494,"[14, 16, 20, 22, 28, 32, 34, 38]",21.17,14,38,8,0.0,3.8644,0.9899,0.0081
41,528,"[4, 6, 8, 10, 12, 14, 16, 18, 20, 22, 24, 26, 28, 30, 32, 34, 36, 38, 40]",14.875,4,40,19,0.0038,3.4602,0.8731,0.0019
43,517,"[4, 6, 8, 10, 12, 14, 16, 18, 20, 22, 24, 26, 28, 30, 32, 34, 36, 38, 40, 42]",15.47,4,42,20,0.0019,3.5687,0.8704,0.0019
45,245,"[16, 22, 26, 28, 32, 34, 38, 44]",27.6571,16,44,8,0.0,3.9469,1.0,0.0
47,459,"[4, 6, 8, 10, 12, 14, 16, 18, 20, 22, 24, 26, 28, 30, 32, 34, 36, 38, 40, 42, 44, 46]",16.4532,4,46,22,0.0022,3.5534,0.8671,0.0044
49,232,"[12, 18, 22, 24, 26, 30, 34, 36, 38, 40, 44, 46, 48]",22.1207,12,48,13,0.0,4.1595,0.9914,0.0
51,238,"[20, 22, 26, 28, 32, 38, 40, 44, 46, 50]",26.2857,20,50,10,0.0042,3.9076,0.9958,0.0042
53,392,"[4, 6, 8, 10, 12, 14, 16, 18, 20, 22, 24, 26, 28, 30, 32, 34, 36, 38, 40, 42, 44, 46, 48, 50, 52]",15.7041,4,52,25,0.0051,3.4133,0.875,0.0
55,220,"[12, 18, 24, 34, 36, 38, 42, 46, 48, 52, 54]",22.3091,12,54,11,0.0,3.7091,0.9818,0.0091
57,205,"[20, 22, 26, 28, 32, 34, 40, 44, 46, 50, 52, 56]",27.6,20,56,12,0.0,3.9415,1.0,0.0
59,332,"[4, 6, 8, 10, 12, 14, 16, 18, 20, 22, 24, 26, 28, 30, 32, 34, 36, 38, 40, 42, 46, 48, 50, 54, 58]",16.3855,4,58,25,0.003,3.5934,0.8735,0.003
61,336,"[4, 6, 8, 10, 12, 14, 16, 18, 20, 22, 24, 26, 28, 30, 32, 34, 36, 38, 40, 42, 44, 46, 54, 58, 60]",15.6012,4,60,25,0.0,3.6339,0.872,0.003
63,67,"[22, 26, 32, 34, 38, 40, 44, 46, 50, 52, 58]",36.4776,22,58,11,0.0,4.3433,0.9851,0.0149
65,84,"[18, 24, 36, 42, 44, 48, 54, 56, 58]",25.2381,18,58,9,0.0,4.3571,1.0,0.0
67,297,"[4, 6, 8, 10, 12, 14, 16, 18, 20, 22, 24, 26, 28, 30, 32, 36, 38, 40, 42, 44, 48, 50, 56, 60, 62]",15.6027,4,62,25,0.0034,3.6431,0.8586,0.0034
69,79,"[26, 28, 32, 34, 38, 40, 44, 56, 58, 68]",33.5443,26,68,10,0.0,4.1013,1.0,0.0
71,270,"[4, 6, 8, 10, 12, 14, 16, 18, 20, 22, 24, 26, 28, 30, 34, 36, 38, 40, 42, 44, 46, 54, 58]",15.0667,4,58,23,0.0037,3.363,0.863,0.0
73,241,"[4, 6, 8, 10, 12, 14, 16, 18, 20, 22, 24, 26, 28, 30, 32, 34, 36, 38, 40, 42, 46, 50, 52, 54, 60]",15.61,4,60,25,0.0083,3.4647,0.8423,0.0
75,60,"[26, 28, 32, 34, 38, 44, 46, 52, 58, 64]",32.6667,26,64,10,0.0,3.7833,0.9667,0.0333
77,112,"[12, 18, 24, 30, 34, 36, 38, 48, 50, 54, 58, 60, 64]",21.3929,12,64,13,0.0,3.9196,0.9554,0.0
79,228,"[4, 6, 8, 10, 12, 14, 16, 18, 20, 22, 24, 26, 28, 30, 32, 34, 36, 38, 40, 42, 50, 52, 56, 62, 78]",16.6754,4,78,25,0.0,3.636,0.8596,0.0
81,32,"[28, 32, 34, 38, 40, 44, 50, 70, 76]",36.8125,28,76,9,0.0,3.5938,1.0,0.0
83,248,"[4, 6, 8, 10, 12, 14, 16, 18, 20, 22, 24, 26, 28, 30, 34, 36, 40, 42, 44, 50, 54, 56, 60, 66]",16.0081,4,66,24,0.0,3.1694,0.8427,0.0081
85,47,"[18, 24, 36, 42, 54]",24.5106,18,54,5,0.0,3.6596,1.0,0.0
87,38,"[32, 34, 38, 40, 46, 56, 74]",39.7368,32,74,7,0.0,4.0263,0.9737,0.0263
89,214,"[4, 6, 8, 10, 12, 14, 16, 18, 20, 22, 24, 26, 28, 30, 32, 34, 36, 38, 42, 48, 52, 54]",16.2056,4,54,22,0.0047,3.8411,0.8832,0.0047
91,50,"[18, 24, 30, 36, 40, 54, 60, 76]",27.72,18,76,8,0.0,3.76,1.0,0.0
93,27,"[32, 34, 38, 40, 44, 50, 52, 58]",38.7407,32,58,8,0.0,3.5185,1.0,0.0
95,21,"[24, 36, 42, 48]",31.4286,24,48,4,0.0,3.4762,1.0,0.0
97,189,"[4, 6, 8, 10, 12, 14, 16, 18, 20, 22, 24, 26, 28, 30, 32, 36, 40, 42, 44, 48, 54]",15.0265,4,54,21,0.0,3.3069,0.8677,0.0106
99,12,"[34, 38, 40, 46, 50, 56]",42.0,34,56,6,0.0,3.3333,1.0,0.0
101,175,"[4, 6, 8, 10, 12, 14, 16, 18, 20, 22, 24, 26, 28, 30, 36, 40, 42, 46, 54, 58, 60]",15.0743,4,60,21,0.0229,3.64,0.8857,0.0114
103,143,"[4, 6, 8, 10, 12, 14, 16, 18, 20, 22, 24, 26, 28, 30, 34, 36, 42]",13.7622,4,42,17,0.007,3.4685,0.8601,0.007
105,4,[38],38.0,38,38,1,0.0,2.75,1.0,0.0
107,156,"[4, 6, 8, 10, 12, 14, 16, 18, 20, 22, 24, 26, 28, 30, 34, 36, 38, 40, 42, 46, 56, 60]",14.6282,4,60,22,0.0064,3.5321,0.8526,0.0064
109,170,"[4, 6, 8, 10, 12, 14, 16, 18, 20, 22, 24, 26, 28, 30, 32, 34, 36, 38, 40, 42, 44, 46, 48, 54, 60, 62]",16.8706,4,62,26,0.0176,3.7059,0.8882,0.0
111,17,"[38, 40, 44, 46, 50, 52, 56, 68]",46.5882,38,68,8,0.0,3.0,1.0,0.0
113,170,"[4, 6, 8, 10, 12, 14, 16, 18, 20, 22, 24, 26, 28, 30, 36, 38, 40, 44, 48, 54, 60]",14.1882,4,60,21,0.0059,3.1294,0.8294,0.0
115,24,"[24, 36, 42, 48, 66]",34.0,24,66,5,0.0,4.0,1.0,0.0
117,8,"[40, 44, 46, 56]",43.25,40,56,4,0.0,2.75,1.0,0.0
119,33,"[18, 24, 30, 36, 52, 54]",27.7576,18,54,6,0.0,4.6061,1.0,0.0
121,49,"[12, 18, 24, 36, 42, 48]",18.0,12,48,6,0.0,3.2857,0.9796,0.0
123,7,"[44, 46, 62, 64]",50.0,44,64,4,0.0,2.1429,1.0,0.0
125,8,"[36, 42, 48, 54]",42.0,36,54,4,0.0,4.0,1.0,0.0
127,128,"[4, 6, 8, 10, 12, 14, 16, 18, 20, 22, 24, 26, 28, 30, 32, 34, 36, 40, 42, 48, 60, 86]",15.7344,4,86,22,0.0156,3.3672,0.8203,0.0
129,12,"[44, 46, 50, 56, 58, 62, 70]",51.3333,44,70,7,0.0,4.5,1.0,0.0
131,135,"[4, 6, 8, 10, 12, 14, 16, 18, 20, 22, 24, 26, 28, 30, 34, 36, 40, 42, 46, 48, 54]",16.8296,4,54,21,0.0148,3.3259,0.8741,0.0074
133,16,"[24, 30, 48, 60]",29.25,24,60,4,0.0,3.5,1.0,0.0
135,3,"[46, 52, 58]",52.0,46,58,3,0.0,2.6667,1.0,0.0
137,119,"[4, 6, 8, 10, 12, 14, 16, 18, 20, 22, 24, 26, 28, 30, 34, 36, 38, 40, 42, 48, 52, 54, 58]",16.1008,4,58,23,0.0084,3.395,0.8403,0.0
139,116,"[4, 6, 8, 10, 12, 14, 16, 18, 22, 24, 26, 28, 30, 32, 34, 36, 42, 46, 58, 60]",15.3966,4,60,20,0.0,3.2328,0.8707,0.0086
141,4,"[50, 52, 70, 100]",68.0,50,100,4,0.0,2.5,1.0,0.0
143,22,"[18, 24, 30, 36, 46, 48]",28.0,18,48,6,0.0,3.3636,1.0,0.0
145,6,"[36, 42, 54]",40.0,36,54,3,0.0,4.3333,1.0,0.0
147,1,[50],50.0,50,50,1,0.0,2.0,1.0,0.0
149,118,"[4, 6, 8, 10, 12, 14, 16, 18, 20, 22, 24, 26, 28, 30, 34, 40, 42, 54, 62]",15.8475,4,62,19,0.0169,3.9322,0.8898,0.0085
151,114,"[4, 6, 8, 10, 12, 14, 16, 18, 20, 22, 24, 26, 30, 32, 36, 40, 42, 64]",15.5965,4,64,18,0.0175,3.7982,0.9123,0.0088
155,7,"[36, 42, 48]",40.2857,36,48,3,0.0,3.0,1.0,0.0
157,118,"[4, 6, 8, 10, 12, 14, 18, 20, 22, 24, 26, 28, 30, 34, 36, 40, 42, 48, 54, 64]",15.4576,4,64,20,0.0169,3.2797,0.8475,0.0
159,1,[70],70.0,70,70,1,0.0,9.0,1.0,0.0
161,15,"[24, 30, 36, 60]",30.8,24,60,4,0.0,3.6667,1.0,0.0
163,97,"[4, 6, 8, 10, 12, 14, 16, 18, 20, 22, 24, 28, 30, 34, 42, 54]",13.1753,4,54,16,0.0,3.0928,0.8351,0.0
167,90,"[4, 6, 8, 10, 12, 14, 16, 18, 20, 22, 24, 26, 28, 30, 36, 42]",14.3778,4,42,16,0.0111,3.4222,0.8667,0.0
169,12,"[18, 24, 30, 36, 48]",25.5,18,48,5,0.0,2.6667,1.0,0.0
173,96,"[4, 6, 8, 10, 12, 14, 16, 18, 20, 22, 24, 26, 28, 30, 36, 38, 40, 42, 46, 60]",15.8958,4,60,20,0.0,3.6146,0.8854,0.0
175,5,"[36, 48, 72]",48.0,36,72,3,0.0,3.6,1.0,0.0
177,3,"[70, 74]",71.3333,70,74,2,0.0,2.6667,1.0,0.0
179,81,"[4, 6, 8, 10, 12, 14, 16, 18, 20, 22, 24, 26, 28, 30, 32, 36, 46, 58]",13.4815,4,58,18,0.0123,3.3704,0.8642,0.0
181,77,"[4, 6, 8, 10, 12, 14, 16, 18, 20, 24, 28, 30, 32, 34, 36, 40, 54]",14.2597,4,54,17,0.0,3.6753,0.8182,0.0
183,2,"[68, 70]",69.0,68,70,2,0.0,5.0,1.0,0.0
185,2,[42],42.0,42,42,1,0.0,1.5,1.0,0.0
187,17,"[18, 24, 30, 36, 48]",26.1176,18,48,5,0.0,3.8824,1.0,0.0
191,74,"[4, 6, 8, 10, 12, 14, 16, 18, 20, 22, 24, 26, 30, 36, 38, 42]",13.027,4,42,16,0.0,3.527,0.8108,0.0
193,62,"[4, 6, 8, 10, 12, 14, 18, 20, 22, 24, 26, 28, 30, 36, 50, 80]",15.8065,4,80,16,0.0161,3.6774,0.8871,0.0
197,81,"[4, 6, 8, 10, 12, 14, 16, 18, 20, 22, 24, 30, 34, 36, 42, 60, 68]",15.0617,4,68,17,0.0247,3.5679,0.8765,0.0
199,75,"[4, 6, 10, 12, 14, 18, 22, 24, 26, 28, 30, 34, 36, 40, 42, 44, 52, 60]",15.7067,4,60,18,0.0267,3.2933,0.8,0.0133
201,1,[70],70.0,70,70,1,0.0,10.0,1.0,0.0
203,9,"[30, 36, 60]",36.0,30,60,3,0.0,3.1111,1.0,0.0
205,1,[42],42.0,42,42,1,0.0,1.0,1.0,0.0
209,10,"[24, 30, 36]",28.8,24,36,3,0.0,5.8,0.9,0.1
211,61,"[4, 6, 8, 10, 12, 14, 16, 18, 20, 22, 24, 26, 28, 30, 32, 34, 36, 38]",14.918,4,38,18,0.0,3.4918,0.8525,0.0
215,1,[54],54.0,54,54,1,0.0,2.0,1.0,0.0
217,2,"[36, 48]",42.0,36,48,2,0.0,2.0,1.0,0.0
221,15,"[18, 24, 30, 48, 54, 60]",30.0,18,60,6,0.0,2.8667,1.0,0.0
223,48,"[4, 6, 10, 12, 14, 16, 20, 22, 24, 26, 28, 30, 32, 34, 40, 42, 48]",15.7917,4,48,17,0.0417,3.5208,0.7917,0.0
227,69,"[4, 6, 8, 10, 12, 14, 16, 18, 20, 22, 24, 26, 30, 36, 42]",14.5217,4,42,15,0.0435,3.8116,0.8696,0.0
229,56,"[4, 6, 8, 10, 12, 14, 16, 18, 20, 22, 24, 26, 30, 32, 34, 36, 40]",14.75,4,40,17,0.0,3.7143,0.9286,0.0
233,54,"[4, 6, 8, 10, 12, 14, 16, 18, 22, 24, 28, 30, 36, 40, 48, 60]",14.2593,4,60,16,0.037,2.9815,0.7778,0.0
239,61,"[4, 6, 8, 10, 12, 14, 16, 18, 20, 26, 30, 34, 36, 40, 46, 50]",15.4754,4,50,16,0.0,3.5246,0.8525,0.0
241,52,"[4, 6, 8, 10, 12, 14, 18, 20, 24, 26, 28, 30, 36]",13.7308,4,36,13,0.0,3.5962,0.8654,0.0
245,1,[54],54.0,54,54,1,0.0,3.0,1.0,0.0
247,4,"[24, 30, 36]",28.5,24,36,3,0.0,3.0,1.0,0.0
251,52,"[4, 6, 8, 10, 12, 14, 16, 18, 20, 22, 24, 26, 28, 30, 36, 40]",14.9231,4,40,16,0.0769,3.0,0.8462,0.0
253,7,"[24, 30, 36, 72]",35.1429,24,72,4,0.0,2.2857,1.0,0.0
257,45,"[4, 6, 8, 10, 12, 14, 18, 22, 24, 34, 40, 48]",12.6222,4,48,12,0.0667,3.4444,0.8667,0.0
263,39,"[4, 6, 8, 12, 14, 18, 20, 22, 24, 30, 56]",14.1538,4,56,11,0.0513,3.2821,0.7692,0.0
269,51,"[4, 6, 8, 10, 12, 16, 18, 20, 22, 24, 28, 30, 40, 42]",13.5686,4,42,14,0.0,3.0392,0.8235,0.0
271,45,"[4, 6, 8, 10, 12, 14, 16, 18, 20, 22, 24, 28, 30]",12.9778,4,30,13,0.0222,3.6667,0.9333,0.0
277,42,"[4, 6, 8, 10, 12, 14, 18, 20, 24, 30, 34, 48]",12.2381,4,48,12,0.0,2.4762,0.8333,0.0
281,38,"[4, 6, 8, 10, 12, 14, 18, 20, 22, 24, 30, 36]",14.2632,4,36,12,0.0,4.0526,0.8684,0.0
283,36,"[4, 6, 8, 10, 12, 14, 18, 24, 30, 40]",12.2222,4,40,10,0.0556,2.7222,0.7222,0.0
289,10,"[18, 24, 30, 36]",25.8,18,36,4,0.0,3.7,1.0,0.0
293,24,"[4, 6, 10, 12, 18, 24, 30, 36, 40, 50]",15.0,4,50,10,0.0833,4.25,0.8333,0.0417
299,5,"[24, 30, 36, 54]",33.6,24,54,4,0.0,7.4,0.8,0.2
307,43,"[4, 6, 8, 10, 12, 14, 16, 18, 20, 24, 30, 40, 46, 48]",15.7209,4,48,14,0.0465,3.3488,0.8605,0.0
311,33,"[4, 6, 8, 10, 12, 14, 16, 18, 22, 24, 30, 36, 42]",12.9091,4,42,13,0.0303,3.3333,0.8182,0.0303
313,25,"[4, 6, 8, 10, 12, 14, 16, 18, 30, 42, 54]",17.84,4,54,11,0.08,4.0,0.88,0.04
317,27,"[4, 6, 10, 12, 18, 20, 24, 30, 42]",13.4815,4,42,9,0.037,3.4815,0.8148,0.037
319,3,[30],30.0,30,30,1,0.0,4.3333,1.0,0.0
323,11,"[24, 30, 42, 54]",30.0,24,54,4,0.0,3.3636,1.0,0.0
331,29,"[6, 10, 12, 14, 16, 18, 20, 24, 26, 28, 30, 40, 48]",17.3103,6,48,13,0.0,3.7241,0.9655,0.0
337,25,"[4, 6, 8, 10, 12, 14, 24, 26, 30, 38]",12.48,4,38,10,0.04,3.24,0.76,0.0
341,1,[36],36.0,36,36,1,0.0,2.0,1.0,0.0
347,33,"[4, 6, 10, 12, 16, 18, 22, 24, 28, 30, 36, 40, 54]",15.7576,4,54,13,0.0909,3.5152,0.8788,0.0
349,29,"[4, 6, 8, 10, 12, 14, 22, 24, 30, 72]",15.0345,4,72,10,0.0,2.931,0.8621,0.0
353,34,"[4, 6, 8, 10, 12, 14, 16, 18, 22, 24, 28, 30, 42, 56]",15.0,4,56,14,0.0,3.9118,0.9118,0.0
359,17,"[4, 6, 10, 12, 14, 18, 20, 30]",16.2353,4,30,8,0.0,3.1176,0.8235,0.0
361,3,"[30, 42, 48]",40.0,30,48,3,0.0,3.3333,1.0,0.0
367,24,"[4, 6, 8, 10, 12, 14, 18, 24, 26, 42, 60]",14.9167,4,60,11,0.125,3.5,0.9167,0.0
371,2,"[60, 90]",75.0,60,90,2,0.0,3.0,1.0,0.0
373,18,"[4, 6, 8, 10, 12, 14, 16, 18, 24, 26, 30, 60]",18.8889,4,60,12,0.0556,3.6111,0.8889,0.0
379,19,"[4, 6, 12, 14, 16, 18, 24, 26, 30]",14.8421,4,30,9,0.1053,3.3684,0.8947,0.0
383,17,"[12, 18, 22, 24, 30, 34, 48]",23.0588,12,48,7,0.1176,4.4118,0.9412,0.0588
389,20,"[4, 6, 12, 18, 20, 24, 28, 30, 36, 44]",17.7,4,44,10,0.05,2.95,0.8,0.0
391,3,"[36, 60]",44.0,36,60,2,0.0,3.0,1.0,0.0
397,18,"[4, 6, 8, 10, 12, 18, 24, 30]",16.0,4,30,8,0.0556,4.4444,1.0,0.0
401,27,"[4, 6, 10, 12, 14, 18, 22, 24, 30, 44, 48]",15.1852,4,48,11,0.1111,3.1852,0.7778,0.0
407,1,[42],42.0,42,42,1,0.0,6.0,1.0,0.0
409,12,"[6, 12, 18, 24, 30, 42]",18.0,6,42,6,0.0833,3.9167,1.0,0.0
419,15,"[6, 12, 16, 18, 30, 40, 42]",18.0,6,42,7,0.0,3.7333,0.8667,0.0
421,12,"[4, 6, 12, 18, 24, 40]",16.1667,4,40,6,0.0,4.0833,0.8333,0.0
431,11,"[4, 6, 10, 12, 18, 24, 34, 36]",18.5455,4,36,8,0.2727,3.1818,1.0,0.0
433,12,"[4, 6, 12, 14, 18, 24, 36, 42]",19.3333,4,42,8,0.0833,3.1667,0.8333,0.0
437,5,"[24, 30]",28.8,24,30,2,0.0,3.2,1.0,0.0
439,15,"[6, 12, 18, 24, 36, 42]",17.2,6,42,6,0.0,3.9333,1.0,0.0
443,5,"[6, 18, 30, 32]",18.4,6,32,4,0.0,5.2,1.0,0.0
449,12,"[6, 8, 12, 16, 18, 30, 36]",16.0,6,36,7,0.0833,2.5,0.8333,0.0
451,1,[48],48.0,48,48,1,0.0,2.0,1.0,0.0
457,15,"[6, 12, 24]",10.4,6,24,3,0.2,2.9333,0.8,0.0667
461,10,"[6, 12, 18, 30]",13.2,6,30,4,0.1,3.8,0.9,0.0
463,14,"[6, 10, 12, 18, 24, 30, 36, 66, 78]",23.8571,6,78,9,0.0714,4.7857,0.8571,0.0
467,7,"[6, 12, 18]",10.2857,6,18,3,0.1429,4.2857,0.8571,0.0
479,9,"[6, 12, 18, 30, 42, 54]",21.3333,6,54,6,0.0,4.6667,1.0,0.0
481,2,"[48, 66]",57.0,48,66,2,0.0,3.0,1.0,0.0
487,12,"[6, 10, 12, 18, 24]",12.8333,6,24,5,0.25,2.8333,1.0,0.0
491,9,"[6, 12, 30]",10.0,6,30,3,0.0,2.3333,0.5556,0.0
493,2,"[30, 36]",33.0,30,36,2,0.0,2.0,1.0,0.0
499,6,"[6, 12, 18, 66]",20.0,6,66,4,0.0,3.8333,1.0,0.0
503,12,"[6, 12, 18, 24, 30]",16.0,6,30,5,0.0,3.0,0.8333,0.0
509,10,"[6, 24, 30, 36, 48]",21.0,6,48,5,0.1,3.2,0.9,0.0
521,10,"[4, 6, 8, 12, 24, 30]",13.2,4,30,6,0.3,2.6,0.8,0.0
523,9,"[6, 12, 14, 18, 24]",16.2222,6,24,5,0.1111,4.6667,0.7778,0.0
529,1,[30],30.0,30,30,1,0.0,6.0,1.0,0.0
541,11,"[6, 12, 18, 30]",13.6364,6,30,4,0.0,3.4545,0.8182,0.0
547,7,"[6, 12, 30]",13.7143,6,30,3,0.0,3.7143,0.8571,0.0
551,1,[30],30.0,30,30,1,0.0,6.0,0.0,1.0
557,6,"[6, 12, 24, 30]",14.0,6,30,4,0.3333,3.1667,0.8333,0.0
563,9,"[4, 6, 10, 12, 18, 24, 36]",14.2222,4,36,7,0.2222,3.2222,0.6667,0.0
569,8,"[6, 12, 18, 24, 30]",19.5,6,30,5,0.125,2.75,1.0,0.0
571,5,"[6, 10, 14, 16]",10.4,6,16,4,0.6,2.2,0.8,0.0
577,9,"[6, 12, 18, 54]",14.0,6,54,4,0.0,3.7778,0.8889,0.0
587,4,"[6, 12, 18]",12.0,6,18,3,0.25,4.0,0.75,0.0
593,4,"[4, 6, 18]",8.5,4,18,3,0.25,2.0,0.75,0.0
599,5,"[6, 18]",10.8,6,18,2,0.0,4.0,0.8,0.0
601,3,"[6, 12, 18]",12.0,6,18,3,0.3333,3.3333,1.0,0.0
607,10,"[6, 12, 18, 30]",13.2,6,30,4,0.1,3.8,1.0,0.0
613,2,"[6, 30]",18.0,6,30,2,0.0,2.0,1.0,0.0
617,5,"[6, 18, 30]",13.2,6,30,3,0.0,4.0,0.8,0.0
619,5,"[6, 10, 12, 18]",10.4,6,18,4,0.2,2.4,0.8,0.0
631,5,"[6, 12]",7.2,6,12,2,0.0,3.4,1.0,0.0
641,6,"[6, 12]",8.0,6,12,2,0.1667,2.5,0.5,0.0
643,7,"[6, 16, 22, 24, 30, 66]",24.2857,6,66,6,0.4286,3.1429,1.0,0.0
647,5,"[6, 18, 24]",12.0,6,24,3,0.2,2.0,0.8,0.0
653,4,"[6, 12, 42]",16.5,6,42,3,0.0,2.75,1.0,0.0
659,7,"[6, 12, 18]",11.1429,6,18,3,0.1429,2.8571,1.0,0.0
661,4,"[6, 12, 18]",13.5,6,18,3,0.0,2.0,1.0,0.0
673,1,[10],10.0,10,10,1,1.0,2.0,1.0,0.0
677,4,"[6, 12]",10.5,6,12,2,0.0,2.5,0.75,0.0
683,1,[42],42.0,42,42,1,0.0,3.0,1.0,0.0
691,2,"[30, 60]",45.0,30,60,2,0.0,5.0,1.0,0.0
701,2,"[6, 12]",9.0,6,12,2,1.0,5.0,1.0,0.0
709,3,"[6, 18]",14.0,6,18,2,0.0,3.6667,0.6667,0.0
719,4,"[6, 10, 12]",8.5,6,12,3,0.25,4.25,0.75,0.0
727,3,"[6, 10]",7.3333,6,10,2,0.6667,2.3333,1.0,0.0
733,4,"[4, 6, 12]",8.5,4,12,3,0.25,3.75,1.0,0.0
739,1,[12],12.0,12,12,1,0.0,1.0,1.0,0.0
743,1,[18],18.0,18,18,1,1.0,2.0,1.0,0.0
751,1,[6],6.0,6,6,1,1.0,2.0,1.0,0.0
757,2,"[12, 18]",15.0,12,18,2,0.5,2.0,1.0,0.0
761,1,[26],26.0,26,26,1,1.0,2.0,1.0,0.0
787,1,[30],30.0,30,30,1,1.0,4.0,1.0,0.0
809,2,"[6, 36]",21.0,6,36,2,1.0,3.0,1.0,0.0
811,1,[4],4.0,4,4,1,1.0,2.0,0.0,0.0
821,1,[18],18.0,18,18,1,1.0,3.0,1.0,0.0
823,1,[4],4.0,4,4,1,1.0,1.0,1.0,0.0
857,1,[14],14.0,14,14,1,1.0,2.0,1.0,0.0
859,1,[16],16.0,16,16,1,1.0,1.0,1.0,0.0
877,3,"[6, 12]",10.0,6,12,2,1.0,2.6667,1.0,0.0
881,2,"[18, 24]",21.0,18,24,2,1.0,4.5,1.0,0.0
887,2,"[6, 12]",9.0,6,12,2,1.0,1.5,1.0,0.0
907,1,[10],10.0,10,10,1,1.0,2.0,1.0,0.0
911,3,"[6, 8, 10]",8.0,6,10,3,1.0,2.3333,1.0,0.0
919,3,"[10, 18, 22]",16.6667,10,22,3,1.0,3.3333,1.0,0.0
929,2,"[6, 16]",11.0,6,16,2,1.0,3.5,0.0,0.5
937,3,"[14, 18, 34]",22.0,14,34,3,1.0,4.0,1.0,0.0
941,1,[6],6.0,6,6,1,1.0,2.0,1.0,0.0
947,3,"[20, 24, 42]",28.6667,20,42,3,1.0,2.3333,1.0,0.0
967,1,[8],8.0,8,8,1,1.0,2.0,1.0,0.0
971,2,"[6, 28]",17.0,6,28,2,1.0,1.5,1.0,0.0
983,3,"[4, 20, 58]",27.3333,4,58,3,1.0,2.6667,0.6667,0.0
997,1,[10],10.0,10,10,1,1.0,4.0,1.0,0.0
1013,1,[18],18.0,18,18,1,1.0,4.0,1.0,0.0
1019,2,"[6, 34]",20.0,6,34,2,1.0,3.5,1.0,0.0
1033,2,"[10, 16]",13.0,10,16,2,1.0,3.0,1.0,0.0
1051,1,[18],18.0,18,18,1,1.0,4.0,1.0,0.0
1061,2,"[4, 22]",13.0,4,22,2,1.0,3.0,1.0,0.0
1063,1,[18],18.0,18,18,1,1.0,4.0,1.0,0.0
1069,1,[22],22.0,22,22,1,1.0,4.0,1.0,0.0
1091,1,[6],6.0,6,6,1,1.0,2.0,1.0,0.0
1093,2,"[6, 18]",12.0,6,18,2,1.0,2.0,1.0,0.0
1097,2,"[6, 14]",10.0,6,14,2,1.0,5.5,0.5,0.0
1103,1,[6],6.0,6,6,1,1.0,3.0,0.0,0.0
1109,1,[28],28.0,28,28,1,1.0,6.0,1.0,0.0
1117,2,"[6, 10]",8.0,6,10,2,1.0,3.5,1.0,0.0
1151,2,"[4, 12]",8.0,4,12,2,1.0,2.0,1.0,0.0
1153,1,[4],4.0,4,4,1,1.0,3.0,1.0,0.0
1163,3,"[6, 10, 12]",9.3333,6,12,3,1.0,4.0,0.6667,0.0
1171,3,"[6, 16, 18]",13.3333,6,18,3,1.0,1.3333,0.6667,0.0
1181,1,[6],6.0,6,6,1,1.0,2.0,1.0,0.0
1187,1,[10],10.0,10,10,1,1.0,3.0,1.0,0.0
1193,1,[14],14.0,14,14,1,1.0,2.0,1.0,0.0
1201,1,[40],40.0,40,40,1,1.0,6.0,1.0,0.0
1217,2,"[6, 12]",9.0,6,12,2,1.0,3.0,1.0,0.0
1223,2,"[4, 20]",12.0,4,20,2,1.0,2.5,0.5,0.0
1231,3,"[4, 8, 12]",8.0,4,12,3,1.0,3.6667,0.6667,0.0
1237,1,[8],8.0,8,8,1,1.0,2.0,0.0,1.0
1249,1,[18],18.0,18,18,1,1.0,4.0,1.0,0.0
1277,2,"[6, 12]",9.0,6,12,2,1.0,2.0,1.0,0.0
1283,2,"[6, 14]",10.0,6,14,2,1.0,2.0,1.0,0.0
1289,1,[36],36.0,36,36,1,1.0,6.0,1.0,0.0
1291,2,"[4, 8]",6.0,4,8,2,1.0,2.0,0.5,0.0
1297,1,[12],12.0,12,12,1,1.0,3.0,1.0,0.0
1301,2,"[4, 34]",19.0,4,34,2,1.0,3.0,1.0,0.0
1307,2,[12],12.0,12,12,1,1.0,4.5,1.0,0.0
1319,1,[12],12.0,12,12,1,1.0,2.0,1.0,0.0
1361,1,[6],6.0,6,6,1,1.0,2.0,0.0,1.0
1367,1,[22],22.0,22,22,1,1.0,4.0,1.0,0.0
1373,1,[16],16.0,16,16,1,1.0,2.0,1.0,0.0
1381,1,[6],6.0,6,6,1,1.0,2.0,1.0,0.0
1399,2,"[10, 12]",11.0,10,12,2,1.0,1.5,1.0,0.0
1409,1,[12],12.0,12,12,1,1.0,1.0,1.0,0.0
1423,2,"[6, 40]",23.0,6,40,2,1.0,1.5,1.0,0.0
1427,4,"[6, 8, 22, 30]",16.5,6,30,4,1.0,2.75,1.0,0.0
1439,2,"[10, 18]",14.0,10,18,2,1.0,2.5,1.0,0.0
1447,3,"[6, 8, 12]",8.6667,6,12,3,1.0,1.6667,1.0,0.0
1451,1,[10],10.0,10,10,1,1.0,4.0,1.0,0.0
1471,1,[10],10.0,10,10,1,1.0,4.0,1.0,0.0
1481,2,"[4, 6]",5.0,4,6,2,1.0,3.0,1.0,0.0
1483,1,[18],18.0,18,18,1,1.0,2.0,1.0,0.0
1487,3,"[6, 12]",10.0,6,12,2,1.0,3.3333,1.0,0.0
1489,2,"[6, 20]",13.0,6,20,2,1.0,2.0,1.0,0.0
1493,1,[14],14.0,14,14,1,1.0,4.0,1.0,0.0
1499,1,[12],12.0,12,12,1,1.0,2.0,1.0,0.0
1523,1,[22],22.0,22,22,1,1.0,4.0,1.0,0.0
1531,1,[10],10.0,10,10,1,1.0,2.0,1.0,0.0
1553,1,[30],30.0,30,30,1,1.0,2.0,1.0,0.0
1571,1,[18],18.0,18,18,1,1.0,6.0,1.0,0.0
1579,2,"[6, 12]",9.0,6,12,2,1.0,2.0,1.0,0.0
1601,2,"[6, 14]",10.0,6,14,2,1.0,2.0,1.0,0.0
1607,2,"[6, 12]",9.0,6,12,2,1.0,3.5,1.0,0.0
1619,1,[62],62.0,62,62,1,1.0,2.0,1.0,0.0
1621,2,"[6, 22]",14.0,6,22,2,1.0,3.5,1.0,0.0
1637,1,[12],12.0,12,12,1,1.0,3.0,1.0,0.0
1657,1,[22],22.0,22,22,1,1.0,4.0,1.0,0.0
1667,2,"[10, 14]",12.0,10,14,2,1.0,4.0,1.0,0.0
1669,1,[16],16.0,16,16,1,1.0,4.0,1.0,0.0
1697,3,"[12, 28]",17.3333,12,28,2,1.0,3.0,1.0,0.0
1699,1,[12],12.0,12,12,1,1.0,2.0,1.0,0.0
1709,2,"[10, 24]",17.0,10,24,2,1.0,4.0,1.0,0.0
1721,2,"[4, 8]",6.0,4,8,2,1.0,2.0,1.0,0.0
1723,1,[10],10.0,10,10,1,1.0,3.0,1.0,0.0
1741,4,"[4, 6, 18]",11.5,4,18,3,1.0,3.25,0.75,0.0
1747,2,[6],6.0,6,6,1,1.0,1.5,1.0,0.0
1759,1,[12],12.0,12,12,1,1.0,2.0,1.0,0.0
1777,2,[12],12.0,12,12,1,1.0,3.0,1.0,0.0
1787,1,[24],24.0,24,24,1,1.0,4.0,1.0,0.0
1789,1,[18],18.0,18,18,1,1.0,2.0,1.0,0.0
1801,1,[52],52.0,52,52,1,1.0,4.0,1.0,0.0
1811,1,[4],4.0,4,4,1,1.0,1.0,1.0,0.0
1823,1,[18],18.0,18,18,1,1.0,2.0,1.0,0.0
1831,3,"[12, 22, 36]",23.3333,12,36,3,1.0,3.0,1.0,0.0
1847,1,[12],12.0,12,12,1,1.0,5.0,1.0,0.0
1871,1,[12],12.0,12,12,1,1.0,2.0,1.0,0.0
1873,3,"[6, 28]",20.6667,6,28,2,1.0,3.0,0.6667,0.0
1877,2,"[6, 12]",9.0,6,12,2,1.0,3.0,1.0,0.0
1879,1,[12],12.0,12,12,1,1.0,5.0,1.0,0.0
1889,1,[10],10.0,10,10,1,1.0,1.0,0.0,0.0
1901,2,"[6, 14]",10.0,6,14,2,1.0,2.5,1.0,0.0
1907,1,[24],24.0,24,24,1,1.0,3.0,1.0,0.0
1951,1,[4],4.0,4,4,1,1.0,1.0,0.0,0.0
1973,1,[4],4.0,4,4,1,1.0,3.0,1.0,0.0
1979,1,[6],6.0,6,6,1,1.0,1.0,1.0,0.0
1987,1,[18],18.0,18,18,1,1.0,4.0,1.0,0.0
1999,1,[18],18.0,18,18,1,1.0,4.0,1.0,0.0
2011,1,[6],6.0,6,6,1,1.0,2.0,1.0,0.0
2017,1,[36],36.0,36,36,1,1.0,4.0,1.0,0.0
2027,2,"[10, 22]",16.0,10,22,2,1.0,4.5,1.0,0.0
2069,2,"[12, 42]",27.0,12,42,2,1.0,2.0,1.0,0.0
2087,1,[12],12.0,12,12,1,1.0,2.0,1.0,0.0
2089,3,"[10, 22]",18.0,10,22,2,1.0,3.0,1.0,0.0
2099,1,[28],28.0,28,28,1,1.0,3.0,1.0,0.0
2111,1,[10],10.0,10,10,1,1.0,4.0,1.0,0.0
2113,1,[24],24.0,24,24,1,1.0,6.0,1.0,0.0
2129,1,[6],6.0,6,6,1,1.0,4.0,1.0,0.0
2141,1,[30],30.0,30,30,1,1.0,2.0,1.0,0.0
2143,1,[18],18.0,18,18,1,1.0,4.0,1.0,0.0
2179,1,[12],12.0,12,12,1,1.0,2.0,1.0,0.0
2207,1,[16],16.0,16,16,1,1.0,1.0,1.0,0.0
2213,1,[10],10.0,10,10,1,1.0,4.0,1.0,0.0
2243,1,[4],4.0,4,4,1,1.0,2.0,0.0,0.0
2251,1,[60],60.0,60,60,1,1.0,2.0,1.0,0.0
2269,2,"[10, 34]",22.0,10,34,2,1.0,3.5,1.0,0.0
2273,1,[4],4.0,4,4,1,1.0,3.0,1.0,0.0
2281,1,[6],6.0,6,6,1,1.0,4.0,1.0,0.0
2287,2,"[24, 32]",28.0,24,32,2,1.0,1.5,1.0,0.0
2293,1,[52],52.0,52,52,1,1.0,4.0,1.0,0.0
2297,2,"[6, 8]",7.0,6,8,2,1.0,2.0,0.5,0.0
2309,2,"[12, 16]",14.0,12,16,2,1.0,4.0,1.0,0.0
2333,1,[46],46.0,46,46,1,1.0,4.0,1.0,0.0
2347,1,[24],24.0,24,24,1,1.0,4.0,1.0,0.0
2351,1,[10],10.0,10,10,1,1.0,2.0,1.0,0.0
2377,2,"[6, 30]",18.0,6,30,2,1.0,3.0,1.0,0.0
2381,4,"[8, 16, 18, 30]",18.0,8,30,4,1.0,3.0,1.0,0.0
2383,1,[26],26.0,26,26,1,1.0,2.0,1.0,0.0
2389,2,"[10, 28]",19.0,10,28,2,1.0,2.0,1.0,0.0
2393,1,[14],14.0,14,14,1,1.0,2.0,1.0,0.0
2399,1,[10],10.0,10,10,1,1.0,1.0,0.0,0.0
2411,4,"[6, 12, 14, 18]",12.5,6,18,4,1.0,4.5,1.0,0.0
2417,1,[32],32.0,32,32,1,1.0,2.0,1.0,0.0
2423,2,"[14, 44]",29.0,14,44,2,1.0,2.5,1.0,0.0
2437,1,[10],10.0,10,10,1,1.0,2.0,1.0,0.0
2441,1,[18],18.0,18,18,1,1.0,2.0,1.0,0.0
2467,1,[16],16.0,16,16,1,1.0,1.0,1.0,0.0
2477,1,[12],12.0,12,12,1,1.0,4.0,1.0,0.0
2503,1,[12],12.0,12,12,1,1.0,4.0,1.0,0.0
2521,2,"[10, 16]",13.0,10,16,2,1.0,2.5,1.0,0.0
2531,1,[14],14.0,14,14,1,1.0,2.0,1.0,0.0
2539,1,[10],10.0,10,10,1,1.0,2.0,1.0,0.0
2543,2,"[20, 36]",28.0,20,36,2,1.0,4.0,1.0,0.0
2549,1,[18],18.0,18,18,1,1.0,6.0,0.0,1.0
2557,1,[38],38.0,38,38,1,1.0,4.0,1.0,0.0
2593,1,[18],18.0,18,18,1,1.0,6.0,1.0,0.0
2609,2,[12],12.0,12,12,1,1.0,3.0,1.0,0.0
2617,2,"[14, 18]",16.0,14,18,2,1.0,4.5,1.0,0.0
2621,1,[30],30.0,30,30,1,1.0,6.0,1.0,0.0
2633,2,"[6, 22]",14.0,6,22,2,1.0,2.0,1.0,0.0
2647,1,[12],12.0,12,12,1,1.0,4.0,1.0,0.0
2657,3,"[6, 12, 66]",28.0,6,66,3,1.0,3.3333,1.0,0.0
2659,3,"[16, 24, 30]",23.3333,16,30,3,1.0,3.0,1.0,0.0
2671,2,"[6, 34]",20.0,6,34,2,1.0,2.5,1.0,0.0
2683,1,[10],10.0,10,10,1,1.0,2.0,1.0,0.0
2687,2,"[6, 20]",13.0,6,20,2,1.0,2.5,0.5,0.0
2689,2,"[6, 26]",16.0,6,26,2,1.0,2.0,1.0,0.0
2707,1,[6],6.0,6,6,1,1.0,1.0,0.0,0.0
2711,1,[14],14.0,14,14,1,1.0,2.0,1.0,0.0
2713,1,[26],26.0,26,26,1,1.0,2.0,1.0,0.0
2719,1,[18],18.0,18,18,1,1.0,8.0,1.0,0.0
2729,1,[18],18.0,18,18,1,1.0,2.0,1.0,0.0
2741,1,[20],20.0,20,20,1,1.0,4.0,1.0,0.0
2749,3,"[6, 18, 22]",15.3333,6,22,3,1.0,2.6667,1.0,0.0
2753,1,[14],14.0,14,14,1,1.0,5.0,1.0,0.0
2767,1,[20],20.0,20,20,1,1.0,6.0,1.0,0.0
2777,1,[32],32.0,32,32,1,1.0,2.0,1.0,0.0
2789,1,[10],10.0,10,10,1,1.0,6.0,1.0,0.0
2801,2,"[10, 30]",20.0,10,30,2,1.0,3.5,1.0,0.0
2803,1,[18],18.0,18,18,1,1.0,4.0,1.0,0.0
2843,1,[18],18.0,18,18,1,1.0,2.0,1.0,0.0
2851,2,"[10, 24]",17.0,10,24,2,1.0,4.5,1.0,0.0
2857,1,[18],18.0,18,18,1,1.0,2.0,1.0,0.0
2861,1,[22],22.0,22,22,1,1.0,6.0,1.0,0.0
2879,1,[6],6.0,6,6,1,1.0,2.0,1.0,0.0
2887,1,[8],8.0,8,8,1,1.0,5.0,1.0,0.0
2897,3,"[6, 8, 50]",21.3333,6,50,3,1.0,3.6667,1.0,0.0
2909,1,[6],6.0,6,6,1,1.0,3.0,0.0,0.0
2917,1,[60],60.0,60,60,1,1.0,4.0,1.0,0.0
2927,1,[14],14.0,14,14,1,1.0,2.0,1.0,0.0
2939,1,[12],12.0,12,12,1,1.0,2.0,1.0,0.0
2953,3,"[4, 24, 30]",19.3333,4,30,3,1.0,2.3333,0.6667,0.0
2957,1,[6],6.0,6,6,1,1.0,2.0,1.0,0.0
2963,1,[6],6.0,6,6,1,1.0,1.0,1.0,0.0
2999,1,[16],16.0,16,16,1,1.0,1.0,1.0,0.0
3001,1,[4],4.0,4,4,1,1.0,1.0,0.0,0.0
3011,1,[12],12.0,12,12,1,1.0,6.0,1.0,0.0
3019,1,[6],6.0,6,6,1,1.0,2.0,1.0,0.0
3023,1,[16],16.0,16,16,1,1.0,2.0,1.0,0.0
3037,1,[12],12.0,12,12,1,1.0,4.0,1.0,0.0
3041,1,[14],14.0,14,14,1,1.0,6.0,1.0,0.0
3067,2,"[14, 22]",18.0,14,22,2,1.0,3.0,1.0,0.0
3079,1,[20],20.0,20,20,1,1.0,2.0,1.0,0.0
3083,1,[12],12.0,12,12,1,1.0,4.0,1.0,0.0
3109,1,[22],22.0,22,22,1,1.0,4.0,1.0,0.0
3119,2,"[6, 12]",9.0,6,12,2,1.0,4.0,1.0,0.0
3121,2,"[10, 14]",12.0,10,14,2,1.0,2.5,1.0,0.0
3137,2,"[10, 22]",16.0,10,22,2,1.0,5.0,1.0,0.0
3167,1,[10],10.0,10,10,1,1.0,6.0,1.0,0.0
3181,1,[4],4.0,4,4,1,1.0,2.0,0.0,0.0
3187,1,[12],12.0,12,12,1,1.0,2.0,1.0,0.0
3191,2,"[14, 18]",16.0,14,18,2,1.0,3.0,1.0,0.0
3203,1,[16],16.0,16,16,1,1.0,3.0,1.0,0.0
3217,1,[6],6.0,6,6,1,1.0,3.0,0.0,0.0
3221,1,[30],30.0,30,30,1,1.0,2.0,1.0,0.0
3251,1,[24],24.0,24,24,1,1.0,4.0,1.0,0.0
3253,1,[10],10.0,10,10,1,1.0,4.0,1.0,0.0
3257,2,"[12, 30]",21.0,12,30,2,1.0,3.5,1.0,0.0
3259,1,[16],16.0,16,16,1,1.0,6.0,1.0,0.0
3301,1,[6],6.0,6,6,1,1.0,2.0,1.0,0.0
3307,3,"[6, 10, 42]",19.3333,6,42,3,1.0,2.0,1.0,0.0
3313,3,"[16, 18, 34]",22.6667,16,34,3,1.0,3.6667,1.0,0.0
3319,3,"[12, 18]",14.0,12,18,2,1.0,3.0,1.0,0.0
3323,1,[20],20.0,20,20,1,1.0,2.0,0.0,1.0
3329,2,"[6, 18]",12.0,6,18,2,1.0,3.5,1.0,0.0
3331,1,[18],18.0,18,18,1,1.0,6.0,1.0,0.0
3347,2,"[6, 12]",9.0,6,12,2,1.0,3.0,1.0,0.0
3361,2,"[10, 22]",16.0,10,22,2,1.0,2.5,1.0,0.0
3391,2,"[4, 10]",7.0,4,10,2,1.0,1.5,0.5,0.0
3407,1,[6],6.0,6,6,1,1.0,1.0,1.0,0.0
3413,1,[4],4.0,4,4,1,1.0,2.0,0.0,0.0
3449,1,[22],22.0,22,22,1,1.0,2.0,1.0,0.0
3457,1,[28],28.0,28,28,1,1.0,2.0,1.0,0.0
3461,1,[8],8.0,8,8,1,1.0,2.0,1.0,0.0
3463,3,"[6, 26, 86]",39.3333,6,86,3,1.0,2.6667,1.0,0.0
3499,1,[16],16.0,16,16,1,1.0,4.0,1.0,0.0
3517,1,[8],8.0,8,8,1,1.0,2.0,1.0,0.0
3527,3,"[6, 8, 18]",10.6667,6,18,3,1.0,3.0,0.6667,0.0
3533,2,"[14, 48]",31.0,14,48,2,1.0,7.0,1.0,0.0
3541,2,"[4, 8]",6.0,4,8,2,1.0,3.5,0.5,0.0
3547,1,[12],12.0,12,12,1,1.0,2.0,1.0,0.0
3593,3,"[6, 10, 24]",13.3333,6,24,3,1.0,3.0,0.6667,0.0
3613,1,[12],12.0,12,12,1,1.0,2.0,1.0,0.0
3617,1,[16],16.0,16,16,1,1.0,2.0,1.0,0.0
3623,2,"[6, 54]",30.0,6,54,2,1.0,4.0,0.5,0.0
3631,2,"[6, 14]",10.0,6,14,2,1.0,3.5,1.0,0.0
3643,2,"[10, 18]",14.0,10,18,2,1.0,3.5,1.0,0.0
3659,2,"[6, 36]",21.0,6,36,2,1.0,3.0,1.0,0.0
3671,1,[30],30.0,30,30,1,1.0,2.0,1.0,0.0
3677,2,"[12, 18]",15.0,12,18,2,1.0,2.5,1.0,0.0
3691,1,[20],20.0,20,20,1,1.0,6.0,1.0,0.0
3697,2,"[22, 24]",23.0,22,24,2,1.0,4.0,1.0,0.0
3701,2,"[12, 32]",22.0,12,32,2,1.0,3.0,1.0,0.0
3719,1,[20],20.0,20,20,1,1.0,2.0,1.0,0.0
3727,3,"[6, 16, 30]",17.3333,6,30,3,1.0,1.6667,1.0,0.0
3769,3,"[18, 20, 22]",20.0,18,22,3,1.0,4.0,1.0,0.0
3779,1,[16],16.0,16,16,1,1.0,4.0,1.0,0.0
3793,1,[10],10.0,10,10,1,1.0,2.0,1.0,0.0
3803,1,[14],14.0,14,14,1,1.0,6.0,1.0,0.0
3821,2,"[4, 16]",10.0,4,16,2,1.0,3.0,1.0,0.0
3853,1,[28],28.0,28,28,1,1.0,2.0,1.0,0.0
3863,1,[4],4.0,4,4,1,1.0,2.0,0.0,0.0
3877,1,[46],46.0,46,46,1,1.0,4.0,1.0,0.0
3881,3,"[10, 12, 28]",16.6667,10,28,3,1.0,3.0,1.0,0.0
3889,2,"[24, 34]",29.0,24,34,2,1.0,4.5,1.0,0.0
3907,1,[26],26.0,26,26,1,1.0,2.0,1.0,0.0
3917,3,"[6, 16, 22]",14.6667,6,22,3,1.0,2.3333,0.6667,0.0
3919,4,"[10, 12, 20, 30]",18.0,10,30,4,1.0,3.0,1.0,0.0
3943,2,"[12, 30]",21.0,12,30,2,1.0,2.0,1.0,0.0
3947,1,[26],26.0,26,26,1,1.0,6.0,1.0,0.0
3989,2,"[20, 22]",21.0,20,22,2,1.0,2.5,1.0,0.0
4001,2,"[4, 6]",5.0,4,6,2,1.0,2.0,1.0,0.0
4007,3,"[6, 10, 12]",9.3333,6,12,3,1.0,3.3333,0.6667,0.0
4013,1,[28],28.0,28,28,1,1.0,3.0,1.0,0.0
4019,1,[6],6.0,6,6,1,1.0,2.0,1.0,0.0
4049,1,[40],40.0,40,40,1,1.0,3.0,1.0,0.0
4051,1,[4],4.0,4,4,1,1.0,1.0,1.0,0.0
4091,3,"[4, 8, 14]",8.6667,4,14,3,1.0,4.6667,1.0,0.0
4093,3,"[10, 18, 22]",16.6667,10,22,3,1.0,3.0,1.0,0.0
4127,3,"[6, 10, 42]",19.3333,6,42,3,1.0,2.6667,1.0,0.0
4129,2,"[10, 18]",14.0,10,18,2,1.0,2.0,1.0,0.0
4133,1,[22],22.0,22,22,1,1.0,4.0,1.0,0.0
4139,2,"[12, 30]",21.0,12,30,2,1.0,6.5,1.0,0.0
4153,2,[24],24.0,24,24,1,1.0,2.5,1.0,0.0
4157,1,[8],8.0,8,8,1,1.0,2.0,1.0,0.0
4159,2,[16],16.0,16,16,1,1.0,5.0,1.0,0.0
4177,2,"[12, 18]",15.0,12,18,2,1.0,5.5,1.0,0.0
4211,3,"[4, 6, 30]",13.3333,4,30,3,1.0,1.3333,0.6667,0.0
4217,2,"[12, 40]",26.0,12,40,2,1.0,4.0,1.0,0.0
4219,1,[6],6.0,6,6,1,1.0,2.0,1.0,0.0
4229,1,[42],42.0,42,42,1,1.0,4.0,1.0,0.0
4231,1,[10],10.0,10,10,1,1.0,3.0,1.0,0.0
4243,2,"[6, 14]",10.0,6,14,2,1.0,2.0,1.0,0.0
4259,1,[20],20.0,20,20,1,1.0,2.0,1.0,0.0
4261,2,"[8, 18]",13.0,8,18,2,1.0,2.5,1.0,0.0
4273,1,[28],28.0,28,28,1,1.0,3.0,1.0,0.0
4297,1,[8],8.0,8,8,1,1.0,3.0,1.0,0.0
4337,1,[22],22.0,22,22,1,1.0,2.0,1.0,0.0
4349,1,[6],6.0,6,6,1,1.0,2.0,0.0,0.0
4363,1,[18],18.0,18,18,1,1.0,4.0,1.0,0.0
4397,4,"[6, 12, 38, 66]",30.5,6,66,4,1.0,3.0,1.0,0.0
4421,1,[26],26.0,26,26,1,1.0,2.0,1.0,0.0
4441,2,"[4, 20]",12.0,4,20,2,1.0,3.0,0.5,0.0
4447,1,[12],12.0,12,12,1,1.0,2.0,1.0,0.0
4451,3,"[6, 14, 18]",12.6667,6,18,3,1.0,2.6667,1.0,0.0
4463,1,[30],30.0,30,30,1,1.0,2.0,1.0,0.0
4481,1,[16],16.0,16,16,1,1.0,3.0,1.0,0.0
4493,1,[18],18.0,18,18,1,1.0,3.0,1.0,0.0
4507,1,[16],16.0,16,16,1,1.0,2.0,1.0,0.0
4513,2,"[10, 14]",12.0,10,14,2,1.0,3.0,1.0,0.0
4519,3,"[10, 24, 42]",25.3333,10,42,3,1.0,3.3333,1.0,0.0
4561,4,"[4, 6, 32, 38]",20.0,4,38,4,1.0,2.5,0.75,0.0
4567,3,"[10, 14, 32]",18.6667,10,32,3,1.0,2.3333,1.0,0.0
4583,1,[18],18.0,18,18,1,1.0,2.0,1.0,0.0
4591,2,"[6, 8]",7.0,6,8,2,1.0,5.0,1.0,0.0
4597,2,"[8, 12]",10.0,8,12,2,1.0,2.5,1.0,0.0
4603,2,"[6, 28]",17.0,6,28,2,1.0,11.5,0.5,0.0
4637,2,"[6, 10]",8.0,6,10,2,1.0,1.5,1.0,0.0
4639,1,[10],10.0,10,10,1,1.0,2.0,1.0,0.0
4643,1,[16],16.0,16,16,1,1.0,4.0,1.0,0.0
4649,1,[22],22.0,22,22,1,1.0,4.0,1.0,0.0
4651,1,[6],6.0,6,6,1,1.0,2.0,1.0,0.0
4657,2,"[14, 22]",18.0,14,22,2,1.0,1.5,1.0,0.0
4663,4,"[6, 10, 16, 30]",15.5,6,30,4,1.0,3.25,1.0,0.0
4679,2,"[12, 18]",15.0,12,18,2,1.0,3.5,1.0,0.0
4721,1,[10],10.0,10,10,1,1.0,4.0,1.0,0.0
4723,1,[4],4.0,4,4,1,1.0,1.0,0.0,0.0
4729,1,[10],10.0,10,10,1,1.0,2.0,1.0,0.0
4733,2,"[6, 22]",14.0,6,22,2,1.0,5.0,0.5,0.0
4751,2,"[6, 14]",10.0,6,14,2,1.0,3.5,0.5,0.0
4759,2,"[28, 42]",35.0,28,42,2,1.0,4.0,1.0,0.0
4783,1,[16],16.0,16,16,1,1.0,6.0,1.0,0.0
4787,4,"[6, 10, 16, 32]",16.0,6,32,4,1.0,3.0,1.0,0.0
4789,2,"[12, 16]",14.0,12,16,2,1.0,1.5,1.0,0.0
4793,1,[6],6.0,6,6,1,1.0,3.0,1.0,0.0
4799,4,"[6, 12, 16, 36]",17.5,6,36,4,1.0,4.0,1.0,0.0
4801,4,"[4, 8, 14, 30]",14.0,4,30,4,1.0,2.75,0.75,0.0
4813,1,[6],6.0,6,6,1,1.0,3.0,1.0,0.0
4817,2,"[6, 30]",18.0,6,30,2,1.0,3.0,0.5,0.0
4831,1,[24],24.0,24,24,1,1.0,4.0,1.0,0.0
4861,2,"[12, 52]",32.0,12,52,2,1.0,3.0,1.0,0.0
4871,1,[14],14.0,14,14,1,1.0,5.0,1.0,0.0
4877,1,[20],20.0,20,20,1,1.0,2.0,1.0,0.0
4889,1,[16],16.0,16,16,1,1.0,4.0,1.0,0.0
4903,1,[4],4.0,4,4,1,1.0,1.0,0.0,0.0
4919,1,[12],12.0,12,12,1,1.0,1.0,1.0,0.0
4931,1,[6],6.0,6,6,1,1.0,2.0,1.0,0.0
4933,1,[6],6.0,6,6,1,1.0,2.0,1.0,0.0
4937,5,"[6, 12, 24, 46]",22.4,6,46,4,1.0,2.8,1.0,0.0
4951,1,[18],18.0,18,18,1,1.0,1.0,1.0,0.0
4957,4,"[8, 10, 26, 28]",18.0,8,28,4,1.0,3.0,1.0,0.0
4967,2,"[6, 30]",18.0,6,30,2,1.0,2.5,1.0,0.0
4973,3,"[10, 12, 24]",15.3333,10,24,3,1.0,3.3333,1.0,0.0
4987,1,[6],6.0,6,6,1,1.0,4.0,1.0,0.0
4993,2,"[6, 24]",15.0,6,24,2,1.0,2.5,1.0,0.0
4999,1,[18],18.0,18,18,1,1.0,2.0,1.0,0.0
5003,2,"[4, 22]",13.0,4,22,2,1.0,1.5,1.0,0.0
5021,2,"[6, 12]",9.0,6,12,2,1.0,3.0,1.0,0.0
5023,2,"[4, 6]",5.0,4,6,2,1.0,1.5,0.5,0.0
5059,1,[28],28.0,28,28,1,1.0,1.0,1.0,0.0
5099,1,[12],12.0,12,12,1,1.0,1.0,1.0,0.0
5101,1,[6],6.0,6,6,1,1.0,4.0,1.0,0.0
5107,1,[6],6.0,6,6,1,1.0,1.0,1.0,0.0
5113,1,[10],10.0,10,10,1,1.0,4.0,1.0,0.0
5147,3,"[6, 10, 12]",9.3333,6,12,3,1.0,3.0,1.0,0.0
5167,1,[6],6.0,6,6,1,1.0,2.0,1.0,0.0
5171,2,"[10, 14]",12.0,10,14,2,1.0,3.0,1.0,0.0
5197,1,[12],12.0,12,12,1,1.0,2.0,1.0,0.0
5209,1,[30],30.0,30,30,1,1.0,2.0,1.0,0.0
5233,2,"[6, 22]",14.0,6,22,2,1.0,3.0,1.0,0.0
5237,1,[28],28.0,28,28,1,1.0,1.0,1.0,0.0
5261,1,[4],4.0,4,4,1,1.0,1.0,0.0,0.0
5297,2,"[6, 38]",22.0,6,38,2,1.0,3.5,1.0,0.0
5303,1,[14],14.0,14,14,1,1.0,3.0,1.0,0.0
5333,1,[18],18.0,18,18,1,1.0,3.0,1.0,0.0
5351,3,"[4, 22, 30]",18.6667,4,30,3,1.0,4.0,0.6667,0.0
5381,1,[6],6.0,6,6,1,1.0,2.0,1.0,0.0
5387,1,[6],6.0,6,6,1,1.0,5.0,1.0,0.0
5393,1,[4],4.0,4,4,1,1.0,3.0,1.0,0.0
5407,2,"[12, 26]",19.0,12,26,2,1.0,5.5,1.0,0.0
5413,1,[14],14.0,14,14,1,1.0,2.0,1.0,0.0
5437,3,"[6, 20]",10.6667,6,20,2,1.0,2.6667,1.0,0.0
5441,1,[36],36.0,36,36,1,1.0,6.0,1.0,0.0
5443,1,[10],10.0,10,10,1,1.0,3.0,1.0,0.0
5471,2,"[4, 6]",5.0,4,6,2,1.0,1.0,1.0,0.0
5477,1,[12],12.0,12,12,1,1.0,4.0,1.0,0.0
5479,1,[24],24.0,24,24,1,1.0,6.0,1.0,0.0
5483,1,[22],22.0,22,22,1,1.0,4.0,1.0,0.0
5503,2,[10],10.0,10,10,1,1.0,3.0,1.0,0.0
5507,1,[12],12.0,12,12,1,1.0,6.0,1.0,0.0
5519,1,[48],48.0,48,48,1,1.0,2.0,1.0,0.0
5521,1,[6],6.0,6,6,1,1.0,2.0,1.0,0.0
5531,1,[16],16.0,16,16,1,1.0,1.0,1.0,0.0
5557,3,"[6, 10, 42]",19.3333,6,42,3,1.0,5.0,1.0,0.0
5563,1,[10],10.0,10,10,1,1.0,2.0,1.0,0.0
5591,1,[6],6.0,6,6,1,1.0,3.0,0.0,0.0
5623,1,[20],20.0,20,20,1,1.0,2.0,1.0,0.0
5641,2,"[4, 20]",12.0,4,20,2,1.0,2.5,0.5,0.0
5651,1,[12],12.0,12,12,1,1.0,2.0,1.0,0.0
5653,2,[16],16.0,16,16,1,1.0,2.0,1.0,0.0
5659,1,[24],24.0,24,24,1,1.0,4.0,1.0,0.0
5693,1,[16],16.0,16,16,1,1.0,6.0,1.0,0.0
5717,3,"[6, 8, 16]",10.0,6,16,3,1.0,3.0,0.3333,0.3333
5737,2,"[6, 28]",17.0,6,28,2,1.0,4.0,1.0,0.0
5741,3,"[8, 22, 34]",21.3333,8,34,3,1.0,1.6667,1.0,0.0
5743,1,[24],24.0,24,24,1,1.0,2.0,1.0,0.0
5783,2,"[6, 10]",8.0,6,10,2,1.0,1.0,1.0,0.0
5791,1,[42],42.0,42,42,1,1.0,2.0,1.0,0.0
5801,2,"[6, 14]",10.0,6,14,2,1.0,2.5,1.0,0.0
5813,2,[28],28.0,28,28,1,1.0,3.5,1.0,0.0
5821,2,"[4, 22]",13.0,4,22,2,1.0,1.5,0.5,0.0
5827,1,[12],12.0,12,12,1,1.0,4.0,1.0,0.0
5839,1,[6],6.0,6,6,1,1.0,2.0,0.0,0.0
5843,1,[18],18.0,18,18,1,1.0,4.0,1.0,0.0
5849,1,[16],16.0,16,16,1,1.0,2.0,1.0,0.0
5851,1,[36],36.0,36,36,1,1.0,2.0,1.0,0.0
5857,1,[12],12.0,12,12,1,1.0,2.0,1.0,0.0
5867,2,"[32, 40]",36.0,32,40,2,1.0,2.0,1.0,0.0
5897,2,"[12, 18]",15.0,12,18,2,1.0,2.5,1.0,0.0
5903,2,"[18, 30]",24.0,18,30,2,1.0,4.5,1.0,0.0
5939,1,[10],10.0,10,10,1,1.0,4.0,1.0,0.0
5953,1,[34],34.0,34,34,1,1.0,4.0,1.0,0.0
5981,1,[18],18.0,18,18,1,1.0,2.0,1.0,0.0
5987,3,"[12, 24, 34]",23.3333,12,34,3,1.0,5.0,1.0,0.0
6007,3,"[12, 22, 26]",20.0,12,26,3,1.0,4.6667,1.0,0.0
6011,1,[12],12.0,12,12,1,1.0,6.0,1.0,0.0
6037,1,[14],14.0,14,14,1,1.0,10.0,1.0,0.0
6043,1,[20],20.0,20,20,1,1.0,2.0,1.0,0.0
6047,1,[42],42.0,42,42,1,1.0,5.0,1.0,0.0
6053,1,[36],36.0,36,36,1,1.0,4.0,1.0,0.0
6067,2,[6],6.0,6,6,1,1.0,1.5,1.0,0.0
6089,1,[12],12.0,12,12,1,1.0,2.0,1.0,0.0
6101,2,"[4, 12]",8.0,4,12,2,1.0,1.5,0.5,0.0
6113,1,[14],14.0,14,14,1,1.0,2.0,1.0,0.0
6121,3,"[4, 8, 26]",12.6667,4,26,3,1.0,2.0,0.6667,0.0
6131,2,"[4, 42]",23.0,4,42,2,1.0,1.5,1.0,0.0
6133,3,"[6, 12, 14]",10.6667,6,14,3,1.0,3.0,1.0,0.0
6143,1,[18],18.0,18,18,1,1.0,2.0,1.0,0.0
6151,2,"[4, 36]",20.0,4,36,2,1.0,2.5,0.5,0.0
6163,3,"[14, 18, 28]",20.0,14,28,3,1.0,2.6667,1.0,0.0
6197,1,[46],46.0,46,46,1,1.0,6.0,1.0,0.0
6199,1,[20],20.0,20,20,1,1.0,2.0,1.0,0.0
6203,1,[22],22.0,22,22,1,1.0,2.0,1.0,0.0
6211,1,[18],18.0,18,18,1,1.0,12.0,0.0,1.0
6217,1,[10],10.0,10,10,1,1.0,2.0,1.0,0.0
6221,1,[8],8.0,8,8,1,1.0,2.0,1.0,0.0
6229,1,[24],24.0,24,24,1,1.0,2.0,1.0,0.0
6247,2,"[8, 16]",12.0,8,16,2,1.0,7.0,0.5,0.5
6257,2,"[6, 16]",11.0,6,16,2,1.0,5.0,1.0,0.0
6263,3,"[4, 6, 30]",13.3333,4,30,3,1.0,2.6667,1.0,0.0
6271,1,[14],14.0,14,14,1,1.0,5.0,1.0,0.0
6299,2,"[10, 18]",14.0,10,18,2,1.0,1.0,1.0,0.0
6301,1,[30],30.0,30,30,1,1.0,2.0,1.0,0.0
6311,3,"[6, 12, 18]",12.0,6,18,3,1.0,3.0,1.0,0.0
6317,1,[6],6.0,6,6,1,1.0,3.0,1.0,0.0
6329,1,[38],38.0,38,38,1,1.0,4.0,1.0,0.0
6343,1,[10],10.0,10,10,1,1.0,1.0,1.0,0.0
6359,1,[10],10.0,10,10,1,1.0,1.0,1.0,0.0
6361,2,"[6, 10]",8.0,6,10,2,1.0,3.0,1.0,0.0
6367,2,"[6, 36]",21.0,6,36,2,1.0,1.5,1.0,0.0
6373,2,"[18, 24]",21.0,18,24,2,1.0,3.0,1.0,0.0
6389,1,[28],28.0,28,28,1,1.0,4.0,1.0,0.0
6397,1,[16],16.0,16,16,1,1.0,2.0,1.0,0.0
6421,2,"[20, 74]",47.0,20,74,2,1.0,2.0,1.0,0.0
6449,2,"[6, 18]",12.0,6,18,2,1.0,2.5,1.0,0.0
6473,2,"[4, 6]",5.0,4,6,2,1.0,3.0,0.5,0.0
6491,1,[12],12.0,12,12,1,1.0,4.0,1.0,0.0
6547,3,"[12, 20]",17.3333,12,20,2,1.0,2.6667,1.0,0.0
6551,1,[26],26.0,26,26,1,1.0,6.0,1.0,0.0
6553,1,[24],24.0,24,24,1,1.0,6.0,1.0,0.0
6563,2,"[10, 18]",14.0,10,18,2,1.0,2.5,1.0,0.0
6569,2,"[10, 24]",17.0,10,24,2,1.0,1.0,1.0,0.0
6571,1,[10],10.0,10,10,1,1.0,2.0,1.0,0.0
6581,2,"[6, 52]",29.0,6,52,2,1.0,2.0,0.5,0.0
6599,1,[22],22.0,22,22,1,1.0,2.0,1.0,0.0
6607,2,"[12, 18]",15.0,12,18,2,1.0,3.5,1.0,0.0
6619,1,[34],34.0,34,34,1,1.0,4.0,1.0,0.0
6637,2,"[8, 26]",17.0,8,26,2,1.0,4.0,1.0,0.0
6661,3,"[6, 12, 14]",10.6667,6,14,3,1.0,3.0,1.0,0.0
6679,1,[24],24.0,24,24,1,1.0,2.0,0.0,1.0
6689,1,[18],18.0,18,18,1,1.0,10.0,1.0,0.0
6703,2,"[4, 36]",20.0,4,36,2,1.0,2.5,0.5,0.0
6709,2,"[16, 24]",20.0,16,24,2,1.0,4.5,1.0,0.0
6761,2,"[10, 12]",11.0,10,12,2,1.0,2.0,1.0,0.0
6781,1,[32],32.0,32,32,1,1.0,2.0,1.0,0.0
6791,3,"[6, 26, 40]",24.0,6,40,3,1.0,4.3333,1.0,0.0
6793,1,[16],16.0,16,16,1,1.0,1.0,1.0,0.0
6803,1,[34],34.0,34,34,1,1.0,3.0,1.0,0.0
6823,1,[18],18.0,18,18,1,1.0,2.0,1.0,0.0
6827,2,"[6, 40]",23.0,6,40,2,1.0,4.0,1.0,0.0
6833,1,[40],40.0,40,40,1,1.0,10.0,1.0,0.0
6841,2,"[10, 18]",14.0,10,18,2,1.0,2.5,1.0,0.0
6857,1,[6],6.0,6,6,1,1.0,2.0,1.0,0.0
6863,1,[18],18.0,18,18,1,1.0,4.0,1.0,0.0
6869,1,[28],28.0,28,28,1,1.0,10.0,1.0,0.0
6871,1,[6],6.0,6,6,1,1.0,2.0,1.0,0.0
6899,1,[10],10.0,10,10,1,1.0,4.0,1.0,0.0
6907,1,[22],22.0,22,22,1,1.0,4.0,1.0,0.0
6911,1,[24],24.0,24,24,1,1.0,10.0,1.0,0.0
6947,3,"[8, 16, 38]",20.6667,8,38,3,1.0,1.6667,1.0,0.0
6949,1,[18],18.0,18,18,1,1.0,3.0,1.0,0.0
6959,2,"[10, 12]",11.0,10,12,2,1.0,4.0,1.0,0.0
6971,2,"[6, 8]",7.0,6,8,2,1.0,3.5,1.0,0.0
6977,1,[8],8.0,8,8,1,1.0,2.0,1.0,0.0
6991,1,[10],10.0,10,10,1,1.0,9.0,1.0,0.0
6997,3,"[10, 12, 16]",12.6667,10,16,3,1.0,4.3333,1.0,0.0
7001,3,"[12, 26, 28]",22.0,12,28,3,1.0,6.6667,1.0,0.0
7013,2,"[16, 30]",23.0,16,30,2,1.0,4.0,1.0,0.0
7043,2,"[6, 18]",12.0,6,18,2,1.0,3.5,0.5,0.0
7057,2,"[8, 36]",22.0,8,36,2,1.0,2.5,1.0,0.0
7069,3,"[18, 20, 58]",32.0,18,58,3,1.0,3.3333,1.0,0.0
7079,3,"[6, 12, 30]",16.0,6,30,3,1.0,4.0,1.0,0.0
7103,2,"[4, 6]",5.0,4,6,2,1.0,1.0,1.0,0.0
7121,1,[42],42.0,42,42,1,1.0,6.0,1.0,0.0
7127,4,"[14, 16, 22, 34]",21.5,14,34,4,1.0,3.75,1.0,0.0
7129,1,[28],28.0,28,28,1,1.0,2.0,1.0,0.0
7151,1,[14],14.0,14,14,1,1.0,2.0,1.0,0.0
7177,2,"[16, 42]",29.0,16,42,2,1.0,9.0,1.0,0.0
7187,1,[8],8.0,8,8,1,1.0,3.0,0.0,0.0
7193,1,[10],10.0,10,10,1,1.0,9.0,1.0,0.0
7207,1,[6],6.0,6,6,1,1.0,1.0,1.0,0.0
7211,1,[6],6.0,6,6,1,1.0,4.0,1.0,0.0
7213,1,[10],10.0,10,10,1,1.0,4.0,1.0,0.0
7237,3,"[12, 16, 24]",17.3333,12,24,3,1.0,4.0,1.0,0.0
7243,1,[26],26.0,26,26,1,1.0,2.0,1.0,0.0
7247,1,[12],12.0,12,12,1,1.0,5.0,1.0,0.0
7253,2,"[14, 16]",15.0,14,16,2,1.0,3.0,1.0,0.0
7283,3,"[16, 18, 58]",30.6667,16,58,3,1.0,2.0,1.0,0.0
7297,2,"[12, 26]",19.0,12,26,2,1.0,4.0,1.0,0.0
7307,2,"[8, 36]",22.0,8,36,2,1.0,7.5,0.5,0.0
7321,1,[14],14.0,14,14,1,1.0,2.0,1.0,0.0
7331,3,"[10, 12, 30]",17.3333,10,30,3,1.0,3.0,1.0,0.0
7333,3,"[6, 14, 18]",12.6667,6,18,3,1.0,4.0,0.6667,0.0
7351,2,"[6, 12]",9.0,6,12,2,1.0,2.0,1.0,0.0
7393,2,"[16, 18]",17.0,16,18,2,1.0,4.0,1.0,0.0
7433,3,"[4, 30, 40]",24.6667,4,40,3,1.0,4.0,0.6667,0.0
7457,2,"[10, 12]",11.0,10,12,2,1.0,5.0,1.0,0.0
7477,1,[12],12.0,12,12,1,1.0,2.0,1.0,0.0
7481,2,"[18, 20]",19.0,18,20,2,1.0,2.5,1.0,0.0
7487,1,[6],6.0,6,6,1,1.0,4.0,1.0,0.0
7489,1,[10],10.0,10,10,1,1.0,6.0,1.0,0.0
7499,1,[6],6.0,6,6,1,1.0,1.0,0.0,0.0
7507,1,[10],10.0,10,10,1,1.0,4.0,1.0,0.0
7517,2,"[6, 16]",11.0,6,16,2,1.0,2.5,0.5,0.0
7529,1,[16],16.0,16,16,1,1.0,3.0,1.0,0.0
7537,3,"[10, 24, 26]",20.0,10,26,3,1.0,3.0,1.0,0.0
7541,1,[24],24.0,24,24,1,1.0,4.0,1.0,0.0
7549,2,"[12, 18]",15.0,12,18,2,1.0,1.5,1.0,0.0
7559,1,[18],18.0,18,18,1,1.0,4.0,1.0,0.0
7577,2,"[6, 10]",8.0,6,10,2,1.0,3.5,1.0,0.0
7583,1,[16],16.0,16,16,1,1.0,6.0,1.0,0.0
7589,2,"[6, 20]",13.0,6,20,2,1.0,9.0,0.5,0.5
7591,2,"[12, 40]",26.0,12,40,2,1.0,4.0,1.0,0.0
7603,1,[18],18.0,18,18,1,1.0,6.0,1.0,0.0
7607,1,[12],12.0,12,12,1,1.0,4.0,1.0,0.0
7621,2,"[22, 28]",25.0,22,28,2,1.0,2.5,1.0,0.0
7643,1,[30],30.0,30,30,1,1.0,4.0,1.0,0.0
7673,4,"[6, 10, 28, 34]",19.5,6,34,4,1.0,3.0,1.0,0.0
7687,1,[10],10.0,10,10,1,1.0,2.0,1.0,0.0
7699,1,[12],12.0,12,12,1,1.0,2.0,1.0,0.0
7703,1,[28],28.0,28,28,1,1.0,2.0,1.0,0.0
7717,1,[8],8.0,8,8,1,1.0,5.0,0.0,0.0
7727,2,"[8, 12]",10.0,8,12,2,1.0,3.0,1.0,0.0
7753,1,[10],10.0,10,10,1,1.0,2.0,1.0,0.0
7757,1,[18],18.0,18,18,1,1.0,6.0,0.0,1.0
7789,1,[12],12.0,12,12,1,1.0,2.0,1.0,0.0
7793,1,[6],6.0,6,6,1,1.0,1.0,0.0,0.0
7817,4,"[6, 12, 26]",14.0,6,26,3,1.0,3.0,1.0,0.0
7829,3,"[12, 18, 22]",17.3333,12,22,3,1.0,4.0,1.0,0.0
7841,1,[18],18.0,18,18,1,1.0,8.0,1.0,0.0
7853,1,[4],4.0,4,4,1,1.0,3.0,1.0,0.0
7867,1,[40],40.0,40,40,1,1.0,4.0,1.0,0.0
7873,2,"[4, 10]",7.0,4,10,2,1.0,2.5,1.0,0.0
7877,1,[12],12.0,12,12,1,1.0,1.0,1.0,0.0
7901,1,[10],10.0,10,10,1,1.0,4.0,1.0,0.0
7907,2,"[28, 36]",32.0,28,36,2,1.0,6.0,1.0,0.0
7919,3,"[12, 16]",13.3333,12,16,2,1.0,4.3333,1.0,0.0
7933,1,[30],30.0,30,30,1,1.0,4.0,1.0,0.0
7937,3,"[8, 10, 66]",28.0,8,66,3,1.0,4.6667,0.6667,0.0
7951,1,[40],40.0,40,40,1,1.0,4.0,1.0,0.0
7963,2,"[6, 10]",8.0,6,10,2,1.0,4.5,1.0,0.0
8009,1,[10],10.0,10,10,1,1.0,4.0,1.0,0.0
8011,1,[40],40.0,40,40,1,1.0,10.0,1.0,0.0
8017,1,[10],10.0,10,10,1,1.0,4.0,1.0,0.0
8039,1,[18],18.0,18,18,1,1.0,1.0,1.0,0.0
8053,3,"[10, 24, 98]",44.0,10,98,3,1.0,3.3333,1.0,0.0
8069,1,[6],6.0,6,6,1,1.0,2.0,1.0,0.0
8081,1,[4],4.0,4,4,1,1.0,2.0,0.0,0.0
8093,1,[24],24.0,24,24,1,1.0,3.0,1.0,0.0
8101,1,[16],16.0,16,16,1,1.0,6.0,1.0,0.0
8111,2,"[6, 24]",15.0,6,24,2,1.0,4.0,1.0,0.0
8117,3,"[6, 12, 54]",24.0,6,54,3,1.0,3.6667,1.0,0.0
8161,1,[34],34.0,34,34,1,1.0,4.0,1.0,0.0
8167,4,"[6, 8, 12, 18]",11.0,6,18,4,1.0,3.0,0.75,0.0
8171,1,[12],12.0,12,12,1,1.0,4.0,1.0,0.0
8209,2,"[6, 18]",12.0,6,18,2,1.0,4.0,1.0,0.0
8219,1,[30],30.0,30,30,1,1.0,4.0,1.0,0.0
8221,1,[12],12.0,12,12,1,1.0,4.0,1.0,0.0
8231,1,[6],6.0,6,6,1,1.0,1.0,0.0,0.0
8237,2,"[12, 22]",17.0,12,22,2,1.0,3.0,1.0,0.0
8243,1,[6],6.0,6,6,1,1.0,1.0,1.0,0.0
8263,1,[10],10.0,10,10,1,1.0,3.0,1.0,0.0
8269,1,[6],6.0,6,6,1,1.0,2.0,1.0,0.0
8291,2,"[12, 34]",23.0,12,34,2,1.0,5.0,1.0,0.0
8293,1,[30],30.0,30,30,1,1.0,2.0,1.0,0.0
8311,2,"[10, 18]",14.0,10,18,2,1.0,3.5,1.0,0.0
8317,1,[24],24.0,24,24,1,1.0,4.0,1.0,0.0
8353,3,"[6, 14, 16]",12.0,6,16,3,1.0,3.6667,1.0,0.0
8363,1,[26],26.0,26,26,1,1.0,2.0,1.0,0.0
8369,2,"[20, 24]",22.0,20,24,2,1.0,3.0,1.0,0.0
8387,1,[6],6.0,6,6,1,1.0,4.0,1.0,0.0
8389,1,[10],10.0,10,10,1,1.0,2.0,1.0,0.0
8419,2,"[12, 18]",15.0,12,18,2,1.0,4.5,1.0,0.0
8429,1,[12],12.0,12,12,1,1.0,6.0,1.0,0.0
8431,2,"[18, 30]",24.0,18,30,2,1.0,4.0,1.0,0.0
8443,1,[12],12.0,12,12,1,1.0,6.0,1.0,0.0
8447,1,[8],8.0,8,8,1,1.0,2.0,1.0,0.0
8513,2,"[6, 12]",9.0,6,12,2,1.0,4.0,0.5,0.0
8521,1,[24],24.0,24,24,1,1.0,3.0,1.0,0.0
8527,2,"[14, 24]",19.0,14,24,2,1.0,2.5,1.0,0.0
8543,1,[14],14.0,14,14,1,1.0,3.0,1.0,0.0
8563,1,[14],14.0,14,14,1,1.0,3.0,1.0,0.0
8599,1,[22],22.0,22,22,1,1.0,3.0,1.0,0.0
8623,1,[18],18.0,18,18,1,1.0,2.0,1.0,0.0
8641,2,"[14, 28]",21.0,14,28,2,1.0,5.0,1.0,0.0
8647,1,[40],40.0,40,40,1,1.0,4.0,1.0,0.0
8663,2,"[14, 16]",15.0,14,16,2,1.0,3.0,1.0,0.0
8669,1,[10],10.0,10,10,1,1.0,4.0,1.0,0.0
8677,1,[6],6.0,6,6,1,1.0,2.0,1.0,0.0
8681,3,"[24, 50]",32.6667,24,50,2,1.0,4.3333,1.0,0.0
8689,2,"[6, 16]",11.0,6,16,2,1.0,2.5,1.0,0.0
8693,1,[18],18.0,18,18,1,1.0,2.0,1.0,0.0
8699,2,"[22, 34]",28.0,22,34,2,1.0,3.0,1.0,0.0
8707,2,"[6, 12]",9.0,6,12,2,1.0,4.0,1.0,0.0
8713,1,[10],10.0,10,10,1,1.0,4.0,1.0,0.0
8731,3,"[12, 14, 22]",16.0,12,22,3,1.0,4.6667,1.0,0.0
8741,2,[6],6.0,6,6,1,1.0,2.0,0.5,0.0
8747,2,"[10, 26]",18.0,10,26,2,1.0,2.5,1.0,0.0
8753,1,[4],4.0,4,4,1,1.0,3.0,0.0,0.0
8779,2,"[10, 36]",23.0,10,36,2,1.0,5.0,1.0,0.0
8803,2,"[6, 54]",30.0,6,54,2,1.0,4.5,1.0,0.0
8819,1,[24],24.0,24,24,1,1.0,2.0,1.0,0.0
8821,1,[16],16.0,16,16,1,1.0,2.0,1.0,0.0
8831,1,[4],4.0,4,4,1,1.0,1.0,1.0,0.0
8837,3,"[12, 22, 48]",27.3333,12,48,3,1.0,3.6667,1.0,0.0
8849,2,"[42, 58]",50.0,42,58,2,1.0,3.0,1.0,0.0
8863,2,"[24, 30]",27.0,24,30,2,1.0,3.0,1.0,0.0
8893,2,"[4, 22]",13.0,4,22,2,1.0,3.5,0.5,0.0
8929,2,"[6, 24]",15.0,6,24,2,1.0,2.0,1.0,0.0
8941,1,[22],22.0,22,22,1,1.0,6.0,1.0,0.0
8951,1,[24],24.0,24,24,1,1.0,6.0,1.0,0.0
8963,2,"[30, 68]",49.0,30,68,2,1.0,2.0,1.0,0.0
8969,2,"[18, 20]",19.0,18,20,2,1.0,2.0,1.0,0.0
8971,1,[12],12.0,12,12,1,1.0,2.0,1.0,0.0
9001,1,[14],14.0,14,14,1,1.0,2.0,1.0,0.0
9011,1,[24],24.0,24,24,1,1.0,2.0,1.0,0.0
9041,2,"[12, 18]",15.0,12,18,2,1.0,3.0,1.0,0.0
9043,2,"[24, 26]",25.0,24,26,2,1.0,2.0,1.0,0.0
9049,1,[18],18.0,18,18,1,1.0,8.0,1.0,0.0
9091,2,"[4, 18]",11.0,4,18,2,1.0,1.5,0.5,0.0
9103,2,"[18, 28]",23.0,18,28,2,1.0,7.0,1.0,0.0
9109,1,[12],12.0,12,12,1,1.0,2.0,1.0,0.0
9127,1,[10],10.0,10,10,1,1.0,1.0,1.0,0.0
9133,1,[10],10.0,10,10,1,1.0,4.0,1.0,0.0
9137,1,[6],6.0,6,6,1,1.0,1.0,0.0,0.0
9151,2,"[12, 14]",13.0,12,14,2,1.0,3.5,1.0,0.0
9173,1,[10],10.0,10,10,1,1.0,4.0,1.0,0.0
9181,1,[28],28.0,28,28,1,1.0,6.0,1.0,0.0
9203,2,"[6, 10]",8.0,6,10,2,1.0,3.5,1.0,0.0
9221,1,[18],18.0,18,18,1,1.0,10.0,1.0,0.0
9227,2,"[6, 18]",12.0,6,18,2,1.0,2.5,1.0,0.0
9239,2,"[12, 26]",19.0,12,26,2,1.0,1.5,1.0,0.0
9241,1,[30],30.0,30,30,1,1.0,1.0,1.0,0.0
9277,1,[22],22.0,22,22,1,1.0,4.0,1.0,0.0
9281,3,"[4, 26, 36]",22.0,4,36,3,1.0,2.6667,1.0,0.0
9283,2,"[16, 114]",65.0,16,114,2,1.0,5.0,1.0,0.0
9293,3,"[6, 12, 26]",14.6667,6,26,3,1.0,3.3333,0.6667,0.0
9311,1,[16],16.0,16,16,1,1.0,6.0,1.0,0.0
9323,3,"[14, 30, 36]",26.6667,14,36,3,1.0,5.3333,1.0,0.0
9337,3,"[6, 8, 20]",11.3333,6,20,3,1.0,4.3333,1.0,0.0
9341,1,[4],4.0,4,4,1,1.0,2.0,1.0,0.0
9343,1,[36],36.0,36,36,1,1.0,4.0,1.0,0.0
9349,2,"[6, 12]",9.0,6,12,2,1.0,4.0,1.0,0.0
9371,1,[6],6.0,6,6,1,1.0,1.0,1.0,0.0
9377,1,[14],14.0,14,14,1,1.0,8.0,1.0,0.0
9391,1,[6],6.0,6,6,1,1.0,1.0,0.0,0.0
9397,2,"[10, 34]",22.0,10,34,2,1.0,3.0,1.0,0.0
9403,2,"[10, 42]",26.0,10,42,2,1.0,4.0,0.5,0.0
9419,2,"[18, 34]",26.0,18,34,2,1.0,4.0,1.0,0.0
9431,1,[16],16.0,16,16,1,1.0,2.0,1.0,0.0
9433,1,[10],10.0,10,10,1,1.0,2.0,1.0,0.0
9437,4,"[12, 14, 24, 30]",20.0,12,30,4,1.0,2.75,1.0,0.0
9461,3,"[6, 10, 18]",11.3333,6,18,3,1.0,2.3333,1.0,0.0
9467,4,"[6, 10, 12]",10.0,6,12,3,1.0,3.5,0.75,0.0
9473,1,[28],28.0,28,28,1,1.0,4.0,1.0,0.0
9479,1,[22],22.0,22,22,1,1.0,2.0,1.0,0.0
9491,3,"[10, 30, 112]",50.6667,10,112,3,1.0,1.6667,1.0,0.0
9497,2,"[6, 12]",9.0,6,12,2,1.0,3.5,1.0,0.0
9511,1,[4],4.0,4,4,1,1.0,1.0,0.0,0.0
9521,1,[26],26.0,26,26,1,1.0,2.0,1.0,0.0
9533,1,[4],4.0,4,4,1,1.0,3.0,1.0,0.0
9547,1,[8],8.0,8,8,1,1.0,2.0,1.0,0.0
9551,1,[4],4.0,4,4,1,1.0,2.0,0.0,0.0
9587,1,[14],14.0,14,14,1,1.0,2.0,1.0,0.0
9601,1,[12],12.0,12,12,1,1.0,4.0,1.0,0.0
9613,1,[22],22.0,22,22,1,1.0,3.0,1.0,0.0
9619,3,"[12, 22, 28]",20.6667,12,28,3,1.0,3.0,1.0,0.0
9629,1,[34],34.0,34,34,1,1.0,4.0,1.0,0.0
9631,2,"[8, 16]",12.0,8,16,2,1.0,4.0,1.0,0.0
9649,1,[30],30.0,30,30,1,1.0,2.0,1.0,0.0
9661,1,[10],10.0,10,10,1,1.0,3.0,1.0,0.0
9679,1,[34],34.0,34,34,1,1.0,2.0,1.0,0.0
9689,1,[10],10.0,10,10,1,1.0,3.0,1.0,0.0
9697,2,"[6, 18]",12.0,6,18,2,1.0,3.0,1.0,0.0
9719,1,[10],10.0,10,10,1,1.0,4.0,1.0,0.0
9721,2,"[12, 24]",18.0,12,24,2,1.0,2.0,1.0,0.0
9739,1,[28],28.0,28,28,1,1.0,6.0,1.0,0.0
9743,1,[18],18.0,18,18,1,1.0,9.0,1.0,0.0
9749,3,"[6, 18, 26]",16.6667,6,26,3,1.0,4.6667,0.6667,0.0
9767,1,[14],14.0,14,14,1,1.0,2.0,1.0,0.0
9781,2,"[20, 30]",25.0,20,30,2,1.0,4.5,1.0,0.0
9811,4,"[10, 20, 40, 48]",29.5,10,48,4,1.0,3.5,1.0,0.0
9829,1,[12],12.0,12,12,1,1.0,6.0,1.0,0.0
9833,1,[6],6.0,6,6,1,1.0,2.0,0.0,0.0
9839,1,[6],6.0,6,6,1,1.0,3.0,0.0,0.0
9859,1,[12],12.0,12,12,1,1.0,3.0,1.0,0.0
9871,1,[24],24.0,24,24,1,1.0,1.0,1.0,0.0
9883,2,"[18, 34]",26.0,18,34,2,1.0,2.5,1.0,0.0
9887,1,[12],12.0,12,12,1,1.0,5.0,1.0,0.0
9901,1,[14],14.0,14,14,1,1.0,3.0,1.0,0.0
9907,1,[26],26.0,26,26,1,1.0,6.0,1.0,0.0
9923,1,[24],24.0,24,24,1,1.0,2.0,1.0,0.0
9929,2,"[10, 16]",13.0,10,16,2,1.0,3.5,1.0,0.0
9931,1,[18],18.0,18,18,1,1.0,4.0,1.0,0.0
9941,1,[14],14.0,14,14,1,1.0,2.0,1.0,0.0
9967,1,[18],18.0,18,18,1,1.0,4.0,1.0,0.0
9973,1,[6],6.0,6,6,1,1.0,2.0,1.0,0.0
10009,1,[36],36.0,36,36,1,1.0,7.0,1.0,0.0
10037,1,[12],12.0,12,12,1,1.0,4.0,1.0,0.0
10039,2,"[22, 32]",27.0,22,32,2,1.0,3.0,1.0,0.0
10061,2,"[12, 42]",27.0,12,42,2,1.0,2.5,1.0,0.0
10067,2,"[12, 22]",17.0,12,22,2,1.0,3.0,1.0,0.0
10069,3,"[10, 30]",23.3333,10,30,2,1.0,4.0,1.0,0.0
10079,1,[38],38.0,38,38,1,1.0,2.0,1.0,0.0
10093,1,[14],14.0,14,14,1,1.0,4.0,1.0,0.0
10103,1,[12],12.0,12,12,1,1.0,2.0,1.0,0.0
10111,1,[10],10.0,10,10,1,1.0,4.0,1.0,0.0
10133,1,[42],42.0,42,42,1,1.0,2.0,1.0,0.0
10139,1,[36],36.0,36,36,1,1.0,4.0,1.0,0.0
10141,3,"[4, 12, 18]",11.3333,4,18,3,1.0,5.0,0.6667,0.0
10151,1,[12],12.0,12,12,1,1.0,5.0,1.0,0.0
10159,1,[22],22.0,22,22,1,1.0,1.0,1.0,0.0
10163,1,[4],4.0,4,4,1,1.0,1.0,0.0,0.0
10169,2,"[12, 54]",33.0,12,54,2,1.0,3.0,1.0,0.0
10177,2,"[24, 30]",27.0,24,30,2,1.0,2.5,1.0,0.0
10193,1,[38],38.0,38,38,1,1.0,2.0,1.0,0.0
10223,1,[36],36.0,36,36,1,1.0,5.0,1.0,0.0
10243,1,[16],16.0,16,16,1,1.0,3.0,1.0,0.0
10247,1,[6],6.0,6,6,1,1.0,1.0,0.0,0.0
10253,3,"[18, 22, 24]",21.3333,18,24,3,1.0,3.3333,1.0,0.0
10267,2,"[8, 28]",18.0,8,28,2,1.0,4.0,1.0,0.0
10273,2,"[10, 16]",13.0,10,16,2,1.0,5.0,1.0,0.0
10301,3,"[6, 14, 28]",16.0,6,28,3,1.0,5.3333,1.0,0.0
10331,1,[6],6.0,6,6,1,1.0,5.0,1.0,0.0
10337,1,[32],32.0,32,32,1,1.0,6.0,1.0,0.0
10343,1,[30],30.0,30,30,1,1.0,2.0,1.0,0.0
10357,1,[10],10.0,10,10,1,1.0,1.0,1.0,0.0
10369,1,[16],16.0,16,16,1,1.0,4.0,1.0,0.0
10391,4,"[4, 18, 28, 30]",20.0,4,30,4,1.0,2.5,0.75,0.0
10399,1,[46],46.0,46,46,1,1.0,1.0,1.0,0.0
10427,1,[16],16.0,16,16,1,1.0,6.0,1.0,0.0
10453,1,[46],46.0,46,46,1,1.0,6.0,1.0,0.0
10457,2,"[8, 42]",25.0,8,42,2,1.0,2.0,1.0,0.0
10459,1,[28],28.0,28,28,1,1.0,4.0,1.0,0.0
10463,3,"[4, 18, 50]",24.0,4,50,3,1.0,1.6667,0.6667,0.0
10487,4,"[8, 12, 22, 60]",25.5,8,60,4,1.0,3.25,1.0,0.0
10501,3,"[6, 12, 14]",10.6667,6,14,3,1.0,2.0,1.0,0.0
10513,2,"[4, 24]",14.0,4,24,2,1.0,6.5,1.0,0.0
10529,2,"[20, 24]",22.0,20,24,2,1.0,2.0,1.0,0.0
10531,1,[18],18.0,18,18,1,1.0,5.0,1.0,0.0
10559,2,"[22, 40]",31.0,22,40,2,1.0,6.0,1.0,0.0
10567,1,[34],34.0,34,34,1,1.0,3.0,1.0,0.0
10589,1,[6],6.0,6,6,1,1.0,1.0,0.0,0.0
10597,2,"[10, 36]",23.0,10,36,2,1.0,5.0,1.0,0.0
10601,4,"[6, 10, 12, 18]",11.5,6,18,4,1.0,3.75,0.75,0.25
10613,1,[10],10.0,10,10,1,1.0,4.0,1.0,0.0
10627,1,[12],12.0,12,12,1,1.0,2.0,1.0,0.0
10639,1,[22],22.0,22,22,1,1.0,1.0,1.0,0.0
10651,2,"[6, 10]",8.0,6,10,2,1.0,4.0,1.0,0.0
10657,2,"[10, 12]",11.0,10,12,2,1.0,2.0,1.0,0.0
10663,1,[38],38.0,38,38,1,1.0,2.0,1.0,0.0
10687,1,[8],8.0,8,8,1,1.0,2.0,1.0,0.0
10691,1,[24],24.0,24,24,1,1.0,2.0,1.0,0.0
10709,1,[16],16.0,16,16,1,1.0,3.0,1.0,0.0
10723,2,"[10, 16]",13.0,10,16,2,1.0,2.5,1.0,0.0
10753,3,"[10, 18, 22]",16.6667,10,22,3,1.0,3.3333,1.0,0.0
10771,1,[14],14.0,14,14,1,1.0,2.0,1.0,0.0
10789,1,[40],40.0,40,40,1,1.0,3.0,1.0,0.0
10847,2,"[6, 30]",18.0,6,30,2,1.0,6.0,0.5,0.0
10867,1,[10],10.0,10,10,1,1.0,6.0,0.0,0.0
10889,1,[24],24.0,24,24,1,1.0,9.0,1.0,0.0
10903,2,"[4, 28]",16.0,4,28,2,1.0,3.5,0.5,0.0
10909,1,[22],22.0,22,22,1,1.0,12.0,0.0,1.0
10937,2,"[10, 12]",11.0,10,12,2,1.0,3.0,1.0,0.0
10939,1,[26],26.0,26,26,1,1.0,2.0,1.0,0.0
10949,1,[16],16.0,16,16,1,1.0,2.0,1.0,0.0
10957,1,[12],12.0,12,12,1,1.0,2.0,1.0,0.0
10973,2,"[22, 24]",23.0,22,24,2,1.0,4.0,1.0,0.0
10979,2,"[22, 24]",23.0,22,24,2,1.0,3.5,1.0,0.0
10993,3,"[4, 18, 38]",20.0,4,38,3,1.0,3.0,1.0,0.0
11003,1,[26],26.0,26,26,1,1.0,5.0,1.0,0.0
11027,2,"[12, 24]",18.0,12,24,2,1.0,3.5,1.0,0.0
11047,1,[10],10.0,10,10,1,1.0,6.0,1.0,0.0
11057,2,"[10, 42]",26.0,10,42,2,1.0,3.5,1.0,0.0
11059,2,"[12, 18]",15.0,12,18,2,1.0,3.0,1.0,0.0
11069,1,[40],40.0,40,40,1,1.0,2.0,1.0,0.0
11071,1,[34],34.0,34,34,1,1.0,4.0,1.0,0.0
11083,1,[20],20.0,20,20,1,1.0,6.0,1.0,0.0
11093,2,"[28, 34]",31.0,28,34,2,1.0,4.5,1.0,0.0
11113,2,"[4, 18]",11.0,4,18,2,1.0,5.0,1.0,0.0
11117,1,[24],24.0,24,24,1,1.0,2.0,1.0,0.0
11131,2,"[14, 22]",18.0,14,22,2,1.0,4.0,1.0,0.0
11159,1,[22],22.0,22,22,1,1.0,2.0,1.0,0.0
11161,3,"[10, 30]",16.6667,10,30,2,1.0,1.6667,1.0,0.0
11171,2,"[8, 10]",9.0,8,10,2,1.0,3.0,1.0,0.0
11173,1,[14],14.0,14,14,1,1.0,6.0,1.0,0.0
11177,4,"[16, 18, 28]",22.5,16,28,3,1.0,2.75,1.0,0.0
11197,2,"[16, 30]",23.0,16,30,2,1.0,2.5,1.0,0.0
11213,1,[16],16.0,16,16,1,1.0,10.0,1.0,0.0
11239,1,[16],16.0,16,16,1,1.0,4.0,1.0,0.0
11243,1,[10],10.0,10,10,1,1.0,3.0,1.0,0.0
11251,1,[26],26.0,26,26,1,1.0,2.0,1.0,0.0
11257,1,[10],10.0,10,10,1,1.0,4.0,1.0,0.0
11261,1,[14],14.0,14,14,1,1.0,3.0,1.0,0.0
11273,1,[10],10.0,10,10,1,1.0,4.0,1.0,0.0
11287,3,"[12, 18, 68]",32.6667,12,68,3,1.0,2.6667,1.0,0.0
11311,1,[4],4.0,4,4,1,1.0,1.0,0.0,0.0
11317,1,[6],6.0,6,6,1,1.0,2.0,1.0,0.0
11351,1,[4],4.0,4,4,1,1.0,1.0,1.0,0.0
11369,1,[22],22.0,22,22,1,1.0,10.0,1.0,0.0
11399,1,[12],12.0,12,12,1,1.0,2.0,1.0,0.0
11411,1,[12],12.0,12,12,1,1.0,8.0,1.0,0.0
11423,1,[14],14.0,14,14,1,1.0,2.0,1.0,0.0
11437,2,"[8, 18]",13.0,8,18,2,1.0,2.5,1.0,0.0
11447,1,[10],10.0,10,10,1,1.0,4.0,1.0,0.0
11467,1,[14],14.0,14,14,1,1.0,2.0,1.0,0.0
11471,1,[8],8.0,8,8,1,1.0,2.0,1.0,0.0
11491,1,[6],6.0,6,6,1,1.0,1.0,1.0,0.0
11497,2,"[10, 68]",39.0,10,68,2,1.0,4.0,1.0,0.0
11519,1,[22],22.0,22,22,1,1.0,6.0,1.0,0.0
11527,2,"[12, 24]",18.0,12,24,2,1.0,1.0,1.0,0.0
11551,1,[10],10.0,10,10,1,1.0,4.0,1.0,0.0
11579,1,[10],10.0,10,10,1,1.0,6.0,1.0,0.0
11597,2,"[10, 44]",27.0,10,44,2,1.0,3.0,1.0,0.0
11617,1,[12],12.0,12,12,1,1.0,4.0,1.0,0.0
11621,1,[12],12.0,12,12,1,1.0,6.0,1.0,0.0
11633,1,[20],20.0,20,20,1,1.0,2.0,1.0,0.0
11681,1,[6],6.0,6,6,1,1.0,2.0,1.0,0.0
11701,1,[4],4.0,4,4,1,1.0,3.0,0.0,0.0
11717,1,[28],28.0,28,28,1,1.0,4.0,1.0,0.0
11719,2,"[12, 18]",15.0,12,18,2,1.0,5.5,1.0,0.0
11777,3,"[6, 12, 22]",13.3333,6,22,3,1.0,1.6667,1.0,0.0
11779,2,"[6, 28]",17.0,6,28,2,1.0,4.5,1.0,0.0
11801,1,[6],6.0,6,6,1,1.0,2.0,0.0,0.0
11807,1,[54],54.0,54,54,1,1.0,3.0,1.0,0.0
11821,2,"[18, 32]",25.0,18,32,2,1.0,3.0,1.0,0.0
11827,2,"[6, 24]",15.0,6,24,2,1.0,2.5,0.5,0.0
11839,2,"[12, 26]",19.0,12,26,2,1.0,2.0,1.0,0.0
11863,3,"[4, 14, 38]",18.6667,4,38,3,1.0,1.6667,0.6667,0.0
11867,1,[16],16.0,16,16,1,1.0,2.0,1.0,0.0
11897,2,"[6, 12]",9.0,6,12,2,1.0,4.0,1.0,0.0
11903,1,[26],26.0,26,26,1,1.0,2.0,1.0,0.0
11909,1,[12],12.0,12,12,1,1.0,4.0,1.0,0.0
11923,2,"[6, 16]",11.0,6,16,2,1.0,4.0,1.0,0.0
11927,1,[6],6.0,6,6,1,1.0,4.0,0.0,0.0
11939,1,[30],30.0,30,30,1,1.0,2.0,1.0,0.0
11941,2,"[18, 60]",39.0,18,60,2,1.0,3.0,1.0,0.0
11953,2,"[10, 36]",23.0,10,36,2,1.0,5.0,1.0,0.0
11959,2,"[24, 46]",35.0,24,46,2,1.0,7.0,1.0,0.0
11969,1,[46],46.0,46,46,1,1.0,3.0,1.0,0.0
11971,1,[10],10.0,10,10,1,1.0,4.0,1.0,0.0
11981,1,[14],14.0,14,14,1,1.0,2.0,1.0,0.0
11987,4,"[8, 12, 20, 30]",17.5,8,30,4,1.0,5.5,1.0,0.0
12037,1,[6],6.0,6,6,1,1.0,4.0,1.0,0.0
12041,1,[14],14.0,14,14,1,1.0,2.0,1.0,0.0
12049,2,"[6, 24]",15.0,6,24,2,1.0,1.5,1.0,0.0
12071,1,[12],12.0,12,12,1,1.0,2.0,1.0,0.0
12097,2,"[8, 12]",10.0,8,12,2,1.0,2.0,1.0,0.0
12101,2,"[12, 52]",32.0,12,52,2,1.0,6.0,1.0,0.0
12107,1,[6],6.0,6,6,1,1.0,2.0,1.0,0.0
12109,3,"[10, 30, 40]",26.6667,10,40,3,1.0,3.0,1.0,0.0
12119,1,[6],6.0,6,6,1,1.0,2.0,1.0,0.0
12143,1,[28],28.0,28,28,1,1.0,2.0,1.0,0.0
12149,1,[10],10.0,10,10,1,1.0,1.0,1.0,0.0
12157,3,"[10, 26, 36]",24.0,10,36,3,1.0,3.0,1.0,0.0
12163,1,[4],4.0,4,4,1,1.0,1.0,0.0,0.0
12197,1,[8],8.0,8,8,1,1.0,2.0,1.0,0.0
12203,1,[22],22.0,22,22,1,1.0,4.0,1.0,0.0
12211,2,"[10, 32]",21.0,10,32,2,1.0,3.0,1.0,0.0
12239,1,[26],26.0,26,26,1,1.0,2.0,1.0,0.0
12269,2,"[18, 40]",29.0,18,40,2,1.0,3.5,1.0,0.0
12277,1,[12],12.0,12,12,1,1.0,4.0,1.0,0.0
12281,3,"[14, 30]",19.3333,14,30,2,1.0,6.6667,1.0,0.0
12289,1,[10],10.0,10,10,1,1.0,1.0,1.0,0.0
12301,1,[18],18.0,18,18,1,1.0,2.0,1.0,0.0
12329,1,[6],6.0,6,6,1,1.0,2.0,1.0,0.0
12343,1,[10],10.0,10,10,1,1.0,2.0,1.0,0.0
12347,3,"[8, 12]",10.6667,8,12,2,1.0,5.0,1.0,0.0
12373,2,"[20, 28]",24.0,20,28,2,1.0,2.5,1.0,0.0
12379,1,[28],28.0,28,28,1,1.0,4.0,1.0,0.0
12391,3,"[6, 8, 12]",8.6667,6,12,3,1.0,4.0,1.0,0.0
12401,4,"[6, 14, 18, 20]",14.5,6,20,4,1.0,4.5,0.75,0.0
12409,1,[12],12.0,12,12,1,1.0,1.0,1.0,0.0
12413,2,"[16, 42]",29.0,16,42,2,1.0,2.0,1.0,0.0
12433,1,[96],96.0,96,96,1,1.0,6.0,1.0,0.0
12437,1,[12],12.0,12,12,1,1.0,6.0,1.0,0.0
12451,1,[4],4.0,4,4,1,1.0,1.0,1.0,0.0
12473,1,[18],18.0,18,18,1,1.0,3.0,1.0,0.0
12491,1,[6],6.0,6,6,1,1.0,2.0,1.0,0.0
12503,1,[16],16.0,16,16,1,1.0,4.0,1.0,0.0
12511,1,[22],22.0,22,22,1,1.0,1.0,1.0,0.0
12517,1,[6],6.0,6,6,1,1.0,2.0,1.0,0.0
12527,1,[24],24.0,24,24,1,1.0,2.0,1.0,0.0
12539,2,"[28, 40]",34.0,28,40,2,1.0,4.0,1.0,0.0
12541,2,"[6, 10]",8.0,6,10,2,1.0,2.5,0.5,0.0
12547,2,"[8, 18]",13.0,8,18,2,1.0,2.0,1.0,0.0
12569,1,[36],36.0,36,36,1,1.0,2.0,1.0,0.0
12577,3,"[6, 12, 18]",12.0,6,18,3,1.0,7.0,1.0,0.0
12583,3,"[6, 40, 46]",30.6667,6,46,3,1.0,3.6667,0.6667,0.0
12589,2,"[16, 34]",25.0,16,34,2,1.0,5.0,1.0,0.0
12601,2,"[18, 38]",28.0,18,38,2,1.0,3.0,1.0,0.0
12611,1,[12],12.0,12,12,1,1.0,2.0,1.0,0.0
12619,2,"[18, 26]",22.0,18,26,2,1.0,2.0,1.0,0.0
12641,3,"[6, 14, 24]",14.6667,6,24,3,1.0,3.6667,1.0,0.0
12647,3,"[6, 12]",8.0,6,12,2,1.0,2.0,0.6667,0.0
12653,4,"[4, 18, 28, 34]",21.0,4,34,4,1.0,3.0,0.75,0.0
12671,2,"[6, 24]",15.0,6,24,2,1.0,3.0,1.0,0.0
12697,1,[30],30.0,30,30,1,1.0,12.0,1.0,0.0
12703,2,"[6, 18]",12.0,6,18,2,1.0,1.5,1.0,0.0
12713,1,[14],14.0,14,14,1,1.0,5.0,1.0,0.0
12721,3,"[6, 12, 28]",15.3333,6,28,3,1.0,2.6667,1.0,0.0
12739,2,"[10, 22]",16.0,10,22,2,1.0,2.0,1.0,0.0
12757,1,[12],12.0,12,12,1,1.0,2.0,1.0,0.0
12763,1,[14],14.0,14,14,1,1.0,6.0,1.0,0.0
12799,1,[10],10.0,10,10,1,1.0,1.0,1.0,0.0
12821,1,[40],40.0,40,40,1,1.0,6.0,1.0,0.0
12823,1,[30],30.0,30,30,1,1.0,2.0,1.0,0.0
12829,1,[12],12.0,12,12,1,1.0,1.0,1.0,0.0
12853,2,"[18, 30]",24.0,18,30,2,1.0,3.0,1.0,0.0
12899,1,[28],28.0,28,28,1,1.0,1.0,1.0,0.0
12907,2,"[8, 38]",23.0,8,38,2,1.0,3.0,1.0,0.0
12911,1,[30],30.0,30,30,1,1.0,2.0,1.0,0.0
12917,2,"[12, 16]",14.0,12,16,2,1.0,6.0,1.0,0.0
12919,1,[28],28.0,28,28,1,1.0,1.0,1.0,0.0
12923,2,"[6, 46]",26.0,6,46,2,1.0,3.5,0.5,0.0
12953,1,[28],28.0,28,28,1,1.0,4.0,1.0,0.0
12959,1,[18],18.0,18,18,1,1.0,2.0,1.0,0.0
12967,2,"[6, 18]",12.0,6,18,2,1.0,4.5,1.0,0.0
12973,1,[6],6.0,6,6,1,1.0,2.0,1.0,0.0
12979,1,[22],22.0,22,22,1,1.0,4.0,1.0,0.0
12983,1,[6],6.0,6,6,1,1.0,3.0,0.0,0.0
13001,1,[14],14.0,14,14,1,1.0,6.0,1.0,0.0
13003,2,"[30, 42]",36.0,30,42,2,1.0,4.5,1.0,0.0
13033,3,"[4, 16, 30]",16.6667,4,30,3,1.0,3.0,1.0,0.0
13037,1,[6],6.0,6,6,1,1.0,2.0,1.0,0.0
13043,1,[34],34.0,34,34,1,1.0,4.0,1.0,0.0
13063,1,[10],10.0,10,10,1,1.0,4.0,1.0,0.0
13103,2,"[4, 30]",17.0,4,30,2,1.0,8.5,0.0,0.5
13109,3,"[6, 16, 30]",17.3333,6,30,3,1.0,3.6667,0.6667,0.0
13121,3,"[4, 10, 12]",8.6667,4,12,3,1.0,2.3333,0.6667,0.0
13147,1,[10],10.0,10,10,1,1.0,2.0,1.0,0.0
13151,1,[14],14.0,14,14,1,1.0,6.0,1.0,0.0
13171,2,"[6, 18]",12.0,6,18,2,1.0,3.0,0.5,0.0
13177,1,[10],10.0,10,10,1,1.0,6.0,1.0,0.0
13183,2,"[6, 24]",15.0,6,24,2,1.0,3.0,0.5,0.0
13187,1,[18],18.0,18,18,1,1.0,12.0,1.0,0.0
13217,3,"[8, 12, 34]",18.0,8,34,3,1.0,1.6667,1.0,0.0
13229,1,[12],12.0,12,12,1,1.0,3.0,1.0,0.0
13259,2,"[18, 22]",20.0,18,22,2,1.0,5.0,1.0,0.0
13267,2,"[12, 18]",15.0,12,18,2,1.0,3.0,1.0,0.0
13291,2,"[14, 28]",21.0,14,28,2,1.0,4.0,1.0,0.0
13297,1,[24],24.0,24,24,1,1.0,2.0,1.0,0.0
13327,2,"[10, 28]",19.0,10,28,2,1.0,5.0,1.0,0.0
13337,1,[24],24.0,24,24,1,1.0,6.0,1.0,0.0
13367,1,[22],22.0,22,22,1,1.0,4.0,1.0,0.0
13381,1,[10],10.0,10,10,1,1.0,4.0,1.0,0.0
13397,2,"[18, 36]",27.0,18,36,2,1.0,3.0,1.0,0.0
13399,1,[30],30.0,30,30,1,1.0,2.0,1.0,0.0
13411,3,"[4, 24]",17.3333,4,24,2,1.0,4.0,0.6667,0.0
13417,1,[18],18.0,18,18,1,1.0,2.0,1.0,0.0
13421,1,[22],22.0,22,22,1,1.0,1.0,1.0,0.0
13451,4,"[4, 6, 30, 40]",20.0,4,40,4,1.0,2.0,0.75,0.0
13457,2,"[6, 30]",18.0,6,30,2,1.0,6.0,1.0,0.0
13469,2,"[26, 28]",27.0,26,28,2,1.0,3.0,1.0,0.0
13477,2,"[42, 60]",51.0,42,60,2,1.0,4.0,1.0,0.0
13487,1,[30],30.0,30,30,1,1.0,2.0,1.0,0.0
13499,3,"[12, 16, 42]",23.3333,12,42,3,1.0,4.6667,1.0,0.0
13537,1,[10],10.0,10,10,1,1.0,3.0,1.0,0.0
13567,1,[14],14.0,14,14,1,1.0,2.0,1.0,0.0
13591,4,"[6, 12, 14, 24]",14.0,6,24,4,1.0,3.5,0.75,0.0
13597,1,[12],12.0,12,12,1,1.0,6.0,1.0,0.0
13613,1,[14],14.0,14,14,1,1.0,2.0,1.0,0.0
13619,1,[40],40.0,40,40,1,1.0,10.0,1.0,0.0
13627,5,"[6, 10, 12, 36, 60]",24.8,6,60,5,1.0,2.4,1.0,0.0
13633,2,"[22, 48]",35.0,22,48,2,1.0,3.0,1.0,0.0
13649,2,"[22, 28]",25.0,22,28,2,1.0,5.5,1.0,0.0
13669,2,"[16, 18]",17.0,16,18,2,1.0,3.0,1.0,0.0
13679,2,"[16, 20]",18.0,16,20,2,1.0,3.0,1.0,0.0
13681,1,[4],4.0,4,4,1,1.0,2.0,0.0,0.0
13691,3,"[4, 10, 20]",11.3333,4,20,3,1.0,2.0,1.0,0.0
13693,1,[40],40.0,40,40,1,1.0,4.0,1.0,0.0
13709,2,"[30, 36]",33.0,30,36,2,1.0,3.0,1.0,0.0
13711,1,[12],12.0,12,12,1,1.0,4.0,1.0,0.0
13721,3,"[14, 24, 32]",23.3333,14,32,3,1.0,5.0,1.0,0.0
13723,3,"[10, 18, 20]",16.0,10,20,3,1.0,3.3333,1.0,0.0
13751,2,"[12, 38]",25.0,12,38,2,1.0,7.0,1.0,0.0
13757,1,[20],20.0,20,20,1,1.0,2.0,1.0,0.0
13789,1,[30],30.0,30,30,1,1.0,6.0,1.0,0.0
13807,1,[14],14.0,14,14,1,1.0,5.0,1.0,0.0
13831,2,"[24, 38]",31.0,24,38,2,1.0,3.5,1.0,0.0
13841,1,[32],32.0,32,32,1,1.0,8.0,0.0,1.0
13877,1,[18],18.0,18,18,1,1.0,2.0,1.0,0.0
13883,2,"[10, 16]",13.0,10,16,2,1.0,5.0,1.0,0.0
13901,2,"[6, 18]",12.0,6,18,2,1.0,2.0,1.0,0.0
13903,2,"[10, 30]",20.0,10,30,2,1.0,1.5,1.0,0.0
13907,2,"[8, 26]",17.0,8,26,2,1.0,7.0,1.0,0.0
13931,1,[8],8.0,8,8,1,1.0,2.0,1.0,0.0
13963,3,"[4, 6, 42]",17.3333,4,42,3,1.0,3.3333,1.0,0.0
13967,1,[14],14.0,14,14,1,1.0,5.0,1.0,0.0
13997,1,[6],6.0,6,6,1,1.0,4.0,1.0,0.0
13999,2,"[10, 24]",17.0,10,24,2,1.0,1.0,0.5,0.0
14011,2,"[6, 12]",9.0,6,12,2,1.0,2.0,1.0,0.0
14029,1,[24],24.0,24,24,1,1.0,4.0,1.0,0.0
14033,1,[24],24.0,24,24,1,1.0,4.0,1.0,0.0
14057,2,"[12, 42]",27.0,12,42,2,1.0,1.5,1.0,0.0
14071,2,"[32, 36]",34.0,32,36,2,1.0,4.0,1.0,0.0
14087,1,[34],34.0,34,34,1,1.0,6.0,1.0,0.0
14143,1,[4],4.0,4,4,1,1.0,3.0,0.0,0.0
14149,1,[40],40.0,40,40,1,1.0,2.0,1.0,0.0
14153,2,"[4, 14]",9.0,4,14,2,1.0,3.5,0.5,0.0
14177,1,[54],54.0,54,54,1,1.0,2.0,1.0,0.0
14197,1,[6],6.0,6,6,1,1.0,5.0,0.0,0.0
14207,1,[26],26.0,26,26,1,1.0,6.0,1.0,0.0
14221,1,[30],30.0,30,30,1,1.0,2.0,1.0,0.0
14249,2,"[16, 56]",36.0,16,56,2,1.0,4.0,1.0,0.0
14251,1,[14],14.0,14,14,1,1.0,6.0,1.0,0.0
14281,2,"[18, 40]",29.0,18,40,2,1.0,4.0,1.0,0.0
14293,1,[22],22.0,22,22,1,1.0,4.0,1.0,0.0
14303,1,[30],30.0,30,30,1,1.0,4.0,1.0,0.0
14321,2,"[30, 48]",39.0,30,48,2,1.0,16.0,0.5,0.5
14323,2,"[10, 16]",13.0,10,16,2,1.0,3.0,1.0,0.0
14341,2,"[18, 30]",24.0,18,30,2,1.0,5.0,1.0,0.0
14347,2,"[26, 36]",31.0,26,36,2,1.0,4.0,1.0,0.0
14387,2,"[6, 18]",12.0,6,18,2,1.0,2.0,1.0,0.0
14389,1,[22],22.0,22,22,1,1.0,8.0,1.0,0.0
14401,1,[48],48.0,48,48,1,1.0,2.0,1.0,0.0
14419,3,"[12, 24, 30]",22.0,12,30,3,1.0,6.0,0.6667,0.3333
14423,2,"[22, 40]",31.0,22,40,2,1.0,2.0,1.0,0.0
14431,1,[6],6.0,6,6,1,1.0,5.0,1.0,0.0
14437,3,"[10, 12, 40]",20.6667,10,40,3,1.0,1.3333,1.0,0.0
14503,1,[26],26.0,26,26,1,1.0,2.0,1.0,0.0
14533,2,"[14, 26]",20.0,14,26,2,1.0,5.5,1.0,0.0
14537,1,[6],6.0,6,6,1,1.0,2.0,1.0,0.0
14543,1,[24],24.0,24,24,1,1.0,2.0,1.0,0.0
14549,1,[22],22.0,22,22,1,1.0,2.0,1.0,0.0
14551,1,[8],8.0,8,8,1,1.0,2.0,1.0,0.0
14557,2,"[20, 22]",21.0,20,22,2,1.0,3.0,1.0,0.0
14563,1,[32],32.0,32,32,1,1.0,2.0,1.0,0.0
14591,2,"[4, 12]",8.0,4,12,2,1.0,2.0,1.0,0.0
14593,2,"[4, 18]",11.0,4,18,2,1.0,5.5,1.0,0.0
14621,1,[24],24.0,24,24,1,1.0,4.0,1.0,0.0
14627,1,[6],6.0,6,6,1,1.0,2.0,1.0,0.0
14639,1,[30],30.0,30,30,1,1.0,4.0,1.0,0.0
14653,2,"[14, 30]",22.0,14,30,2,1.0,5.5,1.0,0.0
14683,1,[26],26.0,26,26,1,1.0,4.0,1.0,0.0
14713,1,[26],26.0,26,26,1,1.0,2.0,1.0,0.0
14723,1,[10],10.0,10,10,1,1.0,3.0,1.0,0.0
14731,2,"[14, 28]",21.0,14,28,2,1.0,1.5,1.0,0.0
14737,1,[14],14.0,14,14,1,1.0,6.0,1.0,0.0
14741,2,"[6, 10]",8.0,6,10,2,1.0,3.0,0.5,0.0
14747,2,"[6, 8]",7.0,6,8,2,1.0,3.0,0.5,0.0
14753,1,[4],4.0,4,4,1,1.0,3.0,1.0,0.0
14759,1,[36],36.0,36,36,1,1.0,10.0,1.0,0.0
14767,1,[36],36.0,36,36,1,1.0,3.0,1.0,0.0
14771,2,"[12, 18]",15.0,12,18,2,1.0,3.0,1.0,0.0
14797,1,[14],14.0,14,14,1,1.0,6.0,1.0,0.0
14813,2,"[6, 10]",8.0,6,10,2,1.0,4.0,1.0,0.0
14821,1,[14],14.0,14,14,1,1.0,2.0,1.0,0.0
14827,1,[24],24.0,24,24,1,1.0,1.0,1.0,0.0
14831,3,"[4, 6, 20]",10.0,4,20,3,1.0,2.0,0.3333,0.0
14843,1,[4],4.0,4,4,1,1.0,1.0,0.0,0.0
14879,1,[42],42.0,42,42,1,1.0,6.0,1.0,0.0
14887,2,"[18, 42]",30.0,18,42,2,1.0,6.0,1.0,0.0
14897,1,[10],10.0,10,10,1,1.0,4.0,1.0,0.0
14923,1,[4],4.0,4,4,1,1.0,1.0,0.0,0.0
14929,1,[30],30.0,30,30,1,1.0,3.0,1.0,0.0
14939,1,[22],22.0,22,22,1,1.0,16.0,1.0,0.0
14947,1,[12],12.0,12,12,1,1.0,2.0,1.0,0.0
14957,2,"[8, 30]",19.0,8,30,2,1.0,7.0,1.0,0.0
14969,2,[10],10.0,10,10,1,1.0,4.0,1.0,0.0
14983,2,"[10, 26]",18.0,10,26,2,1.0,1.5,1.0,0.0
15017,2,[24],24.0,24,24,1,1.0,5.0,1.0,0.0
15031,1,[6],6.0,6,6,1,1.0,2.0,1.0,0.0
15053,1,[12],12.0,12,12,1,1.0,4.0,1.0,0.0
15073,2,"[12, 14]",13.0,12,14,2,1.0,3.5,1.0,0.0
15091,3,"[8, 16, 24]",16.0,8,24,3,1.0,6.0,1.0,0.0
15101,1,[16],16.0,16,16,1,1.0,2.0,1.0,0.0
15107,1,[8],8.0,8,8,1,1.0,6.0,1.0,0.0
15121,3,"[6, 22, 28]",18.6667,6,28,3,1.0,4.0,1.0,0.0
15131,2,"[10, 14]",12.0,10,14,2,1.0,3.0,1.0,0.0
15137,3,"[12, 14, 18]",14.6667,12,18,3,1.0,5.3333,1.0,0.0
15139,2,"[18, 26]",22.0,18,26,2,1.0,4.5,1.0,0.0
15149,2,"[10, 12]",11.0,10,12,2,1.0,3.0,1.0,0.0
15161,1,[20],20.0,20,20,1,1.0,6.0,1.0,0.0
15173,2,"[16, 60]",38.0,16,60,2,1.0,3.0,1.0,0.0
15187,2,"[6, 22]",14.0,6,22,2,1.0,2.5,0.5,0.0
15193,3,"[10, 16, 18]",14.6667,10,18,3,1.0,3.3333,1.0,0.0
15199,1,[40],40.0,40,40,1,1.0,4.0,1.0,0.0
15217,3,"[8, 10, 48]",22.0,8,48,3,1.0,3.6667,1.0,0.0
15233,1,[40],40.0,40,40,1,1.0,6.0,1.0,0.0
15241,1,[14],14.0,14,14,1,1.0,2.0,1.0,0.0
15271,1,[4],4.0,4,4,1,1.0,1.0,0.0,0.0
15277,1,[18],18.0,18,18,1,1.0,4.0,1.0,0.0
15287,1,[12],12.0,12,12,1,1.0,2.0,1.0,0.0
15307,2,"[6, 14]",10.0,6,14,2,1.0,3.0,0.5,0.0
15313,2,[18],18.0,18,18,1,1.0,4.0,1.0,0.0
15319,2,"[18, 32]",25.0,18,32,2,1.0,5.0,1.0,0.0
15329,1,[12],12.0,12,12,1,1.0,3.0,1.0,0.0
15331,1,[24],24.0,24,24,1,1.0,2.0,1.0,0.0
15349,2,[12],12.0,12,12,1,1.0,1.5,1.0,0.0
15373,1,[16],16.0,16,16,1,1.0,4.0,1.0,0.0
15413,2,"[36, 40]",38.0,36,40,2,1.0,4.0,1.0,0.0
15427,1,[48],48.0,48,48,1,1.0,2.0,1.0,0.0
15439,2,"[10, 30]",20.0,10,30,2,1.0,2.0,1.0,0.0
15443,2,"[16, 18]",17.0,16,18,2,1.0,2.0,1.0,0.0
15461,3,"[6, 26, 28]",20.0,6,28,3,1.0,4.0,1.0,0.0
15493,2,"[6, 10]",8.0,6,10,2,1.0,2.0,1.0,0.0
15497,1,[8],8.0,8,8,1,1.0,3.0,1.0,0.0
15511,1,[10],10.0,10,10,1,1.0,4.0,1.0,0.0
15527,4,"[6, 10, 12, 24]",13.0,6,24,4,1.0,3.0,1.0,0.0
15541,2,"[30, 48]",39.0,30,48,2,1.0,4.0,1.0,0.0
15559,1,[40],40.0,40,40,1,1.0,2.0,1.0,0.0
15569,1,[20],20.0,20,20,1,1.0,2.0,1.0,0.0
15581,1,[4],4.0,4,4,1,1.0,2.0,1.0,0.0
15583,1,[18],18.0,18,18,1,1.0,6.0,1.0,0.0
15601,1,[4],4.0,4,4,1,1.0,1.0,0.0,0.0
15619,1,[10],10.0,10,10,1,1.0,4.0,1.0,0.0
15629,1,[28],28.0,28,28,1,1.0,12.0,1.0,0.0
15643,1,[18],18.0,18,18,1,1.0,4.0,1.0,0.0
15661,2,"[6, 16]",11.0,6,16,2,1.0,2.0,1.0,0.0
15667,1,[6],6.0,6,6,1,1.0,2.0,1.0,0.0
15671,1,[44],44.0,44,44,1,1.0,6.0,1.0,0.0
15679,1,[10],10.0,10,10,1,1.0,2.0,1.0,0.0
15727,1,[22],22.0,22,22,1,1.0,4.0,1.0,0.0
15731,2,"[14, 42]",28.0,14,42,2,1.0,2.0,1.0,0.0
15733,1,[36],36.0,36,36,1,1.0,6.0,1.0,0.0
15737,2,"[6, 12]",9.0,6,12,2,1.0,3.0,1.0,0.0
15739,1,[42],42.0,42,42,1,1.0,2.0,1.0,0.0
15749,1,[26],26.0,26,26,1,1.0,2.0,1.0,0.0
15761,1,[6],6.0,6,6,1,1.0,2.0,1.0,0.0
15767,3,"[8, 14, 22]",14.6667,8,22,3,1.0,4.6667,1.0,0.0
15787,1,[36],36.0,36,36,1,1.0,6.0,1.0,0.0
15791,1,[6],6.0,6,6,1,1.0,5.0,1.0,0.0
15797,1,[6],6.0,6,6,1,1.0,2.0,0.0,0.0
15803,2,"[30, 46]",38.0,30,46,2,1.0,4.0,1.0,0.0
15809,1,[32],32.0,32,32,1,1.0,2.0,1.0,0.0
15877,1,[12],12.0,12,12,1,1.0,2.0,1.0,0.0
15881,1,[10],10.0,10,10,1,1.0,3.0,1.0,0.0
15889,1,[40],40.0,40,40,1,1.0,4.0,1.0,0.0
15901,3,"[6, 16, 24]",15.3333,6,24,3,1.0,3.0,1.0,0.0
15907,1,[6],6.0,6,6,1,1.0,4.0,1.0,0.0
15913,1,[18],18.0,18,18,1,1.0,4.0,1.0,0.0
15923,1,[6],6.0,6,6,1,1.0,1.0,0.0,0.0
15937,1,[32],32.0,32,32,1,1.0,2.0,1.0,0.0
15959,2,"[28, 34]",31.0,28,34,2,1.0,2.5,1.0,0.0
15971,1,[6],6.0,6,6,1,1.0,4.0,1.0,0.0
15973,1,[30],30.0,30,30,1,1.0,3.0,1.0,0.0
15991,2,"[4, 18]",11.0,4,18,2,1.0,2.5,0.5,0.0
16001,1,[12],12.0,12,12,1,1.0,8.0,1.0,0.0
16033,1,[10],10.0,10,10,1,1.0,4.0,1.0,0.0
16057,3,"[8, 30, 48]",28.6667,8,48,3,1.0,3.0,1.0,0.0
16061,1,[12],12.0,12,12,1,1.0,4.0,1.0,0.0
16063,1,[4],4.0,4,4,1,1.0,1.0,1.0,0.0
16067,1,[6],6.0,6,6,1,1.0,4.0,1.0,0.0
16087,1,[10],10.0,10,10,1,1.0,2.0,1.0,0.0
16091,3,"[6, 10, 28]",14.6667,6,28,3,1.0,4.0,0.6667,0.0
16103,1,[22],22.0,22,22,1,1.0,4.0,1.0,0.0
16111,2,"[4, 18]",11.0,4,18,2,1.0,1.5,0.5,0.5
16127,2,"[12, 18]",15.0,12,18,2,1.0,11.0,0.5,0.0
16139,1,[16],16.0,16,16,1,1.0,4.0,1.0,0.0
16187,1,[32],32.0,32,32,1,1.0,2.0,1.0,0.0
16193,1,[24],24.0,24,24,1,1.0,5.0,1.0,0.0
16217,1,[6],6.0,6,6,1,1.0,5.0,0.0,0.0
16223,2,"[4, 30]",17.0,4,30,2,1.0,1.5,1.0,0.0
16229,1,[16],16.0,16,16,1,1.0,1.0,1.0,0.0
16253,1,[42],42.0,42,42,1,1.0,6.0,1.0,0.0
16267,2,"[8, 36]",22.0,8,36,2,1.0,4.5,1.0,0.0
16319,1,[16],16.0,16,16,1,1.0,6.0,1.0,0.0
16333,3,"[6, 10, 12]",9.3333,6,12,3,1.0,3.6667,0.6667,0.0
16339,1,[22],22.0,22,22,1,1.0,2.0,1.0,0.0
16369,2,"[10, 16]",13.0,10,16,2,1.0,5.0,1.0,0.0
16411,2,"[12, 48]",30.0,12,48,2,1.0,3.0,1.0,0.0
16421,1,[6],6.0,6,6,1,1.0,2.0,1.0,0.0
16427,2,"[12, 38]",25.0,12,38,2,1.0,3.5,1.0,0.0
16447,2,"[36, 42]",39.0,36,42,2,1.0,2.0,1.0,0.0
16451,3,"[6, 12, 32]",16.6667,6,32,3,1.0,3.0,1.0,0.0
16453,1,[4],4.0,4,4,1,1.0,3.0,1.0,0.0
16477,2,"[18, 36]",27.0,18,36,2,1.0,7.5,1.0,0.0
16481,2,"[6, 8]",7.0,6,8,2,1.0,2.0,1.0,0.0
16529,1,[6],6.0,6,6,1,1.0,2.0,1.0,0.0
16547,1,[12],12.0,12,12,1,1.0,4.0,1.0,0.0
16553,2,"[4, 28]",16.0,4,28,2,1.0,3.5,0.5,0.0
16561,3,"[6, 10, 14]",10.0,6,14,3,1.0,3.0,1.0,0.0
16607,4,"[12, 32, 38]",23.5,12,38,3,1.0,3.5,1.0,0.0
16619,1,[28],28.0,28,28,1,1.0,6.0,1.0,0.0
16633,1,[18],18.0,18,18,1,1.0,2.0,1.0,0.0
16649,1,[12],12.0,12,12,1,1.0,2.0,1.0,0.0
16657,1,[24],24.0,24,24,1,1.0,2.0,1.0,0.0
16661,3,"[22, 24, 66]",37.3333,22,66,3,1.0,6.3333,1.0,0.0
16673,2,"[10, 14]",12.0,10,14,2,1.0,2.0,1.0,0.0
16693,2,"[6, 24]",15.0,6,24,2,1.0,1.5,1.0,0.0
16703,1,[30],30.0,30,30,1,1.0,2.0,1.0,0.0
16729,2,[30],30.0,30,30,1,1.0,1.5,1.0,0.0
16741,1,[4],4.0,4,4,1,1.0,2.0,0.0,0.0
16763,3,"[18, 24]",22.0,18,24,2,1.0,3.3333,1.0,0.0
16811,1,[6],6.0,6,6,1,1.0,1.0,0.0,0.0
16823,1,[6],6.0,6,6,1,1.0,1.0,1.0,0.0
16829,1,[34],34.0,34,34,1,1.0,6.0,1.0,0.0
16831,1,[10],10.0,10,10,1,1.0,3.0,1.0,0.0
16843,1,[22],22.0,22,22,1,1.0,6.0,1.0,0.0
16879,3,"[6, 18, 28]",17.3333,6,28,3,1.0,3.3333,1.0,0.0
16901,1,[18],18.0,18,18,1,1.0,2.0,1.0,0.0
16903,2,"[18, 28]",23.0,18,28,2,1.0,6.0,1.0,0.0
16921,1,[38],38.0,38,38,1,1.0,2.0,1.0,0.0
16931,3,"[6, 14, 18]",12.6667,6,18,3,1.0,3.6667,1.0,0.0
16937,2,"[6, 12]",9.0,6,12,2,1.0,5.0,0.5,0.0
16943,1,[10],10.0,10,10,1,1.0,4.0,1.0,0.0
16979,1,[18],18.0,18,18,1,1.0,2.0,1.0,0.0
16981,1,[6],6.0,6,6,1,1.0,4.0,1.0,0.0
16993,2,"[16, 22]",19.0,16,22,2,1.0,4.5,1.0,0.0
17011,1,[38],38.0,38,38,1,1.0,2.0,1.0,0.0
17027,1,[12],12.0,12,12,1,1.0,4.0,1.0,0.0
17029,3,"[22, 24, 26]",24.0,22,26,3,1.0,5.3333,1.0,0.0
17033,1,[28],28.0,28,28,1,1.0,3.0,1.0,0.0
17041,3,"[6, 12, 14]",10.6667,6,14,3,1.0,2.3333,1.0,0.0
17047,1,[12],12.0,12,12,1,1.0,2.0,1.0,0.0
17093,1,[4],4.0,4,4,1,1.0,3.0,1.0,0.0
17099,1,[36],36.0,36,36,1,1.0,2.0,1.0,0.0
17117,1,[24],24.0,24,24,1,1.0,4.0,1.0,0.0
17123,3,"[6, 12, 30]",16.0,6,30,3,1.0,3.3333,1.0,0.0
17137,1,[52],52.0,52,52,1,1.0,4.0,1.0,0.0
17159,1,[28],28.0,28,28,1,1.0,2.0,1.0,0.0
17167,2,"[12, 20]",16.0,12,20,2,1.0,2.0,1.0,0.0
17183,1,[14],14.0,14,14,1,1.0,2.0,1.0,0.0
17191,2,"[4, 14]",9.0,4,14,2,1.0,3.5,0.5,0.0
17203,1,[22],22.0,22,22,1,1.0,4.0,1.0,0.0
17209,2,"[10, 24]",17.0,10,24,2,1.0,3.0,1.0,0.0
17231,1,[28],28.0,28,28,1,1.0,12.0,1.0,0.0
17239,2,"[18, 20]",19.0,18,20,2,1.0,2.0,1.0,0.0
17257,1,[16],16.0,16,16,1,1.0,2.0,1.0,0.0
17291,1,[6],6.0,6,6,1,1.0,4.0,1.0,0.0
17299,2,"[12, 16]",14.0,12,16,2,1.0,3.0,1.0,0.0
17321,3,"[6, 14, 26]",15.3333,6,26,3,1.0,2.0,0.6667,0.0
17333,3,"[12, 22, 38]",24.0,12,38,3,1.0,5.3333,1.0,0.0
17341,2,"[18, 20]",19.0,18,20,2,1.0,2.5,1.0,0.0
17359,1,[38],38.0,38,38,1,1.0,5.0,1.0,0.0
17383,3,"[14, 20, 36]",23.3333,14,36,3,1.0,2.3333,1.0,0.0
17389,2,"[10, 38]",24.0,10,38,2,1.0,5.0,1.0,0.0
17393,1,[22],22.0,22,22,1,1.0,2.0,1.0,0.0
17417,1,[8],8.0,8,8,1,1.0,2.0,1.0,0.0
17419,3,"[12, 52]",25.3333,12,52,2,1.0,3.6667,1.0,0.0
17431,1,[18],18.0,18,18,1,1.0,4.0,1.0,0.0
17443,1,[30],30.0,30,30,1,1.0,2.0,1.0,0.0
17449,1,[20],20.0,20,20,1,1.0,2.0,1.0,0.0
17467,3,"[12, 22, 24]",19.3333,12,24,3,1.0,4.6667,1.0,0.0
17471,3,"[6, 20, 24]",16.6667,6,24,3,1.0,6.0,0.6667,0.3333
17477,3,"[6, 14, 24]",14.6667,6,24,3,1.0,2.0,0.6667,0.0
17483,2,"[4, 6]",5.0,4,6,2,1.0,1.0,1.0,0.0
17491,1,[30],30.0,30,30,1,1.0,2.0,1.0,0.0
17497,2,"[10, 32]",21.0,10,32,2,1.0,6.5,1.0,0.0
17519,3,"[26, 30, 34]",30.0,26,34,3,1.0,3.0,1.0,0.0
17573,4,"[14, 18, 26, 30]",22.0,14,30,4,1.0,4.25,1.0,0.0
17579,1,[10],10.0,10,10,1,1.0,6.0,1.0,0.0
17581,3,"[6, 22, 30]",19.3333,6,30,3,1.0,3.0,0.6667,0.0
17597,2,"[12, 30]",21.0,12,30,2,1.0,5.0,1.0,0.0
17599,3,"[12, 20, 30]",20.6667,12,30,3,1.0,4.6667,1.0,0.0
17609,1,[18],18.0,18,18,1,1.0,6.0,1.0,0.0
17623,1,[18],18.0,18,18,1,1.0,4.0,1.0,0.0
17657,2,"[12, 14]",13.0,12,14,2,1.0,2.0,1.0,0.0
17659,1,[24],24.0,24,24,1,1.0,4.0,1.0,0.0
17681,1,[4],4.0,4,4,1,1.0,2.0,1.0,0.0
17683,2,"[28, 42]",35.0,28,42,2,1.0,7.0,0.5,0.5
17713,1,[20],20.0,20,20,1,1.0,2.0,1.0,0.0
17729,3,"[6, 26, 28]",20.0,6,28,3,1.0,2.0,0.6667,0.0
17737,2,"[12, 28]",20.0,12,28,2,1.0,3.0,1.0,0.0
17747,2,"[6, 12]",9.0,6,12,2,1.0,2.5,1.0,0.0
17789,1,[24],24.0,24,24,1,1.0,4.0,1.0,0.0
17791,1,[4],4.0,4,4,1,1.0,1.0,0.0,0.0
17827,1,[12],12.0,12,12,1,1.0,4.0,1.0,0.0
17839,1,[12],12.0,12,12,1,1.0,4.0,1.0,0.0
17863,1,[4],4.0,4,4,1,1.0,3.0,0.0,0.0
17881,2,"[24, 30]",27.0,24,30,2,1.0,3.0,1.0,0.0
17903,1,[6],6.0,6,6,1,1.0,3.0,0.0,0.0
17909,2,"[20, 34]",27.0,20,34,2,1.0,4.0,1.0,0.0
17911,2,"[28, 30]",29.0,28,30,2,1.0,5.0,1.0,0.0
17921,2,"[18, 48]",33.0,18,48,2,1.0,2.5,1.0,0.0
17923,2,"[4, 22]",13.0,4,22,2,1.0,4.5,0.5,0.0
17939,1,[10],10.0,10,10,1,1.0,6.0,1.0,0.0
17957,2,[12],12.0,12,12,1,1.0,5.0,1.0,0.0
17959,1,[24],24.0,24,24,1,1.0,8.0,1.0,0.0
17977,4,"[6, 24, 28, 54]",28.0,6,54,4,1.0,2.75,1.0,0.0
17981,1,[8],8.0,8,8,1,1.0,2.0,1.0,0.0
17989,2,"[10, 18]",14.0,10,18,2,1.0,3.5,1.0,0.0
18013,1,[10],10.0,10,10,1,1.0,4.0,1.0,0.0
18041,1,[22],22.0,22,22,1,1.0,3.0,1.0,0.0
18043,1,[12],12.0,12,12,1,1.0,2.0,1.0,0.0
18049,2,"[16, 28]",22.0,16,28,2,1.0,5.0,1.0,0.0
18061,2,"[14, 34]",24.0,14,34,2,1.0,2.0,1.0,0.0
18089,2,"[10, 30]",20.0,10,30,2,1.0,6.0,1.0,0.0
18097,2,"[12, 42]",27.0,12,42,2,1.0,5.5,1.0,0.0
18121,1,[4],4.0,4,4,1,1.0,3.0,0.0,0.0
18127,2,"[6, 12]",9.0,6,12,2,1.0,3.5,0.5,0.0
18143,1,[20],20.0,20,20,1,1.0,2.0,1.0,0.0
18149,2,"[18, 26]",22.0,18,26,2,1.0,2.5,1.0,0.0
18169,1,[28],28.0,28,28,1,1.0,6.0,1.0,0.0
18181,2,"[6, 22]",14.0,6,22,2,1.0,4.0,1.0,0.0
18191,1,[4],4.0,4,4,1,1.0,1.0,0.0,0.0
18211,1,[6],6.0,6,6,1,1.0,1.0,1.0,0.0
18217,2,"[6, 30]",18.0,6,30,2,1.0,4.0,1.0,0.0
18223,3,"[6, 16, 30]",17.3333,6,30,3,1.0,3.6667,1.0,0.0
18251,1,[18],18.0,18,18,1,1.0,4.0,1.0,0.0
18257,2,"[6, 8]",7.0,6,8,2,1.0,2.0,1.0,0.0
18269,1,[12],12.0,12,12,1,1.0,6.0,1.0,0.0
18287,2,"[8, 12]",10.0,8,12,2,1.0,2.0,1.0,0.0
18289,2,"[18, 26]",22.0,18,26,2,1.0,5.0,1.0,0.0
18307,1,[12],12.0,12,12,1,1.0,2.0,1.0,0.0
18311,2,"[8, 12]",10.0,8,12,2,1.0,4.0,1.0,0.0
18313,1,[10],10.0,10,10,1,1.0,4.0,1.0,0.0
18329,1,[12],12.0,12,12,1,1.0,5.0,1.0,0.0
18341,2,"[12, 16]",14.0,12,16,2,1.0,5.0,1.0,0.0
18367,3,"[8, 12, 14]",11.3333,8,14,3,1.0,3.3333,1.0,0.0
18397,1,[24],24.0,24,24,1,1.0,2.0,1.0,0.0
18401,2,"[12, 30]",21.0,12,30,2,1.0,4.5,1.0,0.0
18413,1,[10],10.0,10,10,1,1.0,4.0,1.0,0.0
18427,1,[6],6.0,6,6,1,1.0,4.0,1.0,0.0
18433,1,[54],54.0,54,54,1,1.0,4.0,1.0,0.0
18443,3,"[4, 6, 22]",10.6667,4,22,3,1.0,1.6667,0.3333,0.0
18451,1,[24],24.0,24,24,1,1.0,6.0,1.0,0.0
18457,1,[12],12.0,12,12,1,1.0,2.0,1.0,0.0
18461,3,"[6, 24, 28]",19.3333,6,28,3,1.0,4.0,0.6667,0.0
18481,1,[16],16.0,16,16,1,1.0,3.0,1.0,0.0
18523,4,"[10, 12, 16, 30]",17.0,10,30,4,1.0,3.0,1.0,0.0
18539,1,[22],22.0,22,22,1,1.0,4.0,1.0,0.0
18553,1,[4],4.0,4,4,1,1.0,3.0,0.0,0.0
18583,1,[6],6.0,6,6,1,1.0,2.0,1.0,0.0
18637,1,[12],12.0,12,12,1,1.0,2.0,1.0,0.0
18661,2,"[32, 42]",37.0,32,42,2,1.0,2.0,1.0,0.0
18671,1,[18],18.0,18,18,1,1.0,3.0,1.0,0.0
18679,2,"[12, 16]",14.0,12,16,2,1.0,3.0,1.0,0.0
18701,2,"[10, 24]",17.0,10,24,2,1.0,1.5,1.0,0.0
18713,1,[16],16.0,16,16,1,1.0,4.0,1.0,0.0
18719,3,"[6, 10, 12]",9.3333,6,12,3,1.0,2.6667,0.3333,0.0
18743,2,"[10, 22]",16.0,10,22,2,1.0,4.0,1.0,0.0
18749,1,[12],12.0,12,12,1,1.0,6.0,1.0,0.0
18787,4,"[8, 14, 22, 30]",18.5,8,30,4,1.0,3.0,1.0,0.0
18797,1,[24],24.0,24,24,1,1.0,2.0,1.0,0.0
18803,2,"[34, 42]",38.0,34,42,2,1.0,4.0,1.0,0.0
18839,5,"[6, 12, 16, 26, 30]",18.0,6,30,5,1.0,4.0,0.8,0.0
18859,1,[42],42.0,42,42,1,1.0,2.0,1.0,0.0
18869,2,"[26, 30]",28.0,26,30,2,1.0,8.5,1.0,0.0
18899,1,[10],10.0,10,10,1,1.0,2.0,1.0,0.0
18911,1,[14],14.0,14,14,1,1.0,5.0,1.0,0.0
18917,1,[12],12.0,12,12,1,1.0,6.0,1.0,0.0
18919,1,[28],28.0,28,28,1,1.0,2.0,1.0,0.0
18947,1,[16],16.0,16,16,1,1.0,1.0,1.0,0.0
19009,1,[24],24.0,24,24,1,1.0,4.0,1.0,0.0
19051,2,"[6, 10]",8.0,6,10,2,1.0,2.5,0.5,0.0
19073,1,[34],34.0,34,34,1,1.0,4.0,1.0,0.0
19079,1,[22],22.0,22,22,1,1.0,1.0,1.0,0.0
19081,1,[8],8.0,8,8,1,1.0,2.0,1.0,0.0
19121,2,"[10, 30]",20.0,10,30,2,1.0,1.5,1.0,0.0
19139,1,[6],6.0,6,6,1,1.0,4.0,1.0,0.0
19141,1,[14],14.0,14,14,1,1.0,2.0,1.0,0.0
19181,2,"[6, 16]",11.0,6,16,2,1.0,3.0,1.0,0.0
19207,2,"[6, 12]",9.0,6,12,2,1.0,4.0,1.0,0.0
19211,2,"[4, 8]",6.0,4,8,2,1.0,2.0,1.0,0.0
19213,2,"[14, 30]",22.0,14,30,2,1.0,4.0,1.0,0.0
19219,1,[32],32.0,32,32,1,1.0,2.0,1.0,0.0
19231,1,[12],12.0,12,12,1,1.0,2.0,1.0,0.0
19237,2,"[8, 54]",31.0,8,54,2,1.0,2.0,1.0,0.0
19249,1,[16],16.0,16,16,1,1.0,4.0,1.0,0.0
19259,1,[22],22.0,22,22,1,1.0,1.0,1.0,0.0
19273,2,"[10, 16]",13.0,10,16,2,1.0,5.0,1.0,0.0
19289,1,[6],6.0,6,6,1,1.0,1.0,0.0,0.0
19301,4,"[12, 20, 26, 30]",22.0,12,30,4,1.0,5.5,1.0,0.0
19333,2,"[10, 14]",12.0,10,14,2,1.0,4.5,1.0,0.0
19379,4,"[12, 16, 26]",16.5,12,26,3,1.0,1.75,1.0,0.0
19381,2,"[4, 14]",9.0,4,14,2,1.0,2.0,0.5,0.0
19417,2,"[12, 16]",14.0,12,16,2,1.0,3.0,1.0,0.0
19423,1,[22],22.0,22,22,1,1.0,4.0,1.0,0.0
19429,2,"[6, 16]",11.0,6,16,2,1.0,4.0,1.0,0.0
19433,2,"[6, 10]",8.0,6,10,2,1.0,2.5,0.5,0.0
19441,1,[12],12.0,12,12,1,1.0,4.0,1.0,0.0
19447,1,[24],24.0,24,24,1,1.0,2.0,1.0,0.0
19457,1,[6],6.0,6,6,1,1.0,3.0,1.0,0.0
19469,1,[10],10.0,10,10,1,1.0,1.0,1.0,0.0
19471,1,[6],6.0,6,6,1,1.0,1.0,1.0,0.0
19477,3,"[6, 10, 12]",9.3333,6,12,3,1.0,2.6667,1.0,0.0
19483,1,[24],24.0,24,24,1,1.0,4.0,1.0,0.0
19489,1,[30],30.0,30,30,1,1.0,2.0,1.0,0.0
19531,2,"[10, 28]",19.0,10,28,2,1.0,3.5,1.0,0.0
19553,3,"[6, 24, 30]",20.0,6,30,3,1.0,3.0,0.6667,0.0
19571,2,"[6, 24]",15.0,6,24,2,1.0,4.0,1.0,0.0
19577,1,[18],18.0,18,18,1,1.0,2.0,1.0,0.0
19597,1,[6],6.0,6,6,1,1.0,3.0,1.0,0.0
19681,1,[10],10.0,10,10,1,1.0,1.0,1.0,0.0
19687,1,[8],8.0,8,8,1,1.0,2.0,1.0,0.0
19699,1,[12],12.0,12,12,1,1.0,2.0,1.0,0.0
19709,1,[30],30.0,30,30,1,1.0,2.0,1.0,0.0
19717,3,"[8, 16, 32]",18.6667,8,32,3,1.0,4.0,1.0,0.0
19727,1,[12],12.0,12,12,1,1.0,2.0,1.0,0.0
19751,1,[10],10.0,10,10,1,1.0,3.0,1.0,0.0
19753,1,[42],42.0,42,42,1,1.0,6.0,1.0,0.0
19759,1,[6],6.0,6,6,1,1.0,2.0,1.0,0.0
19777,1,[10],10.0,10,10,1,1.0,1.0,1.0,0.0
19793,1,[24],24.0,24,24,1,1.0,6.0,1.0,0.0
19801,1,[18],18.0,18,18,1,1.0,8.0,1.0,0.0
19813,3,"[4, 14, 16]",11.3333,4,16,3,1.0,3.6667,1.0,0.0
19819,1,[30],30.0,30,30,1,1.0,3.0,1.0,0.0
19853,1,[12],12.0,12,12,1,1.0,1.0,1.0,0.0
19913,2,"[4, 6]",5.0,4,6,2,1.0,2.5,1.0,0.0
19919,1,[16],16.0,16,16,1,1.0,6.0,1.0,0.0
19937,1,[12],12.0,12,12,1,1.0,2.0,1.0,0.0
19949,2,"[12, 16]",14.0,12,16,2,1.0,4.0,1.0,0.0
19973,2,"[6, 22]",14.0,6,22,2,1.0,3.0,1.0,0.0
19979,1,[6],6.0,6,6,1,1.0,2.0,1.0,0.0
19991,1,[40],40.0,40,40,1,1.0,10.0,1.0,0.0
20011,3,"[4, 18, 28]",16.6667,4,28,3,1.0,2.6667,0.6667,0.0
20029,1,[20],20.0,20,20,1,1.0,6.0,1.0,0.0
20047,1,[18],18.0,18,18,1,1.0,4.0,1.0,0.0
20071,2,"[30, 84]",57.0,30,84,2,1.0,5.5,1.0,0.0
20101,3,"[6, 14]",8.6667,6,14,2,1.0,2.6667,0.6667,0.0
20107,1,[12],12.0,12,12,1,1.0,1.0,1.0,0.0
20113,1,[22],22.0,22,22,1,1.0,4.0,1.0,0.0
20117,1,[6],6.0,6,6,1,1.0,4.0,1.0,0.0
20123,1,[14],14.0,14,14,1,1.0,4.0,1.0,0.0
20147,2,"[6, 8]",7.0,6,8,2,1.0,2.0,1.0,0.0
20149,1,[12],12.0,12,12,1,1.0,10.0,1.0,0.0
20183,2,"[18, 44]",31.0,18,44,2,1.0,2.0,1.0,0.0
20201,1,[4],4.0,4,4,1,1.0,2.0,0.0,0.0
20231,2,"[10, 32]",21.0,10,32,2,1.0,5.0,1.0,0.0
20233,1,[24],24.0,24,24,1,1.0,2.0,1.0,0.0
20249,1,[22],22.0,22,22,1,1.0,3.0,1.0,0.0
20261,2,"[22, 38]",30.0,22,38,2,1.0,1.5,1.0,0.0
20297,1,[14],14.0,14,14,1,1.0,6.0,1.0,0.0
20327,1,[48],48.0,48,48,1,1.0,12.0,1.0,0.0
20341,3,"[4, 6, 34]",14.6667,4,34,3,1.0,2.3333,0.6667,0.0
20347,1,[6],6.0,6,6,1,1.0,2.0,1.0,0.0
20359,1,[22],22.0,22,22,1,1.0,7.0,1.0,0.0
20393,1,[30],30.0,30,30,1,1.0,4.0,1.0,0.0
20407,1,[24],24.0,24,24,1,1.0,1.0,1.0,0.0
20441,2,"[12, 24]",18.0,12,24,2,1.0,1.5,1.0,0.0
20443,1,[14],14.0,14,14,1,1.0,2.0,1.0,0.0
20477,2,"[16, 24]",20.0,16,24,2,1.0,5.0,1.0,0.0
20509,1,[12],12.0,12,12,1,1.0,2.0,1.0,0.0
20521,1,[20],20.0,20,20,1,1.0,8.0,1.0,0.0
20533,2,"[14, 30]",22.0,14,30,2,1.0,3.0,1.0,0.0
20549,4,"[10, 24, 28]",21.5,10,28,3,1.0,6.75,1.0,0.0
20563,2,"[14, 22]",18.0,14,22,2,1.0,3.5,1.0,0.0
20593,1,[18],18.0,18,18,1,1.0,6.0,1.0,0.0
20599,1,[6],6.0,6,6,1,1.0,5.0,1.0,0.0
20611,1,[24],24.0,24,24,1,1.0,9.0,1.0,0.0
20639,1,[16],16.0,16,16,1,1.0,4.0,1.0,0.0
20663,1,[30],30.0,30,30,1,1.0,2.0,1.0,0.0
20681,2,"[12, 14]",13.0,12,14,2,1.0,5.0,1.0,0.0
20693,1,[20],20.0,20,20,1,1.0,3.0,1.0,0.0
20707,1,[12],12.0,12,12,1,1.0,2.0,1.0,0.0
20719,2,"[12, 24]",18.0,12,24,2,1.0,5.0,1.0,0.0
20731,1,[40],40.0,40,40,1,1.0,6.0,1.0,0.0
20743,1,[30],30.0,30,30,1,1.0,2.0,1.0,0.0
20747,4,"[6, 10, 12, 22]",12.5,6,22,4,1.0,4.5,0.75,0.0
20771,2,"[18, 44]",31.0,18,44,2,1.0,2.0,1.0,0.0
20773,3,"[4, 24, 32]",20.0,4,32,3,1.0,3.0,0.6667,0.0
20807,1,[18],18.0,18,18,1,1.0,2.0,1.0,0.0
20809,1,[22],22.0,22,22,1,1.0,4.0,1.0,0.0
20849,1,[10],10.0,10,10,1,1.0,3.0,1.0,0.0
20857,2,"[10, 12]",11.0,10,12,2,1.0,5.0,1.0,0.0
20879,2,"[12, 20]",16.0,12,20,2,1.0,2.0,1.0,0.0
20929,1,[36],36.0,36,36,1,1.0,1.0,1.0,0.0
20939,2,"[6, 12]",9.0,6,12,2,1.0,1.5,0.5,0.0
20947,1,[10],10.0,10,10,1,1.0,6.0,1.0,0.0
20981,2,"[6, 14]",10.0,6,14,2,1.0,4.5,1.0,0.0
20983,2,"[22, 40]",31.0,22,40,2,1.0,8.0,0.5,0.5
21001,1,[28],28.0,28,28,1,1.0,2.0,1.0,0.0
21011,1,[30],30.0,30,30,1,1.0,2.0,1.0,0.0
21017,1,[8],8.0,8,8,1,1.0,2.0,1.0,0.0
21019,1,[22],22.0,22,22,1,1.0,10.0,1.0,0.0
21023,1,[18],18.0,18,18,1,1.0,2.0,1.0,0.0
21031,1,[10],10.0,10,10,1,1.0,4.0,1.0,0.0
21101,1,[14],14.0,14,14,1,1.0,2.0,1.0,0.0
21121,1,[18],18.0,18,18,1,1.0,4.0,1.0,0.0
21139,1,[10],10.0,10,10,1,1.0,1.0,1.0,0.0
21143,1,[18],18.0,18,18,1,1.0,4.0,1.0,0.0
21157,2,"[6, 52]",29.0,6,52,2,1.0,7.0,1.0,0.0
21193,2,"[6, 10]",8.0,6,10,2,1.0,3.0,1.0,0.0
21221,1,[4],4.0,4,4,1,1.0,2.0,0.0,0.0
21227,1,[14],14.0,14,14,1,1.0,5.0,1.0,0.0
21247,1,[60],60.0,60,60,1,1.0,8.0,1.0,0.0
21269,1,[16],16.0,16,16,1,1.0,4.0,1.0,0.0
21277,1,[6],6.0,6,6,1,1.0,2.0,1.0,0.0
21283,2,"[4, 16]",10.0,4,16,2,1.0,2.0,0.5,0.0
21317,2,"[12, 30]",21.0,12,30,2,1.0,2.0,1.0,0.0
21319,1,[20],20.0,20,20,1,1.0,2.0,1.0,0.0
21323,1,[6],6.0,6,6,1,1.0,1.0,0.0,0.0
21341,1,[12],12.0,12,12,1,1.0,4.0,1.0,0.0
21347,1,[30],30.0,30,30,1,1.0,2.0,1.0,0.0
21377,1,[12],12.0,12,12,1,1.0,4.0,1.0,0.0
21379,1,[28],28.0,28,28,1,1.0,1.0,1.0,0.0
21383,2,"[4, 30]",17.0,4,30,2,1.0,2.5,1.0,0.0
21391,1,[10],10.0,10,10,1,1.0,9.0,1.0,0.0
21397,3,"[12, 14, 24]",16.6667,12,24,3,1.0,4.0,1.0,0.0
21401,3,"[24, 34, 36]",31.3333,24,36,3,1.0,4.0,1.0,0.0
21407,1,[22],22.0,22,22,1,1.0,4.0,1.0,0.0
21419,1,[10],10.0,10,10,1,1.0,4.0,1.0,0.0
21481,1,[46],46.0,46,46,1,1.0,4.0,1.0,0.0
21487,3,"[6, 24, 46]",25.3333,6,46,3,1.0,3.0,0.6667,0.0
21491,2,"[40, 54]",47.0,40,54,2,1.0,1.5,1.0,0.0
21493,1,[10],10.0,10,10,1,1.0,6.0,1.0,0.0
21503,1,[18],18.0,18,18,1,1.0,9.0,1.0,0.0
21517,1,[6],6.0,6,6,1,1.0,1.0,0.0,0.0
21523,1,[24],24.0,24,24,1,1.0,4.0,1.0,0.0
21557,2,"[6, 30]",18.0,6,30,2,1.0,2.0,0.5,0.0
21559,1,[16],16.0,16,16,1,1.0,4.0,1.0,0.0
21563,1,[50],50.0,50,50,1,1.0,4.0,1.0,0.0
21577,1,[16],16.0,16,16,1,1.0,4.0,1.0,0.0
21587,1,[30],30.0,30,30,1,1.0,2.0,1.0,0.0
21599,1,[42],42.0,42,42,1,1.0,4.0,1.0,0.0
21613,1,[26],26.0,26,26,1,1.0,4.0,1.0,0.0
21647,1,[28],28.0,28,28,1,1.0,4.0,1.0,0.0
21649,1,[12],12.0,12,12,1,1.0,1.0,1.0,0.0
21661,1,[14],14.0,14,14,1,1.0,2.0,1.0,0.0
21701,6,"[8, 10, 12, 18, 28, 54]",21.6667,8,54,6,1.0,5.0,1.0,0.0
21727,1,[12],12.0,12,12,1,1.0,2.0,1.0,0.0
21737,1,[18],18.0,18,18,1,1.0,3.0,1.0,0.0
21751,1,[50],50.0,50,50,1,1.0,2.0,1.0,0.0
21757,2,"[18, 26]",22.0,18,26,2,1.0,4.5,1.0,0.0
21767,1,[26],26.0,26,26,1,1.0,2.0,1.0,0.0
21773,1,[4],4.0,4,4,1,1.0,3.0,0.0,0.0
21787,1,[10],10.0,10,10,1,1.0,3.0,1.0,0.0
21803,3,"[14, 18, 24]",18.6667,14,24,3,1.0,3.6667,1.0,0.0
21817,1,[30],30.0,30,30,1,1.0,2.0,1.0,0.0
21821,1,[24],24.0,24,24,1,1.0,5.0,1.0,0.0
21841,2,"[14, 24]",19.0,14,24,2,1.0,2.0,1.0,0.0
21851,1,[12],12.0,12,12,1,1.0,4.0,1.0,0.0
21863,1,[10],10.0,10,10,1,1.0,3.0,1.0,0.0
21871,1,[12],12.0,12,12,1,1.0,4.0,1.0,0.0
21881,1,[4],4.0,4,4,1,1.0,2.0,0.0,0.0
21893,1,[18],18.0,18,18,1,1.0,2.0,1.0,0.0
21911,2,"[12, 22]",17.0,12,22,2,1.0,3.0,1.0,0.0
21929,1,[10],10.0,10,10,1,1.0,6.0,1.0,0.0
21961,1,[26],26.0,26,26,1,1.0,6.0,1.0,0.0
21977,1,[6],6.0,6,6,1,1.0,2.0,0.0,0.0
21991,3,"[6, 10, 14]",10.0,6,14,3,1.0,3.6667,1.0,0.0
22027,2,"[12, 28]",20.0,12,28,2,1.0,4.0,1.0,0.0
22031,2,[30],30.0,30,30,1,1.0,3.0,1.0,0.0
22039,1,[12],12.0,12,12,1,1.0,2.0,1.0,0.0
22051,3,"[8, 10, 28]",15.3333,8,28,3,1.0,2.3333,1.0,0.0
22063,1,[54],54.0,54,54,1,1.0,4.0,1.0,0.0
22067,3,"[6, 10, 12]",9.3333,6,12,3,1.0,3.3333,0.6667,0.0
22073,1,[16],16.0,16,16,1,1.0,4.0,1.0,0.0
22091,2,"[24, 40]",32.0,24,40,2,1.0,4.5,1.0,0.0
22109,2,"[28, 44]",36.0,28,44,2,1.0,2.5,1.0,0.0
22123,1,[4],4.0,4,4,1,1.0,3.0,0.0,0.0
22147,3,"[8, 12, 18]",12.6667,8,18,3,1.0,4.6667,1.0,0.0
22153,3,"[4, 6, 18]",9.3333,4,18,3,1.0,2.6667,0.6667,0.0
22157,1,[36],36.0,36,36,1,1.0,8.0,0.0,1.0
22159,1,[26],26.0,26,26,1,1.0,6.0,1.0,0.0
22193,1,[12],12.0,12,12,1,1.0,4.0,1.0,0.0
22229,2,"[22, 30]",26.0,22,30,2,1.0,2.5,1.0,0.0
22247,2,"[12, 16]",14.0,12,16,2,1.0,1.5,1.0,0.0
22259,2,"[10, 12]",11.0,10,12,2,1.0,5.0,1.0,0.0
22271,1,[36],36.0,36,36,1,1.0,2.0,1.0,0.0
22273,1,[56],56.0,56,56,1,1.0,6.0,1.0,0.0
22277,1,[10],10.0,10,10,1,1.0,8.0,1.0,0.0
22279,2,"[12, 18]",15.0,12,18,2,1.0,6.0,1.0,0.0
22283,2,"[14, 18]",16.0,14,18,2,1.0,9.0,1.0,0.0
22291,1,[24],24.0,24,24,1,1.0,2.0,1.0,0.0
22343,1,[18],18.0,18,18,1,1.0,4.0,1.0,0.0
22349,2,"[12, 26]",19.0,12,26,2,1.0,3.0,1.0,0.0
22367,1,[40],40.0,40,40,1,1.0,9.0,1.0,0.0
22369,1,[18],18.0,18,18,1,1.0,1.0,1.0,0.0
22381,1,[22],22.0,22,22,1,1.0,8.0,1.0,0.0
22391,1,[30],30.0,30,30,1,1.0,4.0,1.0,0.0
22397,1,[36],36.0,36,36,1,1.0,3.0,1.0,0.0
22409,1,[12],12.0,12,12,1,1.0,2.0,1.0,0.0
22441,1,[6],6.0,6,6,1,1.0,2.0,0.0,0.0
22447,1,[6],6.0,6,6,1,1.0,2.0,1.0,0.0
22453,2,"[18, 24]",21.0,18,24,2,1.0,5.0,1.0,0.0
22469,2,"[22, 30]",26.0,22,30,2,1.0,4.0,1.0,0.0
22481,1,[14],14.0,14,14,1,1.0,3.0,1.0,0.0
22483,1,[16],16.0,16,16,1,1.0,1.0,1.0,0.0
22501,2,"[10, 20]",15.0,10,20,2,1.0,4.0,0.5,0.0
22531,1,[18],18.0,18,18,1,1.0,2.0,1.0,0.0
22541,2,"[10, 28]",19.0,10,28,2,1.0,3.5,1.0,0.0
22571,1,[10],10.0,10,10,1,1.0,3.0,1.0,0.0
22573,1,[18],18.0,18,18,1,1.0,4.0,1.0,0.0
22613,1,[14],14.0,14,14,1,1.0,4.0,1.0,0.0
22621,1,[6],6.0,6,6,1,1.0,5.0,0.0,0.0
22643,2,"[14, 24]",19.0,14,24,2,1.0,7.0,1.0,0.0
22651,1,[4],4.0,4,4,1,1.0,1.0,0.0,0.0
22679,1,[26],26.0,26,26,1,1.0,2.0,1.0,0.0
22697,1,[22],22.0,22,22,1,1.0,3.0,1.0,0.0
22699,1,[10],10.0,10,10,1,1.0,6.0,1.0,0.0
22709,1,[26],26.0,26,26,1,1.0,6.0,1.0,0.0
22717,1,[10],10.0,10,10,1,1.0,2.0,1.0,0.0
22727,1,[20],20.0,20,20,1,1.0,6.0,1.0,0.0
22739,2,"[22, 28]",25.0,22,28,2,1.0,3.0,1.0,0.0
22741,1,[30],30.0,30,30,1,1.0,6.0,1.0,0.0
22769,3,"[22, 26, 42]",30.0,22,42,3,1.0,2.6667,1.0,0.0
22777,2,"[20, 36]",28.0,20,36,2,1.0,4.0,1.0,0.0
22783,2,[30],30.0,30,30,1,1.0,4.0,1.0,0.0
22787,1,[38],38.0,38,38,1,1.0,2.0,1.0,0.0
22811,1,[50],50.0,50,50,1,1.0,5.0,1.0,0.0
22853,1,[24],24.0,24,24,1,1.0,2.0,1.0,0.0
22861,2,"[14, 34]",24.0,14,34,2,1.0,3.0,1.0,0.0
22907,2,"[8, 18]",13.0,8,18,2,1.0,4.5,1.0,0.0
22921,2,"[4, 14]",9.0,4,14,2,1.0,2.0,0.5,0.0
22937,3,"[14, 22, 28]",21.3333,14,28,3,1.0,4.3333,1.0,0.0
22961,3,"[12, 18, 50]",26.6667,12,50,3,1.0,4.0,1.0,0.0
22963,1,[24],24.0,24,24,1,1.0,5.0,1.0,0.0
23003,3,"[10, 22, 24]",18.6667,10,24,3,1.0,4.0,1.0,0.0
23011,4,"[6, 12, 28, 42]",22.0,6,42,4,1.0,1.75,0.75,0.0
23029,1,[12],12.0,12,12,1,1.0,2.0,1.0,0.0
23053,1,[42],42.0,42,42,1,1.0,10.0,1.0,0.0
23057,1,[12],12.0,12,12,1,1.0,7.0,1.0,0.0
23063,3,"[4, 6, 26]",12.0,4,26,3,1.0,2.3333,0.3333,0.0
23071,1,[50],50.0,50,50,1,1.0,6.0,1.0,0.0
23081,1,[18],18.0,18,18,1,1.0,2.0,1.0,0.0
23099,1,[20],20.0,20,20,1,1.0,2.0,1.0,0.0
23117,1,[38],38.0,38,38,1,1.0,6.0,1.0,0.0
23159,1,[26],26.0,26,26,1,1.0,2.0,1.0,0.0
23197,1,[6],6.0,6,6,1,1.0,4.0,1.0,0.0
23201,2,"[34, 42]",38.0,34,42,2,1.0,6.5,0.5,0.5
23203,2,"[24, 52]",38.0,24,52,2,1.0,2.5,1.0,0.0
23227,1,[28],28.0,28,28,1,1.0,12.0,1.0,0.0
23269,2,"[10, 30]",20.0,10,30,2,1.0,2.5,1.0,0.0
23279,2,"[10, 24]",17.0,10,24,2,1.0,2.5,1.0,0.0
23297,1,[14],14.0,14,14,1,1.0,2.0,1.0,0.0
23321,2,"[6, 18]",12.0,6,18,2,1.0,2.0,1.0,0.0
23327,1,[6],6.0,6,6,1,1.0,4.0,0.0,0.0
23333,2,"[10, 20]",15.0,10,20,2,1.0,6.0,1.0,0.0
23339,2,"[12, 26]",19.0,12,26,2,1.0,2.0,1.0,0.0
23357,1,[6],6.0,6,6,1,1.0,3.0,0.0,0.0
23369,1,[16],16.0,16,16,1,1.0,4.0,1.0,0.0
23371,1,[4],4.0,4,4,1,1.0,1.0,1.0,0.0
23417,1,[18],18.0,18,18,1,1.0,2.0,1.0,0.0
23459,2,"[12, 34]",23.0,12,34,2,1.0,4.0,1.0,0.0
23473,2,"[10, 24]",17.0,10,24,2,1.0,4.0,1.0,0.0
23509,1,[22],22.0,22,22,1,1.0,4.0,1.0,0.0
23531,1,[36],36.0,36,36,1,1.0,3.0,1.0,0.0
23549,2,"[6, 20]",13.0,6,20,2,1.0,2.0,1.0,0.0
23557,1,[12],12.0,12,12,1,1.0,2.0,1.0,0.0
23561,1,[24],24.0,24,24,1,1.0,4.0,1.0,0.0
23567,3,"[8, 18, 26]",17.3333,8,26,3,1.0,6.6667,1.0,0.0
23581,1,[6],6.0,6,6,1,1.0,2.0,1.0,0.0
23593,1,[16],16.0,16,16,1,1.0,4.0,1.0,0.0
23599,1,[18],18.0,18,18,1,1.0,7.0,1.0,0.0
23603,2,"[10, 30]",20.0,10,30,2,1.0,2.5,1.0,0.0
23609,1,[6],6.0,6,6,1,1.0,3.0,0.0,0.0
23627,1,[10],10.0,10,10,1,1.0,3.0,1.0,0.0
23669,1,[16],16.0,16,16,1,1.0,8.0,1.0,0.0
23687,2,"[10, 24]",17.0,10,24,2,1.0,5.0,1.0,0.0
23719,1,[10],10.0,10,10,1,1.0,2.0,1.0,0.0
23741,2,"[6, 28]",17.0,6,28,2,1.0,3.0,0.5,0.0
23743,2,"[4, 18]",11.0,4,18,2,1.0,2.5,1.0,0.0
23747,3,"[8, 12, 14]",11.3333,8,14,3,1.0,4.3333,1.0,0.0
23753,2,"[16, 22]",19.0,16,22,2,1.0,4.0,1.0,0.0
23761,2,"[6, 18]",12.0,6,18,2,1.0,3.0,1.0,0.0
23773,1,[26],26.0,26,26,1,1.0,2.0,1.0,0.0
23789,2,"[12, 18]",15.0,12,18,2,1.0,4.0,1.0,0.0
23801,1,[16],16.0,16,16,1,1.0,6.0,1.0,0.0
23819,3,"[6, 10, 30]",15.3333,6,30,3,1.0,3.3333,0.6667,0.0
23831,1,[36],36.0,36,36,1,1.0,8.0,1.0,0.0
23833,1,[10],10.0,10,10,1,1.0,2.0,1.0,0.0
23873,1,[14],14.0,14,14,1,1.0,2.0,1.0,0.0
23879,2,"[12, 52]",32.0,12,52,2,1.0,5.0,0.5,0.0
23887,2,"[6, 32]",19.0,6,32,2,1.0,3.0,1.0,0.0
23899,1,[22],22.0,22,22,1,1.0,4.0,1.0,0.0
23909,2,"[6, 24]",15.0,6,24,2,1.0,4.0,1.0,0.0
23917,1,[30],30.0,30,30,1,1.0,4.0,1.0,0.0
23957,1,[12],12.0,12,12,1,1.0,4.0,1.0,0.0
23971,1,[14],14.0,14,14,1,1.0,2.0,1.0,0.0
23977,1,[16],16.0,16,16,1,1.0,7.0,1.0,0.0
23981,2,"[16, 24]",20.0,16,24,2,1.0,4.0,1.0,0.0
23993,4,"[4, 18, 20, 22]",16.0,4,22,4,1.0,2.75,1.0,0.0
24001,2,"[6, 14]",10.0,6,14,2,1.0,2.5,1.0,0.0
24007,1,[6],6.0,6,6,1,1.0,3.0,0.0,0.0
24023,2,"[4, 26]",15.0,4,26,2,1.0,4.5,1.0,0.0
24029,2,"[12, 28]",20.0,12,28,2,1.0,8.0,1.0,0.0
24043,1,[24],24.0,24,24,1,1.0,2.0,1.0,0.0
24071,1,[6],6.0,6,6,1,1.0,5.0,1.0,0.0
24077,2,"[6, 28]",17.0,6,28,2,1.0,10.5,0.0,0.5
24083,2,"[18, 34]",26.0,18,34,2,1.0,4.0,1.0,0.0
24091,2,"[6, 68]",37.0,6,68,2,1.0,3.5,1.0,0.0
24097,1,[12],12.0,12,12,1,1.0,3.0,1.0,0.0
24103,2,"[16, 20]",18.0,16,20,2,1.0,3.0,1.0,0.0
24109,3,"[6, 10, 12]",9.3333,6,12,3,1.0,3.6667,1.0,0.0
24113,1,[14],14.0,14,14,1,1.0,8.0,0.0,1.0
24121,2,"[18, 28]",23.0,18,28,2,1.0,5.0,1.0,0.0
24133,3,"[6, 12, 18]",12.0,6,18,3,1.0,2.6667,1.0,0.0
24137,1,[10],10.0,10,10,1,1.0,4.0,0.0,0.0
24151,1,[12],12.0,12,12,1,1.0,2.0,1.0,0.0
24181,2,"[4, 8]",6.0,4,8,2,1.0,2.0,0.5,0.0
24197,1,[30],30.0,30,30,1,1.0,12.0,1.0,0.0
24203,1,[4],4.0,4,4,1,1.0,1.0,1.0,0.0
24223,2,"[10, 44]",27.0,10,44,2,1.0,2.5,1.0,0.0
24229,2,"[6, 12]",9.0,6,12,2,1.0,2.0,1.0,0.0
24239,2,"[18, 20]",19.0,18,20,2,1.0,4.0,1.0,0.0
24281,1,[26],26.0,26,26,1,1.0,2.0,1.0,0.0
24337,1,[12],12.0,12,12,1,1.0,6.0,1.0,0.0
24371,1,[54],54.0,54,54,1,1.0,4.0,1.0,0.0
24373,1,[16],16.0,16,16,1,1.0,10.0,1.0,0.0
24391,2,"[8, 14]",11.0,8,14,2,1.0,6.0,1.0,0.0
24407,1,[6],6.0,6,6,1,1.0,4.0,0.0,0.0
24419,1,[22],22.0,22,22,1,1.0,1.0,0.0,0.0
24421,2,"[10, 14]",12.0,10,14,2,1.0,3.0,1.0,0.0
24439,1,[46],46.0,46,46,1,1.0,3.0,1.0,0.0
24443,1,[30],30.0,30,30,1,1.0,2.0,1.0,0.0
24509,1,[22],22.0,22,22,1,1.0,2.0,1.0,0.0
24517,2,"[10, 30]",20.0,10,30,2,1.0,3.5,1.0,0.0
24527,3,"[8, 14, 22]",14.6667,8,22,3,1.0,3.3333,1.0,0.0
24571,2,"[6, 12]",9.0,6,12,2,1.0,3.0,0.5,0.0
24623,2,"[6, 14]",10.0,6,14,2,1.0,2.0,1.0,0.0
24659,2,"[10, 12]",11.0,10,12,2,1.0,5.0,1.0,0.0
24671,4,"[4, 6, 18, 34]",15.5,4,34,4,1.0,2.5,0.5,0.0
24677,1,[20],20.0,20,20,1,1.0,6.0,1.0,0.0
24691,1,[18],18.0,18,18,1,1.0,2.0,1.0,0.0
24709,1,[22],22.0,22,22,1,1.0,6.0,1.0,0.0
24733,1,[10],10.0,10,10,1,1.0,4.0,1.0,0.0
24763,1,[4],4.0,4,4,1,1.0,1.0,0.0,0.0
24767,1,[22],22.0,22,22,1,1.0,4.0,1.0,0.0
24781,1,[30],30.0,30,30,1,1.0,6.0,1.0,0.0
24799,1,[22],22.0,22,22,1,1.0,4.0,1.0,0.0
24809,1,[44],44.0,44,44,1,1.0,2.0,1.0,0.0
24841,2,"[4, 18]",11.0,4,18,2,1.0,2.5,0.5,0.0
24847,1,[10],10.0,10,10,1,1.0,2.0,1.0,0.0
24851,1,[30],30.0,30,30,1,1.0,4.0,1.0,0.0
24859,2,"[10, 16]",13.0,10,16,2,1.0,2.5,1.0,0.0
24917,2,"[10, 12]",11.0,10,12,2,1.0,5.0,1.0,0.0
24923,1,[10],10.0,10,10,1,1.0,4.0,1.0,0.0
24943,1,[14],14.0,14,14,1,1.0,2.0,1.0,0.0
24953,2,"[6, 14]",10.0,6,14,2,1.0,4.5,0.5,0.0
24989,1,[10],10.0,10,10,1,1.0,4.0,1.0,0.0
25013,2,"[40, 50]",45.0,40,50,2,1.0,3.5,1.0,0.0
25031,2,"[10, 18]",14.0,10,18,2,1.0,3.0,1.0,0.0
25073,1,[4],4.0,4,4,1,1.0,1.0,0.0,0.0
25087,3,"[8, 12, 18]",12.6667,8,18,3,1.0,3.6667,0.6667,0.0
25097,1,[16],16.0,16,16,1,1.0,4.0,1.0,0.0
25111,1,[14],14.0,14,14,1,1.0,6.0,1.0,0.0
25117,1,[6],6.0,6,6,1,1.0,2.0,1.0,0.0
25127,1,[10],10.0,10,10,1,1.0,6.0,1.0,0.0
25147,1,[26],26.0,26,26,1,1.0,2.0,1.0,0.0
25153,1,[12],12.0,12,12,1,1.0,2.0,1.0,0.0
25183,3,"[4, 6, 22]",10.6667,4,22,3,1.0,1.6667,0.6667,0.0
25189,1,[18],18.0,18,18,1,1.0,2.0,1.0,0.0
25219,2,"[18, 20]",19.0,18,20,2,1.0,4.0,1.0,0.0
25229,1,[30],30.0,30,30,1,1.0,2.0,1.0,0.0
25237,1,[10],10.0,10,10,1,1.0,1.0,1.0,0.0
25247,2,"[24, 36]",30.0,24,36,2,1.0,5.5,1.0,0.0
25261,2,"[6, 30]",18.0,6,30,2,1.0,4.0,1.0,0.0
25301,2,"[10, 18]",14.0,10,18,2,1.0,4.0,1.0,0.0
25303,1,[18],18.0,18,18,1,1.0,8.0,1.0,0.0
25307,2,"[6, 18]",12.0,6,18,2,1.0,2.0,1.0,0.0
25349,2,"[6, 16]",11.0,6,16,2,1.0,2.5,1.0,0.0
25357,2,[10],10.0,10,10,1,1.0,3.5,1.0,0.0
25367,1,[36],36.0,36,36,1,1.0,1.0,1.0,0.0
25373,3,"[18, 26, 44]",29.3333,18,44,3,1.0,2.0,1.0,0.0
25391,2,"[6, 20]",13.0,6,20,2,1.0,2.0,0.5,0.0
25409,1,[12],12.0,12,12,1,1.0,4.0,1.0,0.0
25439,1,[22],22.0,22,22,1,1.0,4.0,1.0,0.0
25447,1,[6],6.0,6,6,1,1.0,2.0,0.0,0.0
25453,3,"[6, 10, 12]",9.3333,6,12,3,1.0,2.0,1.0,0.0
25457,4,"[6, 8, 16]",9.0,6,16,3,1.0,3.0,0.75,0.0
25469,1,[30],30.0,30,30,1,1.0,4.0,1.0,0.0
25523,1,[10],10.0,10,10,1,1.0,1.0,1.0,0.0
25541,2,"[6, 34]",20.0,6,34,2,1.0,3.0,1.0,0.0
25561,2,"[12, 14]",13.0,12,14,2,1.0,6.0,1.0,0.0
25577,4,"[6, 10, 12, 30]",14.5,6,30,4,1.0,3.5,0.75,0.0
25583,1,[4],4.0,4,4,1,1.0,1.0,1.0,0.0
25603,1,[10],10.0,10,10,1,1.0,4.0,1.0,0.0
25609,2,"[10, 12]",11.0,10,12,2,1.0,6.0,1.0,0.0
25621,1,[10],10.0,10,10,1,1.0,4.0,1.0,0.0
25639,1,[28],28.0,28,28,1,1.0,4.0,1.0,0.0
25667,3,"[6, 24]",12.0,6,24,2,1.0,3.6667,0.6667,0.0
25673,1,[12],12.0,12,12,1,1.0,1.0,1.0,0.0
25679,1,[18],18.0,18,18,1,1.0,4.0,1.0,0.0
25693,1,[38],38.0,38,38,1,1.0,6.0,1.0,0.0
25717,3,"[18, 20, 22]",20.0,18,22,3,1.0,3.0,1.0,0.0
25733,1,[22],22.0,22,22,1,1.0,1.0,1.0,0.0
25771,4,"[22, 24, 30, 42]",29.5,22,42,4,1.0,5.5,0.75,0.25
25793,1,[18],18.0,18,18,1,1.0,3.0,1.0,0.0
25801,1,[16],16.0,16,16,1,1.0,2.0,1.0,0.0
25819,1,[10],10.0,10,10,1,1.0,1.0,1.0,0.0
25847,2,"[10, 20]",15.0,10,20,2,1.0,4.0,1.0,0.0
25867,2,"[6, 20]",13.0,6,20,2,1.0,4.0,1.0,0.0
25873,1,[24],24.0,24,24,1,1.0,4.0,1.0,0.0
25903,1,[16],16.0,16,16,1,1.0,10.0,1.0,0.0
25913,3,"[4, 16, 60]",26.6667,4,60,3,1.0,2.6667,1.0,0.0
25919,1,[26],26.0,26,26,1,1.0,6.0,1.0,0.0
25931,1,[4],4.0,4,4,1,1.0,2.0,1.0,0.0
25933,3,"[10, 18, 40]",22.6667,10,40,3,1.0,3.6667,1.0,0.0
25939,1,[12],12.0,12,12,1,1.0,2.0,1.0,0.0
25943,1,[10],10.0,10,10,1,1.0,3.0,1.0,0.0
25997,3,"[8, 10, 18]",12.0,8,18,3,1.0,4.0,1.0,0.0
25999,1,[10],10.0,10,10,1,1.0,2.0,1.0,0.0
26003,1,[6],6.0,6,6,1,1.0,1.0,1.0,0.0
26017,2,"[12, 14]",13.0,12,14,2,1.0,2.0,1.0,0.0
26029,2,"[10, 12]",11.0,10,12,2,1.0,4.0,1.0,0.0
26041,1,[18],18.0,18,18,1,1.0,6.0,1.0,0.0
26053,1,[4],4.0,4,4,1,1.0,1.0,0.0,0.0
26107,1,[6],6.0,6,6,1,1.0,3.0,0.0,0.0
26111,3,"[24, 34]",27.3333,24,34,2,1.0,3.3333,1.0,0.0
26119,1,[16],16.0,16,16,1,1.0,6.0,1.0,0.0
26161,2,"[6, 12]",9.0,6,12,2,1.0,3.0,1.0,0.0
26171,2,"[6, 48]",27.0,6,48,2,1.0,3.0,1.0,0.0
26177,4,"[6, 14, 30, 50]",25.0,6,50,4,1.0,3.5,1.0,0.0
26183,1,[24],24.0,24,24,1,1.0,4.0,1.0,0.0
26189,2,"[12, 22]",17.0,12,22,2,1.0,1.0,1.0,0.0
26203,1,[22],22.0,22,22,1,1.0,4.0,1.0,0.0
26209,1,[10],10.0,10,10,1,1.0,6.0,1.0,0.0
26227,1,[10],10.0,10,10,1,1.0,4.0,1.0,0.0
26237,2,"[10, 24]",17.0,10,24,2,1.0,4.0,1.0,0.0
26261,3,"[4, 6, 16]",8.6667,4,16,3,1.0,2.3333,1.0,0.0
26263,1,[16],16.0,16,16,1,1.0,2.0,1.0,0.0
26293,1,[22],22.0,22,22,1,1.0,2.0,1.0,0.0
26321,3,"[6, 12, 30]",16.0,6,30,3,1.0,4.6667,0.6667,0.0
26339,2,"[6, 18]",12.0,6,18,2,1.0,2.5,1.0,0.0
26357,1,[16],16.0,16,16,1,1.0,4.0,1.0,0.0
26371,1,[16],16.0,16,16,1,1.0,2.0,1.0,0.0
26387,3,"[6, 12]",8.0,6,12,2,1.0,2.3333,0.6667,0.0
26407,2,[10],10.0,10,10,1,1.0,5.0,0.5,0.0
26417,1,[14],14.0,14,14,1,1.0,2.0,1.0,0.0
26423,3,"[18, 24, 34]",25.3333,18,34,3,1.0,3.3333,1.0,0.0
26431,1,[8],8.0,8,8,1,1.0,2.0,1.0,0.0
26449,1,[10],10.0,10,10,1,1.0,1.0,1.0,0.0
26459,1,[10],10.0,10,10,1,1.0,4.0,1.0,0.0
26479,1,[10],10.0,10,10,1,1.0,6.0,1.0,0.0
26489,1,[12],12.0,12,12,1,1.0,2.0,1.0,0.0
26501,2,"[10, 42]",26.0,10,42,2,1.0,4.0,1.0,0.0
26513,1,[10],10.0,10,10,1,1.0,9.0,1.0,0.0
26539,1,[6],6.0,6,6,1,1.0,2.0,1.0,0.0
26557,1,[24],24.0,24,24,1,1.0,4.0,1.0,0.0
26561,2,"[4, 18]",11.0,4,18,2,1.0,2.0,0.5,0.0
26573,1,[22],22.0,22,22,1,1.0,3.0,1.0,0.0
26591,2,"[6, 14]",10.0,6,14,2,1.0,3.5,0.5,0.0
26597,2,"[10, 34]",22.0,10,34,2,1.0,2.5,1.0,0.0
26627,4,"[12, 18, 34, 36]",25.0,12,36,4,1.0,4.0,1.0,0.0
26633,1,[4],4.0,4,4,1,1.0,3.0,1.0,0.0
26669,1,[16],16.0,16,16,1,1.0,2.0,1.0,0.0
26681,1,[6],6.0,6,6,1,1.0,2.0,1.0,0.0
26683,1,[16],16.0,16,16,1,1.0,1.0,1.0,0.0
26687,1,[6],6.0,6,6,1,1.0,2.0,0.0,0.0
26701,1,[4],4.0,4,4,1,1.0,3.0,0.0,0.0
26711,1,[6],6.0,6,6,1,1.0,4.0,0.0,0.0
26713,3,"[14, 18, 64]",32.0,14,64,3,1.0,6.3333,1.0,0.0
26717,2,"[6, 52]",29.0,6,52,2,1.0,4.0,0.5,0.0
26723,1,[4],4.0,4,4,1,1.0,1.0,1.0,0.0
26729,1,[12],12.0,12,12,1,1.0,6.0,1.0,0.0
26731,2,"[10, 18]",14.0,10,18,2,1.0,6.0,1.0,0.0
26737,3,"[6, 10, 12]",9.3333,6,12,3,1.0,1.6667,0.6667,0.0
26759,1,[18],18.0,18,18,1,1.0,4.0,1.0,0.0
26777,1,[16],16.0,16,16,1,1.0,2.0,1.0,0.0
26801,1,[20],20.0,20,20,1,1.0,2.0,1.0,0.0
26813,1,[30],30.0,30,30,1,1.0,2.0,1.0,0.0
26821,1,[24],24.0,24,24,1,1.0,2.0,1.0,0.0
26833,3,"[6, 14, 20]",13.3333,6,20,3,1.0,2.0,1.0,0.0
26839,2,"[10, 20]",15.0,10,20,2,1.0,3.0,1.0,0.0
26849,2,"[10, 24]",17.0,10,24,2,1.0,4.0,1.0,0.0
26863,1,[24],24.0,24,24,1,1.0,4.0,1.0,0.0
26879,1,[10],10.0,10,10,1,1.0,4.0,0.0,0.0
26891,3,"[4, 12, 14]",10.0,4,14,3,1.0,2.0,1.0,0.0
26893,2,"[4, 44]",24.0,4,44,2,1.0,2.5,1.0,0.0
26921,1,[20],20.0,20,20,1,1.0,2.0,1.0,0.0
26927,1,[14],14.0,14,14,1,1.0,5.0,1.0,0.0
26947,2,"[6, 24]",15.0,6,24,2,1.0,1.0,1.0,0.0
26953,1,[12],12.0,12,12,1,1.0,2.0,1.0,0.0
26981,2,"[6, 10]",8.0,6,10,2,1.0,3.0,1.0,0.0
26987,1,[44],44.0,44,44,1,1.0,2.0,1.0,0.0
27011,1,[10],10.0,10,10,1,1.0,4.0,1.0,0.0
27031,2,"[4, 32]",18.0,4,32,2,1.0,2.0,0.5,0.0
27059,1,[16],16.0,16,16,1,1.0,2.0,1.0,0.0
27061,3,"[6, 18, 20]",14.6667,6,20,3,1.0,5.6667,0.6667,0.0
27067,1,[10],10.0,10,10,1,1.0,4.0,1.0,0.0
27073,1,[18],18.0,18,18,1,1.0,4.0,1.0,0.0
27091,4,"[10, 16, 18]",13.5,10,18,3,1.0,3.5,1.0,0.0
27107,1,[36],36.0,36,36,1,1.0,4.0,1.0,0.0
27127,1,[12],12.0,12,12,1,1.0,1.0,1.0,0.0
27143,2,"[6, 24]",15.0,6,24,2,1.0,8.5,0.5,0.0
27179,1,[28],28.0,28,28,1,1.0,2.0,1.0,0.0
27191,1,[14],14.0,14,14,1,1.0,2.0,1.0,0.0
27197,2,[12],12.0,12,12,1,1.0,5.0,1.0,0.0
27239,1,[10],10.0,10,10,1,1.0,4.0,1.0,0.0
27277,1,[8],8.0,8,8,1,1.0,2.0,1.0,0.0
27281,1,[22],22.0,22,22,1,1.0,6.0,1.0,0.0
27283,1,[24],24.0,24,24,1,1.0,6.0,1.0,0.0
27329,1,[6],6.0,6,6,1,1.0,4.0,0.0,0.0
27337,2,"[10, 30]",20.0,10,30,2,1.0,2.5,1.0,0.0
27361,1,[30],30.0,30,30,1,1.0,4.0,1.0,0.0
27397,1,[24],24.0,24,24,1,1.0,6.0,1.0,0.0
27407,1,[20],20.0,20,20,1,1.0,6.0,1.0,0.0
27431,1,[10],10.0,10,10,1,1.0,4.0,1.0,0.0
27437,1,[6],6.0,6,6,1,1.0,3.0,1.0,0.0
27457,1,[18],18.0,18,18,1,1.0,8.0,1.0,0.0
27509,1,[10],10.0,10,10,1,1.0,2.0,1.0,0.0
27527,1,[10],10.0,10,10,1,1.0,4.0,1.0,0.0
27529,1,[10],10.0,10,10,1,1.0,2.0,1.0,0.0
27541,3,"[10, 12, 18]",13.3333,10,18,3,1.0,4.0,1.0,0.0
27581,1,[14],14.0,14,14,1,1.0,3.0,1.0,0.0
27583,1,[10],10.0,10,10,1,1.0,6.0,1.0,0.0
27617,1,[28],28.0,28,28,1,1.0,4.0,1.0,0.0
27631,1,[10],10.0,10,10,1,1.0,3.0,1.0,0.0
27647,1,[6],6.0,6,6,1,1.0,4.0,0.0,0.0
27689,2,"[18, 24]",21.0,18,24,2,1.0,5.0,1.0,0.0
27691,1,[30],30.0,30,30,1,1.0,7.0,1.0,0.0
27701,1,[6],6.0,6,6,1,1.0,2.0,1.0,0.0
27733,2,"[4, 18]",11.0,4,18,2,1.0,2.5,1.0,0.0
27737,2,"[6, 12]",9.0,6,12,2,1.0,5.0,1.0,0.0
27739,2,"[12, 26]",19.0,12,26,2,1.0,3.5,1.0,0.0
27743,2,"[14, 24]",19.0,14,24,2,1.0,2.5,1.0,0.0
27749,2,"[10, 26]",18.0,10,26,2,1.0,5.0,1.0,0.0
27763,1,[36],36.0,36,36,1,1.0,2.0,1.0,0.0
27767,3,"[6, 12, 20]",12.6667,6,20,3,1.0,4.0,0.6667,0.0
27773,1,[16],16.0,16,16,1,1.0,1.0,1.0,0.0
27779,1,[12],12.0,12,12,1,1.0,1.0,1.0,0.0
27793,2,"[10, 16]",13.0,10,16,2,1.0,4.0,1.0,0.0
27799,2,"[10, 52]",31.0,10,52,2,1.0,1.5,1.0,0.0
27803,1,[18],18.0,18,18,1,1.0,4.0,1.0,0.0
27809,1,[60],60.0,60,60,1,1.0,2.0,1.0,0.0
27817,2,"[12, 46]",29.0,12,46,2,1.0,3.0,1.0,0.0
27827,1,[18],18.0,18,18,1,1.0,2.0,1.0,0.0
27851,2,"[4, 18]",11.0,4,18,2,1.0,5.5,0.5,0.0
27893,2,"[24, 30]",27.0,24,30,2,1.0,6.0,1.0,0.0
27917,2,"[6, 12]",9.0,6,12,2,1.0,5.0,1.0,0.0
27919,1,[26],26.0,26,26,1,1.0,2.0,1.0,0.0
27941,2,"[6, 10]",8.0,6,10,2,1.0,3.0,1.0,0.0
27943,1,[14],14.0,14,14,1,1.0,6.0,1.0,0.0
27961,1,[14],14.0,14,14,1,1.0,2.0,1.0,0.0
27967,1,[10],10.0,10,10,1,1.0,3.0,1.0,0.0
27983,1,[18],18.0,18,18,1,1.0,2.0,1.0,0.0
28019,1,[32],32.0,32,32,1,1.0,4.0,1.0,0.0
28027,1,[60],60.0,60,60,1,1.0,2.0,1.0,0.0
28057,2,"[10, 12]",11.0,10,12,2,1.0,5.0,1.0,0.0
28069,2,[18],18.0,18,18,1,1.0,2.0,1.0,0.0
28081,1,[6],6.0,6,6,1,1.0,3.0,1.0,0.0
28097,2,"[8, 28]",18.0,8,28,2,1.0,5.0,1.0,0.0
28099,2,"[12, 16]",14.0,12,16,2,1.0,4.0,1.0,0.0
28109,1,[6],6.0,6,6,1,1.0,4.0,1.0,0.0
28151,1,[14],14.0,14,14,1,1.0,6.0,1.0,0.0
28163,1,[24],24.0,24,24,1,1.0,4.0,1.0,0.0
28181,2,"[8, 48]",28.0,8,48,2,1.0,6.0,1.0,0.0
28183,1,[40],40.0,40,40,1,1.0,4.0,1.0,0.0
28201,1,[18],18.0,18,18,1,1.0,6.0,1.0,0.0
28211,2,"[6, 10]",8.0,6,10,2,1.0,1.0,0.0,0.0
28219,1,[6],6.0,6,6,1,1.0,2.0,1.0,0.0
28277,1,[6],6.0,6,6,1,1.0,2.0,1.0,0.0
28283,1,[10],10.0,10,10,1,1.0,4.0,1.0,0.0
28289,1,[30],30.0,30,30,1,1.0,2.0,1.0,0.0
28297,2,"[12, 28]",20.0,12,28,2,1.0,5.0,1.0,0.0
28319,1,[10],10.0,10,10,1,1.0,4.0,1.0,0.0
28351,2,"[6, 40]",23.0,6,40,2,1.0,2.0,0.5,0.0
28387,1,[12],12.0,12,12,1,1.0,2.0,1.0,0.0
28393,1,[18],18.0,18,18,1,1.0,3.0,1.0,0.0
28403,1,[18],18.0,18,18,1,1.0,3.0,1.0,0.0
28411,1,[6],6.0,6,6,1,1.0,2.0,1.0,0.0
28429,1,[6],6.0,6,6,1,1.0,2.0,1.0,0.0
28433,1,[10],10.0,10,10,1,1.0,2.0,1.0,0.0
28439,1,[10],10.0,10,10,1,1.0,4.0,1.0,0.0
28477,2,"[8, 18]",13.0,8,18,2,1.0,4.0,1.0,0.0
28517,1,[12],12.0,12,12,1,1.0,9.0,0.0,0.0
28547,1,[12],12.0,12,12,1,1.0,3.0,1.0,0.0
28549,1,[22],22.0,22,22,1,1.0,4.0,1.0,0.0
28559,1,[12],12.0,12,12,1,1.0,1.0,1.0,0.0
28591,1,[6],6.0,6,6,1,1.0,2.0,1.0,0.0
28597,1,[18],18.0,18,18,1,1.0,6.0,1.0,0.0
28603,1,[10],10.0,10,10,1,1.0,2.0,1.0,0.0
28619,2,"[12, 20]",16.0,12,20,2,1.0,6.0,1.0,0.0
28627,1,[14],14.0,14,14,1,1.0,5.0,1.0,0.0
28631,2,"[42, 52]",47.0,42,52,2,1.0,5.0,1.0,0.0
28649,1,[18],18.0,18,18,1,1.0,3.0,1.0,0.0
28657,1,[6],6.0,6,6,1,1.0,4.0,1.0,0.0
28661,1,[8],8.0,8,8,1,1.0,2.0,1.0,0.0
28663,2,"[26, 40]",33.0,26,40,2,1.0,3.0,1.0,0.0
28669,1,[10],10.0,10,10,1,1.0,6.0,1.0,0.0
28687,2,"[8, 14]",11.0,8,14,2,1.0,3.5,1.0,0.0
28697,2,"[24, 36]",30.0,24,36,2,1.0,4.0,1.0,0.0
28703,1,[4],4.0,4,4,1,1.0,3.0,0.0,0.0
28723,1,[14],14.0,14,14,1,1.0,3.0,1.0,0.0
28729,3,"[18, 22, 40]",26.6667,18,40,3,1.0,4.0,1.0,0.0
28753,1,[18],18.0,18,18,1,1.0,3.0,1.0,0.0
28771,2,"[10, 16]",13.0,10,16,2,1.0,5.0,1.0,0.0
28793,2,"[6, 10]",8.0,6,10,2,1.0,3.5,1.0,0.0
28807,1,[16],16.0,16,16,1,1.0,1.0,1.0,0.0
28817,1,[12],12.0,12,12,1,1.0,6.0,1.0,0.0
28843,1,[16],16.0,16,16,1,1.0,3.0,1.0,0.0
28859,2,"[18, 20]",19.0,18,20,2,1.0,4.0,1.0,0.0
28867,1,[10],10.0,10,10,1,1.0,4.0,1.0,0.0
28871,2,"[12, 18]",15.0,12,18,2,1.0,4.0,1.0,0.0
28879,1,[22],22.0,22,22,1,1.0,6.0,1.0,0.0
28901,1,[8],8.0,8,8,1,1.0,2.0,1.0,0.0
28909,1,[10],10.0,10,10,1,1.0,6.0,1.0,0.0
28921,2,"[4, 6]",5.0,4,6,2,1.0,2.5,0.5,0.0
28933,2,"[18, 22]",20.0,18,22,2,1.0,3.5,1.0,0.0
28949,2,"[6, 30]",18.0,6,30,2,1.0,2.5,0.5,0.0
28961,3,"[12, 18, 22]",17.3333,12,22,3,1.0,2.3333,1.0,0.0
28979,1,[12],12.0,12,12,1,1.0,2.0,1.0,0.0
29009,1,[22],22.0,22,22,1,1.0,2.0,1.0,0.0
29021,2,"[6, 20]",13.0,6,20,2,1.0,3.0,1.0,0.0
29023,1,[26],26.0,26,26,1,1.0,2.0,1.0,0.0
29033,1,[4],4.0,4,4,1,1.0,2.0,0.0,0.0
29059,1,[18],18.0,18,18,1,1.0,6.0,1.0,0.0
29101,1,[16],16.0,16,16,1,1.0,2.0,1.0,0.0
29131,1,[14],14.0,14,14,1,1.0,2.0,1.0,0.0
29153,1,[6],6.0,6,6,1,1.0,2.0,0.0,0.0
29167,2,"[6, 12]",9.0,6,12,2,1.0,3.5,1.0,0.0
29173,1,[30],30.0,30,30,1,1.0,4.0,1.0,0.0
29179,1,[16],16.0,16,16,1,1.0,4.0,1.0,0.0
29201,1,[10],10.0,10,10,1,1.0,4.0,1.0,0.0
29207,3,"[10, 12, 30]",17.3333,10,30,3,1.0,5.0,0.6667,0.0
29209,4,"[6, 22, 28, 34]",22.5,6,34,4,1.0,6.0,1.0,0.0
29221,2,"[8, 18]",13.0,8,18,2,1.0,5.0,1.0,0.0
29231,2,"[4, 18]",11.0,4,18,2,1.0,2.5,0.5,0.0
29251,3,"[14, 18]",16.6667,14,18,2,1.0,5.0,1.0,0.0
29269,1,[30],30.0,30,30,1,1.0,8.0,1.0,0.0
29287,1,[8],8.0,8,8,1,1.0,2.0,1.0,0.0
29303,2,"[6, 12]",9.0,6,12,2,1.0,5.0,0.0,0.0
29327,2,"[6, 10]",8.0,6,10,2,1.0,2.5,1.0,0.0
29333,3,"[4, 16, 18]",12.6667,4,18,3,1.0,4.6667,0.3333,0.3333
29339,1,[24],24.0,24,24,1,1.0,2.0,1.0,0.0
29347,1,[12],12.0,12,12,1,1.0,8.0,1.0,0.0
29363,2,"[26, 40]",33.0,26,40,2,1.0,8.0,1.0,0.0
29383,2,"[40, 60]",50.0,40,60,2,1.0,4.5,1.0,0.0
29387,1,[8],8.0,8,8,1,1.0,2.0,1.0,0.0
29399,2,"[12, 18]",15.0,12,18,2,1.0,2.0,1.0,0.0
29411,2,"[4, 28]",16.0,4,28,2,1.0,1.0,1.0,0.0
29423,1,[32],32.0,32,32,1,1.0,3.0,1.0,0.0
29429,1,[10],10.0,10,10,1,1.0,3.0,1.0,0.0
29437,1,[12],12.0,12,12,1,1.0,10.0,1.0,0.0
29443,1,[6],6.0,6,6,1,1.0,5.0,1.0,0.0
29453,1,[16],16.0,16,16,1,1.0,3.0,1.0,0.0
29473,1,[4],4.0,4,4,1,1.0,1.0,0.0,0.0
29483,1,[22],22.0,22,22,1,1.0,6.0,1.0,0.0
29501,1,[10],10.0,10,10,1,1.0,1.0,1.0,0.0
29537,1,[14],14.0,14,14,1,1.0,2.0,1.0,0.0
29569,2,"[16, 18]",17.0,16,18,2,1.0,1.5,1.0,0.0
29587,2,"[12, 30]",21.0,12,30,2,1.0,4.0,1.0,0.0
29599,2,"[10, 22]",16.0,10,22,2,1.0,2.5,1.0,0.0
29611,3,"[10, 22, 44]",25.3333,10,44,3,1.0,3.3333,1.0,0.0
29629,1,[16],16.0,16,16,1,1.0,3.0,1.0,0.0
29641,1,[14],14.0,14,14,1,1.0,6.0,1.0,0.0
29663,1,[4],4.0,4,4,1,1.0,1.0,1.0,0.0
29671,3,"[4, 6, 38]",16.0,4,38,3,1.0,1.6667,0.6667,0.0
29683,1,[20],20.0,20,20,1,1.0,2.0,1.0,0.0
29723,1,[24],24.0,24,24,1,1.0,2.0,1.0,0.0
29741,1,[4],4.0,4,4,1,1.0,1.0,0.0,0.0
29759,1,[16],16.0,16,16,1,1.0,10.0,1.0,0.0
29761,4,"[10, 12, 14, 24]",15.0,10,24,4,1.0,4.0,1.0,0.0
29803,2,"[4, 6]",5.0,4,6,2,1.0,2.5,0.0,0.0
29819,1,[24],24.0,24,24,1,1.0,3.0,1.0,0.0
29833,1,[10],10.0,10,10,1,1.0,7.0,1.0,0.0
29837,1,[36],36.0,36,36,1,1.0,12.0,1.0,0.0
29851,1,[18],18.0,18,18,1,1.0,2.0,1.0,0.0
29863,1,[22],22.0,22,22,1,1.0,2.0,1.0,0.0
29867,2,"[6, 26]",16.0,6,26,2,1.0,3.5,1.0,0.0
29873,1,[6],6.0,6,6,1,1.0,3.0,1.0,0.0
29881,2,"[6, 18]",12.0,6,18,2,1.0,3.0,1.0,0.0
29917,1,[8],8.0,8,8,1,1.0,2.0,1.0,0.0
29921,1,[12],12.0,12,12,1,1.0,4.0,1.0,0.0
29959,1,[10],10.0,10,10,1,1.0,3.0,0.0,0.0
29983,1,[14],14.0,14,14,1,1.0,3.0,1.0,0.0
30011,2,"[6, 18]",12.0,6,18,2,1.0,2.0,1.0,0.0
30029,1,[24],24.0,24,24,1,1.0,4.0,1.0,0.0
30047,1,[12],12.0,12,12,1,1.0,2.0,1.0,0.0
30059,1,[24],24.0,24,24,1,1.0,2.0,1.0,0.0
30089,1,[26],26.0,26,26,1,1.0,5.0,1.0,0.0
30091,4,"[6, 8, 40]",23.5,6,40,3,1.0,3.25,1.0,0.0
30097,1,[6],6.0,6,6,1,1.0,3.0,1.0,0.0
30103,1,[18],18.0,18,18,1,1.0,5.0,1.0,0.0
30133,1,[4],4.0,4,4,1,1.0,3.0,0.0,0.0
30139,1,[24],24.0,24,24,1,1.0,5.0,1.0,0.0
30169,1,[12],12.0,12,12,1,1.0,2.0,1.0,0.0
30187,4,"[10, 12, 20, 26]",17.0,10,26,4,1.0,3.5,1.0,0.0
30197,2,"[24, 34]",29.0,24,34,2,1.0,3.0,1.0,0.0
30203,1,[30],30.0,30,30,1,1.0,2.0,1.0,0.0
30211,1,[16],16.0,16,16,1,1.0,10.0,1.0,0.0
30271,1,[10],10.0,10,10,1,1.0,3.0,1.0,0.0
30293,1,[6],6.0,6,6,1,1.0,2.0,0.0,0.0
30307,2,"[6, 50]",28.0,6,50,2,1.0,1.5,0.5,0.0
30313,1,[18],18.0,18,18,1,1.0,4.0,1.0,0.0
30319,1,[16],16.0,16,16,1,1.0,4.0,1.0,0.0
30323,2,"[10, 26]",18.0,10,26,2,1.0,7.5,1.0,0.0
30341,1,[12],12.0,12,12,1,1.0,4.0,1.0,0.0
30367,2,"[6, 10]",8.0,6,10,2,1.0,1.5,1.0,0.0
30391,1,[10],10.0,10,10,1,1.0,4.0,1.0,0.0
30431,1,[18],18.0,18,18,1,1.0,2.0,1.0,0.0
30467,2,"[10, 12]",11.0,10,12,2,1.0,7.0,1.0,0.0
30491,1,[12],12.0,12,12,1,1.0,2.0,1.0,0.0
30529,1,[36],36.0,36,36,1,1.0,2.0,1.0,0.0
30539,1,[12],12.0,12,12,1,1.0,1.0,1.0,0.0
30557,1,[22],22.0,22,22,1,1.0,1.0,1.0,0.0
30577,1,[12],12.0,12,12,1,1.0,6.0,1.0,0.0
30631,1,[6],6.0,6,6,1,1.0,1.0,1.0,0.0
30637,2,"[6, 12]",9.0,6,12,2,1.0,5.0,1.0,0.0
30643,1,[24],24.0,24,24,1,1.0,2.0,1.0,0.0
30649,1,[28],28.0,28,28,1,1.0,6.0,1.0,0.0
30661,1,[12],12.0,12,12,1,1.0,6.0,1.0,0.0
30677,1,[10],10.0,10,10,1,1.0,1.0,1.0,0.0
30689,1,[12],12.0,12,12,1,1.0,9.0,1.0,0.0
30697,2,"[18, 30]",24.0,18,30,2,1.0,3.0,1.0,0.0
30707,1,[38],38.0,38,38,1,1.0,6.0,1.0,0.0
30763,1,[18],18.0,18,18,1,1.0,2.0,1.0,0.0
30773,2,"[6, 14]",10.0,6,14,2,1.0,5.0,0.5,0.0
30803,1,[42],42.0,42,42,1,1.0,2.0,1.0,0.0
30809,1,[30],30.0,30,30,1,1.0,4.0,1.0,0.0
30817,1,[10],10.0,10,10,1,1.0,3.0,1.0,0.0
30839,1,[22],22.0,22,22,1,1.0,4.0,1.0,0.0
30841,1,[34],34.0,34,34,1,1.0,4.0,1.0,0.0
30859,2,"[24, 26]",25.0,24,26,2,1.0,4.0,1.0,0.0
30869,1,[12],12.0,12,12,1,1.0,2.0,1.0,0.0
30871,1,[24],24.0,24,24,1,1.0,4.0,1.0,0.0
30881,1,[32],32.0,32,32,1,1.0,2.0,1.0,0.0
30911,1,[10],10.0,10,10,1,1.0,2.0,1.0,0.0
30931,1,[8],8.0,8,8,1,1.0,3.0,0.0,0.0
30937,1,[10],10.0,10,10,1,1.0,1.0,1.0,0.0
30941,2,"[10, 28]",19.0,10,28,2,1.0,3.0,1.0,0.0
30949,1,[18],18.0,18,18,1,1.0,2.0,1.0,0.0
30971,3,"[6, 14]",11.3333,6,14,2,1.0,5.3333,1.0,0.0
30977,2,"[10, 28]",19.0,10,28,2,1.0,2.5,1.0,0.0
31019,1,[16],16.0,16,16,1,1.0,6.0,1.0,0.0
31039,1,[12],12.0,12,12,1,1.0,3.0,1.0,0.0
31051,1,[16],16.0,16,16,1,1.0,1.0,1.0,0.0
31079,1,[20],20.0,20,20,1,1.0,2.0,1.0,0.0
31123,1,[6],6.0,6,6,1,1.0,2.0,1.0,0.0
31147,2,[6],6.0,6,6,1,1.0,3.0,0.5,0.0
31151,1,[36],36.0,36,36,1,1.0,4.0,1.0,0.0
31153,1,[18],18.0,18,18,1,1.0,2.0,1.0,0.0
31177,1,[6],6.0,6,6,1,1.0,4.0,1.0,0.0
31183,1,[4],4.0,4,4,1,1.0,1.0,0.0,0.0
31219,1,[26],26.0,26,26,1,1.0,2.0,1.0,0.0
31231,1,[12],12.0,12,12,1,1.0,10.0,1.0,0.0
31247,3,"[6, 10, 30]",15.3333,6,30,3,1.0,2.6667,1.0,0.0
31253,1,[20],20.0,20,20,1,1.0,2.0,1.0,0.0
31259,1,[12],12.0,12,12,1,1.0,2.0,1.0,0.0
31267,1,[32],32.0,32,32,1,1.0,2.0,1.0,0.0
31271,1,[30],30.0,30,30,1,1.0,1.0,1.0,0.0
31277,1,[20],20.0,20,20,1,1.0,2.0,1.0,0.0
31321,3,"[4, 6, 8]",6.0,4,8,3,1.0,3.0,0.3333,0.0
31333,1,[6],6.0,6,6,1,1.0,2.0,1.0,0.0
31379,3,"[12, 16, 32]",20.0,12,32,3,1.0,3.3333,1.0,0.0
31397,1,[44],44.0,44,44,1,1.0,2.0,1.0,0.0
31477,1,[16],16.0,16,16,1,1.0,6.0,1.0,0.0
31481,2,"[18, 24]",21.0,18,24,2,1.0,2.0,1.0,0.0
31513,1,[4],4.0,4,4,1,1.0,3.0,0.0,0.0
31517,1,[12],12.0,12,12,1,1.0,4.0,1.0,0.0
31531,3,"[10, 28, 62]",33.3333,10,62,3,1.0,2.3333,1.0,0.0
31543,1,[30],30.0,30,30,1,1.0,2.0,1.0,0.0
31573,2,"[4, 12]",8.0,4,12,2,1.0,3.5,1.0,0.0
31583,2,"[18, 44]",31.0,18,44,2,1.0,3.0,1.0,0.0
31601,2,"[8, 12]",10.0,8,12,2,1.0,2.0,1.0,0.0
31627,1,[26],26.0,26,26,1,1.0,2.0,1.0,0.0
31643,1,[32],32.0,32,32,1,1.0,6.0,1.0,0.0
31649,1,[24],24.0,24,24,1,1.0,2.0,1.0,0.0
31663,1,[30],30.0,30,30,1,1.0,6.0,1.0,0.0
31687,1,[30],30.0,30,30,1,1.0,2.0,1.0,0.0
31699,2,"[12, 26]",19.0,12,26,2,1.0,3.0,1.0,0.0
31721,1,[6],6.0,6,6,1,1.0,4.0,1.0,0.0
31751,1,[4],4.0,4,4,1,1.0,1.0,1.0,0.0
31769,1,[10],10.0,10,10,1,1.0,1.0,1.0,0.0
31799,1,[12],12.0,12,12,1,1.0,1.0,1.0,0.0
31859,1,[28],28.0,28,28,1,1.0,10.0,1.0,0.0
31891,2,"[18, 24]",21.0,18,24,2,1.0,3.5,1.0,0.0
31907,2,"[26, 28]",27.0,26,28,2,1.0,4.0,1.0,0.0
31957,3,"[10, 20, 32]",20.6667,10,32,3,1.0,5.6667,1.0,0.0
31991,1,[18],18.0,18,18,1,1.0,5.0,1.0,0.0
32003,1,[4],4.0,4,4,1,1.0,1.0,0.0,0.0
32009,3,"[12, 28, 34]",24.6667,12,34,3,1.0,6.0,1.0,0.0
32027,1,[22],22.0,22,22,1,1.0,4.0,1.0,0.0
32057,2,"[6, 30]",18.0,6,30,2,1.0,3.5,1.0,0.0
32059,1,[24],24.0,24,24,1,1.0,4.0,1.0,0.0
32069,2,"[16, 26]",21.0,16,26,2,1.0,4.5,1.0,0.0
32077,1,[6],6.0,6,6,1,1.0,4.0,1.0,0.0
32159,1,[20],20.0,20,20,1,1.0,8.0,1.0,0.0
32183,1,[4],4.0,4,4,1,1.0,1.0,0.0,0.0
32203,1,[26],26.0,26,26,1,1.0,2.0,1.0,0.0
32237,1,[12],12.0,12,12,1,1.0,6.0,1.0,0.0
32251,1,[22],22.0,22,22,1,1.0,2.0,1.0,0.0
32257,1,[8],8.0,8,8,1,1.0,2.0,1.0,0.0
32261,1,[10],10.0,10,10,1,1.0,2.0,1.0,0.0
32297,4,"[6, 12, 20, 38]",19.0,6,38,4,1.0,3.25,0.75,0.0
32303,2,"[6, 22]",14.0,6,22,2,1.0,2.5,1.0,0.0
32323,2,"[10, 12]",11.0,10,12,2,1.0,2.0,1.0,0.0
32327,3,"[8, 24]",18.6667,8,24,2,1.0,2.0,1.0,0.0
32341,1,[12],12.0,12,12,1,1.0,2.0,1.0,0.0
32353,1,[22],22.0,22,22,1,1.0,1.0,1.0,0.0
32363,3,"[14, 30, 32]",25.3333,14,32,3,1.0,2.0,1.0,0.0
32369,1,[10],10.0,10,10,1,1.0,9.0,1.0,0.0
32371,2,"[10, 12]",11.0,10,12,2,1.0,3.0,1.0,0.0
32381,1,[14],14.0,14,14,1,1.0,3.0,1.0,0.0
32401,1,[6],6.0,6,6,1,1.0,2.0,1.0,0.0
32429,2,"[40, 42]",41.0,40,42,2,1.0,3.0,1.0,0.0
32441,2,"[14, 18]",16.0,14,18,2,1.0,5.0,1.0,0.0
32467,1,[12],12.0,12,12,1,1.0,4.0,1.0,0.0
32491,3,"[6, 24, 36]",22.0,6,36,3,1.0,3.0,1.0,0.0
32497,1,[10],10.0,10,10,1,1.0,1.0,1.0,0.0
32533,1,[6],6.0,6,6,1,1.0,2.0,0.0,0.0
32573,1,[22],22.0,22,22,1,1.0,8.0,1.0,0.0
32579,1,[6],6.0,6,6,1,1.0,1.0,0.0,0.0
32587,2,"[18, 28]",23.0,18,28,2,1.0,4.0,1.0,0.0
32603,1,[6],6.0,6,6,1,1.0,4.0,0.0,0.0
32609,3,"[12, 18]",14.0,12,18,2,1.0,4.3333,1.0,0.0
32621,2,"[8, 14]",11.0,8,14,2,1.0,4.0,1.0,0.0
32653,1,[14],14.0,14,14,1,1.0,5.0,1.0,0.0
32687,1,[20],20.0,20,20,1,1.0,2.0,1.0,0.0
32693,1,[22],22.0,22,22,1,1.0,10.0,1.0,0.0
32713,1,[22],22.0,22,22,1,1.0,3.0,1.0,0.0
32717,1,[28],28.0,28,28,1,1.0,4.0,1.0,0.0
32771,2,"[4, 30]",17.0,4,30,2,1.0,3.0,0.5,0.0
32789,1,[10],10.0,10,10,1,1.0,4.0,1.0,0.0
32801,2,"[4, 8]",6.0,4,8,2,1.0,2.5,1.0,0.0
32803,2,[10],10.0,10,10,1,1.0,4.5,0.5,0.0
32833,2,"[18, 28]",23.0,18,28,2,1.0,4.0,1.0,0.0
32839,2,"[16, 20]",18.0,16,20,2,1.0,2.5,1.0,0.0
32933,1,[18],18.0,18,18,1,1.0,4.0,1.0,0.0
32939,2,"[6, 22]",14.0,6,22,2,1.0,2.5,1.0,0.0
32941,1,[10],10.0,10,10,1,1.0,4.0,1.0,0.0
32969,1,[10],10.0,10,10,1,1.0,2.0,1.0,0.0
32971,1,[14],14.0,14,14,1,1.0,2.0,1.0,0.0
32987,2,"[6, 24]",15.0,6,24,2,1.0,7.0,1.0,0.0
32993,1,[36],36.0,36,36,1,1.0,2.0,1.0,0.0
33029,1,[28],28.0,28,28,1,1.0,4.0,1.0,0.0
33037,1,[16],16.0,16,16,1,1.0,6.0,1.0,0.0
33053,1,[32],32.0,32,32,1,1.0,2.0,1.0,0.0
33071,2,"[10, 12]",11.0,10,12,2,1.0,3.5,1.0,0.0
33107,1,[6],6.0,6,6,1,1.0,1.0,0.0,0.0
33119,1,[12],12.0,12,12,1,1.0,2.0,1.0,0.0
33161,2,"[6, 12]",9.0,6,12,2,1.0,2.5,0.5,0.0
33179,2,"[10, 20]",15.0,10,20,2,1.0,5.0,0.5,0.0
33181,1,[8],8.0,8,8,1,1.0,2.0,1.0,0.0
33191,1,[4],4.0,4,4,1,1.0,1.0,1.0,0.0
33199,3,"[12, 24]",16.0,12,24,2,1.0,2.6667,1.0,0.0
33203,1,[6],6.0,6,6,1,1.0,3.0,0.0,0.0
33223,2,[10],10.0,10,10,1,1.0,4.0,1.0,0.0
33247,2,"[12, 24]",18.0,12,24,2,1.0,4.0,1.0,0.0
33287,2,"[20, 22]",21.0,20,22,2,1.0,4.5,1.0,0.0
33289,1,[28],28.0,28,28,1,1.0,8.0,1.0,0.0
33301,1,[36],36.0,36,36,1,1.0,2.0,1.0,0.0
33311,1,[6],6.0,6,6,1,1.0,3.0,0.0,0.0
33317,1,[10],10.0,10,10,1,1.0,4.0,1.0,0.0
33329,1,[16],16.0,16,16,1,1.0,4.0,1.0,0.0
33331,2,"[12, 14]",13.0,12,14,2,1.0,3.0,1.0,0.0
33347,3,"[6, 8, 12]",8.6667,6,12,3,1.0,4.6667,1.0,0.0
33413,1,[6],6.0,6,6,1,1.0,2.0,1.0,0.0
33427,1,[16],16.0,16,16,1,1.0,4.0,1.0,0.0
33457,2,"[14, 48]",31.0,14,48,2,1.0,5.0,1.0,0.0
33461,4,"[6, 10, 12, 16]",11.0,6,16,4,1.0,4.25,0.75,0.0
33503,1,[14],14.0,14,14,1,1.0,3.0,1.0,0.0
33533,2,"[18, 22]",20.0,18,22,2,1.0,2.5,1.0,0.0
33547,3,"[10, 12, 30]",17.3333,10,30,3,1.0,3.0,1.0,0.0
33569,1,[30],30.0,30,30,1,1.0,6.0,1.0,0.0
33577,1,[34],34.0,34,34,1,1.0,4.0,1.0,0.0
33581,1,[6],6.0,6,6,1,1.0,3.0,0.0,0.0
33587,1,[18],18.0,18,18,1,1.0,4.0,1.0,0.0
33589,1,[12],12.0,12,12,1,1.0,6.0,1.0,0.0
33613,1,[26],26.0,26,26,1,1.0,2.0,1.0,0.0
33617,1,[6],6.0,6,6,1,1.0,2.0,0.0,0.0
33641,1,[4],4.0,4,4,1,1.0,2.0,0.0,0.0
33647,1,[12],12.0,12,12,1,1.0,5.0,1.0,0.0
33703,3,"[4, 18, 28]",16.6667,4,28,3,1.0,3.6667,0.6667,0.0
33713,3,"[10, 16, 32]",19.3333,10,32,3,1.0,7.6667,1.0,0.0
33721,2,"[10, 12]",11.0,10,12,2,1.0,1.5,1.0,0.0
33739,1,[24],24.0,24,24,1,1.0,2.0,1.0,0.0
33751,2,"[22, 48]",35.0,22,48,2,1.0,4.0,1.0,0.0
33767,2,"[14, 18]",16.0,14,18,2,1.0,7.0,1.0,0.0
33791,2,"[18, 36]",27.0,18,36,2,1.0,8.0,1.0,0.0
33809,1,[18],18.0,18,18,1,1.0,2.0,1.0,0.0
33851,2,"[6, 16]",11.0,6,16,2,1.0,7.0,1.0,0.0
33863,2,"[6, 12]",9.0,6,12,2,1.0,2.5,0.5,0.0
33871,2,"[14, 24]",19.0,14,24,2,1.0,3.0,1.0,0.0
33911,2,"[4, 10]",7.0,4,10,2,1.0,2.0,0.5,0.0
33931,1,[6],6.0,6,6,1,1.0,1.0,0.0,0.0
33937,3,"[16, 24, 30]",23.3333,16,30,3,1.0,4.3333,1.0,0.0
33997,1,[18],18.0,18,18,1,1.0,8.0,1.0,0.0
34019,1,[22],22.0,22,22,1,1.0,7.0,1.0,0.0
34031,2,"[12, 14]",13.0,12,14,2,1.0,5.0,1.0,0.0
34033,1,[4],4.0,4,4,1,1.0,1.0,0.0,0.0
34057,1,[10],10.0,10,10,1,1.0,2.0,1.0,0.0
34061,2,"[12, 14]",13.0,12,14,2,1.0,5.0,1.0,0.0
34123,1,[30],30.0,30,30,1,1.0,4.0,1.0,0.0
34127,1,[6],6.0,6,6,1,1.0,4.0,1.0,0.0
34129,3,"[10, 18, 28]",18.6667,10,28,3,1.0,3.6667,1.0,0.0
34141,1,[14],14.0,14,14,1,1.0,2.0,1.0,0.0
34147,3,"[10, 12, 20]",14.0,10,20,3,1.0,4.0,1.0,0.0
34159,3,"[12, 20]",14.6667,12,20,2,1.0,6.0,0.6667,0.3333
34171,1,[10],10.0,10,10,1,1.0,3.0,1.0,0.0
34183,1,[6],6.0,6,6,1,1.0,2.0,1.0,0.0
34211,2,"[20, 24]",22.0,20,24,2,1.0,5.0,1.0,0.0
34213,3,"[4, 14, 18]",12.0,4,18,3,1.0,3.3333,0.6667,0.0
34231,1,[24],24.0,24,24,1,1.0,2.0,1.0,0.0
34261,3,"[6, 12, 14]",10.6667,6,14,3,1.0,2.0,1.0,0.0
34267,1,[24],24.0,24,24,1,1.0,11.0,1.0,0.0
34273,1,[18],18.0,18,18,1,1.0,6.0,1.0,0.0
34283,1,[12],12.0,12,12,1,1.0,2.0,1.0,0.0
34297,1,[30],30.0,30,30,1,1.0,2.0,1.0,0.0
34301,1,[12],12.0,12,12,1,1.0,2.0,1.0,0.0
34303,1,[22],22.0,22,22,1,1.0,6.0,1.0,0.0
34313,1,[14],14.0,14,14,1,1.0,4.0,1.0,0.0
34361,2,"[4, 10]",7.0,4,10,2,1.0,2.0,0.5,0.0
34369,1,[12],12.0,12,12,1,1.0,2.0,1.0,0.0
34403,1,[6],6.0,6,6,1,1.0,1.0,1.0,0.0
34421,1,[18],18.0,18,18,1,1.0,10.0,1.0,0.0
34429,1,[12],12.0,12,12,1,1.0,6.0,1.0,0.0
34439,1,[16],16.0,16,16,1,1.0,4.0,1.0,0.0
34469,1,[6],6.0,6,6,1,1.0,4.0,1.0,0.0
34483,1,[16],16.0,16,16,1,1.0,4.0,1.0,0.0
34499,1,[12],12.0,12,12,1,1.0,6.0,1.0,0.0
34501,1,[18],18.0,18,18,1,1.0,12.0,1.0,0.0
34519,1,[12],12.0,12,12,1,1.0,2.0,1.0,0.0
34537,1,[6],6.0,6,6,1,1.0,4.0,1.0,0.0
34589,1,[42],42.0,42,42,1,1.0,8.0,1.0,0.0
34591,1,[14],14.0,14,14,1,1.0,2.0,1.0,0.0
34607,2,"[12, 30]",21.0,12,30,2,1.0,4.0,1.0,0.0
34613,1,[18],18.0,18,18,1,1.0,2.0,1.0,0.0
34631,1,[10],10.0,10,10,1,1.0,4.0,1.0,0.0
34651,1,[18],18.0,18,18,1,1.0,6.0,1.0,0.0
34667,1,[6],6.0,6,6,1,1.0,3.0,0.0,0.0
34673,1,[14],14.0,14,14,1,1.0,2.0,1.0,0.0
34679,1,[28],28.0,28,28,1,1.0,6.0,1.0,0.0
34693,1,[16],16.0,16,16,1,1.0,1.0,1.0,0.0
34721,1,[12],12.0,12,12,1,1.0,6.0,1.0,0.0
34759,2,"[10, 12]",11.0,10,12,2,1.0,2.0,1.0,0.0
34763,1,[12],12.0,12,12,1,1.0,2.0,1.0,0.0
34807,1,[60],60.0,60,60,1,1.0,8.0,1.0,0.0
34841,1,[22],22.0,22,22,1,1.0,6.0,1.0,0.0
34847,1,[10],10.0,10,10,1,1.0,6.0,1.0,0.0
34849,1,[18],18.0,18,18,1,1.0,3.0,1.0,0.0
34871,2,"[6, 12]",9.0,6,12,2,1.0,3.0,1.0,0.0
34883,1,[18],18.0,18,18,1,1.0,2.0,1.0,0.0
34939,2,"[30, 42]",36.0,30,42,2,1.0,1.5,1.0,0.0
34981,1,[12],12.0,12,12,1,1.0,2.0,1.0,0.0
35051,1,[6],6.0,6,6,1,1.0,1.0,1.0,0.0
35053,2,"[18, 22]",20.0,18,22,2,1.0,2.5,1.0,0.0
35069,1,[12],12.0,12,12,1,1.0,2.0,1.0,0.0
35081,1,[10],10.0,10,10,1,1.0,1.0,1.0,0.0
35089,1,[18],18.0,18,18,1,1.0,8.0,1.0,0.0
35107,1,[18],18.0,18,18,1,1.0,4.0,1.0,0.0
35111,1,[4],4.0,4,4,1,1.0,1.0,0.0,0.0
35117,1,[12],12.0,12,12,1,1.0,6.0,1.0,0.0
35141,2,"[18, 30]",24.0,18,30,2,1.0,2.0,1.0,0.0
35171,1,[18],18.0,18,18,1,1.0,10.0,1.0,0.0
35201,2,"[18, 38]",28.0,18,38,2,1.0,4.5,1.0,0.0
35221,2,"[10, 24]",17.0,10,24,2,1.0,1.5,1.0,0.0
35227,2,"[10, 24]",17.0,10,24,2,1.0,2.5,1.0,0.0
35251,1,[10],10.0,10,10,1,1.0,4.0,1.0,0.0
35257,1,[28],28.0,28,28,1,1.0,3.0,1.0,0.0
35267,2,"[30, 46]",38.0,30,46,2,1.0,4.0,1.0,0.0
35291,1,[6],6.0,6,6,1,1.0,4.0,0.0,0.0
35311,3,"[6, 10, 18]",11.3333,6,18,3,1.0,3.0,1.0,0.0
35317,1,[6],6.0,6,6,1,1.0,2.0,1.0,0.0
35323,1,[14],14.0,14,14,1,1.0,8.0,1.0,0.0
35327,1,[16],16.0,16,16,1,1.0,1.0,1.0,0.0
35339,1,[26],26.0,26,26,1,1.0,2.0,1.0,0.0
35381,1,[14],14.0,14,14,1,1.0,2.0,1.0,0.0
35401,1,[28],28.0,28,28,1,1.0,6.0,1.0,0.0
35419,1,[36],36.0,36,36,1,1.0,2.0,1.0,0.0
35423,1,[4],4.0,4,4,1,1.0,1.0,0.0,0.0
35437,2,"[10, 12]",11.0,10,12,2,1.0,5.0,1.0,0.0
35447,1,[8],8.0,8,8,1,1.0,2.0,1.0,0.0
35449,1,[12],12.0,12,12,1,1.0,2.0,1.0,0.0
35461,2,"[10, 14]",12.0,10,14,2,1.0,3.0,1.0,0.0
35491,1,[14],14.0,14,14,1,1.0,2.0,1.0,0.0
35507,1,[18],18.0,18,18,1,1.0,2.0,1.0,0.0
35509,1,[10],10.0,10,10,1,1.0,2.0,1.0,0.0
35521,1,[28],28.0,28,28,1,1.0,2.0,1.0,0.0
35527,1,[12],12.0,12,12,1,1.0,5.0,1.0,0.0
35531,1,[6],6.0,6,6,1,1.0,2.0,1.0,0.0
35543,1,[18],18.0,18,18,1,1.0,3.0,1.0,0.0
35591,5,"[6, 10, 12, 14, 18]",12.0,6,18,5,1.0,3.4,1.0,0.0
35593,3,"[4, 22, 32]",19.3333,4,32,3,1.0,2.0,0.6667,0.0
35603,1,[22],22.0,22,22,1,1.0,4.0,1.0,0.0
35617,1,[26],26.0,26,26,1,1.0,2.0,1.0,0.0
35671,1,[20],20.0,20,20,1,1.0,2.0,1.0,0.0
35729,1,[16],16.0,16,16,1,1.0,1.0,1.0,0.0
35731,2,"[4, 8]",6.0,4,8,2,1.0,4.0,0.5,0.0
35747,3,"[6, 10, 12]",9.3333,6,12,3,1.0,2.6667,1.0,0.0
35753,1,[36],36.0,36,36,1,1.0,2.0,1.0,0.0
35759,1,[12],12.0,12,12,1,1.0,1.0,1.0,0.0
35771,2,"[22, 64]",43.0,22,64,2,1.0,2.5,1.0,0.0
35797,2,"[6, 20]",13.0,6,20,2,1.0,2.5,1.0,0.0
35801,1,[26],26.0,26,26,1,1.0,8.0,1.0,0.0
35809,1,[6],6.0,6,6,1,1.0,2.0,1.0,0.0
35831,1,[6],6.0,6,6,1,1.0,1.0,0.0,0.0
35837,1,[30],30.0,30,30,1,1.0,2.0,1.0,0.0
35839,2,"[12, 26]",19.0,12,26,2,1.0,4.0,1.0,0.0
35863,1,[6],6.0,6,6,1,1.0,2.0,1.0,0.0
35869,2,"[6, 12]",9.0,6,12,2,1.0,2.0,0.5,0.0
35899,2,"[12, 22]",17.0,12,22,2,1.0,2.5,1.0,0.0
35911,1,[14],14.0,14,14,1,1.0,6.0,1.0,0.0
35923,2,"[4, 18]",11.0,4,18,2,1.0,2.5,1.0,0.0
35933,1,[22],22.0,22,22,1,1.0,4.0,1.0,0.0
35963,1,[6],6.0,6,6,1,1.0,4.0,0.0,0.0
35977,2,"[10, 20]",15.0,10,20,2,1.0,3.0,1.0,0.0
35993,1,[26],26.0,26,26,1,1.0,6.0,1.0,0.0
35999,2,"[6, 20]",13.0,6,20,2,1.0,1.5,1.0,0.0
36007,2,"[18, 20]",19.0,18,20,2,1.0,2.0,1.0,0.0
36011,1,[4],4.0,4,4,1,1.0,2.0,1.0,0.0
36013,1,[24],24.0,24,24,1,1.0,4.0,1.0,0.0
36061,4,"[4, 6, 10]",6.5,4,10,3,1.0,3.0,0.75,0.0
36067,1,[22],22.0,22,22,1,1.0,4.0,1.0,0.0
36073,2,"[14, 16]",15.0,14,16,2,1.0,3.0,1.0,0.0
36097,1,[6],6.0,6,6,1,1.0,2.0,1.0,0.0
36107,2,"[6, 26]",16.0,6,26,2,1.0,4.5,1.0,0.0
36131,1,[12],12.0,12,12,1,1.0,2.0,1.0,0.0
36151,1,[4],4.0,4,4,1,1.0,1.0,0.0,0.0
36161,1,[14],14.0,14,14,1,1.0,6.0,1.0,0.0
36191,1,[12],12.0,12,12,1,1.0,6.0,1.0,0.0
36209,4,"[10, 12, 18, 20]",15.0,10,20,4,1.0,3.25,1.0,0.0
36217,1,[12],12.0,12,12,1,1.0,4.0,1.0,0.0
36241,1,[22],22.0,22,22,1,1.0,2.0,1.0,0.0
36251,1,[8],8.0,8,8,1,1.0,2.0,1.0,0.0
36263,1,[26],26.0,26,26,1,1.0,6.0,1.0,0.0
36293,2,"[4, 14]",9.0,4,14,2,1.0,3.5,1.0,0.0
36299,1,[10],10.0,10,10,1,1.0,4.0,1.0,0.0
36307,1,[6],6.0,6,6,1,1.0,4.0,1.0,0.0
36313,2,"[4, 10]",7.0,4,10,2,1.0,5.5,0.5,0.0
36341,1,[6],6.0,6,6,1,1.0,4.0,1.0,0.0
36353,1,[24],24.0,24,24,1,1.0,4.0,1.0,0.0
36383,1,[10],10.0,10,10,1,1.0,3.0,1.0,0.0
36457,4,"[8, 12, 24, 26]",17.5,8,26,4,1.0,2.75,1.0,0.0
36467,2,"[6, 16]",11.0,6,16,2,1.0,2.0,0.5,0.0
36469,1,[26],26.0,26,26,1,1.0,6.0,1.0,0.0
36479,2,"[16, 30]",23.0,16,30,2,1.0,3.5,1.0,0.0
36523,1,[12],12.0,12,12,1,1.0,2.0,1.0,0.0
36527,1,[8],8.0,8,8,1,1.0,2.0,1.0,0.0
36551,1,[10],10.0,10,10,1,1.0,3.0,1.0,0.0
36559,1,[12],12.0,12,12,1,1.0,3.0,1.0,0.0
36571,2,"[4, 38]",21.0,4,38,2,1.0,2.0,0.5,0.0
36583,2,"[6, 10]",8.0,6,10,2,1.0,3.0,1.0,0.0
36599,2,"[12, 40]",26.0,12,40,2,1.0,6.0,1.0,0.0
36607,3,"[6, 10, 12]",9.3333,6,12,3,1.0,2.3333,0.6667,0.0
36637,2,"[12, 18]",15.0,12,18,2,1.0,3.0,1.0,0.0
36643,1,[30],30.0,30,30,1,1.0,2.0,1.0,0.0
36671,1,[6],6.0,6,6,1,1.0,2.0,1.0,0.0
36697,1,[42],42.0,42,42,1,1.0,2.0,1.0,0.0
36713,2,"[6, 22]",14.0,6,22,2,1.0,1.5,0.5,0.0
36761,1,[12],12.0,12,12,1,1.0,4.0,1.0,0.0
36767,3,"[10, 12, 40]",20.6667,10,40,3,1.0,3.3333,0.6667,0.0
36779,1,[24],24.0,24,24,1,1.0,3.0,1.0,0.0
36781,1,[18],18.0,18,18,1,1.0,3.0,1.0,0.0
36791,1,[24],24.0,24,24,1,1.0,4.0,1.0,0.0
36809,1,[12],12.0,12,12,1,1.0,2.0,1.0,0.0
36821,1,[6],6.0,6,6,1,1.0,3.0,0.0,0.0
36871,1,[30],30.0,30,30,1,1.0,6.0,1.0,0.0
36887,2,"[6, 28]",17.0,6,28,2,1.0,2.5,1.0,0.0
36901,1,[6],6.0,6,6,1,1.0,2.0,0.0,0.0
36913,1,[6],6.0,6,6,1,1.0,2.0,1.0,0.0
36919,3,"[12, 16, 26]",18.0,12,26,3,1.0,4.3333,1.0,0.0
36931,1,[28],28.0,28,28,1,1.0,1.0,1.0,0.0
36943,1,[6],6.0,6,6,1,1.0,5.0,1.0,0.0
36973,2,"[4, 16]",10.0,4,16,2,1.0,3.5,0.5,0.0
37003,3,"[6, 18, 22]",15.3333,6,22,3,1.0,6.0,1.0,0.0
37013,3,"[6, 12, 22]",13.3333,6,22,3,1.0,3.6667,0.6667,0.0
37019,1,[12],12.0,12,12,1,1.0,6.0,1.0,0.0
37039,1,[16],16.0,16,16,1,1.0,6.0,1.0,0.0
37057,2,"[12, 20]",16.0,12,20,2,1.0,2.0,1.0,0.0
37061,1,[4],4.0,4,4,1,1.0,2.0,0.0,0.0
37087,1,[10],10.0,10,10,1,1.0,4.0,1.0,0.0
37159,1,[30],30.0,30,30,1,1.0,2.0,1.0,0.0
37189,2,"[6, 28]",17.0,6,28,2,1.0,3.0,1.0,0.0
37217,2,"[8, 10]",9.0,8,10,2,1.0,2.5,1.0,0.0
37253,1,[34],34.0,34,34,1,1.0,6.0,1.0,0.0
37273,1,[14],14.0,14,14,1,1.0,2.0,1.0,0.0
37277,1,[6],6.0,6,6,1,1.0,2.0,1.0,0.0
37321,1,[18],18.0,18,18,1,1.0,3.0,1.0,0.0
37339,1,[6],6.0,6,6,1,1.0,2.0,0.0,0.0
37357,1,[6],6.0,6,6,1,1.0,1.0,0.0,0.0
37361,1,[18],18.0,18,18,1,1.0,2.0,1.0,0.0
37369,2,"[12, 18]",15.0,12,18,2,1.0,3.5,1.0,0.0
37379,1,[26],26.0,26,26,1,1.0,2.0,1.0,0.0
37397,1,[8],8.0,8,8,1,1.0,3.0,1.0,0.0
37423,1,[10],10.0,10,10,1,1.0,4.0,1.0,0.0
37441,2,"[4, 6]",5.0,4,6,2,1.0,2.0,0.5,0.0
37447,1,[28],28.0,28,28,1,1.0,6.0,1.0,0.0
37489,1,[26],26.0,26,26,1,1.0,2.0,1.0,0.0
37493,1,[6],6.0,6,6,1,1.0,4.0,0.0,0.0
37507,1,[12],12.0,12,12,1,1.0,2.0,1.0,0.0
37537,2,"[12, 24]",18.0,12,24,2,1.0,4.0,1.0,0.0
37547,2,"[24, 50]",37.0,24,50,2,1.0,4.0,1.0,0.0
37561,1,[4],4.0,4,4,1,1.0,1.0,0.0,0.0
37567,1,[6],6.0,6,6,1,1.0,1.0,1.0,0.0
37571,1,[18],18.0,18,18,1,1.0,2.0,1.0,0.0
37573,1,[6],6.0,6,6,1,1.0,2.0,1.0,0.0
37591,1,[32],32.0,32,32,1,1.0,2.0,1.0,0.0
37607,1,[34],34.0,34,34,1,1.0,1.0,1.0,0.0
37633,1,[10],10.0,10,10,1,1.0,4.0,1.0,0.0
37649,1,[26],26.0,26,26,1,1.0,2.0,1.0,0.0
37663,1,[18],18.0,18,18,1,1.0,5.0,1.0,0.0
37693,3,"[10, 24, 26]",20.0,10,26,3,1.0,2.6667,1.0,0.0
37699,1,[16],16.0,16,16,1,1.0,4.0,1.0,0.0
37717,1,[16],16.0,16,16,1,1.0,7.0,1.0,0.0
37781,2,"[18, 22]",20.0,18,22,2,1.0,2.5,1.0,0.0
37783,1,[34],34.0,34,34,1,1.0,4.0,1.0,0.0
37799,2,"[10, 20]",15.0,10,20,2,1.0,1.5,1.0,0.0
37811,2,"[6, 22]",14.0,6,22,2,1.0,2.5,1.0,0.0
37813,1,[14],14.0,14,14,1,1.0,2.0,1.0,0.0
37831,1,[4],4.0,4,4,1,1.0,2.0,0.0,0.0
37847,3,"[10, 18, 36]",21.3333,10,36,3,1.0,5.3333,1.0,0.0
37853,1,[16],16.0,16,16,1,1.0,1.0,1.0,0.0
37871,1,[10],10.0,10,10,1,1.0,4.0,1.0,0.0
37879,2,"[6, 10]",8.0,6,10,2,1.0,3.0,1.0,0.0
37907,2,"[12, 24]",18.0,12,24,2,1.0,5.0,1.0,0.0
37951,1,[6],6.0,6,6,1,1.0,1.0,1.0,0.0
37987,1,[12],12.0,12,12,1,1.0,2.0,1.0,0.0
37991,1,[6],6.0,6,6,1,1.0,4.0,1.0,0.0
37997,1,[10],10.0,10,10,1,1.0,4.0,1.0,0.0
38011,2,"[24, 26]",25.0,24,26,2,1.0,7.5,1.0,0.0
38047,2,"[26, 38]",32.0,26,38,2,1.0,7.5,1.0,0.0
38053,1,[30],30.0,30,30,1,1.0,4.0,1.0,0.0
38069,1,[12],12.0,12,12,1,1.0,2.0,1.0,0.0
38083,1,[10],10.0,10,10,1,1.0,3.0,1.0,0.0
38177,1,[6],6.0,6,6,1,1.0,4.0,0.0,0.0
38183,2,"[18, 20]",19.0,18,20,2,1.0,4.0,1.0,0.0
38201,2,"[12, 16]",14.0,12,16,2,1.0,4.5,1.0,0.0
38273,1,[14],14.0,14,14,1,1.0,6.0,1.0,0.0
38287,1,[6],6.0,6,6,1,1.0,5.0,1.0,0.0
38299,1,[22],22.0,22,22,1,1.0,4.0,1.0,0.0
38303,1,[32],32.0,32,32,1,1.0,2.0,1.0,0.0
38317,1,[10],10.0,10,10,1,1.0,3.0,1.0,0.0
38327,1,[12],12.0,12,12,1,1.0,9.0,1.0,0.0
38329,1,[12],12.0,12,12,1,1.0,6.0,1.0,0.0
38333,3,"[6, 12, 22]",13.3333,6,22,3,1.0,6.3333,0.6667,0.0
38351,1,[4],4.0,4,4,1,1.0,1.0,1.0,0.0
38447,3,"[6, 28, 36]",23.3333,6,36,3,1.0,3.3333,1.0,0.0
38459,2,"[22, 42]",32.0,22,42,2,1.0,3.0,1.0,0.0
38461,1,[18],18.0,18,18,1,1.0,4.0,1.0,0.0
38501,1,[10],10.0,10,10,1,1.0,4.0,1.0,0.0
38561,2,"[6, 24]",15.0,6,24,2,1.0,3.0,1.0,0.0
38569,1,[10],10.0,10,10,1,1.0,4.0,1.0,0.0
38593,3,"[6, 14, 18]",12.6667,6,18,3,1.0,3.0,1.0,0.0
38609,1,[6],6.0,6,6,1,1.0,3.0,1.0,0.0
38629,1,[18],18.0,18,18,1,1.0,6.0,1.0,0.0
38651,1,[14],14.0,14,14,1,1.0,6.0,1.0,0.0
38653,1,[18],18.0,18,18,1,1.0,3.0,1.0,0.0
38671,1,[14],14.0,14,14,1,1.0,2.0,1.0,0.0
38693,1,[10],10.0,10,10,1,1.0,4.0,1.0,0.0
38699,2,"[12, 16]",14.0,12,16,2,1.0,2.5,1.0,0.0
38707,1,[10],10.0,10,10,1,1.0,2.0,1.0,0.0
38723,2,"[18, 20]",19.0,18,20,2,1.0,2.0,1.0,0.0
38737,1,[38],38.0,38,38,1,1.0,2.0,1.0,0.0
38747,1,[12],12.0,12,12,1,1.0,2.0,1.0,0.0
38749,1,[6],6.0,6,6,1,1.0,2.0,0.0,0.0
38767,3,"[6, 12, 22]",13.3333,6,22,3,1.0,3.3333,0.6667,0.0
38803,2,"[14, 36]",25.0,14,36,2,1.0,3.5,1.0,0.0
38851,1,[12],12.0,12,12,1,1.0,4.0,1.0,0.0
38861,1,[6],6.0,6,6,1,1.0,2.0,1.0,0.0
38867,1,[18],18.0,18,18,1,1.0,1.0,1.0,0.0
38873,2,"[6, 30]",18.0,6,30,2,1.0,2.5,1.0,0.0
38903,1,[6],6.0,6,6,1,1.0,1.0,0.0,0.0
38921,1,[30],30.0,30,30,1,1.0,2.0,1.0,0.0
38933,1,[16],16.0,16,16,1,1.0,2.0,1.0,0.0
38953,1,[22],22.0,22,22,1,1.0,1.0,1.0,0.0
38971,1,[20],20.0,20,20,1,1.0,6.0,1.0,0.0
38993,1,[28],28.0,28,28,1,1.0,4.0,1.0,0.0
39019,1,[24],24.0,24,24,1,1.0,4.0,1.0,0.0
39023,1,[6],6.0,6,6,1,1.0,1.0,1.0,0.0
39041,1,[18],18.0,18,18,1,1.0,4.0,1.0,0.0
39043,1,[66],66.0,66,66,1,1.0,6.0,1.0,0.0
39079,1,[6],6.0,6,6,1,1.0,2.0,1.0,0.0
39089,1,[12],12.0,12,12,1,1.0,1.0,1.0,0.0
39103,3,"[10, 12, 22]",14.6667,10,22,3,1.0,5.3333,1.0,0.0
39107,1,[6],6.0,6,6,1,1.0,2.0,1.0,0.0
39119,3,"[16, 24, 36]",25.3333,16,36,3,1.0,3.0,1.0,0.0
39133,1,[14],14.0,14,14,1,1.0,4.0,1.0,0.0
39209,3,"[16, 42]",24.6667,16,42,2,1.0,2.6667,1.0,0.0
39227,1,[6],6.0,6,6,1,1.0,5.0,0.0,0.0
39233,1,[6],6.0,6,6,1,1.0,1.0,0.0,0.0
39241,2,"[4, 34]",19.0,4,34,2,1.0,3.0,0.5,0.0
39251,1,[10],10.0,10,10,1,1.0,4.0,1.0,0.0
39293,2,"[10, 20]",15.0,10,20,2,1.0,3.0,1.0,0.0
39301,1,[18],18.0,18,18,1,1.0,6.0,1.0,0.0
39323,2,"[4, 10]",7.0,4,10,2,1.0,2.0,0.5,0.0
39343,2,"[4, 12]",8.0,4,12,2,1.0,3.5,0.5,0.0
39359,1,[52],52.0,52,52,1,1.0,1.0,1.0,0.0
39367,1,[18],18.0,18,18,1,1.0,2.0,1.0,0.0
39371,1,[18],18.0,18,18,1,1.0,3.0,1.0,0.0
39383,1,[26],26.0,26,26,1,1.0,2.0,1.0,0.0
39397,1,[28],28.0,28,28,1,1.0,4.0,1.0,0.0
39409,1,[36],36.0,36,36,1,1.0,4.0,1.0,0.0
39419,2,"[16, 20]",18.0,16,20,2,1.0,3.5,1.0,0.0
39439,1,[10],10.0,10,10,1,1.0,1.0,1.0,0.0
39443,1,[10],10.0,10,10,1,1.0,4.0,1.0,0.0
39451,2,"[8, 14]",11.0,8,14,2,1.0,5.0,1.0,0.0
39461,2,[22],22.0,22,22,1,1.0,6.0,1.0,0.0
39503,1,[16],16.0,16,16,1,1.0,2.0,1.0,0.0
39509,1,[22],22.0,22,22,1,1.0,4.0,1.0,0.0
39551,2,"[8, 24]",16.0,8,24,2,1.0,2.0,1.0,0.0
39581,1,[4],4.0,4,4,1,1.0,2.0,0.0,0.0
39607,1,[12],12.0,12,12,1,1.0,6.0,1.0,0.0
39623,1,[12],12.0,12,12,1,1.0,4.0,1.0,0.0
39631,1,[4],4.0,4,4,1,1.0,2.0,0.0,0.0
39671,1,[18],18.0,18,18,1,1.0,6.0,1.0,0.0
39679,2,"[10, 22]",16.0,10,22,2,1.0,3.0,0.5,0.0
39703,1,[34],34.0,34,34,1,1.0,4.0,1.0,0.0
39727,2,"[6, 12]",9.0,6,12,2,1.0,2.0,1.0,0.0
39761,2,"[6, 38]",22.0,6,38,2,1.0,2.0,1.0,0.0
39779,2,"[20, 26]",23.0,20,26,2,1.0,2.0,1.0,0.0
39839,2,"[12, 16]",14.0,12,16,2,1.0,4.0,1.0,0.0
39841,1,[30],30.0,30,30,1,1.0,1.0,1.0,0.0
39847,1,[12],12.0,12,12,1,1.0,2.0,1.0,0.0
39857,2,"[6, 20]",13.0,6,20,2,1.0,3.5,0.5,0.0
39869,2,"[10, 22]",16.0,10,22,2,1.0,1.0,1.0,0.0
39883,1,[4],4.0,4,4,1,1.0,1.0,0.0,0.0
39929,1,[12],12.0,12,12,1,1.0,1.0,1.0,0.0
39953,2,"[18, 22]",20.0,18,22,2,1.0,2.5,1.0,0.0
39979,1,[30],30.0,30,30,1,1.0,3.0,1.0,0.0
39989,1,[12],12.0,12,12,1,1.0,6.0,1.0,0.0
40009,1,[34],34.0,34,34,1,1.0,9.0,1.0,0.0
40031,1,[14],14.0,14,14,1,1.0,6.0,1.0,0.0
40039,1,[24],24.0,24,24,1,1.0,4.0,1.0,0.0
40063,2,"[10, 38]",24.0,10,38,2,1.0,3.0,1.0,0.0
40087,2,"[6, 12]",9.0,6,12,2,1.0,1.5,1.0,0.0
40093,2,"[20, 32]",26.0,20,32,2,1.0,3.5,1.0,0.0
40099,1,[12],12.0,12,12,1,1.0,10.0,1.0,0.0
40151,1,[12],12.0,12,12,1,1.0,2.0,1.0,0.0
40163,1,[16],16.0,16,16,1,1.0,6.0,1.0,0.0
40169,1,[10],10.0,10,10,1,1.0,2.0,1.0,0.0
40189,2,"[10, 20]",15.0,10,20,2,1.0,6.5,1.0,0.0
40213,1,[18],18.0,18,18,1,1.0,4.0,1.0,0.0
40237,1,[14],14.0,14,14,1,1.0,2.0,1.0,0.0
40241,1,[26],26.0,26,26,1,1.0,2.0,1.0,0.0
40253,1,[4],4.0,4,4,1,1.0,3.0,1.0,0.0
40277,2,"[6, 34]",20.0,6,34,2,1.0,3.5,1.0,0.0
40351,3,"[14, 20, 36]",23.3333,14,36,3,1.0,3.3333,1.0,0.0
40357,2,"[6, 12]",9.0,6,12,2,1.0,5.0,1.0,0.0
40361,1,[28],28.0,28,28,1,1.0,3.0,1.0,0.0
40387,1,[10],10.0,10,10,1,1.0,7.0,1.0,0.0
40423,2,"[6, 24]",15.0,6,24,2,1.0,2.0,1.0,0.0
40427,1,[44],44.0,44,44,1,1.0,2.0,1.0,0.0
40429,1,[24],24.0,24,24,1,1.0,2.0,1.0,0.0
40459,1,[12],12.0,12,12,1,1.0,6.0,1.0,0.0
40487,1,[6],6.0,6,6,1,1.0,4.0,1.0,0.0
40519,1,[12],12.0,12,12,1,1.0,6.0,1.0,0.0
40531,2,"[6, 12]",9.0,6,12,2,1.0,2.0,1.0,0.0
40543,2,"[4, 16]",10.0,4,16,2,1.0,1.0,0.5,0.0
40559,1,[10],10.0,10,10,1,1.0,4.0,1.0,0.0
40583,1,[22],22.0,22,22,1,1.0,4.0,1.0,0.0
40591,2,"[18, 38]",28.0,18,38,2,1.0,5.0,1.0,0.0
40597,1,[44],44.0,44,44,1,1.0,2.0,1.0,0.0
40609,1,[6],6.0,6,6,1,1.0,2.0,1.0,0.0
40627,1,[16],16.0,16,16,1,1.0,2.0,1.0,0.0
40637,1,[10],10.0,10,10,1,1.0,1.0,1.0,0.0
40751,1,[6],6.0,6,6,1,1.0,4.0,0.0,0.0
40759,2,"[10, 22]",16.0,10,22,2,1.0,3.5,1.0,0.0
40771,1,[14],14.0,14,14,1,1.0,5.0,1.0,0.0
40787,2,"[12, 34]",23.0,12,34,2,1.0,5.0,1.0,0.0
40801,1,[10],10.0,10,10,1,1.0,3.0,1.0,0.0
40819,1,[6],6.0,6,6,1,1.0,2.0,1.0,0.0
40841,1,[18],18.0,18,18,1,1.0,8.0,1.0,0.0
40847,1,[24],24.0,24,24,1,1.0,2.0,1.0,0.0
40879,1,[24],24.0,24,24,1,1.0,4.0,1.0,0.0
40897,1,[36],36.0,36,36,1,1.0,2.0,1.0,0.0
40927,1,[6],6.0,6,6,1,1.0,1.0,0.0,0.0
40939,3,"[12, 18, 20]",16.6667,12,20,3,1.0,2.0,1.0,0.0
40949,1,[12],12.0,12,12,1,1.0,5.0,1.0,0.0
40961,1,[4],4.0,4,4,1,1.0,1.0,0.0,0.0
40973,1,[10],10.0,10,10,1,1.0,4.0,1.0,0.0
40993,1,[10],10.0,10,10,1,1.0,7.0,1.0,0.0
41011,1,[6],6.0,6,6,1,1.0,1.0,1.0,0.0
41023,1,[22],22.0,22,22,1,1.0,3.0,1.0,0.0
41039,2,"[24, 26]",25.0,24,26,2,1.0,4.0,1.0,0.0
41047,1,[30],30.0,30,30,1,1.0,1.0,1.0,0.0
41077,1,[6],6.0,6,6,1,1.0,2.0,1.0,0.0
41117,1,[14],14.0,14,14,1,1.0,12.0,1.0,0.0
41131,1,[4],4.0,4,4,1,1.0,2.0,0.0,0.0
41143,1,[10],10.0,10,10,1,1.0,7.0,1.0,0.0
41177,2,"[6, 12]",9.0,6,12,2,1.0,2.0,1.0,0.0
41189,1,[6],6.0,6,6,1,1.0,4.0,0.0,0.0
41203,1,[6],6.0,6,6,1,1.0,2.0,1.0,0.0
41221,1,[12],12.0,12,12,1,1.0,6.0,1.0,0.0
41243,1,[4],4.0,4,4,1,1.0,1.0,0.0,0.0
41257,2,"[6, 12]",9.0,6,12,2,1.0,3.0,1.0,0.0
41263,2,"[14, 18]",16.0,14,18,2,1.0,2.5,1.0,0.0
41281,1,[10],10.0,10,10,1,1.0,1.0,1.0,0.0
41333,2,"[24, 84]",54.0,24,84,2,1.0,4.0,1.0,0.0
41381,1,[6],6.0,6,6,1,1.0,3.0,1.0,0.0
41387,3,"[10, 12, 14]",12.0,10,14,3,1.0,3.3333,1.0,0.0
41389,1,[18],18.0,18,18,1,1.0,2.0,1.0,0.0
41411,1,[10],10.0,10,10,1,1.0,7.0,0.0,0.0
41443,2,"[12, 18]",15.0,12,18,2,1.0,3.0,1.0,0.0
41453,1,[4],4.0,4,4,1,1.0,1.0,0.0,0.0
41467,1,[12],12.0,12,12,1,1.0,4.0,1.0,0.0
41491,1,[20],20.0,20,20,1,1.0,6.0,1.0,0.0
41507,2,[6],6.0,6,6,1,1.0,3.0,0.5,0.0
41519,2,"[10, 30]",20.0,10,30,2,1.0,3.0,1.0,0.0
41521,1,[32],32.0,32,32,1,1.0,6.0,1.0,0.0
41539,1,[26],26.0,26,26,1,1.0,3.0,1.0,0.0
41579,1,[12],12.0,12,12,1,1.0,2.0,1.0,0.0
41593,1,[20],20.0,20,20,1,1.0,2.0,1.0,0.0
41597,1,[6],6.0,6,6,1,1.0,2.0,0.0,0.0
41603,1,[44],44.0,44,44,1,1.0,2.0,1.0,0.0
41611,1,[18],18.0,18,18,1,1.0,2.0,1.0,0.0
41621,1,[42],42.0,42,42,1,1.0,2.0,1.0,0.0
41627,1,[6],6.0,6,6,1,1.0,1.0,0.0,0.0
41641,1,[28],28.0,28,28,1,1.0,2.0,1.0,0.0
41681,2,"[10, 12]",11.0,10,12,2,1.0,6.0,1.0,0.0
41737,1,[10],10.0,10,10,1,1.0,6.0,1.0,0.0
41801,1,[36],36.0,36,36,1,1.0,10.0,1.0,0.0
41843,1,[6],6.0,6,6,1,1.0,4.0,0.0,0.0
41893,3,"[4, 6, 14]",8.0,4,14,3,1.0,4.0,0.3333,0.0
41903,2,"[10, 18]",14.0,10,18,2,1.0,5.0,1.0,0.0
41911,1,[10],10.0,10,10,1,1.0,3.0,1.0,0.0
41927,1,[12],12.0,12,12,1,1.0,4.0,1.0,0.0
41941,2,"[6, 22]",14.0,6,22,2,1.0,3.5,0.5,0.0
41957,3,"[10, 12, 20]",14.0,10,20,3,1.0,4.6667,1.0,0.0
41959,2,"[10, 22]",16.0,10,22,2,1.0,5.0,1.0,0.0
41969,1,[6],6.0,6,6,1,1.0,3.0,0.0,0.0
41981,1,[22],22.0,22,22,1,1.0,3.0,1.0,0.0
42013,1,[10],10.0,10,10,1,1.0,7.0,1.0,0.0
42043,2,"[18, 22]",20.0,18,22,2,1.0,5.5,1.0,0.0
42061,1,[10],10.0,10,10,1,1.0,4.0,1.0,0.0
42071,2,"[30, 66]",48.0,30,66,2,1.0,2.0,1.0,0.0
42073,1,[4],4.0,4,4,1,1.0,3.0,1.0,0.0
42101,2,"[4, 10]",7.0,4,10,2,1.0,2.0,0.5,0.0
42131,1,[10],10.0,10,10,1,1.0,2.0,1.0,0.0
42157,1,[12],12.0,12,12,1,1.0,3.0,1.0,0.0
42169,3,"[10, 12, 18]",13.3333,10,18,3,1.0,8.6667,1.0,0.0
42179,1,[6],6.0,6,6,1,1.0,4.0,1.0,0.0
42181,2,"[4, 6]",5.0,4,6,2,1.0,2.5,0.5,0.0
42187,2,"[12, 24]",18.0,12,24,2,1.0,4.0,1.0,0.0
42197,2,"[10, 12]",11.0,10,12,2,1.0,4.0,1.0,0.0
42221,1,[18],18.0,18,18,1,1.0,2.0,1.0,0.0
42257,1,[6],6.0,6,6,1,1.0,3.0,0.0,0.0
42299,1,[6],6.0,6,6,1,1.0,1.0,1.0,0.0
42307,1,[18],18.0,18,18,1,1.0,4.0,1.0,0.0
42323,1,[22],22.0,22,22,1,1.0,4.0,1.0,0.0
42331,1,[60],60.0,60,60,1,1.0,6.0,1.0,0.0
42337,1,[14],14.0,14,14,1,1.0,2.0,1.0,0.0
42373,1,[18],18.0,18,18,1,1.0,6.0,1.0,0.0
42379,1,[26],26.0,26,26,1,1.0,10.0,1.0,0.0
42391,1,[6],6.0,6,6,1,1.0,4.0,1.0,0.0
42397,1,[18],18.0,18,18,1,1.0,3.0,1.0,0.0
42433,1,[20],20.0,20,20,1,1.0,2.0,1.0,0.0
42437,1,[10],10.0,10,10,1,1.0,6.0,1.0,0.0
42443,1,[12],12.0,12,12,1,1.0,4.0,1.0,0.0
42451,2,"[10, 14]",12.0,10,14,2,1.0,4.5,1.0,0.0
42461,4,"[6, 18, 20, 40]",21.0,6,40,4,1.0,4.0,1.0,0.0
42491,2,"[6, 12]",9.0,6,12,2,1.0,1.5,0.5,0.0
42499,1,[6],6.0,6,6,1,1.0,2.0,0.0,0.0
42509,2,"[20, 24]",22.0,20,24,2,1.0,5.5,1.0,0.0
42533,2,"[6, 18]",12.0,6,18,2,1.0,3.0,1.0,0.0
42557,1,[10],10.0,10,10,1,1.0,1.0,1.0,0.0
42569,2,"[10, 30]",20.0,10,30,2,1.0,7.5,1.0,0.0
42571,1,[40],40.0,40,40,1,1.0,2.0,1.0,0.0
42577,4,"[8, 12, 16, 24]",15.0,8,24,4,1.0,3.25,1.0,0.0
42611,1,[12],12.0,12,12,1,1.0,2.0,1.0,0.0
42643,2,"[10, 22]",16.0,10,22,2,1.0,2.0,1.0,0.0
42649,1,[18],18.0,18,18,1,1.0,4.0,1.0,0.0
42677,3,"[6, 20]",10.6667,6,20,2,1.0,3.3333,0.6667,0.0
42697,2,"[6, 28]",17.0,6,28,2,1.0,4.0,1.0,0.0
42703,1,[16],16.0,16,16,1,1.0,3.0,1.0,0.0
42709,1,[12],12.0,12,12,1,1.0,3.0,1.0,0.0
42719,1,[16],16.0,16,16,1,1.0,4.0,1.0,0.0
42727,1,[24],24.0,24,24,1,1.0,6.0,1.0,0.0
42743,1,[6],6.0,6,6,1,1.0,1.0,1.0,0.0
42751,1,[18],18.0,18,18,1,1.0,6.0,1.0,0.0
42767,2,"[10, 12]",11.0,10,12,2,1.0,3.5,1.0,0.0
42773,1,[24],24.0,24,24,1,1.0,2.0,1.0,0.0
42793,1,[12],12.0,12,12,1,1.0,4.0,1.0,0.0
42821,2,"[14, 30]",22.0,14,30,2,1.0,2.0,1.0,0.0
42829,2,"[10, 12]",11.0,10,12,2,1.0,2.5,1.0,0.0
42839,1,[12],12.0,12,12,1,1.0,1.0,1.0,0.0
42841,1,[10],10.0,10,10,1,1.0,3.0,1.0,0.0
42859,1,[30],30.0,30,30,1,1.0,4.0,1.0,0.0
42901,1,[10],10.0,10,10,1,1.0,4.0,1.0,0.0
42929,2,"[6, 10]",8.0,6,10,2,1.0,4.5,1.0,0.0
42937,1,[12],12.0,12,12,1,1.0,2.0,1.0,0.0
42943,1,[4],4.0,4,4,1,1.0,1.0,0.0,0.0
42961,2,"[6, 20]",13.0,6,20,2,1.0,2.5,1.0,0.0
43003,1,[14],14.0,14,14,1,1.0,3.0,1.0,0.0
43013,1,[22],22.0,22,22,1,1.0,6.0,1.0,0.0
43037,1,[6],6.0,6,6,1,1.0,2.0,0.0,0.0
43051,1,[18],18.0,18,18,1,1.0,2.0,1.0,0.0
43063,2,"[4, 10]",7.0,4,10,2,1.0,2.0,0.5,0.0
43067,1,[10],10.0,10,10,1,1.0,9.0,1.0,0.0
43117,2,"[14, 24]",19.0,14,24,2,1.0,4.0,1.0,0.0
43133,1,[20],20.0,20,20,1,1.0,8.0,1.0,0.0
43151,2,"[4, 8]",6.0,4,8,2,1.0,2.0,0.5,0.0
43177,1,[12],12.0,12,12,1,1.0,4.0,1.0,0.0
43201,1,[14],14.0,14,14,1,1.0,3.0,1.0,0.0
43207,1,[10],10.0,10,10,1,1.0,3.0,1.0,0.0
43261,1,[10],10.0,10,10,1,1.0,6.0,1.0,0.0
43271,2,"[12, 60]",36.0,12,60,2,1.0,2.0,0.5,0.0
43313,2,"[6, 32]",19.0,6,32,2,1.0,2.5,1.0,0.0
43321,1,[4],4.0,4,4,1,1.0,1.0,0.0,0.0
43331,3,"[10, 24]",19.3333,10,24,2,1.0,4.0,1.0,0.0
43391,1,[18],18.0,18,18,1,1.0,4.0,1.0,0.0
43397,1,[10],10.0,10,10,1,1.0,1.0,1.0,0.0
43451,1,[18],18.0,18,18,1,1.0,6.0,1.0,0.0
43481,1,[18],18.0,18,18,1,1.0,2.0,1.0,0.0
43487,1,[8],8.0,8,8,1,1.0,2.0,0.0,0.0
43517,1,[12],12.0,12,12,1,1.0,8.0,1.0,0.0
43541,1,[10],10.0,10,10,1,1.0,4.0,1.0,0.0
43577,1,[24],24.0,24,24,1,1.0,4.0,1.0,0.0
43579,1,[6],6.0,6,6,1,1.0,2.0,0.0,0.0
43597,2,"[18, 30]",24.0,18,30,2,1.0,4.5,1.0,0.0
43609,1,[16],16.0,16,16,1,1.0,3.0,1.0,0.0
43781,3,"[10, 12, 18]",13.3333,10,18,3,1.0,4.0,1.0,0.0
43783,2,"[26, 32]",29.0,26,32,2,1.0,11.0,1.0,0.0
43787,2,"[6, 10]",8.0,6,10,2,1.0,2.0,1.0,0.0
43891,1,[14],14.0,14,14,1,1.0,6.0,1.0,0.0
43913,1,[10],10.0,10,10,1,1.0,4.0,1.0,0.0
43943,2,"[6, 10]",8.0,6,10,2,1.0,2.0,0.5,0.0
43963,2,[10],10.0,10,10,1,1.0,2.5,1.0,0.0
43973,1,[46],46.0,46,46,1,1.0,4.0,1.0,0.0
43987,1,[30],30.0,30,30,1,1.0,2.0,1.0,0.0
43997,3,"[28, 36]",30.6667,28,36,2,1.0,6.0,1.0,0.0
44017,1,[12],12.0,12,12,1,1.0,4.0,1.0,0.0
44021,2,"[14, 18]",16.0,14,18,2,1.0,2.5,1.0,0.0
44027,2,"[6, 30]",18.0,6,30,2,1.0,3.0,1.0,0.0
44029,1,[12],12.0,12,12,1,1.0,6.0,1.0,0.0
44041,1,[14],14.0,14,14,1,1.0,5.0,1.0,0.0
44059,2,"[6, 16]",11.0,6,16,2,1.0,3.0,1.0,0.0
44071,1,[18],18.0,18,18,1,1.0,4.0,1.0,0.0
44111,2,[14],14.0,14,14,1,1.0,7.0,1.0,0.0
44119,1,[28],28.0,28,28,1,1.0,2.0,1.0,0.0
44179,1,[12],12.0,12,12,1,1.0,2.0,1.0,0.0
44189,1,[12],12.0,12,12,1,1.0,6.0,1.0,0.0
44201,3,"[4, 8, 20]",10.6667,4,20,3,1.0,2.6667,0.6667,0.0
44207,1,[12],12.0,12,12,1,1.0,4.0,1.0,0.0
44221,1,[12],12.0,12,12,1,1.0,4.0,1.0,0.0
44257,2,"[12, 30]",21.0,12,30,2,1.0,4.0,1.0,0.0
44267,3,"[6, 16, 30]",17.3333,6,30,3,1.0,2.6667,1.0,0.0
44269,1,[12],12.0,12,12,1,1.0,6.0,1.0,0.0
44293,2,"[6, 12]",9.0,6,12,2,1.0,2.0,0.5,0.0
44351,1,[36],36.0,36,36,1,1.0,4.0,1.0,0.0
44357,1,[70],70.0,70,70,1,1.0,4.0,1.0,0.0
44371,2,"[4, 18]",11.0,4,18,2,1.0,3.0,0.5,0.0
44381,1,[18],18.0,18,18,1,1.0,4.0,1.0,0.0
44383,1,[4],4.0,4,4,1,1.0,3.0,0.0,0.0
44389,1,[24],24.0,24,24,1,1.0,2.0,1.0,0.0
44417,1,[10],10.0,10,10,1,1.0,6.0,1.0,0.0
44453,1,[16],16.0,16,16,1,1.0,4.0,1.0,0.0
44507,1,[12],12.0,12,12,1,1.0,2.0,0.0,1.0
44519,1,[24],24.0,24,24,1,1.0,4.0,1.0,0.0
44531,1,[6],6.0,6,6,1,1.0,2.0,1.0,0.0
44537,1,[6],6.0,6,6,1,1.0,3.0,1.0,0.0
44543,1,[24],24.0,24,24,1,1.0,3.0,1.0,0.0
44549,1,[54],54.0,54,54,1,1.0,4.0,1.0,0.0
44563,1,[10],10.0,10,10,1,1.0,4.0,1.0,0.0
44579,1,[24],24.0,24,24,1,1.0,4.0,1.0,0.0
44587,2,"[6, 20]",13.0,6,20,2,1.0,4.0,1.0,0.0
44617,1,[12],12.0,12,12,1,1.0,4.0,1.0,0.0
44623,3,"[4, 18, 22]",14.6667,4,22,3,1.0,4.3333,0.6667,0.0
44641,1,[6],6.0,6,6,1,1.0,2.0,0.0,0.0
44711,1,[44],44.0,44,44,1,1.0,2.0,1.0,0.0
44729,1,[12],12.0,12,12,1,1.0,2.0,1.0,0.0
44753,1,[34],34.0,34,34,1,1.0,4.0,1.0,0.0
44777,1,[18],18.0,18,18,1,1.0,2.0,1.0,0.0
44809,1,[12],12.0,12,12,1,1.0,2.0,1.0,0.0
44843,1,[24],24.0,24,24,1,1.0,6.0,1.0,0.0
44851,1,[6],6.0,6,6,1,1.0,2.0,0.0,0.0
44887,1,[8],8.0,8,8,1,1.0,2.0,1.0,0.0
44909,1,[16],16.0,16,16,1,1.0,1.0,1.0,0.0
44939,1,[12],12.0,12,12,1,1.0,4.0,1.0,0.0
44953,1,[14],14.0,14,14,1,1.0,4.0,1.0,0.0
44959,2,"[12, 18]",15.0,12,18,2,1.0,4.0,1.0,0.0
44971,2,"[4, 38]",21.0,4,38,2,1.0,2.0,0.5,0.0
45013,2,"[10, 18]",14.0,10,18,2,1.0,3.0,1.0,0.0
45053,2,"[18, 22]",20.0,18,22,2,1.0,2.5,1.0,0.0
45119,1,[24],24.0,24,24,1,1.0,5.0,1.0,0.0
45137,1,[38],38.0,38,38,1,1.0,6.0,1.0,0.0
45139,1,[16],16.0,16,16,1,1.0,4.0,1.0,0.0
45161,2,"[14, 36]",25.0,14,36,2,1.0,5.5,1.0,0.0
45191,2,"[8, 10]",9.0,8,10,2,1.0,5.0,1.0,0.0
45197,1,[12],12.0,12,12,1,1.0,6.0,1.0,0.0
45281,1,[8],8.0,8,8,1,1.0,2.0,1.0,0.0
45307,2,"[8, 18]",13.0,8,18,2,1.0,3.5,1.0,0.0
45329,1,[16],16.0,16,16,1,1.0,1.0,1.0,0.0
45337,1,[6],6.0,6,6,1,1.0,2.0,1.0,0.0
45341,2,"[10, 12]",11.0,10,12,2,1.0,4.0,1.0,0.0
45343,2,"[14, 30]",22.0,14,30,2,1.0,2.5,1.0,0.0
45377,2,"[10, 12]",11.0,10,12,2,1.0,5.0,1.0,0.0
45403,3,"[14, 16, 18]",16.0,14,18,3,1.0,3.6667,1.0,0.0
45427,1,[6],6.0,6,6,1,1.0,1.0,1.0,0.0
45433,2,"[10, 12]",11.0,10,12,2,1.0,3.0,1.0,0.0
45439,1,[12],12.0,12,12,1,1.0,2.0,1.0,0.0
45481,1,[10],10.0,10,10,1,1.0,1.0,1.0,0.0
45491,2,"[6, 22]",14.0,6,22,2,1.0,2.0,1.0,0.0
45497,1,[10],10.0,10,10,1,1.0,6.0,1.0,0.0
45533,1,[4],4.0,4,4,1,1.0,3.0,0.0,0.0
45541,2,"[10, 34]",22.0,10,34,2,1.0,1.5,0.5,0.0
45553,1,[18],18.0,18,18,1,1.0,2.0,1.0,0.0
45587,1,[8],8.0,8,8,1,1.0,2.0,1.0,0.0
45599,1,[10],10.0,10,10,1,1.0,1.0,1.0,0.0
45613,1,[10],10.0,10,10,1,1.0,4.0,1.0,0.0
45641,1,[12],12.0,12,12,1,1.0,4.0,1.0,0.0
45659,1,[6],6.0,6,6,1,1.0,2.0,0.0,0.0
45667,2,"[18, 24]",21.0,18,24,2,1.0,5.0,1.0,0.0
45677,1,[30],30.0,30,30,1,1.0,2.0,1.0,0.0
45751,2,"[6, 20]",13.0,6,20,2,1.0,3.0,1.0,0.0
45757,2,"[10, 12]",11.0,10,12,2,1.0,2.5,1.0,0.0
45767,1,[6],6.0,6,6,1,1.0,1.0,0.0,0.0
45779,1,[30],30.0,30,30,1,1.0,3.0,1.0,0.0
45817,1,[30],30.0,30,30,1,1.0,2.0,1.0,0.0
45821,1,[6],6.0,6,6,1,1.0,2.0,1.0,0.0
45823,1,[30],30.0,30,30,1,1.0,3.0,1.0,0.0
45841,1,[12],12.0,12,12,1,1.0,4.0,1.0,0.0
45853,1,[14],14.0,14,14,1,1.0,8.0,1.0,0.0
45863,1,[4],4.0,4,4,1,1.0,1.0,0.0,0.0
45893,1,[16],16.0,16,16,1,1.0,1.0,1.0,0.0
45943,1,[12],12.0,12,12,1,1.0,10.0,1.0,0.0
45949,1,[18],18.0,18,18,1,1.0,4.0,1.0,0.0
45953,2,"[6, 10]",8.0,6,10,2,1.0,3.0,0.5,0.0
45971,1,[20],20.0,20,20,1,1.0,2.0,1.0,0.0
45979,1,[10],10.0,10,10,1,1.0,4.0,1.0,0.0
46049,3,"[12, 16]",13.3333,12,16,2,1.0,2.6667,1.0,0.0
46061,1,[24],24.0,24,24,1,1.0,6.0,1.0,0.0
46073,2,"[30, 32]",31.0,30,32,2,1.0,2.0,1.0,0.0
46099,1,[6],6.0,6,6,1,1.0,3.0,0.0,0.0
46103,2,"[14, 30]",22.0,14,30,2,1.0,3.5,1.0,0.0
46133,1,[4],4.0,4,4,1,1.0,3.0,1.0,0.0
46141,1,[6],6.0,6,6,1,1.0,2.0,1.0,0.0
46147,2,"[10, 24]",17.0,10,24,2,1.0,2.5,1.0,0.0
46171,1,[18],18.0,18,18,1,1.0,8.0,1.0,0.0
46229,1,[48],48.0,48,48,1,1.0,2.0,1.0,0.0
46237,1,[34],34.0,34,34,1,1.0,4.0,1.0,0.0
46271,2,"[8, 12]",10.0,8,12,2,1.0,3.0,1.0,0.0
46273,1,[22],22.0,22,22,1,1.0,6.0,1.0,0.0
46301,1,[12],12.0,12,12,1,1.0,4.0,1.0,0.0
46441,1,[14],14.0,14,14,1,1.0,2.0,1.0,0.0
46489,1,[6],6.0,6,6,1,1.0,2.0,1.0,0.0
46499,1,[12],12.0,12,12,1,1.0,2.0,1.0,0.0
46549,1,[20],20.0,20,20,1,1.0,2.0,1.0,0.0
46559,1,[28],28.0,28,28,1,1.0,4.0,1.0,0.0
46573,2,"[6, 10]",8.0,6,10,2,1.0,3.0,1.0,0.0
46591,2,"[14, 32]",23.0,14,32,2,1.0,4.0,1.0,0.0
46633,2,[18],18.0,18,18,1,1.0,3.5,1.0,0.0
46663,1,[10],10.0,10,10,1,1.0,3.0,1.0,0.0
46679,2,"[12, 36]",24.0,12,36,2,1.0,3.0,1.0,0.0
46703,1,[48],48.0,48,48,1,1.0,6.0,1.0,0.0
46747,1,[12],12.0,12,12,1,1.0,2.0,1.0,0.0
46751,1,[10],10.0,10,10,1,1.0,4.0,1.0,0.0
46771,1,[4],4.0,4,4,1,1.0,1.0,0.0,0.0
46811,2,"[20, 44]",32.0,20,44,2,1.0,3.0,1.0,0.0
46817,1,[18],18.0,18,18,1,1.0,3.0,1.0,0.0
46831,1,[6],6.0,6,6,1,1.0,2.0,1.0,0.0
46861,1,[10],10.0,10,10,1,1.0,1.0,1.0,0.0
46867,3,"[18, 44, 48]",36.6667,18,48,3,1.0,4.6667,1.0,0.0
46877,1,[12],12.0,12,12,1,1.0,2.0,1.0,0.0
46933,1,[14],14.0,14,14,1,1.0,2.0,1.0,0.0
46993,2,[24],24.0,24,24,1,1.0,2.5,1.0,0.0
46997,2,"[12, 14]",13.0,12,14,2,1.0,2.5,1.0,0.0
47017,1,[24],24.0,24,24,1,1.0,6.0,1.0,0.0
47051,1,[4],4.0,4,4,1,1.0,1.0,0.0,0.0
47087,3,"[6, 8, 20]",11.3333,6,20,3,1.0,1.6667,1.0,0.0
47111,1,[12],12.0,12,12,1,1.0,2.0,0.0,0.0
47119,1,[6],6.0,6,6,1,1.0,2.0,1.0,0.0
47129,1,[26],26.0,26,26,1,1.0,2.0,1.0,0.0
47137,4,"[12, 14, 36, 40]",25.5,12,40,4,1.0,3.5,1.0,0.0
47143,1,[18],18.0,18,18,1,1.0,4.0,1.0,0.0
47147,1,[20],20.0,20,20,1,1.0,6.0,1.0,0.0
47189,1,[28],28.0,28,28,1,1.0,4.0,1.0,0.0
47207,1,[8],8.0,8,8,1,1.0,2.0,1.0,0.0
47221,1,[4],4.0,4,4,1,1.0,1.0,0.0,0.0
47251,1,[20],20.0,20,20,1,1.0,6.0,1.0,0.0
47293,1,[6],6.0,6,6,1,1.0,2.0,1.0,0.0
47297,2,"[6, 12]",9.0,6,12,2,1.0,3.0,1.0,0.0
47309,2,"[10, 12]",11.0,10,12,2,1.0,2.5,1.0,0.0
47317,2,"[10, 20]",15.0,10,20,2,1.0,3.5,1.0,0.0
47339,1,[6],6.0,6,6,1,1.0,2.0,1.0,0.0
47351,1,[4],4.0,4,4,1,1.0,2.0,1.0,0.0
47407,1,[12],12.0,12,12,1,1.0,4.0,1.0,0.0
47417,1,[10],10.0,10,10,1,1.0,3.0,1.0,0.0
47431,1,[24],24.0,24,24,1,1.0,8.0,1.0,0.0
47441,1,[30],30.0,30,30,1,1.0,2.0,1.0,0.0
47459,1,[12],12.0,12,12,1,1.0,1.0,1.0,0.0
47491,1,[28],28.0,28,28,1,1.0,2.0,1.0,0.0
47501,1,[6],6.0,6,6,1,1.0,4.0,0.0,0.0
47507,1,[8],8.0,8,8,1,1.0,2.0,1.0,0.0
47513,1,[4],4.0,4,4,1,1.0,3.0,0.0,0.0
47521,1,[6],6.0,6,6,1,1.0,2.0,0.0,0.0
47527,2,"[10, 38]",24.0,10,38,2,1.0,5.0,1.0,0.0
47533,2,"[10, 18]",14.0,10,18,2,1.0,3.0,1.0,0.0
47563,1,[22],22.0,22,22,1,1.0,6.0,1.0,0.0
47569,1,[6],6.0,6,6,1,1.0,3.0,1.0,0.0
47581,1,[22],22.0,22,22,1,1.0,6.0,1.0,0.0
47599,1,[10],10.0,10,10,1,1.0,3.0,0.0,0.0
47629,1,[6],6.0,6,6,1,1.0,2.0,1.0,0.0
47639,1,[6],6.0,6,6,1,1.0,1.0,1.0,0.0
47681,1,[10],10.0,10,10,1,1.0,1.0,1.0,0.0
47701,1,[4],4.0,4,4,1,1.0,2.0,0.0,0.0
47711,4,"[4, 14, 18, 36]",18.0,4,36,4,1.0,3.75,1.0,0.0
47717,1,[12],12.0,12,12,1,1.0,3.0,1.0,0.0
47791,2,"[12, 14]",13.0,12,14,2,1.0,3.0,1.0,0.0
47819,1,[10],10.0,10,10,1,1.0,4.0,1.0,0.0
47837,2,"[8, 10]",9.0,8,10,2,1.0,3.0,1.0,0.0
47857,1,[12],12.0,12,12,1,1.0,8.0,1.0,0.0
47869,1,[22],22.0,22,22,1,1.0,12.0,0.0,1.0
47903,3,"[6, 10, 30]",15.3333,6,30,3,1.0,5.0,1.0,0.0
47911,1,[12],12.0,12,12,1,1.0,6.0,1.0,0.0
47939,4,"[12, 18, 24]",18.0,12,24,3,1.0,2.75,1.0,0.0
47947,2,"[12, 36]",24.0,12,36,2,1.0,3.0,1.0,0.0
47951,2,"[12, 28]",20.0,12,28,2,1.0,4.5,1.0,0.0
47969,1,[6],6.0,6,6,1,1.0,2.0,0.0,0.0
48017,2,"[6, 10]",8.0,6,10,2,1.0,3.0,0.5,0.0
48073,2,"[18, 30]",24.0,18,30,2,1.0,3.0,1.0,0.0
48091,1,[14],14.0,14,14,1,1.0,8.0,1.0,0.0
48187,3,"[8, 20, 36]",21.3333,8,36,3,1.0,3.6667,1.0,0.0
48221,1,[4],4.0,4,4,1,1.0,1.0,0.0,0.0
48239,2,"[12, 24]",18.0,12,24,2,1.0,3.0,1.0,0.0
48247,1,[12],12.0,12,12,1,1.0,2.0,1.0,0.0
48311,1,[6],6.0,6,6,1,1.0,4.0,1.0,0.0
48337,1,[10],10.0,10,10,1,1.0,2.0,1.0,0.0
48341,1,[20],20.0,20,20,1,1.0,2.0,1.0,0.0
48371,2,"[6, 10]",8.0,6,10,2,1.0,3.0,1.0,0.0
48397,3,"[10, 12]",11.3333,10,12,2,1.0,5.0,1.0,0.0
48407,1,[12],12.0,12,12,1,1.0,4.0,1.0,0.0
48413,1,[18],18.0,18,18,1,1.0,2.0,1.0,0.0
48449,1,[20],20.0,20,20,1,1.0,2.0,1.0,0.0
48463,1,[18],18.0,18,18,1,1.0,2.0,1.0,0.0
48473,1,[6],6.0,6,6,1,1.0,2.0,0.0,0.0
48481,2,"[8, 14]",11.0,8,14,2,1.0,4.5,1.0,0.0
48487,1,[6],6.0,6,6,1,1.0,3.0,0.0,0.0
48491,3,"[12, 14, 20]",15.3333,12,20,3,1.0,4.6667,1.0,0.0
48497,1,[10],10.0,10,10,1,1.0,4.0,1.0,0.0
48523,2,"[10, 24]",17.0,10,24,2,1.0,4.5,1.0,0.0
48527,3,"[6, 12]",10.0,6,12,2,1.0,4.0,0.6667,0.0
48533,1,[24],24.0,24,24,1,1.0,2.0,1.0,0.0
48541,2,"[12, 44]",28.0,12,44,2,1.0,6.0,0.5,0.5
48563,1,[18],18.0,18,18,1,1.0,6.0,1.0,0.0
48611,1,[10],10.0,10,10,1,1.0,4.0,1.0,0.0
48649,1,[12],12.0,12,12,1,1.0,4.0,1.0,0.0
48661,1,[4],4.0,4,4,1,1.0,1.0,0.0,0.0
48677,1,[18],18.0,18,18,1,1.0,4.0,1.0,0.0
48731,1,[10],10.0,10,10,1,1.0,4.0,1.0,0.0
48751,1,[34],34.0,34,34,1,1.0,4.0,1.0,0.0
48767,1,[8],8.0,8,8,1,1.0,2.0,0.0,0.0
48781,1,[6],6.0,6,6,1,1.0,2.0,1.0,0.0
48799,2,"[10, 24]",17.0,10,24,2,1.0,3.5,1.0,0.0
48817,2,"[14, 28]",21.0,14,28,2,1.0,7.5,1.0,0.0
48857,1,[6],6.0,6,6,1,1.0,3.0,1.0,0.0
48859,1,[12],12.0,12,12,1,1.0,6.0,1.0,0.0
48869,2,"[6, 24]",15.0,6,24,2,1.0,3.0,1.0,0.0
48871,2,"[12, 18]",15.0,12,18,2,1.0,3.0,1.0,0.0
48889,1,[6],6.0,6,6,1,1.0,2.0,0.0,0.0
48907,1,[20],20.0,20,20,1,1.0,2.0,1.0,0.0
48947,1,[8],8.0,8,8,1,1.0,3.0,0.0,0.0
48973,1,[12],12.0,12,12,1,1.0,2.0,1.0,0.0
48989,1,[22],22.0,22,22,1,1.0,6.0,1.0,0.0
49031,1,[6],6.0,6,6,1,1.0,4.0,0.0,0.0
49043,1,[36],36.0,36,36,1,1.0,2.0,1.0,0.0
49057,2,[12],12.0,12,12,1,1.0,3.5,1.0,0.0
49081,3,"[6, 10, 20]",12.0,6,20,3,1.0,2.6667,0.6667,0.0
49103,1,[6],6.0,6,6,1,1.0,1.0,1.0,0.0
49121,3,"[14, 18]",16.6667,14,18,2,1.0,2.6667,1.0,0.0
49123,1,[6],6.0,6,6,1,1.0,2.0,1.0,0.0
49157,1,[16],16.0,16,16,1,1.0,4.0,1.0,0.0
49169,1,[18],18.0,18,18,1,1.0,4.0,1.0,0.0
49193,1,[30],30.0,30,30,1,1.0,6.0,1.0,0.0
49199,1,[12],12.0,12,12,1,1.0,2.0,1.0,0.0
49201,1,[6],6.0,6,6,1,1.0,3.0,1.0,0.0
49211,1,[14],14.0,14,14,1,1.0,8.0,1.0,0.0
49223,1,[18],18.0,18,18,1,1.0,4.0,1.0,0.0
49253,2,"[6, 12]",9.0,6,12,2,1.0,5.0,0.5,0.0
49261,2,"[18, 20]",19.0,18,20,2,1.0,6.0,1.0,0.0
49297,1,[12],12.0,12,12,1,1.0,2.0,1.0,0.0
49307,2,"[14, 28]",21.0,14,28,2,1.0,7.0,1.0,0.0
49339,1,[18],18.0,18,18,1,1.0,10.0,1.0,0.0
49369,1,[16],16.0,16,16,1,1.0,6.0,1.0,0.0
49391,1,[10],10.0,10,10,1,1.0,9.0,1.0,0.0
49451,1,[14],14.0,14,14,1,1.0,6.0,1.0,0.0
49463,1,[18],18.0,18,18,1,1.0,2.0,1.0,0.0
49477,1,[14],14.0,14,14,1,1.0,2.0,1.0,0.0
49499,1,[12],12.0,12,12,1,1.0,2.0,1.0,0.0
49529,1,[18],18.0,18,18,1,1.0,6.0,1.0,0.0
49531,1,[10],10.0,10,10,1,1.0,1.0,0.0,0.0
49549,2,"[22, 24]",23.0,22,24,2,1.0,5.0,1.0,0.0
49613,3,"[6, 12, 16]",11.3333,6,16,3,1.0,4.6667,0.6667,0.0
49627,1,[6],6.0,6,6,1,1.0,3.0,0.0,0.0
49639,1,[16],16.0,16,16,1,1.0,4.0,1.0,0.0
49667,1,[10],10.0,10,10,1,1.0,3.0,1.0,0.0
49669,1,[6],6.0,6,6,1,1.0,2.0,0.0,0.0
49697,2,"[10, 24]",17.0,10,24,2,1.0,1.5,1.0,0.0
49711,1,[10],10.0,10,10,1,1.0,3.0,1.0,0.0
49727,1,[16],16.0,16,16,1,1.0,6.0,1.0,0.0
49739,3,"[6, 12, 18]",12.0,6,18,3,1.0,1.6667,1.0,0.0
49783,1,[10],10.0,10,10,1,1.0,4.0,1.0,0.0
49789,1,[10],10.0,10,10,1,1.0,2.0,1.0,0.0
49807,1,[12],12.0,12,12,1,1.0,2.0,1.0,0.0
49843,3,"[10, 18, 20]",16.0,10,20,3,1.0,5.0,1.0,0.0
49853,1,[10],10.0,10,10,1,1.0,2.0,1.0,0.0
49871,1,[12],12.0,12,12,1,1.0,4.0,1.0,0.0
49921,1,[4],4.0,4,4,1,1.0,2.0,0.0,0.0
49927,2,"[10, 12]",11.0,10,12,2,1.0,1.5,1.0,0.0
49937,1,[18],18.0,18,18,1,1.0,3.0,1.0,0.0
49939,2,"[10, 22]",16.0,10,22,2,1.0,3.0,1.0,0.0
49943,1,[6],6.0,6,6,1,1.0,1.0,0.0,0.0
49999,2,"[10, 38]",24.0,10,38,2,1.0,2.0,1.0,0.0
50021,1,[10],10.0,10,10,1,1.0,2.0,1.0,0.0
50051,1,[12],12.0,12,12,1,1.0,2.0,1.0,0.0
50053,1,[26],26.0,26,26,1,1.0,4.0,1.0,0.0
50069,3,"[16, 28, 40]",28.0,16,40,3,1.0,4.0,1.0,0.0
50077,3,"[8, 24, 34]",22.0,8,34,3,1.0,5.0,0.6667,0.0
50093,2,[22],22.0,22,22,1,1.0,2.0,1.0,0.0
50119,2,"[18, 24]",21.0,18,24,2,1.0,5.0,1.0,0.0
50123,1,[4],4.0,4,4,1,1.0,3.0,0.0,0.0
50147,2,"[6, 30]",18.0,6,30,2,1.0,5.5,0.5,0.0
50153,1,[10],10.0,10,10,1,1.0,4.0,1.0,0.0
50207,1,[38],38.0,38,38,1,1.0,2.0,1.0,0.0
50227,1,[44],44.0,44,44,1,1.0,4.0,1.0,0.0
50231,1,[14],14.0,14,14,1,1.0,2.0,1.0,0.0
50261,1,[14],14.0,14,14,1,1.0,2.0,1.0,0.0
50273,1,[14],14.0,14,14,1,1.0,12.0,1.0,0.0
50287,1,[14],14.0,14,14,1,1.0,6.0,1.0,0.0
50311,1,[6],6.0,6,6,1,1.0,1.0,0.0,0.0
50333,1,[14],14.0,14,14,1,1.0,2.0,1.0,0.0
50341,1,[34],34.0,34,34,1,1.0,4.0,1.0,0.0
50363,1,[24],24.0,24,24,1,1.0,2.0,1.0,0.0
50383,1,[4],4.0,4,4,1,1.0,1.0,1.0,0.0
50387,1,[6],6.0,6,6,1,1.0,1.0,0.0,0.0
50411,3,"[4, 6, 20]",10.0,4,20,3,1.0,2.6667,1.0,0.0
50423,3,"[10, 18, 34]",20.6667,10,34,3,1.0,7.6667,0.6667,0.3333
50459,1,[10],10.0,10,10,1,1.0,2.0,1.0,0.0
50461,1,[18],18.0,18,18,1,1.0,8.0,1.0,0.0
50497,2,"[8, 24]",16.0,8,24,2,1.0,2.0,0.5,0.0
50513,1,[10],10.0,10,10,1,1.0,1.0,0.0,0.0
50539,1,[12],12.0,12,12,1,1.0,2.0,1.0,0.0
50551,2,"[6, 12]",9.0,6,12,2,1.0,4.0,1.0,0.0
50587,1,[6],6.0,6,6,1,1.0,4.0,1.0,0.0
50591,1,[18],18.0,18,18,1,1.0,3.0,1.0,0.0
50593,1,[4],4.0,4,4,1,1.0,1.0,0.0,0.0
50627,1,[28],28.0,28,28,1,1.0,4.0,1.0,0.0
50671,1,[6],6.0,6,6,1,1.0,5.0,1.0,0.0
50683,1,[14],14.0,14,14,1,1.0,6.0,1.0,0.0
50707,1,[12],12.0,12,12,1,1.0,8.0,1.0,0.0
50741,2,"[8, 14]",11.0,8,14,2,1.0,6.0,1.0,0.0
50753,1,[52],52.0,52,52,1,1.0,3.0,1.0,0.0
50777,1,[10],10.0,10,10,1,1.0,6.0,1.0,0.0
50839,1,[18],18.0,18,18,1,1.0,6.0,1.0,0.0
50849,1,[10],10.0,10,10,1,1.0,6.0,1.0,0.0
50867,2,"[12, 34]",23.0,12,34,2,1.0,4.0,1.0,0.0
50873,1,[10],10.0,10,10,1,1.0,1.0,0.0,0.0
50891,1,[50],50.0,50,50,1,1.0,2.0,1.0,0.0
50969,1,[12],12.0,12,12,1,1.0,4.0,1.0,0.0
50971,1,[30],30.0,30,30,1,1.0,6.0,1.0,0.0
50993,2,"[6, 10]",8.0,6,10,2,1.0,3.0,1.0,0.0
51031,1,[20],20.0,20,20,1,1.0,6.0,1.0,0.0
51043,1,[4],4.0,4,4,1,1.0,1.0,0.0,0.0
51047,1,[20],20.0,20,20,1,1.0,6.0,1.0,0.0
51131,2,"[12, 18]",15.0,12,18,2,1.0,3.0,1.0,0.0
51193,2,"[12, 30]",21.0,12,30,2,1.0,3.5,1.0,0.0
51197,1,[20],20.0,20,20,1,1.0,6.0,1.0,0.0
51199,1,[30],30.0,30,30,1,1.0,2.0,1.0,0.0
51203,1,[40],40.0,40,40,1,1.0,2.0,1.0,0.0
51343,1,[14],14.0,14,14,1,1.0,2.0,1.0,0.0
51361,1,[14],14.0,14,14,1,1.0,2.0,1.0,0.0
51383,1,[4],4.0,4,4,1,1.0,3.0,0.0,0.0
51407,1,[6],6.0,6,6,1,1.0,3.0,0.0,0.0
51413,1,[4],4.0,4,4,1,1.0,1.0,0.0,0.0
51419,1,[10],10.0,10,10,1,1.0,4.0,1.0,0.0
51421,1,[18],18.0,18,18,1,1.0,3.0,1.0,0.0
51431,1,[10],10.0,10,10,1,1.0,3.0,1.0,0.0
51437,1,[12],12.0,12,12,1,1.0,2.0,1.0,0.0
51449,1,[12],12.0,12,12,1,1.0,2.0,1.0,0.0
51473,1,[20],20.0,20,20,1,1.0,2.0,1.0,0.0
51479,1,[6],6.0,6,6,1,1.0,4.0,1.0,0.0
51487,1,[12],12.0,12,12,1,1.0,2.0,1.0,0.0
51503,1,[18],18.0,18,18,1,1.0,8.0,0.0,1.0
51511,1,[14],14.0,14,14,1,1.0,2.0,1.0,0.0
51539,1,[12],12.0,12,12,1,1.0,2.0,1.0,0.0
51551,1,[14],14.0,14,14,1,1.0,6.0,1.0,0.0
51577,1,[18],18.0,18,18,1,1.0,2.0,1.0,0.0
51593,1,[10],10.0,10,10,1,1.0,4.0,1.0,0.0
51659,1,[10],10.0,10,10,1,1.0,2.0,1.0,0.0
51679,1,[12],12.0,12,12,1,1.0,2.0,1.0,0.0
51721,1,[4],4.0,4,4,1,1.0,2.0,0.0,0.0
51749,3,"[12, 20, 22]",18.0,12,22,3,1.0,6.0,1.0,0.0
51767,1,[12],12.0,12,12,1,1.0,2.0,1.0,0.0
51769,1,[10],10.0,10,10,1,1.0,1.0,1.0,0.0
51803,1,[36],36.0,36,36,1,1.0,2.0,1.0,0.0
51829,1,[6],6.0,6,6,1,1.0,2.0,1.0,0.0
51853,2,"[6, 10]",8.0,6,10,2,1.0,3.0,1.0,0.0
51869,1,[38],38.0,38,38,1,1.0,2.0,1.0,0.0
51899,1,[10],10.0,10,10,1,1.0,4.0,1.0,0.0
51907,2,"[10, 26]",18.0,10,26,2,1.0,2.5,1.0,0.0
51913,1,[22],22.0,22,22,1,1.0,2.0,1.0,0.0
51973,2,"[18, 30]",24.0,18,30,2,1.0,5.5,1.0,0.0
52057,2,[12],12.0,12,12,1,1.0,5.0,1.0,0.0
52069,1,[10],10.0,10,10,1,1.0,6.0,1.0,0.0
52081,1,[18],18.0,18,18,1,1.0,2.0,1.0,0.0
52103,2,"[10, 12]",11.0,10,12,2,1.0,3.0,1.0,0.0
52153,1,[18],18.0,18,18,1,1.0,2.0,1.0,0.0
52177,2,"[6, 12]",9.0,6,12,2,1.0,6.5,1.0,0.0
52223,1,[54],54.0,54,54,1,1.0,4.0,1.0,0.0
52237,1,[8],8.0,8,8,1,1.0,2.0,1.0,0.0
52289,1,[12],12.0,12,12,1,1.0,2.0,1.0,0.0
52321,2,"[4, 8]",6.0,4,8,2,1.0,2.0,0.5,0.0
52363,1,[16],16.0,16,16,1,1.0,4.0,1.0,0.0
52369,1,[24],24.0,24,24,1,1.0,2.0,1.0,0.0
52391,2,"[4, 8]",6.0,4,8,2,1.0,3.5,0.5,0.0
52433,1,[4],4.0,4,4,1,1.0,3.0,1.0,0.0
52489,1,[10],10.0,10,10,1,1.0,3.0,1.0,0.0
52501,2,"[12, 20]",16.0,12,20,2,1.0,4.5,1.0,0.0
52517,2,"[10, 12]",11.0,10,12,2,1.0,1.5,1.0,0.0
52529,1,[6],6.0,6,6,1,1.0,2.0,0.0,0.0
52543,1,[10],10.0,10,10,1,1.0,4.0,1.0,0.0
52553,2,"[10, 16]",13.0,10,16,2,1.0,5.0,1.0,0.0
52567,1,[30],30.0,30,30,1,1.0,2.0,1.0,0.0
52583,1,[22],22.0,22,22,1,1.0,3.0,1.0,0.0
52609,1,[30],30.0,30,30,1,1.0,4.0,1.0,0.0
52627,1,[8],8.0,8,8,1,1.0,2.0,1.0,0.0
52631,1,[4],4.0,4,4,1,1.0,1.0,0.0,0.0
52667,1,[8],8.0,8,8,1,1.0,2.0,1.0,0.0
52691,1,[22],22.0,22,22,1,1.0,4.0,1.0,0.0
52711,3,"[6, 18, 28]",17.3333,6,28,3,1.0,3.3333,1.0,0.0
52721,1,[6],6.0,6,6,1,1.0,2.0,1.0,0.0
52747,1,[14],14.0,14,14,1,1.0,2.0,1.0,0.0
52783,1,[22],22.0,22,22,1,1.0,3.0,1.0,0.0
52807,2,"[10, 12]",11.0,10,12,2,1.0,2.5,1.0,0.0
52837,1,[8],8.0,8,8,1,1.0,2.0,1.0,0.0
52861,2,[14],14.0,14,14,1,1.0,3.5,1.0,0.0
52879,1,[10],10.0,10,10,1,1.0,2.0,1.0,0.0
52889,1,[32],32.0,32,32,1,1.0,2.0,1.0,0.0
52901,2,"[18, 24]",21.0,18,24,2,1.0,5.0,1.0,0.0
52951,3,"[6, 14, 28]",16.0,6,28,3,1.0,3.0,1.0,0.0
52963,1,[18],18.0,18,18,1,1.0,4.0,1.0,0.0
52973,1,[4],4.0,4,4,1,1.0,3.0,0.0,0.0
52981,1,[30],30.0,30,30,1,1.0,2.0,1.0,0.0
52999,1,[42],42.0,42,42,1,1.0,2.0,1.0,0.0
53003,1,[4],4.0,4,4,1,1.0,1.0,0.0,0.0
53047,2,"[6, 12]",9.0,6,12,2,1.0,4.0,1.0,0.0
53051,1,[4],4.0,4,4,1,1.0,1.0,1.0,0.0
53087,1,[12],12.0,12,12,1,1.0,8.0,1.0,0.0
53089,2,"[10, 12]",11.0,10,12,2,1.0,6.0,1.0,0.0
53093,1,[10],10.0,10,10,1,1.0,4.0,1.0,0.0
53101,1,[8],8.0,8,8,1,1.0,3.0,1.0,0.0
53113,1,[18],18.0,18,18,1,1.0,2.0,1.0,0.0
53161,1,[8],8.0,8,8,1,1.0,2.0,1.0,0.0
53171,1,[30],30.0,30,30,1,1.0,2.0,1.0,0.0
53197,1,[14],14.0,14,14,1,1.0,6.0,1.0,0.0
53231,2,"[4, 14]",9.0,4,14,2,1.0,2.0,1.0,0.0
53269,2,"[10, 20]",15.0,10,20,2,1.0,2.0,1.0,0.0
53281,2,"[6, 28]",17.0,6,28,2,1.0,4.5,0.5,0.0
53299,2,"[30, 40]",35.0,30,40,2,1.0,5.5,1.0,0.0
53309,1,[16],16.0,16,16,1,1.0,4.0,1.0,0.0
53327,2,"[6, 14]",10.0,6,14,2,1.0,1.5,1.0,0.0
53359,1,[12],12.0,12,12,1,1.0,5.0,1.0,0.0
53377,1,[6],6.0,6,6,1,1.0,3.0,1.0,0.0
53401,2,"[14, 18]",16.0,14,18,2,1.0,2.0,1.0,0.0
53411,1,[10],10.0,10,10,1,1.0,6.0,1.0,0.0
53419,1,[16],16.0,16,16,1,1.0,6.0,1.0,0.0
53441,1,[10],10.0,10,10,1,1.0,3.0,1.0,0.0
53453,2,"[6, 14]",10.0,6,14,2,1.0,6.5,0.5,0.0
53503,1,[22],22.0,22,22,1,1.0,4.0,1.0,0.0
53527,1,[12],12.0,12,12,1,1.0,4.0,1.0,0.0
53549,1,[18],18.0,18,18,1,1.0,6.0,1.0,0.0
53569,1,[16],16.0,16,16,1,1.0,3.0,1.0,0.0
53591,1,[8],8.0,8,8,1,1.0,2.0,0.0,0.0
53611,1,[6],6.0,6,6,1,1.0,4.0,0.0,0.0
53617,1,[6],6.0,6,6,1,1.0,3.0,1.0,0.0
53633,3,"[4, 24, 34]",20.6667,4,34,3,1.0,3.0,0.6667,0.0
53657,1,[6],6.0,6,6,1,1.0,2.0,1.0,0.0
53681,1,[18],18.0,18,18,1,1.0,2.0,1.0,0.0
53699,1,[6],6.0,6,6,1,1.0,2.0,1.0,0.0
53717,2,"[8, 14]",11.0,8,14,2,1.0,4.0,1.0,0.0
53719,1,[10],10.0,10,10,1,1.0,4.0,1.0,0.0
53773,1,[22],22.0,22,22,1,1.0,1.0,1.0,0.0
53777,1,[12],12.0,12,12,1,1.0,2.0,1.0,0.0
53783,2,"[6, 14]",10.0,6,14,2,1.0,3.0,0.5,0.0
53813,3,"[18, 22, 32]",24.0,18,32,3,1.0,3.6667,1.0,0.0
53831,2,"[14, 36]",25.0,14,36,2,1.0,5.0,1.0,0.0
53849,2,"[6, 36]",21.0,6,36,2,1.0,3.0,0.5,0.0
53861,2,"[8, 18]",13.0,8,18,2,1.0,5.5,1.0,0.0
53881,1,[18],18.0,18,18,1,1.0,3.0,1.0,0.0
53917,1,[10],10.0,10,10,1,1.0,4.0,1.0,0.0
53927,1,[12],12.0,12,12,1,1.0,4.0,1.0,0.0
54001,2,"[4, 14]",9.0,4,14,2,1.0,6.0,0.5,0.0
54011,1,[12],12.0,12,12,1,1.0,2.0,1.0,0.0
54013,1,[20],20.0,20,20,1,1.0,2.0,1.0,0.0
54049,2,"[12, 18]",15.0,12,18,2,1.0,7.0,1.0,0.0
54083,1,[10],10.0,10,10,1,1.0,6.0,1.0,0.0
54121,2,"[22, 44]",33.0,22,44,2,1.0,5.0,1.0,0.0
54133,1,[20],20.0,20,20,1,1.0,2.0,1.0,0.0
54139,1,[12],12.0,12,12,1,1.0,3.0,1.0,0.0
54151,1,[20],20.0,20,20,1,1.0,5.0,1.0,0.0
54163,1,[66],66.0,66,66,1,1.0,10.0,1.0,0.0
54193,1,[18],18.0,18,18,1,1.0,2.0,1.0,0.0
54217,1,[12],12.0,12,12,1,1.0,6.0,1.0,0.0
54269,1,[6],6.0,6,6,1,1.0,2.0,0.0,0.0
54277,2,"[8, 10]",9.0,8,10,2,1.0,3.0,1.0,0.0
54319,1,[16],16.0,16,16,1,1.0,4.0,1.0,0.0
54331,1,[34],34.0,34,34,1,1.0,4.0,1.0,0.0
54367,1,[8],8.0,8,8,1,1.0,2.0,1.0,0.0
54371,2,"[6, 12]",9.0,6,12,2,1.0,3.5,0.5,0.0
54401,2,"[20, 22]",21.0,20,22,2,1.0,3.0,1.0,0.0
54413,1,[10],10.0,10,10,1,1.0,4.0,1.0,0.0
54421,1,[14],14.0,14,14,1,1.0,2.0,1.0,0.0
54437,1,[6],6.0,6,6,1,1.0,2.0,1.0,0.0
54443,1,[16],16.0,16,16,1,1.0,4.0,1.0,0.0
54469,1,[18],18.0,18,18,1,1.0,4.0,1.0,0.0
54493,1,[4],4.0,4,4,1,1.0,3.0,0.0,0.0
54497,2,"[12, 26]",19.0,12,26,2,1.0,3.0,1.0,0.0
54503,1,[18],18.0,18,18,1,1.0,2.0,1.0,0.0
54517,1,[18],18.0,18,18,1,1.0,2.0,1.0,0.0
54541,1,[22],22.0,22,22,1,1.0,4.0,1.0,0.0
54547,1,[12],12.0,12,12,1,1.0,1.0,1.0,0.0
54581,1,[6],6.0,6,6,1,1.0,2.0,1.0,0.0
54601,1,[8],8.0,8,8,1,1.0,2.0,1.0,0.0
54617,2,"[6, 10]",8.0,6,10,2,1.0,2.5,0.5,0.0
54631,1,[8],8.0,8,8,1,1.0,2.0,1.0,0.0
54647,1,[14],14.0,14,14,1,1.0,2.0,1.0,0.0
54667,1,[6],6.0,6,6,1,1.0,1.0,1.0,0.0
54673,2,"[10, 18]",14.0,10,18,2,1.0,5.0,1.0,0.0
54679,1,[24],24.0,24,24,1,1.0,6.0,1.0,0.0
54721,2,"[10, 12]",11.0,10,12,2,1.0,4.0,1.0,0.0
54727,1,[10],10.0,10,10,1,1.0,4.0,1.0,0.0
54751,2,"[18, 40]",29.0,18,40,2,1.0,2.0,1.0,0.0
54767,2,"[6, 20]",13.0,6,20,2,1.0,3.5,0.5,0.0
54773,1,[22],22.0,22,22,1,1.0,6.0,1.0,0.0
54779,1,[16],16.0,16,16,1,1.0,6.0,1.0,0.0
54787,1,[26],26.0,26,26,1,1.0,2.0,1.0,0.0
54799,2,"[10, 12]",11.0,10,12,2,1.0,3.0,1.0,0.0
54833,2,"[6, 18]",12.0,6,18,2,1.0,2.5,1.0,0.0
54881,2,"[10, 18]",14.0,10,18,2,1.0,4.0,1.0,0.0
54907,1,[12],12.0,12,12,1,1.0,5.0,1.0,0.0
54941,1,[12],12.0,12,12,1,1.0,4.0,1.0,0.0
54959,1,[20],20.0,20,20,1,1.0,6.0,1.0,0.0
54983,1,[26],26.0,26,26,1,1.0,5.0,1.0,0.0
55009,2,"[24, 42]",33.0,24,42,2,1.0,2.5,1.0,0.0
55021,1,[12],12.0,12,12,1,1.0,3.0,1.0,0.0
55049,1,[12],12.0,12,12,1,1.0,6.0,1.0,0.0
55073,2,"[14, 22]",18.0,14,22,2,1.0,4.0,1.0,0.0
55103,1,[4],4.0,4,4,1,1.0,1.0,1.0,0.0
55117,1,[10],10.0,10,10,1,1.0,3.0,1.0,0.0
55147,1,[8],8.0,8,8,1,1.0,5.0,1.0,0.0
55163,1,[18],18.0,18,18,1,1.0,6.0,1.0,0.0
55201,1,[6],6.0,6,6,1,1.0,3.0,0.0,0.0
55213,1,[14],14.0,14,14,1,1.0,4.0,1.0,0.0
55249,1,[6],6.0,6,6,1,1.0,2.0,1.0,0.0
55291,2,"[6, 14]",10.0,6,14,2,1.0,2.0,0.5,0.0
55313,1,[22],22.0,22,22,1,1.0,1.0,1.0,0.0
55331,1,[12],12.0,12,12,1,1.0,2.0,1.0,0.0
55339,1,[30],30.0,30,30,1,1.0,3.0,1.0,0.0
55343,2,"[16, 24]",20.0,16,24,2,1.0,3.5,1.0,0.0
55351,1,[12],12.0,12,12,1,1.0,2.0,1.0,0.0
55373,1,[18],18.0,18,18,1,1.0,6.0,1.0,0.0
55381,1,[4],4.0,4,4,1,1.0,2.0,0.0,0.0
55487,1,[20],20.0,20,20,1,1.0,2.0,1.0,0.0
55541,2,"[4, 14]",9.0,4,14,2,1.0,2.5,0.5,0.0
55547,1,[6],6.0,6,6,1,1.0,2.0,1.0,0.0
55589,1,[16],16.0,16,16,1,1.0,4.0,1.0,0.0
55603,1,[16],16.0,16,16,1,1.0,4.0,1.0,0.0
55619,1,[16],16.0,16,16,1,1.0,6.0,1.0,0.0
55621,1,[4],4.0,4,4,1,1.0,2.0,0.0,0.0
55633,1,[10],10.0,10,10,1,1.0,4.0,1.0,0.0
55661,1,[6],6.0,6,6,1,1.0,2.0,1.0,0.0
55667,1,[8],8.0,8,8,1,1.0,6.0,1.0,0.0
55681,1,[4],4.0,4,4,1,1.0,2.0,0.0,0.0
55691,1,[4],4.0,4,4,1,1.0,1.0,0.0,0.0
55697,2,"[6, 8]",7.0,6,8,2,1.0,2.0,0.5,0.0
55711,1,[10],10.0,10,10,1,1.0,9.0,1.0,0.0
55717,1,[24],24.0,24,24,1,1.0,3.0,1.0,0.0
55721,2,"[6, 14]",10.0,6,14,2,1.0,1.5,0.5,0.0
55733,1,[30],30.0,30,30,1,1.0,2.0,1.0,0.0
55763,1,[22],22.0,22,22,1,1.0,4.0,1.0,0.0
55787,1,[6],6.0,6,6,1,1.0,2.0,1.0,0.0
55793,1,[14],14.0,14,14,1,1.0,2.0,1.0,0.0
55799,1,[6],6.0,6,6,1,1.0,1.0,1.0,0.0
55807,1,[8],8.0,8,8,1,1.0,5.0,1.0,0.0
55817,1,[6],6.0,6,6,1,1.0,4.0,0.0,0.0
55823,1,[6],6.0,6,6,1,1.0,1.0,0.0,0.0
55837,1,[6],6.0,6,6,1,1.0,4.0,1.0,0.0
55871,1,[22],22.0,22,22,1,1.0,1.0,1.0,0.0
55901,1,[18],18.0,18,18,1,1.0,6.0,1.0,0.0
55903,1,[10],10.0,10,10,1,1.0,4.0,1.0,0.0
55921,1,[14],14.0,14,14,1,1.0,3.0,1.0,0.0
55931,2,"[8, 18]",13.0,8,18,2,1.0,2.0,1.0,0.0
55949,1,[18],18.0,18,18,1,1.0,2.0,1.0,0.0
55987,1,[26],26.0,26,26,1,1.0,2.0,1.0,0.0
55997,1,[6],6.0,6,6,1,1.0,2.0,0.0,0.0
56039,1,[12],12.0,12,12,1,1.0,6.0,1.0,0.0
56041,1,[10],10.0,10,10,1,1.0,2.0,1.0,0.0
56081,2,"[6, 10]",8.0,6,10,2,1.0,1.5,1.0,0.0
56087,2,"[6, 8]",7.0,6,8,2,1.0,1.5,0.5,0.0
56113,3,"[16, 18]",17.3333,16,18,2,1.0,6.0,1.0,0.0
56123,1,[12],12.0,12,12,1,1.0,4.0,1.0,0.0
56131,1,[18],18.0,18,18,1,1.0,4.0,1.0,0.0
56167,1,[10],10.0,10,10,1,1.0,9.0,1.0,0.0
56209,1,[36],36.0,36,36,1,1.0,6.0,1.0,0.0
56239,1,[30],30.0,30,30,1,1.0,2.0,1.0,0.0
56249,1,[18],18.0,18,18,1,1.0,2.0,1.0,0.0
56263,3,"[6, 12, 30]",16.0,6,30,3,1.0,6.0,1.0,0.0
56269,2,[18],18.0,18,18,1,1.0,3.5,1.0,0.0
56333,2,"[4, 10]",7.0,4,10,2,1.0,3.5,1.0,0.0
56369,2,"[18, 22]",20.0,18,22,2,1.0,4.0,1.0,0.0
56383,1,[18],18.0,18,18,1,1.0,6.0,1.0,0.0
56417,2,"[6, 12]",9.0,6,12,2,1.0,4.5,0.5,0.0
56431,1,[6],6.0,6,6,1,1.0,1.0,1.0,0.0
56443,1,[18],18.0,18,18,1,1.0,2.0,1.0,0.0
56453,2,"[26, 30]",28.0,26,30,2,1.0,2.5,1.0,0.0
56467,2,"[10, 54]",32.0,10,54,2,1.0,5.0,1.0,0.0
56477,1,[12],12.0,12,12,1,1.0,2.0,1.0,0.0
56503,1,[22],22.0,22,22,1,1.0,6.0,1.0,0.0
56531,1,[10],10.0,10,10,1,1.0,4.0,0.0,0.0
56533,3,"[6, 18, 36]",20.0,6,36,3,1.0,3.3333,1.0,0.0
56543,1,[10],10.0,10,10,1,1.0,4.0,0.0,0.0
56597,1,[20],20.0,20,20,1,1.0,2.0,1.0,0.0
56599,1,[6],6.0,6,6,1,1.0,2.0,1.0,0.0
56611,1,[22],22.0,22,22,1,1.0,8.0,1.0,0.0
56629,1,[18],18.0,18,18,1,1.0,2.0,1.0,0.0
56671,1,[8],8.0,8,8,1,1.0,2.0,0.0,0.0
56701,1,[12],12.0,12,12,1,1.0,3.0,1.0,0.0
56713,1,[18],18.0,18,18,1,1.0,3.0,1.0,0.0
56767,1,[6],6.0,6,6,1,1.0,1.0,1.0,0.0
56807,2,"[24, 26]",25.0,24,26,2,1.0,2.0,1.0,0.0
56809,1,[6],6.0,6,6,1,1.0,3.0,0.0,0.0
56821,3,"[6, 10, 12]",9.3333,6,12,3,1.0,3.0,1.0,0.0
56827,1,[28],28.0,28,28,1,1.0,4.0,1.0,0.0
56857,1,[12],12.0,12,12,1,1.0,6.0,1.0,0.0
56891,1,[12],12.0,12,12,1,1.0,2.0,1.0,0.0
56911,1,[8],8.0,8,8,1,1.0,2.0,1.0,0.0
56923,2,"[4, 18]",11.0,4,18,2,1.0,3.0,0.5,0.0
56929,1,[6],6.0,6,6,1,1.0,2.0,1.0,0.0
56951,2,"[6, 12]",9.0,6,12,2,1.0,4.5,0.5,0.0
56983,1,[4],4.0,4,4,1,1.0,1.0,0.0,0.0
56989,1,[12],12.0,12,12,1,1.0,2.0,1.0,0.0
57089,1,[6],6.0,6,6,1,1.0,1.0,0.0,0.0
57107,2,"[12, 14]",13.0,12,14,2,1.0,2.0,0.5,0.5
57131,1,[6],6.0,6,6,1,1.0,1.0,0.0,0.0
57143,1,[10],10.0,10,10,1,1.0,4.0,1.0,0.0
57163,1,[12],12.0,12,12,1,1.0,2.0,1.0,0.0
57173,1,[10],10.0,10,10,1,1.0,4.0,1.0,0.0
57223,1,[18],18.0,18,18,1,1.0,4.0,1.0,0.0
57251,1,[4],4.0,4,4,1,1.0,1.0,0.0,0.0
57259,1,[12],12.0,12,12,1,1.0,1.0,0.0,0.0
57283,2,"[6, 16]",11.0,6,16,2,1.0,2.5,1.0,0.0
57287,3,"[8, 14, 28]",16.6667,8,28,3,1.0,8.0,0.6667,0.0
57331,3,"[8, 12, 18]",12.6667,8,18,3,1.0,3.3333,0.6667,0.0
57383,1,[4],4.0,4,4,1,1.0,1.0,1.0,0.0
57397,1,[30],30.0,30,30,1,1.0,6.0,1.0,0.0
57413,1,[20],20.0,20,20,1,1.0,2.0,1.0,0.0
57457,1,[6],6.0,6,6,1,1.0,2.0,1.0,0.0
57467,2,"[6, 10]",8.0,6,10,2,1.0,4.0,0.5,0.0
57527,1,[8],8.0,8,8,1,1.0,2.0,1.0,0.0
57571,1,[4],4.0,4,4,1,1.0,2.0,0.0,0.0
57641,1,[12],12.0,12,12,1,1.0,6.0,1.0,0.0
57649,1,[26],26.0,26,26,1,1.0,6.0,1.0,0.0
57679,3,"[10, 20, 22]",17.3333,10,22,3,1.0,3.6667,1.0,0.0
57697,1,[14],14.0,14,14,1,1.0,6.0,1.0,0.0
57713,1,[6],6.0,6,6,1,1.0,2.0,0.0,0.0
57847,1,[6],6.0,6,6,1,1.0,1.0,1.0,0.0
57859,1,[24],24.0,24,24,1,1.0,2.0,1.0,0.0
57881,3,"[4, 8, 14]",8.6667,4,14,3,1.0,4.0,0.6667,0.0
57899,1,[16],16.0,16,16,1,1.0,1.0,1.0,0.0
57917,1,[14],14.0,14,14,1,1.0,6.0,1.0,0.0
57923,1,[4],4.0,4,4,1,1.0,3.0,0.0,0.0
57943,2,"[6, 16]",11.0,6,16,2,1.0,2.5,1.0,0.0
57947,1,[10],10.0,10,10,1,1.0,3.0,1.0,0.0
57973,1,[10],10.0,10,10,1,1.0,2.0,1.0,0.0
57991,1,[4],4.0,4,4,1,1.0,2.0,0.0,0.0
58027,2,"[10, 20]",15.0,10,20,2,1.0,2.0,1.0,0.0
58043,1,[26],26.0,26,26,1,1.0,6.0,1.0,0.0
58057,1,[24],24.0,24,24,1,1.0,3.0,1.0,0.0
58061,1,[6],6.0,6,6,1,1.0,2.0,1.0,0.0
58067,1,[20],20.0,20,20,1,1.0,2.0,1.0,0.0
58109,2,"[10, 20]",15.0,10,20,2,1.0,3.0,1.0,0.0
58111,1,[18],18.0,18,18,1,1.0,4.0,1.0,0.0
58151,1,[6],6.0,6,6,1,1.0,1.0,1.0,0.0
58153,1,[18],18.0,18,18,1,1.0,2.0,1.0,0.0
58189,1,[16],16.0,16,16,1,1.0,3.0,1.0,0.0
58211,1,[12],12.0,12,12,1,1.0,8.0,1.0,0.0
58229,1,[10],10.0,10,10,1,1.0,6.0,1.0,0.0
58231,2,"[6, 18]",12.0,6,18,2,1.0,4.5,1.0,0.0
58243,1,[16],16.0,16,16,1,1.0,3.0,1.0,0.0
58271,1,[8],8.0,8,8,1,1.0,6.0,1.0,0.0
58309,1,[16],16.0,16,16,1,1.0,3.0,1.0,0.0
58367,1,[12],12.0,12,12,1,1.0,2.0,1.0,0.0
58369,1,[12],12.0,12,12,1,1.0,2.0,1.0,0.0
58403,2,"[6, 22]",14.0,6,22,2,1.0,2.5,1.0,0.0
58417,1,[28],28.0,28,28,1,1.0,2.0,1.0,0.0
58427,1,[6],6.0,6,6,1,1.0,2.0,1.0,0.0
58439,1,[16],16.0,16,16,1,1.0,4.0,1.0,0.0
58451,3,"[14, 30]",24.6667,14,30,2,1.0,4.0,1.0,0.0
58453,1,[18],18.0,18,18,1,1.0,4.0,1.0,0.0
58481,2,"[10, 12]",11.0,10,12,2,1.0,6.0,1.0,0.0
58537,3,"[6, 10, 38]",18.0,6,38,3,1.0,2.3333,1.0,0.0
58549,1,[56],56.0,56,56,1,1.0,6.0,1.0,0.0
58567,2,"[6, 26]",16.0,6,26,2,1.0,1.5,1.0,0.0
58573,1,[4],4.0,4,4,1,1.0,3.0,0.0,0.0
58579,1,[22],22.0,22,22,1,1.0,3.0,1.0,0.0
58679,2,"[18, 26]",22.0,18,26,2,1.0,4.0,1.0,0.0
58687,3,"[6, 12, 24]",14.0,6,24,3,1.0,2.0,1.0,0.0
58693,1,[26],26.0,26,26,1,1.0,2.0,1.0,0.0
58727,2,"[10, 12]",11.0,10,12,2,1.0,5.5,1.0,0.0
58741,1,[38],38.0,38,38,1,1.0,2.0,1.0,0.0
58757,1,[10],10.0,10,10,1,1.0,1.0,0.0,0.0
58763,1,[14],14.0,14,14,1,1.0,8.0,1.0,0.0
58771,2,"[4, 12]",8.0,4,12,2,1.0,2.5,0.5,0.0
58901,1,[34],34.0,34,34,1,1.0,4.0,1.0,0.0
58913,1,[10],10.0,10,10,1,1.0,4.0,1.0,0.0
58967,1,[12],12.0,12,12,1,1.0,4.0,1.0,0.0
58997,1,[6],6.0,6,6,1,1.0,4.0,0.0,0.0
59021,1,[24],24.0,24,24,1,1.0,2.0,1.0,0.0
59053,1,[6],6.0,6,6,1,1.0,5.0,0.0,0.0
59063,1,[22],22.0,22,22,1,1.0,4.0,1.0,0.0
59069,1,[16],16.0,16,16,1,1.0,4.0,1.0,0.0
59093,1,[10],10.0,10,10,1,1.0,2.0,1.0,0.0
59107,1,[6],6.0,6,6,1,1.0,4.0,1.0,0.0
59119,1,[26],26.0,26,26,1,1.0,6.0,1.0,0.0
59141,1,[4],4.0,4,4,1,1.0,1.0,0.0,0.0
59207,1,[6],6.0,6,6,1,1.0,1.0,1.0,0.0
59209,1,[12],12.0,12,12,1,1.0,1.0,1.0,0.0
59221,4,"[12, 22, 30]",19.0,12,30,3,1.0,4.5,1.0,0.0
59233,1,[18],18.0,18,18,1,1.0,4.0,1.0,0.0
59369,1,[10],10.0,10,10,1,1.0,4.0,1.0,0.0
59377,1,[10],10.0,10,10,1,1.0,1.0,1.0,0.0
59387,1,[6],6.0,6,6,1,1.0,2.0,0.0,0.0
59393,1,[4],4.0,4,4,1,1.0,1.0,0.0,0.0
59407,1,[12],12.0,12,12,1,1.0,1.0,1.0,0.0
59441,1,[6],6.0,6,6,1,1.0,2.0,0.0,0.0
59443,1,[32],32.0,32,32,1,1.0,2.0,1.0,0.0
59447,2,"[10, 38]",24.0,10,38,2,1.0,3.0,1.0,0.0
59473,1,[6],6.0,6,6,1,1.0,2.0,1.0,0.0
59497,1,[48],48.0,48,48,1,1.0,8.0,1.0,0.0
59513,1,[10],10.0,10,10,1,1.0,4.0,1.0,0.0
59539,2,"[12, 24]",18.0,12,24,2,1.0,4.0,1.0,0.0
59557,2,"[10, 12]",11.0,10,12,2,1.0,2.0,1.0,0.0
59561,1,[10],10.0,10,10,1,1.0,4.0,1.0,0.0
59621,1,[36],36.0,36,36,1,1.0,2.0,1.0,0.0
59627,1,[8],8.0,8,8,1,1.0,2.0,0.0,0.0
59651,1,[34],34.0,34,34,1,1.0,2.0,1.0,0.0
59663,1,[12],12.0,12,12,1,1.0,2.0,0.0,0.0
59671,1,[8],8.0,8,8,1,1.0,5.0,1.0,0.0
59693,1,[10],10.0,10,10,1,1.0,4.0,1.0,0.0
59723,1,[20],20.0,20,20,1,1.0,6.0,1.0,0.0
59771,1,[4],4.0,4,4,1,1.0,1.0,1.0,0.0
59791,1,[10],10.0,10,10,1,1.0,4.0,1.0,0.0
59971,1,[22],22.0,22,22,1,1.0,6.0,1.0,0.0
59981,1,[4],4.0,4,4,1,1.0,1.0,0.0,0.0
60077,2,"[6, 10]",8.0,6,10,2,1.0,4.0,1.0,0.0
60083,1,[24],24.0,24,24,1,1.0,3.0,1.0,0.0
60089,1,[18],18.0,18,18,1,1.0,4.0,1.0,0.0
60101,2,"[4, 14]",9.0,4,14,2,1.0,2.0,1.0,0.0
60127,1,[6],6.0,6,6,1,1.0,1.0,0.0,0.0
60169,2,"[6, 12]",9.0,6,12,2,1.0,2.0,1.0,0.0
60209,2,"[6, 20]",13.0,6,20,2,1.0,3.0,0.5,0.0
60331,1,[6],6.0,6,6,1,1.0,1.0,1.0,0.0
60397,2,"[10, 24]",17.0,10,24,2,1.0,3.5,1.0,0.0
60427,1,[12],12.0,12,12,1,1.0,1.0,1.0,0.0
60443,1,[6],6.0,6,6,1,1.0,2.0,1.0,0.0
60497,2,"[12, 14]",13.0,12,14,2,1.0,2.0,1.0,0.0
60589,1,[10],10.0,10,10,1,1.0,6.0,1.0,0.0
60601,1,[34],34.0,34,34,1,1.0,10.0,1.0,0.0
60611,1,[6],6.0,6,6,1,1.0,2.0,1.0,0.0
60617,1,[6],6.0,6,6,1,1.0,1.0,0.0,0.0
60631,1,[10],10.0,10,10,1,1.0,8.0,1.0,0.0
60637,1,[8],8.0,8,8,1,1.0,2.0,1.0,0.0
60647,1,[20],20.0,20,20,1,1.0,2.0,1.0,0.0
60649,1,[10],10.0,10,10,1,1.0,4.0,1.0,0.0
60679,1,[10],10.0,10,10,1,1.0,4.0,1.0,0.0
60719,3,"[10, 22, 24]",18.6667,10,24,3,1.0,2.6667,1.0,0.0
60763,2,"[12, 26]",19.0,12,26,2,1.0,2.0,1.0,0.0
60773,2,"[10, 34]",22.0,10,34,2,1.0,7.0,1.0,0.0
60811,1,[10],10.0,10,10,1,1.0,4.0,1.0,0.0
60821,1,[4],4.0,4,4,1,1.0,2.0,0.0,0.0
60869,1,[10],10.0,10,10,1,1.0,1.0,1.0,0.0
60889,1,[12],12.0,12,12,1,1.0,10.0,1.0,0.0
60901,2,"[6, 12]",9.0,6,12,2,1.0,4.5,0.5,0.0
60917,1,[12],12.0,12,12,1,1.0,2.0,1.0,0.0
60923,1,[10],10.0,10,10,1,1.0,4.0,1.0,0.0
60937,1,[28],28.0,28,28,1,1.0,2.0,1.0,0.0
60943,1,[16],16.0,16,16,1,1.0,4.0,1.0,0.0
61001,1,[14],14.0,14,14,1,1.0,11.0,1.0,0.0
61027,1,[24],24.0,24,24,1,1.0,4.0,1.0,0.0
61051,1,[22],22.0,22,22,1,1.0,4.0,1.0,0.0
61099,1,[10],10.0,10,10,1,1.0,1.0,0.0,0.0
61141,1,[20],20.0,20,20,1,1.0,5.0,1.0,0.0
61151,1,[10],10.0,10,10,1,1.0,3.0,0.0,0.0
61169,1,[10],10.0,10,10,1,1.0,2.0,1.0,0.0
61223,1,[10],10.0,10,10,1,1.0,4.0,1.0,0.0
61291,1,[4],4.0,4,4,1,1.0,1.0,1.0,0.0
61297,1,[20],20.0,20,20,1,1.0,2.0,1.0,0.0
61333,1,[4],4.0,4,4,1,1.0,3.0,1.0,0.0
61343,2,"[12, 14]",13.0,12,14,2,1.0,3.0,1.0,0.0
61363,1,[6],6.0,6,6,1,1.0,2.0,1.0,0.0
61417,1,[18],18.0,18,18,1,1.0,6.0,1.0,0.0
61441,2,"[14, 22]",18.0,14,22,2,1.0,4.0,1.0,0.0
61471,1,[6],6.0,6,6,1,1.0,2.0,0.0,0.0
61483,1,[14],14.0,14,14,1,1.0,3.0,1.0,0.0
61493,1,[10],10.0,10,10,1,1.0,4.0,1.0,0.0
61507,1,[10],10.0,10,10,1,1.0,4.0,1.0,0.0
61511,1,[12],12.0,12,12,1,1.0,5.0,1.0,0.0
61547,1,[6],6.0,6,6,1,1.0,1.0,0.0,0.0
61561,1,[10],10.0,10,10,1,1.0,1.0,1.0,0.0
61609,1,[16],16.0,16,16,1,1.0,6.0,1.0,0.0
61613,1,[20],20.0,20,20,1,1.0,2.0,1.0,0.0
61631,3,"[6, 10, 12]",9.3333,6,12,3,1.0,4.0,1.0,0.0
61667,1,[24],24.0,24,24,1,1.0,3.0,1.0,0.0
61687,1,[24],24.0,24,24,1,1.0,6.0,1.0,0.0
61703,1,[6],6.0,6,6,1,1.0,2.0,1.0,0.0
61717,1,[6],6.0,6,6,1,1.0,4.0,1.0,0.0
61729,1,[18],18.0,18,18,1,1.0,3.0,1.0,0.0
61781,1,[12],12.0,12,12,1,1.0,4.0,1.0,0.0
61819,1,[10],10.0,10,10,1,1.0,7.0,1.0,0.0
61837,1,[8],8.0,8,8,1,1.0,3.0,1.0,0.0
61871,1,[10],10.0,10,10,1,1.0,2.0,0.0,0.0
61909,1,[10],10.0,10,10,1,1.0,4.0,1.0,0.0
61927,2,"[8, 16]",12.0,8,16,2,1.0,3.5,1.0,0.0
61933,1,[6],6.0,6,6,1,1.0,5.0,0.0,0.0
61961,1,[22],22.0,22,22,1,1.0,6.0,1.0,0.0
61979,1,[12],12.0,12,12,1,1.0,2.0,1.0,0.0
61981,1,[4],4.0,4,4,1,1.0,3.0,0.0,0.0
62003,2,"[6, 14]",10.0,6,14,2,1.0,5.0,0.5,0.0
62011,2,"[4, 8]",6.0,4,8,2,1.0,3.5,0.5,0.0
62047,1,[8],8.0,8,8,1,1.0,5.0,1.0,0.0
62053,2,"[18, 22]",20.0,18,22,2,1.0,4.0,1.0,0.0
62057,1,[20],20.0,20,20,1,1.0,3.0,1.0,0.0
62071,2,"[12, 22]",17.0,12,22,2,1.0,4.0,1.0,0.0
62099,1,[6],6.0,6,6,1,1.0,1.0,1.0,0.0
62137,1,[70],70.0,70,70,1,1.0,1.0,1.0,0.0
62141,1,[14],14.0,14,14,1,1.0,6.0,1.0,0.0
62143,1,[6],6.0,6,6,1,1.0,2.0,1.0,0.0
62171,1,[6],6.0,6,6,1,1.0,4.0,0.0,0.0
62191,1,[14],14.0,14,14,1,1.0,6.0,1.0,0.0
62201,1,[6],6.0,6,6,1,1.0,2.0,1.0,0.0
62207,1,[6],6.0,6,6,1,1.0,1.0,0.0,0.0
62299,1,[12],12.0,12,12,1,1.0,2.0,1.0,0.0
62311,1,[6],6.0,6,6,1,1.0,5.0,1.0,0.0
62401,1,[12],12.0,12,12,1,1.0,4.0,1.0,0.0
62417,1,[26],26.0,26,26,1,1.0,2.0,1.0,0.0
62423,2,"[4, 34]",19.0,4,34,2,1.0,2.5,1.0,0.0
62459,2,"[16, 18]",17.0,16,18,2,1.0,3.5,1.0,0.0
62467,3,"[8, 18, 28]",18.0,8,28,3,1.0,4.3333,1.0,0.0
62473,1,[22],22.0,22,22,1,1.0,4.0,1.0,0.0
62477,2,"[20, 24]",22.0,20,24,2,1.0,3.5,1.0,0.0
62563,1,[18],18.0,18,18,1,1.0,2.0,1.0,0.0
62591,1,[6],6.0,6,6,1,1.0,2.0,1.0,0.0
62617,1,[10],10.0,10,10,1,1.0,4.0,1.0,0.0
62627,1,[6],6.0,6,6,1,1.0,2.0,1.0,0.0
62653,2,"[10, 14]",12.0,10,14,2,1.0,3.0,1.0,0.0
62659,2,"[6, 24]",15.0,6,24,2,1.0,2.0,1.0,0.0
62723,1,[10],10.0,10,10,1,1.0,4.0,1.0,0.0
62731,1,[14],14.0,14,14,1,1.0,2.0,1.0,0.0
62743,2,"[6, 12]",9.0,6,12,2,1.0,2.0,0.5,0.0
62761,1,[8],8.0,8,8,1,1.0,2.0,0.0,0.0
62801,1,[14],14.0,14,14,1,1.0,12.0,1.0,0.0
62869,1,[6],6.0,6,6,1,1.0,2.0,1.0,0.0
62897,1,[6],6.0,6,6,1,1.0,2.0,1.0,0.0
62903,1,[10],10.0,10,10,1,1.0,4.0,1.0,0.0
62927,1,[10],10.0,10,10,1,1.0,3.0,1.0,0.0
62971,2,"[12, 24]",18.0,12,24,2,1.0,6.0,1.0,0.0
62983,2,"[4, 32]",18.0,4,32,2,1.0,4.5,1.0,0.0
62987,1,[28],28.0,28,28,1,1.0,4.0,1.0,0.0
62989,1,[16],16.0,16,16,1,1.0,4.0,1.0,0.0
63031,1,[44],44.0,44,44,1,1.0,6.0,1.0,0.0
63067,1,[6],6.0,6,6,1,1.0,4.0,1.0,0.0
63073,3,"[10, 12, 16]",12.6667,10,16,3,1.0,2.3333,1.0,0.0
63103,1,[6],6.0,6,6,1,1.0,2.0,0.0,0.0
63113,2,"[16, 18]",17.0,16,18,2,1.0,3.5,1.0,0.0
63127,2,[10],10.0,10,10,1,1.0,2.5,0.5,0.0
63131,1,[14],14.0,14,14,1,1.0,6.0,1.0,0.0
63179,1,[16],16.0,16,16,1,1.0,4.0,1.0,0.0
63199,1,[16],16.0,16,16,1,1.0,4.0,1.0,0.0
63211,1,[10],10.0,10,10,1,1.0,3.0,1.0,0.0
63241,2,"[10, 18]",14.0,10,18,2,1.0,3.5,1.0,0.0
63277,1,[40],40.0,40,40,1,1.0,4.0,1.0,0.0
63299,3,"[6, 16, 36]",19.3333,6,36,3,1.0,4.6667,0.6667,0.0
63313,1,[6],6.0,6,6,1,1.0,2.0,1.0,0.0
63337,2,"[6, 20]",13.0,6,20,2,1.0,2.0,0.5,0.0
63353,1,[76],76.0,76,76,1,1.0,4.0,1.0,0.0
63389,1,[6],6.0,6,6,1,1.0,4.0,1.0,0.0
63391,1,[10],10.0,10,10,1,1.0,2.0,0.0,0.0
63397,1,[14],14.0,14,14,1,1.0,6.0,1.0,0.0
63463,1,[18],18.0,18,18,1,1.0,2.0,1.0,0.0
63487,2,"[6, 24]",15.0,6,24,2,1.0,1.5,0.5,0.0
63521,2,"[6, 10]",8.0,6,10,2,1.0,3.0,0.5,0.0
63527,1,[12],12.0,12,12,1,1.0,6.0,1.0,0.0
63541,3,"[6, 12, 18]",12.0,6,18,3,1.0,2.6667,0.6667,0.0
63559,1,[10],10.0,10,10,1,1.0,1.0,0.0,0.0
63577,1,[18],18.0,18,18,1,1.0,6.0,1.0,0.0
63589,1,[10],10.0,10,10,1,1.0,6.0,1.0,0.0
63599,1,[6],6.0,6,6,1,1.0,4.0,1.0,0.0
63601,2,"[4, 14]",9.0,4,14,2,1.0,5.5,0.5,0.0
63607,1,[8],8.0,8,8,1,1.0,2.0,1.0,0.0
63611,1,[18],18.0,18,18,1,1.0,4.0,1.0,0.0
63647,2,"[10, 12]",11.0,10,12,2,1.0,5.0,1.0,0.0
63691,1,[6],6.0,6,6,1,1.0,1.0,1.0,0.0
63697,1,[6],6.0,6,6,1,1.0,1.0,0.0,0.0
63703,1,[14],14.0,14,14,1,1.0,4.0,1.0,0.0
63709,1,[28],28.0,28,28,1,1.0,2.0,1.0,0.0
63719,1,[16],16.0,16,16,1,1.0,6.0,1.0,0.0
63727,1,[18],18.0,18,18,1,1.0,4.0,1.0,0.0
63743,1,[30],30.0,30,30,1,1.0,2.0,1.0,0.0
63761,1,[6],6.0,6,6,1,1.0,3.0,1.0,0.0
63781,1,[6],6.0,6,6,1,1.0,3.0,1.0,0.0
63809,1,[24],24.0,24,24,1,1.0,2.0,1.0,0.0
63841,1,[14],14.0,14,14,1,1.0,9.0,1.0,0.0
63853,2,"[20, 24]",22.0,20,24,2,1.0,2.0,1.0,0.0
63863,2,"[6, 12]",9.0,6,12,2,1.0,3.0,1.0,0.0
63901,1,[6],6.0,6,6,1,1.0,4.0,1.0,0.0
63907,1,[6],6.0,6,6,1,1.0,5.0,1.0,0.0
63913,2,"[12, 18]",15.0,12,18,2,1.0,4.5,1.0,0.0
63949,1,[16],16.0,16,16,1,1.0,4.0,1.0,0.0
63997,3,"[8, 12, 14]",11.3333,8,14,3,1.0,4.0,1.0,0.0
64007,2,"[6, 8]",7.0,6,8,2,1.0,5.0,1.0,0.0
64013,2,"[4, 18]",11.0,4,18,2,1.0,7.5,0.5,0.0
64019,1,[6],6.0,6,6,1,1.0,1.0,0.0,0.0
64033,1,[22],22.0,22,22,1,1.0,18.0,1.0,0.0
64081,1,[8],8.0,8,8,1,1.0,2.0,0.0,0.0
64123,1,[4],4.0,4,4,1,1.0,3.0,0.0,0.0
64153,1,[10],10.0,10,10,1,1.0,2.0,1.0,0.0
64171,1,[6],6.0,6,6,1,1.0,2.0,1.0,0.0
64187,2,"[10, 12]",11.0,10,12,2,1.0,4.5,1.0,0.0
64237,1,[18],18.0,18,18,1,1.0,3.0,1.0,0.0
64271,1,[14],14.0,14,14,1,1.0,8.0,1.0,0.0
64279,1,[26],26.0,26,26,1,1.0,4.0,1.0,0.0
64301,1,[10],10.0,10,10,1,1.0,3.0,1.0,0.0
64327,1,[28],28.0,28,28,1,1.0,2.0,1.0,0.0
64373,1,[30],30.0,30,30,1,1.0,3.0,1.0,0.0
64381,2,"[10, 22]",16.0,10,22,2,1.0,3.5,1.0,0.0
64439,2,"[10, 20]",15.0,10,20,2,1.0,3.0,1.0,0.0
64513,1,[10],10.0,10,10,1,1.0,6.0,1.0,0.0
64553,1,[42],42.0,42,42,1,1.0,2.0,1.0,0.0
64567,1,[12],12.0,12,12,1,1.0,6.0,1.0,0.0
64577,1,[10],10.0,10,10,1,1.0,4.0,1.0,0.0
64621,1,[6],6.0,6,6,1,1.0,4.0,0.0,0.0
64627,1,[20],20.0,20,20,1,1.0,6.0,1.0,0.0
64661,1,[10],10.0,10,10,1,1.0,1.0,1.0,0.0
64663,1,[14],14.0,14,14,1,1.0,3.0,1.0,0.0
64667,1,[14],14.0,14,14,1,1.0,2.0,1.0,0.0
64693,1,[4],4.0,4,4,1,1.0,3.0,0.0,0.0
64717,1,[6],6.0,6,6,1,1.0,2.0,1.0,0.0
64763,1,[32],32.0,32,32,1,1.0,8.0,1.0,0.0
64783,2,"[18, 40]",29.0,18,40,2,1.0,4.5,1.0,0.0
64793,1,[16],16.0,16,16,1,1.0,4.0,1.0,0.0
64877,1,[6],6.0,6,6,1,1.0,2.0,1.0,0.0
64891,1,[18],18.0,18,18,1,1.0,6.0,1.0,0.0
64921,1,[4],4.0,4,4,1,1.0,3.0,0.0,0.0
64927,1,[6],6.0,6,6,1,1.0,2.0,0.0,0.0
64937,1,[8],8.0,8,8,1,1.0,4.0,0.0,0.0
64997,2,"[6, 12]",9.0,6,12,2,1.0,2.5,0.5,0.0
65003,1,[6],6.0,6,6,1,1.0,4.0,0.0,0.0
65029,1,[18],18.0,18,18,1,1.0,2.0,1.0,0.0
65033,1,[20],20.0,20,20,1,1.0,2.0,1.0,0.0
65053,1,[18],18.0,18,18,1,1.0,3.0,1.0,0.0
65063,1,[4],4.0,4,4,1,1.0,3.0,0.0,0.0
65101,1,[8],8.0,8,8,1,1.0,2.0,1.0,0.0
65111,1,[10],10.0,10,10,1,1.0,3.0,1.0,0.0
65167,2,"[6, 40]",23.0,6,40,2,1.0,1.0,1.0,0.0
65203,1,[22],22.0,22,22,1,1.0,6.0,1.0,0.0
65257,1,[46],46.0,46,46,1,1.0,4.0,1.0,0.0
65267,1,[8],8.0,8,8,1,1.0,6.0,1.0,0.0
65293,2,"[4, 14]",9.0,4,14,2,1.0,5.5,1.0,0.0
65323,1,[4],4.0,4,4,1,1.0,1.0,1.0,0.0
65371,2,"[12, 22]",17.0,12,22,2,1.0,2.5,1.0,0.0
65407,3,"[6, 10, 20]",12.0,6,20,3,1.0,2.6667,1.0,0.0
65419,1,[30],30.0,30,30,1,1.0,2.0,1.0,0.0
65423,1,[32],32.0,32,32,1,1.0,8.0,1.0,0.0
65437,1,[44],44.0,44,44,1,1.0,2.0,1.0,0.0
65479,1,[6],6.0,6,6,1,1.0,2.0,1.0,0.0
65539,1,[26],26.0,26,26,1,1.0,2.0,1.0,0.0
65543,1,[14],14.0,14,14,1,1.0,3.0,1.0,0.0
65551,2,"[4, 6]",5.0,4,6,2,1.0,1.5,0.5,0.0
65563,1,[10],10.0,10,10,1,1.0,4.0,1.0,0.0
65581,2,"[18, 28]",23.0,18,28,2,1.0,5.5,1.0,0.0
65617,1,[20],20.0,20,20,1,1.0,8.0,1.0,0.0
65633,2,"[6, 22]",14.0,6,22,2,1.0,2.0,1.0,0.0
65699,1,[24],24.0,24,24,1,1.0,2.0,1.0,0.0
65701,2,"[6, 30]",18.0,6,30,2,1.0,3.0,1.0,0.0
65707,1,[14],14.0,14,14,1,1.0,6.0,1.0,0.0
65731,1,[14],14.0,14,14,1,1.0,2.0,1.0,0.0
65761,1,[28],28.0,28,28,1,1.0,10.0,1.0,0.0
65777,2,"[6, 12]",9.0,6,12,2,1.0,3.0,1.0,0.0
65809,1,[26],26.0,26,26,1,1.0,5.0,1.0,0.0
65827,1,[10],10.0,10,10,1,1.0,4.0,1.0,0.0
65831,2,"[12, 14]",13.0,12,14,2,1.0,3.0,1.0,0.0
65837,2,"[14, 24]",19.0,14,24,2,1.0,3.0,1.0,0.0
65839,1,[6],6.0,6,6,1,1.0,3.0,0.0,0.0
65843,1,[18],18.0,18,18,1,1.0,4.0,1.0,0.0
65867,1,[20],20.0,20,20,1,1.0,2.0,1.0,0.0
65881,1,[4],4.0,4,4,1,1.0,2.0,0.0,0.0
65929,1,[50],50.0,50,50,1,1.0,2.0,1.0,0.0
65951,2,"[6, 14]",10.0,6,14,2,1.0,5.0,1.0,0.0
65957,2,"[36, 38]",37.0,36,38,2,1.0,4.0,1.0,0.0
66029,2,"[10, 18]",14.0,10,18,2,1.0,2.0,1.0,0.0
66047,1,[6],6.0,6,6,1,1.0,3.0,0.0,0.0
66067,3,"[12, 24, 30]",22.0,12,30,3,1.0,4.0,1.0,0.0
66071,1,[14],14.0,14,14,1,1.0,2.0,1.0,0.0
66089,1,[28],28.0,28,28,1,1.0,2.0,1.0,0.0
66103,1,[14],14.0,14,14,1,1.0,4.0,1.0,0.0
66107,1,[28],28.0,28,28,1,1.0,4.0,1.0,0.0
66109,1,[10],10.0,10,10,1,1.0,6.0,1.0,0.0
66161,2,"[30, 32]",31.0,30,32,2,1.0,4.0,1.0,0.0
66343,3,"[4, 10, 18]",10.6667,4,18,3,1.0,2.0,0.6667,0.0
66377,1,[24],24.0,24,24,1,1.0,3.0,1.0,0.0
66403,1,[16],16.0,16,16,1,1.0,4.0,1.0,0.0
66413,1,[18],18.0,18,18,1,1.0,2.0,1.0,0.0
66431,2,"[10, 22]",16.0,10,22,2,1.0,5.0,0.5,0.0
66457,1,[14],14.0,14,14,1,1.0,2.0,1.0,0.0
66463,1,[26],26.0,26,26,1,1.0,4.0,1.0,0.0
66467,1,[12],12.0,12,12,1,1.0,5.0,1.0,0.0
66491,1,[6],6.0,6,6,1,1.0,2.0,1.0,0.0
66509,1,[24],24.0,24,24,1,1.0,6.0,1.0,0.0
66529,2,"[12, 18]",15.0,12,18,2,1.0,2.5,1.0,0.0
66553,1,[46],46.0,46,46,1,1.0,3.0,1.0,0.0
66571,1,[8],8.0,8,8,1,1.0,1.0,0.0,0.0
66601,2,"[4, 10]",7.0,4,10,2,1.0,2.0,0.5,0.0
66701,1,[14],14.0,14,14,1,1.0,2.0,1.0,0.0
66713,1,[16],16.0,16,16,1,1.0,4.0,1.0,0.0
66739,2,"[12, 20]",16.0,12,20,2,1.0,4.5,1.0,0.0
66749,1,[12],12.0,12,12,1,1.0,2.0,1.0,0.0
66751,2,"[20, 32]",26.0,20,32,2,1.0,5.0,1.0,0.0
66763,1,[4],4.0,4,4,1,1.0,3.0,0.0,0.0
66797,1,[12],12.0,12,12,1,1.0,2.0,1.0,0.0
66809,2,"[12, 24]",18.0,12,24,2,1.0,5.0,1.0,0.0
66853,2,"[10, 20]",15.0,10,20,2,1.0,4.5,1.0,0.0
66877,2,"[6, 18]",12.0,6,18,2,1.0,5.0,1.0,0.0
66919,1,[12],12.0,12,12,1,1.0,7.0,1.0,0.0
66923,1,[10],10.0,10,10,1,1.0,3.0,1.0,0.0
66931,1,[6],6.0,6,6,1,1.0,2.0,1.0,0.0
66943,1,[6],6.0,6,6,1,1.0,1.0,0.0,0.0
66973,2,"[12, 22]",17.0,12,22,2,1.0,2.0,1.0,0.0
66977,1,[6],6.0,6,6,1,1.0,4.0,0.0,0.0
67049,1,[12],12.0,12,12,1,1.0,2.0,1.0,0.0
67061,3,"[10, 18, 30]",19.3333,10,30,3,1.0,3.0,1.0,0.0
67073,1,[14],14.0,14,14,1,1.0,4.0,1.0,0.0
67103,2,"[10, 12]",11.0,10,12,2,1.0,4.0,1.0,0.0
67129,1,[12],12.0,12,12,1,1.0,2.0,1.0,0.0
67157,1,[12],12.0,12,12,1,1.0,2.0,1.0,0.0
67211,1,[12],12.0,12,12,1,1.0,2.0,1.0,0.0
67231,1,[8],8.0,8,8,1,1.0,2.0,1.0,0.0
67261,1,[4],4.0,4,4,1,1.0,1.0,0.0,0.0
67271,2,"[18, 34]",26.0,18,34,2,1.0,3.0,1.0,0.0
67273,3,"[4, 14, 20]",12.6667,4,20,3,1.0,3.3333,0.6667,0.0
67307,1,[12],12.0,12,12,1,1.0,6.0,1.0,0.0
67349,1,[20],20.0,20,20,1,1.0,2.0,1.0,0.0
67391,2,"[14, 20]",17.0,14,20,2,1.0,6.5,1.0,0.0
67399,1,[24],24.0,24,24,1,1.0,2.0,1.0,0.0
67429,2,[24],24.0,24,24,1,1.0,4.0,1.0,0.0
67433,1,[36],36.0,36,36,1,1.0,2.0,1.0,0.0
67447,1,[20],20.0,20,20,1,1.0,2.0,1.0,0.0
67481,1,[10],10.0,10,10,1,1.0,4.0,1.0,0.0
67489,1,[26],26.0,26,26,1,1.0,2.0,1.0,0.0
67499,1,[12],12.0,12,12,1,1.0,2.0,1.0,0.0
67523,1,[22],22.0,22,22,1,1.0,2.0,1.0,0.0
67537,1,[6],6.0,6,6,1,1.0,2.0,1.0,0.0
67577,1,[12],12.0,12,12,1,1.0,2.0,1.0,0.0
67579,2,"[12, 20]",16.0,12,20,2,1.0,4.0,1.0,0.0
67589,1,[12],12.0,12,12,1,1.0,4.0,1.0,0.0
67607,1,[12],12.0,12,12,1,1.0,2.0,1.0,0.0
67619,1,[10],10.0,10,10,1,1.0,7.0,0.0,0.0
67631,2,"[6, 14]",10.0,6,14,2,1.0,4.0,0.5,0.0
67651,1,[14],14.0,14,14,1,1.0,5.0,1.0,0.0
67723,1,[10],10.0,10,10,1,1.0,2.0,1.0,0.0
67733,1,[22],22.0,22,22,1,1.0,2.0,1.0,0.0
67751,1,[22],22.0,22,22,1,1.0,6.0,1.0,0.0
67759,1,[16],16.0,16,16,1,1.0,4.0,1.0,0.0
67763,2,"[10, 20]",15.0,10,20,2,1.0,4.0,1.0,0.0
67777,3,"[6, 10, 12]",9.3333,6,12,3,1.0,4.3333,1.0,0.0
67801,1,[10],10.0,10,10,1,1.0,3.0,1.0,0.0
67853,1,[10],10.0,10,10,1,1.0,9.0,1.0,0.0
67883,1,[4],4.0,4,4,1,1.0,1.0,0.0,0.0
67927,1,[6],6.0,6,6,1,1.0,1.0,1.0,0.0
67933,2,[22],22.0,22,22,1,1.0,4.0,1.0,0.0
67939,1,[16],16.0,16,16,1,1.0,6.0,1.0,0.0
67943,1,[14],14.0,14,14,1,1.0,6.0,1.0,0.0
67961,2,"[6, 22]",14.0,6,22,2,1.0,5.0,0.5,0.0
67967,1,[10],10.0,10,10,1,1.0,3.0,1.0,0.0
67979,1,[16],16.0,16,16,1,1.0,1.0,1.0,0.0
67987,1,[24],24.0,24,24,1,1.0,1.0,1.0,0.0
67993,1,[10],10.0,10,10,1,1.0,4.0,1.0,0.0
68023,1,[6],6.0,6,6,1,1.0,2.0,1.0,0.0
68041,1,[30],30.0,30,30,1,1.0,1.0,1.0,0.0
68087,1,[12],12.0,12,12,1,1.0,9.0,0.0,0.0
68141,1,[4],4.0,4,4,1,1.0,2.0,0.0,0.0
68147,1,[20],20.0,20,20,1,1.0,2.0,1.0,0.0
68171,2,"[4, 12]",8.0,4,12,2,1.0,3.5,1.0,0.0
68207,1,[6],6.0,6,6,1,1.0,4.0,1.0,0.0
68239,1,[16],16.0,16,16,1,1.0,1.0,1.0,0.0
68329,1,[18],18.0,18,18,1,1.0,6.0,1.0,0.0
68437,2,"[6, 8]",7.0,6,8,2,1.0,2.0,0.5,0.0
68473,2,"[4, 24]",14.0,4,24,2,1.0,7.5,0.5,0.0
68477,1,[6],6.0,6,6,1,1.0,2.0,1.0,0.0
68483,1,[14],14.0,14,14,1,1.0,4.0,1.0,0.0
68507,1,[8],8.0,8,8,1,1.0,2.0,1.0,0.0
68567,1,[6],6.0,6,6,1,1.0,2.0,1.0,0.0
68581,1,[20],20.0,20,20,1,1.0,6.0,1.0,0.0
68659,1,[16],16.0,16,16,1,1.0,6.0,1.0,0.0
68687,2,"[8, 12]",10.0,8,12,2,1.0,2.5,1.0,0.0
68711,1,[12],12.0,12,12,1,1.0,2.0,1.0,0.0
68737,2,"[6, 42]",24.0,6,42,2,1.0,3.0,0.5,0.0
68743,2,"[4, 48]",26.0,4,48,2,1.0,2.5,0.5,0.0
68777,1,[6],6.0,6,6,1,1.0,3.0,1.0,0.0
68813,1,[30],30.0,30,30,1,1.0,2.0,1.0,0.0
68819,1,[10],10.0,10,10,1,1.0,6.0,1.0,0.0
68821,1,[6],6.0,6,6,1,1.0,5.0,0.0,0.0
68863,2,"[4, 6]",5.0,4,6,2,1.0,1.5,0.0,0.0
68881,1,[24],24.0,24,24,1,1.0,2.0,1.0,0.0
68897,1,[6],6.0,6,6,1,1.0,2.0,1.0,0.0
68927,1,[18],18.0,18,18,1,1.0,4.0,1.0,0.0
69001,2,"[6, 30]",18.0,6,30,2,1.0,2.0,1.0,0.0
69011,1,[4],4.0,4,4,1,1.0,1.0,0.0,0.0
69061,2,"[4, 6]",5.0,4,6,2,1.0,2.5,0.0,0.0
69119,1,[6],6.0,6,6,1,1.0,1.0,1.0,0.0
69127,1,[12],12.0,12,12,1,1.0,2.0,1.0,0.0
69143,1,[14],14.0,14,14,1,1.0,3.0,1.0,0.0
69149,1,[12],12.0,12,12,1,1.0,4.0,1.0,0.0
69151,1,[18],18.0,18,18,1,1.0,4.0,1.0,0.0
69191,1,[6],6.0,6,6,1,1.0,2.0,1.0,0.0
69203,1,[10],10.0,10,10,1,1.0,3.0,1.0,0.0
69221,1,[6],6.0,6,6,1,1.0,3.0,0.0,0.0
69233,2,"[10, 22]",16.0,10,22,2,1.0,8.0,1.0,0.0
69239,1,[6],6.0,6,6,1,1.0,4.0,0.0,0.0
69247,1,[28],28.0,28,28,1,1.0,2.0,1.0,0.0
69313,1,[14],14.0,14,14,1,1.0,5.0,1.0,0.0
69337,1,[12],12.0,12,12,1,1.0,7.0,1.0,0.0
69371,1,[8],8.0,8,8,1,1.0,2.0,1.0,0.0
69379,2,"[18, 24]",21.0,18,24,2,1.0,4.5,1.0,0.0
69403,2,"[4, 22]",13.0,4,22,2,1.0,2.5,1.0,0.0
69431,1,[6],6.0,6,6,1,1.0,1.0,0.0,0.0
69457,2,"[8, 24]",16.0,8,24,2,1.0,6.0,1.0,0.0
69467,1,[12],12.0,12,12,1,1.0,8.0,1.0,0.0
69497,2,"[10, 12]",11.0,10,12,2,1.0,2.0,0.5,0.0
69593,1,[30],30.0,30,30,1,1.0,4.0,1.0,0.0
69739,1,[16],16.0,16,16,1,1.0,6.0,1.0,0.0
69833,1,[6],6.0,6,6,1,1.0,1.0,0.0,0.0
69859,1,[18],18.0,18,18,1,1.0,5.0,1.0,0.0
69877,1,[8],8.0,8,8,1,1.0,2.0,1.0,0.0
69899,2,"[10, 12]",11.0,10,12,2,1.0,4.0,1.0,0.0
69911,1,[12],12.0,12,12,1,1.0,4.0,1.0,0.0
69931,1,[8],8.0,8,8,1,1.0,2.0,1.0,0.0
69941,3,"[12, 14, 24]",16.6667,12,24,3,1.0,5.0,1.0,0.0
69997,1,[6],6.0,6,6,1,1.0,4.0,0.0,0.0
70001,2,"[8, 12]",10.0,8,12,2,1.0,4.0,1.0,0.0
70061,1,[4],4.0,4,4,1,1.0,2.0,0.0,0.0
70067,1,[12],12.0,12,12,1,1.0,6.0,1.0,0.0
70079,1,[10],10.0,10,10,1,1.0,4.0,1.0,0.0
70163,1,[30],30.0,30,30,1,1.0,2.0,1.0,0.0
70207,1,[6],6.0,6,6,1,1.0,5.0,1.0,0.0
70223,1,[18],18.0,18,18,1,1.0,6.0,1.0,0.0
70229,1,[6],6.0,6,6,1,1.0,3.0,0.0,0.0
70241,1,[8],8.0,8,8,1,1.0,2.0,1.0,0.0
70289,1,[12],12.0,12,12,1,1.0,10.0,1.0,0.0
70309,1,[40],40.0,40,40,1,1.0,4.0,1.0,0.0
70351,1,[20],20.0,20,20,1,1.0,9.0,1.0,0.0
70481,1,[18],18.0,18,18,1,1.0,3.0,1.0,0.0
70489,1,[18],18.0,18,18,1,1.0,11.0,1.0,0.0
70571,2,"[14, 18]",16.0,14,18,2,1.0,4.0,1.0,0.0
70573,1,[4],4.0,4,4,1,1.0,3.0,1.0,0.0
70621,1,[18],18.0,18,18,1,1.0,4.0,1.0,0.0
70717,2,"[16, 24]",20.0,16,24,2,1.0,5.0,1.0,0.0
70783,1,[24],24.0,24,24,1,1.0,15.0,1.0,0.0
70853,1,[34],34.0,34,34,1,1.0,1.0,1.0,0.0
70867,2,"[12, 18]",15.0,12,18,2,1.0,4.0,1.0,0.0
70877,1,[24],24.0,24,24,1,1.0,2.0,1.0,0.0
70919,1,[24],24.0,24,24,1,1.0,4.0,1.0,0.0
70921,2,"[12, 14]",13.0,12,14,2,1.0,4.0,1.0,0.0
70951,1,[12],12.0,12,12,1,1.0,4.0,1.0,0.0
70999,2,"[12, 24]",18.0,12,24,2,1.0,1.5,1.0,0.0
71023,1,[12],12.0,12,12,1,1.0,2.0,1.0,0.0
71059,1,[30],30.0,30,30,1,1.0,12.0,1.0,0.0
71081,1,[10],10.0,10,10,1,1.0,1.0,1.0,0.0
71129,1,[10],10.0,10,10,1,1.0,1.0,1.0,0.0
71153,1,[32],32.0,32,32,1,1.0,3.0,1.0,0.0
71167,1,[6],6.0,6,6,1,1.0,2.0,1.0,0.0
71171,2,"[10, 30]",20.0,10,30,2,1.0,4.0,1.0,0.0
71237,1,[40],40.0,40,40,1,1.0,3.0,1.0,0.0
71261,1,[8],8.0,8,8,1,1.0,2.0,1.0,0.0
71263,2,"[18, 36]",27.0,18,36,2,1.0,3.5,1.0,0.0
71327,1,[6],6.0,6,6,1,1.0,2.0,0.0,0.0
71333,1,[4],4.0,4,4,1,1.0,3.0,0.0,0.0
71339,1,[24],24.0,24,24,1,1.0,4.0,1.0,0.0
71341,2,"[6, 10]",8.0,6,10,2,1.0,4.0,1.0,0.0
71347,1,[6],6.0,6,6,1,1.0,1.0,1.0,0.0
71387,2,[12],12.0,12,12,1,1.0,3.0,1.0,0.0
71389,1,[22],22.0,22,22,1,1.0,6.0,1.0,0.0
71437,1,[24],24.0,24,24,1,1.0,3.0,1.0,0.0
71473,1,[12],12.0,12,12,1,1.0,5.0,1.0,0.0
71479,1,[24],24.0,24,24,1,1.0,3.0,1.0,0.0
71551,1,[12],12.0,12,12,1,1.0,2.0,1.0,0.0
71593,1,[4],4.0,4,4,1,1.0,3.0,0.0,0.0
71707,1,[6],6.0,6,6,1,1.0,4.0,1.0,0.0
71711,2,"[10, 18]",14.0,10,18,2,1.0,2.5,1.0,0.0
71719,1,[6],6.0,6,6,1,1.0,2.0,1.0,0.0
71837,3,"[6, 10, 12]",9.3333,6,12,3,1.0,1.6667,1.0,0.0
71849,1,[30],30.0,30,30,1,1.0,6.0,1.0,0.0
71879,1,[22],22.0,22,22,1,1.0,2.0,1.0,0.0
71909,1,[18],18.0,18,18,1,1.0,10.0,1.0,0.0
71941,1,[10],10.0,10,10,1,1.0,4.0,1.0,0.0
71963,1,[10],10.0,10,10,1,1.0,3.0,1.0,0.0
71987,1,[6],6.0,6,6,1,1.0,5.0,1.0,0.0
72019,2,"[12, 24]",18.0,12,24,2,1.0,2.0,1.0,0.0
72047,2,"[8, 16]",12.0,8,16,2,1.0,1.5,0.5,0.0
72053,1,[6],6.0,6,6,1,1.0,2.0,1.0,0.0
72103,1,[10],10.0,10,10,1,1.0,3.0,1.0,0.0
72227,1,[24],24.0,24,24,1,1.0,4.0,1.0,0.0
72229,1,[16],16.0,16,16,1,1.0,4.0,1.0,0.0
72251,1,[4],4.0,4,4,1,1.0,1.0,1.0,0.0
72269,1,[6],6.0,6,6,1,1.0,4.0,1.0,0.0
72277,1,[10],10.0,10,10,1,1.0,1.0,1.0,0.0
72287,1,[6],6.0,6,6,1,1.0,1.0,0.0,0.0
72467,1,[10],10.0,10,10,1,1.0,3.0,1.0,0.0
72469,1,[12],12.0,12,12,1,1.0,1.0,1.0,0.0
72493,2,"[10, 40]",25.0,10,40,2,1.0,2.5,1.0,0.0
72551,1,[14],14.0,14,14,1,1.0,2.0,1.0,0.0
72559,1,[20],20.0,20,20,1,1.0,2.0,1.0,0.0
72577,1,[8],8.0,8,8,1,1.0,2.0,1.0,0.0
72613,1,[10],10.0,10,10,1,1.0,2.0,1.0,0.0
72643,1,[4],4.0,4,4,1,1.0,1.0,1.0,0.0
72649,1,[12],12.0,12,12,1,1.0,2.0,1.0,0.0
72661,1,[12],12.0,12,12,1,1.0,2.0,1.0,0.0
72671,1,[6],6.0,6,6,1,1.0,4.0,1.0,0.0
72679,1,[18],18.0,18,18,1,1.0,2.0,1.0,0.0
72689,2,"[18, 20]",19.0,18,20,2,1.0,4.0,0.5,0.5
72701,3,"[4, 12, 14]",10.0,4,14,3,1.0,2.6667,0.6667,0.0
72727,1,[6],6.0,6,6,1,1.0,4.0,1.0,0.0
72733,1,[14],14.0,14,14,1,1.0,4.0,1.0,0.0
72739,2,"[16, 70]",43.0,16,70,2,1.0,3.0,1.0,0.0
72797,1,[12],12.0,12,12,1,1.0,6.0,1.0,0.0
72859,1,[12],12.0,12,12,1,1.0,10.0,1.0,0.0
72901,1,[12],12.0,12,12,1,1.0,10.0,1.0,0.0
72923,2,"[6, 14]",10.0,6,14,2,1.0,3.5,0.5,0.0
72953,1,[14],14.0,14,14,1,1.0,4.0,1.0,0.0
72977,1,[16],16.0,16,16,1,1.0,4.0,1.0,0.0
73019,1,[12],12.0,12,12,1,1.0,4.0,1.0,0.0
73039,2,"[18, 26]",22.0,18,26,2,1.0,4.0,1.0,0.0
73061,1,[30],30.0,30,30,1,1.0,2.0,1.0,0.0
73091,3,"[4, 6, 40]",16.6667,4,40,3,1.0,2.6667,0.6667,0.0
73121,1,[6],6.0,6,6,1,1.0,2.0,0.0,0.0
73141,2,"[14, 48]",31.0,14,48,2,1.0,3.0,1.0,0.0
73189,1,[10],10.0,10,10,1,1.0,1.0,1.0,0.0
73237,1,[12],12.0,12,12,1,1.0,3.0,1.0,0.0
73243,2,"[6, 12]",9.0,6,12,2,1.0,2.0,0.5,0.0
73259,1,[10],10.0,10,10,1,1.0,7.0,1.0,0.0
73277,3,"[8, 12, 20]",13.3333,8,20,3,1.0,3.3333,1.0,0.0
73291,3,"[8, 12, 18]",12.6667,8,18,3,1.0,3.6667,1.0,0.0
73379,1,[6],6.0,6,6,1,1.0,1.0,1.0,0.0
73387,2,"[8, 28]",18.0,8,28,2,1.0,5.0,0.5,0.0
73471,1,[6],6.0,6,6,1,1.0,1.0,1.0,0.0
73477,2,"[6, 40]",23.0,6,40,2,1.0,3.0,1.0,0.0
73483,1,[18],18.0,18,18,1,1.0,2.0,1.0,0.0
73517,1,[6],6.0,6,6,1,1.0,4.0,1.0,0.0
73523,1,[10],10.0,10,10,1,1.0,3.0,1.0,0.0
73553,2,"[4, 6]",5.0,4,6,2,1.0,1.0,0.0,0.0
73571,1,[12],12.0,12,12,1,1.0,4.0,1.0,0.0
73589,1,[24],24.0,24,24,1,1.0,2.0,1.0,0.0
73607,1,[12],12.0,12,12,1,1.0,4.0,1.0,0.0
73681,1,[58],58.0,58,58,1,1.0,4.0,1.0,0.0
73693,1,[4],4.0,4,4,1,1.0,3.0,1.0,0.0
73783,1,[18],18.0,18,18,1,1.0,7.0,1.0,0.0
73883,1,[4],4.0,4,4,1,1.0,1.0,0.0,0.0
73907,2,"[8, 26]",17.0,8,26,2,1.0,5.0,1.0,0.0
73943,1,[18],18.0,18,18,1,1.0,4.0,1.0,0.0
74017,2,"[8, 18]",13.0,8,18,2,1.0,2.0,1.0,0.0
74021,1,[12],12.0,12,12,1,1.0,4.0,1.0,0.0
74027,1,[12],12.0,12,12,1,1.0,4.0,1.0,0.0
74047,2,"[6, 10]",8.0,6,10,2,1.0,3.5,1.0,0.0
74071,2,"[12, 30]",21.0,12,30,2,1.0,5.0,1.0,0.0
74093,1,[6],6.0,6,6,1,1.0,2.0,1.0,0.0
74143,1,[32],32.0,32,32,1,1.0,2.0,1.0,0.0
74167,1,[24],24.0,24,24,1,1.0,6.0,1.0,0.0
74177,1,[6],6.0,6,6,1,1.0,2.0,1.0,0.0
74197,1,[6],6.0,6,6,1,1.0,4.0,1.0,0.0
74209,1,[12],12.0,12,12,1,1.0,5.0,1.0,0.0
74257,1,[8],8.0,8,8,1,1.0,2.0,1.0,0.0
74279,1,[18],18.0,18,18,1,1.0,2.0,1.0,0.0
74287,1,[18],18.0,18,18,1,1.0,6.0,1.0,0.0
74293,1,[30],30.0,30,30,1,1.0,6.0,1.0,0.0
74311,1,[6],6.0,6,6,1,1.0,1.0,1.0,0.0
74323,1,[24],24.0,24,24,1,1.0,2.0,1.0,0.0
74381,1,[12],12.0,12,12,1,1.0,2.0,1.0,0.0
74411,1,[6],6.0,6,6,1,1.0,2.0,1.0,0.0
74413,1,[4],4.0,4,4,1,1.0,3.0,1.0,0.0
74441,1,[18],18.0,18,18,1,1.0,3.0,1.0,0.0
74453,5,"[6, 12, 18, 22, 30]",17.6,6,30,5,1.0,5.6,0.6,0.0
74471,1,[18],18.0,18,18,1,1.0,2.0,1.0,0.0
74489,1,[24],24.0,24,24,1,1.0,2.0,1.0,0.0
74507,1,[28],28.0,28,28,1,1.0,4.0,1.0,0.0
74531,1,[6],6.0,6,6,1,1.0,1.0,0.0,0.0
74561,3,"[6, 12, 14]",10.6667,6,14,3,1.0,3.3333,1.0,0.0
74567,2,[12],12.0,12,12,1,1.0,6.0,1.0,0.0
74573,1,[6],6.0,6,6,1,1.0,2.0,1.0,0.0
74611,3,"[4, 18, 36]",19.3333,4,36,3,1.0,3.6667,1.0,0.0
74699,1,[16],16.0,16,16,1,1.0,4.0,1.0,0.0
74719,1,[20],20.0,20,20,1,1.0,2.0,1.0,0.0
74729,1,[24],24.0,24,24,1,1.0,10.0,1.0,0.0
74731,2,"[4, 8]",6.0,4,8,2,1.0,1.5,0.5,0.0
74747,1,[10],10.0,10,10,1,1.0,4.0,1.0,0.0
74761,3,"[8, 18, 30]",18.6667,8,30,3,1.0,4.0,1.0,0.0
74821,1,[6],6.0,6,6,1,1.0,2.0,1.0,0.0
74827,1,[10],10.0,10,10,1,1.0,2.0,1.0,0.0
74887,1,[8],8.0,8,8,1,1.0,2.0,1.0,0.0
74891,1,[6],6.0,6,6,1,1.0,4.0,1.0,0.0
74923,1,[18],18.0,18,18,1,1.0,6.0,1.0,0.0
74933,1,[32],32.0,32,32,1,1.0,2.0,1.0,0.0
74959,1,[12],12.0,12,12,1,1.0,2.0,1.0,0.0
75017,1,[6],6.0,6,6,1,1.0,3.0,1.0,0.0
75041,1,[10],10.0,10,10,1,1.0,6.0,1.0,0.0
75109,1,[24],24.0,24,24,1,1.0,2.0,1.0,0.0
75169,1,[12],12.0,12,12,1,1.0,1.0,1.0,0.0
75209,1,[18],18.0,18,18,1,1.0,4.0,1.0,0.0
75211,1,[6],6.0,6,6,1,1.0,2.0,1.0,0.0
75217,1,[12],12.0,12,12,1,1.0,3.0,1.0,0.0
75227,2,"[8, 18]",13.0,8,18,2,1.0,3.0,1.0,0.0
75239,1,[16],16.0,16,16,1,1.0,4.0,1.0,0.0
75253,1,[10],10.0,10,10,1,1.0,4.0,1.0,0.0
75307,2,"[10, 12]",11.0,10,12,2,1.0,4.5,1.0,0.0
75353,1,[18],18.0,18,18,1,1.0,2.0,1.0,0.0
75367,1,[6],6.0,6,6,1,1.0,2.0,1.0,0.0
75377,1,[6],6.0,6,6,1,1.0,3.0,0.0,0.0
75401,1,[14],14.0,14,14,1,1.0,4.0,1.0,0.0
75407,1,[10],10.0,10,10,1,1.0,3.0,1.0,0.0
75503,1,[6],6.0,6,6,1,1.0,2.0,0.0,0.0
75521,1,[6],6.0,6,6,1,1.0,2.0,1.0,0.0
75527,1,[6],6.0,6,6,1,1.0,2.0,1.0,0.0
75541,2,"[6, 12]",9.0,6,12,2,1.0,3.0,1.0,0.0
75571,1,[6],6.0,6,6,1,1.0,4.0,1.0,0.0
75617,1,[12],12.0,12,12,1,1.0,2.0,1.0,0.0
75619,1,[24],24.0,24,24,1,1.0,6.0,1.0,0.0
75629,1,[12],12.0,12,12,1,1.0,2.0,1.0,0.0
75679,1,[6],6.0,6,6,1,1.0,2.0,1.0,0.0
75689,1,[24],24.0,24,24,1,1.0,2.0,1.0,0.0
75703,2,[18],18.0,18,18,1,1.0,3.0,1.0,0.0
75707,1,[12],12.0,12,12,1,1.0,2.0,1.0,0.0
75731,1,[6],6.0,6,6,1,1.0,1.0,0.0,0.0
75773,1,[24],24.0,24,24,1,1.0,2.0,1.0,0.0
75781,1,[6],6.0,6,6,1,1.0,4.0,1.0,0.0
75797,1,[8],8.0,8,8,1,1.0,2.0,1.0,0.0
75821,1,[4],4.0,4,4,1,1.0,2.0,0.0,0.0
75853,1,[30],30.0,30,30,1,1.0,6.0,1.0,0.0
75869,1,[22],22.0,22,22,1,1.0,9.0,1.0,0.0
75883,1,[22],22.0,22,22,1,1.0,3.0,1.0,0.0
75931,1,[12],12.0,12,12,1,1.0,2.0,1.0,0.0
75937,1,[18],18.0,18,18,1,1.0,2.0,1.0,0.0
75979,1,[24],24.0,24,24,1,1.0,4.0,1.0,0.0
75991,1,[20],20.0,20,20,1,1.0,2.0,1.0,0.0
76001,1,[10],10.0,10,10,1,1.0,4.0,1.0,0.0
76031,1,[10],10.0,10,10,1,1.0,6.0,1.0,0.0
76081,1,[18],18.0,18,18,1,1.0,6.0,1.0,0.0
76129,1,[6],6.0,6,6,1,1.0,3.0,0.0,0.0
76213,1,[6],6.0,6,6,1,1.0,3.0,1.0,0.0
76243,1,[4],4.0,4,4,1,1.0,1.0,0.0,0.0
76283,1,[10],10.0,10,10,1,1.0,4.0,1.0,0.0
76387,1,[10],10.0,10,10,1,1.0,8.0,0.0,0.0
76403,2,"[4, 14]",9.0,4,14,2,1.0,2.0,0.5,0.0
76471,3,"[10, 18, 36]",21.3333,10,36,3,1.0,3.3333,1.0,0.0
76481,1,[6],6.0,6,6,1,1.0,2.0,0.0,0.0
76511,1,[12],12.0,12,12,1,1.0,6.0,1.0,0.0
76537,1,[12],12.0,12,12,1,1.0,3.0,1.0,0.0
76541,1,[4],4.0,4,4,1,1.0,2.0,1.0,0.0
76543,1,[18],18.0,18,18,1,1.0,1.0,1.0,0.0
76561,1,[18],18.0,18,18,1,1.0,12.0,1.0,0.0
76597,1,[12],12.0,12,12,1,1.0,6.0,1.0,0.0
76649,1,[16],16.0,16,16,1,1.0,4.0,1.0,0.0
76651,1,[6],6.0,6,6,1,1.0,2.0,0.0,0.0
76667,1,[6],6.0,6,6,1,1.0,2.0,0.0,0.0
76757,2,"[6, 10]",8.0,6,10,2,1.0,4.0,1.0,0.0
76781,2,"[18, 30]",24.0,18,30,2,1.0,4.0,1.0,0.0
76801,1,[12],12.0,12,12,1,1.0,2.0,1.0,0.0
76819,1,[22],22.0,22,22,1,1.0,8.0,1.0,0.0
76829,1,[6],6.0,6,6,1,1.0,4.0,1.0,0.0
76847,1,[10],10.0,10,10,1,1.0,6.0,1.0,0.0
76907,1,[6],6.0,6,6,1,1.0,2.0,1.0,0.0
76949,1,[6],6.0,6,6,1,1.0,3.0,1.0,0.0
76961,1,[12],12.0,12,12,1,1.0,2.0,1.0,0.0
76963,1,[6],6.0,6,6,1,1.0,2.0,1.0,0.0
77003,1,[12],12.0,12,12,1,1.0,4.0,1.0,0.0
77017,3,"[6, 12, 28]",15.3333,6,28,3,1.0,5.0,0.6667,0.0
77029,1,[22],22.0,22,22,1,1.0,4.0,1.0,0.0
77047,1,[28],28.0,28,28,1,1.0,9.0,1.0,0.0
77069,1,[12],12.0,12,12,1,1.0,2.0,1.0,0.0
77141,1,[10],10.0,10,10,1,1.0,4.0,1.0,0.0
77201,1,[4],4.0,4,4,1,1.0,2.0,0.0,0.0
77237,2,"[6, 12]",9.0,6,12,2,1.0,2.0,0.5,0.0
77263,2,"[10, 24]",17.0,10,24,2,1.0,2.0,1.0,0.0
77267,1,[12],12.0,12,12,1,1.0,2.0,1.0,0.0
77291,1,[12],12.0,12,12,1,1.0,5.0,1.0,0.0
77383,1,[6],6.0,6,6,1,1.0,2.0,1.0,0.0
77477,1,[28],28.0,28,28,1,1.0,8.0,1.0,0.0
77521,1,[4],4.0,4,4,1,1.0,2.0,0.0,0.0
77543,2,"[6, 36]",21.0,6,36,2,1.0,3.5,1.0,0.0
77549,1,[18],18.0,18,18,1,1.0,3.0,1.0,0.0
77551,1,[6],6.0,6,6,1,1.0,4.0,0.0,0.0
77557,1,[6],6.0,6,6,1,1.0,3.0,1.0,0.0
77563,1,[10],10.0,10,10,1,1.0,3.0,1.0,0.0
77617,1,[10],10.0,10,10,1,1.0,2.0,1.0,0.0
77621,2,"[6, 14]",10.0,6,14,2,1.0,2.5,1.0,0.0
77687,1,[12],12.0,12,12,1,1.0,3.0,1.0,0.0
77699,1,[18],18.0,18,18,1,1.0,2.0,1.0,0.0
77719,1,[12],12.0,12,12,1,1.0,3.0,1.0,0.0
77731,1,[18],18.0,18,18,1,1.0,6.0,1.0,0.0
77773,1,[4],4.0,4,4,1,1.0,3.0,1.0,0.0
77783,1,[4],4.0,4,4,1,1.0,1.0,0.0,0.0
77863,1,[10],10.0,10,10,1,1.0,2.0,1.0,0.0
77867,3,"[8, 20, 24]",17.3333,8,24,3,1.0,4.3333,1.0,0.0
77893,1,[4],4.0,4,4,1,1.0,3.0,0.0,0.0
77933,1,[18],18.0,18,18,1,1.0,2.0,1.0,0.0
77969,1,[16],16.0,16,16,1,1.0,4.0,1.0,0.0
77977,1,[6],6.0,6,6,1,1.0,3.0,0.0,0.0
78017,1,[16],16.0,16,16,1,1.0,4.0,1.0,0.0
78041,1,[8],8.0,8,8,1,1.0,2.0,1.0,0.0
78049,1,[18],18.0,18,18,1,1.0,11.0,1.0,0.0
78101,1,[12],12.0,12,12,1,1.0,8.0,1.0,0.0
78121,1,[18],18.0,18,18,1,1.0,4.0,1.0,0.0
78167,2,"[6, 12]",9.0,6,12,2,1.0,3.5,1.0,0.0
78173,1,[10],10.0,10,10,1,1.0,4.0,1.0,0.0
78191,1,[6],6.0,6,6,1,1.0,4.0,1.0,0.0
78193,1,[10],10.0,10,10,1,1.0,4.0,1.0,0.0
78241,2,"[10, 18]",14.0,10,18,2,1.0,5.0,1.0,0.0
78259,1,[18],18.0,18,18,1,1.0,4.0,1.0,0.0
78301,1,[14],14.0,14,14,1,1.0,2.0,1.0,0.0
78311,1,[12],12.0,12,12,1,1.0,6.0,1.0,0.0
78341,1,[6],6.0,6,6,1,1.0,4.0,0.0,0.0
78347,1,[12],12.0,12,12,1,1.0,5.0,1.0,0.0
78427,1,[28],28.0,28,28,1,1.0,2.0,1.0,0.0
78439,1,[24],24.0,24,24,1,1.0,6.0,1.0,0.0
78509,1,[24],24.0,24,24,1,1.0,4.0,1.0,0.0
78511,1,[4],4.0,4,4,1,1.0,2.0,0.0,0.0
78553,1,[20],20.0,20,20,1,1.0,2.0,1.0,0.0
78569,1,[6],6.0,6,6,1,1.0,4.0,1.0,0.0
78571,1,[6],6.0,6,6,1,1.0,4.0,1.0,0.0
78593,1,[4],4.0,4,4,1,1.0,1.0,0.0,0.0
78713,2,"[6, 14]",10.0,6,14,2,1.0,5.0,0.5,0.0
78737,1,[12],12.0,12,12,1,1.0,6.0,1.0,0.0
78791,2,"[4, 6]",5.0,4,6,2,1.0,1.5,1.0,0.0
78797,2,"[6, 8]",7.0,6,8,2,1.0,2.0,1.0,0.0
78803,1,[20],20.0,20,20,1,1.0,6.0,1.0,0.0
78889,1,[18],18.0,18,18,1,1.0,2.0,1.0,0.0
78901,1,[10],10.0,10,10,1,1.0,9.0,1.0,0.0
79039,1,[24],24.0,24,24,1,1.0,4.0,1.0,0.0
79063,1,[14],14.0,14,14,1,1.0,2.0,1.0,0.0
79133,1,[6],6.0,6,6,1,1.0,2.0,1.0,0.0
79147,1,[6],6.0,6,6,1,1.0,4.0,1.0,0.0
79181,1,[6],6.0,6,6,1,1.0,2.0,0.0,0.0
79187,1,[10],10.0,10,10,1,1.0,3.0,1.0,0.0
79201,1,[12],12.0,12,12,1,1.0,4.0,1.0,0.0
79319,1,[20],20.0,20,20,1,1.0,2.0,1.0,0.0
79333,2,"[10, 40]",25.0,10,40,2,1.0,3.0,1.0,0.0
79399,1,[12],12.0,12,12,1,1.0,7.0,1.0,0.0
79411,1,[14],14.0,14,14,1,1.0,6.0,1.0,0.0
79493,1,[20],20.0,20,20,1,1.0,2.0,1.0,0.0
79579,1,[22],22.0,22,22,1,1.0,8.0,1.0,0.0
79609,1,[24],24.0,24,24,1,1.0,4.0,1.0,0.0
79627,1,[36],36.0,36,36,1,1.0,2.0,1.0,0.0
79669,2,"[12, 24]",18.0,12,24,2,1.0,2.0,1.0,0.0
79697,1,[24],24.0,24,24,1,1.0,2.0,1.0,0.0
79777,1,[26],26.0,26,26,1,1.0,2.0,1.0,0.0
79811,2,"[6, 28]",17.0,6,28,2,1.0,4.0,1.0,0.0
79817,2,"[6, 12]",9.0,6,12,2,1.0,2.5,0.5,0.0
79823,1,[20],20.0,20,20,1,1.0,2.0,1.0,0.0
79841,2,"[4, 8]",6.0,4,8,2,1.0,4.0,1.0,0.0
79843,3,"[6, 12, 14]",10.6667,6,14,3,1.0,2.3333,1.0,0.0
79861,2,"[6, 14]",10.0,6,14,2,1.0,3.0,0.5,0.0
79867,1,[12],12.0,12,12,1,1.0,1.0,1.0,0.0
79907,1,[16],16.0,16,16,1,1.0,1.0,1.0,0.0
79967,2,"[6, 18]",12.0,6,18,2,1.0,7.0,1.0,0.0
79973,1,[14],14.0,14,14,1,1.0,4.0,1.0,0.0
79979,1,[10],10.0,10,10,1,1.0,2.0,0.0,0.0
79997,1,[8],8.0,8,8,1,1.0,2.0,1.0,0.0
80021,1,[12],12.0,12,12,1,1.0,2.0,0.0,0.0
80149,1,[18],18.0,18,18,1,1.0,4.0,1.0,0.0
80167,2,"[8, 30]",19.0,8,30,2,1.0,2.0,1.0,0.0
80177,1,[20],20.0,20,20,1,1.0,2.0,1.0,0.0
80207,1,[10],10.0,10,10,1,1.0,6.0,1.0,0.0
80209,1,[12],12.0,12,12,1,1.0,2.0,1.0,0.0
80221,1,[60],60.0,60,60,1,1.0,4.0,1.0,0.0
80233,1,[36],36.0,36,36,1,1.0,2.0,1.0,0.0
80239,1,[12],12.0,12,12,1,1.0,3.0,1.0,0.0
80317,2,"[8, 12]",10.0,8,12,2,1.0,4.0,1.0,0.0
80347,1,[10],10.0,10,10,1,1.0,6.0,1.0,0.0
80363,1,[12],12.0,12,12,1,1.0,4.0,1.0,0.0
80369,1,[10],10.0,10,10,1,1.0,4.0,1.0,0.0
80387,1,[8],8.0,8,8,1,1.0,5.0,1.0,0.0
80407,1,[18],18.0,18,18,1,1.0,8.0,1.0,0.0
80429,1,[18],18.0,18,18,1,1.0,2.0,1.0,0.0
80471,1,[8],8.0,8,8,1,1.0,5.0,1.0,0.0
80489,1,[22],22.0,22,22,1,1.0,4.0,1.0,0.0
80527,1,[8],8.0,8,8,1,1.0,2.0,1.0,0.0
80537,1,[6],6.0,6,6,1,1.0,1.0,0.0,0.0
80557,2,"[8, 20]",14.0,8,20,2,1.0,4.0,1.0,0.0
80611,1,[14],14.0,14,14,1,1.0,2.0,1.0,0.0
80621,1,[20],20.0,20,20,1,1.0,3.0,1.0,0.0
80629,1,[18],18.0,18,18,1,1.0,6.0,1.0,0.0
80651,2,"[6, 10]",8.0,6,10,2,1.0,2.5,0.5,0.0
80681,1,[30],30.0,30,30,1,1.0,6.0,1.0,0.0
80683,1,[10],10.0,10,10,1,1.0,2.0,1.0,0.0
80737,2,"[12, 16]",14.0,12,16,2,1.0,5.0,1.0,0.0
80761,1,[12],12.0,12,12,1,1.0,2.0,1.0,0.0
80777,2,"[6, 12]",9.0,6,12,2,1.0,2.0,0.5,0.0
80783,1,[18],18.0,18,18,1,1.0,4.0,1.0,0.0
80789,2,"[6, 12]",9.0,6,12,2,1.0,1.5,0.5,0.0
80831,1,[6],6.0,6,6,1,1.0,4.0,1.0,0.0
80833,3,"[10, 12, 18]",13.3333,10,18,3,1.0,3.3333,1.0,0.0
80863,1,[14],14.0,14,14,1,1.0,12.0,1.0,0.0
80911,1,[6],6.0,6,6,1,1.0,1.0,1.0,0.0
80917,1,[6],6.0,6,6,1,1.0,1.0,0.0,0.0
80923,1,[10],10.0,10,10,1,1.0,4.0,1.0,0.0
80929,1,[10],10.0,10,10,1,1.0,2.0,1.0,0.0
80953,2,"[4, 14]",9.0,4,14,2,1.0,4.0,0.5,0.0
80989,1,[12],12.0,12,12,1,1.0,6.0,1.0,0.0
81023,2,"[4, 48]",26.0,4,48,2,1.0,1.5,0.5,0.0
81031,1,[8],8.0,8,8,1,1.0,2.0,1.0,0.0
81043,2,"[6, 12]",9.0,6,12,2,1.0,4.5,1.0,0.0
81047,2,"[6, 8]",7.0,6,8,2,1.0,1.5,1.0,0.0
81071,2,"[6, 36]",21.0,6,36,2,1.0,3.5,1.0,0.0
81083,1,[18],18.0,18,18,1,1.0,8.0,1.0,0.0
81097,2,"[6, 10]",8.0,6,10,2,1.0,2.5,1.0,0.0
81157,1,[8],8.0,8,8,1,1.0,2.0,0.0,0.0
81197,2,"[6, 42]",24.0,6,42,2,1.0,3.0,1.0,0.0
81233,2,"[4, 6]",5.0,4,6,2,1.0,2.5,1.0,0.0
81283,1,[24],24.0,24,24,1,1.0,2.0,1.0,0.0
81299,1,[6],6.0,6,6,1,1.0,1.0,0.0,0.0
81307,1,[12],12.0,12,12,1,1.0,11.0,1.0,0.0
81349,1,[18],18.0,18,18,1,1.0,1.0,1.0,0.0
81371,1,[8],8.0,8,8,1,1.0,2.0,1.0,0.0
81401,1,[12],12.0,12,12,1,1.0,8.0,1.0,0.0
81421,1,[18],18.0,18,18,1,1.0,4.0,1.0,0.0
81439,1,[12],12.0,12,12,1,1.0,2.0,1.0,0.0
81517,1,[16],16.0,16,16,1,1.0,4.0,1.0,0.0
81527,2,"[8, 42]",25.0,8,42,2,1.0,3.0,1.0,0.0
81547,2,[6],6.0,6,6,1,1.0,4.0,0.5,0.0
81559,1,[6],6.0,6,6,1,1.0,1.0,0.0,0.0
81569,1,[18],18.0,18,18,1,1.0,2.0,1.0,0.0
81611,2,"[4, 36]",20.0,4,36,2,1.0,2.0,0.5,0.0
81667,1,[6],6.0,6,6,1,1.0,5.0,1.0,0.0
81677,1,[12],12.0,12,12,1,1.0,2.0,1.0,0.0
81689,1,[20],20.0,20,20,1,1.0,6.0,1.0,0.0
81737,2,"[12, 24]",18.0,12,24,2,1.0,4.0,1.0,0.0
81761,2,"[8, 30]",19.0,8,30,2,1.0,5.0,1.0,0.0
81769,1,[12],12.0,12,12,1,1.0,5.0,1.0,0.0
81883,1,[18],18.0,18,18,1,1.0,4.0,1.0,0.0
81901,1,[8],8.0,8,8,1,1.0,2.0,0.0,0.0
81919,1,[32],32.0,32,32,1,1.0,4.0,1.0,0.0
81931,2,"[6, 28]",17.0,6,28,2,1.0,5.0,1.0,0.0
81943,1,[30],30.0,30,30,1,1.0,6.0,1.0,0.0
81971,2,"[6, 12]",9.0,6,12,2,1.0,3.5,1.0,0.0
81973,2,"[18, 22]",20.0,18,22,2,1.0,7.5,1.0,0.0
82009,1,[18],18.0,18,18,1,1.0,6.0,1.0,0.0
82013,1,[18],18.0,18,18,1,1.0,2.0,1.0,0.0
82037,1,[10],10.0,10,10,1,1.0,6.0,0.0,0.0
82067,2,"[8, 24]",16.0,8,24,2,1.0,4.5,0.5,0.0
82129,1,[12],12.0,12,12,1,1.0,10.0,1.0,0.0
82163,1,[42],42.0,42,42,1,1.0,24.0,0.0,1.0
82241,2,"[8, 12]",10.0,8,12,2,1.0,2.5,1.0,0.0
82261,1,[10],10.0,10,10,1,1.0,1.0,1.0,0.0
82267,1,[16],16.0,16,16,1,1.0,4.0,1.0,0.0
82301,1,[12],12.0,12,12,1,1.0,3.0,1.0,0.0
82349,1,[12],12.0,12,12,1,1.0,2.0,1.0,0.0
82361,1,[12],12.0,12,12,1,1.0,6.0,1.0,0.0
82387,1,[6],6.0,6,6,1,1.0,2.0,0.0,0.0
82393,2,"[18, 22]",20.0,18,22,2,1.0,2.5,1.0,0.0
82421,1,[30],30.0,30,30,1,1.0,2.0,1.0,0.0
82457,2,"[6, 10]",8.0,6,10,2,1.0,3.0,1.0,0.0
82487,1,[6],6.0,6,6,1,1.0,2.0,0.0,0.0
82529,1,[18],18.0,18,18,1,1.0,2.0,1.0,0.0
82531,1,[20],20.0,20,20,1,1.0,2.0,1.0,0.0
82561,1,[14],14.0,14,14,1,1.0,2.0,1.0,0.0
82721,1,[24],24.0,24,24,1,1.0,6.0,1.0,0.0
82723,1,[10],10.0,10,10,1,1.0,2.0,1.0,0.0
82763,1,[10],10.0,10,10,1,1.0,4.0,1.0,0.0
82781,2,"[6, 14]",10.0,6,14,2,1.0,2.0,1.0,0.0
82787,2,"[6, 12]",9.0,6,12,2,1.0,3.5,1.0,0.0
82811,2,"[14, 36]",25.0,14,36,2,1.0,2.0,1.0,0.0
82883,1,[18],18.0,18,18,1,1.0,10.0,1.0,0.0
82889,1,[6],6.0,6,6,1,1.0,3.0,1.0,0.0
82891,1,[6],6.0,6,6,1,1.0,2.0,1.0,0.0
82903,1,[14],14.0,14,14,1,1.0,3.0,1.0,0.0
82913,1,[6],6.0,6,6,1,1.0,2.0,1.0,0.0
82997,1,[6],6.0,6,6,1,1.0,2.0,0.0,0.0
83023,1,[10],10.0,10,10,1,1.0,3.0,1.0,0.0
83047,1,[18],18.0,18,18,1,1.0,5.0,1.0,0.0
83059,1,[24],24.0,24,24,1,1.0,2.0,1.0,0.0
83071,1,[20],20.0,20,20,1,1.0,6.0,1.0,0.0
83093,1,[12],12.0,12,12,1,1.0,2.0,1.0,0.0
83137,1,[6],6.0,6,6,1,1.0,2.0,1.0,0.0
83299,1,[18],18.0,18,18,1,1.0,6.0,1.0,0.0
83341,1,[4],4.0,4,4,1,1.0,1.0,0.0,0.0
83407,1,[12],12.0,12,12,1,1.0,6.0,1.0,0.0
83417,1,[8],8.0,8,8,1,1.0,2.0,1.0,0.0
83431,1,[6],6.0,6,6,1,1.0,1.0,1.0,0.0
83437,1,[6],6.0,6,6,1,1.0,2.0,0.0,0.0
83443,1,[12],12.0,12,12,1,1.0,6.0,1.0,0.0
83471,2,"[10, 38]",24.0,10,38,2,1.0,5.0,1.0,0.0
83477,1,[10],10.0,10,10,1,1.0,1.0,1.0,0.0
83561,1,[10],10.0,10,10,1,1.0,4.0,1.0,0.0
83563,1,[24],24.0,24,24,1,1.0,8.0,1.0,0.0
83597,1,[8],8.0,8,8,1,1.0,2.0,1.0,0.0
83621,1,[4],4.0,4,4,1,1.0,2.0,0.0,0.0
83639,1,[12],12.0,12,12,1,1.0,6.0,1.0,0.0
83641,1,[30],30.0,30,30,1,1.0,1.0,1.0,0.0
83653,2,"[4, 10]",7.0,4,10,2,1.0,3.5,0.5,0.0
83701,1,[18],18.0,18,18,1,1.0,4.0,1.0,0.0
83737,1,[10],10.0,10,10,1,1.0,6.0,1.0,0.0
83761,1,[4],4.0,4,4,1,1.0,1.0,0.0,0.0
83777,1,[28],28.0,28,28,1,1.0,6.0,1.0,0.0
83857,1,[6],6.0,6,6,1,1.0,3.0,1.0,0.0
83869,1,[16],16.0,16,16,1,1.0,3.0,1.0,0.0
83873,1,[18],18.0,18,18,1,1.0,4.0,1.0,0.0
83911,2,"[12, 28]",20.0,12,28,2,1.0,6.5,1.0,0.0
83983,1,[6],6.0,6,6,1,1.0,2.0,0.0,0.0
83987,1,[30],30.0,30,30,1,1.0,6.0,1.0,0.0
84047,1,[6],6.0,6,6,1,1.0,2.0,1.0,0.0
84059,1,[16],16.0,16,16,1,1.0,1.0,1.0,0.0
84067,1,[12],12.0,12,12,1,1.0,1.0,1.0,0.0
84127,1,[10],10.0,10,10,1,1.0,2.0,1.0,0.0
84131,2,"[6, 8]",7.0,6,8,2,1.0,2.0,1.0,0.0
84181,1,[30],30.0,30,30,1,1.0,1.0,1.0,0.0
84247,1,[38],38.0,38,38,1,1.0,2.0,1.0,0.0
84263,1,[40],40.0,40,40,1,1.0,10.0,1.0,0.0
84407,1,[26],26.0,26,26,1,1.0,2.0,1.0,0.0
84431,2,"[6, 14]",10.0,6,14,2,1.0,2.0,1.0,0.0
84437,1,[6],6.0,6,6,1,1.0,2.0,1.0,0.0
84463,1,[18],18.0,18,18,1,1.0,8.0,1.0,0.0
84499,1,[30],30.0,30,30,1,1.0,6.0,1.0,0.0
84509,2,"[6, 18]",12.0,6,18,2,1.0,4.0,0.5,0.0
84523,1,[6],6.0,6,6,1,1.0,2.0,1.0,0.0
84589,1,[10],10.0,10,10,1,1.0,4.0,1.0,0.0
84649,1,[6],6.0,6,6,1,1.0,2.0,1.0,0.0
84701,1,[12],12.0,12,12,1,1.0,4.0,1.0,0.0
84737,1,[24],24.0,24,24,1,1.0,6.0,1.0,0.0
84761,1,[8],8.0,8,8,1,1.0,6.0,1.0,0.0
84787,1,[8],8.0,8,8,1,1.0,2.0,0.0,0.0
84793,1,[12],12.0,12,12,1,1.0,2.0,1.0,0.0
84809,1,[10],10.0,10,10,1,1.0,1.0,1.0,0.0
84811,2,"[14, 28]",21.0,14,28,2,1.0,5.0,1.0,0.0
84859,1,[18],18.0,18,18,1,1.0,4.0,1.0,0.0
84869,1,[20],20.0,20,20,1,1.0,2.0,1.0,0.0
84947,1,[12],12.0,12,12,1,1.0,6.0,1.0,0.0
84961,1,[6],6.0,6,6,1,1.0,2.0,1.0,0.0
84967,1,[12],12.0,12,12,1,1.0,3.0,1.0,0.0
84991,1,[6],6.0,6,6,1,1.0,2.0,0.0,0.0
85037,1,[12],12.0,12,12,1,1.0,2.0,1.0,0.0
85061,1,[12],12.0,12,12,1,1.0,2.0,1.0,0.0
85081,3,"[4, 18, 60]",27.3333,4,60,3,1.0,4.6667,0.6667,0.0
85103,1,[20],20.0,20,20,1,1.0,2.0,1.0,0.0
85109,1,[12],12.0,12,12,1,1.0,2.0,1.0,0.0
85199,1,[20],20.0,20,20,1,1.0,6.0,1.0,0.0
85213,1,[12],12.0,12,12,1,1.0,2.0,1.0,0.0
85243,1,[14],14.0,14,14,1,1.0,3.0,1.0,0.0
85361,1,[12],12.0,12,12,1,1.0,2.0,1.0,0.0
85363,1,[18],18.0,18,18,1,1.0,4.0,1.0,0.0
85451,1,[18],18.0,18,18,1,1.0,2.0,1.0,0.0
85513,1,[18],18.0,18,18,1,1.0,3.0,1.0,0.0
85517,1,[6],6.0,6,6,1,1.0,2.0,0.0,0.0
85523,1,[10],10.0,10,10,1,1.0,3.0,1.0,0.0
85571,1,[12],12.0,12,12,1,1.0,8.0,1.0,0.0
85607,1,[6],6.0,6,6,1,1.0,1.0,1.0,0.0
85621,1,[12],12.0,12,12,1,1.0,3.0,1.0,0.0
85643,2,"[6, 18]",12.0,6,18,2,1.0,5.0,0.5,0.0
85667,1,[12],12.0,12,12,1,1.0,2.0,1.0,0.0
85717,1,[10],10.0,10,10,1,1.0,6.0,1.0,0.0
85733,1,[6],6.0,6,6,1,1.0,3.0,0.0,0.0
85751,1,[10],10.0,10,10,1,1.0,4.0,1.0,0.0
85817,1,[36],36.0,36,36,1,1.0,4.0,1.0,0.0
85819,1,[16],16.0,16,16,1,1.0,6.0,1.0,0.0
85829,1,[16],16.0,16,16,1,1.0,4.0,1.0,0.0
85831,2,"[4, 6]",5.0,4,6,2,1.0,2.5,1.0,0.0
85853,1,[6],6.0,6,6,1,1.0,3.0,0.0,0.0
85903,2,"[4, 18]",11.0,4,18,2,1.0,2.5,1.0,0.0
85909,1,[18],18.0,18,18,1,1.0,3.0,1.0,0.0
85933,1,[18],18.0,18,18,1,1.0,6.0,1.0,0.0
85991,2,"[12, 18]",15.0,12,18,2,1.0,3.0,1.0,0.0
86011,1,[34],34.0,34,34,1,1.0,6.0,1.0,0.0
86111,1,[20],20.0,20,20,1,1.0,12.0,1.0,0.0
86131,1,[6],6.0,6,6,1,1.0,1.0,0.0,0.0
86137,1,[6],6.0,6,6,1,1.0,2.0,1.0,0.0
86143,1,[20],20.0,20,20,1,1.0,6.0,1.0,0.0
86161,3,"[4, 8, 18]",10.0,4,18,3,1.0,3.0,0.6667,0.0
86171,1,[30],30.0,30,30,1,1.0,6.0,1.0,0.0
86179,1,[30],30.0,30,30,1,1.0,4.0,1.0,0.0
86201,1,[4],4.0,4,4,1,1.0,2.0,0.0,0.0
86243,1,[4],4.0,4,4,1,1.0,1.0,0.0,0.0
86249,2,"[6, 16]",11.0,6,16,2,1.0,3.0,0.5,0.0
86257,3,"[6, 8, 16]",10.0,6,16,3,1.0,2.3333,1.0,0.0
86263,1,[24],24.0,24,24,1,1.0,2.0,1.0,0.0
86269,1,[20],20.0,20,20,1,1.0,2.0,1.0,0.0
86287,1,[6],6.0,6,6,1,1.0,5.0,1.0,0.0
86399,1,[6],6.0,6,6,1,1.0,1.0,0.0,0.0
86461,1,[14],14.0,14,14,1,1.0,2.0,1.0,0.0
86467,1,[10],10.0,10,10,1,1.0,3.0,1.0,0.0
86501,1,[14],14.0,14,14,1,1.0,2.0,1.0,0.0
86509,1,[10],10.0,10,10,1,1.0,1.0,1.0,0.0
86587,1,[10],10.0,10,10,1,1.0,3.0,1.0,0.0
86627,1,[26],26.0,26,26,1,1.0,2.0,1.0,0.0
86689,1,[22],22.0,22,22,1,1.0,4.0,1.0,0.0
86711,1,[30],30.0,30,30,1,1.0,8.0,1.0,0.0
86753,1,[30],30.0,30,30,1,1.0,6.0,1.0,0.0
86767,1,[12],12.0,12,12,1,1.0,6.0,1.0,0.0
86851,1,[6],6.0,6,6,1,1.0,2.0,0.0,0.0
86923,1,[40],40.0,40,40,1,1.0,6.0,1.0,0.0
86927,3,"[12, 24]",16.0,12,24,2,1.0,2.0,1.0,0.0
86939,1,[24],24.0,24,24,1,1.0,3.0,1.0,0.0
86951,2,"[4, 10]",7.0,4,10,2,1.0,3.0,0.5,0.0
86969,1,[12],12.0,12,12,1,1.0,2.0,1.0,0.0
86981,1,[8],8.0,8,8,1,1.0,3.0,1.0,0.0
86993,1,[4],4.0,4,4,1,1.0,3.0,0.0,0.0
87107,1,[8],8.0,8,8,1,1.0,6.0,1.0,0.0
87211,1,[4],4.0,4,4,1,1.0,2.0,0.0,0.0
87221,1,[36],36.0,36,36,1,1.0,2.0,1.0,0.0
87251,1,[4],4.0,4,4,1,1.0,2.0,1.0,0.0
87253,1,[14],14.0,14,14,1,1.0,6.0,1.0,0.0
87323,2,"[4, 6]",5.0,4,6,2,1.0,1.0,0.5,0.0
87407,1,[16],16.0,16,16,1,1.0,4.0,1.0,0.0
87421,1,[6],6.0,6,6,1,1.0,2.0,0.0,0.0
87473,1,[18],18.0,18,18,1,1.0,6.0,1.0,0.0
87509,1,[42],42.0,42,42,1,1.0,7.0,1.0,0.0
87511,2,"[6, 10]",8.0,6,10,2,1.0,2.5,1.0,0.0
87517,1,[16],16.0,16,16,1,1.0,2.0,1.0,0.0
87523,1,[14],14.0,14,14,1,1.0,2.0,1.0,0.0
87541,1,[6],6.0,6,6,1,1.0,4.0,1.0,0.0
87547,1,[18],18.0,18,18,1,1.0,8.0,1.0,0.0
87623,1,[14],14.0,14,14,1,1.0,4.0,1.0,0.0
87631,2,"[4, 8]",6.0,4,8,2,1.0,3.5,1.0,0.0
87683,1,[18],18.0,18,18,1,1.0,5.0,1.0,0.0
87691,1,[12],12.0,12,12,1,1.0,2.0,1.0,0.0
87697,2,"[10, 38]",24.0,10,38,2,1.0,4.0,1.0,0.0
87701,1,[8],8.0,8,8,1,1.0,2.0,1.0,0.0
87721,1,[4],4.0,4,4,1,1.0,3.0,0.0,0.0
87739,1,[6],6.0,6,6,1,1.0,2.0,1.0,0.0
87793,1,[4],4.0,4,4,1,1.0,3.0,0.0,0.0
87797,1,[10],10.0,10,10,1,1.0,1.0,1.0,0.0
87877,1,[46],46.0,46,46,1,1.0,1.0,1.0,0.0
87881,1,[4],4.0,4,4,1,1.0,2.0,0.0,0.0
87931,1,[6],6.0,6,6,1,1.0,1.0,0.0,0.0
87977,2,"[10, 26]",18.0,10,26,2,1.0,4.0,1.0,0.0
88001,1,[18],18.0,18,18,1,1.0,12.0,1.0,0.0
88003,1,[22],22.0,22,22,1,1.0,4.0,1.0,0.0
88037,1,[28],28.0,28,28,1,1.0,3.0,1.0,0.0
88069,1,[24],24.0,24,24,1,1.0,4.0,1.0,0.0
88093,1,[22],22.0,22,22,1,1.0,1.0,1.0,0.0
88117,1,[20],20.0,20,20,1,1.0,2.0,1.0,0.0
88223,2,"[6, 18]",12.0,6,18,2,1.0,2.5,0.5,0.0
88241,1,[8],8.0,8,8,1,1.0,3.0,1.0,0.0
88259,1,[12],12.0,12,12,1,1.0,6.0,1.0,0.0
88261,1,[4],4.0,4,4,1,1.0,3.0,0.0,0.0
88321,1,[14],14.0,14,14,1,1.0,4.0,1.0,0.0
88423,1,[4],4.0,4,4,1,1.0,1.0,1.0,0.0
88463,1,[14],14.0,14,14,1,1.0,4.0,1.0,0.0
88499,1,[24],24.0,24,24,1,1.0,3.0,1.0,0.0
88513,2,"[4, 82]",43.0,4,82,2,1.0,4.5,0.5,0.0
88589,1,[20],20.0,20,20,1,1.0,2.0,1.0,0.0
88607,1,[10],10.0,10,10,1,1.0,2.0,0.0,0.0
88643,1,[6],6.0,6,6,1,1.0,4.0,0.0,0.0
88651,1,[4],4.0,4,4,1,1.0,2.0,0.0,0.0
88657,1,[16],16.0,16,16,1,1.0,2.0,1.0,0.0
88667,1,[6],6.0,6,6,1,1.0,1.0,1.0,0.0
88681,1,[4],4.0,4,4,1,1.0,1.0,0.0,0.0
88799,1,[6],6.0,6,6,1,1.0,4.0,1.0,0.0
88807,1,[28],28.0,28,28,1,1.0,2.0,1.0,0.0
88861,1,[6],6.0,6,6,1,1.0,4.0,1.0,0.0
88897,1,[10],10.0,10,10,1,1.0,1.0,1.0,0.0
88997,1,[6],6.0,6,6,1,1.0,4.0,1.0,0.0
89017,1,[6],6.0,6,6,1,1.0,2.0,0.0,0.0
89021,1,[34],34.0,34,34,1,1.0,4.0,1.0,0.0
89069,2,"[10, 26]",18.0,10,26,2,1.0,5.0,1.0,0.0
89101,1,[6],6.0,6,6,1,1.0,4.0,1.0,0.0
89107,1,[6],6.0,6,6,1,1.0,3.0,0.0,0.0
89119,1,[16],16.0,16,16,1,1.0,6.0,1.0,0.0
89153,1,[10],10.0,10,10,1,1.0,4.0,1.0,0.0
89213,2,"[4, 24]",14.0,4,24,2,1.0,2.5,0.5,0.0
89237,1,[6],6.0,6,6,1,1.0,4.0,0.0,0.0
89363,2,"[12, 24]",18.0,12,24,2,1.0,5.0,1.0,0.0
89371,2,"[10, 20]",15.0,10,20,2,1.0,5.0,1.0,0.0
89381,1,[6],6.0,6,6,1,1.0,2.0,1.0,0.0
89387,1,[6],6.0,6,6,1,1.0,5.0,1.0,0.0
89393,2,"[10, 18]",14.0,10,18,2,1.0,3.5,1.0,0.0
89413,1,[14],14.0,14,14,1,1.0,5.0,1.0,0.0
89417,1,[46],46.0,46,46,1,1.0,4.0,1.0,0.0
89443,1,[48],48.0,48,48,1,1.0,3.0,1.0,0.0
89477,1,[28],28.0,28,28,1,1.0,6.0,1.0,0.0
89513,1,[34],34.0,34,34,1,1.0,1.0,1.0,0.0
89521,3,"[6, 36]",16.0,6,36,2,1.0,2.0,0.6667,0.0
89533,1,[18],18.0,18,18,1,1.0,3.0,1.0,0.0
89591,1,[4],4.0,4,4,1,1.0,1.0,0.0,0.0
89603,1,[4],4.0,4,4,1,1.0,2.0,0.0,0.0
89759,1,[6],6.0,6,6,1,1.0,1.0,1.0,0.0
89783,1,[12],12.0,12,12,1,1.0,6.0,1.0,0.0
89809,1,[12],12.0,12,12,1,1.0,6.0,1.0,0.0
89821,1,[12],12.0,12,12,1,1.0,2.0,1.0,0.0
89963,1,[18],18.0,18,18,1,1.0,6.0,1.0,0.0
89977,3,"[6, 8, 12]",8.6667,6,12,3,1.0,3.3333,0.3333,0.0
90053,1,[4],4.0,4,4,1,1.0,3.0,0.0,0.0
90067,1,[8],8.0,8,8,1,1.0,4.0,1.0,0.0
90071,3,"[6, 18, 28]",17.3333,6,28,3,1.0,3.3333,1.0,0.0
90073,1,[10],10.0,10,10,1,1.0,4.0,1.0,0.0
90107,1,[8],8.0,8,8,1,1.0,2.0,1.0,0.0
90121,1,[8],8.0,8,8,1,1.0,2.0,1.0,0.0
90197,1,[6],6.0,6,6,1,1.0,4.0,1.0,0.0
90203,1,[22],22.0,22,22,1,1.0,6.0,1.0,0.0
90217,1,[8],8.0,8,8,1,1.0,2.0,1.0,0.0
90239,1,[6],6.0,6,6,1,1.0,1.0,1.0,0.0
90401,2,"[14, 36]",25.0,14,36,2,1.0,5.0,1.0,0.0
90407,1,[10],10.0,10,10,1,1.0,3.0,1.0,0.0
90469,1,[22],22.0,22,22,1,1.0,12.0,0.0,1.0
90499,1,[12],12.0,12,12,1,1.0,7.0,1.0,0.0
90511,1,[36],36.0,36,36,1,1.0,6.0,1.0,0.0
90529,1,[16],16.0,16,16,1,1.0,10.0,1.0,0.0
90619,1,[12],12.0,12,12,1,1.0,2.0,1.0,0.0
90641,1,[18],18.0,18,18,1,1.0,2.0,1.0,0.0
90679,1,[66],66.0,66,66,1,1.0,2.0,1.0,0.0
90697,1,[6],6.0,6,6,1,1.0,4.0,1.0,0.0
90911,1,[24],24.0,24,24,1,1.0,4.0,1.0,0.0
90917,1,[10],10.0,10,10,1,1.0,2.0,0.0,0.0
91033,2,"[6, 14]",10.0,6,14,2,1.0,2.0,1.0,0.0
91079,3,"[6, 12, 16]",11.3333,6,16,3,1.0,5.0,1.0,0.0
91099,1,[26],26.0,26,26,1,1.0,6.0,1.0,0.0
91127,1,[12],12.0,12,12,1,1.0,2.0,1.0,0.0
91141,1,[6],6.0,6,6,1,1.0,2.0,1.0,0.0
91163,1,[14],14.0,14,14,1,1.0,3.0,1.0,0.0
91193,1,[12],12.0,12,12,1,1.0,1.0,1.0,0.0
91237,2,"[6, 8]",7.0,6,8,2,1.0,3.0,1.0,0.0
91253,1,[14],14.0,14,14,1,1.0,5.0,1.0,0.0
91283,1,[12],12.0,12,12,1,1.0,4.0,1.0,0.0
91291,1,[6],6.0,6,6,1,1.0,4.0,1.0,0.0
91297,1,[6],6.0,6,6,1,1.0,3.0,0.0,0.0
91303,1,[10],10.0,10,10,1,1.0,7.0,1.0,0.0
91369,1,[16],16.0,16,16,1,1.0,4.0,1.0,0.0
91373,1,[6],6.0,6,6,1,1.0,2.0,0.0,0.0
91381,1,[6],6.0,6,6,1,1.0,4.0,1.0,0.0
91423,1,[32],32.0,32,32,1,1.0,2.0,1.0,0.0
91433,1,[30],30.0,30,30,1,1.0,10.0,1.0,0.0
91453,1,[6],6.0,6,6,1,1.0,3.0,1.0,0.0
91459,1,[12],12.0,12,12,1,1.0,6.0,1.0,0.0
91463,1,[24],24.0,24,24,1,1.0,4.0,1.0,0.0
91493,1,[50],50.0,50,50,1,1.0,2.0,1.0,0.0
91571,1,[6],6.0,6,6,1,1.0,2.0,1.0,0.0
91621,1,[4],4.0,4,4,1,1.0,3.0,0.0,0.0
91639,1,[12],12.0,12,12,1,1.0,2.0,1.0,0.0
91673,1,[42],42.0,42,42,1,1.0,4.0,1.0,0.0
91733,1,[18],18.0,18,18,1,1.0,3.0,1.0,0.0
91757,1,[6],6.0,6,6,1,1.0,1.0,0.0,0.0
91781,1,[14],14.0,14,14,1,1.0,6.0,1.0,0.0
91801,1,[42],42.0,42,42,1,1.0,2.0,1.0,0.0
91811,1,[28],28.0,28,28,1,1.0,6.0,1.0,0.0
91837,2,"[10, 36]",23.0,10,36,2,1.0,3.0,1.0,0.0
91921,1,[10],10.0,10,10,1,1.0,4.0,1.0,0.0
91939,1,[10],10.0,10,10,1,1.0,2.0,1.0,0.0
91961,2,"[12, 14]",13.0,12,14,2,1.0,4.0,1.0,0.0
91967,1,[6],6.0,6,6,1,1.0,2.0,1.0,0.0
91997,2,"[6, 8]",7.0,6,8,2,1.0,4.0,1.0,0.0
92041,2,"[6, 14]",10.0,6,14,2,1.0,2.0,1.0,0.0
92077,1,[8],8.0,8,8,1,1.0,6.0,1.0,0.0
92119,1,[16],16.0,16,16,1,1.0,4.0,1.0,0.0
92153,1,[6],6.0,6,6,1,1.0,3.0,1.0,0.0
92219,1,[24],24.0,24,24,1,1.0,3.0,1.0,0.0
92221,1,[6],6.0,6,6,1,1.0,4.0,1.0,0.0
92233,1,[18],18.0,18,18,1,1.0,4.0,1.0,0.0
92317,1,[26],26.0,26,26,1,1.0,2.0,1.0,0.0
92333,1,[4],4.0,4,4,1,1.0,3.0,0.0,0.0
92347,1,[58],58.0,58,58,1,1.0,4.0,1.0,0.0
92353,1,[14],14.0,14,14,1,1.0,6.0,1.0,0.0
92357,1,[6],6.0,6,6,1,1.0,3.0,1.0,0.0
92387,1,[8],8.0,8,8,1,1.0,2.0,1.0,0.0
92419,1,[18],18.0,18,18,1,1.0,14.0,1.0,0.0
92431,2,"[4, 8]",6.0,4,8,2,1.0,4.0,0.5,0.0
92467,1,[10],10.0,10,10,1,1.0,6.0,1.0,0.0
92507,1,[6],6.0,6,6,1,1.0,1.0,1.0,0.0
92557,1,[12],12.0,12,12,1,1.0,4.0,1.0,0.0
92569,1,[12],12.0,12,12,1,1.0,4.0,1.0,0.0
92581,1,[4],4.0,4,4,1,1.0,1.0,0.0,0.0
92657,1,[6],6.0,6,6,1,1.0,1.0,0.0,0.0
92693,1,[18],18.0,18,18,1,1.0,4.0,1.0,0.0
92707,1,[28],28.0,28,28,1,1.0,2.0,1.0,0.0
92737,1,[8],8.0,8,8,1,1.0,2.0,1.0,0.0
92753,1,[10],10.0,10,10,1,1.0,4.0,1.0,0.0
92779,1,[12],12.0,12,12,1,1.0,2.0,1.0,0.0
92791,1,[20],20.0,20,20,1,1.0,5.0,1.0,0.0
92821,1,[40],40.0,40,40,1,1.0,4.0,1.0,0.0
92831,1,[4],4.0,4,4,1,1.0,1.0,0.0,0.0
92849,1,[6],6.0,6,6,1,1.0,2.0,0.0,0.0
92857,1,[10],10.0,10,10,1,1.0,1.0,1.0,0.0
92957,1,[10],10.0,10,10,1,1.0,6.0,1.0,0.0
92959,1,[24],24.0,24,24,1,1.0,2.0,1.0,0.0
92987,1,[20],20.0,20,20,1,1.0,2.0,1.0,0.0
93047,1,[6],6.0,6,6,1,1.0,4.0,1.0,0.0
93053,1,[6],6.0,6,6,1,1.0,3.0,0.0,0.0
93077,1,[6],6.0,6,6,1,1.0,2.0,1.0,0.0
93083,1,[54],54.0,54,54,1,1.0,4.0,1.0,0.0
93103,1,[44],44.0,44,44,1,1.0,2.0,1.0,0.0
93133,1,[18],18.0,18,18,1,1.0,2.0,1.0,0.0
93169,1,[30],30.0,30,30,1,1.0,3.0,1.0,0.0
93229,1,[22],22.0,22,22,1,1.0,8.0,1.0,0.0
93251,2,[6],6.0,6,6,1,1.0,3.0,1.0,0.0
93257,1,[18],18.0,18,18,1,1.0,4.0,1.0,0.0
93281,2,"[18, 20]",19.0,18,20,2,1.0,5.0,1.0,0.0
93319,1,[10],10.0,10,10,1,1.0,2.0,1.0,0.0
93371,2,"[6, 8]",7.0,6,8,2,1.0,3.5,1.0,0.0
93377,1,[12],12.0,12,12,1,1.0,4.0,1.0,0.0
93419,1,[20],20.0,20,20,1,1.0,2.0,1.0,0.0
93427,1,[6],6.0,6,6,1,1.0,2.0,1.0,0.0
93491,1,[6],6.0,6,6,1,1.0,5.0,1.0,0.0
93497,2,"[6, 8]",7.0,6,8,2,1.0,2.5,1.0,0.0
93529,2,"[6, 12]",9.0,6,12,2,1.0,2.0,1.0,0.0
93581,1,[8],8.0,8,8,1,1.0,2.0,1.0,0.0
93629,1,[6],6.0,6,6,1,1.0,3.0,0.0,0.0
93701,1,[14],14.0,14,14,1,1.0,2.0,1.0,0.0
93703,1,[22],22.0,22,22,1,1.0,6.0,1.0,0.0
93739,1,[24],24.0,24,24,1,1.0,4.0,1.0,0.0
93851,2,"[12, 28]",20.0,12,28,2,1.0,8.0,1.0,0.0
93871,1,[14],14.0,14,14,1,1.0,2.0,1.0,0.0
93911,1,[14],14.0,14,14,1,1.0,2.0,1.0,0.0
93913,1,[24],24.0,24,24,1,1.0,8.0,1.0,0.0
93949,3,"[10, 12, 20]",14.0,10,20,3,1.0,3.0,1.0,0.0
93979,1,[12],12.0,12,12,1,1.0,2.0,1.0,0.0
93997,1,[10],10.0,10,10,1,1.0,4.0,1.0,0.0
94049,1,[10],10.0,10,10,1,1.0,1.0,1.0,0.0
94273,1,[14],14.0,14,14,1,1.0,6.0,1.0,0.0
94291,1,[8],8.0,8,8,1,1.0,2.0,1.0,0.0
94307,1,[18],18.0,18,18,1,1.0,4.0,1.0,0.0
94321,1,[14],14.0,14,14,1,1.0,2.0,1.0,0.0
94327,1,[10],10.0,10,10,1,1.0,2.0,1.0,0.0
94379,1,[6],6.0,6,6,1,1.0,1.0,1.0,0.0
94421,1,[6],6.0,6,6,1,1.0,2.0,1.0,0.0
94427,1,[6],6.0,6,6,1,1.0,3.0,0.0,0.0
94447,1,[28],28.0,28,28,1,1.0,9.0,1.0,0.0
94477,2,"[16, 36]",26.0,16,36,2,1.0,2.0,1.0,0.0
94529,1,[22],22.0,22,22,1,1.0,12.0,1.0,0.0
94559,1,[10],10.0,10,10,1,1.0,4.0,1.0,0.0
94573,1,[22],22.0,22,22,1,1.0,1.0,1.0,0.0
94583,2,"[22, 24]",23.0,22,24,2,1.0,6.5,1.0,0.0
94597,1,[8],8.0,8,8,1,1.0,2.0,1.0,0.0
94603,2,"[4, 6]",5.0,4,6,2,1.0,1.5,1.0,0.0
94651,1,[4],4.0,4,4,1,1.0,1.0,0.0,0.0
94687,1,[18],18.0,18,18,1,1.0,5.0,1.0,0.0
94693,1,[6],6.0,6,6,1,1.0,3.0,1.0,0.0
94723,1,[24],24.0,24,24,1,1.0,2.0,1.0,0.0
94727,2,"[10, 12]",11.0,10,12,2,1.0,4.5,1.0,0.0
94771,1,[6],6.0,6,6,1,1.0,2.0,1.0,0.0
94789,2,"[10, 20]",15.0,10,20,2,1.0,1.5,1.0,0.0
94819,1,[10],10.0,10,10,1,1.0,2.0,1.0,0.0
94841,1,[18],18.0,18,18,1,1.0,4.0,1.0,0.0
94847,1,[10],10.0,10,10,1,1.0,4.0,1.0,0.0
94907,1,[6],6.0,6,6,1,1.0,1.0,1.0,0.0
94933,1,[4],4.0,4,4,1,1.0,3.0,1.0,0.0
94949,2,"[6, 12]",9.0,6,12,2,1.0,2.5,1.0,0.0
95009,1,[22],22.0,22,22,1,1.0,4.0,1.0,0.0
95021,1,[8],8.0,8,8,1,1.0,3.0,1.0,0.0
95027,2,"[6, 10]",8.0,6,10,2,1.0,2.0,1.0,0.0
95063,1,[18],18.0,18,18,1,1.0,4.0,1.0,0.0
95083,1,[6],6.0,6,6,1,1.0,2.0,1.0,0.0
95089,1,[12],12.0,12,12,1,1.0,2.0,1.0,0.0
95093,1,[4],4.0,4,4,1,1.0,3.0,0.0,0.0
95111,1,[44],44.0,44,44,1,1.0,2.0,1.0,0.0
95153,1,[12],12.0,12,12,1,1.0,10.0,1.0,0.0
95191,1,[18],18.0,18,18,1,1.0,8.0,1.0,0.0
95219,1,[6],6.0,6,6,1,1.0,2.0,0.0,0.0
95261,1,[6],6.0,6,6,1,1.0,2.0,1.0,0.0
95267,1,[6],6.0,6,6,1,1.0,5.0,1.0,0.0
95273,1,[4],4.0,4,4,1,1.0,3.0,0.0,0.0
95279,2,"[6, 12]",9.0,6,12,2,1.0,1.5,1.0,0.0
95327,1,[12],12.0,12,12,1,1.0,6.0,1.0,0.0
95461,2,"[12, 14]",13.0,12,14,2,1.0,3.0,1.0,0.0
95467,2,"[10, 26]",18.0,10,26,2,1.0,5.0,1.0,0.0
95483,2,"[4, 10]",7.0,4,10,2,1.0,3.5,0.5,0.0
95569,1,[18],18.0,18,18,1,1.0,14.0,1.0,0.0
95581,1,[10],10.0,10,10,1,1.0,4.0,1.0,0.0
95603,1,[24],24.0,24,24,1,1.0,2.0,1.0,0.0
95629,1,[12],12.0,12,12,1,1.0,5.0,1.0,0.0
95701,1,[6],6.0,6,6,1,1.0,2.0,0.0,0.0
95713,1,[10],10.0,10,10,1,1.0,2.0,1.0,0.0
95717,1,[8],8.0,8,8,1,1.0,2.0,1.0,0.0
95747,1,[6],6.0,6,6,1,1.0,4.0,0.0,0.0
95783,1,[44],44.0,44,44,1,1.0,5.0,1.0,0.0
95873,1,[6],6.0,6,6,1,1.0,2.0,1.0,0.0
95891,1,[8],8.0,8,8,1,1.0,2.0,1.0,0.0
95911,2,"[6, 18]",12.0,6,18,2,1.0,5.5,1.0,0.0
95917,1,[6],6.0,6,6,1,1.0,3.0,1.0,0.0
95947,1,[12],12.0,12,12,1,1.0,3.0,1.0,0.0
95989,1,[12],12.0,12,12,1,1.0,8.0,1.0,0.0
96079,1,[10],10.0,10,10,1,1.0,4.0,1.0,0.0
96157,1,[28],28.0,28,28,1,1.0,2.0,1.0,0.0
96181,1,[8],8.0,8,8,1,1.0,2.0,1.0,0.0
96221,1,[34],34.0,34,34,1,1.0,1.0,1.0,0.0
96233,1,[6],6.0,6,6,1,1.0,3.0,1.0,0.0
96263,2,"[14, 30]",22.0,14,30,2,1.0,3.0,1.0,0.0
96323,1,[10],10.0,10,10,1,1.0,8.0,1.0,0.0
96329,1,[24],24.0,24,24,1,1.0,4.0,1.0,0.0
96331,1,[4],4.0,4,4,1,1.0,1.0,0.0,0.0
96337,1,[10],10.0,10,10,1,1.0,1.0,1.0,0.0
96353,2,"[4, 24]",14.0,4,24,2,1.0,2.5,0.5,0.0
96377,1,[10],10.0,10,10,1,1.0,4.0,1.0,0.0
96419,1,[12],12.0,12,12,1,1.0,2.0,1.0,0.0
96451,1,[8],8.0,8,8,1,1.0,6.0,1.0,0.0
96469,1,[16],16.0,16,16,1,1.0,4.0,1.0,0.0
96479,1,[6],6.0,6,6,1,1.0,2.0,0.0,0.0
96487,1,[8],8.0,8,8,1,1.0,5.0,1.0,0.0
96493,2,"[18, 32]",25.0,18,32,2,1.0,2.5,1.0,0.0
96587,1,[6],6.0,6,6,1,1.0,2.0,1.0,0.0
96667,1,[10],10.0,10,10,1,1.0,2.0,1.0,0.0
96731,1,[8],8.0,8,8,1,1.0,2.0,1.0,0.0
96737,1,[12],12.0,12,12,1,1.0,2.0,1.0,0.0
96749,1,[6],6.0,6,6,1,1.0,3.0,1.0,0.0
96757,1,[6],6.0,6,6,1,1.0,3.0,1.0,0.0
96769,2,"[10, 20]",15.0,10,20,2,1.0,6.0,1.0,0.0
96787,1,[18],18.0,18,18,1,1.0,5.0,1.0,0.0
96821,2,"[6, 36]",21.0,6,36,2,1.0,4.5,1.0,0.0
96827,2,"[8, 18]",13.0,8,18,2,1.0,3.0,1.0,0.0
96847,1,[24],24.0,24,24,1,1.0,2.0,1.0,0.0
96953,1,[10],10.0,10,10,1,1.0,8.0,1.0,0.0
96997,1,[8],8.0,8,8,1,1.0,2.0,1.0,0.0
97003,2,"[18, 34]",26.0,18,34,2,1.0,3.0,1.0,0.0
97039,1,[6],6.0,6,6,1,1.0,2.0,1.0,0.0
97081,2,"[6, 14]",10.0,6,14,2,1.0,2.0,1.0,0.0
97103,1,[24],24.0,24,24,1,1.0,4.0,1.0,0.0
97117,1,[8],8.0,8,8,1,1.0,3.0,1.0,0.0
97157,1,[10],10.0,10,10,1,1.0,6.0,1.0,0.0
97177,1,[8],8.0,8,8,1,1.0,2.0,1.0,0.0
97241,1,[28],28.0,28,28,1,1.0,6.0,1.0,0.0
97283,1,[4],4.0,4,4,1,1.0,1.0,0.0,0.0
97303,1,[12],12.0,12,12,1,1.0,2.0,1.0,0.0
97367,1,[6],6.0,6,6,1,1.0,1.0,0.0,0.0
97379,1,[10],10.0,10,10,1,1.0,4.0,1.0,0.0
97381,1,[40],40.0,40,40,1,1.0,3.0,1.0,0.0
97429,1,[12],12.0,12,12,1,1.0,4.0,1.0,0.0
97453,2,"[4, 34]",19.0,4,34,2,1.0,1.0,0.5,0.0
97499,2,"[12, 24]",18.0,12,24,2,1.0,4.5,1.0,0.0
97501,1,[14],14.0,14,14,1,1.0,2.0,1.0,0.0
97511,1,[8],8.0,8,8,1,1.0,5.0,1.0,0.0
97523,1,[4],4.0,4,4,1,1.0,1.0,0.0,0.0
97549,1,[12],12.0,12,12,1,1.0,2.0,1.0,0.0
97561,1,[10],10.0,10,10,1,1.0,1.0,1.0,0.0
97577,2,"[6, 36]",21.0,6,36,2,1.0,4.5,1.0,0.0
97609,2,"[6, 12]",9.0,6,12,2,1.0,4.0,0.5,0.0
97687,2,"[10, 42]",26.0,10,42,2,1.0,5.5,1.0,0.0
97777,1,[12],12.0,12,12,1,1.0,2.0,1.0,0.0
97787,1,[12],12.0,12,12,1,1.0,4.0,1.0,0.0
97829,1,[56],56.0,56,56,1,1.0,4.0,1.0,0.0
97847,1,[36],36.0,36,36,1,1.0,2.0,1.0,0.0
97871,2,"[4, 6]",5.0,4,6,2,1.0,3.0,0.0,0.0
97919,2,"[12, 18]",15.0,12,18,2,1.0,7.0,1.0,0.0
97961,1,[6],6.0,6,6,1,1.0,2.0,0.0,1.0
98011,1,[10],10.0,10,10,1,1.0,4.0,1.0,0.0
98017,1,[8],8.0,8,8,1,1.0,2.0,1.0,0.0
98041,2,"[4, 18]",11.0,4,18,2,1.0,3.0,0.5,0.0
98047,2,"[6, 8]",7.0,6,8,2,1.0,4.5,0.5,0.0
98081,1,[4],4.0,4,4,1,1.0,1.0,0.0,0.0
98213,1,[10],10.0,10,10,1,1.0,4.0,0.0,0.0
98251,1,[4],4.0,4,4,1,1.0,1.0,0.0,0.0
98323,1,[10],10.0,10,10,1,1.0,2.0,1.0,0.0
98327,1,[26],26.0,26,26,1,1.0,6.0,1.0,0.0
98369,1,[6],6.0,6,6,1,1.0,1.0,0.0,0.0
98411,1,[6],6.0,6,6,1,1.0,3.0,0.0,0.0
98467,2,"[6, 12]",9.0,6,12,2,1.0,3.5,0.5,0.0
98473,1,[12],12.0,12,12,1,1.0,2.0,1.0,0.0
98573,1,[24],24.0,24,24,1,1.0,2.0,1.0,0.0
98627,2,"[12, 28]",20.0,12,28,2,1.0,4.0,1.0,0.0
98641,1,[6],6.0,6,6,1,1.0,2.0,1.0,0.0
98663,1,[18],18.0,18,18,1,1.0,8.0,1.0,0.0
98669,2,"[10, 24]",17.0,10,24,2,1.0,9.0,1.0,0.0
98689,2,"[16, 18]",17.0,16,18,2,1.0,6.0,1.0,0.0
98849,2,"[6, 16]",11.0,6,16,2,1.0,3.0,0.5,0.0
98893,1,[4],4.0,4,4,1,1.0,3.0,0.0,0.0
98911,1,[8],8.0,8,8,1,1.0,2.0,0.0,0.0
98993,1,[4],4.0,4,4,1,1.0,1.0,0.0,0.0
98999,1,[26],26.0,26,26,1,1.0,3.0,1.0,0.0
99023,1,[14],14.0,14,14,1,1.0,2.0,1.0,0.0
99053,1,[12],12.0,12,12,1,1.0,4.0,1.0,0.0
99079,1,[26],26.0,26,26,1,1.0,2.0,1.0,0.0
99131,1,[12],12.0,12,12,1,1.0,4.0,1.0,0.0
99139,1,[6],6.0,6,6,1,1.0,5.0,1.0,0.0
99149,3,"[6, 10, 12]",9.3333,6,12,3,1.0,2.3333,0.6667,0.0
99191,1,[8],8.0,8,8,1,1.0,5.0,1.0,0.0
99241,1,[18],18.0,18,18,1,1.0,4.0,1.0,0.0
99257,1,[6],6.0,6,6,1,1.0,4.0,1.0,0.0
99377,1,[6],6.0,6,6,1,1.0,3.0,1.0,0.0
99391,1,[14],14.0,14,14,1,1.0,2.0,1.0,0.0
99397,1,[10],10.0,10,10,1,1.0,1.0,1.0,0.0
99401,2,"[6, 10]",8.0,6,10,2,1.0,3.0,0.5,0.0
99409,3,"[10, 24, 30]",21.3333,10,30,3,1.0,2.3333,1.0,0.0
99431,1,[42],42.0,42,42,1,1.0,4.0,1.0,0.0
99559,2,"[16, 18]",17.0,16,18,2,1.0,5.5,1.0,0.0
99571,1,[10],10.0,10,10,1,1.0,6.0,1.0,0.0
99689,1,[24],24.0,24,24,1,1.0,2.0,1.0,0.0
99707,1,[6],6.0,6,6,1,1.0,1.0,0.0,0.0
99709,3,"[6, 10, 12]",9.3333,6,12,3,1.0,3.3333,0.6667,0.0
99721,1,[8],8.0,8,8,1,1.0,6.0,1.0,0.0
99793,1,[12],12.0,12,12,1,1.0,6.0,1.0,0.0
99817,1,[6],6.0,6,6,1,1.0,4.0,0.0,0.0
99823,1,[4],4.0,4,4,1,1.0,3.0,0.0,0.0
99829,1,[6],6.0,6,6,1,1.0,2.0,1.0,0.0
99877,1,[6],6.0,6,6,1,1.0,2.0,1.0,0.0
99989,1,[12],12.0,12,12,1,1.0,6.0,1.0,0.0
99991,1,[10],10.0,10,10,1,1.0,3.0,1.0,0.0
100019,1,[16],16.0,16,16,1,1.0,4.0,1.0,0.0
100109,1,[20],20.0,20,20,1,1.0,6.0,1.0,0.0
100189,1,[24],24.0,24,24,1,1.0,9.0,1.0,0.0
100207,1,[30],30.0,30,30,1,1.0,1.0,1.0,0.0
100213,1,[12],12.0,12,12,1,1.0,6.0,1.0,0.0
100237,1,[6],6.0,6,6,1,1.0,5.0,0.0,0.0
100267,1,[12],12.0,12,12,1,1.0,2.0,1.0,0.0
100333,1,[14],14.0,14,14,1,1.0,6.0,1.0,0.0
100363,1,[6],6.0,6,6,1,1.0,2.0,0.0,0.0
100391,1,[4],4.0,4,4,1,1.0,1.0,1.0,0.0
100411,1,[4],4.0,4,4,1,1.0,1.0,0.0,0.0
100447,1,[12],12.0,12,12,1,1.0,2.0,1.0,0.0
100483,1,[36],36.0,36,36,1,1.0,6.0,1.0,0.0
100517,1,[6],6.0,6,6,1,1.0,3.0,1.0,0.0
100519,1,[18],18.0,18,18,1,1.0,2.0,1.0,0.0
100537,2,"[8, 16]",12.0,8,16,2,1.0,4.0,1.0,0.0
100547,1,[8],8.0,8,8,1,1.0,2.0,1.0,0.0
100559,1,[12],12.0,12,12,1,1.0,6.0,1.0,0.0
100591,1,[20],20.0,20,20,1,1.0,6.0,1.0,0.0
100673,1,[30],30.0,30,30,1,1.0,4.0,1.0,0.0
100693,1,[18],18.0,18,18,1,1.0,8.0,1.0,0.0
100747,1,[18],18.0,18,18,1,1.0,5.0,1.0,0.0
100769,2,"[6, 12]",9.0,6,12,2,1.0,1.5,0.5,0.0
100787,1,[12],12.0,12,12,1,1.0,4.0,1.0,0.0
100799,2,"[12, 54]",33.0,12,54,2,1.0,3.0,1.0,0.0
100801,1,[6],6.0,6,6,1,1.0,2.0,0.0,0.0
100811,1,[18],18.0,18,18,1,1.0,2.0,1.0,0.0
100829,1,[6],6.0,6,6,1,1.0,3.0,0.0,0.0
100853,1,[4],4.0,4,4,1,1.0,1.0,0.0,0.0
100927,1,[10],10.0,10,10,1,1.0,2.0,1.0,0.0
100931,2,[6],6.0,6,6,1,1.0,1.5,0.5,0.0
100943,1,[4],4.0,4,4,1,1.0,3.0,0.0,0.0
101021,1,[6],6.0,6,6,1,1.0,3.0,0.0,0.0
101063,2,"[6, 12]",9.0,6,12,2,1.0,2.5,0.5,0.0
101081,1,[14],14.0,14,14,1,1.0,5.0,1.0,0.0
101107,1,[20],20.0,20,20,1,1.0,2.0,1.0,0.0
101111,1,[4],4.0,4,4,1,1.0,2.0,1.0,0.0
101119,1,[6],6.0,6,6,1,1.0,2.0,1.0,0.0
101149,1,[12],12.0,12,12,1,1.0,1.0,1.0,0.0
101173,2,"[6, 10]",8.0,6,10,2,1.0,3.0,1.0,0.0
101197,1,[12],12.0,12,12,1,1.0,8.0,1.0,0.0
101203,1,[4],4.0,4,4,1,1.0,1.0,0.0,0.0
101267,1,[6],6.0,6,6,1,1.0,2.0,0.0,0.0
101273,1,[20],20.0,20,20,1,1.0,4.0,1.0,0.0
101281,1,[6],6.0,6,6,1,1.0,4.0,1.0,0.0
101323,1,[14],14.0,14,14,1,1.0,6.0,1.0,0.0
101411,1,[24],24.0,24,24,1,1.0,4.0,1.0,0.0
101419,1,[22],22.0,22,22,1,1.0,8.0,1.0,0.0
101429,1,[72],72.0,72,72,1,1.0,1.0,1.0,0.0
101477,2,"[6, 12]",9.0,6,12,2,1.0,5.0,1.0,0.0
101503,1,[14],14.0,14,14,1,1.0,6.0,1.0,0.0
101513,1,[24],24.0,24,24,1,1.0,2.0,1.0,0.0
101531,1,[18],18.0,18,18,1,1.0,4.0,1.0,0.0
101537,1,[6],6.0,6,6,1,1.0,1.0,0.0,0.0
101573,2,"[10, 18]",14.0,10,18,2,1.0,4.0,0.5,0.0
101627,1,[26],26.0,26,26,1,1.0,11.0,1.0,0.0
101693,2,"[6, 12]",9.0,6,12,2,1.0,1.5,0.5,0.0
101789,1,[6],6.0,6,6,1,1.0,2.0,0.0,0.0
101837,1,[18],18.0,18,18,1,1.0,4.0,1.0,0.0
101863,1,[4],4.0,4,4,1,1.0,1.0,0.0,0.0
101917,1,[10],10.0,10,10,1,1.0,2.0,1.0,0.0
101921,2,"[18, 20]",19.0,18,20,2,1.0,3.0,1.0,0.0
101987,1,[12],12.0,12,12,1,1.0,4.0,1.0,0.0
102019,1,[12],12.0,12,12,1,1.0,4.0,1.0,0.0
102023,1,[6],6.0,6,6,1,1.0,1.0,0.0,0.0
102043,1,[10],10.0,10,10,1,1.0,3.0,1.0,0.0
102059,1,[16],16.0,16,16,1,1.0,4.0,1.0,0.0
102077,1,[8],8.0,8,8,1,1.0,2.0,1.0,0.0
102103,1,[18],18.0,18,18,1,1.0,1.0,1.0,0.0
102139,1,[20],20.0,20,20,1,1.0,2.0,1.0,0.0
102161,1,[42],42.0,42,42,1,1.0,4.0,1.0,0.0
102229,1,[20],20.0,20,20,1,1.0,2.0,1.0,0.0
102233,2,"[4, 6]",5.0,4,6,2,1.0,3.0,1.0,0.0
102251,1,[28],28.0,28,28,1,1.0,4.0,1.0,0.0
102299,2,"[12, 22]",17.0,12,22,2,1.0,3.0,1.0,0.0
102301,1,[18],18.0,18,18,1,1.0,3.0,1.0,0.0
102337,1,[30],30.0,30,30,1,1.0,2.0,1.0,0.0
102397,2,"[6, 12]",9.0,6,12,2,1.0,2.0,1.0,0.0
102407,1,[12],12.0,12,12,1,1.0,4.0,1.0,0.0
102433,1,[42],42.0,42,42,1,1.0,2.0,1.0,0.0
102451,1,[14],14.0,14,14,1,1.0,2.0,1.0,0.0
102503,1,[34],34.0,34,34,1,1.0,10.0,1.0,0.0
102523,1,[20],20.0,20,20,1,1.0,2.0,1.0,0.0
102539,1,[24],24.0,24,24,1,1.0,3.0,1.0,0.0
102547,1,[6],6.0,6,6,1,1.0,2.0,0.0,0.0
102551,2,"[6, 12]",9.0,6,12,2,1.0,4.0,1.0,0.0
102563,1,[22],22.0,22,22,1,1.0,4.0,1.0,0.0
102593,1,[12],12.0,12,12,1,1.0,1.0,1.0,0.0
102607,1,[6],6.0,6,6,1,1.0,2.0,0.0,0.0
102667,1,[6],6.0,6,6,1,1.0,2.0,1.0,0.0
102677,1,[10],10.0,10,10,1,1.0,4.0,1.0,0.0
102679,1,[12],12.0,12,12,1,1.0,6.0,1.0,0.0
102761,1,[10],10.0,10,10,1,1.0,4.0,1.0,0.0
102769,1,[26],26.0,26,26,1,1.0,2.0,1.0,0.0
102793,1,[18],18.0,18,18,1,1.0,3.0,1.0,0.0
102841,1,[14],14.0,14,14,1,1.0,12.0,1.0,0.0
102859,1,[10],10.0,10,10,1,1.0,4.0,1.0,0.0
102881,1,[12],12.0,12,12,1,1.0,2.0,1.0,0.0
102931,1,[8],8.0,8,8,1,1.0,6.0,1.0,0.0
102967,1,[6],6.0,6,6,1,1.0,5.0,0.0,0.0
103001,1,[4],4.0,4,4,1,1.0,2.0,0.0,0.0
103049,1,[10],10.0,10,10,1,1.0,1.0,1.0,0.0
103069,2,"[6, 12]",9.0,6,12,2,1.0,4.0,1.0,0.0
103087,1,[6],6.0,6,6,1,1.0,4.0,1.0,0.0
103099,1,[12],12.0,12,12,1,1.0,2.0,1.0,0.0
103171,1,[6],6.0,6,6,1,1.0,4.0,1.0,0.0
103289,2,"[12, 24]",18.0,12,24,2,1.0,2.0,1.0,0.0
103357,1,[20],20.0,20,20,1,1.0,3.0,1.0,0.0
103387,1,[6],6.0,6,6,1,1.0,4.0,1.0,0.0
103421,1,[10],10.0,10,10,1,1.0,1.0,1.0,0.0
103423,1,[22],22.0,22,22,1,1.0,6.0,1.0,0.0
103451,2,"[4, 6]",5.0,4,6,2,1.0,1.0,0.5,0.0
103457,1,[26],26.0,26,26,1,1.0,2.0,1.0,0.0
103471,1,[10],10.0,10,10,1,1.0,4.0,1.0,0.0
103561,2,"[6, 14]",10.0,6,14,2,1.0,2.5,0.5,0.0
103567,1,[10],10.0,10,10,1,1.0,4.0,1.0,0.0
103591,1,[8],8.0,8,8,1,1.0,6.0,1.0,0.0
103643,1,[20],20.0,20,20,1,1.0,2.0,1.0,0.0
103657,1,[12],12.0,12,12,1,1.0,4.0,1.0,0.0
103681,2,"[6, 12]",9.0,6,12,2,1.0,2.0,0.5,0.0
103703,1,[14],14.0,14,14,1,1.0,8.0,1.0,0.0
103723,2,"[4, 34]",19.0,4,34,2,1.0,3.5,0.5,0.0
103811,1,[20],20.0,20,20,1,1.0,6.0,1.0,0.0
103843,1,[4],4.0,4,4,1,1.0,1.0,0.0,0.0
103903,1,[12],12.0,12,12,1,1.0,2.0,1.0,0.0
103913,1,[4],4.0,4,4,1,1.0,1.0,0.0,0.0
103919,1,[24],24.0,24,24,1,1.0,2.0,1.0,0.0
103969,1,[18],18.0,18,18,1,1.0,3.0,1.0,0.0
103991,1,[6],6.0,6,6,1,1.0,4.0,1.0,0.0
103997,3,"[6, 12, 16]",11.3333,6,16,3,1.0,2.6667,0.6667,0.0
104009,1,[12],12.0,12,12,1,1.0,8.0,1.0,0.0
104021,1,[10],10.0,10,10,1,1.0,4.0,1.0,0.0
104047,1,[6],6.0,6,6,1,1.0,1.0,1.0,0.0
104089,1,[22],22.0,22,22,1,1.0,4.0,1.0,0.0
104107,1,[6],6.0,6,6,1,1.0,1.0,1.0,0.0
104123,1,[14],14.0,14,14,1,1.0,2.0,1.0,0.0
104147,1,[12],12.0,12,12,1,1.0,6.0,1.0,0.0
104149,1,[12],12.0,12,12,1,1.0,1.0,1.0,0.0
104173,1,[24],24.0,24,24,1,1.0,2.0,1.0,0.0
104183,1,[24],24.0,24,24,1,1.0,2.0,1.0,0.0
104207,1,[6],6.0,6,6,1,1.0,3.0,0.0,0.0
104231,1,[6],6.0,6,6,1,1.0,1.0,1.0,0.0
104239,1,[10],10.0,10,10,1,1.0,2.0,1.0,0.0
104243,1,[14],14.0,14,14,1,1.0,2.0,1.0,0.0
104297,1,[6],6.0,6,6,1,1.0,3.0,1.0,0.0
104309,1,[6],6.0,6,6,1,1.0,2.0,1.0,0.0
104311,1,[4],4.0,4,4,1,1.0,1.0,0.0,0.0
104323,1,[10],10.0,10,10,1,1.0,2.0,1.0,0.0
104381,3,"[4, 10, 18]",10.6667,4,18,3,1.0,1.6667,1.0,0.0
104399,1,[22],22.0,22,22,1,1.0,4.0,1.0,0.0
104527,1,[8],8.0,8,8,1,1.0,2.0,1.0,0.0
104537,1,[6],6.0,6,6,1,1.0,4.0,1.0,0.0
104543,1,[18],18.0,18,18,1,1.0,2.0,1.0,0.0
104551,1,[8],8.0,8,8,1,1.0,2.0,1.0,0.0
104579,2,"[24, 46]",35.0,24,46,2,1.0,4.0,1.0,0.0
104639,1,[16],16.0,16,16,1,1.0,1.0,1.0,0.0
104651,1,[8],8.0,8,8,1,1.0,2.0,1.0,0.0
104683,1,[14],14.0,14,14,1,1.0,6.0,1.0,0.0
104707,2,"[8, 18]",13.0,8,18,2,1.0,2.0,1.0,0.0
104711,1,[6],6.0,6,6,1,1.0,5.0,1.0,0.0
104717,1,[6],6.0,6,6,1,1.0,3.0,1.0,0.0
104729,1,[36],36.0,36,36,1,1.0,6.0,1.0,0.0
104743,1,[14],14.0,14,14,1,1.0,8.0,1.0,0.0
104773,2,"[10, 40]",25.0,10,40,2,1.0,3.5,1.0,0.0
104779,1,[24],24.0,24,24,1,1.0,4.0,1.0,0.0
104827,1,[16],16.0,16,16,1,1.0,4.0,1.0,0.0
104911,1,[14],14.0,14,14,1,1.0,2.0,1.0,0.0
104917,2,"[10, 28]",19.0,10,28,2,1.0,6.5,1.0,0.0
104933,2,"[14, 18]",16.0,14,18,2,1.0,5.0,1.0,0.0
104947,2,"[6, 12]",9.0,6,12,2,1.0,4.0,1.0,0.0
104971,1,[20],20.0,20,20,1,1.0,2.0,1.0,0.0
104987,1,[6],6.0,6,6,1,1.0,4.0,0.0,0.0
105023,1,[14],14.0,14,14,1,1.0,3.0,1.0,0.0
105137,1,[12],12.0,12,12,1,1.0,4.0,1.0,0.0
105227,1,[12],12.0,12,12,1,1.0,4.0,1.0,0.0
105269,1,[22],22.0,22,22,1,1.0,2.0,1.0,0.0
105277,1,[6],6.0,6,6,1,1.0,2.0,0.0,0.0
105319,1,[10],10.0,10,10,1,1.0,2.0,1.0,0.0
105323,1,[18],18.0,18,18,1,1.0,5.0,1.0,0.0
105331,1,[12],12.0,12,12,1,1.0,6.0,1.0,0.0
105341,1,[14],14.0,14,14,1,1.0,12.0,1.0,0.0
105359,1,[10],10.0,10,10,1,1.0,4.0,1.0,0.0
105361,1,[6],6.0,6,6,1,1.0,4.0,1.0,0.0
105367,1,[6],6.0,6,6,1,1.0,4.0,1.0,0.0
105379,1,[18],18.0,18,18,1,1.0,6.0,1.0,0.0
105389,1,[6],6.0,6,6,1,1.0,3.0,0.0,0.0
105509,1,[18],18.0,18,18,1,1.0,4.0,1.0,0.0
105557,1,[10],10.0,10,10,1,1.0,1.0,1.0,0.0
105563,1,[14],14.0,14,14,1,1.0,11.0,1.0,0.0
105601,1,[6],6.0,6,6,1,1.0,4.0,1.0,0.0
105607,1,[6],6.0,6,6,1,1.0,1.0,1.0,0.0
105667,1,[10],10.0,10,10,1,1.0,3.0,1.0,0.0
105727,1,[8],8.0,8,8,1,1.0,5.0,1.0,0.0
105863,1,[10],10.0,10,10,1,1.0,6.0,1.0,0.0
105871,1,[4],4.0,4,4,1,1.0,2.0,0.0,0.0
105883,1,[22],22.0,22,22,1,1.0,6.0,1.0,0.0
105907,1,[10],10.0,10,10,1,1.0,3.0,1.0,0.0
105971,1,[6],6.0,6,6,1,1.0,2.0,1.0,0.0
105997,1,[16],16.0,16,16,1,1.0,4.0,1.0,0.0
106033,1,[4],4.0,4,4,1,1.0,3.0,0.0,0.0
106087,1,[10],10.0,10,10,1,1.0,6.0,1.0,0.0
106103,1,[14],14.0,14,14,1,1.0,4.0,1.0,0.0
106109,1,[10],10.0,10,10,1,1.0,1.0,1.0,0.0
106129,1,[24],24.0,24,24,1,1.0,5.0,1.0,0.0
106163,1,[34],34.0,34,34,1,1.0,10.0,1.0,0.0
106217,1,[18],18.0,18,18,1,1.0,4.0,1.0,0.0
106273,1,[22],22.0,22,22,1,1.0,1.0,1.0,0.0
106291,1,[6],6.0,6,6,1,1.0,1.0,1.0,0.0
106319,1,[22],22.0,22,22,1,1.0,3.0,1.0,0.0
106363,1,[4],4.0,4,4,1,1.0,1.0,0.0,0.0
106367,1,[6],6.0,6,6,1,1.0,1.0,1.0,0.0
106373,2,"[6, 14]",10.0,6,14,2,1.0,3.5,0.5,0.0
106397,1,[10],10.0,10,10,1,1.0,4.0,1.0,0.0
106451,1,[6],6.0,6,6,1,1.0,2.0,1.0,0.0
106487,1,[8],8.0,8,8,1,1.0,2.0,1.0,0.0
106501,1,[8],8.0,8,8,1,1.0,2.0,1.0,0.0
106537,1,[24],24.0,24,24,1,1.0,2.0,1.0,0.0
106637,1,[8],8.0,8,8,1,1.0,2.0,0.0,0.0
106657,2,"[6, 12]",9.0,6,12,2,1.0,7.0,1.0,0.0
106663,1,[6],6.0,6,6,1,1.0,5.0,1.0,0.0
106669,1,[12],12.0,12,12,1,1.0,6.0,1.0,0.0
106699,1,[22],22.0,22,22,1,1.0,4.0,1.0,0.0
106747,1,[6],6.0,6,6,1,1.0,1.0,1.0,0.0
106783,1,[6],6.0,6,6,1,1.0,3.0,0.0,0.0
106801,1,[14],14.0,14,14,1,1.0,2.0,1.0,0.0
106853,1,[18],18.0,18,18,1,1.0,3.0,1.0,0.0
106859,1,[6],6.0,6,6,1,1.0,4.0,1.0,0.0
106907,1,[18],18.0,18,18,1,1.0,1.0,1.0,0.0
106921,1,[12],12.0,12,12,1,1.0,2.0,1.0,0.0
106963,1,[12],12.0,12,12,1,1.0,2.0,1.0,0.0
107021,1,[14],14.0,14,14,1,1.0,5.0,1.0,0.0
107077,1,[8],8.0,8,8,1,1.0,2.0,1.0,0.0
107123,1,[14],14.0,14,14,1,1.0,6.0,1.0,0.0
107137,2,"[12, 16]",14.0,12,16,2,1.0,3.0,1.0,0.0
107209,1,[6],6.0,6,6,1,1.0,2.0,1.0,0.0
107227,1,[6],6.0,6,6,1,1.0,2.0,1.0,0.0
107273,1,[14],14.0,14,14,1,1.0,4.0,1.0,0.0
107323,1,[18],18.0,18,18,1,1.0,6.0,1.0,0.0
107467,1,[8],8.0,8,8,1,1.0,6.0,1.0,0.0
107563,1,[18],18.0,18,18,1,1.0,1.0,1.0,0.0
107621,1,[14],14.0,14,14,1,1.0,2.0,1.0,0.0
107647,1,[28],28.0,28,28,1,1.0,10.0,1.0,0.0
107687,1,[6],6.0,6,6,1,1.0,4.0,1.0,0.0
107693,2,"[4, 22]",13.0,4,22,2,1.0,3.5,1.0,0.0
107699,1,[52],52.0,52,52,1,1.0,2.0,1.0,0.0
107741,1,[10],10.0,10,10,1,1.0,4.0,1.0,0.0
107773,1,[6],6.0,6,6,1,1.0,2.0,1.0,0.0
107791,1,[4],4.0,4,4,1,1.0,1.0,0.0,0.0
107827,2,"[28, 36]",32.0,28,36,2,1.0,2.0,1.0,0.0
107839,1,[12],12.0,12,12,1,1.0,2.0,1.0,0.0
107857,1,[10],10.0,10,10,1,1.0,4.0,1.0,0.0
107881,1,[4],4.0,4,4,1,1.0,2.0,0.0,0.0
107897,2,"[8, 24]",16.0,8,24,2,1.0,4.0,0.5,0.0
107927,1,[8],8.0,8,8,1,1.0,2.0,1.0,0.0
108013,1,[14],14.0,14,14,1,1.0,2.0,1.0,0.0
108107,1,[20],20.0,20,20,1,1.0,2.0,1.0,0.0
108179,1,[6],6.0,6,6,1,1.0,1.0,1.0,0.0
108211,3,"[4, 6, 14]",8.0,4,14,3,1.0,2.6667,0.6667,0.0
108263,1,[10],10.0,10,10,1,1.0,4.0,1.0,0.0
108343,1,[6],6.0,6,6,1,1.0,3.0,0.0,0.0
108421,2,"[6, 18]",12.0,6,18,2,1.0,3.5,1.0,0.0
108439,1,[12],12.0,12,12,1,1.0,2.0,1.0,0.0
108499,1,[20],20.0,20,20,1,1.0,2.0,1.0,0.0
108503,1,[4],4.0,4,4,1,1.0,1.0,0.0,0.0
108529,3,"[10, 12, 20]",14.0,10,20,3,1.0,4.6667,1.0,0.0
108541,1,[4],4.0,4,4,1,1.0,3.0,0.0,0.0
108557,2,"[6, 10]",8.0,6,10,2,1.0,5.5,0.5,0.0
108571,1,[18],18.0,18,18,1,1.0,4.0,1.0,0.0
108587,1,[8],8.0,8,8,1,1.0,2.0,1.0,0.0
108631,1,[6],6.0,6,6,1,1.0,1.0,1.0,0.0
108637,1,[6],6.0,6,6,1,1.0,3.0,1.0,0.0
108727,1,[12],12.0,12,12,1,1.0,3.0,1.0,0.0
108791,1,[36],36.0,36,36,1,1.0,4.0,1.0,0.0
108793,1,[66],66.0,66,66,1,1.0,2.0,1.0,0.0
108799,1,[6],6.0,6,6,1,1.0,2.0,1.0,0.0
108863,1,[4],4.0,4,4,1,1.0,3.0,0.0,0.0
108881,1,[6],6.0,6,6,1,1.0,2.0,0.0,0.0
108893,1,[6],6.0,6,6,1,1.0,2.0,0.0,0.0
108917,1,[6],6.0,6,6,1,1.0,2.0,0.0,0.0
108961,1,[20],20.0,20,20,1,1.0,2.0,1.0,0.0
108991,1,[10],10.0,10,10,1,1.0,4.0,1.0,0.0
109001,1,[4],4.0,4,4,1,1.0,2.0,0.0,0.0
109049,2,"[16, 24]",20.0,16,24,2,1.0,4.5,1.0,0.0
109103,1,[6],6.0,6,6,1,1.0,1.0,1.0,0.0
109133,1,[10],10.0,10,10,1,1.0,4.0,1.0,0.0
109141,2,"[10, 20]",15.0,10,20,2,1.0,7.0,1.0,0.0
109211,1,[14],14.0,14,14,1,1.0,2.0,1.0,0.0
109279,1,[16],16.0,16,16,1,1.0,1.0,1.0,0.0
109313,1,[14],14.0,14,14,1,1.0,5.0,1.0,0.0
109391,1,[6],6.0,6,6,1,1.0,2.0,0.0,0.0
109441,2,"[4, 10]",7.0,4,10,2,1.0,3.5,0.5,0.0
109451,1,[18],18.0,18,18,1,1.0,4.0,1.0,0.0
109471,1,[8],8.0,8,8,1,1.0,2.0,1.0,0.0
109547,1,[6],6.0,6,6,1,1.0,1.0,0.0,0.0
109567,1,[18],18.0,18,18,1,1.0,5.0,1.0,0.0
109583,1,[42],42.0,42,42,1,1.0,1.0,1.0,0.0
109589,1,[6],6.0,6,6,1,1.0,3.0,0.0,0.0
109609,1,[10],10.0,10,10,1,1.0,1.0,1.0,0.0
109721,1,[14],14.0,14,14,1,1.0,2.0,1.0,0.0
109741,1,[10],10.0,10,10,1,1.0,1.0,1.0,0.0
109751,1,[36],36.0,36,36,1,1.0,6.0,1.0,0.0
109819,1,[16],16.0,16,16,1,1.0,4.0,1.0,0.0
109829,2,"[16, 24]",20.0,16,24,2,1.0,6.0,1.0,0.0
109873,1,[10],10.0,10,10,1,1.0,6.0,1.0,0.0
109891,1,[6],6.0,6,6,1,1.0,1.0,1.0,0.0
109961,1,[8],8.0,8,8,1,1.0,2.0,1.0,0.0
109987,2,"[8, 16]",12.0,8,16,2,1.0,3.0,1.0,0.0
110023,1,[24],24.0,24,24,1,1.0,2.0,1.0,0.0
110051,1,[12],12.0,12,12,1,1.0,6.0,1.0,0.0
110063,1,[14],14.0,14,14,1,1.0,2.0,1.0,0.0
110069,1,[10],10.0,10,10,1,1.0,4.0,1.0,0.0
110083,1,[12],12.0,12,12,1,1.0,10.0,1.0,0.0
110129,1,[6],6.0,6,6,1,1.0,3.0,0.0,0.0
110237,1,[10],10.0,10,10,1,1.0,6.0,1.0,0.0
110261,1,[4],4.0,4,4,1,1.0,2.0,0.0,0.0
110269,2,"[16, 18]",17.0,16,18,2,1.0,4.0,1.0,0.0
110323,1,[14],14.0,14,14,1,1.0,6.0,1.0,0.0
110419,1,[42],42.0,42,42,1,1.0,2.0,1.0,0.0
110441,1,[18],18.0,18,18,1,1.0,4.0,1.0,0.0
110479,1,[24],24.0,24,24,1,1.0,4.0,1.0,0.0
110501,1,[8],8.0,8,8,1,1.0,6.0,1.0,0.0
110503,1,[14],14.0,14,14,1,1.0,6.0,1.0,0.0
110563,1,[4],4.0,4,4,1,1.0,1.0,0.0,0.0
110567,3,"[6, 12, 24]",14.0,6,24,3,1.0,4.6667,1.0,0.0
110587,2,"[8, 20]",14.0,8,20,2,1.0,2.0,1.0,0.0
110597,1,[6],6.0,6,6,1,1.0,2.0,0.0,0.0
110609,1,[6],6.0,6,6,1,1.0,2.0,1.0,0.0
110629,1,[10],10.0,10,10,1,1.0,4.0,1.0,0.0
110651,1,[30],30.0,30,30,1,1.0,2.0,1.0,0.0
110681,1,[6],6.0,6,6,1,1.0,3.0,1.0,0.0
110753,1,[14],14.0,14,14,1,1.0,6.0,1.0,0.0
110807,1,[6],6.0,6,6,1,1.0,2.0,0.0,0.0
110821,1,[4],4.0,4,4,1,1.0,1.0,0.0,0.0
110849,1,[24],24.0,24,24,1,1.0,4.0,1.0,0.0
110863,1,[18],18.0,18,18,1,1.0,1.0,1.0,0.0
110921,1,[6],6.0,6,6,1,1.0,5.0,0.0,0.0
110923,1,[34],34.0,34,34,1,1.0,3.0,1.0,0.0
110927,1,[6],6.0,6,6,1,1.0,4.0,1.0,0.0
110933,1,[18],18.0,18,18,1,1.0,2.0,1.0,0.0
110951,1,[12],12.0,12,12,1,1.0,6.0,1.0,0.0
110989,1,[26],26.0,26,26,1,1.0,8.0,1.0,0.0
111031,1,[4],4.0,4,4,1,1.0,1.0,0.0,0.0
111143,1,[10],10.0,10,10,1,1.0,4.0,1.0,0.0
111191,1,[8],8.0,8,8,1,1.0,6.0,1.0,0.0
111227,1,[10],10.0,10,10,1,1.0,3.0,1.0,0.0
111253,2,"[10, 24]",17.0,10,24,2,1.0,4.0,0.5,0.0
111263,1,[6],6.0,6,6,1,1.0,2.0,1.0,0.0
111323,1,[12],12.0,12,12,1,1.0,2.0,1.0,0.0
111337,3,"[10, 12, 36]",19.3333,10,36,3,1.0,4.0,1.0,0.0
111347,1,[8],8.0,8,8,1,1.0,2.0,1.0,0.0
111427,1,[8],8.0,8,8,1,1.0,2.0,1.0,0.0
111439,1,[16],16.0,16,16,1,1.0,4.0,1.0,0.0
111493,1,[14],14.0,14,14,1,1.0,5.0,1.0,0.0
111497,1,[12],12.0,12,12,1,1.0,2.0,1.0,0.0
111509,1,[12],12.0,12,12,1,1.0,2.0,1.0,0.0
111581,1,[50],50.0,50,50,1,1.0,2.0,1.0,0.0
111593,1,[4],4.0,4,4,1,1.0,3.0,1.0,0.0
111599,1,[12],12.0,12,12,1,1.0,2.0,1.0,0.0
111637,1,[30],30.0,30,30,1,1.0,2.0,1.0,0.0
111641,1,[18],18.0,18,18,1,1.0,4.0,1.0,0.0
111653,1,[14],14.0,14,14,1,1.0,4.0,1.0,0.0
111659,3,"[12, 16, 24]",17.3333,12,24,3,1.0,3.3333,1.0,0.0
111697,1,[6],6.0,6,6,1,1.0,2.0,1.0,0.0
111731,1,[28],28.0,28,28,1,1.0,1.0,1.0,0.0
111767,1,[6],6.0,6,6,1,1.0,5.0,1.0,0.0
111779,1,[18],18.0,18,18,1,1.0,4.0,1.0,0.0
111833,1,[18],18.0,18,18,1,1.0,3.0,1.0,0.0
111857,1,[6],6.0,6,6,1,1.0,3.0,1.0,0.0
111913,2,"[4, 6]",5.0,4,6,2,1.0,2.5,1.0,0.0
111959,2,"[18, 20]",19.0,18,20,2,1.0,4.0,1.0,0.0
111973,1,[18],18.0,18,18,1,1.0,2.0,1.0,0.0
112019,1,[22],22.0,22,22,1,1.0,4.0,1.0,0.0
112061,1,[6],6.0,6,6,1,1.0,1.0,0.0,0.0
112067,1,[10],10.0,10,10,1,1.0,7.0,1.0,0.0
112087,1,[12],12.0,12,12,1,1.0,6.0,1.0,0.0
112129,1,[16],16.0,16,16,1,1.0,4.0,1.0,0.0
112163,1,[18],18.0,18,18,1,1.0,2.0,1.0,0.0
112213,1,[14],14.0,14,14,1,1.0,6.0,1.0,0.0
112261,1,[20],20.0,20,20,1,1.0,8.0,1.0,0.0
112279,1,[24],24.0,24,24,1,1.0,10.0,1.0,0.0
112291,1,[6],6.0,6,6,1,1.0,1.0,1.0,0.0
112297,1,[10],10.0,10,10,1,1.0,1.0,1.0,0.0
112327,2,"[8, 16]",12.0,8,16,2,1.0,2.5,1.0,0.0
112337,2,"[10, 12]",11.0,10,12,2,1.0,4.0,1.0,0.0
112363,1,[32],32.0,32,32,1,1.0,2.0,1.0,0.0
112403,1,[4],4.0,4,4,1,1.0,1.0,0.0,0.0
112459,1,[6],6.0,6,6,1,1.0,2.0,1.0,0.0
112501,1,[40],40.0,40,40,1,1.0,4.0,1.0,0.0
112507,1,[8],8.0,8,8,1,1.0,2.0,0.0,0.0
112559,1,[18],18.0,18,18,1,1.0,4.0,1.0,0.0
112571,1,[6],6.0,6,6,1,1.0,2.0,1.0,0.0
112577,3,"[6, 10, 12]",9.3333,6,12,3,1.0,6.6667,1.0,0.0
112621,1,[4],4.0,4,4,1,1.0,1.0,0.0,0.0
112741,1,[14],14.0,14,14,1,1.0,6.0,1.0,0.0
112757,1,[8],8.0,8,8,1,1.0,2.0,1.0,0.0
112831,1,[18],18.0,18,18,1,1.0,5.0,1.0,0.0
112843,1,[18],18.0,18,18,1,1.0,6.0,1.0,0.0
112859,1,[6],6.0,6,6,1,1.0,1.0,0.0,0.0
112901,1,[14],14.0,14,14,1,1.0,2.0,1.0,0.0
112921,1,[14],14.0,14,14,1,1.0,2.0,1.0,0.0
112927,1,[12],12.0,12,12,1,1.0,4.0,1.0,0.0
113017,1,[20],20.0,20,20,1,1.0,6.0,1.0,0.0
113021,1,[4],4.0,4,4,1,1.0,2.0,1.0,0.0
113039,2,"[10, 12]",11.0,10,12,2,1.0,4.0,1.0,0.0
113111,1,[6],6.0,6,6,1,1.0,4.0,0.0,0.0
113131,2,"[6, 20]",13.0,6,20,2,1.0,2.0,1.0,0.0
113147,1,[6],6.0,6,6,1,1.0,3.0,0.0,0.0
113177,1,[26],26.0,26,26,1,1.0,2.0,1.0,0.0
113213,1,[12],12.0,12,12,1,1.0,2.0,1.0,0.0
113233,1,[18],18.0,18,18,1,1.0,3.0,1.0,0.0
113329,1,[20],20.0,20,20,1,1.0,2.0,1.0,0.0
113341,1,[4],4.0,4,4,1,1.0,2.0,0.0,0.0
113363,2,"[18, 40]",29.0,18,40,2,1.0,4.0,1.0,0.0
113371,1,[4],4.0,4,4,1,1.0,1.0,0.0,0.0
113417,1,[16],16.0,16,16,1,1.0,4.0,1.0,0.0
113489,2,"[12, 24]",18.0,12,24,2,1.0,4.0,1.0,0.0
113623,1,[18],18.0,18,18,1,1.0,8.0,1.0,0.0
113761,1,[10],10.0,10,10,1,1.0,1.0,1.0,0.0
113777,1,[8],8.0,8,8,1,1.0,3.0,0.0,0.0
113779,1,[10],10.0,10,10,1,1.0,2.0,1.0,0.0
113843,1,[14],14.0,14,14,1,1.0,3.0,1.0,0.0
113891,2,"[14, 28]",21.0,14,28,2,1.0,1.5,1.0,0.0
113909,2,"[12, 22]",17.0,12,22,2,1.0,3.0,1.0,0.0
113947,1,[12],12.0,12,12,1,1.0,2.0,1.0,0.0
113957,2,"[6, 12]",9.0,6,12,2,1.0,2.0,1.0,0.0
113969,1,[20],20.0,20,20,1,1.0,2.0,1.0,0.0
113983,2,"[12, 44]",28.0,12,44,2,1.0,2.0,1.0,0.0
113989,1,[12],12.0,12,12,1,1.0,6.0,1.0,0.0
114013,2,"[6, 10]",8.0,6,10,2,1.0,3.0,1.0,0.0
114077,1,[6],6.0,6,6,1,1.0,2.0,1.0,0.0
114083,1,[30],30.0,30,30,1,1.0,4.0,1.0,0.0
114089,1,[16],16.0,16,16,1,1.0,6.0,1.0,0.0
114113,1,[4],4.0,4,4,1,1.0,1.0,0.0,0.0
114197,1,[8],8.0,8,8,1,1.0,6.0,1.0,0.0
114199,1,[30],30.0,30,30,1,1.0,4.0,1.0,0.0
114277,2,"[16, 24]",20.0,16,24,2,1.0,3.0,1.0,0.0
114371,2,"[6, 14]",10.0,6,14,2,1.0,2.0,0.5,0.0
114467,1,[6],6.0,6,6,1,1.0,3.0,0.0,0.0
114487,1,[28],28.0,28,28,1,1.0,4.0,1.0,0.0
114571,1,[12],12.0,12,12,1,1.0,6.0,1.0,0.0
114593,1,[24],24.0,24,24,1,1.0,2.0,1.0,0.0
114643,1,[34],34.0,34,34,1,1.0,4.0,1.0,0.0
114659,1,[20],20.0,20,20,1,1.0,2.0,1.0,0.0
114661,1,[12],12.0,12,12,1,1.0,6.0,1.0,0.0
114671,1,[4],4.0,4,4,1,1.0,1.0,1.0,0.0
114689,1,[6],6.0,6,6,1,1.0,4.0,1.0,0.0
114761,1,[12],12.0,12,12,1,1.0,4.0,1.0,0.0
114769,1,[20],20.0,20,20,1,1.0,2.0,1.0,0.0
114781,1,[10],10.0,10,10,1,1.0,4.0,1.0,0.0
114809,1,[26],26.0,26,26,1,1.0,2.0,1.0,0.0
114833,1,[18],18.0,18,18,1,1.0,3.0,1.0,0.0
114889,2,"[12, 26]",19.0,12,26,2,1.0,6.0,1.0,0.0
114967,2,"[8, 20]",14.0,8,20,2,1.0,2.0,0.5,0.0
114997,1,[10],10.0,10,10,1,1.0,2.0,1.0,0.0
115133,1,[12],12.0,12,12,1,1.0,6.0,1.0,0.0
115151,1,[10],10.0,10,10,1,1.0,4.0,1.0,0.0
115223,1,[10],10.0,10,10,1,1.0,4.0,1.0,0.0
115279,1,[16],16.0,16,16,1,1.0,6.0,1.0,0.0
115303,1,[14],14.0,14,14,1,1.0,4.0,1.0,0.0
115309,1,[26],26.0,26,26,1,1.0,2.0,1.0,0.0
115327,2,"[16, 36]",26.0,16,36,2,1.0,2.5,1.0,0.0
115331,1,[6],6.0,6,6,1,1.0,2.0,1.0,0.0
115337,1,[18],18.0,18,18,1,1.0,6.0,1.0,0.0
115343,1,[6],6.0,6,6,1,1.0,1.0,1.0,0.0
115361,1,[14],14.0,14,14,1,1.0,6.0,1.0,0.0
115399,2,"[10, 30]",20.0,10,30,2,1.0,4.0,1.0,0.0
115471,2,"[4, 8]",6.0,4,8,2,1.0,3.5,1.0,0.0
115499,1,[24],24.0,24,24,1,1.0,6.0,1.0,0.0
115513,1,[4],4.0,4,4,1,1.0,3.0,1.0,0.0
115553,1,[18],18.0,18,18,1,1.0,2.0,1.0,0.0
115679,2,"[6, 12]",9.0,6,12,2,1.0,5.0,0.5,0.0
115727,1,[12],12.0,12,12,1,1.0,2.0,1.0,0.0
115741,1,[36],36.0,36,36,1,1.0,6.0,1.0,0.0
115751,1,[6],6.0,6,6,1,1.0,5.0,1.0,0.0
115757,1,[6],6.0,6,6,1,1.0,3.0,0.0,0.0
115763,2,"[6, 12]",9.0,6,12,2,1.0,4.0,0.5,0.0
115769,1,[36],36.0,36,36,1,1.0,2.0,1.0,0.0
115823,1,[20],20.0,20,20,1,1.0,2.0,1.0,0.0
115849,2,"[12, 16]",14.0,12,16,2,1.0,3.5,1.0,0.0
115861,1,[4],4.0,4,4,1,1.0,3.0,0.0,0.0
115877,1,[20],20.0,20,20,1,1.0,2.0,1.0,0.0
115883,1,[18],18.0,18,18,1,1.0,1.0,1.0,0.0
115903,1,[30],30.0,30,30,1,1.0,4.0,1.0,0.0
115931,1,[28],28.0,28,28,1,1.0,6.0,1.0,0.0
116089,1,[20],20.0,20,20,1,1.0,6.0,1.0,0.0
116101,1,[6],6.0,6,6,1,1.0,4.0,1.0,0.0
116113,1,[14],14.0,14,14,1,1.0,6.0,0.0,0.0
116141,1,[6],6.0,6,6,1,1.0,2.0,0.0,0.0
116257,1,[36],36.0,36,36,1,1.0,1.0,1.0,0.0
116273,1,[32],32.0,32,32,1,1.0,2.0,1.0,0.0
116341,1,[28],28.0,28,28,1,1.0,2.0,1.0,0.0
116371,1,[18],18.0,18,18,1,1.0,6.0,1.0,0.0
116387,1,[6],6.0,6,6,1,1.0,1.0,1.0,0.0
116443,1,[14],14.0,14,14,1,1.0,3.0,1.0,0.0
116483,2,"[18, 24]",21.0,18,24,2,1.0,1.5,1.0,0.0
116491,1,[10],10.0,10,10,1,1.0,4.0,1.0,0.0
116533,1,[12],12.0,12,12,1,1.0,2.0,1.0,0.0
116537,1,[26],26.0,26,26,1,1.0,5.0,1.0,0.0
116687,1,[12],12.0,12,12,1,1.0,2.0,1.0,0.0
116707,1,[12],12.0,12,12,1,1.0,4.0,1.0,0.0
116747,1,[8],8.0,8,8,1,1.0,6.0,1.0,0.0
116791,2,"[4, 6]",5.0,4,6,2,1.0,2.5,0.5,0.0
116797,1,[6],6.0,6,6,1,1.0,2.0,1.0,0.0
116867,1,[28],28.0,28,28,1,1.0,4.0,1.0,0.0
116881,2,"[6, 12]",9.0,6,12,2,1.0,2.0,1.0,0.0
116903,1,[10],10.0,10,10,1,1.0,3.0,1.0,0.0
116911,1,[4],4.0,4,4,1,1.0,2.0,0.0,0.0
116923,1,[6],6.0,6,6,1,1.0,2.0,1.0,0.0
116953,1,[12],12.0,12,12,1,1.0,2.0,1.0,0.0
116969,1,[24],24.0,24,24,1,1.0,2.0,1.0,0.0
116981,1,[6],6.0,6,6,1,1.0,3.0,0.0,0.0
116989,1,[22],22.0,22,22,1,1.0,4.0,1.0,0.0
117041,1,[30],30.0,30,30,1,1.0,3.0,1.0,0.0
117053,1,[24],24.0,24,24,1,1.0,4.0,1.0,0.0
117119,1,[24],24.0,24,24,1,1.0,4.0,1.0,0.0
117127,1,[18],18.0,18,18,1,1.0,6.0,1.0,0.0
117133,2,"[6, 14]",10.0,6,14,2,1.0,4.0,1.0,0.0
117163,1,[14],14.0,14,14,1,1.0,3.0,1.0,0.0
117167,1,[6],6.0,6,6,1,1.0,1.0,1.0,0.0
117209,1,[6],6.0,6,6,1,1.0,1.0,0.0,0.0
117239,1,[16],16.0,16,16,1,1.0,4.0,1.0,0.0
117241,1,[4],4.0,4,4,1,1.0,2.0,0.0,0.0
117251,1,[10],10.0,10,10,1,1.0,4.0,1.0,0.0
117281,2,"[4, 8]",6.0,4,8,2,1.0,2.0,0.5,0.0
117331,2,"[12, 14]",13.0,12,14,2,1.0,4.0,1.0,0.0
117371,1,[10],10.0,10,10,1,1.0,3.0,1.0,0.0
117389,2,"[36, 54]",45.0,36,54,2,1.0,6.0,1.0,0.0
117431,2,"[6, 8]",7.0,6,8,2,1.0,3.0,0.5,0.0
117577,1,[6],6.0,6,6,1,1.0,2.0,1.0,0.0
117617,1,[16],16.0,16,16,1,1.0,4.0,1.0,0.0
117643,2,"[10, 22]",16.0,10,22,2,1.0,7.0,1.0,0.0
117703,1,[14],14.0,14,14,1,1.0,4.0,1.0,0.0
117709,1,[10],10.0,10,10,1,1.0,4.0,1.0,0.0
117727,1,[6],6.0,6,6,1,1.0,2.0,0.0,0.0
117751,1,[6],6.0,6,6,1,1.0,4.0,1.0,0.0
117763,1,[12],12.0,12,12,1,1.0,4.0,1.0,0.0
117773,1,[6],6.0,6,6,1,1.0,2.0,1.0,0.0
117787,1,[6],6.0,6,6,1,1.0,2.0,0.0,0.0
117797,1,[10],10.0,10,10,1,1.0,6.0,1.0,0.0
117811,1,[10],10.0,10,10,1,1.0,6.0,1.0,0.0
117841,1,[4],4.0,4,4,1,1.0,3.0,0.0,0.0
117877,1,[6],6.0,6,6,1,1.0,3.0,1.0,0.0
117883,1,[4],4.0,4,4,1,1.0,1.0,0.0,0.0
117973,1,[10],10.0,10,10,1,1.0,2.0,1.0,0.0
117977,1,[18],18.0,18,18,1,1.0,3.0,1.0,0.0
118051,1,[28],28.0,28,28,1,1.0,1.0,1.0,0.0
118057,1,[38],38.0,38,38,1,1.0,6.0,1.0,0.0
118081,1,[4],4.0,4,4,1,1.0,1.0,0.0,0.0
118127,3,"[6, 10, 20]",12.0,6,20,3,1.0,6.3333,0.6667,0.0
118147,2,"[10, 18]",14.0,10,18,2,1.0,4.0,1.0,0.0
118211,3,"[6, 12, 14]",10.6667,6,14,3,1.0,2.6667,1.0,0.0
118213,1,[4],4.0,4,4,1,1.0,3.0,1.0,0.0
118219,1,[10],10.0,10,10,1,1.0,7.0,1.0,0.0
118247,1,[6],6.0,6,6,1,1.0,4.0,1.0,0.0
118249,1,[16],16.0,16,16,1,1.0,3.0,1.0,0.0
118277,1,[8],8.0,8,8,1,1.0,2.0,1.0,0.0
118343,1,[10],10.0,10,10,1,1.0,3.0,0.0,0.0
118369,2,"[18, 32]",25.0,18,32,2,1.0,2.0,1.0,0.0
118373,1,[36],36.0,36,36,1,1.0,1.0,1.0,0.0
118387,1,[50],50.0,50,50,1,1.0,2.0,1.0,0.0
118399,1,[12],12.0,12,12,1,1.0,3.0,1.0,0.0
118423,1,[42],42.0,42,42,1,1.0,2.0,1.0,0.0
118429,1,[10],10.0,10,10,1,1.0,4.0,1.0,0.0
118457,1,[36],36.0,36,36,1,1.0,4.0,1.0,0.0
118471,1,[14],14.0,14,14,1,1.0,2.0,1.0,0.0
118529,1,[18],18.0,18,18,1,1.0,4.0,1.0,0.0
118571,1,[4],4.0,4,4,1,1.0,2.0,0.0,0.0
118583,1,[14],14.0,14,14,1,1.0,2.0,1.0,0.0
118589,1,[16],16.0,16,16,1,1.0,3.0,1.0,0.0
118669,1,[16],16.0,16,16,1,1.0,6.0,1.0,0.0
118673,1,[18],18.0,18,18,1,1.0,2.0,1.0,0.0
118687,1,[16],16.0,16,16,1,1.0,1.0,1.0,0.0
118819,3,"[12, 22]",15.3333,12,22,2,1.0,3.0,1.0,0.0
118831,1,[8],8.0,8,8,1,1.0,2.0,1.0,0.0
118901,1,[6],6.0,6,6,1,1.0,2.0,1.0,0.0
118903,1,[18],18.0,18,18,1,1.0,2.0,1.0,0.0
118913,1,[6],6.0,6,6,1,1.0,3.0,0.0,0.0
118931,2,"[12, 38]",25.0,12,38,2,1.0,2.0,1.0,0.0
118973,1,[14],14.0,14,14,1,1.0,2.0,1.0,0.0
119027,1,[6],6.0,6,6,1,1.0,4.0,1.0,0.0
119033,2,"[4, 18]",11.0,4,18,2,1.0,4.5,0.5,0.0
119039,1,[6],6.0,6,6,1,1.0,1.0,1.0,0.0
119087,1,[10],10.0,10,10,1,1.0,6.0,1.0,0.0
119089,1,[26],26.0,26,26,1,1.0,4.0,1.0,0.0
119159,1,[6],6.0,6,6,1,1.0,1.0,0.0,0.0
119183,1,[12],12.0,12,12,1,1.0,4.0,1.0,0.0
119227,1,[12],12.0,12,12,1,1.0,2.0,1.0,0.0
119237,1,[28],28.0,28,28,1,1.0,4.0,1.0,0.0
119243,2,"[4, 24]",14.0,4,24,2,1.0,1.5,0.5,0.0
119267,1,[8],8.0,8,8,1,1.0,5.0,1.0,0.0
119321,1,[34],34.0,34,34,1,1.0,6.0,1.0,0.0
119489,1,[32],32.0,32,32,1,1.0,8.0,1.0,0.0
119551,2,[6],6.0,6,6,1,1.0,1.5,1.0,0.0
119557,2,"[6, 10]",8.0,6,10,2,1.0,4.5,0.5,0.0
119591,1,[10],10.0,10,10,1,1.0,3.0,1.0,0.0
119633,1,[4],4.0,4,4,1,1.0,3.0,1.0,0.0
119657,1,[8],8.0,8,8,1,1.0,2.0,1.0,0.0
119671,1,[14],14.0,14,14,1,1.0,4.0,1.0,0.0
119747,1,[12],12.0,12,12,1,1.0,8.0,1.0,0.0
119773,1,[4],4.0,4,4,1,1.0,3.0,0.0,0.0
119783,1,[4],4.0,4,4,1,1.0,3.0,0.0,0.0
119831,1,[8],8.0,8,8,1,1.0,2.0,1.0,0.0
119839,1,[18],18.0,18,18,1,1.0,4.0,1.0,0.0
119929,1,[18],18.0,18,18,1,1.0,4.0,1.0,0.0
119993,1,[24],24.0,24,24,1,1.0,2.0,1.0,0.0
120011,1,[18],18.0,18,18,1,1.0,4.0,1.0,0.0
120047,1,[6],6.0,6,6,1,1.0,4.0,1.0,0.0
120067,1,[12],12.0,12,12,1,1.0,3.0,1.0,0.0
120091,1,[6],6.0,6,6,1,1.0,4.0,1.0,0.0
120103,1,[14],14.0,14,14,1,1.0,6.0,1.0,0.0
120247,2,"[6, 12]",9.0,6,12,2,1.0,4.0,1.0,0.0
120331,2,"[10, 20]",15.0,10,20,2,1.0,4.5,1.0,0.0
120349,1,[22],22.0,22,22,1,1.0,4.0,1.0,0.0
120473,1,[18],18.0,18,18,1,1.0,4.0,1.0,0.0
120511,1,[8],8.0,8,8,1,1.0,5.0,1.0,0.0
120551,1,[6],6.0,6,6,1,1.0,2.0,1.0,0.0
120557,2,"[6, 8]",7.0,6,8,2,1.0,2.0,1.0,0.0
120569,1,[20],20.0,20,20,1,1.0,2.0,1.0,0.0
120577,1,[16],16.0,16,16,1,1.0,4.0,1.0,0.0
120623,1,[4],4.0,4,4,1,1.0,3.0,0.0,0.0
120661,1,[10],10.0,10,10,1,1.0,4.0,1.0,0.0
120713,1,[4],4.0,4,4,1,1.0,3.0,0.0,0.0
120721,2,"[14, 18]",16.0,14,18,2,1.0,2.5,1.0,0.0
120779,1,[6],6.0,6,6,1,1.0,1.0,0.0,0.0
120811,1,[6],6.0,6,6,1,1.0,4.0,1.0,0.0
120817,1,[6],6.0,6,6,1,1.0,3.0,1.0,0.0
120851,1,[8],8.0,8,8,1,1.0,5.0,1.0,0.0
120889,1,[36],36.0,36,36,1,1.0,6.0,1.0,0.0
120899,1,[10],10.0,10,10,1,1.0,4.0,1.0,0.0
120907,1,[12],12.0,12,12,1,1.0,2.0,1.0,0.0
120917,2,"[30, 50]",40.0,30,50,2,1.0,2.0,1.0,0.0
120977,1,[10],10.0,10,10,1,1.0,6.0,1.0,0.0
120997,1,[12],12.0,12,12,1,1.0,2.0,1.0,0.0
121001,1,[6],6.0,6,6,1,1.0,5.0,0.0,0.0
121007,1,[6],6.0,6,6,1,1.0,2.0,1.0,0.0
121013,1,[4],4.0,4,4,1,1.0,3.0,1.0,0.0
121039,1,[42],42.0,42,42,1,1.0,2.0,1.0,0.0
121139,1,[12],12.0,12,12,1,1.0,4.0,1.0,0.0
121157,2,"[10, 26]",18.0,10,26,2,1.0,5.5,1.0,0.0
121171,1,[6],6.0,6,6,1,1.0,2.0,0.0,0.0
121189,1,[22],22.0,22,22,1,1.0,4.0,1.0,0.0
121259,1,[12],12.0,12,12,1,1.0,2.0,1.0,0.0
121313,1,[10],10.0,10,10,1,1.0,7.0,0.0,0.0
121321,1,[6],6.0,6,6,1,1.0,4.0,1.0,0.0
121379,1,[24],24.0,24,24,1,1.0,7.0,1.0,0.0
121403,1,[18],18.0,18,18,1,1.0,6.0,1.0,0.0
121421,1,[4],4.0,4,4,1,1.0,1.0,0.0,0.0
121441,1,[6],6.0,6,6,1,1.0,2.0,1.0,0.0
121501,1,[10],10.0,10,10,1,1.0,4.0,1.0,0.0
121531,1,[14],14.0,14,14,1,1.0,6.0,1.0,0.0
121547,2,"[6, 12]",9.0,6,12,2,1.0,6.0,1.0,0.0
121577,1,[8],8.0,8,8,1,1.0,2.0,1.0,0.0
121591,2,"[6, 28]",17.0,6,28,2,1.0,4.0,1.0,0.0
121633,1,[10],10.0,10,10,1,1.0,2.0,1.0,0.0
121763,1,[4],4.0,4,4,1,1.0,1.0,0.0,0.0
121787,2,"[6, 8]",7.0,6,8,2,1.0,3.5,1.0,0.0
121843,1,[6],6.0,6,6,1,1.0,2.0,1.0,0.0
121949,1,[6],6.0,6,6,1,1.0,4.0,1.0,0.0
121997,1,[6],6.0,6,6,1,1.0,2.0,0.0,0.0
122027,1,[6],6.0,6,6,1,1.0,2.0,1.0,0.0
122039,1,[22],22.0,22,22,1,1.0,4.0,1.0,0.0
122081,2,"[12, 18]",15.0,12,18,2,1.0,1.5,1.0,0.0
122099,1,[16],16.0,16,16,1,1.0,6.0,1.0,0.0
122131,2,"[6, 18]",12.0,6,18,2,1.0,6.0,1.0,0.0
122149,1,[18],18.0,18,18,1,1.0,6.0,1.0,0.0
122167,1,[46],46.0,46,46,1,1.0,4.0,1.0,0.0
122207,1,[12],12.0,12,12,1,1.0,6.0,0.0,0.0
122209,1,[12],12.0,12,12,1,1.0,6.0,1.0,0.0
122219,1,[18],18.0,18,18,1,1.0,6.0,1.0,0.0
122231,2,"[4, 10]",7.0,4,10,2,1.0,3.5,1.0,0.0
122267,1,[6],6.0,6,6,1,1.0,4.0,1.0,0.0
122299,1,[10],10.0,10,10,1,1.0,6.0,1.0,0.0
122321,1,[10],10.0,10,10,1,1.0,1.0,1.0,0.0
122323,1,[14],14.0,14,14,1,1.0,8.0,1.0,0.0
122347,1,[28],28.0,28,28,1,1.0,10.0,1.0,0.0
122387,1,[6],6.0,6,6,1,1.0,1.0,0.0,0.0
122449,1,[22],22.0,22,22,1,1.0,4.0,1.0,0.0
122497,1,[6],6.0,6,6,1,1.0,3.0,1.0,0.0
122509,1,[24],24.0,24,24,1,1.0,4.0,1.0,0.0
122561,1,[18],18.0,18,18,1,1.0,2.0,1.0,0.0
122611,1,[8],8.0,8,8,1,1.0,6.0,1.0,0.0
122693,1,[10],10.0,10,10,1,1.0,1.0,0.0,0.0
122701,1,[4],4.0,4,4,1,1.0,1.0,0.0,0.0
122741,2,"[4, 10]",7.0,4,10,2,1.0,1.5,1.0,0.0
122827,1,[6],6.0,6,6,1,1.0,1.0,1.0,0.0
122861,1,[30],30.0,30,30,1,1.0,2.0,1.0,0.0
122887,1,[28],28.0,28,28,1,1.0,10.0,1.0,0.0
122921,1,[10],10.0,10,10,1,1.0,4.0,1.0,0.0
123001,1,[10],10.0,10,10,1,1.0,4.0,1.0,0.0
123091,1,[10],10.0,10,10,1,1.0,4.0,1.0,0.0
123209,1,[10],10.0,10,10,1,1.0,4.0,1.0,0.0
123229,1,[22],22.0,22,22,1,1.0,4.0,1.0,0.0
123373,1,[14],14.0,14,14,1,1.0,2.0,1.0,0.0
123397,1,[8],8.0,8,8,1,1.0,2.0,1.0,0.0
123427,1,[6],6.0,6,6,1,1.0,1.0,1.0,0.0
123491,1,[10],10.0,10,10,1,1.0,3.0,1.0,0.0
123517,1,[10],10.0,10,10,1,1.0,6.0,1.0,0.0
123551,1,[10],10.0,10,10,1,1.0,6.0,1.0,0.0
123583,1,[18],18.0,18,18,1,1.0,2.0,1.0,0.0
123601,1,[34],34.0,34,34,1,1.0,4.0,1.0,0.0
123653,1,[24],24.0,24,24,1,1.0,2.0,1.0,0.0
123667,1,[28],28.0,28,28,1,1.0,2.0,1.0,0.0
123707,1,[10],10.0,10,10,1,1.0,3.0,1.0,0.0
123727,1,[30],30.0,30,30,1,1.0,1.0,1.0,0.0
123733,1,[14],14.0,14,14,1,1.0,2.0,0.0,0.0
123757,1,[10],10.0,10,10,1,1.0,1.0,1.0,0.0
123787,1,[28],28.0,28,28,1,1.0,6.0,1.0,0.0
123821,1,[8],8.0,8,8,1,1.0,3.0,1.0,0.0
123853,1,[14],14.0,14,14,1,1.0,5.0,1.0,0.0
123863,1,[24],24.0,24,24,1,1.0,2.0,1.0,0.0
123973,1,[10],10.0,10,10,1,1.0,8.0,1.0,0.0
124001,1,[10],10.0,10,10,1,1.0,1.0,1.0,0.0
124121,1,[4],4.0,4,4,1,1.0,2.0,1.0,0.0
124147,1,[10],10.0,10,10,1,1.0,3.0,1.0,0.0
124199,1,[16],16.0,16,16,1,1.0,4.0,1.0,0.0
124277,1,[8],8.0,8,8,1,1.0,2.0,0.0,0.0
124291,1,[4],4.0,4,4,1,1.0,2.0,0.0,0.0
124297,1,[6],6.0,6,6,1,1.0,4.0,1.0,0.0
124337,1,[6],6.0,6,6,1,1.0,2.0,0.0,0.0
124339,1,[12],12.0,12,12,1,1.0,6.0,1.0,0.0
124351,1,[10],10.0,10,10,1,1.0,4.0,1.0,0.0
124447,2,"[8, 12]",10.0,8,12,2,1.0,3.0,1.0,0.0
124673,1,[10],10.0,10,10,1,1.0,8.0,1.0,0.0
124703,2,"[14, 18]",16.0,14,18,2,1.0,5.0,1.0,0.0
124771,1,[4],4.0,4,4,1,1.0,1.0,0.0,0.0
124781,2,"[4, 8]",6.0,4,8,2,1.0,2.0,1.0,0.0
124793,1,[10],10.0,10,10,1,1.0,4.0,1.0,0.0
124799,1,[24],24.0,24,24,1,1.0,4.0,1.0,0.0
124979,1,[12],12.0,12,12,1,1.0,3.0,1.0,0.0
124991,1,[4],4.0,4,4,1,1.0,1.0,0.0,0.0
125003,1,[10],10.0,10,10,1,1.0,7.0,1.0,0.0
125101,1,[6],6.0,6,6,1,1.0,1.0,0.0,0.0
125107,1,[12],12.0,12,12,1,1.0,4.0,1.0,0.0
125117,1,[8],8.0,8,8,1,1.0,2.0,1.0,0.0
125149,1,[10],10.0,10,10,1,1.0,4.0,1.0,0.0
125197,1,[16],16.0,16,16,1,1.0,10.0,1.0,0.0
125219,1,[12],12.0,12,12,1,1.0,2.0,1.0,0.0
125243,1,[14],14.0,14,14,1,1.0,2.0,1.0,0.0
125429,2,"[10, 12]",11.0,10,12,2,1.0,4.5,1.0,0.0
125497,1,[10],10.0,10,10,1,1.0,6.0,1.0,0.0
125507,1,[26],26.0,26,26,1,1.0,2.0,1.0,0.0
125527,1,[12],12.0,12,12,1,1.0,7.0,1.0,0.0
125639,1,[16],16.0,16,16,1,1.0,4.0,1.0,0.0
125641,1,[4],4.0,4,4,1,1.0,3.0,0.0,0.0
125707,1,[8],8.0,8,8,1,1.0,4.0,1.0,0.0
125731,1,[6],6.0,6,6,1,1.0,1.0,1.0,0.0
125777,1,[8],8.0,8,8,1,1.0,2.0,1.0,0.0
125821,1,[14],14.0,14,14,1,1.0,2.0,1.0,0.0
125899,1,[20],20.0,20,20,1,1.0,2.0,1.0,0.0
125921,1,[8],8.0,8,8,1,1.0,2.0,0.0,0.0
125941,1,[4],4.0,4,4,1,1.0,2.0,0.0,0.0
126001,1,[8],8.0,8,8,1,1.0,6.0,1.0,0.0
126079,1,[16],16.0,16,16,1,1.0,1.0,1.0,0.0
126143,1,[10],10.0,10,10,1,1.0,6.0,1.0,0.0
126199,2,"[12, 32]",22.0,12,32,2,1.0,2.0,1.0,0.0
126223,1,[22],22.0,22,22,1,1.0,3.0,1.0,0.0
126271,1,[4],4.0,4,4,1,1.0,1.0,0.0,0.0
126311,2,"[6, 8]",7.0,6,8,2,1.0,3.5,1.0,0.0
126359,1,[10],10.0,10,10,1,1.0,4.0,1.0,0.0
126397,1,[8],8.0,8,8,1,1.0,2.0,1.0,0.0
126461,1,[4],4.0,4,4,1,1.0,1.0,0.0,0.0
126473,1,[40],40.0,40,40,1,1.0,2.0,1.0,0.0
126481,2,"[8, 18]",13.0,8,18,2,1.0,4.0,1.0,0.0
126487,1,[6],6.0,6,6,1,1.0,1.0,1.0,0.0
126493,1,[24],24.0,24,24,1,1.0,4.0,1.0,0.0
126641,1,[4],4.0,4,4,1,1.0,1.0,0.0,0.0
126733,1,[4],4.0,4,4,1,1.0,3.0,0.0,0.0
126739,1,[42],42.0,42,42,1,1.0,1.0,1.0,0.0
126761,2,"[4, 8]",6.0,4,8,2,1.0,1.5,0.5,0.0
126827,1,[12],12.0,12,12,1,1.0,3.0,1.0,0.0
126967,1,[8],8.0,8,8,1,1.0,2.0,1.0,0.0
127051,1,[28],28.0,28,28,1,1.0,1.0,1.0,0.0
127123,1,[4],4.0,4,4,1,1.0,1.0,0.0,0.0
127133,1,[20],20.0,20,20,1,1.0,2.0,1.0,0.0
127247,1,[8],8.0,8,8,1,1.0,2.0,1.0,0.0
127363,1,[14],14.0,14,14,1,1.0,2.0,1.0,0.0
127399,1,[24],24.0,24,24,1,1.0,4.0,1.0,0.0
127481,1,[6],6.0,6,6,1,1.0,2.0,0.0,0.0
127493,1,[14],14.0,14,14,1,1.0,5.0,1.0,0.0
127637,1,[6],6.0,6,6,1,1.0,3.0,1.0,0.0
127657,1,[6],6.0,6,6,1,1.0,4.0,1.0,0.0
127679,1,[12],12.0,12,12,1,1.0,2.0,1.0,0.0
127691,1,[4],4.0,4,4,1,1.0,2.0,0.0,0.0
127727,2,"[6, 40]",23.0,6,40,2,1.0,6.0,0.5,0.0
127837,1,[6],6.0,6,6,1,1.0,4.0,1.0,0.0
127873,1,[4],4.0,4,4,1,1.0,3.0,0.0,0.0
127921,1,[14],14.0,14,14,1,1.0,6.0,1.0,0.0
127973,1,[24],24.0,24,24,1,1.0,2.0,1.0,0.0
128047,1,[16],16.0,16,16,1,1.0,2.0,1.0,0.0
128053,1,[14],14.0,14,14,1,1.0,6.0,1.0,0.0
128147,1,[6],6.0,6,6,1,1.0,4.0,1.0,0.0
128159,1,[10],10.0,10,10,1,1.0,3.0,0.0,0.0
128173,1,[14],14.0,14,14,1,1.0,2.0,1.0,0.0
128201,1,[8],8.0,8,8,1,1.0,2.0,1.0,0.0
128203,1,[32],32.0,32,32,1,1.0,2.0,1.0,0.0
128221,1,[18],18.0,18,18,1,1.0,4.0,1.0,0.0
128399,1,[26],26.0,26,26,1,1.0,3.0,1.0,0.0
128437,2,"[12, 20]",16.0,12,20,2,1.0,6.0,1.0,0.0
128461,1,[6],6.0,6,6,1,1.0,4.0,1.0,0.0
128467,1,[16],16.0,16,16,1,1.0,2.0,1.0,0.0
128477,1,[6],6.0,6,6,1,1.0,4.0,1.0,0.0
128551,1,[4],4.0,4,4,1,1.0,2.0,0.0,0.0
128591,1,[10],10.0,10,10,1,1.0,6.0,1.0,0.0
128629,1,[20],20.0,20,20,1,1.0,6.0,1.0,0.0
128657,1,[6],6.0,6,6,1,1.0,2.0,1.0,0.0
128659,1,[20],20.0,20,20,1,1.0,2.0,1.0,0.0
128669,1,[24],24.0,24,24,1,1.0,4.0,1.0,0.0
128749,1,[16],16.0,16,16,1,1.0,3.0,1.0,0.0
128981,1,[6],6.0,6,6,1,1.0,2.0,1.0,0.0
128983,1,[14],14.0,14,14,1,1.0,2.0,0.0,0.0
128993,1,[14],14.0,14,14,1,1.0,6.0,1.0,0.0
129001,1,[14],14.0,14,14,1,1.0,2.0,1.0,0.0
129023,1,[20],20.0,20,20,1,1.0,2.0,1.0,0.0
129037,1,[12],12.0,12,12,1,1.0,8.0,1.0,0.0
129169,1,[22],22.0,22,22,1,1.0,4.0,1.0,0.0
129187,1,[26],26.0,26,26,1,1.0,4.0,1.0,0.0
129197,1,[12],12.0,12,12,1,1.0,2.0,1.0,0.0
129313,1,[14],14.0,14,14,1,1.0,2.0,1.0,0.0
129449,1,[56],56.0,56,56,1,1.0,2.0,1.0,0.0
129491,1,[4],4.0,4,4,1,1.0,1.0,1.0,0.0
129527,1,[6],6.0,6,6,1,1.0,1.0,0.0,0.0
129631,1,[4],4.0,4,4,1,1.0,1.0,0.0,0.0
129643,1,[4],4.0,4,4,1,1.0,1.0,0.0,0.0
129719,1,[16],16.0,16,16,1,1.0,4.0,1.0,0.0
129737,1,[8],8.0,8,8,1,1.0,2.0,1.0,0.0
129757,1,[6],6.0,6,6,1,1.0,1.0,0.0,0.0
129841,1,[4],4.0,4,4,1,1.0,3.0,0.0,0.0
129853,2,"[4, 10]",7.0,4,10,2,1.0,3.5,0.5,0.0
129901,3,"[10, 18, 20]",16.0,10,20,3,1.0,3.6667,1.0,0.0
129971,1,[14],14.0,14,14,1,1.0,2.0,1.0,0.0
130051,1,[4],4.0,4,4,1,1.0,1.0,0.0,0.0
130199,1,[12],12.0,12,12,1,1.0,2.0,1.0,0.0
130337,2,"[6, 10]",8.0,6,10,2,1.0,2.0,1.0,0.0
130363,1,[14],14.0,14,14,1,1.0,4.0,1.0,0.0
130367,1,[16],16.0,16,16,1,1.0,4.0,1.0,0.0
130399,1,[12],12.0,12,12,1,1.0,4.0,1.0,0.0
130457,1,[8],8.0,8,8,1,1.0,2.0,1.0,0.0
130477,2,"[6, 10]",8.0,6,10,2,1.0,3.5,0.5,0.0
130631,1,[14],14.0,14,14,1,1.0,2.0,1.0,0.0
130633,2,"[4, 24]",14.0,4,24,2,1.0,3.5,0.5,0.0
130639,1,[22],22.0,22,22,1,1.0,3.0,1.0,0.0
130649,1,[20],20.0,20,20,1,1.0,2.0,1.0,0.0
130681,1,[6],6.0,6,6,1,1.0,4.0,0.0,0.0
130687,1,[6],6.0,6,6,1,1.0,4.0,1.0,0.0
130817,1,[12],12.0,12,12,1,1.0,2.0,1.0,0.0
130829,1,[16],16.0,16,16,1,1.0,4.0,1.0,0.0
130843,1,[20],20.0,20,20,1,1.0,2.0,1.0,0.0
130973,1,[4],4.0,4,4,1,1.0,3.0,0.0,0.0
131023,3,"[4, 14, 18]",12.0,4,18,3,1.0,2.3333,0.6667,0.0
131041,1,[30],30.0,30,30,1,1.0,2.0,1.0,0.0
131059,1,[32],32.0,32,32,1,1.0,4.0,1.0,0.0
131143,1,[22],22.0,22,22,1,1.0,3.0,1.0,0.0
131171,1,[4],4.0,4,4,1,1.0,1.0,0.0,0.0
131213,1,[18],18.0,18,18,1,1.0,2.0,1.0,0.0
131221,1,[4],4.0,4,4,1,1.0,3.0,0.0,0.0
131249,1,[50],50.0,50,50,1,1.0,4.0,1.0,0.0
131303,1,[10],10.0,10,10,1,1.0,3.0,1.0,0.0
131311,1,[14],14.0,14,14,1,1.0,2.0,1.0,0.0
131413,1,[10],10.0,10,10,1,1.0,4.0,1.0,0.0
131437,1,[8],8.0,8,8,1,1.0,2.0,1.0,0.0
131497,1,[16],16.0,16,16,1,1.0,4.0,1.0,0.0
131519,1,[22],22.0,22,22,1,1.0,4.0,1.0,0.0
131543,1,[4],4.0,4,4,1,1.0,2.0,0.0,0.0
131611,1,[30],30.0,30,30,1,1.0,6.0,1.0,0.0
131641,1,[20],20.0,20,20,1,1.0,2.0,1.0,0.0
131701,1,[4],4.0,4,4,1,1.0,3.0,0.0,0.0
131711,1,[4],4.0,4,4,1,1.0,1.0,1.0,0.0
131837,1,[12],12.0,12,12,1,1.0,2.0,1.0,0.0
131861,1,[14],14.0,14,14,1,1.0,6.0,1.0,0.0
131891,2,"[14, 18]",16.0,14,18,2,1.0,3.5,1.0,0.0
131927,1,[6],6.0,6,6,1,1.0,2.0,1.0,0.0
132047,2,"[12, 16]",14.0,12,16,2,1.0,3.0,1.0,0.0
132169,1,[30],30.0,30,30,1,1.0,4.0,1.0,0.0
132173,1,[4],4.0,4,4,1,1.0,1.0,0.0,0.0
132287,1,[10],10.0,10,10,1,1.0,3.0,1.0,0.0
132313,1,[4],4.0,4,4,1,1.0,3.0,0.0,0.0
132403,1,[14],14.0,14,14,1,1.0,3.0,1.0,0.0
132409,1,[30],30.0,30,30,1,1.0,3.0,1.0,0.0
132469,1,[26],26.0,26,26,1,1.0,5.0,1.0,0.0
132499,2,"[12, 22]",17.0,12,22,2,1.0,2.5,1.0,0.0
132541,1,[10],10.0,10,10,1,1.0,1.0,1.0,0.0
132631,1,[14],14.0,14,14,1,1.0,2.0,1.0,0.0
132689,1,[10],10.0,10,10,1,1.0,1.0,1.0,0.0
132697,1,[12],12.0,12,12,1,1.0,4.0,1.0,0.0
132709,2,"[22, 54]",38.0,22,54,2,1.0,7.5,0.5,0.5
132757,1,[16],16.0,16,16,1,1.0,2.0,1.0,0.0
132817,1,[8],8.0,8,8,1,1.0,2.0,1.0,0.0
132857,1,[10],10.0,10,10,1,1.0,6.0,1.0,0.0
132893,1,[18],18.0,18,18,1,1.0,3.0,1.0,0.0
132911,1,[18],18.0,18,18,1,1.0,2.0,1.0,0.0
132953,1,[18],18.0,18,18,1,1.0,2.0,1.0,0.0
132971,2,"[4, 28]",16.0,4,28,2,1.0,4.0,0.5,0.0
133033,1,[18],18.0,18,18,1,1.0,2.0,1.0,0.0
133051,1,[10],10.0,10,10,1,1.0,3.0,1.0,0.0
133073,1,[22],22.0,22,22,1,1.0,1.0,1.0,0.0
133097,1,[6],6.0,6,6,1,1.0,3.0,1.0,0.0
133109,1,[26],26.0,26,26,1,1.0,5.0,1.0,0.0
133157,1,[10],10.0,10,10,1,1.0,1.0,1.0,0.0
133213,1,[4],4.0,4,4,1,1.0,3.0,0.0,0.0
133241,2,"[4, 8]",6.0,4,8,2,1.0,2.0,0.5,0.0
133379,1,[12],12.0,12,12,1,1.0,3.0,1.0,0.0
133481,1,[14],14.0,14,14,1,1.0,5.0,1.0,0.0
133559,1,[12],12.0,12,12,1,1.0,2.0,1.0,0.0
133673,1,[10],10.0,10,10,1,1.0,4.0,1.0,0.0
133691,1,[14],14.0,14,14,1,1.0,2.0,1.0,0.0
133697,1,[36],36.0,36,36,1,1.0,4.0,1.0,0.0
133711,1,[6],6.0,6,6,1,1.0,4.0,0.0,0.0
133801,1,[4],4.0,4,4,1,1.0,2.0,0.0,0.0
133853,1,[34],34.0,34,34,1,1.0,1.0,1.0,0.0
133949,1,[20],20.0,20,20,1,1.0,6.0,1.0,0.0
133967,1,[8],8.0,8,8,1,1.0,2.0,1.0,0.0
133979,1,[22],22.0,22,22,1,1.0,4.0,1.0,0.0
134047,1,[6],6.0,6,6,1,1.0,1.0,0.0,0.0
134081,1,[10],10.0,10,10,1,1.0,4.0,1.0,0.0
134129,1,[16],16.0,16,16,1,1.0,3.0,1.0,0.0
134177,1,[10],10.0,10,10,1,1.0,6.0,1.0,0.0
134207,1,[6],6.0,6,6,1,1.0,1.0,0.0,0.0
134257,1,[6],6.0,6,6,1,1.0,4.0,1.0,0.0
134263,1,[14],14.0,14,14,1,1.0,3.0,1.0,0.0
134327,2,"[6, 10]",8.0,6,10,2,1.0,4.0,1.0,0.0
134399,1,[22],22.0,22,22,1,1.0,3.0,1.0,0.0
134489,1,[16],16.0,16,16,1,1.0,3.0,1.0,0.0
134513,1,[14],14.0,14,14,1,1.0,8.0,1.0,0.0
134593,1,[4],4.0,4,4,1,1.0,3.0,1.0,0.0
134609,1,[30],30.0,30,30,1,1.0,2.0,1.0,0.0
134669,1,[22],22.0,22,22,1,1.0,2.0,1.0,0.0
134683,1,[24],24.0,24,24,1,1.0,4.0,1.0,0.0
134731,1,[28],28.0,28,28,1,1.0,2.0,1.0,0.0
134777,1,[30],30.0,30,30,1,1.0,2.0,1.0,0.0
134839,1,[40],40.0,40,40,1,1.0,4.0,1.0,0.0
135007,1,[8],8.0,8,8,1,1.0,2.0,1.0,0.0
135019,1,[16],16.0,16,16,1,1.0,6.0,1.0,0.0
135043,1,[14],14.0,14,14,1,1.0,4.0,1.0,0.0
135077,1,[12],12.0,12,12,1,1.0,2.0,1.0,0.0
135089,1,[10],10.0,10,10,1,1.0,1.0,1.0,0.0
135197,1,[8],8.0,8,8,1,1.0,2.0,1.0,0.0
135283,2,"[18, 22]",20.0,18,22,2,1.0,3.5,1.0,0.0
135389,1,[40],40.0,40,40,1,1.0,2.0,1.0,0.0
135391,1,[18],18.0,18,18,1,1.0,2.0,1.0,0.0
135433,1,[14],14.0,14,14,1,1.0,6.0,1.0,0.0
135461,2,"[18, 20]",19.0,18,20,2,1.0,2.0,1.0,0.0
135599,1,[20],20.0,20,20,1,1.0,4.0,1.0,0.0
135601,2,"[4, 6]",5.0,4,6,2,1.0,2.5,0.5,0.0
135637,1,[12],12.0,12,12,1,1.0,4.0,1.0,0.0
135719,1,[12],12.0,12,12,1,1.0,3.0,1.0,0.0
135787,1,[8],8.0,8,8,1,1.0,2.0,0.0,0.0
135829,1,[40],40.0,40,40,1,1.0,7.0,1.0,0.0
135859,1,[22],22.0,22,22,1,1.0,4.0,1.0,0.0
135887,2,"[6, 12]",9.0,6,12,2,1.0,2.0,1.0,0.0
136111,2,"[4, 14]",9.0,4,14,2,1.0,1.5,0.5,0.0
136133,1,[14],14.0,14,14,1,1.0,4.0,1.0,0.0
136399,1,[20],20.0,20,20,1,1.0,6.0,1.0,0.0
136421,1,[4],4.0,4,4,1,1.0,1.0,0.0,0.0
136453,1,[10],10.0,10,10,1,1.0,4.0,1.0,0.0
136523,1,[10],10.0,10,10,1,1.0,3.0,1.0,0.0
136541,1,[34],34.0,34,34,1,1.0,6.0,1.0,0.0
136559,1,[16],16.0,16,16,1,1.0,4.0,1.0,0.0
136603,1,[4],4.0,4,4,1,1.0,1.0,0.0,0.0
136607,2,"[10, 20]",15.0,10,20,2,1.0,2.5,1.0,0.0
136649,1,[20],20.0,20,20,1,1.0,2.0,1.0,0.0
136709,1,[22],22.0,22,22,1,1.0,4.0,1.0,0.0
136727,2,"[6, 12]",9.0,6,12,2,1.0,3.5,0.5,0.0
136769,1,[16],16.0,16,16,1,1.0,4.0,1.0,0.0
136987,1,[6],6.0,6,6,1,1.0,4.0,1.0,0.0
137077,2,"[10, 28]",19.0,10,28,2,1.0,2.5,0.5,0.0
137117,1,[10],10.0,10,10,1,1.0,6.0,1.0,0.0
137119,1,[12],12.0,12,12,1,1.0,3.0,1.0,0.0
137143,1,[20],20.0,20,20,1,1.0,2.0,1.0,0.0
137239,1,[10],10.0,10,10,1,1.0,4.0,1.0,0.0
137303,2,"[14, 18]",16.0,14,18,2,1.0,2.5,1.0,0.0
137363,1,[10],10.0,10,10,1,1.0,3.0,1.0,0.0
137387,1,[6],6.0,6,6,1,1.0,2.0,1.0,0.0
137483,1,[44],44.0,44,44,1,1.0,2.0,1.0,0.0
137507,1,[30],30.0,30,30,1,1.0,2.0,1.0,0.0
137537,1,[8],8.0,8,8,1,1.0,2.0,1.0,0.0
137593,1,[14],14.0,14,14,1,1.0,2.0,1.0,0.0
137699,1,[16],16.0,16,16,1,1.0,8.0,1.0,0.0
137723,1,[14],14.0,14,14,1,1.0,3.0,1.0,0.0
137831,1,[18],18.0,18,18,1,1.0,5.0,1.0,0.0
137957,1,[8],8.0,8,8,1,1.0,5.0,0.0,0.0
137983,1,[32],32.0,32,32,1,1.0,5.0,1.0,0.0
138053,1,[20],20.0,20,20,1,1.0,2.0,1.0,0.0
138071,1,[4],4.0,4,4,1,1.0,1.0,0.0,0.0
138101,1,[6],6.0,6,6,1,1.0,2.0,1.0,0.0
138157,1,[16],16.0,16,16,1,1.0,2.0,1.0,0.0
138179,1,[30],30.0,30,30,1,1.0,2.0,1.0,0.0
138323,1,[22],22.0,22,22,1,1.0,3.0,1.0,0.0
138403,1,[22],22.0,22,22,1,1.0,4.0,1.0,0.0
138469,1,[20],20.0,20,20,1,1.0,6.0,1.0,0.0
138511,1,[10],10.0,10,10,1,1.0,6.0,1.0,0.0
138517,2,"[8, 26]",17.0,8,26,2,1.0,2.0,1.0,0.0
138547,1,[10],10.0,10,10,1,1.0,1.0,0.0,0.0
138559,1,[20],20.0,20,20,1,1.0,2.0,1.0,0.0
138571,2,"[4, 8]",6.0,4,8,2,1.0,1.5,0.0,0.0
138581,1,[18],18.0,18,18,1,1.0,8.0,1.0,0.0
138799,1,[22],22.0,22,22,1,1.0,7.0,1.0,0.0
138821,1,[14],14.0,14,14,1,1.0,2.0,1.0,0.0
138889,1,[26],26.0,26,26,1,1.0,2.0,1.0,0.0
139067,1,[12],12.0,12,12,1,1.0,2.0,1.0,0.0
139091,1,[10],10.0,10,10,1,1.0,4.0,1.0,0.0
139241,2,"[4, 14]",9.0,4,14,2,1.0,4.0,0.5,0.0
139267,1,[10],10.0,10,10,1,1.0,3.0,1.0,0.0
139297,1,[6],6.0,6,6,1,1.0,3.0,1.0,0.0
139313,1,[22],22.0,22,22,1,1.0,6.0,1.0,0.0
139367,1,[28],28.0,28,28,1,1.0,10.0,1.0,0.0
139387,1,[8],8.0,8,8,1,1.0,3.0,0.0,0.0
139393,2,"[10, 40]",25.0,10,40,2,1.0,5.0,1.0,0.0
139397,1,[8],8.0,8,8,1,1.0,2.0,1.0,0.0
139423,1,[10],10.0,10,10,1,1.0,8.0,1.0,0.0
139457,1,[10],10.0,10,10,1,1.0,6.0,1.0,0.0
139483,1,[22],22.0,22,22,1,1.0,6.0,1.0,0.0
139663,1,[4],4.0,4,4,1,1.0,1.0,1.0,0.0
139681,1,[4],4.0,4,4,1,1.0,2.0,0.0,0.0
139697,2,"[6, 12]",9.0,6,12,2,1.0,3.5,1.0,0.0
139747,2,"[6, 20]",13.0,6,20,2,1.0,1.5,1.0,0.0
139813,2,"[10, 24]",17.0,10,24,2,1.0,5.0,1.0,0.0
139991,1,[28],28.0,28,28,1,1.0,10.0,1.0,0.0
140111,1,[8],8.0,8,8,1,1.0,5.0,1.0,0.0
140123,1,[14],14.0,14,14,1,1.0,3.0,1.0,0.0
140333,1,[10],10.0,10,10,1,1.0,4.0,1.0,0.0
140339,1,[12],12.0,12,12,1,1.0,3.0,1.0,0.0
140443,1,[10],10.0,10,10,1,1.0,3.0,1.0,0.0
140521,1,[6],6.0,6,6,1,1.0,4.0,1.0,0.0
140527,1,[30],30.0,30,30,1,1.0,2.0,1.0,0.0
140551,1,[4],4.0,4,4,1,1.0,1.0,0.0,0.0
140659,1,[10],10.0,10,10,1,1.0,2.0,1.0,0.0
140677,1,[6],6.0,6,6,1,1.0,4.0,1.0,0.0
140729,1,[22],22.0,22,22,1,1.0,6.0,1.0,0.0
140741,1,[8],8.0,8,8,1,1.0,2.0,0.0,0.0
140761,2,"[4, 18]",11.0,4,18,2,1.0,2.5,0.5,0.0
140813,1,[20],20.0,20,20,1,1.0,2.0,1.0,0.0
140891,1,[38],38.0,38,38,1,1.0,2.0,1.0,0.0
140977,1,[6],6.0,6,6,1,1.0,1.0,0.0,0.0
141061,1,[6],6.0,6,6,1,1.0,1.0,0.0,0.0
141067,1,[6],6.0,6,6,1,1.0,1.0,1.0,0.0
141131,1,[10],10.0,10,10,1,1.0,6.0,0.0,0.0
141179,2,"[10, 22]",16.0,10,22,2,1.0,3.5,1.0,0.0
141233,1,[14],14.0,14,14,1,1.0,5.0,1.0,0.0
141257,2,"[6, 10]",8.0,6,10,2,1.0,3.0,0.5,0.0
141283,1,[10],10.0,10,10,1,1.0,3.0,1.0,0.0
141371,2,"[4, 8]",6.0,4,8,2,1.0,1.5,0.5,0.0
141413,1,[4],4.0,4,4,1,1.0,3.0,1.0,0.0
141509,1,[10],10.0,10,10,1,1.0,6.0,1.0,0.0
141539,1,[22],22.0,22,22,1,1.0,4.0,1.0,0.0
141629,1,[26],26.0,26,26,1,1.0,6.0,1.0,0.0
141697,1,[16],16.0,16,16,1,1.0,7.0,1.0,0.0
141707,1,[12],12.0,12,12,1,1.0,2.0,1.0,0.0
141767,1,[8],8.0,8,8,1,1.0,2.0,1.0,0.0
141793,1,[18],18.0,18,18,1,1.0,6.0,1.0,0.0
141961,1,[28],28.0,28,28,1,1.0,2.0,1.0,0.0
142007,1,[12],12.0,12,12,1,1.0,2.0,1.0,0.0
142061,1,[14],14.0,14,14,1,1.0,2.0,1.0,0.0
142097,1,[10],10.0,10,10,1,1.0,6.0,1.0,0.0
142099,1,[12],12.0,12,12,1,1.0,7.0,1.0,0.0
142211,2,"[4, 6]",5.0,4,6,2,1.0,2.5,1.0,0.0
142297,1,[30],30.0,30,30,1,1.0,4.0,1.0,0.0
142357,1,[12],12.0,12,12,1,1.0,8.0,1.0,0.0
142421,1,[6],6.0,6,6,1,1.0,2.0,1.0,0.0
142453,2,"[10, 22]",16.0,10,22,2,1.0,5.0,1.0,0.0
142501,1,[38],38.0,38,38,1,1.0,2.0,1.0,0.0
142547,1,[6],6.0,6,6,1,1.0,2.0,0.0,0.0
142573,1,[4],4.0,4,4,1,1.0,3.0,0.0,0.0
142673,1,[4],4.0,4,4,1,1.0,1.0,0.0,0.0
142711,1,[44],44.0,44,44,1,1.0,5.0,1.0,0.0
142787,1,[12],12.0,12,12,1,1.0,2.0,1.0,0.0
142841,1,[8],8.0,8,8,1,1.0,6.0,1.0,0.0
142907,1,[10],10.0,10,10,1,1.0,6.0,1.0,0.0
142949,2,"[26, 52]",39.0,26,52,2,1.0,4.0,1.0,0.0
142969,1,[12],12.0,12,12,1,1.0,4.0,1.0,0.0
142979,1,[20],20.0,20,20,1,1.0,2.0,1.0,0.0
143141,2,"[4, 18]",11.0,4,18,2,1.0,1.5,0.5,0.0
143159,1,[10],10.0,10,10,1,1.0,4.0,1.0,0.0
143357,1,[10],10.0,10,10,1,1.0,4.0,1.0,0.0
143419,1,[10],10.0,10,10,1,1.0,4.0,1.0,0.0
143443,1,[14],14.0,14,14,1,1.0,2.0,1.0,0.0
143477,2,"[6, 12]",9.0,6,12,2,1.0,2.0,0.5,0.0
143503,1,[4],4.0,4,4,1,1.0,3.0,0.0,0.0
143519,1,[46],46.0,46,46,1,1.0,4.0,1.0,0.0
143569,1,[16],16.0,16,16,1,1.0,4.0,1.0,0.0
143593,1,[10],10.0,10,10,1,1.0,4.0,1.0,0.0
143629,1,[10],10.0,10,10,1,1.0,4.0,1.0,0.0
143687,1,[12],12.0,12,12,1,1.0,8.0,1.0,0.0
143711,1,[20],20.0,20,20,1,1.0,4.0,1.0,0.0
143791,1,[4],4.0,4,4,1,1.0,1.0,1.0,0.0
143833,1,[34],34.0,34,34,1,1.0,1.0,1.0,0.0
143953,1,[4],4.0,4,4,1,1.0,3.0,0.0,0.0
144013,1,[24],24.0,24,24,1,1.0,1.0,1.0,0.0
144071,1,[14],14.0,14,14,1,1.0,11.0,1.0,0.0
144103,1,[14],14.0,14,14,1,1.0,6.0,1.0,0.0
144161,1,[8],8.0,8,8,1,1.0,2.0,1.0,0.0
144203,1,[52],52.0,52,52,1,1.0,4.0,1.0,0.0
144241,1,[6],6.0,6,6,1,1.0,4.0,1.0,0.0
144247,2,"[6, 12]",9.0,6,12,2,1.0,7.0,1.0,0.0
144253,1,[18],18.0,18,18,1,1.0,2.0,1.0,0.0
144299,1,[12],12.0,12,12,1,1.0,6.0,1.0,0.0
144427,1,[12],12.0,12,12,1,1.0,3.0,1.0,0.0
144451,3,"[4, 8, 20]",10.6667,4,20,3,1.0,3.0,1.0,0.0
144479,1,[16],16.0,16,16,1,1.0,4.0,1.0,0.0
144577,1,[6],6.0,6,6,1,1.0,4.0,1.0,0.0
144593,1,[18],18.0,18,18,1,1.0,3.0,1.0,0.0
144701,1,[4],4.0,4,4,1,1.0,2.0,0.0,0.0
144731,1,[8],8.0,8,8,1,1.0,6.0,1.0,0.0
144751,1,[6],6.0,6,6,1,1.0,1.0,1.0,0.0
144763,1,[4],4.0,4,4,1,1.0,3.0,0.0,0.0
144817,1,[10],10.0,10,10,1,1.0,1.0,0.0,0.0
144941,2,"[4, 8]",6.0,4,8,2,1.0,1.5,0.5,0.0
144961,1,[6],6.0,6,6,1,1.0,4.0,1.0,0.0
144973,1,[4],4.0,4,4,1,1.0,3.0,1.0,0.0
144983,1,[14],14.0,14,14,1,1.0,2.0,1.0,0.0
145031,1,[6],6.0,6,6,1,1.0,2.0,1.0,0.0
145109,1,[12],12.0,12,12,1,1.0,6.0,1.0,0.0
145139,1,[10],10.0,10,10,1,1.0,4.0,1.0,0.0
145207,1,[6],6.0,6,6,1,1.0,4.0,1.0,0.0
145253,1,[10],10.0,10,10,1,1.0,4.0,1.0,0.0
145361,1,[4],4.0,4,4,1,1.0,2.0,0.0,0.0
145381,3,"[4, 14, 18]",12.0,4,18,3,1.0,2.0,0.6667,0.0
145517,1,[20],20.0,20,20,1,1.0,2.0,1.0,0.0
145531,1,[14],14.0,14,14,1,1.0,6.0,1.0,0.0
145543,1,[22],22.0,22,22,1,1.0,6.0,1.0,0.0
145577,1,[12],12.0,12,12,1,1.0,5.0,1.0,0.0
145601,1,[8],8.0,8,8,1,1.0,2.0,1.0,0.0
145643,1,[18],18.0,18,18,1,1.0,2.0,1.0,0.0
145709,1,[32],32.0,32,32,1,1.0,4.0,1.0,0.0
145757,1,[8],8.0,8,8,1,1.0,2.0,1.0,0.0
145861,1,[18],18.0,18,18,1,1.0,4.0,1.0,0.0
145903,1,[10],10.0,10,10,1,1.0,6.0,0.0,0.0
145933,1,[10],10.0,10,10,1,1.0,3.0,0.0,0.0
146093,1,[24],24.0,24,24,1,1.0,2.0,1.0,0.0
146099,1,[16],16.0,16,16,1,1.0,4.0,1.0,0.0
146173,1,[4],4.0,4,4,1,1.0,1.0,0.0,0.0
146191,1,[6],6.0,6,6,1,1.0,2.0,1.0,0.0
146197,1,[10],10.0,10,10,1,1.0,1.0,1.0,0.0
146203,1,[18],18.0,18,18,1,1.0,10.0,1.0,0.0
146221,1,[4],4.0,4,4,1,1.0,3.0,0.0,0.0
146273,1,[14],14.0,14,14,1,1.0,2.0,1.0,0.0
146299,1,[24],24.0,24,24,1,1.0,4.0,1.0,0.0
146389,1,[16],16.0,16,16,1,1.0,6.0,1.0,0.0
146423,1,[10],10.0,10,10,1,1.0,4.0,1.0,0.0
146449,1,[10],10.0,10,10,1,1.0,1.0,1.0,0.0
146539,1,[22],22.0,22,22,1,1.0,4.0,1.0,0.0
146563,1,[4],4.0,4,4,1,1.0,1.0,1.0,0.0
146617,1,[16],16.0,16,16,1,1.0,4.0,1.0,0.0
146669,2,"[16, 40]",28.0,16,40,2,1.0,2.5,1.0,0.0
146677,1,[8],8.0,8,8,1,1.0,3.0,1.0,0.0
146683,1,[18],18.0,18,18,1,1.0,1.0,1.0,0.0
146701,1,[28],28.0,28,28,1,1.0,6.0,1.0,0.0
146777,1,[8],8.0,8,8,1,1.0,2.0,1.0,0.0
146807,1,[10],10.0,10,10,1,1.0,3.0,1.0,0.0
146837,1,[6],6.0,6,6,1,1.0,2.0,0.0,0.0
146891,1,[4],4.0,4,4,1,1.0,2.0,1.0,0.0
146989,1,[22],22.0,22,22,1,1.0,10.0,1.0,0.0
147011,2,"[10, 20]",15.0,10,20,2,1.0,1.5,0.5,0.0
147139,1,[12],12.0,12,12,1,1.0,10.0,1.0,0.0
147179,1,[10],10.0,10,10,1,1.0,6.0,1.0,0.0
147209,1,[20],20.0,20,20,1,1.0,6.0,1.0,0.0
147289,2,"[10, 20]",15.0,10,20,2,1.0,1.5,1.0,0.0
147341,2,"[4, 6]",5.0,4,6,2,1.0,2.5,0.5,0.0
147347,1,[28],28.0,28,28,1,1.0,10.0,1.0,0.0
147377,1,[8],8.0,8,8,1,1.0,3.0,1.0,0.0
147391,1,[4],4.0,4,4,1,1.0,3.0,0.0,0.0
147629,1,[16],16.0,16,16,1,1.0,3.0,1.0,0.0
147661,2,"[4, 14]",9.0,4,14,2,1.0,2.0,0.5,0.0
147787,2,"[6, 12]",9.0,6,12,2,1.0,2.5,1.0,0.0
147853,1,[4],4.0,4,4,1,1.0,3.0,0.0,0.0
147863,1,[20],20.0,20,20,1,1.0,5.0,1.0,0.0
148013,1,[4],4.0,4,4,1,1.0,3.0,1.0,0.0
148091,1,[34],34.0,34,34,1,1.0,4.0,1.0,0.0
148153,1,[14],14.0,14,14,1,1.0,12.0,1.0,0.0
148229,1,[26],26.0,26,26,1,1.0,6.0,1.0,0.0
148361,1,[4],4.0,4,4,1,1.0,2.0,0.0,0.0
148399,1,[32],32.0,32,32,1,1.0,2.0,1.0,0.0
148429,1,[10],10.0,10,10,1,1.0,4.0,1.0,0.0
148483,1,[14],14.0,14,14,1,1.0,6.0,1.0,0.0
148549,1,[30],30.0,30,30,1,1.0,4.0,1.0,0.0
148627,1,[6],6.0,6,6,1,1.0,1.0,1.0,0.0
148723,1,[10],10.0,10,10,1,1.0,2.0,1.0,0.0
148781,1,[10],10.0,10,10,1,1.0,4.0,1.0,0.0
148793,1,[10],10.0,10,10,1,1.0,4.0,1.0,0.0
148817,1,[26],26.0,26,26,1,1.0,5.0,1.0,0.0
148861,1,[6],6.0,6,6,1,1.0,4.0,1.0,0.0
148867,1,[56],56.0,56,56,1,1.0,2.0,1.0,0.0
148931,1,[30],30.0,30,30,1,1.0,2.0,1.0,0.0
148957,1,[10],10.0,10,10,1,1.0,1.0,1.0,0.0
148997,1,[10],10.0,10,10,1,1.0,6.0,1.0,0.0
149021,1,[6],6.0,6,6,1,1.0,2.0,1.0,0.0
149101,1,[8],8.0,8,8,1,1.0,2.0,1.0,0.0
149153,1,[4],4.0,4,4,1,1.0,1.0,0.0,0.0
149251,1,[18],18.0,18,18,1,1.0,2.0,1.0,0.0
149333,1,[14],14.0,14,14,1,1.0,2.0,1.0,0.0
149341,1,[4],4.0,4,4,1,1.0,1.0,0.0,0.0
149351,1,[20],20.0,20,20,1,1.0,6.0,1.0,0.0
149411,1,[8],8.0,8,8,1,1.0,2.0,1.0,0.0
149423,1,[18],18.0,18,18,1,1.0,8.0,1.0,0.0
149459,1,[10],10.0,10,10,1,1.0,4.0,1.0,0.0
149491,1,[6],6.0,6,6,1,1.0,4.0,1.0,0.0
149533,1,[34],34.0,34,34,1,1.0,1.0,1.0,0.0
149629,1,[20],20.0,20,20,1,1.0,2.0,1.0,0.0
149713,1,[18],18.0,18,18,1,1.0,4.0,1.0,0.0
149717,1,[10],10.0,10,10,1,1.0,4.0,1.0,0.0
149767,1,[10],10.0,10,10,1,1.0,2.0,1.0,0.0
149861,1,[6],6.0,6,6,1,1.0,2.0,1.0,0.0
149921,1,[10],10.0,10,10,1,1.0,4.0,1.0,0.0
149971,1,[8],8.0,8,8,1,1.0,2.0,1.0,0.0
150001,1,[8],8.0,8,8,1,1.0,2.0,1.0,0.0
150067,1,[8],8.0,8,8,1,1.0,2.0,0.0,0.0
150077,1,[6],6.0,6,6,1,1.0,2.0,0.0,0.0
150083,1,[24],24.0,24,24,1,1.0,2.0,1.0,0.0
150089,1,[10],10.0,10,10,1,1.0,6.0,1.0,0.0
150097,1,[10],10.0,10,10,1,1.0,7.0,0.0,0.0
150131,1,[10],10.0,10,10,1,1.0,4.0,1.0,0.0
150197,1,[6],6.0,6,6,1,1.0,4.0,1.0,0.0
150221,1,[14],14.0,14,14,1,1.0,2.0,1.0,0.0
150329,1,[26],26.0,26,26,1,1.0,2.0,1.0,0.0
150401,1,[6],6.0,6,6,1,1.0,2.0,1.0,0.0
150407,1,[28],28.0,28,28,1,1.0,4.0,1.0,0.0
150559,1,[12],12.0,12,12,1,1.0,7.0,1.0,0.0
150571,1,[18],18.0,18,18,1,1.0,4.0,1.0,0.0
150649,1,[20],20.0,20,20,1,1.0,2.0,1.0,0.0
150767,2,"[12, 30]",21.0,12,30,2,1.0,2.0,1.0,0.0
150901,1,[28],28.0,28,28,1,1.0,3.0,1.0,0.0
150929,1,[10],10.0,10,10,1,1.0,4.0,1.0,0.0
151013,1,[34],34.0,34,34,1,1.0,4.0,1.0,0.0
151051,1,[4],4.0,4,4,1,1.0,1.0,0.0,0.0
151121,1,[4],4.0,4,4,1,1.0,1.0,0.0,0.0
151153,1,[18],18.0,18,18,1,1.0,10.0,1.0,0.0
151157,1,[6],6.0,6,6,1,1.0,3.0,1.0,0.0
151189,2,"[12, 24]",18.0,12,24,2,1.0,6.5,1.0,0.0
151201,1,[14],14.0,14,14,1,1.0,2.0,1.0,0.0
151241,1,[6],6.0,6,6,1,1.0,4.0,1.0,0.0
151273,1,[14],14.0,14,14,1,1.0,4.0,1.0,0.0
151337,1,[10],10.0,10,10,1,1.0,1.0,1.0,0.0
151339,1,[22],22.0,22,22,1,1.0,10.0,1.0,0.0
151381,1,[8],8.0,8,8,1,1.0,2.0,1.0,0.0
151451,1,[4],4.0,4,4,1,1.0,1.0,0.0,0.0
151471,1,[6],6.0,6,6,1,1.0,2.0,0.0,0.0
151549,1,[12],12.0,12,12,1,1.0,1.0,1.0,0.0
151561,1,[18],18.0,18,18,1,1.0,2.0,1.0,0.0
151631,1,[6],6.0,6,6,1,1.0,5.0,1.0,0.0
151637,1,[10],10.0,10,10,1,1.0,6.0,1.0,0.0
151673,1,[14],14.0,14,14,1,1.0,5.0,1.0,0.0
151681,1,[6],6.0,6,6,1,1.0,4.0,1.0,0.0
151717,1,[8],8.0,8,8,1,1.0,3.0,1.0,0.0
151771,1,[4],4.0,4,4,1,1.0,2.0,0.0,0.0
151817,1,[10],10.0,10,10,1,1.0,6.0,1.0,0.0
151841,1,[4],4.0,4,4,1,1.0,1.0,0.0,0.0
151847,1,[16],16.0,16,16,1,1.0,6.0,1.0,0.0
151897,2,"[6, 10]",8.0,6,10,2,1.0,3.0,1.0,0.0
152003,1,[14],14.0,14,14,1,1.0,3.0,1.0,0.0
152111,1,[36],36.0,36,36,1,1.0,2.0,1.0,0.0
152183,1,[4],4.0,4,4,1,1.0,1.0,0.0,0.0
152189,1,[20],20.0,20,20,1,1.0,4.0,1.0,0.0
152231,1,[18],18.0,18,18,1,1.0,2.0,1.0,0.0
152239,1,[10],10.0,10,10,1,1.0,4.0,1.0,0.0
152249,1,[22],22.0,22,22,1,1.0,18.0,1.0,0.0
152267,1,[10],10.0,10,10,1,1.0,6.0,1.0,0.0
152293,1,[22],22.0,22,22,1,1.0,1.0,1.0,0.0
152417,3,"[6, 12, 28]",15.3333,6,28,3,1.0,3.6667,1.0,0.0
152501,1,[4],4.0,4,4,1,1.0,1.0,0.0,0.0
152533,1,[22],22.0,22,22,1,1.0,6.0,1.0,0.0
152617,1,[6],6.0,6,6,1,1.0,4.0,0.0,0.0
152717,1,[6],6.0,6,6,1,1.0,4.0,1.0,0.0
152723,2,"[10, 70]",40.0,10,70,2,1.0,5.5,1.0,0.0
152729,1,[10],10.0,10,10,1,1.0,4.0,1.0,0.0
152767,1,[8],8.0,8,8,1,1.0,5.0,1.0,0.0
152783,1,[14],14.0,14,14,1,1.0,2.0,1.0,0.0
152809,1,[12],12.0,12,12,1,1.0,6.0,1.0,0.0
152851,1,[20],20.0,20,20,1,1.0,8.0,1.0,0.0
152879,1,[30],30.0,30,30,1,1.0,2.0,1.0,0.0
152941,1,[6],6.0,6,6,1,1.0,4.0,1.0,0.0
152947,1,[6],6.0,6,6,1,1.0,4.0,1.0,0.0
152959,1,[20],20.0,20,20,1,1.0,2.0,1.0,0.0
152993,1,[14],14.0,14,14,1,1.0,5.0,1.0,0.0
153001,1,[10],10.0,10,10,1,1.0,1.0,1.0,0.0
153071,1,[18],18.0,18,18,1,1.0,2.0,1.0,0.0
153137,1,[16],16.0,16,16,1,1.0,4.0,1.0,0.0
153151,1,[70],70.0,70,70,1,1.0,3.0,1.0,0.0
153379,1,[10],10.0,10,10,1,1.0,4.0,1.0,0.0
153409,1,[20],20.0,20,20,1,1.0,2.0,1.0,0.0
153427,1,[8],8.0,8,8,1,1.0,2.0,1.0,0.0
153437,1,[6],6.0,6,6,1,1.0,2.0,1.0,0.0
153457,1,[8],8.0,8,8,1,1.0,2.0,1.0,0.0
153509,1,[24],24.0,24,24,1,1.0,2.0,1.0,0.0
153523,1,[20],20.0,20,20,1,1.0,2.0,1.0,0.0
153533,1,[10],10.0,10,10,1,1.0,9.0,1.0,0.0
153557,1,[50],50.0,50,50,1,1.0,2.0,1.0,0.0
153589,1,[10],10.0,10,10,1,1.0,1.0,1.0,0.0
153763,1,[10],10.0,10,10,1,1.0,4.0,1.0,0.0
153817,1,[28],28.0,28,28,1,1.0,4.0,1.0,0.0
153889,1,[10],10.0,10,10,1,1.0,7.0,0.0,0.0
153929,1,[16],16.0,16,16,1,1.0,4.0,1.0,0.0
154057,1,[10],10.0,10,10,1,1.0,2.0,1.0,0.0
154061,2,"[6, 8]",7.0,6,8,2,1.0,2.0,1.0,0.0
154067,1,[6],6.0,6,6,1,1.0,2.0,0.0,0.0
154097,1,[20],20.0,20,20,1,1.0,2.0,1.0,0.0
154157,1,[10],10.0,10,10,1,1.0,1.0,1.0,0.0
154211,1,[10],10.0,10,10,1,1.0,3.0,1.0,0.0
154267,1,[12],12.0,12,12,1,1.0,2.0,1.0,0.0
154277,1,[10],10.0,10,10,1,1.0,4.0,1.0,0.0
154279,1,[12],12.0,12,12,1,1.0,2.0,1.0,0.0
154321,1,[20],20.0,20,20,1,1.0,3.0,1.0,0.0
154333,1,[18],18.0,18,18,1,1.0,4.0,1.0,0.0
154409,1,[10],10.0,10,10,1,1.0,4.0,1.0,0.0
154501,1,[10],10.0,10,10,1,1.0,4.0,1.0,0.0
154589,1,[20],20.0,20,20,1,1.0,2.0,1.0,0.0
154619,2,"[16, 24]",20.0,16,24,2,1.0,3.5,1.0,0.0
154667,1,[10],10.0,10,10,1,1.0,3.0,1.0,0.0
154691,1,[8],8.0,8,8,1,1.0,2.0,1.0,0.0
154787,1,[10],10.0,10,10,1,1.0,3.0,1.0,0.0
154871,2,"[4, 6]",5.0,4,6,2,1.0,2.0,1.0,0.0
154877,1,[16],16.0,16,16,1,1.0,2.0,1.0,0.0
154943,1,[14],14.0,14,14,1,1.0,8.0,1.0,0.0
154981,2,"[10, 20]",15.0,10,20,2,1.0,3.0,1.0,0.0
154991,1,[10],10.0,10,10,1,1.0,4.0,1.0,0.0
155047,1,[10],10.0,10,10,1,1.0,2.0,0.0,0.0
155219,1,[22],22.0,22,22,1,1.0,4.0,1.0,0.0
155333,1,[10],10.0,10,10,1,1.0,4.0,1.0,0.0
155387,1,[10],10.0,10,10,1,1.0,6.0,1.0,0.0
155413,1,[4],4.0,4,4,1,1.0,3.0,0.0,0.0
155473,1,[32],32.0,32,32,1,1.0,11.0,1.0,0.0
155509,1,[10],10.0,10,10,1,1.0,4.0,1.0,0.0
155521,1,[18],18.0,18,18,1,1.0,4.0,1.0,0.0
155569,1,[12],12.0,12,12,1,1.0,6.0,1.0,0.0
155581,1,[4],4.0,4,4,1,1.0,1.0,0.0,0.0
155653,1,[18],18.0,18,18,1,1.0,6.0,1.0,0.0
155671,1,[4],4.0,4,4,1,1.0,1.0,1.0,0.0
155723,1,[14],14.0,14,14,1,1.0,6.0,1.0,0.0
155797,1,[12],12.0,12,12,1,1.0,4.0,1.0,0.0
155801,1,[14],14.0,14,14,1,1.0,9.0,1.0,0.0
155809,2,"[10, 12]",11.0,10,12,2,1.0,1.5,0.5,0.0
155833,1,[4],4.0,4,4,1,1.0,3.0,0.0,0.0
155861,1,[4],4.0,4,4,1,1.0,2.0,1.0,0.0
155887,1,[10],10.0,10,10,1,1.0,2.0,1.0,0.0
155891,1,[8],8.0,8,8,1,1.0,2.0,1.0,0.0
155893,1,[10],10.0,10,10,1,1.0,4.0,1.0,0.0
155921,1,[10],10.0,10,10,1,1.0,4.0,1.0,0.0
156041,1,[14],14.0,14,14,1,1.0,2.0,1.0,0.0
156061,2,"[4, 8]",6.0,4,8,2,1.0,4.0,0.5,0.0
156119,1,[32],32.0,32,32,1,1.0,4.0,1.0,0.0
156127,1,[12],12.0,12,12,1,1.0,4.0,1.0,0.0
156151,1,[10],10.0,10,10,1,1.0,4.0,1.0,0.0
156217,2,"[12, 16]",14.0,12,16,2,1.0,10.0,1.0,0.0
156229,1,[12],12.0,12,12,1,1.0,1.0,1.0,0.0
156253,1,[22],22.0,22,22,1,1.0,10.0,1.0,0.0
156319,1,[26],26.0,26,26,1,1.0,4.0,1.0,0.0
156329,1,[22],22.0,22,22,1,1.0,10.0,1.0,0.0
156371,1,[14],14.0,14,14,1,1.0,2.0,1.0,0.0
156421,1,[20],20.0,20,20,1,1.0,6.0,1.0,0.0
156437,2,"[10, 20]",15.0,10,20,2,1.0,4.0,1.0,0.0
156491,2,"[14, 28]",21.0,14,28,2,1.0,3.0,1.0,0.0
156623,1,[18],18.0,18,18,1,1.0,6.0,1.0,0.0
156679,1,[12],12.0,12,12,1,1.0,3.0,1.0,0.0
156691,1,[4],4.0,4,4,1,1.0,1.0,0.0,0.0
156719,1,[22],22.0,22,22,1,1.0,2.0,1.0,0.0
156749,1,[16],16.0,16,16,1,1.0,4.0,1.0,0.0
156781,1,[18],18.0,18,18,1,1.0,2.0,1.0,0.0
156817,1,[10],10.0,10,10,1,1.0,1.0,1.0,0.0
156841,2,"[8, 28]",18.0,8,28,2,1.0,3.0,1.0,0.0
156901,1,[8],8.0,8,8,1,1.0,2.0,1.0,0.0
156979,1,[10],10.0,10,10,1,1.0,2.0,0.0,0.0
157007,2,"[6, 20]",13.0,6,20,2,1.0,3.5,1.0,0.0
157019,1,[16],16.0,16,16,1,1.0,1.0,1.0,0.0
157057,1,[8],8.0,8,8,1,1.0,2.0,1.0,0.0
157133,1,[4],4.0,4,4,1,1.0,1.0,0.0,0.0
157211,1,[8],8.0,8,8,1,1.0,2.0,1.0,0.0
157219,1,[12],12.0,12,12,1,1.0,6.0,1.0,0.0
157229,1,[16],16.0,16,16,1,1.0,4.0,1.0,0.0
157231,1,[28],28.0,28,28,1,1.0,6.0,1.0,0.0
157243,1,[20],20.0,20,20,1,1.0,5.0,1.0,0.0
157247,2,"[6, 12]",9.0,6,12,2,1.0,1.5,0.5,0.0
157279,1,[12],12.0,12,12,1,1.0,7.0,1.0,0.0
157307,1,[38],38.0,38,38,1,1.0,4.0,1.0,0.0
157433,1,[10],10.0,10,10,1,1.0,4.0,1.0,0.0
157477,2,"[6, 46]",26.0,6,46,2,1.0,2.5,0.5,0.0
157561,1,[4],4.0,4,4,1,1.0,3.0,0.0,0.0
157637,1,[42],42.0,42,42,1,1.0,4.0,1.0,0.0
157799,1,[22],22.0,22,22,1,1.0,4.0,1.0,0.0
157837,1,[8],8.0,8,8,1,1.0,2.0,1.0,0.0
157841,1,[4],4.0,4,4,1,1.0,2.0,0.0,0.0
157867,1,[16],16.0,16,16,1,1.0,4.0,1.0,0.0
157951,1,[4],4.0,4,4,1,1.0,2.0,0.0,0.0
158047,1,[28],28.0,28,28,1,1.0,9.0,1.0,0.0
158113,2,"[4, 20]",12.0,4,20,2,1.0,2.5,1.0,0.0
158143,1,[4],4.0,4,4,1,1.0,1.0,1.0,0.0
158227,1,[28],28.0,28,28,1,1.0,4.0,1.0,0.0
158261,1,[28],28.0,28,28,1,1.0,7.0,1.0,0.0
158341,1,[14],14.0,14,14,1,1.0,2.0,1.0,0.0
158357,1,[10],10.0,10,10,1,1.0,6.0,1.0,0.0
158359,1,[32],32.0,32,32,1,1.0,4.0,1.0,0.0
158527,1,[16],16.0,16,16,1,1.0,4.0,1.0,0.0
158563,1,[4],4.0,4,4,1,1.0,1.0,0.0,0.0
158597,1,[16],16.0,16,16,1,1.0,12.0,1.0,0.0
158611,1,[4],4.0,4,4,1,1.0,1.0,0.0,0.0
158633,1,[4],4.0,4,4,1,1.0,2.0,0.0,0.0
158647,1,[16],16.0,16,16,1,1.0,4.0,1.0,0.0
158863,1,[22],22.0,22,22,1,1.0,3.0,1.0,0.0
158923,1,[18],18.0,18,18,1,1.0,2.0,1.0,0.0
159017,1,[40],40.0,40,40,1,1.0,3.0,1.0,0.0
159023,1,[4],4.0,4,4,1,1.0,2.0,0.0,0.0
159113,1,[22],22.0,22,22,1,1.0,1.0,1.0,0.0
159119,1,[26],26.0,26,26,1,1.0,6.0,1.0,0.0
159161,1,[14],14.0,14,14,1,1.0,4.0,1.0,0.0
159167,1,[12],12.0,12,12,1,1.0,8.0,1.0,0.0
159169,1,[16],16.0,16,16,1,1.0,10.0,1.0,0.0
159179,1,[54],54.0,54,54,1,1.0,2.0,1.0,0.0
159337,1,[12],12.0,12,12,1,1.0,2.0,1.0,0.0
159437,1,[40],40.0,40,40,1,1.0,6.0,1.0,0.0
159457,1,[6],6.0,6,6,1,1.0,2.0,0.0,0.0
159491,1,[10],10.0,10,10,1,1.0,3.0,1.0,0.0
159503,1,[18],18.0,18,18,1,1.0,6.0,1.0,0.0
159541,3,"[4, 14, 28]",15.3333,4,28,3,1.0,5.6667,0.6667,0.0
159553,1,[18],18.0,18,18,1,1.0,12.0,1.0,0.0
159617,2,"[6, 10]",8.0,6,10,2,1.0,2.0,1.0,0.0
159631,1,[4],4.0,4,4,1,1.0,2.0,0.0,0.0
159667,1,[40],40.0,40,40,1,1.0,1.0,1.0,0.0
159673,1,[4],4.0,4,4,1,1.0,3.0,0.0,0.0
159737,1,[10],10.0,10,10,1,1.0,1.0,1.0,0.0
159763,1,[10],10.0,10,10,1,1.0,4.0,1.0,0.0
159769,1,[10],10.0,10,10,1,1.0,2.0,1.0,0.0
159787,2,"[6, 12]",9.0,6,12,2,1.0,1.5,0.5,0.0
160001,1,[20],20.0,20,20,1,1.0,4.0,1.0,0.0
160031,1,[20],20.0,20,20,1,1.0,5.0,1.0,0.0
160049,1,[10],10.0,10,10,1,1.0,4.0,1.0,0.0
160093,1,[24],24.0,24,24,1,1.0,6.0,1.0,0.0
160253,1,[14],14.0,14,14,1,1.0,8.0,1.0,0.0
160397,3,"[6, 8, 20]",11.3333,6,20,3,1.0,2.3333,0.6667,0.0
160441,1,[20],20.0,20,20,1,1.0,2.0,1.0,0.0
160483,1,[20],20.0,20,20,1,1.0,2.0,1.0,0.0
160579,2,"[12, 16]",14.0,12,16,2,1.0,4.0,1.0,0.0
160591,1,[14],14.0,14,14,1,1.0,6.0,1.0,0.0
160619,1,[26],26.0,26,26,1,1.0,2.0,1.0,0.0
160639,1,[12],12.0,12,12,1,1.0,2.0,1.0,0.0
160723,1,[10],10.0,10,10,1,1.0,7.0,1.0,0.0
160751,1,[28],28.0,28,28,1,1.0,1.0,1.0,0.0
160781,2,"[4, 8]",6.0,4,8,2,1.0,2.0,0.5,0.0
160817,1,[12],12.0,12,12,1,1.0,2.0,1.0,0.0
160981,1,[14],14.0,14,14,1,1.0,2.0,1.0,0.0
161017,1,[10],10.0,10,10,1,1.0,6.0,1.0,0.0
161047,2,"[6, 12]",9.0,6,12,2,1.0,3.5,1.0,0.0
161053,1,[4],4.0,4,4,1,1.0,3.0,0.0,0.0
161071,1,[8],8.0,8,8,1,1.0,2.0,1.0,0.0
161087,1,[28],28.0,28,28,1,1.0,4.0,1.0,0.0
161141,1,[10],10.0,10,10,1,1.0,4.0,1.0,0.0
161201,1,[8],8.0,8,8,1,1.0,2.0,1.0,0.0
161233,1,[10],10.0,10,10,1,1.0,2.0,1.0,0.0
161237,1,[8],8.0,8,8,1,1.0,3.0,1.0,0.0
161281,1,[10],10.0,10,10,1,1.0,4.0,1.0,0.0
161339,1,[10],10.0,10,10,1,1.0,4.0,1.0,0.0
161387,1,[10],10.0,10,10,1,1.0,3.0,0.0,0.0
161461,1,[14],14.0,14,14,1,1.0,2.0,1.0,0.0
161503,1,[34],34.0,34,34,1,1.0,3.0,1.0,0.0
161659,1,[22],22.0,22,22,1,1.0,4.0,1.0,0.0
161783,1,[24],24.0,24,24,1,1.0,6.0,1.0,0.0
161879,1,[10],10.0,10,10,1,1.0,4.0,1.0,0.0
161881,1,[14],14.0,14,14,1,1.0,2.0,1.0,0.0
161971,1,[6],6.0,6,6,1,1.0,1.0,1.0,0.0
162011,2,"[4, 10]",7.0,4,10,2,1.0,3.0,0.5,0.0
162017,2,"[10, 20]",15.0,10,20,2,1.0,1.5,1.0,0.0
162221,1,[4],4.0,4,4,1,1.0,2.0,0.0,0.0
162251,1,[6],6.0,6,6,1,1.0,2.0,1.0,0.0
162257,1,[6],6.0,6,6,1,1.0,4.0,0.0,0.0
162277,1,[38],38.0,38,38,1,1.0,5.0,1.0,0.0
162413,1,[22],22.0,22,22,1,1.0,1.0,1.0,0.0
162457,1,[26],26.0,26,26,1,1.0,5.0,1.0,0.0
162473,1,[4],4.0,4,4,1,1.0,3.0,0.0,0.0
162557,1,[10],10.0,10,10,1,1.0,6.0,1.0,0.0
162601,1,[8],8.0,8,8,1,1.0,2.0,0.0,0.0
162641,1,[10],10.0,10,10,1,1.0,4.0,1.0,0.0
162671,1,[6],6.0,6,6,1,1.0,2.0,0.0,0.0
162829,1,[26],26.0,26,26,1,1.0,4.0,1.0,0.0
162847,1,[6],6.0,6,6,1,1.0,4.0,1.0,0.0
162997,1,[10],10.0,10,10,1,1.0,6.0,1.0,0.0
163147,1,[8],8.0,8,8,1,1.0,2.0,1.0,0.0
163169,1,[12],12.0,12,12,1,1.0,6.0,1.0,0.0
163181,1,[14],14.0,14,14,1,1.0,5.0,1.0,0.0
163199,1,[12],12.0,12,12,1,1.0,2.0,1.0,0.0
163211,1,[48],48.0,48,48,1,1.0,4.0,1.0,0.0
163223,2,"[4, 10]",7.0,4,10,2,1.0,2.0,1.0,0.0
163309,1,[16],16.0,16,16,1,1.0,4.0,1.0,0.0
163543,1,[34],34.0,34,34,1,1.0,4.0,1.0,0.0
163561,1,[6],6.0,6,6,1,1.0,4.0,1.0,0.0
163613,1,[10],10.0,10,10,1,1.0,4.0,1.0,0.0
163621,2,"[6, 14]",10.0,6,14,2,1.0,2.0,0.5,0.0
163661,2,"[10, 18]",14.0,10,18,2,1.0,7.0,1.0,0.0
163679,2,"[22, 46]",34.0,22,46,2,1.0,4.0,1.0,0.0
163729,2,"[12, 32]",22.0,12,32,2,1.0,2.0,1.0,0.0
163781,1,[14],14.0,14,14,1,1.0,5.0,1.0,0.0
163841,2,"[4, 6]",5.0,4,6,2,1.0,2.5,0.5,0.0
163847,1,[6],6.0,6,6,1,1.0,2.0,1.0,0.0
163859,1,[12],12.0,12,12,1,1.0,3.0,1.0,0.0
163909,1,[10],10.0,10,10,1,1.0,4.0,1.0,0.0
163927,1,[8],8.0,8,8,1,1.0,2.0,1.0,0.0
163987,1,[8],8.0,8,8,1,1.0,2.0,1.0,0.0
164093,1,[20],20.0,20,20,1,1.0,2.0,1.0,0.0
164149,1,[20],20.0,20,20,1,1.0,2.0,1.0,0.0
164191,1,[14],14.0,14,14,1,1.0,2.0,1.0,0.0
164251,1,[4],4.0,4,4,1,1.0,2.0,0.0,0.0
164267,1,[12],12.0,12,12,1,1.0,2.0,1.0,0.0
164291,1,[10],10.0,10,10,1,1.0,4.0,1.0,0.0
164377,1,[8],8.0,8,8,1,1.0,2.0,0.0,0.0
164387,2,"[8, 16]",12.0,8,16,2,1.0,10.0,0.0,0.0
164419,1,[12],12.0,12,12,1,1.0,3.0,1.0,0.0
164431,1,[20],20.0,20,20,1,1.0,2.0,1.0,0.0
164531,1,[14],14.0,14,14,1,1.0,2.0,1.0,0.0
164581,1,[18],18.0,18,18,1,1.0,3.0,1.0,0.0
164587,1,[16],16.0,16,16,1,1.0,1.0,1.0,0.0
164623,1,[4],4.0,4,4,1,1.0,1.0,1.0,0.0
164677,1,[10],10.0,10,10,1,1.0,4.0,1.0,0.0
164771,1,[14],14.0,14,14,1,1.0,2.0,1.0,0.0
164789,1,[20],20.0,20,20,1,1.0,2.0,1.0,0.0
164839,1,[22],22.0,22,22,1,1.0,6.0,1.0,0.0
164881,1,[4],4.0,4,4,1,1.0,2.0,0.0,0.0
164963,1,[14],14.0,14,14,1,1.0,2.0,1.0,0.0
164999,1,[20],20.0,20,20,1,1.0,2.0,1.0,0.0
165047,2,"[10, 20]",15.0,10,20,2,1.0,4.5,1.0,0.0
165103,1,[14],14.0,14,14,1,1.0,6.0,1.0,0.0
165203,2,"[4, 10]",7.0,4,10,2,1.0,2.0,0.5,0.0
165287,1,[16],16.0,16,16,1,1.0,1.0,1.0,0.0
165317,1,[8],8.0,8,8,1,1.0,2.0,1.0,0.0
165331,1,[18],18.0,18,18,1,1.0,2.0,1.0,0.0
165437,1,[6],6.0,6,6,1,1.0,3.0,1.0,0.0
165457,2,"[6, 28]",17.0,6,28,2,1.0,3.5,1.0,0.0
165551,1,[18],18.0,18,18,1,1.0,5.0,1.0,0.0
165611,1,[8],8.0,8,8,1,1.0,2.0,1.0,0.0
165703,1,[4],4.0,4,4,1,1.0,1.0,0.0,0.0
165707,1,[6],6.0,6,6,1,1.0,4.0,0.0,0.0
165719,2,"[20, 30]",25.0,20,30,2,1.0,2.0,1.0,0.0
165799,1,[26],26.0,26,26,1,1.0,6.0,1.0,0.0
165857,1,[8],8.0,8,8,1,1.0,2.0,0.0,0.0
165901,1,[8],8.0,8,8,1,1.0,2.0,1.0,0.0
165941,1,[8],8.0,8,8,1,1.0,2.0,1.0,0.0
166063,1,[18],18.0,18,18,1,1.0,6.0,1.0,0.0
166189,1,[16],16.0,16,16,1,1.0,4.0,1.0,0.0
166289,1,[30],30.0,30,30,1,1.0,2.0,1.0,0.0
166297,1,[16],16.0,16,16,1,1.0,2.0,1.0,0.0
166319,1,[32],32.0,32,32,1,1.0,2.0,1.0,0.0
166351,1,[6],6.0,6,6,1,1.0,1.0,0.0,0.0
166561,1,[4],4.0,4,4,1,1.0,1.0,0.0,0.0
166571,1,[34],34.0,34,34,1,1.0,6.0,1.0,0.0
166597,1,[6],6.0,6,6,1,1.0,4.0,1.0,0.0
166609,1,[26],26.0,26,26,1,1.0,2.0,1.0,0.0
166619,1,[12],12.0,12,12,1,1.0,2.0,1.0,0.0
166643,1,[14],14.0,14,14,1,1.0,2.0,1.0,0.0
166723,1,[4],4.0,4,4,1,1.0,1.0,0.0,0.0
166783,1,[20],20.0,20,20,1,1.0,2.0,1.0,0.0
166931,1,[18],18.0,18,18,1,1.0,2.0,1.0,0.0
166967,2,"[6, 10]",8.0,6,10,2,1.0,3.0,0.5,0.0
166973,1,[14],14.0,14,14,1,1.0,4.0,1.0,0.0
166979,1,[20],20.0,20,20,1,1.0,2.0,1.0,0.0
167047,1,[16],16.0,16,16,1,1.0,4.0,1.0,0.0
167081,1,[14],14.0,14,14,1,1.0,2.0,1.0,0.0
167117,1,[16],16.0,16,16,1,1.0,4.0,1.0,0.0
167329,1,[26],26.0,26,26,1,1.0,2.0,1.0,0.0
167437,1,[6],6.0,6,6,1,1.0,3.0,0.0,0.0
167471,1,[8],8.0,8,8,1,1.0,6.0,1.0,0.0
167611,1,[14],14.0,14,14,1,1.0,2.0,1.0,0.0
167621,1,[6],6.0,6,6,1,1.0,3.0,0.0,0.0
167663,1,[14],14.0,14,14,1,1.0,6.0,1.0,0.0
167677,1,[46],46.0,46,46,1,1.0,1.0,1.0,0.0
167711,1,[18],18.0,18,18,1,1.0,2.0,1.0,0.0
167729,1,[10],10.0,10,10,1,1.0,4.0,1.0,0.0
167747,1,[12],12.0,12,12,1,1.0,4.0,1.0,0.0
167759,1,[10],10.0,10,10,1,1.0,4.0,1.0,0.0
167801,1,[10],10.0,10,10,1,1.0,1.0,1.0,0.0
167863,1,[10],10.0,10,10,1,1.0,2.0,0.0,0.0
167873,1,[44],44.0,44,44,1,1.0,2.0,1.0,0.0
167887,1,[12],12.0,12,12,1,1.0,2.0,1.0,0.0
167899,1,[10],10.0,10,10,1,1.0,4.0,1.0,0.0
167911,1,[10],10.0,10,10,1,1.0,4.0,1.0,0.0
167953,1,[10],10.0,10,10,1,1.0,4.0,1.0,0.0
168083,1,[20],20.0,20,20,1,1.0,2.0,1.0,0.0
168109,1,[42],42.0,42,42,1,1.0,6.0,1.0,0.0
168151,1,[4],4.0,4,4,1,1.0,2.0,0.0,0.0
168197,1,[8],8.0,8,8,1,1.0,2.0,1.0,0.0
168263,1,[30],30.0,30,30,1,1.0,4.0,1.0,0.0
168269,1,[12],12.0,12,12,1,1.0,5.0,1.0,0.0
168281,1,[14],14.0,14,14,1,1.0,2.0,1.0,0.0
168347,1,[10],10.0,10,10,1,1.0,8.0,1.0,0.0
168391,1,[14],14.0,14,14,1,1.0,2.0,1.0,0.0
168449,1,[10],10.0,10,10,1,1.0,4.0,1.0,0.0
168451,1,[6],6.0,6,6,1,1.0,1.0,1.0,0.0
168463,1,[10],10.0,10,10,1,1.0,4.0,1.0,0.0
168523,1,[18],18.0,18,18,1,1.0,6.0,1.0,0.0
168559,1,[16],16.0,16,16,1,1.0,4.0,1.0,0.0
168601,1,[8],8.0,8,8,1,1.0,2.0,0.0,0.0
168731,1,[6],6.0,6,6,1,1.0,4.0,0.0,0.0
168781,1,[4],4.0,4,4,1,1.0,1.0,0.0,0.0
168851,2,"[10, 18]",14.0,10,18,2,1.0,3.0,1.0,0.0
168863,2,"[10, 20]",15.0,10,20,2,1.0,4.5,1.0,0.0
168887,1,[6],6.0,6,6,1,1.0,4.0,1.0,0.0
168893,2,"[4, 10]",7.0,4,10,2,1.0,5.5,1.0,0.0
168991,1,[10],10.0,10,10,1,1.0,3.0,1.0,0.0
169003,1,[20],20.0,20,20,1,1.0,8.0,1.0,0.0
169009,1,[22],22.0,22,22,1,1.0,4.0,1.0,0.0
169063,1,[4],4.0,4,4,1,1.0,1.0,0.0,0.0
169093,1,[18],18.0,18,18,1,1.0,6.0,1.0,0.0
169181,2,"[14, 18]",16.0,14,18,2,1.0,3.0,1.0,0.0
169243,1,[14],14.0,14,14,1,1.0,4.0,1.0,0.0
169259,1,[24],24.0,24,24,1,1.0,2.0,1.0,0.0
169307,2,"[6, 16]",11.0,6,16,2,1.0,1.5,1.0,0.0
169321,1,[8],8.0,8,8,1,1.0,2.0,1.0,0.0
169343,1,[4],4.0,4,4,1,1.0,1.0,0.0,0.0
169361,1,[4],4.0,4,4,1,1.0,2.0,0.0,0.0
169409,1,[16],16.0,16,16,1,1.0,4.0,1.0,0.0
169493,1,[10],10.0,10,10,1,1.0,9.0,1.0,0.0
169501,1,[14],14.0,14,14,1,1.0,2.0,1.0,0.0
169627,1,[6],6.0,6,6,1,1.0,4.0,1.0,0.0
169667,1,[26],26.0,26,26,1,1.0,6.0,1.0,0.0
169681,1,[10],10.0,10,10,1,1.0,4.0,1.0,0.0
169691,1,[14],14.0,14,14,1,1.0,2.0,1.0,0.0
169693,1,[22],22.0,22,22,1,1.0,6.0,1.0,0.0
169709,1,[10],10.0,10,10,1,1.0,4.0,0.0,0.0
169777,1,[6],6.0,6,6,1,1.0,4.0,1.0,0.0
169831,1,[6],6.0,6,6,1,1.0,1.0,1.0,0.0
169943,1,[4],4.0,4,4,1,1.0,1.0,0.0,0.0
170063,2,"[14, 18]",16.0,14,18,2,1.0,6.5,1.0,0.0
170099,1,[12],12.0,12,12,1,1.0,2.0,1.0,0.0
170101,1,[8],8.0,8,8,1,1.0,2.0,1.0,0.0
170179,1,[16],16.0,16,16,1,1.0,4.0,1.0,0.0
170189,1,[22],22.0,22,22,1,1.0,2.0,1.0,0.0
170263,1,[14],14.0,14,14,1,1.0,2.0,1.0,0.0
170299,1,[46],46.0,46,46,1,1.0,3.0,1.0,0.0
170351,1,[4],4.0,4,4,1,1.0,2.0,1.0,0.0
170441,1,[14],14.0,14,14,1,1.0,2.0,1.0,0.0
170447,1,[10],10.0,10,10,1,1.0,7.0,1.0,0.0
170483,2,"[4, 14]",9.0,4,14,2,1.0,1.5,0.5,0.0
170497,1,[6],6.0,6,6,1,1.0,4.0,1.0,0.0
170609,1,[16],16.0,16,16,1,1.0,3.0,1.0,0.0
170761,1,[6],6.0,6,6,1,1.0,2.0,1.0,0.0
170767,1,[10],10.0,10,10,1,1.0,6.0,1.0,0.0
170837,1,[10],10.0,10,10,1,1.0,6.0,1.0,0.0
170857,1,[10],10.0,10,10,1,1.0,6.0,1.0,0.0
170971,1,[4],4.0,4,4,1,1.0,1.0,0.0,0.0
171007,1,[10],10.0,10,10,1,1.0,3.0,1.0,0.0
171029,2,"[22, 24]",23.0,22,24,2,1.0,3.0,1.0,0.0
171049,1,[10],10.0,10,10,1,1.0,1.0,1.0,0.0
171079,1,[12],12.0,12,12,1,1.0,7.0,1.0,0.0
171299,1,[42],42.0,42,42,1,1.0,2.0,1.0,0.0
171317,1,[12],12.0,12,12,1,1.0,2.0,1.0,0.0
171403,1,[10],10.0,10,10,1,1.0,4.0,1.0,0.0
171469,1,[46],46.0,46,46,1,1.0,4.0,1.0,0.0
171517,1,[10],10.0,10,10,1,1.0,1.0,1.0,0.0
171529,1,[12],12.0,12,12,1,1.0,6.0,1.0,0.0
171559,1,[12],12.0,12,12,1,1.0,2.0,1.0,0.0
171617,1,[8],8.0,8,8,1,1.0,2.0,1.0,0.0
171629,1,[12],12.0,12,12,1,1.0,2.0,1.0,0.0
171707,1,[6],6.0,6,6,1,1.0,3.0,0.0,0.0
171733,1,[30],30.0,30,30,1,1.0,4.0,1.0,0.0
171799,1,[12],12.0,12,12,1,1.0,2.0,1.0,0.0
171803,1,[24],24.0,24,24,1,1.0,2.0,1.0,0.0
171881,1,[10],10.0,10,10,1,1.0,4.0,1.0,0.0
171917,2,"[6, 10]",8.0,6,10,2,1.0,5.5,0.5,0.0
171923,1,[4],4.0,4,4,1,1.0,3.0,0.0,0.0
171929,1,[26],26.0,26,26,1,1.0,6.0,1.0,0.0
172021,1,[14],14.0,14,14,1,1.0,2.0,1.0,0.0
172147,1,[8],8.0,8,8,1,1.0,2.0,1.0,0.0
172171,1,[4],4.0,4,4,1,1.0,1.0,0.0,0.0
172223,1,[10],10.0,10,10,1,1.0,4.0,1.0,0.0
172297,1,[20],20.0,20,20,1,1.0,6.0,1.0,0.0
172313,1,[10],10.0,10,10,1,1.0,6.0,1.0,0.0
172321,1,[40],40.0,40,40,1,1.0,4.0,1.0,0.0
172351,1,[38],38.0,38,38,1,1.0,2.0,1.0,0.0
172421,1,[6],6.0,6,6,1,1.0,2.0,1.0,0.0
172423,1,[34],34.0,34,34,1,1.0,14.0,1.0,0.0
172427,1,[6],6.0,6,6,1,1.0,2.0,1.0,0.0
172657,1,[10],10.0,10,10,1,1.0,1.0,1.0,0.0
172721,1,[8],8.0,8,8,1,1.0,2.0,1.0,0.0
172859,1,[10],10.0,10,10,1,1.0,4.0,1.0,0.0
172867,1,[10],10.0,10,10,1,1.0,2.0,1.0,0.0
172871,1,[6],6.0,6,6,1,1.0,2.0,1.0,0.0
172933,2,"[4, 32]",18.0,4,32,2,1.0,5.5,0.5,0.0
172981,1,[6],6.0,6,6,1,1.0,3.0,0.0,0.0
172987,1,[6],6.0,6,6,1,1.0,4.0,1.0,0.0
173177,1,[6],6.0,6,6,1,1.0,2.0,0.0,0.0
173189,1,[30],30.0,30,30,1,1.0,2.0,1.0,0.0
173191,1,[4],4.0,4,4,1,1.0,2.0,0.0,0.0
173209,1,[20],20.0,20,20,1,1.0,6.0,1.0,0.0
173263,2,"[4, 14]",9.0,4,14,2,1.0,3.5,0.5,0.0
173291,1,[8],8.0,8,8,1,1.0,5.0,1.0,0.0
173429,2,"[10, 26]",18.0,10,26,2,1.0,6.0,1.0,0.0
173473,2,"[4, 14]",9.0,4,14,2,1.0,2.5,1.0,0.0
173539,1,[16],16.0,16,16,1,1.0,1.0,1.0,0.0
173549,1,[12],12.0,12,12,1,1.0,5.0,1.0,0.0
173561,1,[8],8.0,8,8,1,1.0,6.0,1.0,0.0
173651,1,[28],28.0,28,28,1,1.0,10.0,1.0,0.0
173659,1,[12],12.0,12,12,1,1.0,3.0,1.0,0.0
173669,1,[16],16.0,16,16,1,1.0,6.0,1.0,0.0
173707,1,[16],16.0,16,16,1,1.0,1.0,1.0,0.0
173713,1,[30],30.0,30,30,1,1.0,4.0,1.0,0.0
173827,1,[12],12.0,12,12,1,1.0,2.0,1.0,0.0
173851,1,[14],14.0,14,14,1,1.0,12.0,1.0,0.0
173897,2,"[16, 36]",26.0,16,36,2,1.0,4.5,1.0,0.0
173969,1,[12],12.0,12,12,1,1.0,2.0,1.0,0.0
174061,1,[8],8.0,8,8,1,1.0,6.0,1.0,0.0
174067,1,[12],12.0,12,12,1,1.0,2.0,1.0,0.0
174079,1,[22],22.0,22,22,1,1.0,4.0,1.0,0.0
174101,1,[34],34.0,34,34,1,1.0,1.0,1.0,0.0
174121,1,[10],10.0,10,10,1,1.0,4.0,1.0,0.0
174137,1,[6],6.0,6,6,1,1.0,4.0,1.0,0.0
174143,2,"[10, 20]",15.0,10,20,2,1.0,4.5,1.0,0.0
174281,1,[14],14.0,14,14,1,1.0,5.0,1.0,0.0
174311,1,[28],28.0,28,28,1,1.0,4.0,1.0,0.0
174331,1,[14],14.0,14,14,1,1.0,2.0,1.0,0.0
174337,1,[10],10.0,10,10,1,1.0,6.0,1.0,0.0
174457,2,"[12, 16]",14.0,12,16,2,1.0,4.0,1.0,0.0
174469,2,"[10, 26]",18.0,10,26,2,1.0,6.0,1.0,0.0
174617,1,[26],26.0,26,26,1,1.0,2.0,1.0,0.0
174649,1,[50],50.0,50,50,1,1.0,2.0,1.0,0.0
174659,1,[10],10.0,10,10,1,1.0,6.0,1.0,0.0
174737,2,"[10, 12]",11.0,10,12,2,1.0,1.5,1.0,0.0
174761,1,[6],6.0,6,6,1,1.0,2.0,1.0,0.0
174799,1,[16],16.0,16,16,1,1.0,4.0,1.0,0.0
174829,1,[10],10.0,10,10,1,1.0,4.0,1.0,0.0
174929,1,[30],30.0,30,30,1,1.0,2.0,1.0,0.0
174959,1,[22],22.0,22,22,1,1.0,4.0,1.0,0.0
174989,1,[16],16.0,16,16,1,1.0,6.0,1.0,0.0
175003,1,[4],4.0,4,4,1,1.0,1.0,0.0,0.0
175039,1,[10],10.0,10,10,1,1.0,4.0,1.0,0.0
175067,1,[20],20.0,20,20,1,1.0,2.0,1.0,0.0
175129,1,[22],22.0,22,22,1,1.0,9.0,1.0,0.0
175211,1,[8],8.0,8,8,1,1.0,2.0,1.0,0.0
175267,1,[8],8.0,8,8,1,1.0,2.0,0.0,0.0
175291,2,"[18, 20]",19.0,18,20,2,1.0,4.5,1.0,0.0
175303,1,[14],14.0,14,14,1,1.0,4.0,1.0,0.0
175309,1,[10],10.0,10,10,1,1.0,1.0,0.0,0.0
175543,1,[4],4.0,4,4,1,1.0,1.0,0.0,0.0
175663,1,[4],4.0,4,4,1,1.0,3.0,0.0,0.0
175687,1,[10],10.0,10,10,1,1.0,2.0,1.0,0.0
175709,1,[16],16.0,16,16,1,1.0,3.0,1.0,0.0
175727,1,[28],28.0,28,28,1,1.0,4.0,1.0,0.0
175757,1,[10],10.0,10,10,1,1.0,6.0,1.0,0.0
175873,1,[4],4.0,4,4,1,1.0,1.0,0.0,0.0
175891,1,[28],28.0,28,28,1,1.0,4.0,1.0,0.0
175937,1,[12],12.0,12,12,1,1.0,2.0,1.0,0.0
175993,1,[4],4.0,4,4,1,1.0,1.0,0.0,0.0
176041,1,[4],4.0,4,4,1,1.0,3.0,0.0,0.0
176053,1,[4],4.0,4,4,1,1.0,3.0,1.0,0.0
176161,1,[4],4.0,4,4,1,1.0,2.0,0.0,0.0
176201,2,"[6, 28]",17.0,6,28,2,1.0,4.5,0.5,0.0
176261,1,[8],8.0,8,8,1,1.0,6.0,1.0,0.0
176321,1,[4],4.0,4,4,1,1.0,2.0,0.0,0.0
176329,1,[20],20.0,20,20,1,1.0,2.0,1.0,0.0
176333,1,[4],4.0,4,4,1,1.0,2.0,0.0,0.0
176383,1,[4],4.0,4,4,1,1.0,1.0,1.0,0.0
176389,1,[12],12.0,12,12,1,1.0,4.0,1.0,0.0
176467,1,[10],10.0,10,10,1,1.0,4.0,1.0,0.0
176497,1,[12],12.0,12,12,1,1.0,4.0,1.0,0.0
176503,1,[4],4.0,4,4,1,1.0,1.0,1.0,0.0
176651,1,[4],4.0,4,4,1,1.0,2.0,0.0,0.0
176677,1,[10],10.0,10,10,1,1.0,1.0,1.0,0.0
176741,1,[6],6.0,6,6,1,1.0,2.0,0.0,0.0
176747,1,[10],10.0,10,10,1,1.0,7.0,1.0,0.0
176789,1,[30],30.0,30,30,1,1.0,2.0,1.0,0.0
176791,1,[28],28.0,28,28,1,1.0,6.0,1.0,0.0
176921,1,[6],6.0,6,6,1,1.0,2.0,1.0,0.0
176927,1,[26],26.0,26,26,1,1.0,2.0,1.0,0.0
176951,2,"[4, 8]",6.0,4,8,2,1.0,1.5,0.5,0.0
176977,1,[6],6.0,6,6,1,1.0,3.0,1.0,0.0
177007,1,[6],6.0,6,6,1,1.0,4.0,1.0,0.0
177019,1,[22],22.0,22,22,1,1.0,3.0,1.0,0.0
177113,1,[4],4.0,4,4,1,1.0,2.0,0.0,0.0
177211,1,[6],6.0,6,6,1,1.0,1.0,1.0,0.0
177223,1,[62],62.0,62,62,1,1.0,2.0,1.0,0.0
177283,1,[18],18.0,18,18,1,1.0,1.0,1.0,0.0
177301,1,[8],8.0,8,8,1,1.0,3.0,1.0,0.0
177433,1,[14],14.0,14,14,1,1.0,5.0,1.0,0.0
177481,2,"[4, 6]",5.0,4,6,2,1.0,3.0,0.5,0.0
177493,1,[22],22.0,22,22,1,1.0,4.0,1.0,0.0
177511,1,[14],14.0,14,14,1,1.0,6.0,1.0,0.0
177533,1,[4],4.0,4,4,1,1.0,2.0,0.0,0.0
177739,2,"[10, 24]",17.0,10,24,2,1.0,2.5,1.0,0.0
177743,1,[34],34.0,34,34,1,1.0,3.0,1.0,0.0
177763,1,[14],14.0,14,14,1,1.0,2.0,1.0,0.0
177883,1,[22],22.0,22,22,1,1.0,3.0,1.0,0.0
178021,1,[14],14.0,14,14,1,1.0,2.0,0.0,0.0
178141,1,[8],8.0,8,8,1,1.0,2.0,1.0,0.0
178187,1,[20],20.0,20,20,1,1.0,2.0,1.0,0.0
178301,1,[10],10.0,10,10,1,1.0,4.0,1.0,0.0
178361,1,[20],20.0,20,20,1,1.0,2.0,1.0,0.0
178393,1,[14],14.0,14,14,1,1.0,8.0,1.0,0.0
178403,1,[10],10.0,10,10,1,1.0,3.0,1.0,0.0
178439,2,"[16, 82]",49.0,16,82,2,1.0,2.5,1.0,0.0
178447,1,[10],10.0,10,10,1,1.0,3.0,1.0,0.0
178489,1,[12],12.0,12,12,1,1.0,10.0,1.0,0.0
178537,1,[26],26.0,26,26,1,1.0,2.0,1.0,0.0
178571,1,[14],14.0,14,14,1,1.0,2.0,1.0,0.0
178597,1,[6],6.0,6,6,1,1.0,3.0,1.0,0.0
178613,2,"[10, 40]",25.0,10,40,2,1.0,3.0,1.0,0.0
178643,1,[14],14.0,14,14,1,1.0,6.0,1.0,0.0
178697,1,[10],10.0,10,10,1,1.0,2.0,0.0,0.0
178807,1,[12],12.0,12,12,1,1.0,7.0,1.0,0.0
178813,1,[4],4.0,4,4,1,1.0,1.0,0.0,0.0
178859,1,[16],16.0,16,16,1,1.0,1.0,1.0,0.0
178877,1,[20],20.0,20,20,1,1.0,2.0,1.0,0.0
178889,1,[10],10.0,10,10,1,1.0,4.0,1.0,0.0
178897,1,[12],12.0,12,12,1,1.0,9.0,1.0,0.0
178903,1,[10],10.0,10,10,1,1.0,2.0,1.0,0.0
178909,1,[22],22.0,22,22,1,1.0,4.0,1.0,0.0
178973,1,[14],14.0,14,14,1,1.0,8.0,1.0,0.0
179021,2,"[4, 8]",6.0,4,8,2,1.0,2.0,0.5,0.0
179041,1,[10],10.0,10,10,1,1.0,4.0,1.0,0.0
179057,1,[10],10.0,10,10,1,1.0,1.0,0.0,0.0
179089,1,[20],20.0,20,20,1,1.0,2.0,0.0,1.0
179107,1,[26],26.0,26,26,1,1.0,10.0,1.0,0.0
179119,1,[22],22.0,22,22,1,1.0,7.0,1.0,0.0
179143,1,[30],30.0,30,30,1,1.0,4.0,1.0,0.0
179161,1,[6],6.0,6,6,1,1.0,2.0,1.0,0.0
179243,1,[20],20.0,20,20,1,1.0,2.0,1.0,0.0
179327,1,[10],10.0,10,10,1,1.0,3.0,1.0,0.0
179357,1,[12],12.0,12,12,1,1.0,2.0,1.0,0.0
179369,1,[20],20.0,20,20,1,1.0,2.0,1.0,0.0
179381,1,[4],4.0,4,4,1,1.0,2.0,1.0,0.0
179393,1,[18],18.0,18,18,1,1.0,8.0,1.0,0.0
179429,2,"[12, 22]",17.0,12,22,2,1.0,4.0,1.0,0.0
179527,1,[8],8.0,8,8,1,1.0,2.0,1.0,0.0
179593,1,[10],10.0,10,10,1,1.0,4.0,1.0,0.0
179633,1,[44],44.0,44,44,1,1.0,3.0,1.0,0.0
179657,1,[16],16.0,16,16,1,1.0,4.0,1.0,0.0
179717,1,[8],8.0,8,8,1,1.0,2.0,1.0,0.0
179719,1,[30],30.0,30,30,1,1.0,4.0,1.0,0.0
179737,1,[6],6.0,6,6,1,1.0,4.0,1.0,0.0
179743,1,[4],4.0,4,4,1,1.0,1.0,1.0,0.0
179801,2,"[6, 48]",27.0,6,48,2,1.0,3.0,0.5,0.0
179807,1,[6],6.0,6,6,1,1.0,2.0,1.0,0.0
179819,1,[22],22.0,22,22,1,1.0,2.0,1.0,0.0
179821,1,[6],6.0,6,6,1,1.0,4.0,1.0,0.0
179833,1,[4],4.0,4,4,1,1.0,3.0,0.0,0.0
179897,1,[6],6.0,6,6,1,1.0,2.0,0.0,0.0
179923,1,[14],14.0,14,14,1,1.0,6.0,1.0,0.0
179957,1,[12],12.0,12,12,1,1.0,2.0,1.0,0.0
180007,1,[20],20.0,20,20,1,1.0,6.0,1.0,0.0
180043,1,[10],10.0,10,10,1,1.0,3.0,1.0,0.0
180311,1,[28],28.0,28,28,1,1.0,4.0,1.0,0.0
180491,1,[6],6.0,6,6,1,1.0,4.0,1.0,0.0
180617,1,[6],6.0,6,6,1,1.0,3.0,1.0,0.0
180667,1,[26],26.0,26,26,1,1.0,2.0,1.0,0.0
180811,1,[14],14.0,14,14,1,1.0,2.0,1.0,0.0
181003,1,[10],10.0,10,10,1,1.0,4.0,1.0,0.0
181063,1,[14],14.0,14,14,1,1.0,3.0,1.0,0.0
181199,1,[20],20.0,20,20,1,1.0,2.0,1.0,0.0
181201,1,[4],4.0,4,4,1,1.0,3.0,0.0,0.0
181219,1,[56],56.0,56,56,1,1.0,6.0,1.0,0.0
181253,1,[14],14.0,14,14,1,1.0,2.0,0.0,0.0
181283,1,[4],4.0,4,4,1,1.0,1.0,1.0,0.0
181297,2,"[10, 38]",24.0,10,38,2,1.0,3.5,1.0,0.0
181397,2,"[12, 88]",50.0,12,88,2,1.0,2.5,1.0,0.0
181421,1,[18],18.0,18,18,1,1.0,12.0,1.0,0.0
181459,1,[26],26.0,26,26,1,1.0,2.0,1.0,0.0
181499,1,[52],52.0,52,52,1,1.0,4.0,1.0,0.0
181537,1,[20],20.0,20,20,1,1.0,2.0,1.0,0.0
181639,1,[10],10.0,10,10,1,1.0,4.0,1.0,0.0
181711,1,[28],28.0,28,28,1,1.0,1.0,1.0,0.0
181751,1,[38],38.0,38,38,1,1.0,2.0,1.0,0.0
181789,1,[24],24.0,24,24,1,1.0,1.0,1.0,0.0
181871,1,[4],4.0,4,4,1,1.0,1.0,1.0,0.0
181913,1,[10],10.0,10,10,1,1.0,4.0,1.0,0.0
181919,2,"[12, 16]",14.0,12,16,2,1.0,1.5,1.0,0.0
182027,1,[28],28.0,28,28,1,1.0,12.0,0.0,1.0
182029,1,[30],30.0,30,30,1,1.0,7.0,1.0,0.0
182099,1,[12],12.0,12,12,1,1.0,2.0,1.0,0.0
182107,1,[70],70.0,70,70,1,1.0,2.0,1.0,0.0
182111,1,[8],8.0,8,8,1,1.0,2.0,1.0,0.0
182123,1,[18],18.0,18,18,1,1.0,2.0,1.0,0.0
182233,1,[10],10.0,10,10,1,1.0,4.0,1.0,0.0
182243,1,[18],18.0,18,18,1,1.0,2.0,1.0,0.0
182261,1,[18],18.0,18,18,1,1.0,3.0,1.0,0.0
182453,1,[14],14.0,14,14,1,1.0,8.0,1.0,0.0
182519,1,[10],10.0,10,10,1,1.0,4.0,1.0,0.0
182537,2,"[8, 12]",10.0,8,12,2,1.0,2.0,1.0,0.0
182587,1,[6],6.0,6,6,1,1.0,1.0,1.0,0.0
182701,1,[20],20.0,20,20,1,1.0,10.0,1.0,0.0
182711,1,[10],10.0,10,10,1,1.0,4.0,1.0,0.0
182803,1,[18],18.0,18,18,1,1.0,1.0,1.0,0.0
182867,1,[28],28.0,28,28,1,1.0,4.0,1.0,0.0
182887,1,[6],6.0,6,6,1,1.0,1.0,0.0,0.0
182893,1,[14],14.0,14,14,1,1.0,4.0,1.0,0.0
182957,1,[12],12.0,12,12,1,1.0,8.0,1.0,0.0
183167,1,[16],16.0,16,16,1,1.0,10.0,1.0,0.0
183283,1,[14],14.0,14,14,1,1.0,4.0,1.0,0.0
183307,1,[28],28.0,28,28,1,1.0,2.0,1.0,0.0
183317,1,[28],28.0,28,28,1,1.0,4.0,1.0,0.0
183349,1,[12],12.0,12,12,1,1.0,2.0,1.0,0.0
183373,1,[10],10.0,10,10,1,1.0,2.0,1.0,0.0
183377,1,[6],6.0,6,6,1,1.0,2.0,1.0,0.0
183389,1,[22],22.0,22,22,1,1.0,2.0,1.0,0.0
183479,1,[10],10.0,10,10,1,1.0,6.0,1.0,0.0
183497,1,[6],6.0,6,6,1,1.0,3.0,1.0,0.0
183499,1,[12],12.0,12,12,1,1.0,3.0,1.0,0.0
183571,1,[4],4.0,4,4,1,1.0,1.0,0.0,0.0
183581,1,[6],6.0,6,6,1,1.0,2.0,1.0,0.0
183697,1,[8],8.0,8,8,1,1.0,2.0,1.0,0.0
183761,1,[14],14.0,14,14,1,1.0,5.0,1.0,0.0
183797,1,[16],16.0,16,16,1,1.0,6.0,1.0,0.0
183829,1,[16],16.0,16,16,1,1.0,6.0,1.0,0.0
184039,1,[10],10.0,10,10,1,1.0,2.0,1.0,0.0
184133,1,[24],24.0,24,24,1,1.0,2.0,1.0,0.0
184157,1,[10],10.0,10,10,1,1.0,6.0,1.0,0.0
184187,1,[12],12.0,12,12,1,1.0,2.0,1.0,0.0
184189,1,[22],22.0,22,22,1,1.0,8.0,1.0,0.0
184259,1,[16],16.0,16,16,1,1.0,9.0,1.0,0.0
184273,1,[18],18.0,18,18,1,1.0,10.0,1.0,0.0
184309,1,[12],12.0,12,12,1,1.0,2.0,1.0,0.0
184333,1,[18],18.0,18,18,1,1.0,3.0,1.0,0.0
184351,1,[20],20.0,20,20,1,1.0,6.0,1.0,0.0
184369,1,[16],16.0,16,16,1,1.0,4.0,1.0,0.0
184477,1,[8],8.0,8,8,1,1.0,2.0,1.0,0.0
184487,1,[10],10.0,10,10,1,1.0,6.0,1.0,0.0
184511,1,[6],6.0,6,6,1,1.0,2.0,1.0,0.0
184631,1,[4],4.0,4,4,1,1.0,1.0,1.0,0.0
184633,1,[18],18.0,18,18,1,1.0,4.0,1.0,0.0
184651,1,[18],18.0,18,18,1,1.0,4.0,1.0,0.0
184687,1,[28],28.0,28,28,1,1.0,4.0,1.0,0.0
184721,3,"[4, 6, 8]",6.0,4,8,3,1.0,2.6667,0.3333,0.0
184831,2,"[6, 38]",22.0,6,38,2,1.0,3.5,1.0,0.0
184901,1,[4],4.0,4,4,1,1.0,2.0,1.0,0.0
185051,1,[6],6.0,6,6,1,1.0,2.0,1.0,0.0
185057,1,[6],6.0,6,6,1,1.0,2.0,1.0,0.0
185089,1,[10],10.0,10,10,1,1.0,1.0,1.0,0.0
185161,1,[4],4.0,4,4,1,1.0,1.0,0.0,0.0
185177,1,[6],6.0,6,6,1,1.0,3.0,1.0,0.0
185183,1,[44],44.0,44,44,1,1.0,2.0,1.0,0.0
185243,1,[24],24.0,24,24,1,1.0,4.0,1.0,0.0
185309,1,[40],40.0,40,40,1,1.0,2.0,1.0,0.0
185401,1,[8],8.0,8,8,1,1.0,6.0,1.0,0.0
185441,1,[4],4.0,4,4,1,1.0,2.0,0.0,0.0
185527,1,[6],6.0,6,6,1,1.0,1.0,1.0,0.0
185533,1,[14],14.0,14,14,1,1.0,2.0,1.0,0.0
185557,1,[8],8.0,8,8,1,1.0,6.0,1.0,0.0
185641,1,[8],8.0,8,8,1,1.0,2.0,1.0,0.0
185651,1,[14],14.0,14,14,1,1.0,6.0,1.0,0.0
185683,1,[10],10.0,10,10,1,1.0,9.0,0.0,0.0
185699,1,[12],12.0,12,12,1,1.0,2.0,1.0,0.0
185707,1,[38],38.0,38,38,1,1.0,2.0,1.0,0.0
185753,1,[22],22.0,22,22,1,1.0,6.0,1.0,0.0
185813,1,[22],22.0,22,22,1,1.0,2.0,1.0,0.0
185923,1,[10],10.0,10,10,1,1.0,3.0,1.0,0.0
185947,1,[12],12.0,12,12,1,1.0,2.0,1.0,0.0
185951,1,[4],4.0,4,4,1,1.0,1.0,0.0,0.0
186007,1,[6],6.0,6,6,1,1.0,1.0,0.0,0.0
186013,1,[14],14.0,14,14,1,1.0,2.0,1.0,0.0
186107,1,[6],6.0,6,6,1,1.0,2.0,1.0,0.0
186247,2,"[6, 12]",9.0,6,12,2,1.0,3.5,1.0,0.0
186253,1,[34],34.0,34,34,1,1.0,1.0,1.0,0.0
186259,1,[12],12.0,12,12,1,1.0,7.0,1.0,0.0
186379,1,[20],20.0,20,20,1,1.0,2.0,1.0,0.0
186397,1,[10],10.0,10,10,1,1.0,3.0,0.0,0.0
186419,1,[20],20.0,20,20,1,1.0,5.0,1.0,0.0
186481,1,[8],8.0,8,8,1,1.0,2.0,1.0,0.0
186583,1,[18],18.0,18,18,1,1.0,2.0,1.0,0.0
186629,1,[26],26.0,26,26,1,1.0,14.0,1.0,0.0
186671,1,[34],34.0,34,34,1,1.0,4.0,1.0,0.0
186743,1,[4],4.0,4,4,1,1.0,3.0,0.0,0.0
186757,1,[42],42.0,42,42,1,1.0,4.0,1.0,0.0
186763,1,[4],4.0,4,4,1,1.0,2.0,0.0,0.0
186859,1,[20],20.0,20,20,1,1.0,6.0,1.0,0.0
186871,2,"[4, 6]",5.0,4,6,2,1.0,2.5,0.5,0.0
186877,1,[6],6.0,6,6,1,1.0,4.0,1.0,0.0
187069,1,[22],22.0,22,22,1,1.0,4.0,1.0,0.0
187123,2,"[4, 20]",12.0,4,20,2,1.0,2.0,0.5,0.0
187127,1,[6],6.0,6,6,1,1.0,1.0,0.0,0.0
187133,2,"[10, 20]",15.0,10,20,2,1.0,3.5,1.0,0.0
187139,1,[22],22.0,22,22,1,1.0,4.0,1.0,0.0
187171,1,[8],8.0,8,8,1,1.0,2.0,1.0,0.0
187273,1,[10],10.0,10,10,1,1.0,2.0,1.0,0.0
187337,1,[12],12.0,12,12,1,1.0,2.0,1.0,0.0
187361,1,[6],6.0,6,6,1,1.0,4.0,0.0,0.0
187367,1,[6],6.0,6,6,1,1.0,4.0,1.0,0.0
187441,1,[38],38.0,38,38,1,1.0,2.0,1.0,0.0
187471,1,[4],4.0,4,4,1,1.0,1.0,0.0,0.0
187631,2,"[4, 8]",6.0,4,8,2,1.0,4.0,1.0,0.0
187651,1,[18],18.0,18,18,1,1.0,4.0,1.0,0.0
187687,1,[12],12.0,12,12,1,1.0,3.0,1.0,0.0
187763,1,[30],30.0,30,30,1,1.0,6.0,1.0,0.0
187871,1,[6],6.0,6,6,1,1.0,2.0,1.0,0.0
187897,1,[12],12.0,12,12,1,1.0,8.0,1.0,0.0
187951,1,[78],78.0,78,78,1,1.0,4.0,1.0,0.0
187963,1,[24],24.0,24,24,1,1.0,4.0,1.0,0.0
187973,1,[14],14.0,14,14,1,1.0,2.0,1.0,0.0
188011,2,"[8, 28]",18.0,8,28,2,1.0,2.0,1.0,0.0
188147,2,"[8, 12]",10.0,8,12,2,1.0,2.0,1.0,0.0
188171,1,[10],10.0,10,10,1,1.0,4.0,1.0,0.0
188197,1,[26],26.0,26,26,1,1.0,2.0,1.0,0.0
188249,1,[12],12.0,12,12,1,1.0,2.0,1.0,0.0
188261,1,[44],44.0,44,44,1,1.0,2.0,1.0,0.0
188303,1,[14],14.0,14,14,1,1.0,6.0,1.0,0.0
188311,1,[6],6.0,6,6,1,1.0,2.0,1.0,0.0
188431,1,[6],6.0,6,6,1,1.0,1.0,1.0,0.0
188443,1,[4],4.0,4,4,1,1.0,3.0,0.0,0.0
188527,1,[8],8.0,8,8,1,1.0,5.0,1.0,0.0
188609,1,[12],12.0,12,12,1,1.0,6.0,1.0,0.0
188633,1,[10],10.0,10,10,1,1.0,4.0,1.0,0.0
188681,1,[6],6.0,6,6,1,1.0,2.0,1.0,0.0
188767,1,[12],12.0,12,12,1,1.0,2.0,1.0,0.0
188791,1,[20],20.0,20,20,1,1.0,2.0,1.0,0.0
188857,1,[6],6.0,6,6,1,1.0,3.0,1.0,0.0
188891,1,[4],4.0,4,4,1,1.0,2.0,0.0,0.0
188927,1,[6],6.0,6,6,1,1.0,1.0,0.0,0.0
189017,1,[8],8.0,8,8,1,1.0,2.0,1.0,0.0
189149,1,[20],20.0,20,20,1,1.0,6.0,1.0,0.0
189151,1,[18],18.0,18,18,1,1.0,4.0,1.0,0.0
189337,1,[8],8.0,8,8,1,1.0,2.0,1.0,0.0
189349,1,[22],22.0,22,22,1,1.0,10.0,1.0,0.0
189389,1,[10],10.0,10,10,1,1.0,4.0,1.0,0.0
189467,2,"[6, 12]",9.0,6,12,2,1.0,3.5,0.5,0.0
189517,1,[6],6.0,6,6,1,1.0,1.0,0.0,0.0
189593,1,[4],4.0,4,4,1,1.0,3.0,0.0,0.0
189661,2,"[4, 8]",6.0,4,8,2,1.0,2.0,0.5,0.0
189691,1,[4],4.0,4,4,1,1.0,1.0,1.0,0.0
189947,1,[10],10.0,10,10,1,1.0,3.0,1.0,0.0
189967,1,[30],30.0,30,30,1,1.0,1.0,1.0,0.0
189977,2,"[6, 26]",16.0,6,26,2,1.0,4.0,1.0,0.0
190243,1,[4],4.0,4,4,1,1.0,1.0,0.0,0.0
190313,1,[10],10.0,10,10,1,1.0,4.0,1.0,0.0
190321,1,[18],18.0,18,18,1,1.0,4.0,1.0,0.0
190471,1,[20],20.0,20,20,1,1.0,6.0,1.0,0.0
190507,1,[10],10.0,10,10,1,1.0,3.0,1.0,0.0
190577,1,[10],10.0,10,10,1,1.0,1.0,1.0,0.0
190639,1,[30],30.0,30,30,1,1.0,4.0,1.0,0.0
190753,1,[22],22.0,22,22,1,1.0,6.0,1.0,0.0
190891,1,[38],38.0,38,38,1,1.0,8.0,1.0,0.0
190901,1,[4],4.0,4,4,1,1.0,1.0,0.0,0.0
190921,1,[14],14.0,14,14,1,1.0,2.0,1.0,0.0
191021,1,[6],6.0,6,6,1,1.0,2.0,0.0,0.0
191027,1,[6],6.0,6,6,1,1.0,2.0,0.0,0.0
191033,1,[10],10.0,10,10,1,1.0,4.0,1.0,0.0
191119,1,[26],26.0,26,26,1,1.0,6.0,1.0,0.0
191141,1,[14],14.0,14,14,1,1.0,2.0,1.0,0.0
191173,1,[4],4.0,4,4,1,1.0,3.0,1.0,0.0
191251,1,[4],4.0,4,4,1,1.0,1.0,0.0,0.0
191281,1,[4],4.0,4,4,1,1.0,2.0,0.0,0.0
191447,1,[6],6.0,6,6,1,1.0,5.0,0.0,0.0
191453,1,[4],4.0,4,4,1,1.0,3.0,0.0,0.0
191461,1,[6],6.0,6,6,1,1.0,2.0,1.0,0.0
191467,1,[38],38.0,38,38,1,1.0,6.0,1.0,0.0
191507,1,[12],12.0,12,12,1,1.0,4.0,1.0,0.0
191671,1,[20],20.0,20,20,1,1.0,18.0,1.0,0.0
191689,1,[10],10.0,10,10,1,1.0,2.0,1.0,0.0
191707,1,[16],16.0,16,16,1,1.0,4.0,1.0,0.0
191717,1,[26],26.0,26,26,1,1.0,2.0,1.0,0.0
191783,1,[10],10.0,10,10,1,1.0,3.0,1.0,0.0
191803,1,[32],32.0,32,32,1,1.0,2.0,1.0,0.0
191831,1,[10],10.0,10,10,1,1.0,4.0,1.0,0.0
191953,1,[4],4.0,4,4,1,1.0,3.0,1.0,0.0
192007,1,[10],10.0,10,10,1,1.0,8.0,1.0,0.0
192037,1,[20],20.0,20,20,1,1.0,2.0,1.0,0.0
192047,1,[10],10.0,10,10,1,1.0,3.0,1.0,0.0
192091,1,[6],6.0,6,6,1,1.0,2.0,1.0,0.0
192149,1,[12],12.0,12,12,1,1.0,2.0,1.0,0.0
192191,1,[4],4.0,4,4,1,1.0,2.0,1.0,0.0
192319,1,[10],10.0,10,10,1,1.0,2.0,1.0,0.0
192341,2,"[10, 20]",15.0,10,20,2,1.0,6.0,1.0,0.0
192383,1,[24],24.0,24,24,1,1.0,2.0,1.0,0.0
192539,1,[10],10.0,10,10,1,1.0,4.0,1.0,0.0
192601,1,[14],14.0,14,14,1,1.0,2.0,1.0,0.0
192631,2,"[4, 8]",6.0,4,8,2,1.0,2.0,0.5,0.0
192677,1,[16],16.0,16,16,1,1.0,15.0,1.0,0.0
192737,1,[6],6.0,6,6,1,1.0,5.0,0.0,0.0
192767,1,[26],26.0,26,26,1,1.0,2.0,1.0,0.0
192781,2,"[10, 28]",19.0,10,28,2,1.0,4.0,1.0,0.0
192799,1,[22],22.0,22,22,1,1.0,4.0,1.0,0.0
192847,1,[6],6.0,6,6,1,1.0,4.0,1.0,0.0
192859,1,[10],10.0,10,10,1,1.0,4.0,1.0,0.0
192877,1,[28],28.0,28,28,1,1.0,2.0,1.0,0.0
192923,1,[10],10.0,10,10,1,1.0,4.0,1.0,0.0
192979,1,[12],12.0,12,12,1,1.0,3.0,1.0,0.0
193009,1,[26],26.0,26,26,1,1.0,2.0,1.0,0.0
193093,1,[4],4.0,4,4,1,1.0,3.0,1.0,0.0
193163,1,[14],14.0,14,14,1,1.0,2.0,1.0,0.0
193367,1,[6],6.0,6,6,1,1.0,4.0,0.0,0.0
193381,1,[6],6.0,6,6,1,1.0,4.0,1.0,0.0
193393,1,[4],4.0,4,4,1,1.0,3.0,0.0,0.0
193441,1,[8],8.0,8,8,1,1.0,2.0,1.0,0.0
193451,2,"[4, 28]",16.0,4,28,2,1.0,3.5,0.5,0.0
193541,1,[4],4.0,4,4,1,1.0,1.0,0.0,0.0
193573,1,[14],14.0,14,14,1,1.0,5.0,1.0,0.0
193723,2,"[4, 14]",9.0,4,14,2,1.0,2.0,0.5,0.0
193751,1,[6],6.0,6,6,1,1.0,2.0,1.0,0.0
193771,1,[10],10.0,10,10,1,1.0,3.0,1.0,0.0
193793,1,[14],14.0,14,14,1,1.0,2.0,1.0,0.0
193813,1,[4],4.0,4,4,1,1.0,1.0,0.0,0.0
193847,1,[16],16.0,16,16,1,1.0,4.0,1.0,0.0
193871,1,[6],6.0,6,6,1,1.0,2.0,1.0,0.0
193891,1,[28],28.0,28,28,1,1.0,4.0,1.0,0.0
193943,1,[14],14.0,14,14,1,1.0,3.0,1.0,0.0
194003,1,[4],4.0,4,4,1,1.0,1.0,1.0,0.0
194017,1,[16],16.0,16,16,1,1.0,6.0,1.0,0.0
194069,1,[20],20.0,20,20,1,1.0,2.0,1.0,0.0
194167,1,[36],36.0,36,36,1,1.0,3.0,1.0,0.0
194377,1,[8],8.0,8,8,1,1.0,2.0,0.0,0.0
194471,1,[4],4.0,4,4,1,1.0,2.0,0.0,0.0
194483,1,[10],10.0,10,10,1,1.0,4.0,1.0,0.0
194647,2,"[6, 12]",9.0,6,12,2,1.0,2.5,1.0,0.0
194671,1,[20],20.0,20,20,1,1.0,9.0,1.0,0.0
194683,1,[4],4.0,4,4,1,1.0,1.0,1.0,0.0
194713,1,[14],14.0,14,14,1,1.0,5.0,1.0,0.0
194717,2,"[6, 16]",11.0,6,16,2,1.0,2.0,0.5,0.0
195023,1,[4],4.0,4,4,1,1.0,3.0,0.0,0.0
195103,1,[4],4.0,4,4,1,1.0,2.0,0.0,0.0
195161,1,[10],10.0,10,10,1,1.0,6.0,1.0,0.0
195163,1,[14],14.0,14,14,1,1.0,2.0,1.0,0.0
195229,1,[12],12.0,12,12,1,1.0,10.0,1.0,0.0
195253,1,[40],40.0,40,40,1,1.0,12.0,1.0,0.0
195329,1,[30],30.0,30,30,1,1.0,2.0,1.0,0.0
195341,1,[14],14.0,14,14,1,1.0,2.0,1.0,0.0
195353,1,[14],14.0,14,14,1,1.0,4.0,1.0,0.0
195401,1,[6],6.0,6,6,1,1.0,2.0,1.0,0.0
195427,1,[10],10.0,10,10,1,1.0,3.0,1.0,0.0
195457,1,[16],16.0,16,16,1,1.0,6.0,1.0,0.0
195539,1,[60],60.0,60,60,1,1.0,2.0,1.0,0.0
195541,1,[4],4.0,4,4,1,1.0,2.0,0.0,0.0
195691,1,[14],14.0,14,14,1,1.0,2.0,1.0,0.0
195787,2,"[10, 26]",18.0,10,26,2,1.0,4.0,1.0,0.0
195817,1,[8],8.0,8,8,1,1.0,3.0,0.0,0.0
195863,1,[14],14.0,14,14,1,1.0,3.0,1.0,0.0
195869,1,[26],26.0,26,26,1,1.0,8.0,1.0,0.0
195883,1,[10],10.0,10,10,1,1.0,2.0,1.0,0.0
195887,1,[8],8.0,8,8,1,1.0,2.0,0.0,0.0
195907,1,[6],6.0,6,6,1,1.0,4.0,1.0,0.0
195919,1,[16],16.0,16,16,1,1.0,4.0,1.0,0.0
195973,2,"[14, 30]",22.0,14,30,2,1.0,6.0,1.0,0.0
195991,1,[6],6.0,6,6,1,1.0,4.0,1.0,0.0
196073,1,[10],10.0,10,10,1,1.0,4.0,1.0,0.0
196087,1,[16],16.0,16,16,1,1.0,4.0,1.0,0.0
196171,2,"[4, 8]",6.0,4,8,2,1.0,3.5,0.5,0.0
196181,1,[6],6.0,6,6,1,1.0,2.0,1.0,0.0
196279,1,[12],12.0,12,12,1,1.0,6.0,1.0,0.0
196291,1,[4],4.0,4,4,1,1.0,1.0,1.0,0.0
196543,1,[18],18.0,18,18,1,1.0,2.0,1.0,0.0
196561,1,[34],34.0,34,34,1,1.0,1.0,1.0,0.0
196583,1,[30],30.0,30,30,1,1.0,2.0,1.0,0.0
196663,1,[4],4.0,4,4,1,1.0,1.0,1.0,0.0
196727,1,[12],12.0,12,12,1,1.0,4.0,1.0,0.0
196871,1,[14],14.0,14,14,1,1.0,2.0,1.0,0.0
196879,1,[10],10.0,10,10,1,1.0,4.0,1.0,0.0
196993,1,[4],4.0,4,4,1,1.0,3.0,0.0,0.0
197023,2,"[10, 22]",16.0,10,22,2,1.0,3.5,1.0,0.0
197033,1,[14],14.0,14,14,1,1.0,6.0,1.0,0.0
197077,2,"[6, 12]",9.0,6,12,2,1.0,3.5,1.0,0.0
197137,1,[10],10.0,10,10,1,1.0,6.0,1.0,0.0
197347,1,[8],8.0,8,8,1,1.0,2.0,1.0,0.0
197359,2,"[22, 30]",26.0,22,30,2,1.0,7.0,1.0,0.0
197371,1,[8],8.0,8,8,1,1.0,2.0,1.0,0.0
197573,1,[4],4.0,4,4,1,1.0,3.0,1.0,0.0
197597,1,[12],12.0,12,12,1,1.0,2.0,1.0,0.0
197641,1,[8],8.0,8,8,1,1.0,6.0,0.0,0.0
197677,2,"[6, 10]",8.0,6,10,2,1.0,5.5,0.5,0.0
197699,1,[22],22.0,22,22,1,1.0,3.0,1.0,0.0
197741,1,[4],4.0,4,4,1,1.0,1.0,0.0,0.0
197767,1,[6],6.0,6,6,1,1.0,1.0,1.0,0.0
197831,1,[4],4.0,4,4,1,1.0,1.0,1.0,0.0
197909,1,[56],56.0,56,56,1,1.0,2.0,1.0,0.0
197921,1,[6],6.0,6,6,1,1.0,2.0,1.0,0.0
197957,1,[6],6.0,6,6,1,1.0,5.0,0.0,0.0
198091,1,[18],18.0,18,18,1,1.0,2.0,1.0,0.0
198173,1,[24],24.0,24,24,1,1.0,2.0,1.0,0.0
198179,1,[40],40.0,40,40,1,1.0,1.0,1.0,0.0
198241,1,[18],18.0,18,18,1,1.0,3.0,1.0,0.0
198251,1,[20],20.0,20,20,1,1.0,4.0,1.0,0.0
198323,1,[34],34.0,34,34,1,1.0,3.0,1.0,0.0
198479,1,[12],12.0,12,12,1,1.0,6.0,1.0,0.0
198533,1,[14],14.0,14,14,1,1.0,5.0,1.0,0.0
198553,1,[18],18.0,18,18,1,1.0,2.0,1.0,0.0
198599,1,[10],10.0,10,10,1,1.0,4.0,1.0,0.0
198623,1,[4],4.0,4,4,1,1.0,1.0,0.0,0.0
198811,2,"[6, 28]",17.0,6,28,2,1.0,2.5,1.0,0.0
198827,1,[6],6.0,6,6,1,1.0,4.0,0.0,0.0
198833,1,[4],4.0,4,4,1,1.0,3.0,0.0,0.0
198937,1,[10],10.0,10,10,1,1.0,1.0,1.0,0.0
198941,1,[8],8.0,8,8,1,1.0,2.0,1.0,0.0
198953,1,[20],20.0,20,20,1,1.0,2.0,1.0,0.0
199081,1,[10],10.0,10,10,1,1.0,6.0,1.0,0.0
199181,1,[8],8.0,8,8,1,1.0,2.0,1.0,0.0
199261,1,[20],20.0,20,20,1,1.0,8.0,1.0,0.0
199373,1,[4],4.0,4,4,1,1.0,3.0,1.0,0.0
199399,1,[32],32.0,32,32,1,1.0,2.0,1.0,0.0
199403,1,[10],10.0,10,10,1,1.0,4.0,1.0,0.0
199411,1,[18],18.0,18,18,1,1.0,6.0,1.0,0.0
199453,1,[10],10.0,10,10,1,1.0,2.0,1.0,0.0
199457,1,[8],8.0,8,8,1,1.0,3.0,1.0,0.0
199487,1,[36],36.0,36,36,1,1.0,4.0,1.0,0.0
199567,1,[10],10.0,10,10,1,1.0,3.0,1.0,0.0
199673,1,[24],24.0,24,24,1,1.0,10.0,1.0,0.0
199697,1,[26],26.0,26,26,1,1.0,2.0,1.0,0.0
199729,1,[24],24.0,24,24,1,1.0,1.0,1.0,0.0
199753,1,[22],22.0,22,22,1,1.0,6.0,1.0,0.0
199807,2,"[6, 12]",9.0,6,12,2,1.0,5.5,1.0,0.0
199921,1,[20],20.0,20,20,1,1.0,6.0,1.0,0.0
199961,1,[8],8.0,8,8,1,1.0,6.0,1.0,0.0
200017,2,"[6, 58]",32.0,6,58,2,1.0,4.0,1.0,0.0
200063,1,[14],14.0,14,14,1,1.0,2.0,1.0,0.0
200131,1,[14],14.0,14,14,1,1.0,2.0,1.0,0.0
200171,1,[6],6.0,6,6,1,1.0,2.0,1.0,0.0
200227,1,[8],8.0,8,8,1,1.0,4.0,1.0,0.0
200231,1,[4],4.0,4,4,1,1.0,1.0,0.0,0.0
200237,1,[40],40.0,40,40,1,1.0,6.0,1.0,0.0
200273,1,[4],4.0,4,4,1,1.0,3.0,1.0,0.0
200351,1,[6],6.0,6,6,1,1.0,2.0,1.0,0.0
200407,1,[10],10.0,10,10,1,1.0,4.0,1.0,0.0
200461,1,[14],14.0,14,14,1,1.0,2.0,1.0,0.0
200579,1,[30],30.0,30,30,1,1.0,2.0,1.0,0.0
200731,1,[4],4.0,4,4,1,1.0,1.0,0.0,0.0
200771,2,"[4, 36]",20.0,4,36,2,1.0,1.5,1.0,0.0
200797,2,"[10, 20]",15.0,10,20,2,1.0,3.5,0.5,0.0
200891,1,[18],18.0,18,18,1,1.0,2.0,1.0,0.0
200903,1,[4],4.0,4,4,1,1.0,1.0,0.0,0.0
200927,1,[20],20.0,20,20,1,1.0,5.0,1.0,0.0
200971,1,[18],18.0,18,18,1,1.0,4.0,1.0,0.0
200989,1,[16],16.0,16,16,1,1.0,3.0,1.0,0.0
201101,1,[8],8.0,8,8,1,1.0,3.0,1.0,0.0
201139,1,[12],12.0,12,12,1,1.0,4.0,1.0,0.0
201251,1,[8],8.0,8,8,1,1.0,6.0,1.0,0.0
201281,1,[4],4.0,4,4,1,1.0,2.0,0.0,0.0
201329,1,[30],30.0,30,30,1,1.0,2.0,1.0,0.0
201389,1,[24],24.0,24,24,1,1.0,2.0,1.0,0.0
201403,1,[14],14.0,14,14,1,1.0,6.0,1.0,0.0
201413,1,[10],10.0,10,10,1,1.0,6.0,1.0,0.0
201451,1,[8],8.0,8,8,1,1.0,2.0,1.0,0.0
201491,1,[4],4.0,4,4,1,1.0,2.0,1.0,0.0
201547,1,[10],10.0,10,10,1,1.0,6.0,1.0,0.0
201599,1,[12],12.0,12,12,1,1.0,2.0,1.0,0.0
201661,1,[6],6.0,6,6,1,1.0,4.0,1.0,0.0
201709,1,[20],20.0,20,20,1,1.0,2.0,1.0,0.0
201743,2,"[4, 10]",7.0,4,10,2,1.0,3.5,0.5,0.0
201757,1,[12],12.0,12,12,1,1.0,1.0,0.0,0.0
201797,2,"[10, 12]",11.0,10,12,2,1.0,3.0,1.0,0.0
201829,1,[22],22.0,22,22,1,1.0,4.0,1.0,0.0
201889,1,[20],20.0,20,20,1,1.0,8.0,1.0,0.0
201923,2,"[10, 20]",15.0,10,20,2,1.0,2.5,1.0,0.0
201961,1,[18],18.0,18,18,1,1.0,10.0,1.0,0.0
201973,1,[14],14.0,14,14,1,1.0,4.0,1.0,0.0
202183,2,"[10, 18]",14.0,10,18,2,1.0,4.0,1.0,0.0
202219,1,[12],12.0,12,12,1,1.0,2.0,1.0,0.0
202243,2,"[4, 14]",9.0,4,14,2,1.0,1.5,1.0,0.0
202277,1,[8],8.0,8,8,1,1.0,3.0,1.0,0.0
202291,1,[18],18.0,18,18,1,1.0,4.0,1.0,0.0
202309,1,[16],16.0,16,16,1,1.0,3.0,1.0,0.0
202357,1,[10],10.0,10,10,1,1.0,2.0,1.0,0.0
202381,2,"[4, 6]",5.0,4,6,2,1.0,1.5,0.0,0.0
202471,1,[4],4.0,4,4,1,1.0,2.0,0.0,0.0
202529,1,[40],40.0,40,40,1,1.0,7.0,1.0,0.0
202613,1,[22],22.0,22,22,1,1.0,1.0,1.0,0.0
202637,1,[10],10.0,10,10,1,1.0,6.0,1.0,0.0
202693,1,[10],10.0,10,10,1,1.0,4.0,1.0,0.0
202777,1,[8],8.0,8,8,1,1.0,2.0,1.0,0.0
202823,2,"[14, 18]",16.0,14,18,2,1.0,2.0,1.0,0.0
202841,1,[18],18.0,18,18,1,1.0,2.0,1.0,0.0
202859,1,[16],16.0,16,16,1,1.0,6.0,1.0,0.0
202931,1,[18],18.0,18,18,1,1.0,4.0,1.0,0.0
202987,1,[12],12.0,12,12,1,1.0,3.0,1.0,0.0
203011,1,[6],6.0,6,6,1,1.0,1.0,0.0,0.0
203051,1,[10],10.0,10,10,1,1.0,8.0,1.0,0.0
203221,2,"[6, 10]",8.0,6,10,2,1.0,6.0,1.0,0.0
203293,1,[50],50.0,50,50,1,1.0,2.0,1.0,0.0
203321,1,[34],34.0,34,34,1,1.0,6.0,1.0,0.0
203323,1,[10],10.0,10,10,1,1.0,6.0,1.0,0.0
203363,1,[34],34.0,34,34,1,1.0,6.0,1.0,0.0
203381,1,[6],6.0,6,6,1,1.0,2.0,0.0,0.0
203429,1,[52],52.0,52,52,1,1.0,4.0,1.0,0.0
203591,1,[14],14.0,14,14,1,1.0,2.0,1.0,0.0
203657,1,[6],6.0,6,6,1,1.0,3.0,1.0,0.0
203771,2,"[10, 18]",14.0,10,18,2,1.0,3.5,1.0,0.0
203821,1,[34],34.0,34,34,1,1.0,1.0,1.0,0.0
203857,1,[16],16.0,16,16,1,1.0,4.0,1.0,0.0
203999,1,[24],24.0,24,24,1,1.0,3.0,1.0,0.0
204007,1,[6],6.0,6,6,1,1.0,1.0,0.0,0.0
204367,1,[30],30.0,30,30,1,1.0,1.0,1.0,0.0
204791,1,[6],6.0,6,6,1,1.0,2.0,0.0,0.0
204947,1,[36],36.0,36,36,1,1.0,4.0,1.0,0.0
205237,1,[30],30.0,30,30,1,1.0,4.0,1.0,0.0
205421,1,[6],6.0,6,6,1,1.0,2.0,1.0,0.0
205529,1,[30],30.0,30,30,1,1.0,4.0,1.0,0.0
205951,1,[6],6.0,6,6,1,1.0,4.0,1.0,0.0
206021,1,[6],6.0,6,6,1,1.0,2.0,1.0,0.0
206027,1,[6],6.0,6,6,1,1.0,2.0,0.0,0.0
206033,1,[18],18.0,18,18,1,1.0,2.0,1.0,0.0
206191,1,[6],6.0,6,6,1,1.0,1.0,1.0,0.0
206197,2,"[6, 12]",9.0,6,12,2,1.0,3.0,1.0,0.0
206209,1,[12],12.0,12,12,1,1.0,8.0,1.0,0.0
206407,1,[6],6.0,6,6,1,1.0,4.0,1.0,0.0
206477,2,"[6, 12]",9.0,6,12,2,1.0,3.0,0.5,0.0
206483,1,[18],18.0,18,18,1,1.0,2.0,1.0,0.0
206603,1,[48],48.0,48,48,1,1.0,2.0,1.0,0.0
206807,1,[6],6.0,6,6,1,1.0,5.0,1.0,0.0
206911,1,[6],6.0,6,6,1,1.0,1.0,0.0,0.0
207457,1,[6],6.0,6,6,1,1.0,4.0,1.0,0.0
207941,1,[6],6.0,6,6,1,1.0,4.0,1.0,0.0
207997,1,[6],6.0,6,6,1,1.0,3.0,1.0,0.0
208457,1,[6],6.0,6,6,1,1.0,3.0,1.0,0.0
208529,1,[24],24.0,24,24,1,1.0,8.0,1.0,0.0
208591,1,[18],18.0,18,18,1,1.0,4.0,1.0,0.0
209221,1,[6],6.0,6,6,1,1.0,2.0,0.0,0.0
209347,1,[12],12.0,12,12,1,1.0,3.0,1.0,0.0
209371,1,[30],30.0,30,30,1,1.0,1.0,1.0,0.0
209719,1,[24],24.0,24,24,1,1.0,4.0,1.0,0.0
209857,1,[30],30.0,30,30,1,1.0,4.0,1.0,0.0
209971,1,[6],6.0,6,6,1,1.0,4.0,1.0,0.0
210299,1,[24],24.0,24,24,1,1.0,6.0,1.0,0.0
210619,1,[12],12.0,12,12,1,1.0,6.0,1.0,0.0
211061,1,[6],6.0,6,6,1,1.0,2.0,1.0,0.0
211129,1,[24],24.0,24,24,1,1.0,4.0,1.0,0.0
211187,1,[6],6.0,6,6,1,1.0,2.0,1.0,0.0
211777,1,[12],12.0,12,12,1,1.0,6.0,1.0,0.0
212081,1,[18],18.0,18,18,1,1.0,2.0,1.0,0.0
212633,1,[18],18.0,18,18,1,1.0,6.0,1.0,0.0
212671,1,[6],6.0,6,6,1,1.0,1.0,0.0,0.0
212897,1,[6],6.0,6,6,1,1.0,3.0,1.0,0.0
213019,1,[24],24.0,24,24,1,1.0,4.0,1.0,0.0
213067,1,[12],12.0,12,12,1,1.0,3.0,1.0,0.0
213217,1,[6],6.0,6,6,1,1.0,4.0,0.0,0.0
213821,1,[6],6.0,6,6,1,1.0,2.0,0.0,0.0
214051,1,[18],18.0,18,18,1,1.0,8.0,1.0,0.0
214451,1,[6],6.0,6,6,1,1.0,2.0,1.0,0.0
214457,2,"[6, 12]",9.0,6,12,2,1.0,3.5,0.5,0.0
214507,1,[12],12.0,12,12,1,1.0,4.0,1.0,0.0
214651,1,[6],6.0,6,6,1,1.0,4.0,1.0,0.0
214723,1,[18],18.0,18,18,1,1.0,6.0,1.0,0.0
214759,1,[12],12.0,12,12,1,1.0,6.0,1.0,0.0
214771,1,[18],18.0,18,18,1,1.0,2.0,1.0,0.0
215051,1,[36],36.0,36,36,1,1.0,2.0,1.0,0.0
215143,1,[18],18.0,18,18,1,1.0,1.0,1.0,0.0
215249,1,[12],12.0,12,12,1,1.0,2.0,1.0,0.0
215261,1,[18],18.0,18,18,1,1.0,2.0,1.0,0.0
215381,1,[18],18.0,18,18,1,1.0,2.0,1.0,0.0
215459,1,[12],12.0,12,12,1,1.0,2.0,1.0,0.0
215833,1,[30],30.0,30,30,1,1.0,4.0,1.0,0.0
215851,1,[6],6.0,6,6,1,1.0,4.0,1.0,0.0
216107,1,[6],6.0,6,6,1,1.0,2.0,1.0,0.0
216421,1,[30],30.0,30,30,1,1.0,4.0,1.0,0.0
216719,1,[12],12.0,12,12,1,1.0,6.0,1.0,0.0
216743,1,[18],18.0,18,18,1,1.0,12.0,1.0,0.0
216779,1,[12],12.0,12,12,1,1.0,2.0,1.0,0.0
216841,1,[18],18.0,18,18,1,1.0,2.0,1.0,0.0
217057,1,[12],12.0,12,12,1,1.0,10.0,1.0,0.0
217157,1,[6],6.0,6,6,1,1.0,3.0,0.0,0.0
217229,1,[12],12.0,12,12,1,1.0,6.0,1.0,0.0
217307,1,[6],6.0,6,6,1,1.0,4.0,0.0,0.0
217351,1,[18],18.0,18,18,1,1.0,12.0,1.0,0.0
217421,1,[18],18.0,18,18,1,1.0,2.0,1.0,0.0
217727,1,[6],6.0,6,6,1,1.0,5.0,1.0,0.0
218131,1,[6],6.0,6,6,1,1.0,1.0,0.0,0.0
218137,1,[6],6.0,6,6,1,1.0,3.0,1.0,0.0
218447,1,[6],6.0,6,6,1,1.0,2.0,1.0,0.0
218513,1,[18],18.0,18,18,1,1.0,2.0,1.0,0.0
218599,1,[12],12.0,12,12,1,1.0,2.0,1.0,0.0
218651,1,[30],30.0,30,30,1,1.0,2.0,1.0,0.0
218737,1,[12],12.0,12,12,1,1.0,4.0,1.0,0.0
219059,1,[12],12.0,12,12,1,1.0,2.0,1.0,0.0
219091,1,[6],6.0,6,6,1,1.0,4.0,1.0,0.0
219371,1,[18],18.0,18,18,1,1.0,2.0,1.0,0.0
219517,2,"[6, 30]",18.0,6,30,2,1.0,2.5,0.5,0.0
219607,1,[6],6.0,6,6,1,1.0,1.0,1.0,0.0
219677,1,[6],6.0,6,6,1,1.0,3.0,1.0,0.0
220907,1,[12],12.0,12,12,1,1.0,2.0,1.0,0.0
221071,1,[6],6.0,6,6,1,1.0,2.0,1.0,0.0
221197,1,[6],6.0,6,6,1,1.0,3.0,1.0,0.0
221227,2,"[6, 12]",9.0,6,12,2,1.0,4.0,1.0,0.0
221261,1,[66],66.0,66,66,1,1.0,2.0,1.0,0.0
221717,1,[6],6.0,6,6,1,1.0,3.0,1.0,0.0
221813,1,[18],18.0,18,18,1,1.0,2.0,1.0,0.0
221873,1,[18],18.0,18,18,1,1.0,2.0,1.0,0.0
221999,1,[12],12.0,12,12,1,1.0,2.0,1.0,0.0
222151,1,[48],48.0,48,48,1,1.0,4.0,1.0,0.0
222311,1,[6],6.0,6,6,1,1.0,2.0,1.0,0.0
222317,1,[6],6.0,6,6,1,1.0,2.0,0.0,0.0
222337,1,[12],12.0,12,12,1,1.0,4.0,1.0,0.0
222527,1,[30],30.0,30,30,1,1.0,2.0,1.0,0.0
222787,1,[6],6.0,6,6,1,1.0,4.0,1.0,0.0
222941,1,[6],6.0,6,6,1,1.0,2.0,1.0,0.0
222967,1,[12],12.0,12,12,1,1.0,3.0,1.0,0.0
223217,1,[12],12.0,12,12,1,1.0,4.0,1.0,0.0
223241,1,[6],6.0,6,6,1,1.0,2.0,0.0,0.0
223247,1,[6],6.0,6,6,1,1.0,2.0,1.0,0.0
223469,1,[12],12.0,12,12,1,1.0,2.0,1.0,0.0
223837,1,[6],6.0,6,6,1,1.0,2.0,0.0,0.0
223903,1,[18],18.0,18,18,1,1.0,6.0,1.0,0.0
223939,1,[30],30.0,30,30,1,1.0,4.0,1.0,0.0
224041,1,[30],30.0,30,30,1,1.0,12.0,1.0,0.0
224113,1,[18],18.0,18,18,1,1.0,3.0,1.0,0.0
224197,1,[12],12.0,12,12,1,1.0,6.0,1.0,0.0
224209,1,[12],12.0,12,12,1,1.0,1.0,1.0,0.0
224303,1,[24],24.0,24,24,1,1.0,6.0,1.0,0.0
224461,1,[6],6.0,6,6,1,1.0,3.0,0.0,0.0
224491,1,[36],36.0,36,36,1,1.0,2.0,1.0,0.0
224579,1,[12],12.0,12,12,1,1.0,2.0,1.0,0.0
224911,1,[18],18.0,18,18,1,1.0,4.0,1.0,0.0
225859,1,[30],30.0,30,30,1,1.0,4.0,1.0,0.0
225977,2,"[6, 12]",9.0,6,12,2,1.0,2.0,1.0,0.0
226001,1,[6],6.0,6,6,1,1.0,4.0,1.0,0.0
226463,1,[24],24.0,24,24,1,1.0,2.0,1.0,0.0
226631,1,[6],6.0,6,6,1,1.0,2.0,1.0,0.0
226637,1,[6],6.0,6,6,1,1.0,2.0,1.0,0.0
226657,1,[6],6.0,6,6,1,1.0,4.0,1.0,0.0
226777,1,[6],6.0,6,6,1,1.0,4.0,0.0,0.0
226901,1,[6],6.0,6,6,1,1.0,2.0,1.0,0.0
227147,1,[6],6.0,6,6,1,1.0,2.0,0.0,0.0
227207,1,[12],12.0,12,12,1,1.0,2.0,1.0,0.0
227387,1,[6],6.0,6,6,1,1.0,4.0,0.0,0.0
227407,1,[12],12.0,12,12,1,1.0,10.0,1.0,0.0
227569,1,[12],12.0,12,12,1,1.0,6.0,1.0,0.0
227597,1,[6],6.0,6,6,1,1.0,4.0,1.0,0.0
228097,1,[42],42.0,42,42,1,1.0,4.0,1.0,0.0
228199,1,[12],12.0,12,12,1,1.0,6.0,1.0,0.0
228233,1,[24],24.0,24,24,1,1.0,6.0,1.0,0.0
228581,1,[6],6.0,6,6,1,1.0,2.0,0.0,0.0
228601,1,[18],18.0,18,18,1,1.0,2.0,1.0,0.0
228617,1,[30],30.0,30,30,1,1.0,2.0,1.0,0.0
228647,1,[30],30.0,30,30,1,1.0,2.0,1.0,0.0
228841,1,[6],6.0,6,6,1,1.0,2.0,1.0,0.0
228847,1,[6],6.0,6,6,1,1.0,4.0,1.0,0.0
229127,1,[6],6.0,6,6,1,1.0,2.0,1.0,0.0
229589,1,[12],12.0,12,12,1,1.0,2.0,1.0,0.0
229727,1,[12],12.0,12,12,1,1.0,2.0,1.0,0.0
229763,1,[18],18.0,18,18,1,1.0,2.0,1.0,0.0
229937,1,[12],12.0,12,12,1,1.0,2.0,1.0,0.0
230077,1,[12],12.0,12,12,1,1.0,2.0,1.0,0.0
230137,1,[6],6.0,6,6,1,1.0,4.0,1.0,0.0
230221,2,"[6, 18]",12.0,6,18,2,1.0,3.5,0.5,0.0
230227,1,[6],6.0,6,6,1,1.0,1.0,1.0,0.0
230767,1,[6],6.0,6,6,1,1.0,4.0,1.0,0.0
231349,1,[30],30.0,30,30,1,1.0,4.0,1.0,0.0
231823,1,[18],18.0,18,18,1,1.0,10.0,1.0,0.0
232079,1,[12],12.0,12,12,1,1.0,2.0,1.0,0.0
232171,1,[18],18.0,18,18,1,1.0,6.0,1.0,0.0
232663,1,[18],18.0,18,18,1,1.0,1.0,1.0,0.0
232681,1,[30],30.0,30,30,1,1.0,6.0,1.0,0.0
232753,1,[24],24.0,24,24,1,1.0,4.0,1.0,0.0
232901,1,[18],18.0,18,18,1,1.0,3.0,1.0,0.0
233341,1,[6],6.0,6,6,1,1.0,2.0,1.0,0.0
233683,1,[30],30.0,30,30,1,1.0,4.0,1.0,0.0
233851,1,[30],30.0,30,30,1,1.0,6.0,1.0,0.0
234191,1,[6],6.0,6,6,1,1.0,2.0,1.0,0.0
234281,1,[6],6.0,6,6,1,1.0,5.0,0.0,0.0
234461,1,[6],6.0,6,6,1,1.0,2.0,1.0,0.0
234653,1,[30],30.0,30,30,1,1.0,4.0,1.0,0.0
234721,1,[6],6.0,6,6,1,1.0,4.0,1.0,0.0
235541,1,[18],18.0,18,18,1,1.0,2.0,1.0,0.0
235699,1,[24],24.0,24,24,1,1.0,6.0,1.0,0.0
236207,1,[12],12.0,12,12,1,1.0,2.0,1.0,0.0
236701,1,[6],6.0,6,6,1,1.0,4.0,1.0,0.0
237271,1,[6],6.0,6,6,1,1.0,1.0,0.0,0.0
237319,1,[12],12.0,12,12,1,1.0,2.0,1.0,0.0
237607,1,[12],12.0,12,12,1,1.0,4.0,1.0,0.0
237791,1,[30],30.0,30,30,1,1.0,2.0,1.0,0.0
238201,1,[6],6.0,6,6,1,1.0,4.0,1.0,0.0
238439,1,[12],12.0,12,12,1,1.0,2.0,1.0,0.0
238463,1,[18],18.0,18,18,1,1.0,5.0,1.0,0.0
238829,1,[12],12.0,12,12,1,1.0,2.0,1.0,0.0
238841,1,[18],18.0,18,18,1,1.0,2.0,1.0,0.0
238943,1,[24],24.0,24,24,1,1.0,2.0,1.0,0.0
239171,1,[30],30.0,30,30,1,1.0,2.0,1.0,0.0
239231,1,[6],6.0,6,6,1,1.0,4.0,0.0,0.0
239417,1,[6],6.0,6,6,1,1.0,3.0,0.0,0.0
239611,1,[30],30.0,30,30,1,1.0,6.0,1.0,0.0
239783,1,[24],24.0,24,24,1,1.0,2.0,1.0,0.0
239857,1,[36],36.0,36,36,1,1.0,8.0,1.0,0.0
240197,1,[6],6.0,6,6,1,1.0,3.0,1.0,0.0
240259,1,[12],12.0,12,12,1,1.0,6.0,1.0,0.0
240479,1,[12],12.0,12,12,1,1.0,2.0,1.0,0.0
240623,1,[18],18.0,18,18,1,1.0,8.0,1.0,0.0
240641,1,[18],18.0,18,18,1,1.0,2.0,1.0,0.0
240727,1,[6],6.0,6,6,1,1.0,5.0,0.0,0.0
240829,1,[12],12.0,12,12,1,1.0,6.0,1.0,0.0
240883,1,[30],30.0,30,30,1,1.0,4.0,1.0,0.0
241069,1,[24],24.0,24,24,1,1.0,4.0,1.0,0.0
241321,1,[6],6.0,6,6,1,1.0,4.0,1.0,0.0
241429,1,[12],12.0,12,12,1,1.0,1.0,1.0,0.0
241567,1,[36],36.0,36,36,1,1.0,4.0,1.0,0.0
241639,1,[12],12.0,12,12,1,1.0,7.0,1.0,0.0
241811,1,[6],6.0,6,6,1,1.0,2.0,1.0,0.0
241861,1,[6],6.0,6,6,1,1.0,2.0,0.0,0.0
241939,1,[12],12.0,12,12,1,1.0,2.0,1.0,0.0
242083,1,[18],18.0,18,18,1,1.0,2.0,1.0,0.0
242509,1,[12],12.0,12,12,1,1.0,6.0,1.0,0.0
242807,1,[6],6.0,6,6,1,1.0,2.0,1.0,0.0
242863,1,[24],24.0,24,24,1,1.0,2.0,1.0,0.0
242989,1,[42],42.0,42,42,1,1.0,6.0,1.0,0.0
243137,1,[30],30.0,30,30,1,1.0,2.0,1.0,0.0
243197,1,[6],6.0,6,6,1,1.0,2.0,0.0,0.0
243227,1,[6],6.0,6,6,1,1.0,2.0,1.0,0.0
243343,1,[24],24.0,24,24,1,1.0,4.0,1.0,0.0
243521,1,[6],6.0,6,6,1,1.0,4.0,0.0,0.0
243527,1,[6],6.0,6,6,1,1.0,2.0,0.0,0.0
243623,1,[24],24.0,24,24,1,1.0,2.0,1.0,0.0
243851,1,[6],6.0,6,6,1,1.0,5.0,1.0,0.0
244009,1,[12],12.0,12,12,1,1.0,1.0,1.0,0.0
244141,1,[18],18.0,18,18,1,1.0,3.0,1.0,0.0
244399,1,[12],12.0,12,12,1,1.0,3.0,1.0,0.0
244451,1,[6],6.0,6,6,1,1.0,2.0,1.0,0.0
244747,1,[6],6.0,6,6,1,1.0,4.0,1.0,0.0
245171,1,[6],6.0,6,6,1,1.0,4.0,1.0,0.0
245521,1,[6],6.0,6,6,1,1.0,2.0,0.0,0.0
245741,1,[6],6.0,6,6,1,1.0,2.0,1.0,0.0
245747,2,"[6, 12]",9.0,6,12,2,1.0,3.0,1.0,0.0
245759,1,[12],12.0,12,12,1,1.0,2.0,1.0,0.0
245881,1,[30],30.0,30,30,1,1.0,2.0,1.0,0.0
245977,1,[6],6.0,6,6,1,1.0,4.0,1.0,0.0
246049,1,[24],24.0,24,24,1,1.0,6.0,1.0,0.0
246709,1,[30],30.0,30,30,1,1.0,7.0,1.0,0.0
246781,1,[6],6.0,6,6,1,1.0,4.0,0.0,0.0
246907,1,[6],6.0,6,6,1,1.0,1.0,1.0,0.0
246923,1,[24],24.0,24,24,1,1.0,2.0,1.0,0.0
247099,1,[42],42.0,42,42,1,1.0,4.0,1.0,0.0
247409,1,[12],12.0,12,12,1,1.0,6.0,1.0,0.0
247439,1,[12],12.0,12,12,1,1.0,2.0,1.0,0.0
247811,1,[18],18.0,18,18,1,1.0,2.0,1.0,0.0
247889,1,[12],12.0,12,12,1,1.0,2.0,1.0,0.0
248051,1,[6],6.0,6,6,1,1.0,2.0,1.0,0.0
248177,1,[12],12.0,12,12,1,1.0,2.0,1.0,0.0
248243,1,[24],24.0,24,24,1,1.0,4.0,1.0,0.0
248597,1,[12],12.0,12,12,1,1.0,8.0,1.0,0.0
248827,1,[12],12.0,12,12,1,1.0,10.0,1.0,0.0
249187,1,[12],12.0,12,12,1,1.0,3.0,1.0,0.0
249317,1,[12],12.0,12,12,1,1.0,2.0,1.0,0.0
249421,1,[6],6.0,6,6,1,1.0,3.0,0.0,0.0
249647,1,[12],12.0,12,12,1,1.0,2.0,1.0,0.0
249971,1,[18],18.0,18,18,1,1.0,6.0,1.0,0.0
250031,1,[6],6.0,6,6,1,1.0,2.0,1.0,0.0
250037,1,[6],6.0,6,6,1,1.0,2.0,0.0,0.0
250073,1,[18],18.0,18,18,1,1.0,2.0,1.0,0.0
250681,1,[6],6.0,6,6,1,1.0,2.0,1.0,0.0
250787,1,[6],6.0,6,6,1,1.0,2.0,1.0,0.0
250829,1,[12],12.0,12,12,1,1.0,2.0,1.0,0.0
250853,1,[18],18.0,18,18,1,1.0,2.0,1.0,0.0
250889,1,[30],30.0,30,30,1,1.0,2.0,1.0,0.0
251081,1,[18],18.0,18,18,1,1.0,2.0,1.0,0.0
251347,1,[6],6.0,6,6,1,1.0,4.0,1.0,0.0
251431,1,[6],6.0,6,6,1,1.0,2.0,1.0,0.0
251527,1,[6],6.0,6,6,1,1.0,1.0,0.0,0.0
251653,1,[24],24.0,24,24,1,1.0,4.0,1.0,0.0
251677,1,[30],30.0,30,30,1,1.0,2.0,1.0,0.0
251843,1,[18],18.0,18,18,1,1.0,2.0,1.0,0.0
252151,1,[6],6.0,6,6,1,1.0,1.0,1.0,0.0
252157,1,[6],6.0,6,6,1,1.0,4.0,1.0,0.0
252169,1,[12],12.0,12,12,1,1.0,2.0,1.0,0.0
252277,1,[6],6.0,6,6,1,1.0,3.0,1.0,0.0
252323,1,[18],18.0,18,18,1,1.0,5.0,1.0,0.0
252419,1,[12],12.0,12,12,1,1.0,2.0,0.0,0.0
252713,1,[24],24.0,24,24,1,1.0,2.0,1.0,0.0
252881,1,[6],6.0,6,6,1,1.0,4.0,0.0,0.0
252887,2,"[6, 12]",9.0,6,12,2,1.0,5.0,1.0,0.0
253427,1,[6],6.0,6,6,1,1.0,5.0,1.0,0.0
253469,1,[12],12.0,12,12,1,1.0,5.0,1.0,0.0
253531,1,[6],6.0,6,6,1,1.0,4.0,1.0,0.0
253777,1,[12],12.0,12,12,1,1.0,4.0,1.0,0.0
253901,1,[18],18.0,18,18,1,1.0,2.0,1.0,0.0
253951,1,[18],18.0,18,18,1,1.0,4.0,1.0,0.0
253987,1,[6],6.0,6,6,1,1.0,3.0,0.0,0.0
254041,1,[6],6.0,6,6,1,1.0,4.0,1.0,0.0
254047,1,[36],36.0,36,36,1,1.0,6.0,1.0,0.0
254161,1,[18],18.0,18,18,1,1.0,4.0,1.0,0.0
254377,1,[6],6.0,6,6,1,1.0,4.0,1.0,0.0
254389,1,[24],24.0,24,24,1,1.0,1.0,1.0,0.0
254627,1,[36],36.0,36,36,1,1.0,6.0,1.0,0.0
254741,1,[6],6.0,6,6,1,1.0,2.0,1.0,0.0
254887,1,[12],12.0,12,12,1,1.0,2.0,1.0,0.0
255071,1,[6],6.0,6,6,1,1.0,2.0,1.0,0.0
255121,1,[6],6.0,6,6,1,1.0,4.0,1.0,0.0
255247,1,[6],6.0,6,6,1,1.0,4.0,1.0,0.0
255511,1,[6],6.0,6,6,1,1.0,1.0,0.0,0.0
255649,1,[30],30.0,30,30,1,1.0,4.0,1.0,0.0
255767,1,[36],36.0,36,36,1,1.0,6.0,1.0,0.0
256187,1,[12],12.0,12,12,1,1.0,2.0,1.0,0.0
256301,1,[6],6.0,6,6,1,1.0,2.0,1.0,0.0
256363,1,[30],30.0,30,30,1,1.0,4.0,1.0,0.0
256493,1,[24],24.0,24,24,1,1.0,6.0,1.0,0.0
256579,1,[30],30.0,30,30,1,1.0,12.0,1.0,0.0
256877,1,[12],12.0,12,12,1,1.0,8.0,1.0,0.0
256981,1,[36],36.0,36,36,1,1.0,1.0,1.0,0.0
257281,1,[6],6.0,6,6,1,1.0,4.0,1.0,0.0
257671,1,[18],18.0,18,18,1,1.0,4.0,1.0,0.0
258107,1,[6],6.0,6,6,1,1.0,1.0,0.0,0.0
258119,1,[12],12.0,12,12,1,1.0,2.0,1.0,0.0
258437,1,[6],6.0,6,6,1,1.0,3.0,1.0,0.0
258527,1,[12],12.0,12,12,1,1.0,2.0,1.0,0.0
258539,1,[12],12.0,12,12,1,1.0,3.0,1.0,0.0
258611,1,[6],6.0,6,6,1,1.0,2.0,1.0,0.0
258691,1,[6],6.0,6,6,1,1.0,4.0,1.0,0.0
258967,1,[66],66.0,66,66,1,1.0,48.0,0.0,1.0
258971,1,[6],6.0,6,6,1,1.0,2.0,1.0,0.0
259157,1,[6],6.0,6,6,1,1.0,4.0,1.0,0.0
259517,1,[30],30.0,30,30,1,1.0,2.0,1.0,0.0
259937,1,[6],6.0,6,6,1,1.0,3.0,0.0,0.0
259943,1,[24],24.0,24,24,1,1.0,6.0,1.0,0.0
260011,1,[6],6.0,6,6,1,1.0,4.0,1.0,0.0
260339,1,[24],24.0,24,24,1,1.0,3.0,1.0,0.0
260387,1,[12],12.0,12,12,1,1.0,2.0,1.0,0.0
260987,1,[12],12.0,12,12,1,1.0,6.0,1.0,0.0
261077,1,[12],12.0,12,12,1,1.0,2.0,1.0,0.0
261427,2,"[6, 12]",9.0,6,12,2,1.0,5.0,1.0,0.0
261439,1,[12],12.0,12,12,1,1.0,2.0,1.0,0.0
261581,1,[6],6.0,6,6,1,1.0,2.0,1.0,0.0
261721,1,[18],18.0,18,18,1,1.0,4.0,1.0,0.0
261799,1,[24],24.0,24,24,1,1.0,4.0,1.0,0.0
261959,1,[24],24.0,24,24,1,1.0,8.0,1.0,0.0
261971,1,[6],6.0,6,6,1,1.0,2.0,1.0,0.0
262121,1,[6],6.0,6,6,1,1.0,2.0,1.0,0.0
262127,1,[6],6.0,6,6,1,1.0,2.0,0.0,0.0
262351,1,[18],18.0,18,18,1,1.0,4.0,1.0,0.0
262387,1,[12],12.0,12,12,1,1.0,4.0,1.0,0.0
263071,1,[6],6.0,6,6,1,1.0,2.0,0.0,0.0
263077,2,"[6, 12]",9.0,6,12,2,1.0,2.5,1.0,0.0
263399,1,[12],12.0,12,12,1,1.0,2.0,1.0,0.0
263513,1,[24],24.0,24,24,1,1.0,2.0,1.0,0.0
263561,1,[6],6.0,6,6,1,1.0,2.0,1.0,0.0
263863,1,[18],18.0,18,18,1,1.0,1.0,1.0,0.0
264059,1,[12],12.0,12,12,1,1.0,2.0,1.0,0.0
264179,1,[42],42.0,42,42,1,1.0,2.0,1.0,0.0
264631,1,[6],6.0,6,6,1,1.0,4.0,1.0,0.0
264757,1,[6],6.0,6,6,1,1.0,3.0,1.0,0.0
264991,1,[6],6.0,6,6,1,1.0,1.0,1.0,0.0
265117,2,"[6, 12]",9.0,6,12,2,1.0,4.0,1.0,0.0
265151,1,[6],6.0,6,6,1,1.0,2.0,1.0,0.0
265157,1,[6],6.0,6,6,1,1.0,2.0,0.0,0.0
265241,1,[36],36.0,36,36,1,1.0,2.0,1.0,0.0
265403,1,[24],24.0,24,24,1,1.0,2.0,1.0,0.0
265459,1,[12],12.0,12,12,1,1.0,6.0,1.0,0.0
265607,1,[6],6.0,6,6,1,1.0,1.0,0.0,0.0
265807,2,"[6, 12]",9.0,6,12,2,1.0,3.0,1.0,0.0
265861,1,[30],30.0,30,30,1,1.0,3.0,1.0,0.0
266047,1,[6],6.0,6,6,1,1.0,1.0,0.0,0.0
266261,1,[36],36.0,36,36,1,1.0,6.0,1.0,0.0
266677,1,[12],12.0,12,12,1,1.0,2.0,1.0,0.0
266897,1,[12],12.0,12,12,1,1.0,2.0,1.0,0.0
266921,1,[6],6.0,6,6,1,1.0,2.0,1.0,0.0
266971,1,[6],6.0,6,6,1,1.0,2.0,1.0,0.0
267187,1,[6],6.0,6,6,1,1.0,1.0,1.0,0.0
267433,1,[18],18.0,18,18,1,1.0,6.0,1.0,0.0
267469,1,[12],12.0,12,12,1,1.0,6.0,1.0,0.0
267557,1,[12],12.0,12,12,1,1.0,2.0,1.0,0.0
267581,1,[6],6.0,6,6,1,1.0,3.0,0.0,0.0
267637,1,[12],12.0,12,12,1,1.0,4.0,1.0,0.0
267791,1,[6],6.0,6,6,1,1.0,1.0,0.0,0.0
267887,1,[6],6.0,6,6,1,1.0,5.0,1.0,0.0
267901,1,[6],6.0,6,6,1,1.0,2.0,1.0,0.0
268153,1,[18],18.0,18,18,1,1.0,3.0,1.0,0.0
268283,1,[60],60.0,60,60,1,1.0,4.0,1.0,0.0
268747,1,[12],12.0,12,12,1,1.0,10.0,1.0,0.0
268777,1,[6],6.0,6,6,1,1.0,4.0,0.0,0.0
269057,1,[6],6.0,6,6,1,1.0,2.0,1.0,0.0
269177,2,"[6, 12]",9.0,6,12,2,1.0,2.5,1.0,0.0
269561,1,[18],18.0,18,18,1,1.0,6.0,1.0,0.0
270073,1,[24],24.0,24,24,1,1.0,1.0,1.0,0.0
270143,1,[24],24.0,24,24,1,1.0,6.0,1.0,0.0
270217,1,[6],6.0,6,6,1,1.0,4.0,0.0,0.0
270299,1,[12],12.0,12,12,1,1.0,6.0,1.0,0.0
270583,1,[18],18.0,18,18,1,1.0,1.0,1.0,0.0
270701,1,[18],18.0,18,18,1,1.0,2.0,1.0,0.0
270737,1,[12],12.0,12,12,1,1.0,6.0,1.0,0.0
270961,1,[6],6.0,6,6,1,1.0,4.0,1.0,0.0
271351,1,[6],6.0,6,6,1,1.0,4.0,1.0,0.0
271549,1,[24],24.0,24,24,1,1.0,1.0,1.0,0.0
271861,1,[18],18.0,18,18,1,1.0,4.0,1.0,0.0
272179,1,[24],24.0,24,24,1,1.0,4.0,1.0,0.0
272347,1,[6],6.0,6,6,1,1.0,1.0,1.0,0.0
272411,1,[6],6.0,6,6,1,1.0,2.0,1.0,0.0
273059,1,[24],24.0,24,24,1,1.0,2.0,1.0,0.0
273061,1,[6],6.0,6,6,1,1.0,4.0,1.0,0.0
273113,1,[18],18.0,18,18,1,1.0,2.0,1.0,0.0
273181,1,[6],6.0,6,6,1,1.0,4.0,1.0,0.0
273503,1,[24],24.0,24,24,1,1.0,2.0,0.0,1.0
273617,1,[12],12.0,12,12,1,1.0,2.0,1.0,0.0
273797,1,[30],30.0,30,30,1,1.0,6.0,1.0,0.0
273919,1,[24],24.0,24,24,1,1.0,3.0,1.0,0.0
274069,1,[12],12.0,12,12,1,1.0,6.0,1.0,0.0
274271,1,[6],6.0,6,6,1,1.0,2.0,1.0,0.0
274453,1,[18],18.0,18,18,1,1.0,7.0,1.0,0.0
274591,1,[18],18.0,18,18,1,1.0,4.0,1.0,0.0
274831,1,[6],6.0,6,6,1,1.0,1.0,0.0,0.0
274853,1,[18],18.0,18,18,1,1.0,3.0,1.0,0.0
275047,1,[6],6.0,6,6,1,1.0,4.0,1.0,0.0
275147,1,[6],6.0,6,6,1,1.0,2.0,0.0,0.0
275321,1,[18],18.0,18,18,1,1.0,2.0,1.0,0.0
275399,1,[24],24.0,24,24,1,1.0,3.0,1.0,0.0
275447,1,[6],6.0,6,6,1,1.0,2.0,0.0,0.0
275917,1,[6],6.0,6,6,1,1.0,4.0,1.0,0.0
276019,1,[30],30.0,30,30,1,1.0,4.0,1.0,0.0
276173,1,[18],18.0,18,18,1,1.0,2.0,1.0,0.0
276347,1,[12],12.0,12,12,1,1.0,2.0,1.0,0.0
276587,1,[6],6.0,6,6,1,1.0,3.0,0.0,0.0
276821,1,[6],6.0,6,6,1,1.0,2.0,0.0,0.0
276827,1,[6],6.0,6,6,1,1.0,2.0,0.0,0.0
277157,1,[6],6.0,6,6,1,1.0,2.0,0.0,0.0
277261,1,[18],18.0,18,18,1,1.0,3.0,1.0,0.0
277531,1,[18],18.0,18,18,1,1.0,4.0,1.0,0.0
277639,1,[24],24.0,24,24,1,1.0,6.0,1.0,0.0
277891,1,[6],6.0,6,6,1,1.0,4.0,1.0,0.0
278017,1,[12],12.0,12,12,1,1.0,4.0,1.0,0.0
278063,1,[24],24.0,24,24,1,1.0,2.0,1.0,0.0
278237,1,[42],42.0,42,42,1,1.0,2.0,1.0,0.0
278611,1,[6],6.0,6,6,1,1.0,1.0,1.0,0.0
278627,1,[12],12.0,12,12,1,1.0,5.0,0.0,0.0
278807,1,[6],6.0,6,6,1,1.0,2.0,1.0,0.0
278879,1,[12],12.0,12,12,1,1.0,6.0,1.0,0.0
279131,1,[6],6.0,6,6,1,1.0,2.0,1.0,0.0
279173,1,[48],48.0,48,48,1,1.0,8.0,1.0,0.0
279451,1,[30],30.0,30,30,1,1.0,4.0,1.0,0.0
279571,1,[6],6.0,6,6,1,1.0,4.0,1.0,0.0
279607,1,[6],6.0,6,6,1,1.0,1.0,0.0,0.0
280013,1,[24],24.0,24,24,1,1.0,2.0,1.0,0.0
280229,1,[24],24.0,24,24,1,1.0,4.0,1.0,0.0
280327,1,[12],12.0,12,12,1,1.0,3.0,1.0,0.0
280337,1,[36],36.0,36,36,1,1.0,8.0,1.0,0.0
280537,1,[12],12.0,12,12,1,1.0,10.0,1.0,0.0
280591,1,[6],6.0,6,6,1,1.0,4.0,1.0,0.0
280921,1,[6],6.0,6,6,1,1.0,2.0,0.0,0.0
280927,1,[6],6.0,6,6,1,1.0,4.0,1.0,0.0
281353,1,[78],78.0,78,78,1,1.0,2.0,1.0,0.0
281551,1,[6],6.0,6,6,1,1.0,1.0,1.0,0.0
281791,1,[6],6.0,6,6,1,1.0,1.0,0.0,0.0
281921,1,[6],6.0,6,6,1,1.0,2.0,1.0,0.0
281947,1,[12],12.0,12,12,1,1.0,4.0,1.0,0.0
282053,1,[18],18.0,18,18,1,1.0,2.0,1.0,0.0
282229,1,[12],12.0,12,12,1,1.0,1.0,1.0,0.0
282377,1,[6],6.0,6,6,1,1.0,2.0,1.0,0.0
282427,1,[66],66.0,66,66,1,1.0,4.0,1.0,0.0
282481,1,[6],6.0,6,6,1,1.0,1.0,0.0,0.0
282691,1,[6],6.0,6,6,1,1.0,4.0,1.0,0.0
282833,1,[18],18.0,18,18,1,1.0,2.0,1.0,0.0
282991,1,[18],18.0,18,18,1,1.0,4.0,1.0,0.0
283609,1,[30],30.0,30,30,1,1.0,2.0,1.0,0.0
283837,1,[36],36.0,36,36,1,1.0,1.0,1.0,0.0
284149,1,[12],12.0,12,12,1,1.0,6.0,1.0,0.0
284231,1,[6],6.0,6,6,1,1.0,4.0,1.0,0.0
284477,1,[6],6.0,6,6,1,1.0,2.0,1.0,0.0
284527,1,[12],12.0,12,12,1,1.0,2.0,1.0,0.0
284741,1,[18],18.0,18,18,1,1.0,2.0,1.0,0.0
284807,2,"[6, 12]",9.0,6,12,2,1.0,2.0,1.0,0.0
284833,1,[24],24.0,24,24,1,1.0,4.0,1.0,0.0
284881,1,[18],18.0,18,18,1,1.0,4.0,1.0,0.0
284897,1,[30],30.0,30,30,1,1.0,2.0,1.0,0.0
285221,1,[30],30.0,30,30,1,1.0,2.0,1.0,0.0
285451,1,[6],6.0,6,6,1,1.0,2.0,1.0,0.0
285457,1,[6],6.0,6,6,1,1.0,3.0,1.0,0.0
285539,1,[30],30.0,30,30,1,1.0,4.0,1.0,0.0
285661,1,[6],6.0,6,6,1,1.0,4.0,1.0,0.0
285697,1,[12],12.0,12,12,1,1.0,4.0,1.0,0.0
286043,1,[30],30.0,30,30,1,1.0,6.0,1.0,0.0
286369,1,[12],12.0,12,12,1,1.0,2.0,1.0,0.0
286487,1,[6],6.0,6,6,1,1.0,5.0,1.0,0.0
286541,1,[6],6.0,6,6,1,1.0,2.0,0.0,0.0
286777,1,[12],12.0,12,12,1,1.0,2.0,1.0,0.0
286789,1,[12],12.0,12,12,1,1.0,1.0,1.0,0.0
287087,1,[6],6.0,6,6,1,1.0,2.0,0.0,0.0
287167,2,"[6, 12]",9.0,6,12,2,1.0,4.0,1.0,0.0
287321,1,[6],6.0,6,6,1,1.0,2.0,1.0,0.0
287671,1,[30],30.0,30,30,1,1.0,10.0,1.0,0.0
287789,1,[12],12.0,12,12,1,1.0,2.0,1.0,0.0
287851,1,[6],6.0,6,6,1,1.0,1.0,0.0,0.0
288191,1,[18],18.0,18,18,1,1.0,8.0,1.0,0.0
288527,1,[12],12.0,12,12,1,1.0,3.0,1.0,0.0
288571,1,[6],6.0,6,6,1,1.0,1.0,1.0,0.0
289577,1,[30],30.0,30,30,1,1.0,2.0,1.0,0.0
289721,1,[6],6.0,6,6,1,1.0,2.0,1.0,0.0
289741,1,[48],48.0,48,48,1,1.0,4.0,1.0,0.0
289841,1,[6],6.0,6,6,1,1.0,2.0,0.0,0.0
289847,2,"[6, 12]",9.0,6,12,2,1.0,2.5,0.5,0.0
289853,1,[18],18.0,18,18,1,1.0,2.0,1.0,0.0
289987,1,[12],12.0,12,12,1,1.0,2.0,1.0,0.0
290021,1,[6],6.0,6,6,1,1.0,2.0,0.0,0.0
290027,1,[6],6.0,6,6,1,1.0,5.0,0.0,0.0
290107,1,[6],6.0,6,6,1,1.0,4.0,1.0,0.0
290527,1,[6],6.0,6,6,1,1.0,1.0,1.0,0.0
290597,1,[30],30.0,30,30,1,1.0,2.0,1.0,0.0
290657,1,[6],6.0,6,6,1,1.0,2.0,0.0,0.0
290861,1,[18],18.0,18,18,1,1.0,2.0,1.0,0.0
290987,1,[6],6.0,6,6,1,1.0,2.0,1.0,0.0
291077,1,[12],12.0,12,12,1,1.0,2.0,1.0,0.0
291101,1,[6],6.0,6,6,1,1.0,4.0,0.0,0.0
291287,1,[6],6.0,6,6,1,1.0,4.0,0.0,0.0
291503,1,[18],18.0,18,18,1,1.0,2.0,1.0,0.0
292133,1,[24],24.0,24,24,1,1.0,2.0,1.0,0.0
292231,1,[18],18.0,18,18,1,1.0,4.0,1.0,0.0
292469,1,[24],24.0,24,24,1,1.0,4.0,1.0,0.0
292471,1,[6],6.0,6,6,1,1.0,1.0,1.0,0.0
292477,1,[6],6.0,6,6,1,1.0,1.0,0.0,0.0
292549,1,[12],12.0,12,12,1,1.0,6.0,1.0,0.0
292601,1,[30],30.0,30,30,1,1.0,3.0,1.0,0.0
292661,1,[6],6.0,6,6,1,1.0,2.0,0.0,0.0
292667,1,[6],6.0,6,6,1,1.0,1.0,0.0,0.0
292801,1,[18],18.0,18,18,1,1.0,2.0,1.0,0.0
292849,1,[30],30.0,30,30,1,1.0,4.0,1.0,0.0
292909,1,[12],12.0,12,12,1,1.0,6.0,1.0,0.0
293081,1,[6],6.0,6,6,1,1.0,2.0,1.0,0.0
293087,1,[6],6.0,6,6,1,1.0,3.0,0.0,0.0
293201,1,[6],6.0,6,6,1,1.0,2.0,1.0,0.0
293257,1,[6],6.0,6,6,1,1.0,3.0,0.0,0.0
293459,1,[24],24.0,24,24,1,1.0,3.0,1.0,0.0
293717,1,[6],6.0,6,6,1,1.0,2.0,0.0,0.0
293989,1,[12],12.0,12,12,1,1.0,2.0,0.0,0.0
294199,1,[12],12.0,12,12,1,1.0,3.0,1.0,0.0
294341,1,[6],6.0,6,6,1,1.0,2.0,1.0,0.0
294391,1,[6],6.0,6,6,1,1.0,4.0,1.0,0.0
294781,1,[6],6.0,6,6,1,1.0,2.0,0.0,0.0
294787,1,[6],6.0,6,6,1,1.0,1.0,1.0,0.0
294799,1,[30],30.0,30,30,1,1.0,6.0,1.0,0.0
295201,1,[18],18.0,18,18,1,1.0,2.0,1.0,0.0
295247,1,[12],12.0,12,12,1,1.0,2.0,1.0,0.0
295271,1,[6],6.0,6,6,1,1.0,2.0,1.0,0.0
295363,1,[24],24.0,24,24,1,1.0,4.0,1.0,0.0
295703,1,[24],24.0,24,24,1,1.0,6.0,1.0,0.0
295831,1,[6],6.0,6,6,1,1.0,1.0,1.0,0.0
295937,1,[6],6.0,6,6,1,1.0,3.0,0.0,0.0
295949,1,[12],12.0,12,12,1,1.0,6.0,1.0,0.0
296237,1,[6],6.0,6,6,1,1.0,3.0,1.0,0.0
296251,1,[48],48.0,48,48,1,1.0,3.0,1.0,0.0
296749,1,[24],24.0,24,24,1,1.0,1.0,1.0,0.0
297251,1,[6],6.0,6,6,1,1.0,4.0,0.0,0.0
297391,1,[6],6.0,6,6,1,1.0,2.0,1.0,0.0
297403,1,[18],18.0,18,18,1,1.0,1.0,1.0,0.0
297421,1,[18],18.0,18,18,1,1.0,3.0,1.0,0.0
297457,1,[12],12.0,12,12,1,1.0,4.0,1.0,0.0
297601,1,[6],6.0,6,6,1,1.0,4.0,1.0,0.0
297617,2,"[6, 12]",9.0,6,12,2,1.0,2.0,0.5,0.0
297623,1,[18],18.0,18,18,1,1.0,2.0,1.0,0.0
297953,1,[18],18.0,18,18,1,1.0,2.0,1.0,0.0
298087,1,[6],6.0,6,6,1,1.0,4.0,1.0,0.0
298709,1,[24],24.0,24,24,1,1.0,2.0,1.0,0.0
298841,1,[6],6.0,6,6,1,1.0,5.0,0.0,0.0
299699,1,[12],12.0,12,12,1,1.0,10.0,1.0,0.0
299771,1,[36],36.0,36,36,1,1.0,2.0,1.0,0.0
299933,1,[18],18.0,18,18,1,1.0,2.0,1.0,0.0
300319,1,[12],12.0,12,12,1,1.0,6.0,1.0,0.0
300557,1,[12],12.0,12,12,1,1.0,2.0,1.0,0.0
300661,1,[6],6.0,6,6,1,1.0,4.0,1.0,0.0
300743,1,[18],18.0,18,18,1,1.0,2.0,1.0,0.0
300857,1,[36],36.0,36,36,1,1.0,8.0,1.0,0.0
300961,1,[6],6.0,6,6,1,1.0,4.0,1.0,0.0
301027,1,[12],12.0,12,12,1,1.0,4.0,1.0,0.0
301141,1,[18],18.0,18,18,1,1.0,4.0,1.0,0.0
301471,1,[30],30.0,30,30,1,1.0,2.0,1.0,0.0
301583,1,[18],18.0,18,18,1,1.0,2.0,1.0,0.0
301747,1,[6],6.0,6,6,1,1.0,4.0,1.0,0.0
301901,1,[6],6.0,6,6,1,1.0,2.0,1.0,0.0
302459,1,[24],24.0,24,24,1,1.0,2.0,1.0,0.0
302567,1,[6],6.0,6,6,1,1.0,5.0,1.0,0.0
302581,1,[6],6.0,6,6,1,1.0,3.0,0.0,0.0
302767,1,[12],12.0,12,12,1,1.0,2.0,1.0,0.0
302831,1,[6],6.0,6,6,1,1.0,2.0,1.0,0.0
302971,1,[6],6.0,6,6,1,1.0,4.0,1.0,0.0
302977,1,[6],6.0,6,6,1,1.0,4.0,1.0,0.0
303007,1,[6],6.0,6,6,1,1.0,1.0,1.0,0.0
303157,1,[30],30.0,30,30,1,1.0,2.0,1.0,0.0
303287,1,[6],6.0,6,6,1,1.0,2.0,1.0,0.0
303581,1,[6],6.0,6,6,1,1.0,4.0,1.0,0.0
303619,1,[30],30.0,30,30,1,1.0,12.0,1.0,0.0
303679,1,[12],12.0,12,12,1,1.0,3.0,1.0,0.0
303713,1,[18],18.0,18,18,1,1.0,2.0,1.0,0.0
303731,1,[18],18.0,18,18,1,1.0,8.0,1.0,0.0
303871,1,[18],18.0,18,18,1,1.0,4.0,1.0,0.0
304009,1,[12],12.0,12,12,1,1.0,2.0,1.0,0.0
304193,1,[30],30.0,30,30,1,1.0,6.0,1.0,0.0
304211,1,[6],6.0,6,6,1,1.0,2.0,1.0,0.0
304477,1,[12],12.0,12,12,1,1.0,4.0,1.0,0.0
304511,1,[6],6.0,6,6,1,1.0,2.0,1.0,0.0
304751,1,[6],6.0,6,6,1,1.0,5.0,1.0,0.0
304771,1,[18],18.0,18,18,1,1.0,4.0,1.0,0.0
304831,1,[18],18.0,18,18,1,1.0,4.0,1.0,0.0
304937,2,"[6, 12]",9.0,6,12,2,1.0,2.0,0.5,0.0
304943,1,[18],18.0,18,18,1,1.0,2.0,1.0,0.0
305017,1,[6],6.0,6,6,1,1.0,4.0,1.0,0.0
305119,1,[12],12.0,12,12,1,1.0,3.0,1.0,0.0
305219,1,[24],24.0,24,24,1,1.0,3.0,1.0,0.0
305231,1,[6],6.0,6,6,1,1.0,2.0,1.0,0.0
305353,1,[24],24.0,24,24,1,1.0,4.0,1.0,0.0
305407,1,[6],6.0,6,6,1,1.0,1.0,0.0,0.0
305477,1,[6],6.0,6,6,1,1.0,2.0,0.0,0.0
305759,1,[12],12.0,12,12,1,1.0,6.0,1.0,0.0
305803,1,[18],18.0,18,18,1,1.0,6.0,1.0,0.0
305861,1,[6],6.0,6,6,1,1.0,2.0,1.0,0.0
305999,1,[12],12.0,12,12,1,1.0,2.0,1.0,0.0
306247,1,[6],6.0,6,6,1,1.0,1.0,0.0,0.0
306479,1,[12],12.0,12,12,1,1.0,3.0,1.0,0.0
306871,1,[6],6.0,6,6,1,1.0,2.0,1.0,0.0
307067,1,[12],12.0,12,12,1,1.0,2.0,1.0,0.0
307261,1,[6],6.0,6,6,1,1.0,4.0,1.0,0.0
307277,2,"[6, 12]",9.0,6,12,2,1.0,2.0,0.5,0.0
307451,1,[30],30.0,30,30,1,1.0,2.0,1.0,0.0
307577,1,[6],6.0,6,6,1,1.0,2.0,0.0,0.0
307627,2,"[6, 12]",9.0,6,12,2,1.0,1.5,1.0,0.0
307633,1,[18],18.0,18,18,1,1.0,2.0,1.0,0.0
307651,1,[18],18.0,18,18,1,1.0,4.0,1.0,0.0
308093,1,[60],60.0,60,60,1,1.0,2.0,1.0,0.0
308311,1,[6],6.0,6,6,1,1.0,1.0,1.0,0.0
308573,1,[24],24.0,24,24,1,1.0,2.0,1.0,0.0
308827,1,[30],30.0,30,30,1,1.0,2.0,1.0,0.0
308927,2,"[6, 12]",9.0,6,12,2,1.0,6.5,0.5,0.0
309007,2,"[6, 12]",9.0,6,12,2,1.0,3.0,1.0,0.0
309469,1,[12],12.0,12,12,1,1.0,6.0,1.0,0.0
309523,1,[18],18.0,18,18,1,1.0,4.0,1.0,0.0
309571,1,[6],6.0,6,6,1,1.0,1.0,1.0,0.0
310231,1,[6],6.0,6,6,1,1.0,1.0,1.0,0.0
310361,1,[18],18.0,18,18,1,1.0,2.0,1.0,0.0
310547,1,[6],6.0,6,6,1,1.0,4.0,0.0,0.0
310801,1,[30],30.0,30,30,1,1.0,8.0,1.0,0.0
310997,1,[12],12.0,12,12,1,1.0,2.0,1.0,0.0
311021,1,[6],6.0,6,6,1,1.0,2.0,1.0,0.0
311099,1,[12],12.0,12,12,1,1.0,2.0,1.0,0.0
311177,1,[6],6.0,6,6,1,1.0,3.0,1.0,0.0
311347,1,[12],12.0,12,12,1,1.0,2.0,1.0,0.0
311951,1,[6],6.0,6,6,1,1.0,2.0,1.0,0.0
312023,1,[24],24.0,24,24,1,1.0,2.0,1.0,0.0
312197,1,[6],6.0,6,6,1,1.0,2.0,0.0,0.0
312401,1,[6],6.0,6,6,1,1.0,4.0,0.0,0.0
312839,1,[24],24.0,24,24,1,1.0,11.0,1.0,0.0
313897,1,[12],12.0,12,12,1,1.0,4.0,1.0,0.0
313991,1,[6],6.0,6,6,1,1.0,2.0,0.0,0.0
314227,1,[6],6.0,6,6,1,1.0,1.0,0.0,0.0
314989,1,[24],24.0,24,24,1,1.0,4.0,1.0,0.0
315097,1,[6],6.0,6,6,1,1.0,4.0,1.0,0.0
315199,1,[24],24.0,24,24,1,1.0,4.0,1.0,0.0
315257,1,[12],12.0,12,12,1,1.0,2.0,1.0,0.0
315349,1,[12],12.0,12,12,1,1.0,4.0,1.0,0.0
315937,1,[12],12.0,12,12,1,1.0,4.0,1.0,0.0
316189,1,[12],12.0,12,12,1,1.0,2.0,1.0,0.0
316571,1,[6],6.0,6,6,1,1.0,2.0,1.0,0.0
316637,1,[12],12.0,12,12,1,1.0,6.0,1.0,0.0
316681,1,[36],36.0,36,36,1,1.0,1.0,1.0,0.0
316847,1,[6],6.0,6,6,1,1.0,4.0,1.0,0.0
316879,1,[12],12.0,12,12,1,1.0,7.0,1.0,0.0
317011,1,[18],18.0,18,18,1,1.0,9.0,1.0,0.0
317087,1,[36],36.0,36,36,1,1.0,3.0,1.0,0.0
317197,1,[30],30.0,30,30,1,1.0,4.0,1.0,0.0
317321,1,[6],6.0,6,6,1,1.0,2.0,1.0,0.0
317539,1,[24],24.0,24,24,1,1.0,4.0,1.0,0.0
317587,1,[6],6.0,6,6,1,1.0,3.0,0.0,0.0
317591,1,[30],30.0,30,30,1,1.0,12.0,1.0,0.0
317771,1,[6],6.0,6,6,1,1.0,1.0,0.0,0.0
317777,1,[6],6.0,6,6,1,1.0,4.0,1.0,0.0
317827,1,[30],30.0,30,30,1,1.0,2.0,1.0,0.0
317957,1,[6],6.0,6,6,1,1.0,2.0,0.0,0.0
317959,1,[12],12.0,12,12,1,1.0,10.0,1.0,0.0
317969,1,[54],54.0,54,54,1,1.0,3.0,1.0,0.0
318179,1,[12],12.0,12,12,1,1.0,2.0,1.0,0.0
318247,1,[12],12.0,12,12,1,1.0,2.0,1.0,0.0
318289,1,[12],12.0,12,12,1,1.0,8.0,1.0,0.0
318407,1,[12],12.0,12,12,1,1.0,2.0,1.0,0.0
318419,1,[12],12.0,12,12,1,1.0,2.0,1.0,0.0
318443,1,[30],30.0,30,30,1,1.0,6.0,1.0,0.0
318557,1,[12],12.0,12,12,1,1.0,2.0,1.0,0.0
318629,1,[12],12.0,12,12,1,1.0,10.0,1.0,0.0
318737,1,[6],6.0,6,6,1,1.0,5.0,0.0,0.0
318811,1,[6],6.0,6,6,1,1.0,2.0,1.0,0.0
318889,1,[30],30.0,30,30,1,1.0,2.0,1.0,0.0
318919,1,[30],30.0,30,30,1,1.0,4.0,1.0,0.0
319327,1,[30],30.0,30,30,1,1.0,2.0,1.0,0.0
319387,1,[12],12.0,12,12,1,1.0,3.0,1.0,0.0
319427,1,[6],6.0,6,6,1,1.0,1.0,0.0,0.0
319477,1,[6],6.0,6,6,1,1.0,4.0,1.0,0.0
319883,1,[18],18.0,18,18,1,1.0,8.0,1.0,0.0
320101,1,[6],6.0,6,6,1,1.0,2.0,1.0,0.0
320107,1,[6],6.0,6,6,1,1.0,1.0,0.0,0.0
320149,1,[30],30.0,30,30,1,1.0,2.0,1.0,0.0
320377,1,[12],12.0,12,12,1,1.0,4.0,1.0,0.0
320471,1,[6],6.0,6,6,1,1.0,2.0,0.0,0.0
320687,1,[6],6.0,6,6,1,1.0,2.0,0.0,0.0
320899,2,"[12, 54]",33.0,12,54,2,1.0,6.0,1.0,0.0
321073,1,[18],18.0,18,18,1,1.0,8.0,1.0,0.0
321187,1,[6],6.0,6,6,1,1.0,4.0,1.0,0.0
321323,1,[18],18.0,18,18,1,1.0,12.0,1.0,0.0
321359,1,[12],12.0,12,12,1,1.0,3.0,1.0,0.0
321709,1,[12],12.0,12,12,1,1.0,1.0,1.0,0.0
321817,1,[6],6.0,6,6,1,1.0,3.0,0.0,0.0
322067,1,[6],6.0,6,6,1,1.0,5.0,1.0,0.0
322109,1,[30],30.0,30,30,1,1.0,2.0,1.0,0.0
322237,1,[12],12.0,12,12,1,1.0,4.0,1.0,0.0
322397,1,[6],6.0,6,6,1,1.0,2.0,0.0,0.0
322939,1,[12],12.0,12,12,1,1.0,4.0,1.0,0.0
322997,1,[6],6.0,6,6,1,1.0,2.0,1.0,0.0
323419,1,[24],24.0,24,24,1,1.0,4.0,1.0,0.0
323801,1,[18],18.0,18,18,1,1.0,2.0,1.0,0.0
323927,1,[30],30.0,30,30,1,1.0,2.0,1.0,0.0
324089,1,[12],12.0,12,12,1,1.0,5.0,1.0,0.0
324119,1,[12],12.0,12,12,1,1.0,2.0,1.0,0.0
324143,1,[18],18.0,18,18,1,1.0,2.0,1.0,0.0
324209,1,[42],42.0,42,42,1,1.0,2.0,1.0,0.0
324211,1,[6],6.0,6,6,1,1.0,1.0,1.0,0.0
324391,1,[6],6.0,6,6,1,1.0,1.0,0.0,0.0
324491,1,[6],6.0,6,6,1,1.0,5.0,1.0,0.0
324517,1,[6],6.0,6,6,1,1.0,3.0,1.0,0.0
324871,1,[30],30.0,30,30,1,1.0,1.0,1.0,0.0
325319,1,[30],30.0,30,30,1,1.0,5.0,1.0,0.0
325447,1,[6],6.0,6,6,1,1.0,1.0,1.0,0.0
325777,1,[36],36.0,36,36,1,1.0,1.0,1.0,0.0
325877,1,[6],6.0,6,6,1,1.0,2.0,0.0,0.0
325987,1,[6],6.0,6,6,1,1.0,1.0,1.0,0.0
326147,2,"[6, 12]",9.0,6,12,2,1.0,6.0,0.5,0.0
326153,1,[18],18.0,18,18,1,1.0,2.0,1.0,0.0
326537,1,[12],12.0,12,12,1,1.0,2.0,1.0,0.0
326609,1,[24],24.0,24,24,1,1.0,2.0,1.0,0.0
326681,1,[6],6.0,6,6,1,1.0,4.0,0.0,0.0
327011,1,[6],6.0,6,6,1,1.0,1.0,0.0,0.0
327307,1,[12],12.0,12,12,1,1.0,3.0,1.0,0.0
327331,1,[6],6.0,6,6,1,1.0,1.0,0.0,0.0
327409,1,[12],12.0,12,12,1,1.0,2.0,1.0,0.0
327661,1,[6],6.0,6,6,1,1.0,4.0,1.0,0.0
327721,1,[18],18.0,18,18,1,1.0,3.0,1.0,0.0
327827,1,[12],12.0,12,12,1,1.0,2.0,1.0,0.0
328271,1,[6],6.0,6,6,1,1.0,1.0,0.0,0.0
328397,1,[42],42.0,42,42,1,1.0,2.0,1.0,0.0
328883,1,[18],18.0,18,18,1,1.0,2.0,1.0,0.0
328901,1,[30],30.0,30,30,1,1.0,8.0,1.0,0.0
329257,1,[12],12.0,12,12,1,1.0,10.0,1.0,0.0
329269,1,[12],12.0,12,12,1,1.0,6.0,1.0,0.0
329309,1,[12],12.0,12,12,1,1.0,2.0,1.0,0.0
329591,1,[6],6.0,6,6,1,1.0,2.0,1.0,0.0
329663,1,[24],24.0,24,24,1,1.0,2.0,1.0,0.0
329671,1,[6],6.0,6,6,1,1.0,1.0,1.0,0.0
329711,1,[6],6.0,6,6,1,1.0,2.0,0.0,0.0
329717,1,[6],6.0,6,6,1,1.0,3.0,0.0,0.0
330037,1,[30],30.0,30,30,1,1.0,2.0,1.0,0.0
330041,1,[6],6.0,6,6,1,1.0,4.0,1.0,0.0
330131,1,[18],18.0,18,18,1,1.0,2.0,1.0,0.0
330409,1,[30],30.0,30,30,1,1.0,4.0,1.0,0.0
330427,1,[6],6.0,6,6,1,1.0,4.0,1.0,0.0
330557,1,[6],6.0,6,6,1,1.0,2.0,0.0,0.0
330643,1,[18],18.0,18,18,1,1.0,1.0,1.0,0.0
330731,1,[18],18.0,18,18,1,1.0,2.0,1.0,0.0
331063,1,[18],18.0,18,18,1,1.0,1.0,1.0,0.0
331141,1,[6],6.0,6,6,1,1.0,1.0,0.0,0.0
331147,2,"[6, 12]",9.0,6,12,2,1.0,4.0,0.5,0.0
331159,2,"[12, 24]",18.0,12,24,2,1.0,3.5,1.0,0.0
331241,1,[18],18.0,18,18,1,1.0,8.0,1.0,0.0
331399,1,[24],24.0,24,24,1,1.0,3.0,1.0,0.0
331897,1,[12],12.0,12,12,1,1.0,4.0,1.0,0.0
332191,1,[30],30.0,30,30,1,1.0,10.0,1.0,0.0
332393,1,[24],24.0,24,24,1,1.0,4.0,1.0,0.0
332611,1,[6],6.0,6,6,1,1.0,4.0,1.0,0.0
332687,1,[12],12.0,12,12,1,1.0,2.0,1.0,0.0
332767,1,[12],12.0,12,12,1,1.0,2.0,1.0,0.0
332779,1,[12],12.0,12,12,1,1.0,6.0,1.0,0.0
333331,1,[18],18.0,18,18,1,1.0,4.0,1.0,0.0
333427,1,[6],6.0,6,6,1,1.0,4.0,0.0,0.0
333491,1,[6],6.0,6,6,1,1.0,2.0,1.0,0.0
333667,2,"[6, 12]",9.0,6,12,2,1.0,3.0,1.0,0.0
333923,1,[18],18.0,18,18,1,1.0,2.0,1.0,0.0
333973,1,[24],24.0,24,24,1,1.0,4.0,1.0,0.0
334171,1,[6],6.0,6,6,1,1.0,4.0,1.0,0.0
334177,1,[6],6.0,6,6,1,1.0,4.0,1.0,0.0
334681,1,[18],18.0,18,18,1,1.0,4.0,1.0,0.0
334771,1,[6],6.0,6,6,1,1.0,2.0,1.0,0.0
335113,1,[18],18.0,18,18,1,1.0,6.0,1.0,0.0
335249,1,[12],12.0,12,12,1,1.0,2.0,1.0,0.0
335567,1,[12],12.0,12,12,1,1.0,2.0,1.0,0.0
335809,1,[12],12.0,12,12,1,1.0,1.0,1.0,0.0
335893,1,[24],24.0,24,24,1,1.0,2.0,1.0,0.0
336151,1,[6],6.0,6,6,1,1.0,4.0,1.0,0.0
336163,1,[18],18.0,18,18,1,1.0,2.0,1.0,0.0
336587,1,[6],6.0,6,6,1,1.0,4.0,1.0,0.0
336977,1,[6],6.0,6,6,1,1.0,5.0,0.0,0.0
337189,1,[12],12.0,12,12,1,1.0,1.0,1.0,0.0
337427,1,[30],30.0,30,30,1,1.0,2.0,1.0,0.0
337627,2,"[6, 12]",9.0,6,12,2,1.0,4.0,1.0,0.0
338159,1,[12],12.0,12,12,1,1.0,6.0,1.0,0.0
338297,1,[12],12.0,12,12,1,1.0,2.0,1.0,0.0
338413,1,[18],18.0,18,18,1,1.0,3.0,1.0,0.0
338449,1,[12],12.0,12,12,1,1.0,6.0,1.0,0.0
338567,1,[6],6.0,6,6,1,1.0,4.0,1.0,0.0
339127,1,[12],12.0,12,12,1,1.0,4.0,1.0,0.0
339589,1,[12],12.0,12,12,1,1.0,6.0,1.0,0.0
339839,1,[24],24.0,24,24,1,1.0,3.0,1.0,0.0
340381,1,[6],6.0,6,6,1,1.0,4.0,1.0,0.0
340429,1,[24],24.0,24,24,1,1.0,1.0,1.0,0.0
340583,1,[18],18.0,18,18,1,1.0,8.0,1.0,0.0
340789,1,[30],30.0,30,30,1,1.0,7.0,1.0,0.0
340897,1,[6],6.0,6,6,1,1.0,2.0,0.0,0.0
341179,1,[12],12.0,12,12,1,1.0,2.0,1.0,0.0
341281,1,[6],6.0,6,6,1,1.0,4.0,1.0,0.0
341617,2,"[6, 12]",9.0,6,12,2,1.0,3.5,1.0,0.0
341827,1,[12],12.0,12,12,1,1.0,2.0,1.0,0.0
341839,1,[12],12.0,12,12,1,1.0,3.0,1.0,0.0
341947,1,[6],6.0,6,6,1,1.0,1.0,0.0,0.0
342107,1,[36],36.0,36,36,1,1.0,11.0,1.0,0.0
342191,1,[6],6.0,6,6,1,1.0,4.0,1.0,0.0
342233,1,[24],24.0,24,24,1,1.0,2.0,1.0,0.0
342347,1,[12],12.0,12,12,1,1.0,6.0,1.0,0.0
342647,1,[6],6.0,6,6,1,1.0,2.0,1.0,0.0
342869,1,[30],30.0,30,30,1,1.0,6.0,1.0,0.0
343543,1,[18],18.0,18,18,1,1.0,4.0,1.0,0.0
343771,1,[60],60.0,60,60,1,1.0,3.0,1.0,0.0
343817,1,[6],6.0,6,6,1,1.0,2.0,0.0,0.0
343939,1,[12],12.0,12,12,1,1.0,4.0,1.0,0.0
344171,1,[18],18.0,18,18,1,1.0,2.0,1.0,0.0
344231,1,[6],6.0,6,6,1,1.0,2.0,1.0,0.0
344237,1,[6],6.0,6,6,1,1.0,4.0,1.0,0.0
344251,1,[6],6.0,6,6,1,1.0,4.0,1.0,0.0
344257,1,[6],6.0,6,6,1,1.0,3.0,0.0,0.0
344417,1,[6],6.0,6,6,1,1.0,3.0,1.0,0.0
344587,1,[12],12.0,12,12,1,1.0,10.0,1.0,0.0
344957,1,[6],6.0,6,6,1,1.0,2.0,1.0,0.0
345463,1,[24],24.0,24,24,1,1.0,2.0,1.0,0.0
345577,1,[30],30.0,30,30,1,1.0,6.0,1.0,0.0
345727,1,[6],6.0,6,6,1,1.0,1.0,1.0,0.0
345811,1,[6],6.0,6,6,1,1.0,2.0,0.0,0.0
346187,1,[36],36.0,36,36,1,1.0,6.0,1.0,0.0
346337,1,[12],12.0,12,12,1,1.0,2.0,1.0,0.0
346441,1,[6],6.0,6,6,1,1.0,2.0,0.0,0.0
346547,1,[6],6.0,6,6,1,1.0,2.0,0.0,0.0
346639,1,[30],30.0,30,30,1,1.0,10.0,1.0,0.0
346739,1,[12],12.0,12,12,1,1.0,6.0,1.0,0.0
346831,1,[18],18.0,18,18,1,1.0,4.0,1.0,0.0
346873,1,[30],30.0,30,30,1,1.0,6.0,1.0,0.0
347057,1,[6],6.0,6,6,1,1.0,5.0,0.0,0.0
347069,1,[30],30.0,30,30,1,1.0,2.0,1.0,0.0
347161,1,[6],6.0,6,6,1,1.0,2.0,0.0,0.0
347227,3,"[6, 12, 30]",16.0,6,30,3,1.0,2.0,1.0,0.0
347317,2,"[12, 42]",27.0,12,42,2,1.0,3.0,1.0,0.0
347747,1,[12],12.0,12,12,1,1.0,2.0,1.0,0.0
347957,1,[12],12.0,12,12,1,1.0,8.0,1.0,0.0
348241,1,[6],6.0,6,6,1,1.0,4.0,1.0,0.0
348247,1,[6],6.0,6,6,1,1.0,5.0,0.0,0.0
348431,1,[6],6.0,6,6,1,1.0,5.0,1.0,0.0
348547,1,[6],6.0,6,6,1,1.0,4.0,1.0,0.0
348559,1,[12],12.0,12,12,1,1.0,2.0,1.0,0.0
348757,1,[6],6.0,6,6,1,1.0,4.0,1.0,0.0
348827,2,"[6, 12]",9.0,6,12,2,1.0,5.0,1.0,0.0
349109,1,[12],12.0,12,12,1,1.0,2.0,1.0,0.0
349171,1,[6],6.0,6,6,1,1.0,1.0,0.0,0.0
349331,1,[6],6.0,6,6,1,1.0,4.0,1.0,0.0
349397,1,[6],6.0,6,6,1,1.0,3.0,1.0,0.0
349399,1,[12],12.0,12,12,1,1.0,2.0,1.0,0.0
349471,1,[6],6.0,6,6,1,1.0,4.0,1.0,0.0
349637,1,[30],30.0,30,30,1,1.0,14.0,1.0,0.0
349907,1,[6],6.0,6,6,1,1.0,4.0,1.0,0.0
349927,1,[6],6.0,6,6,1,1.0,4.0,1.0,0.0
350351,1,[30],30.0,30,30,1,1.0,6.0,1.0,0.0
350431,1,[6],6.0,6,6,1,1.0,2.0,0.0,0.0
350447,1,[6],6.0,6,6,1,1.0,4.0,1.0,0.0
351041,1,[6],6.0,6,6,1,1.0,2.0,1.0,0.0
351047,1,[6],6.0,6,6,1,1.0,2.0,0.0,0.0
351061,1,[18],18.0,18,18,1,1.0,4.0,1.0,0.0
351217,1,[6],6.0,6,6,1,1.0,4.0,1.0,0.0
351643,1,[24],24.0,24,24,1,1.0,2.0,1.0,0.0
351811,1,[18],18.0,18,18,1,1.0,9.0,1.0,0.0
352357,1,[12],12.0,12,12,1,1.0,3.0,0.0,0.0
352423,1,[18],18.0,18,18,1,1.0,1.0,1.0,0.0
353057,1,[12],12.0,12,12,1,1.0,2.0,1.0,0.0
353081,1,[18],18.0,18,18,1,1.0,3.0,1.0,0.0
353137,1,[12],12.0,12,12,1,1.0,4.0,1.0,0.0
353149,1,[12],12.0,12,12,1,1.0,2.0,1.0,0.0
353329,1,[30],30.0,30,30,1,1.0,2.0,1.0,0.0
353531,1,[36],36.0,36,36,1,1.0,2.0,1.0,0.0
353629,1,[12],12.0,12,12,1,1.0,2.0,1.0,0.0
353687,1,[12],12.0,12,12,1,1.0,2.0,1.0,0.0
353807,1,[6],6.0,6,6,1,1.0,4.0,0.0,0.0
353867,1,[12],12.0,12,12,1,1.0,8.0,1.0,0.0
354073,1,[24],24.0,24,24,1,1.0,2.0,1.0,0.0
354247,1,[12],12.0,12,12,1,1.0,3.0,1.0,0.0
354301,1,[6],6.0,6,6,1,1.0,4.0,1.0,0.0
354317,1,[6],6.0,6,6,1,1.0,2.0,0.0,0.0
354371,1,[6],6.0,6,6,1,1.0,2.0,1.0,0.0
354677,1,[12],12.0,12,12,1,1.0,5.0,1.0,0.0
354869,1,[42],42.0,42,42,1,1.0,6.0,1.0,0.0
355087,1,[6],6.0,6,6,1,1.0,4.0,1.0,0.0
355501,1,[6],6.0,6,6,1,1.0,3.0,0.0,0.0
355517,1,[12],12.0,12,12,1,1.0,2.0,1.0,0.0
355573,1,[18],18.0,18,18,1,1.0,3.0,1.0,0.0
355633,1,[18],18.0,18,18,1,1.0,6.0,1.0,0.0
355841,1,[6],6.0,6,6,1,1.0,2.0,0.0,0.0
356287,1,[12],12.0,12,12,1,1.0,3.0,1.0,0.0
356561,1,[30],30.0,30,30,1,1.0,2.0,1.0,0.0
356567,1,[12],12.0,12,12,1,1.0,2.0,1.0,0.0
356737,1,[12],12.0,12,12,1,1.0,4.0,1.0,0.0
357109,1,[30],30.0,30,30,1,1.0,2.0,1.0,0.0
357347,1,[6],6.0,6,6,1,1.0,2.0,1.0,0.0
357559,1,[12],12.0,12,12,1,1.0,2.0,1.0,0.0
357671,1,[6],6.0,6,6,1,1.0,4.0,1.0,0.0
357677,1,[6],6.0,6,6,1,1.0,2.0,1.0,0.0
357781,1,[6],6.0,6,6,1,1.0,2.0,0.0,0.0
357817,1,[6],6.0,6,6,1,1.0,4.0,0.0,0.0
357859,1,[54],54.0,54,54,1,1.0,4.0,1.0,0.0
357977,1,[6],6.0,6,6,1,1.0,2.0,1.0,0.0
358213,1,[30],30.0,30,30,1,1.0,4.0,1.0,0.0
358289,1,[12],12.0,12,12,1,1.0,2.0,1.0,0.0
358313,1,[18],18.0,18,18,1,1.0,2.0,1.0,0.0
358417,1,[12],12.0,12,12,1,1.0,4.0,1.0,0.0
358447,1,[12],12.0,12,12,1,1.0,6.0,1.0,0.0
358459,1,[12],12.0,12,12,1,1.0,10.0,1.0,0.0
358601,1,[6],6.0,6,6,1,1.0,2.0,1.0,0.0
358607,1,[30],30.0,30,30,1,1.0,5.0,1.0,0.0
358691,1,[6],6.0,6,6,1,1.0,2.0,1.0,0.0
358793,1,[18],18.0,18,18,1,1.0,3.0,1.0,0.0
358811,1,[18],18.0,18,18,1,1.0,2.0,1.0,0.0
358987,1,[6],6.0,6,6,1,1.0,1.0,1.0,0.0
359267,1,[12],12.0,12,12,1,1.0,8.0,1.0,0.0
359299,1,[12],12.0,12,12,1,1.0,2.0,1.0,0.0
359479,1,[30],30.0,30,30,1,1.0,8.0,1.0,0.0
360053,1,[18],18.0,18,18,1,1.0,2.0,1.0,0.0
360181,1,[6],6.0,6,6,1,1.0,4.0,0.0,0.0
360421,1,[18],18.0,18,18,1,1.0,3.0,1.0,0.0
360803,1,[24],24.0,24,24,1,1.0,4.0,1.0,0.0
360947,1,[6],6.0,6,6,1,1.0,4.0,1.0,0.0
360977,1,[12],12.0,12,12,1,1.0,2.0,1.0,0.0
361211,1,[30],30.0,30,30,1,1.0,5.0,1.0,0.0
361337,1,[36],36.0,36,36,1,1.0,6.0,1.0,0.0
361351,1,[6],6.0,6,6,1,1.0,1.0,1.0,0.0
361409,1,[12],12.0,12,12,1,1.0,2.0,1.0,0.0
361463,1,[18],18.0,18,18,1,1.0,2.0,1.0,0.0
361499,1,[12],12.0,12,12,1,1.0,6.0,1.0,0.0
361637,1,[6],6.0,6,6,1,1.0,2.0,0.0,0.0
361651,1,[36],36.0,36,36,1,1.0,2.0,1.0,0.0
361787,1,[6],6.0,6,6,1,1.0,2.0,0.0,0.0
361961,1,[6],6.0,6,6,1,1.0,2.0,1.0,0.0
361967,1,[6],6.0,6,6,1,1.0,2.0,0.0,0.0
361979,1,[24],24.0,24,24,1,1.0,3.0,1.0,0.0
362003,1,[24],24.0,24,24,1,1.0,2.0,1.0,0.0
362069,1,[12],12.0,12,12,1,1.0,6.0,1.0,0.0
362419,1,[12],12.0,12,12,1,1.0,2.0,1.0,0.0
362569,1,[30],30.0,30,30,1,1.0,3.0,1.0,0.0
362717,1,[42],42.0,42,42,1,1.0,12.0,1.0,0.0
363149,1,[12],12.0,12,12,1,1.0,2.0,1.0,0.0
363361,1,[18],18.0,18,18,1,1.0,4.0,1.0,0.0
363367,1,[6],6.0,6,6,1,1.0,1.0,0.0,0.0
363551,1,[6],6.0,6,6,1,1.0,2.0,0.0,0.0
363557,1,[6],6.0,6,6,1,1.0,4.0,1.0,0.0
363761,1,[6],6.0,6,6,1,1.0,2.0,0.0,0.0
364079,1,[24],24.0,24,24,1,1.0,4.0,1.0,0.0
364411,1,[6],6.0,6,6,1,1.0,1.0,1.0,0.0
364447,1,[12],12.0,12,12,1,1.0,2.0,1.0,0.0
364717,1,[42],42.0,42,42,1,1.0,6.0,1.0,0.0
364747,1,[6],6.0,6,6,1,1.0,4.0,1.0,0.0
364873,1,[18],18.0,18,18,1,1.0,2.0,1.0,0.0
364943,1,[18],18.0,18,18,1,1.0,6.0,1.0,0.0
365003,1,[18],18.0,18,18,1,1.0,8.0,1.0,0.0
365213,1,[18],18.0,18,18,1,1.0,2.0,1.0,0.0
365291,1,[6],6.0,6,6,1,1.0,2.0,0.0,0.0
365467,1,[6],6.0,6,6,1,1.0,3.0,0.0,0.0
365471,1,[18],18.0,18,18,1,1.0,5.0,1.0,0.0
366029,1,[24],24.0,24,24,1,1.0,6.0,1.0,0.0
366127,1,[6],6.0,6,6,1,1.0,1.0,1.0,0.0
366169,1,[12],12.0,12,12,1,1.0,1.0,1.0,0.0
366461,1,[18],18.0,18,18,1,1.0,2.0,1.0,0.0
366721,1,[6],6.0,6,6,1,1.0,4.0,1.0,0.0
367021,1,[6],6.0,6,6,1,1.0,4.0,1.0,0.0
367219,1,[12],12.0,12,12,1,1.0,2.0,0.0,0.0
367687,1,[12],12.0,12,12,1,1.0,4.0,1.0,0.0
368077,1,[6],6.0,6,6,1,1.0,3.0,1.0,0.0
368117,1,[12],12.0,12,12,1,1.0,2.0,1.0,0.0
368153,1,[18],18.0,18,18,1,1.0,3.0,1.0,0.0
368773,1,[30],30.0,30,30,1,1.0,4.0,1.0,0.0
369283,1,[18],18.0,18,18,1,1.0,1.0,1.0,0.0
369991,1,[6],6.0,6,6,1,1.0,1.0,1.0,0.0
369997,2,"[6, 12]",9.0,6,12,2,1.0,4.0,1.0,0.0
370009,2,"[12, 24]",18.0,12,24,2,1.0,4.0,1.0,0.0
370193,1,[24],24.0,24,24,1,1.0,2.0,1.0,0.0
370387,1,[12],12.0,12,12,1,1.0,10.0,1.0,0.0
370439,1,[12],12.0,12,12,1,1.0,2.0,1.0,0.0
370471,1,[6],6.0,6,6,1,1.0,2.0,1.0,0.0
370493,1,[18],18.0,18,18,1,1.0,8.0,1.0,0.0
370597,1,[6],6.0,6,6,1,1.0,3.0,1.0,0.0
370663,1,[30],30.0,30,30,1,1.0,6.0,1.0,0.0
370687,1,[36],36.0,36,36,1,1.0,3.0,1.0,0.0
370871,1,[78],78.0,78,78,1,1.0,5.0,1.0,0.0
371233,1,[24],24.0,24,24,1,1.0,4.0,1.0,0.0
371387,1,[30],30.0,30,30,1,1.0,2.0,1.0,0.0
371549,1,[12],12.0,12,12,1,1.0,2.0,1.0,0.0
371627,1,[6],6.0,6,6,1,1.0,5.0,1.0,0.0
371639,1,[30],30.0,30,30,1,1.0,2.0,1.0,0.0
371831,1,[6],6.0,6,6,1,1.0,2.0,1.0,0.0
372131,1,[18],18.0,18,18,1,1.0,2.0,1.0,0.0
372167,1,[6],6.0,6,6,1,1.0,2.0,0.0,0.0
372739,1,[12],12.0,12,12,1,1.0,3.0,1.0,0.0
372797,1,[6],6.0,6,6,1,1.0,2.0,1.0,0.0
372847,1,[12],12.0,12,12,1,1.0,4.0,1.0,0.0
373181,1,[6],6.0,6,6,1,1.0,2.0,1.0,0.0
373187,1,[6],6.0,6,6,1,1.0,2.0,0.0,0.0
373339,1,[54],54.0,54,54,1,1.0,4.0,1.0,0.0
373447,1,[6],6.0,6,6,1,1.0,1.0,1.0,0.0
373613,1,[18],18.0,18,18,1,1.0,6.0,1.0,0.0
373669,1,[24],24.0,24,24,1,1.0,4.0,1.0,0.0
374111,1,[6],6.0,6,6,1,1.0,2.0,0.0,0.0
374287,1,[6],6.0,6,6,1,1.0,1.0,0.0,0.0
374729,1,[12],12.0,12,12,1,1.0,2.0,1.0,0.0
374819,1,[30],30.0,30,30,1,1.0,4.0,1.0,0.0
374929,1,[24],24.0,24,24,1,1.0,1.0,1.0,0.0
375157,1,[6],6.0,6,6,1,1.0,4.0,1.0,0.0
375281,1,[30],30.0,30,30,1,1.0,2.0,1.0,0.0
375643,1,[30],30.0,30,30,1,1.0,4.0,1.0,0.0
375997,2,"[6, 12]",9.0,6,12,2,1.0,4.0,1.0,0.0
376003,1,[18],18.0,18,18,1,1.0,1.0,1.0,0.0
376199,1,[42],42.0,42,42,1,1.0,8.0,1.0,0.0
376471,1,[6],6.0,6,6,1,1.0,4.0,1.0,0.0
376577,1,[6],6.0,6,6,1,1.0,4.0,0.0,0.0
376627,1,[6],6.0,6,6,1,1.0,1.0,1.0,0.0
376841,1,[6],6.0,6,6,1,1.0,2.0,1.0,0.0
376927,1,[42],42.0,42,42,1,1.0,4.0,1.0,0.0
377123,1,[24],24.0,24,24,1,1.0,2.0,1.0,0.0
377327,1,[66],66.0,66,66,1,1.0,2.0,1.0,0.0
377581,1,[18],18.0,18,18,1,1.0,3.0,1.0,0.0
377737,1,[12],12.0,12,12,1,1.0,4.0,1.0,0.0
377963,1,[18],18.0,18,18,1,1.0,6.0,1.0,0.0
378011,1,[30],30.0,30,30,1,1.0,6.0,1.0,0.0
378163,1,[30],30.0,30,30,1,1.0,4.0,1.0,0.0
378229,1,[12],12.0,12,12,1,1.0,6.0,1.0,0.0
378277,1,[6],6.0,6,6,1,1.0,2.0,0.0,0.0
378559,1,[12],12.0,12,12,1,1.0,6.0,1.0,0.0
378583,1,[18],18.0,18,18,1,1.0,4.0,1.0,0.0
378883,1,[18],18.0,18,18,1,1.0,4.0,1.0,0.0
379277,1,[6],6.0,6,6,1,1.0,3.0,1.0,0.0
379703,1,[24],24.0,24,24,1,1.0,6.0,1.0,0.0
380047,1,[12],12.0,12,12,1,1.0,3.0,1.0,0.0
380251,1,[18],18.0,18,18,1,1.0,2.0,1.0,0.0
380441,1,[6],6.0,6,6,1,1.0,2.0,1.0,0.0
380447,1,[6],6.0,6,6,1,1.0,2.0,1.0,0.0
380729,1,[24],24.0,24,24,1,1.0,6.0,1.0,0.0
380819,1,[24],24.0,24,24,1,1.0,4.0,1.0,0.0
380971,1,[6],6.0,6,6,1,1.0,4.0,1.0,0.0
381001,1,[18],18.0,18,18,1,1.0,4.0,1.0,0.0
381323,1,[24],24.0,24,24,1,1.0,2.0,1.0,0.0
381371,1,[6],6.0,6,6,1,1.0,2.0,1.0,0.0
381377,2,"[6, 12]",9.0,6,12,2,1.0,2.0,0.5,0.0
381389,1,[12],12.0,12,12,1,1.0,2.0,1.0,0.0
381523,1,[18],18.0,18,18,1,1.0,10.0,1.0,0.0
381793,1,[24],24.0,24,24,1,1.0,1.0,1.0,0.0
381937,1,[6],6.0,6,6,1,1.0,4.0,1.0,0.0
382229,1,[12],12.0,12,12,1,1.0,2.0,1.0,0.0
382351,1,[6],6.0,6,6,1,1.0,2.0,1.0,0.0
382801,1,[6],6.0,6,6,1,1.0,2.0,0.0,0.0
382847,1,[36],36.0,36,36,1,1.0,6.0,1.0,0.0
382999,1,[12],12.0,12,12,1,1.0,3.0,1.0,0.0
383083,1,[30],30.0,30,30,1,1.0,9.0,1.0,0.0
383101,1,[6],6.0,6,6,1,1.0,2.0,1.0,0.0
383291,1,[6],6.0,6,6,1,1.0,4.0,0.0,0.0
383399,1,[30],30.0,30,30,1,1.0,5.0,1.0,0.0
383459,1,[30],30.0,30,30,1,1.0,2.0,1.0,0.0
383521,1,[6],6.0,6,6,1,1.0,2.0,1.0,0.0
384907,1,[6],6.0,6,6,1,1.0,1.0,0.0,0.0
385129,1,[12],12.0,12,12,1,1.0,1.0,1.0,0.0
385261,1,[30],30.0,30,30,1,1.0,2.0,1.0,0.0
385391,1,[6],6.0,6,6,1,1.0,2.0,1.0,0.0
385621,1,[18],18.0,18,18,1,1.0,4.0,1.0,0.0
385831,1,[6],6.0,6,6,1,1.0,4.0,1.0,0.0
385943,1,[24],24.0,24,24,1,1.0,2.0,1.0,0.0
386119,1,[12],12.0,12,12,1,1.0,6.0,1.0,0.0
386149,1,[12],12.0,12,12,1,1.0,6.0,1.0,0.0
386537,1,[6],6.0,6,6,1,1.0,2.0,0.0,0.0
386891,1,[36],36.0,36,36,1,1.0,2.0,1.0,0.0
387071,1,[6],6.0,6,6,1,1.0,5.0,1.0,0.0
387077,1,[6],6.0,6,6,1,1.0,2.0,1.0,0.0
387433,1,[30],30.0,30,30,1,1.0,4.0,1.0,0.0
387623,1,[18],18.0,18,18,1,1.0,2.0,1.0,0.0
387641,1,[18],18.0,18,18,1,1.0,2.0,1.0,0.0
387659,1,[24],24.0,24,24,1,1.0,4.0,1.0,0.0
387967,1,[42],42.0,42,42,1,1.0,4.0,1.0,0.0
388163,1,[24],24.0,24,24,1,1.0,2.0,1.0,0.0
388253,1,[24],24.0,24,24,1,1.0,2.0,1.0,0.0
388477,1,[6],6.0,6,6,1,1.0,4.0,1.0,0.0
388697,1,[30],30.0,30,30,1,1.0,2.0,1.0,0.0
389357,1,[12],12.0,12,12,1,1.0,2.0,1.0,0.0
389527,1,[6],6.0,6,6,1,1.0,1.0,1.0,0.0
389561,1,[30],30.0,30,30,1,1.0,2.0,1.0,0.0
389567,1,[12],12.0,12,12,1,1.0,2.0,1.0,0.0
389749,1,[12],12.0,12,12,1,1.0,6.0,1.0,0.0
389891,1,[6],6.0,6,6,1,1.0,2.0,1.0,0.0
389941,1,[6],6.0,6,6,1,1.0,4.0,1.0,0.0
390107,1,[6],6.0,6,6,1,1.0,5.0,0.0,0.0
390199,1,[12],12.0,12,12,1,1.0,6.0,1.0,0.0
390347,1,[6],6.0,6,6,1,1.0,5.0,0.0,0.0
390407,1,[6],6.0,6,6,1,1.0,2.0,0.0,0.0
390479,1,[24],24.0,24,24,1,1.0,2.0,1.0,0.0
390487,1,[6],6.0,6,6,1,1.0,4.0,1.0,0.0
390739,1,[12],12.0,12,12,1,1.0,8.0,1.0,0.0
390877,1,[6],6.0,6,6,1,1.0,3.0,1.0,0.0
391367,1,[6],6.0,6,6,1,1.0,4.0,0.0,0.0
391879,1,[12],12.0,12,12,1,1.0,2.0,1.0,0.0
391903,1,[18],18.0,18,18,1,1.0,6.0,1.0,0.0
391987,1,[12],12.0,12,12,1,1.0,4.0,1.0,0.0
392153,1,[24],24.0,24,24,1,1.0,2.0,1.0,0.0
392209,1,[12],12.0,12,12,1,1.0,1.0,1.0,0.0
392339,1,[12],12.0,12,12,1,1.0,2.0,1.0,0.0
392519,1,[12],12.0,12,12,1,1.0,6.0,1.0,0.0
392593,1,[18],18.0,18,18,1,1.0,3.0,1.0,0.0
392611,1,[18],18.0,18,18,1,1.0,10.0,1.0,0.0
392723,1,[18],18.0,18,18,1,1.0,2.0,1.0,0.0
392957,2,"[6, 12]",9.0,6,12,2,1.0,2.0,1.0,0.0
393097,2,"[6, 12]",9.0,6,12,2,1.0,5.0,0.5,0.0
393301,1,[30],30.0,30,30,1,1.0,2.0,1.0,0.0
393581,1,[6],6.0,6,6,1,1.0,2.0,0.0,0.0
393593,1,[18],18.0,18,18,1,1.0,8.0,1.0,0.0
393671,1,[6],6.0,6,6,1,1.0,2.0,0.0,0.0
393761,1,[18],18.0,18,18,1,1.0,2.0,1.0,0.0
394369,1,[42],42.0,42,42,1,1.0,3.0,1.0,0.0
394631,1,[6],6.0,6,6,1,1.0,2.0,1.0,0.0
394727,1,[6],6.0,6,6,1,1.0,5.0,1.0,0.0
394813,1,[24],24.0,24,24,1,1.0,1.0,1.0,0.0
394861,1,[18],18.0,18,18,1,1.0,2.0,1.0,0.0
394963,1,[30],30.0,30,30,1,1.0,4.0,1.0,0.0
394981,1,[6],6.0,6,6,1,1.0,4.0,1.0,0.0
395107,1,[6],6.0,6,6,1,1.0,3.0,0.0,0.0
395597,1,[30],30.0,30,30,1,1.0,6.0,1.0,0.0
395701,1,[18],18.0,18,18,1,1.0,4.0,1.0,0.0
395897,1,[12],12.0,12,12,1,1.0,2.0,1.0,0.0
396043,1,[18],18.0,18,18,1,1.0,1.0,1.0,0.0
396079,1,[12],12.0,12,12,1,1.0,3.0,1.0,0.0
396299,1,[12],12.0,12,12,1,1.0,2.0,1.0,0.0
396437,1,[6],6.0,6,6,1,1.0,3.0,1.0,0.0
396449,1,[30],30.0,30,30,1,1.0,2.0,1.0,0.0
396931,1,[6],6.0,6,6,1,1.0,1.0,1.0,0.0
397051,1,[6],6.0,6,6,1,1.0,1.0,1.0,0.0
397211,1,[6],6.0,6,6,1,1.0,2.0,1.0,0.0
397469,1,[24],24.0,24,24,1,1.0,4.0,1.0,0.0
397673,1,[24],24.0,24,24,1,1.0,2.0,1.0,0.0
397939,1,[12],12.0,12,12,1,1.0,3.0,1.0,0.0
397951,1,[30],30.0,30,30,1,1.0,2.0,1.0,0.0
398207,1,[6],6.0,6,6,1,1.0,4.0,1.0,0.0
398261,1,[6],6.0,6,6,1,1.0,2.0,1.0,0.0
398341,1,[6],6.0,6,6,1,1.0,4.0,1.0,0.0
398423,1,[18],18.0,18,18,1,1.0,2.0,1.0,0.0
398473,1,[18],18.0,18,18,1,1.0,3.0,1.0,0.0
398557,1,[12],12.0,12,12,1,1.0,2.0,1.0,0.0
398693,1,[18],18.0,18,18,1,1.0,3.0,1.0,0.0
398729,1,[42],42.0,42,42,1,1.0,2.0,1.0,0.0
399173,1,[24],24.0,24,24,1,1.0,2.0,1.0,0.0
399571,1,[6],6.0,6,6,1,1.0,1.0,0.0,0.0
399757,1,[12],12.0,12,12,1,1.0,4.0,1.0,0.0
399781,1,[6],6.0,6,6,1,1.0,3.0,0.0,0.0
399887,1,[12],12.0,12,12,1,1.0,2.0,1.0,0.0
400051,1,[18],18.0,18,18,1,1.0,4.0,1.0,0.0
400237,1,[12],12.0,12,12,1,1.0,2.0,1.0,0.0
400297,1,[42],42.0,42,42,1,1.0,2.0,1.0,0.0
400417,1,[12],12.0,12,12,1,1.0,10.0,1.0,0.0
401077,1,[42],42.0,42,42,1,1.0,4.0,1.0,0.0
401231,1,[6],6.0,6,6,1,1.0,2.0,1.0,0.0
401671,1,[18],18.0,18,18,1,1.0,4.0,1.0,0.0
401981,1,[6],6.0,6,6,1,1.0,2.0,1.0,0.0
402037,1,[6],6.0,6,6,1,1.0,4.0,1.0,0.0
402053,1,[18],18.0,18,18,1,1.0,3.0,1.0,0.0
402517,1,[12],12.0,12,12,1,1.0,2.0,1.0,0.0
402581,1,[6],6.0,6,6,1,1.0,2.0,1.0,0.0
403037,1,[6],6.0,6,6,1,1.0,2.0,0.0,0.0
403061,1,[18],18.0,18,18,1,1.0,10.0,1.0,0.0
403757,1,[30],30.0,30,30,1,1.0,2.0,1.0,0.0
403877,1,[12],12.0,12,12,1,1.0,2.0,1.0,0.0
403969,1,[12],12.0,12,12,1,1.0,6.0,1.0,0.0
404021,1,[30],30.0,30,30,1,1.0,2.0,1.0,0.0
404273,1,[18],18.0,18,18,1,1.0,2.0,1.0,0.0
404527,1,[6],6.0,6,6,1,1.0,4.0,1.0,0.0
404837,1,[6],6.0,6,6,1,1.0,4.0,0.0,0.0
405241,1,[6],6.0,6,6,1,1.0,2.0,0.0,0.0
405401,1,[6],6.0,6,6,1,1.0,2.0,1.0,0.0
405529,2,"[12, 24]",18.0,12,24,2,1.0,1.5,1.0,0.0
405677,2,"[6, 12]",9.0,6,12,2,1.0,3.5,0.0,0.0
405763,1,[18],18.0,18,18,1,1.0,4.0,1.0,0.0
405781,1,[18],18.0,18,18,1,1.0,4.0,1.0,0.0
405857,1,[6],6.0,6,6,1,1.0,2.0,1.0,0.0
406171,1,[6],6.0,6,6,1,1.0,4.0,1.0,0.0
406501,1,[6],6.0,6,6,1,1.0,4.0,1.0,0.0
406649,2,"[12, 24]",18.0,12,24,2,1.0,3.0,1.0,0.0
406859,1,[24],24.0,24,24,1,1.0,8.0,1.0,0.0
406969,1,[12],12.0,12,12,1,1.0,2.0,1.0,0.0
407047,1,[36],36.0,36,36,1,1.0,4.0,1.0,0.0
407179,1,[12],12.0,12,12,1,1.0,2.0,1.0,0.0
407287,1,[12],12.0,12,12,1,1.0,7.0,1.0,0.0
407567,1,[6],6.0,6,6,1,1.0,4.0,1.0,0.0
407639,1,[30],30.0,30,30,1,1.0,2.0,1.0,0.0
407843,1,[18],18.0,18,18,1,1.0,2.0,1.0,0.0
407899,1,[24],24.0,24,24,1,1.0,4.0,1.0,0.0
408197,1,[6],6.0,6,6,1,1.0,4.0,1.0,0.0
408211,1,[6],6.0,6,6,1,1.0,1.0,0.0,0.0
408217,2,"[6, 12]",9.0,6,12,2,1.0,5.0,1.0,0.0
408413,1,[24],24.0,24,24,1,1.0,2.0,1.0,0.0
408461,1,[36],36.0,36,36,1,1.0,5.0,1.0,0.0
408631,1,[6],6.0,6,6,1,1.0,1.0,1.0,0.0
409021,1,[6],6.0,6,6,1,1.0,2.0,1.0,0.0
409063,1,[18],18.0,18,18,1,1.0,2.0,1.0,0.0
409333,1,[18],18.0,18,18,1,1.0,6.0,1.0,0.0
409471,1,[6],6.0,6,6,1,1.0,4.0,1.0,0.0
409517,1,[6],6.0,6,6,1,1.0,2.0,0.0,0.0
409579,1,[30],30.0,30,30,1,1.0,2.0,1.0,0.0
409987,1,[6],6.0,6,6,1,1.0,3.0,0.0,0.0
410143,1,[30],30.0,30,30,1,1.0,4.0,1.0,0.0
410281,1,[18],18.0,18,18,1,1.0,3.0,1.0,0.0
410507,1,[6],6.0,6,6,1,1.0,4.0,0.0,0.0
410617,1,[6],6.0,6,6,1,1.0,4.0,1.0,0.0
411031,1,[18],18.0,18,18,1,1.0,4.0,1.0,0.0
411479,2,"[12, 24]",18.0,12,24,2,1.0,2.0,1.0,0.0
411557,1,[6],6.0,6,6,1,1.0,3.0,1.0,0.0
411577,1,[6],6.0,6,6,1,1.0,3.0,0.0,0.0
411799,1,[42],42.0,42,42,1,1.0,6.0,1.0,0.0
412007,1,[12],12.0,12,12,1,1.0,2.0,1.0,0.0
412189,1,[30],30.0,30,30,1,1.0,4.0,1.0,0.0
412273,1,[30],30.0,30,30,1,1.0,3.0,1.0,0.0
412481,1,[6],6.0,6,6,1,1.0,5.0,0.0,0.0
412627,1,[12],12.0,12,12,1,1.0,6.0,1.0,0.0
412639,1,[12],12.0,12,12,1,1.0,4.0,1.0,0.0
413521,1,[6],6.0,6,6,1,1.0,1.0,0.0,0.0
413759,1,[24],24.0,24,24,1,1.0,2.0,1.0,0.0
413863,1,[24],24.0,24,24,1,1.0,4.0,1.0,0.0
414013,1,[18],18.0,18,18,1,1.0,3.0,1.0,0.0
414503,1,[18],18.0,18,18,1,1.0,2.0,1.0,0.0
414629,1,[24],24.0,24,24,1,1.0,5.0,1.0,0.0
414691,1,[6],6.0,6,6,1,1.0,4.0,1.0,0.0
414697,1,[12],12.0,12,12,1,1.0,8.0,1.0,0.0
414767,1,[6],6.0,6,6,1,1.0,4.0,0.0,0.0
414809,1,[24],24.0,24,24,1,1.0,6.0,1.0,0.0
415141,1,[6],6.0,6,6,1,1.0,1.0,0.0,0.0
415147,2,"[6, 12]",9.0,6,12,2,1.0,6.0,1.0,0.0
415189,1,[12],12.0,12,12,1,1.0,2.0,1.0,0.0
415391,1,[18],18.0,18,18,1,1.0,2.0,1.0,0.0
415783,1,[18],18.0,18,18,1,1.0,12.0,1.0,0.0
415951,1,[6],6.0,6,6,1,1.0,1.0,0.0,0.0
415957,1,[6],6.0,6,6,1,1.0,4.0,1.0,0.0
415999,1,[12],12.0,12,12,1,1.0,4.0,1.0,0.0
416071,1,[18],18.0,18,18,1,1.0,6.0,1.0,0.0
416147,1,[6],6.0,6,6,1,1.0,2.0,1.0,0.0
416249,1,[42],42.0,42,42,1,1.0,2.0,1.0,0.0
416387,1,[6],6.0,6,6,1,1.0,4.0,1.0,0.0
416401,1,[6],6.0,6,6,1,1.0,1.0,0.0,0.0
416513,1,[30],30.0,30,30,1,1.0,11.0,1.0,0.0
416677,1,[42],42.0,42,42,1,1.0,4.0,1.0,0.0
417227,1,[12],12.0,12,12,1,1.0,6.0,1.0,0.0
417541,1,[18],18.0,18,18,1,1.0,2.0,1.0,0.0
417941,1,[6],6.0,6,6,1,1.0,2.0,1.0,0.0
417947,1,[6],6.0,6,6,1,1.0,2.0,1.0,0.0
418337,1,[6],6.0,6,6,1,1.0,3.0,1.0,0.0
418447,1,[12],12.0,12,12,1,1.0,2.0,1.0,0.0
418739,1,[12],12.0,12,12,1,1.0,2.0,1.0,0.0
418787,2,"[6, 12]",9.0,6,12,2,1.0,3.0,0.5,0.0
418837,2,"[6, 12]",9.0,6,12,2,1.0,2.5,0.5,0.0
418921,1,[6],6.0,6,6,1,1.0,2.0,0.0,0.0
418927,1,[6],6.0,6,6,1,1.0,4.0,1.0,0.0
418981,1,[6],6.0,6,6,1,1.0,2.0,1.0,0.0
419171,1,[30],30.0,30,30,1,1.0,2.0,1.0,0.0
419291,1,[6],6.0,6,6,1,1.0,2.0,1.0,0.0
419417,1,[6],6.0,6,6,1,1.0,3.0,0.0,0.0
419567,1,[12],12.0,12,12,1,1.0,2.0,1.0,0.0
419597,1,[6],6.0,6,6,1,1.0,2.0,1.0,0.0
419789,1,[42],42.0,42,42,1,1.0,3.0,1.0,0.0
420421,1,[18],18.0,18,18,1,1.0,4.0,1.0,0.0
420671,1,[6],6.0,6,6,1,1.0,4.0,1.0,0.0
420731,1,[6],6.0,6,6,1,1.0,1.0,0.0,0.0
421019,1,[30],30.0,30,30,1,1.0,2.0,1.0,0.0
421459,1,[12],12.0,12,12,1,1.0,7.0,1.0,0.0
421609,1,[12],12.0,12,12,1,1.0,1.0,1.0,0.0
421697,1,[6],6.0,6,6,1,1.0,3.0,1.0,0.0
421699,1,[42],42.0,42,42,1,1.0,4.0,1.0,0.0
421783,1,[24],24.0,24,24,1,1.0,2.0,1.0,0.0
421913,1,[30],30.0,30,30,1,1.0,2.0,1.0,0.0
422057,1,[6],6.0,6,6,1,1.0,4.0,1.0,0.0
422099,1,[42],42.0,42,42,1,1.0,2.0,1.0,0.0
422231,1,[18],18.0,18,18,1,1.0,9.0,1.0,0.0
422551,1,[6],6.0,6,6,1,1.0,1.0,0.0,0.0
422797,1,[30],30.0,30,30,1,1.0,4.0,1.0,0.0
422869,1,[12],12.0,12,12,1,1.0,1.0,1.0,0.0
422899,1,[12],12.0,12,12,1,1.0,3.0,1.0,0.0
423091,1,[6],6.0,6,6,1,1.0,4.0,1.0,0.0
423097,2,"[6, 12]",9.0,6,12,2,1.0,4.0,1.0,0.0
423121,1,[6],6.0,6,6,1,1.0,4.0,1.0,0.0
423173,1,[18],18.0,18,18,1,1.0,2.0,1.0,0.0
423457,2,"[6, 12]",9.0,6,12,2,1.0,2.5,0.5,0.0
423497,1,[6],6.0,6,6,1,1.0,2.0,1.0,0.0
423779,1,[12],12.0,12,12,1,1.0,2.0,0.0,0.0
423847,1,[6],6.0,6,6,1,1.0,1.0,1.0,0.0
424157,1,[6],6.0,6,6,1,1.0,2.0,0.0,0.0
424817,1,[12],12.0,12,12,1,1.0,6.0,1.0,0.0
425059,1,[12],12.0,12,12,1,1.0,6.0,1.0,0.0
425801,1,[18],18.0,18,18,1,1.0,2.0,1.0,0.0
426193,1,[18],18.0,18,18,1,1.0,4.0,1.0,0.0
426631,1,[30],30.0,30,30,1,1.0,4.0,1.0,0.0
426757,1,[42],42.0,42,42,1,1.0,4.0,1.0,0.0
427067,1,[6],6.0,6,6,1,1.0,5.0,1.0,0.0
427333,1,[18],18.0,18,18,1,1.0,6.0,1.0,0.0
427417,1,[6],6.0,6,6,1,1.0,3.0,1.0,0.0
427517,2,"[6, 12]",9.0,6,12,2,1.0,2.5,0.5,0.0
427711,1,[6],6.0,6,6,1,1.0,1.0,1.0,0.0
427991,1,[6],6.0,6,6,1,1.0,1.0,0.0,0.0
428027,1,[6],6.0,6,6,1,1.0,2.0,1.0,0.0
428137,1,[12],12.0,12,12,1,1.0,4.0,1.0,0.0
428161,1,[6],6.0,6,6,1,1.0,4.0,1.0,0.0
428249,1,[24],24.0,24,24,1,1.0,4.0,1.0,0.0
428551,1,[6],6.0,6,6,1,1.0,4.0,1.0,0.0
428671,1,[6],6.0,6,6,1,1.0,4.0,1.0,0.0
428741,1,[18],18.0,18,18,1,1.0,2.0,1.0,0.0
429211,1,[6],6.0,6,6,1,1.0,1.0,0.0,0.0
429223,1,[18],18.0,18,18,1,1.0,10.0,1.0,0.0
429413,1,[18],18.0,18,18,1,1.0,2.0,1.0,0.0
429497,1,[6],6.0,6,6,1,1.0,5.0,0.0,0.0
429511,1,[18],18.0,18,18,1,1.0,2.0,1.0,0.0
429683,1,[18],18.0,18,18,1,1.0,2.0,1.0,0.0
429931,1,[6],6.0,6,6,1,1.0,4.0,1.0,0.0
430007,1,[6],6.0,6,6,1,1.0,2.0,0.0,0.0
430487,1,[12],12.0,12,12,1,1.0,2.0,1.0,0.0
430897,1,[12],12.0,12,12,1,1.0,4.0,1.0,0.0
430981,1,[18],18.0,18,18,1,1.0,4.0,1.0,0.0
431141,1,[6],6.0,6,6,1,1.0,2.0,1.0,0.0
431251,1,[18],18.0,18,18,1,1.0,12.0,1.0,0.0
431363,1,[18],18.0,18,18,1,1.0,5.0,1.0,0.0
431857,1,[12],12.0,12,12,1,1.0,9.0,1.0,0.0
431911,1,[36],36.0,36,36,1,1.0,6.0,1.0,0.0
432031,1,[6],6.0,6,6,1,1.0,2.0,1.0,0.0
432073,1,[24],24.0,24,24,1,1.0,4.0,1.0,0.0
432137,2,"[6, 12]",9.0,6,12,2,1.0,3.5,0.5,0.0
432337,1,[6],6.0,6,6,1,1.0,3.0,1.0,0.0
432389,1,[12],12.0,12,12,1,1.0,2.0,1.0,0.0
432737,1,[6],6.0,6,6,1,1.0,3.0,1.0,0.0
433049,1,[12],12.0,12,12,1,1.0,2.0,1.0,0.0
433087,1,[6],6.0,6,6,1,1.0,4.0,1.0,0.0
433501,1,[6],6.0,6,6,1,1.0,4.0,1.0,0.0
433627,2,"[6, 12]",9.0,6,12,2,1.0,2.5,0.5,0.0
433787,1,[30],30.0,30,30,1,1.0,2.0,1.0,0.0
433847,1,[42],42.0,42,42,1,1.0,2.0,1.0,0.0
433877,1,[6],6.0,6,6,1,1.0,4.0,1.0,0.0
434167,1,[12],12.0,12,12,1,1.0,4.0,1.0,0.0
434237,2,"[6, 12]",9.0,6,12,2,1.0,2.5,0.5,0.0
434921,1,[6],6.0,6,6,1,1.0,2.0,0.0,0.0
434927,1,[6],6.0,6,6,1,1.0,2.0,0.0,0.0
435143,1,[18],18.0,18,18,1,1.0,2.0,1.0,0.0
435161,1,[30],30.0,30,30,1,1.0,2.0,1.0,0.0
435427,1,[12],12.0,12,12,1,1.0,4.0,1.0,0.0
435529,1,[12],12.0,12,12,1,1.0,1.0,1.0,0.0
435571,1,[6],6.0,6,6,1,1.0,2.0,1.0,0.0
435649,1,[30],30.0,30,30,1,1.0,4.0,1.0,0.0
435739,1,[12],12.0,12,12,1,1.0,4.0,1.0,0.0
436283,1,[30],30.0,30,30,1,1.0,6.0,1.0,0.0
436459,1,[24],24.0,24,24,1,1.0,4.0,1.0,0.0
436853,1,[18],18.0,18,18,1,1.0,2.0,1.0,0.0
436967,1,[6],6.0,6,6,1,1.0,4.0,0.0,0.0
437071,1,[6],6.0,6,6,1,1.0,4.0,1.0,0.0
437201,1,[18],18.0,18,18,1,1.0,2.0,1.0,0.0
437351,1,[6],6.0,6,6,1,1.0,5.0,1.0,0.0
437389,1,[12],12.0,12,12,1,1.0,4.0,1.0,0.0
437527,2,"[6, 30]",18.0,6,30,2,1.0,4.0,1.0,0.0
437629,1,[24],24.0,24,24,1,1.0,6.0,1.0,0.0
437681,1,[6],6.0,6,6,1,1.0,4.0,1.0,0.0
437837,1,[12],12.0,12,12,1,1.0,2.0,1.0,0.0
437947,1,[6],6.0,6,6,1,1.0,4.0,0.0,0.0
437953,1,[24],24.0,24,24,1,1.0,1.0,1.0,0.0
438419,1,[24],24.0,24,24,1,1.0,3.0,1.0,0.0
438521,1,[6],6.0,6,6,1,1.0,3.0,0.0,0.0
438533,1,[18],18.0,18,18,1,1.0,2.0,1.0,0.0
439787,1,[12],12.0,12,12,1,1.0,2.0,1.0,0.0
439799,1,[12],12.0,12,12,1,1.0,2.0,1.0,0.0
439973,1,[18],18.0,18,18,1,1.0,2.0,1.0,0.0
440537,1,[6],6.0,6,6,1,1.0,4.0,1.0,0.0
440711,1,[6],6.0,6,6,1,1.0,2.0,1.0,0.0
441157,1,[36],36.0,36,36,1,1.0,4.0,1.0,0.0
441251,1,[6],6.0,6,6,1,1.0,2.0,0.0,0.0
441319,1,[42],42.0,42,42,1,1.0,1.0,1.0,0.0
441443,1,[18],18.0,18,18,1,1.0,8.0,1.0,0.0
441557,1,[6],6.0,6,6,1,1.0,3.0,1.0,0.0
441607,2,"[6, 12]",9.0,6,12,2,1.0,2.0,1.0,0.0
441787,1,[12],12.0,12,12,1,1.0,3.0,1.0,0.0
442097,1,[12],12.0,12,12,1,1.0,2.0,1.0,0.0
442817,1,[6],6.0,6,6,1,1.0,3.0,1.0,0.0
442831,1,[6],6.0,6,6,1,1.0,2.0,1.0,0.0
442843,1,[18],18.0,18,18,1,1.0,12.0,1.0,0.0
443117,1,[6],6.0,6,6,1,1.0,4.0,1.0,0.0
443147,1,[6],6.0,6,6,1,1.0,1.0,0.0,0.0
443153,1,[18],18.0,18,18,1,1.0,3.0,1.0,0.0
443231,1,[6],6.0,6,6,1,1.0,2.0,1.0,0.0
443237,1,[6],6.0,6,6,1,1.0,3.0,1.0,0.0
443341,1,[6],6.0,6,6,1,1.0,4.0,1.0,0.0
443407,1,[6],6.0,6,6,1,1.0,1.0,1.0,0.0
443867,1,[6],6.0,6,6,1,1.0,3.0,0.0,0.0
443869,1,[12],12.0,12,12,1,1.0,1.0,1.0,0.0
444167,1,[6],6.0,6,6,1,1.0,4.0,0.0,0.0
445091,1,[6],6.0,6,6,1,1.0,2.0,1.0,0.0
445169,1,[30],30.0,30,30,1,1.0,2.0,1.0,0.0
445477,1,[30],30.0,30,30,1,1.0,6.0,1.0,0.0
445871,1,[6],6.0,6,6,1,1.0,2.0,1.0,0.0
445931,1,[6],6.0,6,6,1,1.0,2.0,1.0,0.0
446473,1,[30],30.0,30,30,1,1.0,3.0,1.0,0.0
446597,1,[6],6.0,6,6,1,1.0,3.0,1.0,0.0
446909,1,[12],12.0,12,12,1,1.0,5.0,1.0,0.0
446933,1,[18],18.0,18,18,1,1.0,2.0,1.0,0.0
447101,1,[36],36.0,36,36,1,1.0,6.0,1.0,0.0
447439,1,[12],12.0,12,12,1,1.0,4.0,1.0,0.0
447817,1,[12],12.0,12,12,1,1.0,4.0,1.0,0.0
447823,1,[18],18.0,18,18,1,1.0,1.0,1.0,0.0
447841,1,[18],18.0,18,18,1,1.0,2.0,1.0,0.0
448187,1,[6],6.0,6,6,1,1.0,4.0,1.0,0.0
448367,1,[6],6.0,6,6,1,1.0,4.0,1.0,0.0
448373,1,[24],24.0,24,24,1,1.0,5.0,1.0,0.0
448859,1,[24],24.0,24,24,1,1.0,3.0,1.0,0.0
448867,1,[6],6.0,6,6,1,1.0,1.0,0.0,0.0
449363,1,[18],18.0,18,18,1,1.0,2.0,1.0,0.0
450071,1,[6],6.0,6,6,1,1.0,1.0,0.0,0.0
450113,1,[24],24.0,24,24,1,1.0,2.0,1.0,0.0
450287,1,[6],6.0,6,6,1,1.0,2.0,1.0,0.0
450481,1,[6],6.0,6,6,1,1.0,4.0,1.0,0.0
450797,1,[6],6.0,6,6,1,1.0,2.0,0.0,0.0
450881,1,[6],6.0,6,6,1,1.0,2.0,0.0,0.0
450887,1,[6],6.0,6,6,1,1.0,4.0,1.0,0.0
451097,1,[6],6.0,6,6,1,1.0,4.0,0.0,0.0
451331,1,[6],6.0,6,6,1,1.0,5.0,1.0,0.0
451541,1,[6],6.0,6,6,1,1.0,4.0,1.0,0.0
451699,1,[24],24.0,24,24,1,1.0,4.0,1.0,0.0
451897,2,"[6, 12]",9.0,6,12,2,1.0,7.0,1.0,0.0
451909,1,[12],12.0,12,12,1,1.0,1.0,1.0,0.0
452227,1,[6],6.0,6,6,1,1.0,4.0,1.0,0.0
452519,1,[30],30.0,30,30,1,1.0,2.0,1.0,0.0
452671,1,[30],30.0,30,30,1,1.0,2.0,1.0,0.0
453311,1,[18],18.0,18,18,1,1.0,2.0,1.0,0.0
453659,1,[12],12.0,12,12,1,1.0,2.0,1.0,0.0
453913,1,[18],18.0,18,18,1,1.0,4.0,1.0,0.0
454229,1,[24],24.0,24,24,1,1.0,8.0,1.0,0.0
454501,1,[6],6.0,6,6,1,1.0,4.0,1.0,0.0
454919,2,"[12, 24]",18.0,12,24,2,1.0,2.0,1.0,0.0
455309,1,[12],12.0,12,12,1,1.0,5.0,1.0,0.0
455407,1,[12],12.0,12,12,1,1.0,4.0,1.0,0.0
455431,1,[6],6.0,6,6,1,1.0,1.0,1.0,0.0
455579,1,[24],24.0,24,24,1,1.0,2.0,1.0,0.0
455863,1,[18],18.0,18,18,1,1.0,6.0,1.0,0.0
456427,1,[12],12.0,12,12,1,1.0,2.0,1.0,0.0
456517,1,[6],6.0,6,6,1,1.0,4.0,0.0,0.0
457189,1,[12],12.0,12,12,1,1.0,1.0,1.0,0.0
457229,1,[12],12.0,12,12,1,1.0,2.0,1.0,0.0
457547,2,"[6, 12]",9.0,6,12,2,1.0,5.0,1.0,0.0
458057,1,[6],6.0,6,6,1,1.0,3.0,0.0,0.0
458309,1,[24],24.0,24,24,1,1.0,8.0,1.0,0.0
458639,1,[12],12.0,12,12,1,1.0,2.0,1.0,0.0
458683,1,[18],18.0,18,18,1,1.0,1.0,1.0,0.0
458789,1,[30],30.0,30,30,1,1.0,4.0,1.0,0.0
458981,1,[6],6.0,6,6,1,1.0,2.0,1.0,0.0
459209,1,[24],24.0,24,24,1,1.0,14.0,1.0,0.0
459373,1,[24],24.0,24,24,1,1.0,1.0,1.0,0.0
459817,1,[12],12.0,12,12,1,1.0,2.0,1.0,0.0
459913,1,[24],24.0,24,24,1,1.0,2.0,1.0,0.0
460039,1,[12],12.0,12,12,1,1.0,8.0,1.0,0.0
460087,1,[12],12.0,12,12,1,1.0,4.0,1.0,0.0
460907,1,[6],6.0,6,6,1,1.0,1.0,0.0,0.0
460973,1,[18],18.0,18,18,1,1.0,2.0,1.0,0.0
461971,1,[6],6.0,6,6,1,1.0,4.0,1.0,0.0
462067,1,[6],6.0,6,6,1,1.0,1.0,0.0,0.0
462097,1,[6],6.0,6,6,1,1.0,3.0,1.0,0.0
462113,1,[18],18.0,18,18,1,1.0,3.0,1.0,0.0
462419,1,[24],24.0,24,24,1,1.0,2.0,1.0,0.0
462571,1,[18],18.0,18,18,1,1.0,9.0,1.0,0.0
462719,1,[54],54.0,54,54,1,1.0,6.0,1.0,0.0
462727,1,[6],6.0,6,6,1,1.0,1.0,1.0,0.0
463207,2,"[6, 12]",9.0,6,12,2,1.0,2.0,1.0,0.0
463237,1,[12],12.0,12,12,1,1.0,2.0,1.0,0.0
463291,1,[6],6.0,6,6,1,1.0,4.0,1.0,0.0
463303,1,[18],18.0,18,18,1,1.0,1.0,1.0,0.0
463339,1,[24],24.0,24,24,1,1.0,4.0,1.0,0.0
463693,1,[24],24.0,24,24,1,1.0,1.0,1.0,0.0
463741,1,[6],6.0,6,6,1,1.0,4.0,1.0,0.0
463861,1,[6],6.0,6,6,1,1.0,4.0,1.0,0.0
464251,1,[6],6.0,6,6,1,1.0,1.0,1.0,0.0
464753,1,[24],24.0,24,24,1,1.0,4.0,1.0,0.0
465007,1,[6],6.0,6,6,1,1.0,4.0,1.0,0.0
465071,1,[18],18.0,18,18,1,1.0,2.0,1.0,0.0
465163,1,[48],48.0,48,48,1,1.0,3.0,1.0,0.0
465281,1,[18],18.0,18,18,1,1.0,2.0,1.0,0.0
465797,1,[12],12.0,12,12,1,1.0,2.0,1.0,0.0
465809,1,[12],12.0,12,12,1,1.0,2.0,1.0,0.0
465917,1,[30],30.0,30,30,1,1.0,2.0,1.0,0.0
466061,1,[30],30.0,30,30,1,1.0,2.0,1.0,0.0
466261,1,[6],6.0,6,6,1,1.0,2.0,1.0,0.0
466321,1,[18],18.0,18,18,1,1.0,4.0,1.0,0.0
466561,1,[6],6.0,6,6,1,1.0,4.0,1.0,0.0
466567,1,[6],6.0,6,6,1,1.0,4.0,1.0,0.0
466717,1,[6],6.0,6,6,1,1.0,4.0,1.0,0.0
466997,1,[6],6.0,6,6,1,1.0,3.0,0.0,0.0
467083,1,[18],18.0,18,18,1,1.0,1.0,1.0,0.0
467123,1,[24],24.0,24,24,1,1.0,2.0,1.0,0.0
467491,1,[6],6.0,6,6,1,1.0,2.0,1.0,0.0
467527,1,[30],30.0,30,30,1,1.0,4.0,1.0,0.0
467737,1,[6],6.0,6,6,1,1.0,4.0,1.0,0.0
467869,1,[12],12.0,12,12,1,1.0,1.0,1.0,0.0
467879,1,[24],24.0,24,24,1,1.0,2.0,1.0,0.0
467953,1,[24],24.0,24,24,1,1.0,4.0,1.0,0.0
468109,1,[12],12.0,12,12,1,1.0,2.0,1.0,0.0
468353,1,[18],18.0,18,18,1,1.0,2.0,1.0,0.0
468439,1,[12],12.0,12,12,1,1.0,2.0,1.0,0.0
468491,1,[18],18.0,18,18,1,1.0,2.0,1.0,0.0
468641,1,[6],6.0,6,6,1,1.0,2.0,1.0,0.0
468691,1,[6],6.0,6,6,1,1.0,4.0,1.0,0.0
468697,1,[6],6.0,6,6,1,1.0,2.0,0.0,0.0
468887,1,[6],6.0,6,6,1,1.0,2.0,0.0,0.0
469229,1,[12],12.0,12,12,1,1.0,2.0,1.0,0.0
469613,1,[18],18.0,18,18,1,1.0,2.0,1.0,0.0
470207,1,[6],6.0,6,6,1,1.0,2.0,0.0,0.0
470489,1,[12],12.0,12,12,1,1.0,2.0,1.0,0.0
470597,1,[12],12.0,12,12,1,1.0,5.0,1.0,0.0
470719,1,[30],30.0,30,30,1,1.0,4.0,1.0,0.0
471193,1,[24],24.0,24,24,1,1.0,4.0,1.0,0.0
471241,1,[18],18.0,18,18,1,1.0,4.0,1.0,0.0
471509,1,[12],12.0,12,12,1,1.0,8.0,1.0,0.0
471553,1,[18],18.0,18,18,1,1.0,3.0,1.0,0.0
471671,1,[6],6.0,6,6,1,1.0,2.0,0.0,0.0
471841,1,[6],6.0,6,6,1,1.0,4.0,0.0,0.0
472051,1,[6],6.0,6,6,1,1.0,4.0,1.0,0.0
472127,2,"[6, 12]",9.0,6,12,2,1.0,2.0,1.0,0.0
472139,1,[54],54.0,54,54,1,1.0,2.0,1.0,0.0
472249,1,[12],12.0,12,12,1,1.0,6.0,1.0,0.0
472859,1,[24],24.0,24,24,1,1.0,6.0,1.0,0.0
473197,1,[30],30.0,30,30,1,1.0,6.0,1.0,0.0
473507,1,[6],6.0,6,6,1,1.0,1.0,0.0,0.0
473519,1,[30],30.0,30,30,1,1.0,8.0,1.0,0.0
473887,1,[12],12.0,12,12,1,1.0,6.0,1.0,0.0
473899,1,[12],12.0,12,12,1,1.0,6.0,1.0,0.0
473927,1,[12],12.0,12,12,1,1.0,2.0,1.0,0.0
473981,1,[18],18.0,18,18,1,1.0,10.0,1.0,0.0
474037,1,[6],6.0,6,6,1,1.0,3.0,0.0,0.0
474547,1,[36],36.0,36,36,1,1.0,4.0,1.0,0.0
474911,1,[6],6.0,6,6,1,1.0,2.0,1.0,0.0
474941,1,[18],18.0,18,18,1,1.0,2.0,1.0,0.0
475417,1,[12],12.0,12,12,1,1.0,6.0,1.0,0.0
475823,1,[18],18.0,18,18,1,1.0,2.0,1.0,0.0
475841,1,[18],18.0,18,18,1,1.0,4.0,1.0,0.0
475921,1,[6],6.0,6,6,1,1.0,2.0,0.0,0.0
476023,1,[18],18.0,18,18,1,1.0,12.0,1.0,0.0
476219,1,[30],30.0,30,30,1,1.0,2.0,1.0,0.0
476237,1,[6],6.0,6,6,1,1.0,4.0,1.0,0.0
476507,1,[6],6.0,6,6,1,1.0,3.0,0.0,0.0
476701,1,[18],18.0,18,18,1,1.0,3.0,1.0,0.0
476851,1,[18],18.0,18,18,1,1.0,4.0,1.0,0.0
477317,1,[12],12.0,12,12,1,1.0,2.0,1.0,0.0
477511,1,[6],6.0,6,6,1,1.0,1.0,1.0,0.0
477863,1,[18],18.0,18,18,1,1.0,5.0,1.0,0.0
478087,1,[12],12.0,12,12,1,1.0,4.0,1.0,0.0
478421,1,[6],6.0,6,6,1,1.0,2.0,0.0,0.0
478579,1,[24],24.0,24,24,1,1.0,4.0,1.0,0.0
478861,1,[18],18.0,18,18,1,1.0,3.0,1.0,0.0
478931,1,[6],6.0,6,6,1,1.0,2.0,1.0,0.0
478943,1,[24],24.0,24,24,1,1.0,2.0,1.0,0.0
479569,1,[12],12.0,12,12,1,1.0,4.0,1.0,0.0
479771,1,[6],6.0,6,6,1,1.0,2.0,1.0,0.0
479879,2,"[12, 30]",21.0,12,30,2,1.0,3.5,1.0,0.0
480101,1,[6],6.0,6,6,1,1.0,2.0,0.0,0.0
480317,1,[12],12.0,12,12,1,1.0,2.0,1.0,0.0
480367,1,[6],6.0,6,6,1,1.0,1.0,0.0,0.0
480373,1,[18],18.0,18,18,1,1.0,3.0,1.0,0.0
480427,1,[36],36.0,36,36,1,1.0,10.0,1.0,0.0
480521,1,[6],6.0,6,6,1,1.0,2.0,0.0,0.0
480527,1,[60],60.0,60,60,1,1.0,2.0,1.0,0.0
480737,1,[12],12.0,12,12,1,1.0,2.0,1.0,0.0
480749,1,[12],12.0,12,12,1,1.0,8.0,1.0,0.0
481141,1,[6],6.0,6,6,1,1.0,1.0,0.0,0.0
481489,1,[12],12.0,12,12,1,1.0,6.0,1.0,0.0
481513,1,[18],18.0,18,18,1,1.0,6.0,1.0,0.0
481751,1,[18],18.0,18,18,1,1.0,2.0,1.0,0.0
481801,1,[6],6.0,6,6,1,1.0,2.0,1.0,0.0
481837,1,[12],12.0,12,12,1,1.0,4.0,1.0,0.0
481879,1,[30],30.0,30,30,1,1.0,2.0,1.0,0.0
482347,1,[12],12.0,12,12,1,1.0,4.0,1.0,0.0
482387,1,[6],6.0,6,6,1,1.0,2.0,1.0,0.0
482399,1,[42],42.0,42,42,1,1.0,10.0,1.0,0.0
482401,1,[6],6.0,6,6,1,1.0,4.0,1.0,0.0
482507,1,[6],6.0,6,6,1,1.0,5.0,1.0,0.0
482509,1,[30],30.0,30,30,1,1.0,3.0,1.0,0.0
482621,1,[6],6.0,6,6,1,1.0,2.0,1.0,0.0
482707,1,[12],12.0,12,12,1,1.0,2.0,1.0,0.0
482719,1,[12],12.0,12,12,1,1.0,6.0,1.0,0.0
483221,1,[30],30.0,30,30,1,1.0,2.0,1.0,0.0
483551,1,[6],6.0,6,6,1,1.0,2.0,1.0,0.0
483761,1,[6],6.0,6,6,1,1.0,5.0,0.0,0.0
484067,1,[12],12.0,12,12,1,1.0,8.0,1.0,0.0
484111,1,[6],6.0,6,6,1,1.0,1.0,1.0,0.0
484117,1,[6],6.0,6,6,1,1.0,1.0,0.0,0.0
485029,1,[12],12.0,12,12,1,1.0,1.0,1.0,0.0
485113,1,[24],24.0,24,24,1,1.0,4.0,1.0,0.0
485411,1,[6],6.0,6,6,1,1.0,2.0,1.0,0.0
485519,1,[24],24.0,24,24,1,1.0,3.0,1.0,0.0
485729,1,[24],24.0,24,24,1,1.0,2.0,1.0,0.0
485923,1,[18],18.0,18,18,1,1.0,1.0,1.0,0.0
485941,1,[18],18.0,18,18,1,1.0,4.0,1.0,0.0
486757,1,[12],12.0,12,12,1,1.0,2.0,1.0,0.0
487457,1,[6],6.0,6,6,1,1.0,4.0,0.0,0.0
487471,1,[18],18.0,18,18,1,1.0,4.0,1.0,0.0
487819,1,[12],12.0,12,12,1,1.0,2.0,1.0,0.0
487997,1,[6],6.0,6,6,1,1.0,3.0,1.0,0.0
488227,1,[6],6.0,6,6,1,1.0,4.0,1.0,0.0
488239,1,[24],24.0,24,24,1,1.0,6.0,1.0,0.0
488627,1,[6],6.0,6,6,1,1.0,4.0,0.0,0.0
488711,1,[6],6.0,6,6,1,1.0,4.0,1.0,0.0
488717,1,[6],6.0,6,6,1,1.0,5.0,0.0,0.0
488821,1,[6],6.0,6,6,1,1.0,4.0,1.0,0.0
488897,1,[12],12.0,12,12,1,1.0,4.0,1.0,0.0
489109,1,[24],24.0,24,24,1,1.0,1.0,1.0,0.0
489457,1,[36],36.0,36,36,1,1.0,1.0,1.0,0.0
489529,1,[42],42.0,42,42,1,1.0,3.0,1.0,0.0
489833,1,[18],18.0,18,18,1,1.0,6.0,1.0,0.0
489977,1,[12],12.0,12,12,1,1.0,5.0,1.0,0.0
490271,1,[6],6.0,6,6,1,1.0,2.0,1.0,0.0
490537,1,[6],6.0,6,6,1,1.0,4.0,1.0,0.0
490619,1,[12],12.0,12,12,1,1.0,3.0,1.0,0.0
490661,1,[36],36.0,36,36,1,1.0,4.0,1.0,0.0
490967,1,[36],36.0,36,36,1,1.0,16.0,1.0,0.0
491261,1,[18],18.0,18,18,1,1.0,2.0,1.0,0.0
491327,1,[6],6.0,6,6,1,1.0,2.0,0.0,0.0
491329,1,[12],12.0,12,12,1,1.0,1.0,1.0,0.0
491417,1,[6],6.0,6,6,1,1.0,4.0,0.0,0.0
491497,1,[42],42.0,42,42,1,1.0,2.0,1.0,0.0
491627,2,"[6, 12]",9.0,6,12,2,1.0,2.0,1.0,0.0
491707,1,[12],12.0,12,12,1,1.0,4.0,1.0,0.0
492047,1,[6],6.0,6,6,1,1.0,2.0,1.0,0.0
492397,1,[6],6.0,6,6,1,1.0,3.0,1.0,0.0
492647,1,[12],12.0,12,12,1,1.0,2.0,1.0,0.0
492757,2,"[6, 12]",9.0,6,12,2,1.0,4.0,1.0,0.0
492763,1,[18],18.0,18,18,1,1.0,1.0,1.0,0.0
493121,1,[6],6.0,6,6,1,1.0,4.0,1.0,0.0
493127,1,[6],6.0,6,6,1,1.0,2.0,1.0,0.0
493219,1,[12],12.0,12,12,1,1.0,6.0,1.0,0.0
493333,1,[18],18.0,18,18,1,1.0,6.0,1.0,0.0
493567,1,[6],6.0,6,6,1,1.0,1.0,1.0,0.0
493621,1,[36],36.0,36,36,1,1.0,9.0,1.0,0.0
493967,1,[6],6.0,6,6,1,1.0,2.0,0.0,0.0
494257,2,"[12, 30]",21.0,12,30,2,1.0,8.0,1.0,0.0
494687,1,[6],6.0,6,6,1,1.0,2.0,1.0,0.0
494731,1,[6],6.0,6,6,1,1.0,1.0,1.0,0.0
494737,1,[6],6.0,6,6,1,1.0,1.0,0.0,0.0
494927,1,[6],6.0,6,6,1,1.0,5.0,0.0,0.0
495277,1,[12],12.0,12,12,1,1.0,4.0,1.0,0.0
495377,1,[12],12.0,12,12,1,1.0,5.0,1.0,0.0
495389,1,[12],12.0,12,12,1,1.0,8.0,1.0,0.0
495557,1,[6],6.0,6,6,1,1.0,2.0,0.0,0.0
495701,1,[6],6.0,6,6,1,1.0,4.0,0.0,0.0
495947,1,[6],6.0,6,6,1,1.0,2.0,1.0,0.0
495959,1,[24],24.0,24,24,1,1.0,3.0,1.0,0.0
496039,1,[12],12.0,12,12,1,1.0,6.0,1.0,0.0
496193,1,[18],18.0,18,18,1,1.0,6.0,1.0,0.0
496291,1,[6],6.0,6,6,1,1.0,4.0,1.0,0.0
496481,1,[6],6.0,6,6,1,1.0,5.0,0.0,0.0
496487,2,"[6, 12]",9.0,6,12,2,1.0,2.0,0.5,0.0
496889,2,"[12, 30]",21.0,12,30,2,1.0,4.0,1.0,0.0
497291,1,[6],6.0,6,6,1,1.0,1.0,0.0,0.0
497297,1,[6],6.0,6,6,1,1.0,2.0,0.0,0.0
497411,1,[6],6.0,6,6,1,1.0,1.0,0.0,0.0
497449,1,[12],12.0,12,12,1,1.0,7.0,0.0,0.0
497677,1,[12],12.0,12,12,1,1.0,2.0,0.0,0.0
497711,1,[30],30.0,30,30,1,1.0,6.0,1.0,0.0
497869,1,[30],30.0,30,30,1,1.0,4.0,1.0,0.0
497957,1,[6],6.0,6,6,1,1.0,3.0,0.0,0.0
498271,1,[30],30.0,30,30,1,1.0,4.0,1.0,0.0
498343,1,[24],24.0,24,24,1,1.0,4.0,1.0,0.0
498397,1,[6],6.0,6,6,1,1.0,1.0,0.0,0.0
498583,1,[30],30.0,30,30,1,1.0,6.0,1.0,0.0
498779,1,[12],12.0,12,12,1,1.0,2.0,1.0,0.0
499021,1,[6],6.0,6,6,1,1.0,2.0,0.0,0.0
499027,1,[6],6.0,6,6,1,1.0,1.0,1.0,0.0
499127,1,[6],6.0,6,6,1,1.0,4.0,0.0,0.0
499391,1,[6],6.0,6,6,1,1.0,2.0,1.0,0.0
499637,1,[12],12.0,12,12,1,1.0,2.0,1.0,0.0
499879,1,[24],24.0,24,24,1,1.0,18.0,1.0,0.0
500107,1,[6],6.0,6,6,1,1.0,1.0,1.0,0.0
500587,1,[42],42.0,42,42,1,1.0,10.0,1.0,0.0
500873,1,[18],18.0,18,18,1,1.0,2.0,1.0,0.0
500953,1,[24],24.0,24,24,1,1.0,1.0,1.0,0.0
501031,1,[6],6.0,6,6,1,1.0,4.0,1.0,0.0
501121,1,[18],18.0,18,18,1,1.0,2.0,1.0,0.0
501191,1,[6],6.0,6,6,1,1.0,2.0,1.0,0.0
501197,1,[6],6.0,6,6,1,1.0,2.0,0.0,0.0
501209,1,[24],24.0,24,24,1,1.0,5.0,1.0,0.0
501217,1,[6],6.0,6,6,1,1.0,4.0,1.0,0.0
501707,1,[12],12.0,12,12,1,1.0,8.0,1.0,0.0
501817,1,[12],12.0,12,12,1,1.0,4.0,1.0,0.0
502081,1,[6],6.0,6,6,1,1.0,4.0,1.0,0.0
502633,1,[18],18.0,18,18,1,1.0,6.0,1.0,0.0
502651,1,[18],18.0,18,18,1,1.0,12.0,0.0,1.0
502847,1,[36],36.0,36,36,1,1.0,3.0,1.0,0.0
503231,1,[18],18.0,18,18,1,1.0,8.0,1.0,0.0
503423,1,[30],30.0,30,30,1,1.0,12.0,1.0,0.0
503599,1,[24],24.0,24,24,1,1.0,4.0,1.0,0.0
503779,1,[12],12.0,12,12,1,1.0,3.0,1.0,0.0
503803,1,[24],24.0,24,24,1,1.0,4.0,1.0,0.0
504103,1,[18],18.0,18,18,1,1.0,8.0,1.0,0.0
504197,1,[12],12.0,12,12,1,1.0,2.0,1.0,0.0
504299,1,[12],12.0,12,12,1,1.0,2.0,1.0,0.0
504349,1,[54],54.0,54,54,1,1.0,4.0,1.0,0.0
504607,1,[12],12.0,12,12,1,1.0,4.0,1.0,0.0
504671,1,[6],6.0,6,6,1,1.0,4.0,1.0,0.0
505061,1,[6],6.0,6,6,1,1.0,2.0,1.0,0.0
505111,1,[6],6.0,6,6,1,1.0,1.0,1.0,0.0
505117,1,[6],6.0,6,6,1,1.0,4.0,1.0,0.0
505321,1,[18],18.0,18,18,1,1.0,4.0,1.0,0.0
505339,1,[30],30.0,30,30,1,1.0,2.0,1.0,0.0
505411,1,[18],18.0,18,18,1,1.0,4.0,1.0,0.0
505469,1,[12],12.0,12,12,1,1.0,2.0,1.0,0.0
505601,1,[6],6.0,6,6,1,1.0,4.0,0.0,0.0
505607,1,[6],6.0,6,6,1,1.0,4.0,0.0,0.0
505657,1,[6],6.0,6,6,1,1.0,4.0,1.0,0.0
506327,1,[6],6.0,6,6,1,1.0,2.0,1.0,0.0
506333,1,[24],24.0,24,24,1,1.0,2.0,1.0,0.0
506887,1,[6],6.0,6,6,1,1.0,1.0,1.0,0.0
506893,1,[18],18.0,18,18,1,1.0,4.0,1.0,0.0
507139,1,[12],12.0,12,12,1,1.0,10.0,1.0,0.0
507289,1,[12],12.0,12,12,1,1.0,1.0,1.0,0.0
507359,1,[12],12.0,12,12,1,1.0,2.0,1.0,0.0
507401,1,[30],30.0,30,30,1,1.0,3.0,1.0,0.0
507431,1,[30],30.0,30,30,1,1.0,2.0,1.0,0.0
507797,2,"[6, 12]",9.0,6,12,2,1.0,2.0,1.0,0.0
507901,1,[18],18.0,18,18,1,1.0,2.0,1.0,0.0
508009,1,[12],12.0,12,12,1,1.0,6.0,1.0,0.0
508091,1,[6],6.0,6,6,1,1.0,2.0,1.0,0.0
508513,1,[18],18.0,18,18,1,1.0,6.0,1.0,0.0
508919,1,[12],12.0,12,12,1,1.0,2.0,1.0,0.0
508951,1,[36],36.0,36,36,1,1.0,6.0,1.0,0.0
509281,1,[6],6.0,6,6,1,1.0,4.0,1.0,0.0
509417,1,[12],12.0,12,12,1,1.0,8.0,1.0,0.0
509441,1,[36],36.0,36,36,1,1.0,2.0,1.0,0.0
509557,1,[6],6.0,6,6,1,1.0,3.0,1.0,0.0
509647,1,[6],6.0,6,6,1,1.0,1.0,1.0,0.0
509687,1,[6],6.0,6,6,1,1.0,2.0,1.0,0.0
510061,1,[6],6.0,6,6,1,1.0,4.0,0.0,0.0
510077,1,[12],12.0,12,12,1,1.0,2.0,1.0,0.0
510241,1,[6],6.0,6,6,1,1.0,4.0,1.0,0.0
510287,1,[12],12.0,12,12,1,1.0,4.0,1.0,0.0
510451,1,[6],6.0,6,6,1,1.0,4.0,1.0,0.0
510907,1,[12],12.0,12,12,1,1.0,10.0,1.0,0.0
510989,1,[12],12.0,12,12,1,1.0,2.0,1.0,0.0
511243,1,[18],18.0,18,18,1,1.0,4.0,1.0,0.0
511579,2,"[12, 24]",18.0,12,24,2,1.0,4.5,1.0,0.0
512251,1,[18],18.0,18,18,1,1.0,4.0,1.0,0.0
512419,1,[24],24.0,24,24,1,1.0,4.0,1.0,0.0
512531,1,[6],6.0,6,6,1,1.0,2.0,1.0,0.0
512597,1,[12],12.0,12,12,1,1.0,2.0,1.0,0.0
512761,1,[18],18.0,18,18,1,1.0,2.0,1.0,0.0
512899,1,[30],30.0,30,30,1,1.0,4.0,1.0,0.0
512989,1,[12],12.0,12,12,1,1.0,10.0,1.0,0.0
513041,1,[6],6.0,6,6,1,1.0,2.0,1.0,0.0
513047,1,[6],6.0,6,6,1,1.0,2.0,1.0,0.0
513167,1,[36],36.0,36,36,1,1.0,3.0,1.0,0.0
513307,1,[6],6.0,6,6,1,1.0,4.0,1.0,0.0
513341,1,[6],6.0,6,6,1,1.0,2.0,1.0,0.0
513473,1,[60],60.0,60,60,1,1.0,4.0,1.0,0.0
513881,1,[18],18.0,18,18,1,1.0,2.0,1.0,0.0
514117,1,[30],30.0,30,30,1,1.0,2.0,1.0,0.0
514343,1,[18],18.0,18,18,1,1.0,2.0,1.0,0.0
514519,1,[12],12.0,12,12,1,1.0,6.0,1.0,0.0
514637,1,[6],6.0,6,6,1,1.0,2.0,1.0,0.0
514651,1,[30],30.0,30,30,1,1.0,6.0,1.0,0.0
514841,1,[6],6.0,6,6,1,1.0,2.0,1.0,0.0
514847,1,[6],6.0,6,6,1,1.0,4.0,0.0,0.0
514873,1,[30],30.0,30,30,1,1.0,4.0,1.0,0.0
515381,1,[48],48.0,48,48,1,1.0,4.0,1.0,0.0
515681,1,[6],6.0,6,6,1,1.0,2.0,1.0,0.0
515771,1,[6],6.0,6,6,1,1.0,2.0,1.0,0.0
515857,1,[30],30.0,30,30,1,1.0,6.0,1.0,0.0
515917,2,"[6, 12]",9.0,6,12,2,1.0,7.0,1.0,0.0
515969,1,[24],24.0,24,24,1,1.0,10.0,1.0,0.0
516157,1,[6],6.0,6,6,1,1.0,4.0,1.0,0.0
516539,1,[24],24.0,24,24,1,1.0,3.0,1.0,0.0
516587,1,[12],12.0,12,12,1,1.0,2.0,1.0,0.0
516721,1,[36],36.0,36,36,1,1.0,4.0,1.0,0.0
516871,1,[6],6.0,6,6,1,1.0,4.0,1.0,0.0
516979,1,[12],12.0,12,12,1,1.0,2.0,1.0,0.0
517061,1,[6],6.0,6,6,1,1.0,2.0,1.0,0.0
517067,1,[6],6.0,6,6,1,1.0,5.0,1.0,0.0
517177,1,[6],6.0,6,6,1,1.0,4.0,1.0,0.0
517217,1,[12],12.0,12,12,1,1.0,4.0,1.0,0.0
517597,1,[6],6.0,6,6,1,1.0,3.0,1.0,0.0
517931,1,[18],18.0,18,18,1,1.0,5.0,1.0,0.0
517981,1,[18],18.0,18,18,1,1.0,3.0,1.0,0.0
518237,1,[12],12.0,12,12,1,1.0,2.0,1.0,0.0
518509,1,[12],12.0,12,12,1,1.0,6.0,1.0,0.0
519427,1,[30],30.0,30,30,1,1.0,4.0,1.0,0.0
519527,1,[12],12.0,12,12,1,1.0,3.0,1.0,0.0
519919,1,[12],12.0,12,12,1,1.0,3.0,1.0,0.0
519923,1,[24],24.0,24,24,1,1.0,2.0,1.0,0.0
520019,1,[12],12.0,12,12,1,1.0,2.0,1.0,0.0
520043,1,[30],30.0,30,30,1,1.0,4.0,1.0,0.0
520357,1,[6],6.0,6,6,1,1.0,4.0,1.0,0.0
520369,1,[12],12.0,12,12,1,1.0,1.0,1.0,0.0
520571,1,[18],18.0,18,18,1,1.0,4.0,1.0,0.0
520957,1,[12],12.0,12,12,1,1.0,4.0,1.0,0.0
521039,1,[12],12.0,12,12,1,1.0,3.0,1.0,0.0
521161,1,[6],6.0,6,6,1,1.0,4.0,1.0,0.0
521357,1,[6],6.0,6,6,1,1.0,3.0,0.0,0.0
521491,1,[6],6.0,6,6,1,1.0,4.0,1.0,0.0
521527,1,[12],12.0,12,12,1,1.0,6.0,1.0,0.0
521981,1,[18],18.0,18,18,1,1.0,2.0,1.0,0.0
522227,2,"[6, 12]",9.0,6,12,2,1.0,3.0,1.0,0.0
522373,1,[18],18.0,18,18,1,1.0,4.0,1.0,0.0
522763,1,[24],24.0,24,24,1,1.0,2.0,1.0,0.0
523177,1,[42],42.0,42,42,1,1.0,2.0,1.0,0.0
523207,1,[6],6.0,6,6,1,1.0,1.0,0.0,0.0
523717,1,[12],12.0,12,12,1,1.0,10.0,1.0,0.0
524219,1,[12],12.0,12,12,1,1.0,2.0,1.0,0.0
524351,1,[18],18.0,18,18,1,1.0,2.0,1.0,0.0
524683,1,[24],24.0,24,24,1,1.0,4.0,1.0,0.0
524857,1,[6],6.0,6,6,1,1.0,3.0,1.0,0.0
524957,1,[6],6.0,6,6,1,1.0,4.0,1.0,0.0
525143,1,[24],24.0,24,24,1,1.0,2.0,1.0,0.0
525241,1,[6],6.0,6,6,1,1.0,4.0,0.0,0.0
525709,1,[30],30.0,30,30,1,1.0,4.0,1.0,0.0
525809,1,[30],30.0,30,30,1,1.0,2.0,1.0,0.0
526121,1,[18],18.0,18,18,1,1.0,3.0,1.0,0.0
526213,1,[18],18.0,18,18,1,1.0,2.0,1.0,0.0
526429,1,[12],12.0,12,12,1,1.0,2.0,1.0,0.0
526583,1,[18],18.0,18,18,1,1.0,5.0,1.0,0.0
526733,1,[48],48.0,48,48,1,1.0,2.0,1.0,0.0
526931,1,[6],6.0,6,6,1,1.0,2.0,1.0,0.0
526951,1,[6],6.0,6,6,1,1.0,4.0,1.0,0.0
527057,1,[6],6.0,6,6,1,1.0,3.0,1.0,0.0
527063,1,[18],18.0,18,18,1,1.0,2.0,1.0,0.0
527441,1,[6],6.0,6,6,1,1.0,2.0,0.0,0.0
527897,1,[12],12.0,12,12,1,1.0,2.0,1.0,0.0
527981,1,[6],6.0,6,6,1,1.0,2.0,0.0,0.0
528667,2,"[6, 12]",9.0,6,12,2,1.0,3.0,1.0,0.0
528911,1,[18],18.0,18,18,1,1.0,8.0,1.0,0.0
529037,1,[6],6.0,6,6,1,1.0,2.0,0.0,0.0
529153,1,[30],30.0,30,30,1,1.0,4.0,1.0,0.0
529301,1,[6],6.0,6,6,1,1.0,2.0,1.0,0.0
529517,1,[30],30.0,30,30,1,1.0,6.0,1.0,0.0
529807,1,[6],6.0,6,6,1,1.0,4.0,1.0,0.0
529811,1,[18],18.0,18,18,1,1.0,2.0,1.0,0.0
529927,1,[6],6.0,6,6,1,1.0,4.0,1.0,0.0
529981,1,[18],18.0,18,18,1,1.0,4.0,1.0,0.0
530197,1,[6],6.0,6,6,1,1.0,3.0,0.0,0.0
530329,1,[30],30.0,30,30,1,1.0,4.0,1.0,0.0
530393,1,[54],54.0,54,54,1,1.0,2.0,1.0,0.0
530501,1,[6],6.0,6,6,1,1.0,2.0,1.0,0.0
530527,1,[6],6.0,6,6,1,1.0,4.0,0.0,0.0
530531,1,[18],18.0,18,18,1,1.0,2.0,1.0,0.0
530597,1,[6],6.0,6,6,1,1.0,2.0,1.0,0.0
530977,1,[6],6.0,6,6,1,1.0,3.0,1.0,0.0
531331,1,[6],6.0,6,6,1,1.0,2.0,1.0,0.0
531347,1,[6],6.0,6,6,1,1.0,2.0,0.0,0.0
531821,1,[6],6.0,6,6,1,1.0,2.0,0.0,0.0
531977,1,[6],6.0,6,6,1,1.0,2.0,1.0,0.0
532187,1,[6],6.0,6,6,1,1.0,5.0,1.0,0.0
532379,1,[12],12.0,12,12,1,1.0,2.0,1.0,0.0
532403,1,[18],18.0,18,18,1,1.0,2.0,1.0,0.0
532417,1,[36],36.0,36,36,1,1.0,4.0,1.0,0.0
533353,1,[18],18.0,18,18,1,1.0,2.0,1.0,0.0
533447,1,[6],6.0,6,6,1,1.0,4.0,0.0,0.0
534007,1,[6],6.0,6,6,1,1.0,4.0,0.0,0.0
534229,1,[12],12.0,12,12,1,1.0,10.0,1.0,0.0
535013,1,[24],24.0,24,24,1,1.0,2.0,1.0,0.0
535169,1,[12],12.0,12,12,1,1.0,5.0,1.0,0.0
535243,1,[30],30.0,30,30,1,1.0,1.0,1.0,0.0
535487,1,[12],12.0,12,12,1,1.0,4.0,1.0,0.0
535499,1,[12],12.0,12,12,1,1.0,8.0,1.0,0.0
535511,1,[18],18.0,18,18,1,1.0,2.0,1.0,0.0
535523,1,[24],24.0,24,24,1,1.0,2.0,1.0,0.0
535571,1,[18],18.0,18,18,1,1.0,4.0,1.0,0.0
536051,1,[18],18.0,18,18,1,1.0,2.0,1.0,0.0
536219,1,[24],24.0,24,24,1,1.0,3.0,1.0,0.0
536267,1,[6],6.0,6,6,1,1.0,4.0,0.0,0.0
536281,1,[6],6.0,6,6,1,1.0,2.0,0.0,0.0
536293,1,[30],30.0,30,30,1,1.0,4.0,1.0,0.0
536467,1,[12],12.0,12,12,1,1.0,4.0,1.0,0.0
536533,1,[30],30.0,30,30,1,1.0,3.0,1.0,0.0
536609,1,[12],12.0,12,12,1,1.0,2.0,1.0,0.0
536917,1,[6],6.0,6,6,1,1.0,4.0,1.0,0.0
536953,1,[18],18.0,18,18,1,1.0,3.0,1.0,0.0
536999,1,[12],12.0,12,12,1,1.0,3.0,1.0,0.0
537067,1,[12],12.0,12,12,1,1.0,4.0,1.0,0.0
537157,1,[12],12.0,12,12,1,1.0,2.0,1.0,0.0
537587,1,[12],12.0,12,12,1,1.0,2.0,1.0,0.0
537679,1,[30],30.0,30,30,1,1.0,4.0,1.0,0.0
537781,2,"[6, 30]",18.0,6,30,2,1.0,3.0,0.5,0.0
537841,1,[6],6.0,6,6,1,1.0,4.0,1.0,0.0
538127,1,[36],36.0,36,36,1,1.0,6.0,1.0,0.0
538297,1,[6],6.0,6,6,1,1.0,3.0,0.0,0.0
538309,1,[24],24.0,24,24,1,1.0,1.0,1.0,0.0
538399,1,[12],12.0,12,12,1,1.0,2.0,1.0,0.0
538739,1,[12],12.0,12,12,1,1.0,2.0,1.0,0.0
538817,2,"[6, 12]",9.0,6,12,2,1.0,2.5,1.0,0.0
539129,1,[12],12.0,12,12,1,1.0,5.0,1.0,0.0
539629,1,[12],12.0,12,12,1,1.0,6.0,1.0,0.0
539663,1,[24],24.0,24,24,1,1.0,2.0,1.0,0.0
539837,1,[6],6.0,6,6,1,1.0,3.0,1.0,0.0
540167,1,[6],6.0,6,6,1,1.0,4.0,0.0,0.0
540233,1,[18],18.0,18,18,1,1.0,6.0,1.0,0.0
540271,1,[36],36.0,36,36,1,1.0,6.0,1.0,0.0
540349,1,[42],42.0,42,42,1,1.0,4.0,1.0,0.0
540377,1,[6],6.0,6,6,1,1.0,4.0,0.0,0.0
540541,1,[18],18.0,18,18,1,1.0,4.0,1.0,0.0
540587,1,[12],12.0,12,12,1,1.0,2.0,1.0,0.0
540691,1,[6],6.0,6,6,1,1.0,2.0,1.0,0.0
541129,1,[12],12.0,12,12,1,1.0,6.0,1.0,0.0
541231,1,[18],18.0,18,18,1,1.0,8.0,1.0,0.0
541531,1,[6],6.0,6,6,1,1.0,1.0,0.0,0.0
541763,1,[18],18.0,18,18,1,1.0,2.0,1.0,0.0
541781,1,[18],18.0,18,18,1,1.0,12.0,1.0,0.0
541987,1,[6],6.0,6,6,1,1.0,4.0,1.0,0.0
542921,1,[30],30.0,30,30,1,1.0,2.0,1.0,0.0
542981,1,[18],18.0,18,18,1,1.0,2.0,1.0,0.0
543139,1,[24],24.0,24,24,1,1.0,10.0,1.0,0.0
543359,1,[24],24.0,24,24,1,1.0,2.0,1.0,0.0
543497,1,[6],6.0,6,6,1,1.0,3.0,1.0,0.0
543871,1,[6],6.0,6,6,1,1.0,1.0,1.0,0.0
543877,1,[12],12.0,12,12,1,1.0,2.0,1.0,0.0
544171,1,[6],6.0,6,6,1,1.0,1.0,0.0,0.0
544813,1,[24],24.0,24,24,1,1.0,4.0,1.0,0.0
544877,1,[6],6.0,6,6,1,1.0,2.0,0.0,0.0
545437,1,[6],6.0,6,6,1,1.0,1.0,0.0,0.0
545473,1,[24],24.0,24,24,1,1.0,6.0,1.0,0.0
545521,1,[6],6.0,6,6,1,1.0,4.0,1.0,0.0
545917,1,[42],42.0,42,42,1,1.0,3.0,1.0,0.0
546097,1,[6],6.0,6,6,1,1.0,4.0,1.0,0.0
546361,1,[6],6.0,6,6,1,1.0,2.0,1.0,0.0
546619,1,[12],12.0,12,12,1,1.0,10.0,1.0,0.0
546671,1,[6],6.0,6,6,1,1.0,2.0,0.0,0.0
546869,1,[12],12.0,12,12,1,1.0,2.0,1.0,0.0
546947,1,[30],30.0,30,30,1,1.0,2.0,1.0,0.0
547357,1,[6],6.0,6,6,1,1.0,4.0,1.0,0.0
547387,1,[12],12.0,12,12,1,1.0,2.0,1.0,0.0
547487,1,[6],6.0,6,6,1,1.0,1.0,0.0,0.0
547741,1,[6],6.0,6,6,1,1.0,2.0,0.0,0.0
547853,1,[18],18.0,18,18,1,1.0,2.0,1.0,0.0
548117,1,[36],36.0,36,36,1,1.0,6.0,1.0,0.0
548189,1,[12],12.0,12,12,1,1.0,2.0,1.0,0.0
548567,1,[12],12.0,12,12,1,1.0,2.0,1.0,0.0
548831,1,[6],6.0,6,6,1,1.0,2.0,1.0,0.0
548897,1,[6],6.0,6,6,1,1.0,3.0,1.0,0.0
549379,1,[12],12.0,12,12,1,1.0,3.0,1.0,0.0
549551,1,[18],18.0,18,18,1,1.0,4.0,1.0,0.0
549701,1,[6],6.0,6,6,1,1.0,2.0,0.0,0.0
549707,1,[6],6.0,6,6,1,1.0,2.0,1.0,0.0
549937,1,[6],6.0,6,6,1,1.0,3.0,1.0,0.0
550679,1,[12],12.0,12,12,1,1.0,8.0,1.0,0.0
551107,1,[36],36.0,36,36,1,1.0,3.0,1.0,0.0
551197,1,[36],36.0,36,36,1,1.0,4.0,1.0,0.0
551207,1,[12],12.0,12,12,1,1.0,2.0,1.0,0.0
551543,1,[54],54.0,54,54,1,1.0,8.0,1.0,0.0
551557,1,[12],12.0,12,12,1,1.0,10.0,1.0,0.0
551653,1,[18],18.0,18,18,1,1.0,3.0,1.0,0.0
551717,1,[6],6.0,6,6,1,1.0,3.0,0.0,0.0
551813,1,[48],48.0,48,48,1,1.0,2.0,1.0,0.0
552029,1,[30],30.0,30,30,1,1.0,2.0,1.0,0.0
552047,1,[6],6.0,6,6,1,1.0,1.0,0.0,0.0
552259,1,[12],12.0,12,12,1,1.0,3.0,1.0,0.0
552809,1,[12],12.0,12,12,1,1.0,8.0,1.0,0.0
553193,1,[18],18.0,18,18,1,1.0,6.0,1.0,0.0
553229,1,[24],24.0,24,24,1,1.0,2.0,1.0,0.0
553249,1,[30],30.0,30,30,1,1.0,4.0,1.0,0.0
553549,1,[12],12.0,12,12,1,1.0,1.0,1.0,0.0
553849,1,[24],24.0,24,24,1,1.0,6.0,1.0,0.0
554117,1,[6],6.0,6,6,1,1.0,3.0,1.0,0.0
554171,1,[18],18.0,18,18,1,1.0,5.0,1.0,0.0
554317,1,[30],30.0,30,30,1,1.0,4.0,1.0,0.0
554431,1,[36],36.0,36,36,1,1.0,2.0,1.0,0.0
554627,1,[6],6.0,6,6,1,1.0,2.0,1.0,0.0
554747,1,[6],6.0,6,6,1,1.0,2.0,1.0,0.0
554791,1,[6],6.0,6,6,1,1.0,4.0,1.0,0.0
554837,1,[6],6.0,6,6,1,1.0,2.0,1.0,0.0
554887,1,[6],6.0,6,6,1,1.0,4.0,0.0,0.0
555119,1,[24],24.0,24,24,1,1.0,2.0,1.0,0.0
555277,1,[30],30.0,30,30,1,1.0,4.0,1.0,0.0
555337,1,[12],12.0,12,12,1,1.0,4.0,1.0,0.0
555461,1,[30],30.0,30,30,1,1.0,3.0,1.0,0.0
555671,1,[6],6.0,6,6,1,1.0,2.0,1.0,0.0
556267,1,[6],6.0,6,6,1,1.0,4.0,1.0,0.0
556441,1,[18],18.0,18,18,1,1.0,4.0,1.0,0.0
556627,1,[12],12.0,12,12,1,1.0,3.0,1.0,0.0
556981,1,[18],18.0,18,18,1,1.0,3.0,1.0,0.0
557021,1,[6],6.0,6,6,1,1.0,4.0,1.0,0.0
557033,1,[60],60.0,60,60,1,1.0,4.0,1.0,0.0
557309,1,[30],30.0,30,30,1,1.0,2.0,1.0,0.0
557743,1,[18],18.0,18,18,1,1.0,1.0,1.0,0.0
558197,1,[6],6.0,6,6,1,1.0,2.0,1.0,0.0
558587,1,[12],12.0,12,12,1,1.0,6.0,1.0,0.0
558757,1,[12],12.0,12,12,1,1.0,4.0,1.0,0.0
558869,1,[12],12.0,12,12,1,1.0,5.0,1.0,0.0
559219,1,[12],12.0,12,12,1,1.0,4.0,1.0,0.0
559571,1,[6],6.0,6,6,1,1.0,2.0,1.0,0.0
559631,1,[18],18.0,18,18,1,1.0,2.0,1.0,0.0
559667,1,[6],6.0,6,6,1,1.0,4.0,0.0,0.0
559679,1,[30],30.0,30,30,1,1.0,2.0,1.0,0.0
559841,1,[18],18.0,18,18,1,1.0,2.0,1.0,0.0
559901,1,[6],6.0,6,6,1,1.0,2.0,1.0,0.0
560017,1,[6],6.0,6,6,1,1.0,3.0,1.0,0.0
560221,1,[6],6.0,6,6,1,1.0,2.0,1.0,0.0
560237,1,[6],6.0,6,6,1,1.0,2.0,0.0,0.0
560293,1,[24],24.0,24,24,1,1.0,2.0,1.0,0.0
560447,1,[12],12.0,12,12,1,1.0,2.0,1.0,0.0
560683,1,[18],18.0,18,18,1,1.0,1.0,1.0,0.0
560701,1,[18],18.0,18,18,1,1.0,4.0,1.0,0.0
561047,1,[6],6.0,6,6,1,1.0,4.0,0.0,0.0
561097,1,[6],6.0,6,6,1,1.0,4.0,1.0,0.0
562169,1,[12],12.0,12,12,1,1.0,2.0,1.0,0.0
562301,1,[6],6.0,6,6,1,1.0,5.0,0.0,0.0
562501,1,[18],18.0,18,18,1,1.0,2.0,1.0,0.0
562703,1,[18],18.0,18,18,1,1.0,5.0,1.0,0.0
562967,1,[6],6.0,6,6,1,1.0,2.0,0.0,0.0
563113,1,[18],18.0,18,18,1,1.0,2.0,1.0,0.0
563587,1,[6],6.0,6,6,1,1.0,1.0,1.0,0.0
564301,1,[6],6.0,6,6,1,1.0,2.0,0.0,0.0
564401,1,[18],18.0,18,18,1,1.0,8.0,1.0,0.0
564881,1,[18],18.0,18,18,1,1.0,2.0,1.0,0.0
565171,2,"[6, 18]",12.0,6,18,2,1.0,3.5,1.0,0.0
565177,2,"[6, 30]",18.0,6,30,2,1.0,3.5,0.5,0.0
565343,1,[18],18.0,18,18,1,1.0,5.0,1.0,0.0
565489,1,[30],30.0,30,30,1,1.0,4.0,1.0,0.0
565559,1,[12],12.0,12,12,1,1.0,6.0,1.0,0.0
565589,1,[24],24.0,24,24,1,1.0,2.0,1.0,0.0
566077,1,[12],12.0,12,12,1,1.0,4.0,0.0,0.0
566149,1,[12],12.0,12,12,1,1.0,4.0,1.0,0.0
566537,1,[6],6.0,6,6,1,1.0,5.0,0.0,0.0
566551,1,[6],6.0,6,6,1,1.0,4.0,1.0,0.0
566987,1,[12],12.0,12,12,1,1.0,2.0,1.0,0.0
567107,1,[36],36.0,36,36,1,1.0,3.0,1.0,0.0
567377,2,"[6, 12]",9.0,6,12,2,1.0,2.5,0.5,0.0
567487,1,[6],6.0,6,6,1,1.0,4.0,1.0,0.0
567659,1,[30],30.0,30,30,1,1.0,6.0,1.0,0.0
567661,1,[6],6.0,6,6,1,1.0,2.0,1.0,0.0
567793,1,[18],18.0,18,18,1,1.0,2.0,1.0,0.0
567937,1,[12],12.0,12,12,1,1.0,4.0,1.0,0.0
567943,1,[18],18.0,18,18,1,1.0,10.0,1.0,0.0
568349,1,[42],42.0,42,42,1,1.0,2.0,1.0,0.0
569189,1,[24],24.0,24,24,1,1.0,2.0,1.0,0.0
569237,1,[6],6.0,6,6,1,1.0,3.0,1.0,0.0
569321,1,[48],48.0,48,48,1,1.0,8.0,1.0,0.0
569461,1,[18],18.0,18,18,1,1.0,3.0,1.0,0.0
569659,1,[12],12.0,12,12,1,1.0,6.0,1.0,0.0
569747,1,[12],12.0,12,12,1,1.0,2.0,1.0,0.0
569851,1,[18],18.0,18,18,1,1.0,14.0,1.0,0.0
570379,1,[12],12.0,12,12,1,1.0,6.0,1.0,0.0
570407,1,[6],6.0,6,6,1,1.0,2.0,1.0,0.0
570637,1,[6],6.0,6,6,1,1.0,3.0,0.0,0.0
570671,1,[6],6.0,6,6,1,1.0,4.0,0.0,0.0
570901,1,[18],18.0,18,18,1,1.0,4.0,1.0,0.0
571199,1,[12],12.0,12,12,1,1.0,2.0,1.0,0.0
571201,1,[30],30.0,30,30,1,1.0,6.0,1.0,0.0
571741,1,[18],18.0,18,18,1,1.0,4.0,1.0,0.0
571777,1,[6],6.0,6,6,1,1.0,4.0,1.0,0.0
571841,1,[6],6.0,6,6,1,1.0,5.0,0.0,0.0
571873,1,[30],30.0,30,30,1,1.0,3.0,1.0,0.0
572051,1,[18],18.0,18,18,1,1.0,2.0,1.0,0.0
572233,1,[18],18.0,18,18,1,1.0,4.0,1.0,0.0
572437,1,[12],12.0,12,12,1,1.0,10.0,1.0,0.0
572801,1,[6],6.0,6,6,1,1.0,2.0,1.0,0.0
572821,1,[6],6.0,6,6,1,1.0,2.0,0.0,0.0
572927,1,[6],6.0,6,6,1,1.0,4.0,1.0,0.0
572993,1,[54],54.0,54,54,1,1.0,2.0,0.0,1.0
573161,1,[18],18.0,18,18,1,1.0,2.0,1.0,0.0
573317,1,[12],12.0,12,12,1,1.0,2.0,1.0,0.0
573481,1,[6],6.0,6,6,1,1.0,4.0,1.0,0.0
573497,1,[30],30.0,30,30,1,1.0,6.0,1.0,0.0
573739,1,[24],24.0,24,24,1,1.0,4.0,1.0,0.0
573929,1,[12],12.0,12,12,1,1.0,2.0,1.0,0.0
574157,2,"[6, 12]",9.0,6,12,2,1.0,3.5,1.0,0.0
574183,1,[18],18.0,18,18,1,1.0,6.0,1.0,0.0
574363,1,[30],30.0,30,30,1,1.0,4.0,1.0,0.0
574619,1,[12],12.0,12,12,1,1.0,2.0,1.0,0.0
574699,1,[12],12.0,12,12,1,1.0,2.0,0.0,0.0
574789,1,[12],12.0,12,12,1,1.0,6.0,1.0,0.0
575219,2,"[12, 42]",27.0,12,42,2,1.0,5.0,1.0,0.0
575699,1,[24],24.0,24,24,1,1.0,3.0,1.0,0.0
575711,1,[6],6.0,6,6,1,1.0,2.0,0.0,0.0
576167,1,[60],60.0,60,60,1,1.0,2.0,1.0,0.0
576287,1,[6],6.0,6,6,1,1.0,2.0,1.0,0.0
576529,1,[24],24.0,24,24,1,1.0,4.0,1.0,0.0
576647,1,[12],12.0,12,12,1,1.0,2.0,1.0,0.0
576671,1,[6],6.0,6,6,1,1.0,2.0,1.0,0.0
576677,2,"[6, 12]",9.0,6,12,2,1.0,2.0,1.0,0.0
576701,1,[90],90.0,90,90,1,1.0,8.0,1.0,0.0
577453,1,[30],30.0,30,30,1,1.0,4.0,1.0,0.0
577517,1,[6],6.0,6,6,1,1.0,3.0,0.0,0.0
577589,1,[12],12.0,12,12,1,1.0,5.0,1.0,0.0
577613,1,[54],54.0,54,54,1,1.0,2.0,1.0,0.0
577831,1,[18],18.0,18,18,1,1.0,2.0,1.0,0.0
577867,1,[6],6.0,6,6,1,1.0,1.0,0.0,0.0
578477,1,[6],6.0,6,6,1,1.0,3.0,1.0,0.0
578497,1,[6],6.0,6,6,1,1.0,3.0,1.0,0.0
578597,2,"[6, 12]",9.0,6,12,2,1.0,5.5,0.5,0.0
579011,1,[6],6.0,6,6,1,1.0,5.0,1.0,0.0
579107,1,[6],6.0,6,6,1,1.0,2.0,1.0,0.0
579263,1,[24],24.0,24,24,1,1.0,8.0,1.0,0.0
579563,1,[24],24.0,24,24,1,1.0,2.0,1.0,0.0
579701,1,[6],6.0,6,6,1,1.0,2.0,0.0,0.0
579961,1,[6],6.0,6,6,1,1.0,4.0,0.0,0.0
580627,1,[6],6.0,6,6,1,1.0,1.0,1.0,0.0
580889,1,[12],12.0,12,12,1,1.0,6.0,1.0,0.0
581137,1,[6],6.0,6,6,1,1.0,1.0,0.0,0.0
581171,1,[6],6.0,6,6,1,1.0,4.0,1.0,0.0
581393,1,[18],18.0,18,18,1,1.0,2.0,1.0,0.0
581549,1,[24],24.0,24,24,1,1.0,4.0,1.0,0.0
581797,1,[12],12.0,12,12,1,1.0,2.0,1.0,0.0
581857,1,[6],6.0,6,6,1,1.0,1.0,0.0,0.0
581873,1,[18],18.0,18,18,1,1.0,6.0,1.0,0.0
581941,1,[6],6.0,6,6,1,1.0,1.0,0.0,0.0
582161,1,[6],6.0,6,6,1,1.0,4.0,1.0,0.0
582203,1,[48],48.0,48,48,1,1.0,6.0,1.0,0.0
582761,1,[6],6.0,6,6,1,1.0,2.0,0.0,0.0
582937,1,[12],12.0,12,12,1,1.0,10.0,1.0,0.0
583007,1,[6],6.0,6,6,1,1.0,5.0,1.0,0.0
583171,1,[18],18.0,18,18,1,1.0,6.0,1.0,0.0
583267,2,"[6, 12]",9.0,6,12,2,1.0,4.0,1.0,0.0
583391,1,[6],6.0,6,6,1,1.0,2.0,1.0,0.0
583397,1,[6],6.0,6,6,1,1.0,2.0,1.0,0.0
583469,1,[12],12.0,12,12,1,1.0,2.0,1.0,0.0
583777,2,"[6, 12]",9.0,6,12,2,1.0,4.0,1.0,0.0
584057,1,[42],42.0,42,42,1,1.0,2.0,1.0,0.0
584063,1,[18],18.0,18,18,1,1.0,2.0,1.0,0.0
584387,2,"[6, 12]",9.0,6,12,2,1.0,2.5,0.5,0.0
584411,1,[18],18.0,18,18,1,1.0,2.0,1.0,0.0
584587,1,[6],6.0,6,6,1,1.0,1.0,0.0,0.0
584707,2,"[6, 30]",18.0,6,30,2,1.0,4.0,0.5,0.0
584911,1,[6],6.0,6,6,1,1.0,1.0,1.0,0.0
585037,2,"[6, 12]",9.0,6,12,2,1.0,4.0,1.0,0.0
585107,2,"[6, 12]",9.0,6,12,2,1.0,2.0,1.0,0.0
585113,1,[18],18.0,18,18,1,1.0,2.0,1.0,0.0
585581,1,[6],6.0,6,6,1,1.0,2.0,1.0,0.0
585721,1,[6],6.0,6,6,1,1.0,4.0,1.0,0.0
585737,1,[6],6.0,6,6,1,1.0,5.0,0.0,0.0
585841,1,[6],6.0,6,6,1,1.0,4.0,0.0,0.0
585877,1,[6],6.0,6,6,1,1.0,3.0,0.0,0.0
585917,1,[36],36.0,36,36,1,1.0,2.0,1.0,0.0
586189,1,[24],24.0,24,24,1,1.0,1.0,1.0,0.0
586577,1,[12],12.0,12,12,1,1.0,2.0,1.0,0.0
586801,1,[18],18.0,18,18,1,1.0,4.0,1.0,0.0
586897,1,[6],6.0,6,6,1,1.0,3.0,1.0,0.0
586909,1,[12],12.0,12,12,1,1.0,2.0,0.0,0.0
587051,1,[6],6.0,6,6,1,1.0,1.0,0.0,0.0
587131,1,[6],6.0,6,6,1,1.0,4.0,1.0,0.0
587137,1,[6],6.0,6,6,1,1.0,4.0,1.0,0.0
587527,1,[6],6.0,6,6,1,1.0,1.0,1.0,0.0
587539,1,[12],12.0,12,12,1,1.0,4.0,1.0,0.0
587987,1,[12],12.0,12,12,1,1.0,2.0,1.0,0.0
588169,1,[30],30.0,30,30,1,1.0,7.0,1.0,0.0
588631,1,[18],18.0,18,18,1,1.0,4.0,1.0,0.0
588673,1,[30],30.0,30,30,1,1.0,3.0,1.0,0.0
588767,1,[6],6.0,6,6,1,1.0,1.0,0.0,0.0
589207,2,"[6, 12]",9.0,6,12,2,1.0,2.5,0.5,0.0
589213,1,[30],30.0,30,30,1,1.0,4.0,1.0,0.0
589327,1,[30],30.0,30,30,1,1.0,2.0,1.0,0.0
589579,1,[30],30.0,30,30,1,1.0,4.0,1.0,0.0
589793,1,[18],18.0,18,18,1,1.0,8.0,1.0,0.0
589811,1,[18],18.0,18,18,1,1.0,9.0,1.0,0.0
589873,1,[60],60.0,60,60,1,1.0,4.0,1.0,0.0
590021,1,[6],6.0,6,6,1,1.0,2.0,1.0,0.0
590129,1,[12],12.0,12,12,1,1.0,2.0,1.0,0.0
590141,1,[30],30.0,30,30,1,1.0,2.0,1.0,0.0
590171,1,[36],36.0,36,36,1,1.0,8.0,1.0,0.0
590377,1,[6],6.0,6,6,1,1.0,2.0,0.0,0.0
590383,1,[24],24.0,24,24,1,1.0,4.0,1.0,0.0
590899,1,[30],30.0,30,30,1,1.0,10.0,1.0,0.0
591113,1,[24],24.0,24,24,1,1.0,2.0,1.0,0.0
591599,1,[12],12.0,12,12,1,1.0,2.0,1.0,0.0
591673,1,[18],18.0,18,18,1,1.0,3.0,1.0,0.0
591881,1,[6],6.0,6,6,1,1.0,4.0,1.0,0.0
592049,1,[12],12.0,12,12,1,1.0,2.0,1.0,0.0
592121,1,[18],18.0,18,18,1,1.0,2.0,1.0,0.0
592351,1,[18],18.0,18,18,1,1.0,4.0,1.0,0.0
592357,1,[36],36.0,36,36,1,1.0,4.0,1.0,0.0
592597,1,[12],12.0,12,12,1,1.0,4.0,1.0,0.0
592663,1,[30],30.0,30,30,1,1.0,1.0,1.0,0.0
592849,1,[12],12.0,12,12,1,1.0,2.0,1.0,0.0
593273,1,[24],24.0,24,24,1,1.0,4.0,1.0,0.0
593293,1,[30],30.0,30,30,1,1.0,3.0,1.0,0.0
593501,1,[6],6.0,6,6,1,1.0,2.0,1.0,0.0
593507,2,"[6, 12]",9.0,6,12,2,1.0,3.0,0.5,0.0
593839,2,"[12, 30]",21.0,12,30,2,1.0,4.0,1.0,0.0
593933,1,[18],18.0,18,18,1,1.0,2.0,1.0,0.0
594211,1,[30],30.0,30,30,1,1.0,6.0,1.0,0.0
594287,1,[12],12.0,12,12,1,1.0,3.0,1.0,0.0
594299,1,[30],30.0,30,30,1,1.0,2.0,1.0,0.0
594697,1,[12],12.0,12,12,1,1.0,9.0,1.0,0.0
595081,1,[6],6.0,6,6,1,1.0,3.0,0.0,0.0
595117,1,[6],6.0,6,6,1,1.0,4.0,1.0,0.0
595339,1,[12],12.0,12,12,1,1.0,1.0,0.0,0.0
595351,1,[30],30.0,30,30,1,1.0,1.0,1.0,0.0
596047,1,[6],6.0,6,6,1,1.0,3.0,0.0,0.0
596069,1,[24],24.0,24,24,1,1.0,5.0,1.0,0.0
596293,1,[24],24.0,24,24,1,1.0,1.0,1.0,0.0
596587,2,"[6, 12]",9.0,6,12,2,1.0,4.0,1.0,0.0
596599,1,[12],12.0,12,12,1,1.0,3.0,1.0,0.0
597473,1,[24],24.0,24,24,1,1.0,6.0,1.0,0.0
597589,1,[24],24.0,24,24,1,1.0,8.0,1.0,0.0
597637,1,[60],60.0,60,60,1,1.0,6.0,1.0,0.0
597757,1,[12],12.0,12,12,1,1.0,6.0,0.0,0.0
598219,1,[42],42.0,42,42,1,1.0,4.0,1.0,0.0
598303,1,[30],30.0,30,30,1,1.0,4.0,1.0,0.0
598439,1,[24],24.0,24,24,1,1.0,4.0,1.0,0.0
598657,1,[12],12.0,12,12,1,1.0,8.0,1.0,0.0
598681,1,[48],48.0,48,48,1,1.0,4.0,1.0,0.0
598777,1,[6],6.0,6,6,1,1.0,3.0,1.0,0.0
598903,1,[30],30.0,30,30,1,1.0,6.0,1.0,0.0
599359,1,[12],12.0,12,12,1,1.0,10.0,1.0,0.0
599407,1,[6],6.0,6,6,1,1.0,1.0,0.0,0.0
599591,1,[6],6.0,6,6,1,1.0,4.0,0.0,0.0
599927,1,[6],6.0,6,6,1,1.0,5.0,1.0,0.0
600451,1,[18],18.0,18,18,1,1.0,4.0,1.0,0.0
600623,1,[18],18.0,18,18,1,1.0,2.0,1.0,0.0
600703,1,[24],24.0,24,24,1,1.0,4.0,1.0,0.0
600877,1,[6],6.0,6,6,1,1.0,1.0,0.0,0.0
600949,1,[12],12.0,12,12,1,1.0,1.0,1.0,0.0
601207,1,[12],12.0,12,12,1,1.0,2.0,1.0,0.0
601651,1,[18],18.0,18,18,1,1.0,4.0,1.0,0.0
601687,1,[30],30.0,30,30,1,1.0,2.0,1.0,0.0
601801,1,[6],6.0,6,6,1,1.0,4.0,0.0,0.0
601807,1,[6],6.0,6,6,1,1.0,4.0,1.0,0.0
601813,1,[18],18.0,18,18,1,1.0,6.0,1.0,0.0
602033,1,[24],24.0,24,24,1,1.0,2.0,1.0,0.0
602081,1,[6],6.0,6,6,1,1.0,5.0,0.0,0.0
602087,2,"[6, 12]",9.0,6,12,2,1.0,3.0,1.0,0.0
602221,1,[6],6.0,6,6,1,1.0,2.0,0.0,0.0
602309,1,[12],12.0,12,12,1,1.0,11.0,0.0,0.0
602477,1,[12],12.0,12,12,1,1.0,2.0,1.0,0.0
602489,1,[12],12.0,12,12,1,1.0,2.0,1.0,0.0
602873,1,[18],18.0,18,18,1,1.0,2.0,1.0,0.0
602971,1,[6],6.0,6,6,1,1.0,1.0,1.0,0.0
602999,1,[24],24.0,24,24,1,1.0,10.0,1.0,0.0
603529,1,[12],12.0,12,12,1,1.0,4.0,1.0,0.0
603557,1,[6],6.0,6,6,1,1.0,2.0,1.0,0.0
603769,1,[24],24.0,24,24,1,1.0,1.0,1.0,0.0
603847,1,[6],6.0,6,6,1,1.0,1.0,1.0,0.0
603901,1,[6],6.0,6,6,1,1.0,2.0,0.0,0.0
604001,1,[6],6.0,6,6,1,1.0,2.0,1.0,0.0
604057,1,[6],6.0,6,6,1,1.0,4.0,1.0,0.0
604237,1,[6],6.0,6,6,1,1.0,3.0,1.0,0.0
604361,1,[18],18.0,18,18,1,1.0,2.0,1.0,0.0
604589,1,[30],30.0,30,30,1,1.0,2.0,1.0,0.0
604859,1,[24],24.0,24,24,1,1.0,2.0,1.0,0.0
604883,1,[24],24.0,24,24,1,1.0,2.0,1.0,0.0
604949,1,[24],24.0,24,24,1,1.0,10.0,1.0,0.0
604997,1,[12],12.0,12,12,1,1.0,2.0,1.0,0.0
605497,1,[6],6.0,6,6,1,1.0,4.0,1.0,0.0
605597,1,[6],6.0,6,6,1,1.0,3.0,0.0,0.0
605837,1,[12],12.0,12,12,1,1.0,2.0,1.0,0.0
605861,1,[6],6.0,6,6,1,1.0,2.0,1.0,0.0
605867,1,[6],6.0,6,6,1,1.0,4.0,0.0,0.0
605909,1,[12],12.0,12,12,1,1.0,2.0,1.0,0.0
606041,1,[18],18.0,18,18,1,1.0,2.0,1.0,0.0
606731,1,[6],6.0,6,6,1,1.0,2.0,1.0,0.0
607037,1,[6],6.0,6,6,1,1.0,2.0,0.0,0.0
607091,1,[18],18.0,18,18,1,1.0,2.0,1.0,0.0
607151,1,[6],6.0,6,6,1,1.0,4.0,1.0,0.0
607163,1,[18],18.0,18,18,1,1.0,2.0,1.0,0.0
607307,1,[12],12.0,12,12,1,1.0,4.0,1.0,0.0
607309,1,[54],54.0,54,54,1,1.0,3.0,1.0,0.0
607993,1,[18],18.0,18,18,1,1.0,6.0,1.0,0.0
608117,1,[6],6.0,6,6,1,1.0,3.0,1.0,0.0
608359,1,[12],12.0,12,12,1,1.0,10.0,1.0,0.0
608459,1,[12],12.0,12,12,1,1.0,2.0,1.0,0.0
608737,1,[6],6.0,6,6,1,1.0,3.0,1.0,0.0
608759,1,[30],30.0,30,30,1,1.0,2.0,1.0,0.0
608819,1,[12],12.0,12,12,1,1.0,3.0,1.0,0.0
608851,1,[6],6.0,6,6,1,1.0,1.0,1.0,0.0
608941,1,[6],6.0,6,6,1,1.0,4.0,1.0,0.0
609101,1,[6],6.0,6,6,1,1.0,4.0,0.0,0.0
609221,1,[6],6.0,6,6,1,1.0,2.0,1.0,0.0
609277,1,[6],6.0,6,6,1,1.0,3.0,1.0,0.0
609289,1,[24],24.0,24,24,1,1.0,4.0,1.0,0.0
609391,1,[6],6.0,6,6,1,1.0,4.0,1.0,0.0
609601,1,[6],6.0,6,6,1,1.0,4.0,1.0,0.0
610187,1,[6],6.0,6,6,1,1.0,2.0,1.0,0.0
610817,1,[6],6.0,6,6,1,1.0,3.0,1.0,0.0
610867,1,[12],12.0,12,12,1,1.0,2.0,1.0,0.0
611927,1,[12],12.0,12,12,1,1.0,2.0,1.0,0.0
