rsa_bits,keypair_count,repeat_count,proxy_rejection_rate,baseline_mean_time_per_keypair_ms_median,accelerated_mean_time_per_keypair_ms_median,baseline_mean_miller_rabin_time_per_keypair_ms_median,accelerated_mean_proxy_time_per_keypair_ms_median,accelerated_mean_miller_rabin_time_per_keypair_ms_median,speedup_median,speedup_min,speedup_max,structural_speedup_ceiling,realized_ceiling_fraction,baseline_to_proxy_cost_ratio,baseline_miller_rabin_to_proxy_cost_ratio
1024,24,3,0.913160733549,87.959604166667,68.570559000000,81.814737083333,30.754011083333,31.774625750000,1.282760494437,1.264698767366,1.315471848672,11.515527950311,0.111393980369,2.860101855603,2.660294842895
2048,12,3,0.910420475320,751.221059000000,361.146850666667,712.507917916667,75.868969500000,247.823569916667,2.032356734398,2.024229252851,2.144986516067,11.163265306122,0.182057550248,9.901558752554,9.391295579897
3072,8,3,0.913174404015,3991.494651125000,1540.093401000000,3871.574896750000,188.524665125000,1234.906690125000,2.598275920864,2.570265903795,2.619037920005,11.517341040462,0.225596855362,21.172267557025,20.536171721525
4096,6,3,0.912927661700,16987.298527833333,6025.766090333333,16695.998808333334,460.499408666667,5290.083007333333,2.831369351272,2.791199344550,2.870278114940,11.484703632887,0.246533950007,36.888860676322,36.256287183245
8192,2,3,0.918395849960,170917.934478999989,51108.172020999998,168969.107977500011,2355.057509000000,46811.805732000001,3.344238851054,3.303073392972,3.349772307411,12.254278728606,0.272903768971,72.574845338522,71.747338369349
