rung_min_exponent,rung_max_exponent,exponent,exponent_divisor_count,exponent_status,number_family,left_prime_rule_id,candidate_bound,candidate_seconds_limit,candidate_checks,rejected_candidate_offsets_before_left_prime,unresolved_reason,unresolved_candidate_offset,power_of_two,mersenne_number,distance_to_left_prime,mersenne_location_inferred,left_prime
2,31,2,2,left_prime_resolved,power_of_two,pgs_left_prime_wheel_open_v1,4096,1.0,1,,,,4,3,1,True,3
2,31,3,2,left_prime_resolved,power_of_two,pgs_left_prime_wheel_open_v1,4096,1.0,1,,,,8,7,1,True,7
2,31,4,3,exponent_divisor_count_not_two,power_of_two,pgs_left_prime_wheel_open_v1,,,,,,,,,,False,
2,31,5,2,left_prime_resolved,power_of_two,pgs_left_prime_wheel_open_v1,4096,1.0,1,,,,32,31,1,True,31
2,31,6,4,exponent_divisor_count_not_two,power_of_two,pgs_left_prime_wheel_open_v1,,,,,,,,,,False,
2,31,7,2,left_prime_resolved,power_of_two,pgs_left_prime_wheel_open_v1,4096,1.0,1,,,,128,127,1,True,127
2,31,8,4,exponent_divisor_count_not_two,power_of_two,pgs_left_prime_wheel_open_v1,,,,,,,,,,False,
2,31,9,3,exponent_divisor_count_not_two,power_of_two,pgs_left_prime_wheel_open_v1,,,,,,,,,,False,
2,31,10,4,exponent_divisor_count_not_two,power_of_two,pgs_left_prime_wheel_open_v1,,,,,,,,,,False,
2,31,11,2,left_prime_resolved,power_of_two,pgs_left_prime_wheel_open_v1,4096,1.0,3,1;7,,,2048,2047,9,False,2039
2,31,12,6,exponent_divisor_count_not_two,power_of_two,pgs_left_prime_wheel_open_v1,,,,,,,,,,False,
2,31,13,2,left_prime_resolved,power_of_two,pgs_left_prime_wheel_open_v1,4096,1.0,1,,,,8192,8191,1,True,8191
2,31,14,4,exponent_divisor_count_not_two,power_of_two,pgs_left_prime_wheel_open_v1,,,,,,,,,,False,
2,31,15,4,exponent_divisor_count_not_two,power_of_two,pgs_left_prime_wheel_open_v1,,,,,,,,,,False,
2,31,16,5,exponent_divisor_count_not_two,power_of_two,pgs_left_prime_wheel_open_v1,,,,,,,,,,False,
2,31,17,2,left_prime_resolved,power_of_two,pgs_left_prime_wheel_open_v1,4096,1.0,1,,,,131072,131071,1,True,131071
2,31,18,6,exponent_divisor_count_not_two,power_of_two,pgs_left_prime_wheel_open_v1,,,,,,,,,,False,
2,31,19,2,left_prime_resolved,power_of_two,pgs_left_prime_wheel_open_v1,4096,1.0,1,,,,524288,524287,1,True,524287
2,31,20,6,exponent_divisor_count_not_two,power_of_two,pgs_left_prime_wheel_open_v1,,,,,,,,,,False,
2,31,21,4,exponent_divisor_count_not_two,power_of_two,pgs_left_prime_wheel_open_v1,,,,,,,,,,False,
2,31,22,4,exponent_divisor_count_not_two,power_of_two,pgs_left_prime_wheel_open_v1,,,,,,,,,,False,
2,31,23,2,left_prime_resolved,power_of_two,pgs_left_prime_wheel_open_v1,4096,1.0,4,1;7;9,,,8388608,8388607,15,False,8388593
2,31,24,8,exponent_divisor_count_not_two,power_of_two,pgs_left_prime_wheel_open_v1,,,,,,,,,,False,
2,31,25,3,exponent_divisor_count_not_two,power_of_two,pgs_left_prime_wheel_open_v1,,,,,,,,,,False,
2,31,26,4,exponent_divisor_count_not_two,power_of_two,pgs_left_prime_wheel_open_v1,,,,,,,,,,False,
2,31,27,4,exponent_divisor_count_not_two,power_of_two,pgs_left_prime_wheel_open_v1,,,,,,,,,,False,
2,31,28,6,exponent_divisor_count_not_two,power_of_two,pgs_left_prime_wheel_open_v1,,,,,,,,,,False,
2,31,29,2,left_prime_resolved,power_of_two,pgs_left_prime_wheel_open_v1,4096,1.0,2,1,,,536870912,536870911,3,False,536870909
2,31,30,8,exponent_divisor_count_not_two,power_of_two,pgs_left_prime_wheel_open_v1,,,,,,,,,,False,
2,31,31,2,left_prime_resolved,power_of_two,pgs_left_prime_wheel_open_v1,4096,1.0,1,,,,2147483648,2147483647,1,True,2147483647
32,100,32,6,exponent_divisor_count_not_two,power_of_two,pgs_left_prime_wheel_open_v1,,,,,,,,,,False,
32,100,33,4,exponent_divisor_count_not_two,power_of_two,pgs_left_prime_wheel_open_v1,,,,,,,,,,False,
32,100,34,4,exponent_divisor_count_not_two,power_of_two,pgs_left_prime_wheel_open_v1,,,,,,,,,,False,
32,100,35,4,exponent_divisor_count_not_two,power_of_two,pgs_left_prime_wheel_open_v1,,,,,,,,,,False,
32,100,36,9,exponent_divisor_count_not_two,power_of_two,pgs_left_prime_wheel_open_v1,,,,,,,,,,False,
32,100,37,2,left_prime_resolved,power_of_two,pgs_left_prime_wheel_open_v1,4096,1.0,8,1;3;9;13;15;19;21,,,137438953472,137438953471,25,False,137438953447
32,100,38,4,exponent_divisor_count_not_two,power_of_two,pgs_left_prime_wheel_open_v1,,,,,,,,,,False,
32,100,39,4,exponent_divisor_count_not_two,power_of_two,pgs_left_prime_wheel_open_v1,,,,,,,,,,False,
32,100,40,8,exponent_divisor_count_not_two,power_of_two,pgs_left_prime_wheel_open_v1,,,,,,,,,,False,
32,100,41,2,left_prime_resolved,power_of_two,pgs_left_prime_wheel_open_v1,4096,1.0,7,1;3;9;13;15;19,,,2199023255552,2199023255551,21,False,2199023255531
32,100,42,8,exponent_divisor_count_not_two,power_of_two,pgs_left_prime_wheel_open_v1,,,,,,,,,,False,
32,100,43,2,left_prime_resolved,power_of_two,pgs_left_prime_wheel_open_v1,4096,1.0,16,1;7;9;15;19;21;25;27;31;37;39;45;49;51;55,,,8796093022208,8796093022207,57,False,8796093022151
32,100,44,6,exponent_divisor_count_not_two,power_of_two,pgs_left_prime_wheel_open_v1,,,,,,,,,,False,
32,100,45,6,exponent_divisor_count_not_two,power_of_two,pgs_left_prime_wheel_open_v1,,,,,,,,,,False,
32,100,46,4,exponent_divisor_count_not_two,power_of_two,pgs_left_prime_wheel_open_v1,,,,,,,,,,False,
32,100,47,2,left_prime_resolved,power_of_two,pgs_left_prime_wheel_open_v1,4096,1.0,31,1;7;9;15;19;21;25;27;31;37;39;45;49;51;55;57;61;67;69;75;79;81;85;87;91;97;99;105;109;111,,,140737488355328,140737488355327,115,False,140737488355213
32,100,48,10,exponent_divisor_count_not_two,power_of_two,pgs_left_prime_wheel_open_v1,,,,,,,,,,False,
32,100,49,3,exponent_divisor_count_not_two,power_of_two,pgs_left_prime_wheel_open_v1,,,,,,,,,,False,
32,100,50,6,exponent_divisor_count_not_two,power_of_two,pgs_left_prime_wheel_open_v1,,,,,,,,,,False,
32,100,51,4,exponent_divisor_count_not_two,power_of_two,pgs_left_prime_wheel_open_v1,,,,,,,,,,False,
32,100,52,6,exponent_divisor_count_not_two,power_of_two,pgs_left_prime_wheel_open_v1,,,,,,,,,,False,
32,100,53,2,left_prime_resolved,power_of_two,pgs_left_prime_wheel_open_v1,4096,1.0,31,1;3;9;13;15;19;21;25;31;33;39;43;45;49;51;55;61;63;69;73;75;79;81;85;91;93;99;103;105;109,,,9007199254740992,9007199254740991,111,False,9007199254740881
32,100,54,8,exponent_divisor_count_not_two,power_of_two,pgs_left_prime_wheel_open_v1,,,,,,,,,,False,
32,100,55,4,exponent_divisor_count_not_two,power_of_two,pgs_left_prime_wheel_open_v1,,,,,,,,,,False,
32,100,56,8,exponent_divisor_count_not_two,power_of_two,pgs_left_prime_wheel_open_v1,,,,,,,,,,False,
32,100,57,4,exponent_divisor_count_not_two,power_of_two,pgs_left_prime_wheel_open_v1,,,,,,,,,,False,
32,100,58,4,exponent_divisor_count_not_two,power_of_two,pgs_left_prime_wheel_open_v1,,,,,,,,,,False,
32,100,59,2,left_prime_resolved,power_of_two,pgs_left_prime_wheel_open_v1,4096,1.0,15,1;7;9;15;19;21;25;27;31;37;39;45;49;51,,,576460752303423488,576460752303423487,55,False,576460752303423433
32,100,60,12,exponent_divisor_count_not_two,power_of_two,pgs_left_prime_wheel_open_v1,,,,,,,,,,False,
32,100,61,2,left_prime_resolved,power_of_two,pgs_left_prime_wheel_open_v1,4096,1.0,1,,,,2305843009213693952,2305843009213693951,1,True,2305843009213693951
32,100,62,4,exponent_divisor_count_not_two,power_of_two,pgs_left_prime_wheel_open_v1,,,,,,,,,,False,
32,100,63,6,exponent_divisor_count_not_two,power_of_two,pgs_left_prime_wheel_open_v1,,,,,,,,,,False,
32,100,64,7,exponent_divisor_count_not_two,power_of_two,pgs_left_prime_wheel_open_v1,,,,,,,,,,False,
32,100,65,4,exponent_divisor_count_not_two,power_of_two,pgs_left_prime_wheel_open_v1,,,,,,,,,,False,
32,100,66,8,exponent_divisor_count_not_two,power_of_two,pgs_left_prime_wheel_open_v1,,,,,,,,,,False,
32,100,67,2,left_prime_resolved,power_of_two,pgs_left_prime_wheel_open_v1,4096,1.0,5,1;7;9;15,,,147573952589676412928,147573952589676412927,19,False,147573952589676412909
32,100,68,6,exponent_divisor_count_not_two,power_of_two,pgs_left_prime_wheel_open_v1,,,,,,,,,,False,
32,100,69,4,exponent_divisor_count_not_two,power_of_two,pgs_left_prime_wheel_open_v1,,,,,,,,,,False,
32,100,70,8,exponent_divisor_count_not_two,power_of_two,pgs_left_prime_wheel_open_v1,,,,,,,,,,False,
32,100,71,2,left_prime_resolved,power_of_two,pgs_left_prime_wheel_open_v1,4096,1.0,62,1;7;9;15;19;21;25;27;31;37;39;45;49;51;55;57;61;67;69;75;79;81;85;87;91;97;99;105;109;111;115;117;121;127;129;135;139;141;145;147;151;157;159;165;169;171;175;177;181;187;189;195;199;201;205;207;211;217;219;225;229,,,2361183241434822606848,2361183241434822606847,231,False,2361183241434822606617
32,100,72,12,exponent_divisor_count_not_two,power_of_two,pgs_left_prime_wheel_open_v1,,,,,,,,,,False,
32,100,73,2,left_prime_resolved,power_of_two,pgs_left_prime_wheel_open_v1,4096,1.0,19,1;3;9;13;15;19;21;25;31;33;39;43;45;49;51;55;61;63,,,9444732965739290427392,9444732965739290427391,69,False,9444732965739290427323
32,100,74,4,exponent_divisor_count_not_two,power_of_two,pgs_left_prime_wheel_open_v1,,,,,,,,,,False,
32,100,75,6,exponent_divisor_count_not_two,power_of_two,pgs_left_prime_wheel_open_v1,,,,,,,,,,False,
32,100,76,6,exponent_divisor_count_not_two,power_of_two,pgs_left_prime_wheel_open_v1,,,,,,,,,,False,
32,100,77,4,exponent_divisor_count_not_two,power_of_two,pgs_left_prime_wheel_open_v1,,,,,,,,,,False,
32,100,78,8,exponent_divisor_count_not_two,power_of_two,pgs_left_prime_wheel_open_v1,,,,,,,,,,False,
32,100,79,2,left_prime_resolved,power_of_two,pgs_left_prime_wheel_open_v1,4096,1.0,18,1;7;9;15;19;21;25;27;31;37;39;45;49;51;55;57;61,,,604462909807314587353088,604462909807314587353087,67,False,604462909807314587353021
32,100,80,10,exponent_divisor_count_not_two,power_of_two,pgs_left_prime_wheel_open_v1,,,,,,,,,,False,
32,100,81,5,exponent_divisor_count_not_two,power_of_two,pgs_left_prime_wheel_open_v1,,,,,,,,,,False,
32,100,82,4,exponent_divisor_count_not_two,power_of_two,pgs_left_prime_wheel_open_v1,,,,,,,,,,False,
32,100,83,2,left_prime_resolved,power_of_two,pgs_left_prime_wheel_open_v1,4096,1.0,15,1;7;9;15;19;21;25;27;31;37;39;45;49;51,,,9671406556917033397649408,9671406556917033397649407,55,False,9671406556917033397649353
32,100,84,12,exponent_divisor_count_not_two,power_of_two,pgs_left_prime_wheel_open_v1,,,,,,,,,,False,
32,100,85,4,exponent_divisor_count_not_two,power_of_two,pgs_left_prime_wheel_open_v1,,,,,,,,,,False,
32,100,86,4,exponent_divisor_count_not_two,power_of_two,pgs_left_prime_wheel_open_v1,,,,,,,,,,False,
32,100,87,4,exponent_divisor_count_not_two,power_of_two,pgs_left_prime_wheel_open_v1,,,,,,,,,,False,
32,100,88,8,exponent_divisor_count_not_two,power_of_two,pgs_left_prime_wheel_open_v1,,,,,,,,,,False,
32,100,89,2,left_prime_resolved,power_of_two,pgs_left_prime_wheel_open_v1,4096,1.0,1,,,,618970019642690137449562112,618970019642690137449562111,1,True,618970019642690137449562111
32,100,90,12,exponent_divisor_count_not_two,power_of_two,pgs_left_prime_wheel_open_v1,,,,,,,,,,False,
32,100,91,4,exponent_divisor_count_not_two,power_of_two,pgs_left_prime_wheel_open_v1,,,,,,,,,,False,
32,100,92,6,exponent_divisor_count_not_two,power_of_two,pgs_left_prime_wheel_open_v1,,,,,,,,,,False,
32,100,93,4,exponent_divisor_count_not_two,power_of_two,pgs_left_prime_wheel_open_v1,,,,,,,,,,False,
32,100,94,4,exponent_divisor_count_not_two,power_of_two,pgs_left_prime_wheel_open_v1,,,,,,,,,,False,
32,100,95,4,exponent_divisor_count_not_two,power_of_two,pgs_left_prime_wheel_open_v1,,,,,,,,,,False,
32,100,96,12,exponent_divisor_count_not_two,power_of_two,pgs_left_prime_wheel_open_v1,,,,,,,,,,False,
32,100,97,2,left_prime_resolved,power_of_two,pgs_left_prime_wheel_open_v1,4096,1.0,39,1;3;9;13;15;19;21;25;31;33;39;43;45;49;51;55;61;63;69;73;75;79;81;85;91;93;99;103;105;109;111;115;121;123;129;133;135;139,,,158456325028528675187087900672,158456325028528675187087900671,141,False,158456325028528675187087900531
32,100,98,6,exponent_divisor_count_not_two,power_of_two,pgs_left_prime_wheel_open_v1,,,,,,,,,,False,
32,100,99,6,exponent_divisor_count_not_two,power_of_two,pgs_left_prime_wheel_open_v1,,,,,,,,,,False,
32,100,100,9,exponent_divisor_count_not_two,power_of_two,pgs_left_prime_wheel_open_v1,,,,,,,,,,False,
101,1000,101,2,left_prime_resolved,power_of_two,pgs_left_prime_wheel_open_v1,4096,1.0,19,1;3;9;13;15;19;21;25;31;33;39;43;45;49;51;55;61;63,,,2535301200456458802993406410752,2535301200456458802993406410751,69,False,2535301200456458802993406410683
101,1000,102,8,exponent_divisor_count_not_two,power_of_two,pgs_left_prime_wheel_open_v1,,,,,,,,,,False,
101,1000,103,2,left_prime_unresolved,power_of_two,pgs_left_prime_wheel_open_v1,4096,1.0,12,1;7;9;15;19;21;25;27;31;37;39,candidate_work_limit,45,10141204801825835211973625643008,10141204801825835211973625643007,,False,
101,1000,104,8,exponent_divisor_count_not_two,power_of_two,pgs_left_prime_wheel_open_v1,,,,,,,,,,False,
101,1000,105,8,exponent_divisor_count_not_two,power_of_two,pgs_left_prime_wheel_open_v1,,,,,,,,,,False,
101,1000,106,4,exponent_divisor_count_not_two,power_of_two,pgs_left_prime_wheel_open_v1,,,,,,,,,,False,
101,1000,107,2,left_prime_resolved,power_of_two,pgs_left_prime_wheel_open_v1,4096,1.0,1,,,,162259276829213363391578010288128,162259276829213363391578010288127,1,True,162259276829213363391578010288127
101,1000,108,12,exponent_divisor_count_not_two,power_of_two,pgs_left_prime_wheel_open_v1,,,,,,,,,,False,
101,1000,109,2,left_prime_resolved,power_of_two,pgs_left_prime_wheel_open_v1,4096,1.0,9,1;3;9;13;15;19;21;25,,,649037107316853453566312041152512,649037107316853453566312041152511,31,False,649037107316853453566312041152481
101,1000,110,8,exponent_divisor_count_not_two,power_of_two,pgs_left_prime_wheel_open_v1,,,,,,,,,,False,
101,1000,111,4,exponent_divisor_count_not_two,power_of_two,pgs_left_prime_wheel_open_v1,,,,,,,,,,False,
101,1000,112,10,exponent_divisor_count_not_two,power_of_two,pgs_left_prime_wheel_open_v1,,,,,,,,,,False,
101,1000,113,2,left_prime_resolved,power_of_two,pgs_left_prime_wheel_open_v1,4096,1.0,36,1;3;9;13;15;19;21;25;31;33;39;43;45;49;51;55;61;63;69;73;75;79;81;85;91;93;99;103;105;109;111;115;121;123;129,,,10384593717069655257060992658440192,10384593717069655257060992658440191,133,False,10384593717069655257060992658440059
101,1000,114,8,exponent_divisor_count_not_two,power_of_two,pgs_left_prime_wheel_open_v1,,,,,,,,,,False,
101,1000,115,4,exponent_divisor_count_not_two,power_of_two,pgs_left_prime_wheel_open_v1,,,,,,,,,,False,
101,1000,116,6,exponent_divisor_count_not_two,power_of_two,pgs_left_prime_wheel_open_v1,,,,,,,,,,False,
101,1000,117,6,exponent_divisor_count_not_two,power_of_two,pgs_left_prime_wheel_open_v1,,,,,,,,,,False,
101,1000,118,4,exponent_divisor_count_not_two,power_of_two,pgs_left_prime_wheel_open_v1,,,,,,,,,,False,
101,1000,119,4,exponent_divisor_count_not_two,power_of_two,pgs_left_prime_wheel_open_v1,,,,,,,,,,False,
101,1000,120,16,exponent_divisor_count_not_two,power_of_two,pgs_left_prime_wheel_open_v1,,,,,,,,,,False,
101,1000,121,3,exponent_divisor_count_not_two,power_of_two,pgs_left_prime_wheel_open_v1,,,,,,,,,,False,
101,1000,122,4,exponent_divisor_count_not_two,power_of_two,pgs_left_prime_wheel_open_v1,,,,,,,,,,False,
101,1000,123,4,exponent_divisor_count_not_two,power_of_two,pgs_left_prime_wheel_open_v1,,,,,,,,,,False,
101,1000,124,6,exponent_divisor_count_not_two,power_of_two,pgs_left_prime_wheel_open_v1,,,,,,,,,,False,
101,1000,125,4,exponent_divisor_count_not_two,power_of_two,pgs_left_prime_wheel_open_v1,,,,,,,,,,False,
101,1000,126,12,exponent_divisor_count_not_two,power_of_two,pgs_left_prime_wheel_open_v1,,,,,,,,,,False,
101,1000,127,2,left_prime_resolved,power_of_two,pgs_left_prime_wheel_open_v1,4096,1.0,1,,,,170141183460469231731687303715884105728,170141183460469231731687303715884105727,1,True,170141183460469231731687303715884105727
101,1000,128,8,exponent_divisor_count_not_two,power_of_two,pgs_left_prime_wheel_open_v1,,,,,,,,,,False,
101,1000,129,4,exponent_divisor_count_not_two,power_of_two,pgs_left_prime_wheel_open_v1,,,,,,,,,,False,
101,1000,130,8,exponent_divisor_count_not_two,power_of_two,pgs_left_prime_wheel_open_v1,,,,,,,,,,False,
101,1000,131,2,left_prime_resolved,power_of_two,pgs_left_prime_wheel_open_v1,4096,1.0,19,1;7;9;15;19;21;25;27;31;37;39;45;49;51;55;57;61;67,,,2722258935367507707706996859454145691648,2722258935367507707706996859454145691647,69,False,2722258935367507707706996859454145691579
101,1000,132,12,exponent_divisor_count_not_two,power_of_two,pgs_left_prime_wheel_open_v1,,,,,,,,,,False,
101,1000,133,4,exponent_divisor_count_not_two,power_of_two,pgs_left_prime_wheel_open_v1,,,,,,,,,,False,
101,1000,134,4,exponent_divisor_count_not_two,power_of_two,pgs_left_prime_wheel_open_v1,,,,,,,,,,False,
101,1000,135,8,exponent_divisor_count_not_two,power_of_two,pgs_left_prime_wheel_open_v1,,,,,,,,,,False,
101,1000,136,8,exponent_divisor_count_not_two,power_of_two,pgs_left_prime_wheel_open_v1,,,,,,,,,,False,
101,1000,137,2,left_prime_unresolved,power_of_two,pgs_left_prime_wheel_open_v1,4096,1.0,1,,candidate_work_limit,1,174224571863520493293247799005065324265472,174224571863520493293247799005065324265471,,False,
101,1000,138,8,exponent_divisor_count_not_two,power_of_two,pgs_left_prime_wheel_open_v1,,,,,,,,,,False,
101,1000,139,2,left_prime_unresolved,power_of_two,pgs_left_prime_wheel_open_v1,4096,1.0,18,1;7;9;15;19;21;25;27;31;37;39;45;49;51;55;57;61,candidate_work_limit,67,696898287454081973172991196020261297061888,696898287454081973172991196020261297061887,,False,
101,1000,140,12,exponent_divisor_count_not_two,power_of_two,pgs_left_prime_wheel_open_v1,,,,,,,,,,False,
101,1000,141,4,exponent_divisor_count_not_two,power_of_two,pgs_left_prime_wheel_open_v1,,,,,,,,,,False,
101,1000,142,4,exponent_divisor_count_not_two,power_of_two,pgs_left_prime_wheel_open_v1,,,,,,,,,,False,
101,1000,143,4,exponent_divisor_count_not_two,power_of_two,pgs_left_prime_wheel_open_v1,,,,,,,,,,False,
101,1000,144,15,exponent_divisor_count_not_two,power_of_two,pgs_left_prime_wheel_open_v1,,,,,,,,,,False,
101,1000,145,4,exponent_divisor_count_not_two,power_of_two,pgs_left_prime_wheel_open_v1,,,,,,,,,,False,
101,1000,146,4,exponent_divisor_count_not_two,power_of_two,pgs_left_prime_wheel_open_v1,,,,,,,,,,False,
101,1000,147,6,exponent_divisor_count_not_two,power_of_two,pgs_left_prime_wheel_open_v1,,,,,,,,,,False,
101,1000,148,6,exponent_divisor_count_not_two,power_of_two,pgs_left_prime_wheel_open_v1,,,,,,,,,,False,
101,1000,149,2,left_prime_unresolved,power_of_two,pgs_left_prime_wheel_open_v1,4096,1.0,1,,candidate_work_limit,1,713623846352979940529142984724747568191373312,713623846352979940529142984724747568191373311,,False,
101,1000,150,12,exponent_divisor_count_not_two,power_of_two,pgs_left_prime_wheel_open_v1,,,,,,,,,,False,
101,1000,151,2,left_prime_unresolved,power_of_two,pgs_left_prime_wheel_open_v1,4096,1.0,32,1;7;9;15;19;21;25;27;31;37;39;45;49;51;55;57;61;67;69;75;79;81;85;87;91;97;99;105;109;111;115,candidate_work_limit,117,2854495385411919762116571938898990272765493248,2854495385411919762116571938898990272765493247,,False,
101,1000,152,8,exponent_divisor_count_not_two,power_of_two,pgs_left_prime_wheel_open_v1,,,,,,,,,,False,
101,1000,153,6,exponent_divisor_count_not_two,power_of_two,pgs_left_prime_wheel_open_v1,,,,,,,,,,False,
101,1000,154,8,exponent_divisor_count_not_two,power_of_two,pgs_left_prime_wheel_open_v1,,,,,,,,,,False,
101,1000,155,4,exponent_divisor_count_not_two,power_of_two,pgs_left_prime_wheel_open_v1,,,,,,,,,,False,
101,1000,156,12,exponent_divisor_count_not_two,power_of_two,pgs_left_prime_wheel_open_v1,,,,,,,,,,False,
101,1000,157,2,left_prime_unresolved,power_of_two,pgs_left_prime_wheel_open_v1,4096,1.0,1,,candidate_work_limit,1,182687704666362864775460604089535377456991567872,182687704666362864775460604089535377456991567871,,False,
101,1000,158,4,exponent_divisor_count_not_two,power_of_two,pgs_left_prime_wheel_open_v1,,,,,,,,,,False,
101,1000,159,4,exponent_divisor_count_not_two,power_of_two,pgs_left_prime_wheel_open_v1,,,,,,,,,,False,
101,1000,160,12,exponent_divisor_count_not_two,power_of_two,pgs_left_prime_wheel_open_v1,,,,,,,,,,False,
101,1000,161,4,exponent_divisor_count_not_two,power_of_two,pgs_left_prime_wheel_open_v1,,,,,,,,,,False,
101,1000,162,10,exponent_divisor_count_not_two,power_of_two,pgs_left_prime_wheel_open_v1,,,,,,,,,,False,
101,1000,163,2,left_prime_unresolved,power_of_two,pgs_left_prime_wheel_open_v1,4096,1.0,4,1;7;9,candidate_work_limit,15,11692013098647223345629478661730264157247460343808,11692013098647223345629478661730264157247460343807,,False,
101,1000,164,6,exponent_divisor_count_not_two,power_of_two,pgs_left_prime_wheel_open_v1,,,,,,,,,,False,
101,1000,165,8,exponent_divisor_count_not_two,power_of_two,pgs_left_prime_wheel_open_v1,,,,,,,,,,False,
101,1000,166,4,exponent_divisor_count_not_two,power_of_two,pgs_left_prime_wheel_open_v1,,,,,,,,,,False,
101,1000,167,2,left_prime_unresolved,power_of_two,pgs_left_prime_wheel_open_v1,4096,1.0,4,1;7;9,candidate_work_limit,15,187072209578355573530071658587684226515959365500928,187072209578355573530071658587684226515959365500927,,False,
101,1000,168,16,exponent_divisor_count_not_two,power_of_two,pgs_left_prime_wheel_open_v1,,,,,,,,,,False,
101,1000,169,3,exponent_divisor_count_not_two,power_of_two,pgs_left_prime_wheel_open_v1,,,,,,,,,,False,
101,1000,170,8,exponent_divisor_count_not_two,power_of_two,pgs_left_prime_wheel_open_v1,,,,,,,,,,False,
101,1000,171,6,exponent_divisor_count_not_two,power_of_two,pgs_left_prime_wheel_open_v1,,,,,,,,,,False,
101,1000,172,6,exponent_divisor_count_not_two,power_of_two,pgs_left_prime_wheel_open_v1,,,,,,,,,,False,
101,1000,173,2,left_prime_unresolved,power_of_two,pgs_left_prime_wheel_open_v1,4096,1.0,2,1,candidate_work_limit,3,11972621413014756705924586149611790497021399392059392,11972621413014756705924586149611790497021399392059391,,False,
101,1000,174,8,exponent_divisor_count_not_two,power_of_two,pgs_left_prime_wheel_open_v1,,,,,,,,,,False,
101,1000,175,6,exponent_divisor_count_not_two,power_of_two,pgs_left_prime_wheel_open_v1,,,,,,,,,,False,
101,1000,176,10,exponent_divisor_count_not_two,power_of_two,pgs_left_prime_wheel_open_v1,,,,,,,,,,False,
101,1000,177,4,exponent_divisor_count_not_two,power_of_two,pgs_left_prime_wheel_open_v1,,,,,,,,,,False,
101,1000,178,4,exponent_divisor_count_not_two,power_of_two,pgs_left_prime_wheel_open_v1,,,,,,,,,,False,
101,1000,179,2,left_prime_unresolved,power_of_two,pgs_left_prime_wheel_open_v1,4096,1.0,4,1;7;9,candidate_work_limit,15,766247770432944429179173513575154591809369561091801088,766247770432944429179173513575154591809369561091801087,,False,
101,1000,180,18,exponent_divisor_count_not_two,power_of_two,pgs_left_prime_wheel_open_v1,,,,,,,,,,False,
101,1000,181,2,left_prime_unresolved,power_of_two,pgs_left_prime_wheel_open_v1,4096,1.0,9,1;3;9;13;15;19;21;25,candidate_work_limit,31,3064991081731777716716694054300618367237478244367204352,3064991081731777716716694054300618367237478244367204351,,False,
101,1000,182,8,exponent_divisor_count_not_two,power_of_two,pgs_left_prime_wheel_open_v1,,,,,,,,,,False,
101,1000,183,4,exponent_divisor_count_not_two,power_of_two,pgs_left_prime_wheel_open_v1,,,,,,,,,,False,
101,1000,184,8,exponent_divisor_count_not_two,power_of_two,pgs_left_prime_wheel_open_v1,,,,,,,,,,False,
101,1000,185,4,exponent_divisor_count_not_two,power_of_two,pgs_left_prime_wheel_open_v1,,,,,,,,,,False,
101,1000,186,8,exponent_divisor_count_not_two,power_of_two,pgs_left_prime_wheel_open_v1,,,,,,,,,,False,
101,1000,187,4,exponent_divisor_count_not_two,power_of_two,pgs_left_prime_wheel_open_v1,,,,,,,,,,False,
101,1000,188,6,exponent_divisor_count_not_two,power_of_two,pgs_left_prime_wheel_open_v1,,,,,,,,,,False,
101,1000,189,8,exponent_divisor_count_not_two,power_of_two,pgs_left_prime_wheel_open_v1,,,,,,,,,,False,
101,1000,190,8,exponent_divisor_count_not_two,power_of_two,pgs_left_prime_wheel_open_v1,,,,,,,,,,False,
101,1000,191,2,left_prime_unresolved,power_of_two,pgs_left_prime_wheel_open_v1,4096,1.0,1,,candidate_work_limit,1,3138550867693340381917894711603833208051177722232017256448,3138550867693340381917894711603833208051177722232017256447,,False,
101,1000,192,14,exponent_divisor_count_not_two,power_of_two,pgs_left_prime_wheel_open_v1,,,,,,,,,,False,
101,1000,193,2,left_prime_unresolved,power_of_two,pgs_left_prime_wheel_open_v1,4096,1.0,1,,candidate_work_limit,1,12554203470773361527671578846415332832204710888928069025792,12554203470773361527671578846415332832204710888928069025791,,False,
101,1000,194,4,exponent_divisor_count_not_two,power_of_two,pgs_left_prime_wheel_open_v1,,,,,,,,,,False,
101,1000,195,8,exponent_divisor_count_not_two,power_of_two,pgs_left_prime_wheel_open_v1,,,,,,,,,,False,
101,1000,196,9,exponent_divisor_count_not_two,power_of_two,pgs_left_prime_wheel_open_v1,,,,,,,,,,False,
101,1000,197,2,left_prime_unresolved,power_of_two,pgs_left_prime_wheel_open_v1,4096,1.0,10,1;3;9;13;15;19;21;25;31,candidate_work_limit,33,200867255532373784442745261542645325315275374222849104412672,200867255532373784442745261542645325315275374222849104412671,,False,
101,1000,198,12,exponent_divisor_count_not_two,power_of_two,pgs_left_prime_wheel_open_v1,,,,,,,,,,False,
101,1000,199,2,left_prime_unresolved,power_of_two,pgs_left_prime_wheel_open_v1,4096,1.0,2,1,candidate_work_limit,7,803469022129495137770981046170581301261101496891396417650688,803469022129495137770981046170581301261101496891396417650687,,False,
101,1000,200,12,exponent_divisor_count_not_two,power_of_two,pgs_left_prime_wheel_open_v1,,,,,,,,,,False,
101,1000,201,4,exponent_divisor_count_not_two,power_of_two,pgs_left_prime_wheel_open_v1,,,,,,,,,,False,
101,1000,202,4,exponent_divisor_count_not_two,power_of_two,pgs_left_prime_wheel_open_v1,,,,,,,,,,False,
101,1000,203,4,exponent_divisor_count_not_two,power_of_two,pgs_left_prime_wheel_open_v1,,,,,,,,,,False,
101,1000,204,12,exponent_divisor_count_not_two,power_of_two,pgs_left_prime_wheel_open_v1,,,,,,,,,,False,
101,1000,205,4,exponent_divisor_count_not_two,power_of_two,pgs_left_prime_wheel_open_v1,,,,,,,,,,False,
101,1000,206,4,exponent_divisor_count_not_two,power_of_two,pgs_left_prime_wheel_open_v1,,,,,,,,,,False,
101,1000,207,6,exponent_divisor_count_not_two,power_of_two,pgs_left_prime_wheel_open_v1,,,,,,,,,,False,
101,1000,208,10,exponent_divisor_count_not_two,power_of_two,pgs_left_prime_wheel_open_v1,,,,,,,,,,False,
101,1000,209,4,exponent_divisor_count_not_two,power_of_two,pgs_left_prime_wheel_open_v1,,,,,,,,,,False,
101,1000,210,16,exponent_divisor_count_not_two,power_of_two,pgs_left_prime_wheel_open_v1,,,,,,,,,,False,
101,1000,211,2,left_prime_unresolved,power_of_two,pgs_left_prime_wheel_open_v1,4096,1.0,1,,candidate_work_limit,1,3291009114642412084309938365114701009965471731267159726697218048,3291009114642412084309938365114701009965471731267159726697218047,,False,
101,1000,212,6,exponent_divisor_count_not_two,power_of_two,pgs_left_prime_wheel_open_v1,,,,,,,,,,False,
101,1000,213,4,exponent_divisor_count_not_two,power_of_two,pgs_left_prime_wheel_open_v1,,,,,,,,,,False,
101,1000,214,4,exponent_divisor_count_not_two,power_of_two,pgs_left_prime_wheel_open_v1,,,,,,,,,,False,
101,1000,215,4,exponent_divisor_count_not_two,power_of_two,pgs_left_prime_wheel_open_v1,,,,,,,,,,False,
101,1000,216,16,exponent_divisor_count_not_two,power_of_two,pgs_left_prime_wheel_open_v1,,,,,,,,,,False,
101,1000,217,4,exponent_divisor_count_not_two,power_of_two,pgs_left_prime_wheel_open_v1,,,,,,,,,,False,
101,1000,218,4,exponent_divisor_count_not_two,power_of_two,pgs_left_prime_wheel_open_v1,,,,,,,,,,False,
101,1000,219,4,exponent_divisor_count_not_two,power_of_two,pgs_left_prime_wheel_open_v1,,,,,,,,,,False,
101,1000,220,12,exponent_divisor_count_not_two,power_of_two,pgs_left_prime_wheel_open_v1,,,,,,,,,,False,
101,1000,221,4,exponent_divisor_count_not_two,power_of_two,pgs_left_prime_wheel_open_v1,,,,,,,,,,False,
101,1000,222,8,exponent_divisor_count_not_two,power_of_two,pgs_left_prime_wheel_open_v1,,,,,,,,,,False,
101,1000,223,2,left_prime_unresolved,power_of_two,pgs_left_prime_wheel_open_v1,4096,1.0,1,,candidate_work_limit,1,13479973333575319897333507543509815336818572211270286240551805124608,13479973333575319897333507543509815336818572211270286240551805124607,,False,
101,1000,224,12,exponent_divisor_count_not_two,power_of_two,pgs_left_prime_wheel_open_v1,,,,,,,,,,False,
101,1000,225,9,exponent_divisor_count_not_two,power_of_two,pgs_left_prime_wheel_open_v1,,,,,,,,,,False,
101,1000,226,4,exponent_divisor_count_not_two,power_of_two,pgs_left_prime_wheel_open_v1,,,,,,,,,,False,
101,1000,227,2,left_prime_unresolved,power_of_two,pgs_left_prime_wheel_open_v1,4096,1.0,5,1;7;9;15,candidate_work_limit,19,215679573337205118357336120696157045389097155380324579848828881993728,215679573337205118357336120696157045389097155380324579848828881993727,,False,
101,1000,228,12,exponent_divisor_count_not_two,power_of_two,pgs_left_prime_wheel_open_v1,,,,,,,,,,False,
101,1000,229,2,left_prime_unresolved,power_of_two,pgs_left_prime_wheel_open_v1,4096,1.0,5,1;3;9;13,candidate_work_limit,15,862718293348820473429344482784628181556388621521298319395315527974912,862718293348820473429344482784628181556388621521298319395315527974911,,False,
101,1000,230,8,exponent_divisor_count_not_two,power_of_two,pgs_left_prime_wheel_open_v1,,,,,,,,,,False,
101,1000,231,8,exponent_divisor_count_not_two,power_of_two,pgs_left_prime_wheel_open_v1,,,,,,,,,,False,
101,1000,232,8,exponent_divisor_count_not_two,power_of_two,pgs_left_prime_wheel_open_v1,,,,,,,,,,False,
101,1000,233,2,left_prime_resolved,power_of_two,pgs_left_prime_wheel_open_v1,4096,1.0,2,1,,,13803492693581127574869511724554050904902217944340773110325048447598592,13803492693581127574869511724554050904902217944340773110325048447598591,3,False,13803492693581127574869511724554050904902217944340773110325048447598589
101,1000,234,12,exponent_divisor_count_not_two,power_of_two,pgs_left_prime_wheel_open_v1,,,,,,,,,,False,
101,1000,235,4,exponent_divisor_count_not_two,power_of_two,pgs_left_prime_wheel_open_v1,,,,,,,,,,False,
101,1000,236,6,exponent_divisor_count_not_two,power_of_two,pgs_left_prime_wheel_open_v1,,,,,,,,,,False,
101,1000,237,4,exponent_divisor_count_not_two,power_of_two,pgs_left_prime_wheel_open_v1,,,,,,,,,,False,
101,1000,238,8,exponent_divisor_count_not_two,power_of_two,pgs_left_prime_wheel_open_v1,,,,,,,,,,False,
101,1000,239,2,left_prime_unresolved,power_of_two,pgs_left_prime_wheel_open_v1,4096,1.0,2,1,candidate_work_limit,7,883423532389192164791648750371459257913741948437809479060803100646309888,883423532389192164791648750371459257913741948437809479060803100646309887,,False,
101,1000,240,20,exponent_divisor_count_not_two,power_of_two,pgs_left_prime_wheel_open_v1,,,,,,,,,,False,
101,1000,241,2,left_prime_unresolved,power_of_two,pgs_left_prime_wheel_open_v1,4096,1.0,2,1,candidate_work_limit,3,3533694129556768659166595001485837031654967793751237916243212402585239552,3533694129556768659166595001485837031654967793751237916243212402585239551,,False,
101,1000,242,6,exponent_divisor_count_not_two,power_of_two,pgs_left_prime_wheel_open_v1,,,,,,,,,,False,
101,1000,243,6,exponent_divisor_count_not_two,power_of_two,pgs_left_prime_wheel_open_v1,,,,,,,,,,False,
101,1000,244,6,exponent_divisor_count_not_two,power_of_two,pgs_left_prime_wheel_open_v1,,,,,,,,,,False,
101,1000,245,6,exponent_divisor_count_not_two,power_of_two,pgs_left_prime_wheel_open_v1,,,,,,,,,,False,
101,1000,246,8,exponent_divisor_count_not_two,power_of_two,pgs_left_prime_wheel_open_v1,,,,,,,,,,False,
101,1000,247,4,exponent_divisor_count_not_two,power_of_two,pgs_left_prime_wheel_open_v1,,,,,,,,,,False,
101,1000,248,8,exponent_divisor_count_not_two,power_of_two,pgs_left_prime_wheel_open_v1,,,,,,,,,,False,
101,1000,249,4,exponent_divisor_count_not_two,power_of_two,pgs_left_prime_wheel_open_v1,,,,,,,,,,False,
101,1000,250,8,exponent_divisor_count_not_two,power_of_two,pgs_left_prime_wheel_open_v1,,,,,,,,,,False,
101,1000,251,2,left_prime_unresolved,power_of_two,pgs_left_prime_wheel_open_v1,4096,1.0,1,,candidate_work_limit,1,3618502788666131106986593281521497120414687020801267626233049500247285301248,3618502788666131106986593281521497120414687020801267626233049500247285301247,,False,
101,1000,252,18,exponent_divisor_count_not_two,power_of_two,pgs_left_prime_wheel_open_v1,,,,,,,,,,False,
101,1000,253,4,exponent_divisor_count_not_two,power_of_two,pgs_left_prime_wheel_open_v1,,,,,,,,,,False,
101,1000,254,4,exponent_divisor_count_not_two,power_of_two,pgs_left_prime_wheel_open_v1,,,,,,,,,,False,
101,1000,255,8,exponent_divisor_count_not_two,power_of_two,pgs_left_prime_wheel_open_v1,,,,,,,,,,False,
101,1000,256,9,exponent_divisor_count_not_two,power_of_two,pgs_left_prime_wheel_open_v1,,,,,,,,,,False,
101,1000,257,2,left_prime_unresolved,power_of_two,pgs_left_prime_wheel_open_v1,4096,1.0,1,,candidate_work_limit,1,231584178474632390847141970017375815706539969331281128078915168015826259279872,231584178474632390847141970017375815706539969331281128078915168015826259279871,,False,
101,1000,258,8,exponent_divisor_count_not_two,power_of_two,pgs_left_prime_wheel_open_v1,,,,,,,,,,False,
101,1000,259,4,exponent_divisor_count_not_two,power_of_two,pgs_left_prime_wheel_open_v1,,,,,,,,,,False,
101,1000,260,12,exponent_divisor_count_not_two,power_of_two,pgs_left_prime_wheel_open_v1,,,,,,,,,,False,
101,1000,261,6,exponent_divisor_count_not_two,power_of_two,pgs_left_prime_wheel_open_v1,,,,,,,,,,False,
101,1000,262,4,exponent_divisor_count_not_two,power_of_two,pgs_left_prime_wheel_open_v1,,,,,,,,,,False,
101,1000,263,2,left_prime_unresolved,power_of_two,pgs_left_prime_wheel_open_v1,4096,1.0,1,,candidate_work_limit,1,14821387422376473014217086081112052205218558037201992197050570753012880593911808,14821387422376473014217086081112052205218558037201992197050570753012880593911807,,False,
101,1000,264,16,exponent_divisor_count_not_two,power_of_two,pgs_left_prime_wheel_open_v1,,,,,,,,,,False,
101,1000,265,4,exponent_divisor_count_not_two,power_of_two,pgs_left_prime_wheel_open_v1,,,,,,,,,,False,
101,1000,266,8,exponent_divisor_count_not_two,power_of_two,pgs_left_prime_wheel_open_v1,,,,,,,,,,False,
101,1000,267,4,exponent_divisor_count_not_two,power_of_two,pgs_left_prime_wheel_open_v1,,,,,,,,,,False,
101,1000,268,6,exponent_divisor_count_not_two,power_of_two,pgs_left_prime_wheel_open_v1,,,,,,,,,,False,
101,1000,269,2,left_prime_unresolved,power_of_two,pgs_left_prime_wheel_open_v1,4096,1.0,2,1,candidate_work_limit,3,948568795032094272909893509191171341133987714380927500611236528192824358010355712,948568795032094272909893509191171341133987714380927500611236528192824358010355711,,False,
101,1000,270,16,exponent_divisor_count_not_two,power_of_two,pgs_left_prime_wheel_open_v1,,,,,,,,,,False,
101,1000,271,2,left_prime_unresolved,power_of_two,pgs_left_prime_wheel_open_v1,4096,1.0,2,1,candidate_work_limit,7,3794275180128377091639574036764685364535950857523710002444946112771297432041422848,3794275180128377091639574036764685364535950857523710002444946112771297432041422847,,False,
101,1000,272,10,exponent_divisor_count_not_two,power_of_two,pgs_left_prime_wheel_open_v1,,,,,,,,,,False,
101,1000,273,8,exponent_divisor_count_not_two,power_of_two,pgs_left_prime_wheel_open_v1,,,,,,,,,,False,
101,1000,274,4,exponent_divisor_count_not_two,power_of_two,pgs_left_prime_wheel_open_v1,,,,,,,,,,False,
101,1000,275,6,exponent_divisor_count_not_two,power_of_two,pgs_left_prime_wheel_open_v1,,,,,,,,,,False,
101,1000,276,12,exponent_divisor_count_not_two,power_of_two,pgs_left_prime_wheel_open_v1,,,,,,,,,,False,
101,1000,277,2,left_prime_unresolved,power_of_two,pgs_left_prime_wheel_open_v1,4096,1.0,1,,candidate_work_limit,1,242833611528216133864932738352939863330300854881517440156476551217363035650651062272,242833611528216133864932738352939863330300854881517440156476551217363035650651062271,,False,
101,1000,278,4,exponent_divisor_count_not_two,power_of_two,pgs_left_prime_wheel_open_v1,,,,,,,,,,False,
101,1000,279,6,exponent_divisor_count_not_two,power_of_two,pgs_left_prime_wheel_open_v1,,,,,,,,,,False,
101,1000,280,16,exponent_divisor_count_not_two,power_of_two,pgs_left_prime_wheel_open_v1,,,,,,,,,,False,
101,1000,281,2,left_prime_unresolved,power_of_two,pgs_left_prime_wheel_open_v1,4096,1.0,2,1,candidate_work_limit,3,3885337784451458141838923813647037813284813678104279042503624819477808570410416996352,3885337784451458141838923813647037813284813678104279042503624819477808570410416996351,,False,
101,1000,282,8,exponent_divisor_count_not_two,power_of_two,pgs_left_prime_wheel_open_v1,,,,,,,,,,False,
101,1000,283,2,left_prime_unresolved,power_of_two,pgs_left_prime_wheel_open_v1,4096,1.0,2,1,candidate_work_limit,7,15541351137805832567355695254588151253139254712417116170014499277911234281641667985408,15541351137805832567355695254588151253139254712417116170014499277911234281641667985407,,False,
101,1000,284,6,exponent_divisor_count_not_two,power_of_two,pgs_left_prime_wheel_open_v1,,,,,,,,,,False,
101,1000,285,8,exponent_divisor_count_not_two,power_of_two,pgs_left_prime_wheel_open_v1,,,,,,,,,,False,
101,1000,286,8,exponent_divisor_count_not_two,power_of_two,pgs_left_prime_wheel_open_v1,,,,,,,,,,False,
101,1000,287,4,exponent_divisor_count_not_two,power_of_two,pgs_left_prime_wheel_open_v1,,,,,,,,,,False,
101,1000,288,18,exponent_divisor_count_not_two,power_of_two,pgs_left_prime_wheel_open_v1,,,,,,,,,,False,
101,1000,289,3,exponent_divisor_count_not_two,power_of_two,pgs_left_prime_wheel_open_v1,,,,,,,,,,False,
101,1000,290,8,exponent_divisor_count_not_two,power_of_two,pgs_left_prime_wheel_open_v1,,,,,,,,,,False,
101,1000,291,4,exponent_divisor_count_not_two,power_of_two,pgs_left_prime_wheel_open_v1,,,,,,,,,,False,
101,1000,292,6,exponent_divisor_count_not_two,power_of_two,pgs_left_prime_wheel_open_v1,,,,,,,,,,False,
101,1000,293,2,left_prime_unresolved,power_of_two,pgs_left_prime_wheel_open_v1,4096,1.0,1,,candidate_work_limit,1,15914343565113172548972231940698266883214596825515126958094847260581103904401068017057792,15914343565113172548972231940698266883214596825515126958094847260581103904401068017057791,,False,
101,1000,294,12,exponent_divisor_count_not_two,power_of_two,pgs_left_prime_wheel_open_v1,,,,,,,,,,False,
101,1000,295,4,exponent_divisor_count_not_two,power_of_two,pgs_left_prime_wheel_open_v1,,,,,,,,,,False,
101,1000,296,8,exponent_divisor_count_not_two,power_of_two,pgs_left_prime_wheel_open_v1,,,,,,,,,,False,
101,1000,297,8,exponent_divisor_count_not_two,power_of_two,pgs_left_prime_wheel_open_v1,,,,,,,,,,False,
101,1000,298,4,exponent_divisor_count_not_two,power_of_two,pgs_left_prime_wheel_open_v1,,,,,,,,,,False,
101,1000,299,4,exponent_divisor_count_not_two,power_of_two,pgs_left_prime_wheel_open_v1,,,,,,,,,,False,
101,1000,300,18,exponent_divisor_count_not_two,power_of_two,pgs_left_prime_wheel_open_v1,,,,,,,,,,False,
101,1000,301,4,exponent_divisor_count_not_two,power_of_two,pgs_left_prime_wheel_open_v1,,,,,,,,,,False,
101,1000,302,4,exponent_divisor_count_not_two,power_of_two,pgs_left_prime_wheel_open_v1,,,,,,,,,,False,
101,1000,303,4,exponent_divisor_count_not_two,power_of_two,pgs_left_prime_wheel_open_v1,,,,,,,,,,False,
101,1000,304,10,exponent_divisor_count_not_two,power_of_two,pgs_left_prime_wheel_open_v1,,,,,,,,,,False,
101,1000,305,4,exponent_divisor_count_not_two,power_of_two,pgs_left_prime_wheel_open_v1,,,,,,,,,,False,
101,1000,306,12,exponent_divisor_count_not_two,power_of_two,pgs_left_prime_wheel_open_v1,,,,,,,,,,False,
101,1000,307,2,left_prime_unresolved,power_of_two,pgs_left_prime_wheel_open_v1,4096,1.0,2,1,candidate_work_limit,7,260740604970814219042361048116400404614587954389239840081425977517360806369707098391474864128,260740604970814219042361048116400404614587954389239840081425977517360806369707098391474864127,,False,
101,1000,308,12,exponent_divisor_count_not_two,power_of_two,pgs_left_prime_wheel_open_v1,,,,,,,,,,False,
101,1000,309,4,exponent_divisor_count_not_two,power_of_two,pgs_left_prime_wheel_open_v1,,,,,,,,,,False,
101,1000,310,8,exponent_divisor_count_not_two,power_of_two,pgs_left_prime_wheel_open_v1,,,,,,,,,,False,
101,1000,311,2,left_prime_unresolved,power_of_two,pgs_left_prime_wheel_open_v1,4096,1.0,1,,candidate_work_limit,1,4171849679533027504677776769862406473833407270227837441302815640277772901915313574263597826048,4171849679533027504677776769862406473833407270227837441302815640277772901915313574263597826047,,False,
101,1000,312,16,exponent_divisor_count_not_two,power_of_two,pgs_left_prime_wheel_open_v1,,,,,,,,,,False,
101,1000,313,2,left_prime_unresolved,power_of_two,pgs_left_prime_wheel_open_v1,4096,1.0,1,,candidate_work_limit,1,16687398718132110018711107079449625895333629080911349765211262561111091607661254297054391304192,16687398718132110018711107079449625895333629080911349765211262561111091607661254297054391304191,,False,
101,1000,314,4,exponent_divisor_count_not_two,power_of_two,pgs_left_prime_wheel_open_v1,,,,,,,,,,False,
101,1000,315,12,exponent_divisor_count_not_two,power_of_two,pgs_left_prime_wheel_open_v1,,,,,,,,,,False,
101,1000,316,6,exponent_divisor_count_not_two,power_of_two,pgs_left_prime_wheel_open_v1,,,,,,,,,,False,
101,1000,317,2,left_prime_unresolved,power_of_two,pgs_left_prime_wheel_open_v1,4096,1.0,1,,candidate_work_limit,1,266998379490113760299377713271194014325338065294581596243380200977777465722580068752870260867072,266998379490113760299377713271194014325338065294581596243380200977777465722580068752870260867071,,False,
101,1000,318,8,exponent_divisor_count_not_two,power_of_two,pgs_left_prime_wheel_open_v1,,,,,,,,,,False,
101,1000,319,4,exponent_divisor_count_not_two,power_of_two,pgs_left_prime_wheel_open_v1,,,,,,,,,,False,
101,1000,320,14,exponent_divisor_count_not_two,power_of_two,pgs_left_prime_wheel_open_v1,,,,,,,,,,False,
101,1000,321,4,exponent_divisor_count_not_two,power_of_two,pgs_left_prime_wheel_open_v1,,,,,,,,,,False,
101,1000,322,8,exponent_divisor_count_not_two,power_of_two,pgs_left_prime_wheel_open_v1,,,,,,,,,,False,
101,1000,323,4,exponent_divisor_count_not_two,power_of_two,pgs_left_prime_wheel_open_v1,,,,,,,,,,False,
101,1000,324,15,exponent_divisor_count_not_two,power_of_two,pgs_left_prime_wheel_open_v1,,,,,,,,,,False,
101,1000,325,6,exponent_divisor_count_not_two,power_of_two,pgs_left_prime_wheel_open_v1,,,,,,,,,,False,
101,1000,326,4,exponent_divisor_count_not_two,power_of_two,pgs_left_prime_wheel_open_v1,,,,,,,,,,False,
101,1000,327,4,exponent_divisor_count_not_two,power_of_two,pgs_left_prime_wheel_open_v1,,,,,,,,,,False,
101,1000,328,8,exponent_divisor_count_not_two,power_of_two,pgs_left_prime_wheel_open_v1,,,,,,,,,,False,
101,1000,329,4,exponent_divisor_count_not_two,power_of_two,pgs_left_prime_wheel_open_v1,,,,,,,,,,False,
101,1000,330,16,exponent_divisor_count_not_two,power_of_two,pgs_left_prime_wheel_open_v1,,,,,,,,,,False,
101,1000,331,2,left_prime_unresolved,power_of_two,pgs_left_prime_wheel_open_v1,4096,1.0,1,,candidate_work_limit,1,4374501449566023848745004454235242730706338861786424872851541212819905998398751846447026354046107648,4374501449566023848745004454235242730706338861786424872851541212819905998398751846447026354046107647,,False,
101,1000,332,6,exponent_divisor_count_not_two,power_of_two,pgs_left_prime_wheel_open_v1,,,,,,,,,,False,
101,1000,333,6,exponent_divisor_count_not_two,power_of_two,pgs_left_prime_wheel_open_v1,,,,,,,,,,False,
101,1000,334,4,exponent_divisor_count_not_two,power_of_two,pgs_left_prime_wheel_open_v1,,,,,,,,,,False,
101,1000,335,4,exponent_divisor_count_not_two,power_of_two,pgs_left_prime_wheel_open_v1,,,,,,,,,,False,
101,1000,336,20,exponent_divisor_count_not_two,power_of_two,pgs_left_prime_wheel_open_v1,,,,,,,,,,False,
101,1000,337,2,left_prime_unresolved,power_of_two,pgs_left_prime_wheel_open_v1,4096,1.0,2,1,candidate_work_limit,3,279968092772225526319680285071055534765205687154331191862498637620473983897520118172609686658950889472,279968092772225526319680285071055534765205687154331191862498637620473983897520118172609686658950889471,,False,
101,1000,338,6,exponent_divisor_count_not_two,power_of_two,pgs_left_prime_wheel_open_v1,,,,,,,,,,False,
101,1000,339,4,exponent_divisor_count_not_two,power_of_two,pgs_left_prime_wheel_open_v1,,,,,,,,,,False,
101,1000,340,12,exponent_divisor_count_not_two,power_of_two,pgs_left_prime_wheel_open_v1,,,,,,,,,,False,
101,1000,341,4,exponent_divisor_count_not_two,power_of_two,pgs_left_prime_wheel_open_v1,,,,,,,,,,False,
101,1000,342,12,exponent_divisor_count_not_two,power_of_two,pgs_left_prime_wheel_open_v1,,,,,,,,,,False,
101,1000,343,4,exponent_divisor_count_not_two,power_of_two,pgs_left_prime_wheel_open_v1,,,,,,,,,,False,
101,1000,344,8,exponent_divisor_count_not_two,power_of_two,pgs_left_prime_wheel_open_v1,,,,,,,,,,False,
101,1000,345,8,exponent_divisor_count_not_two,power_of_two,pgs_left_prime_wheel_open_v1,,,,,,,,,,False,
101,1000,346,4,exponent_divisor_count_not_two,power_of_two,pgs_left_prime_wheel_open_v1,,,,,,,,,,False,
101,1000,347,2,left_prime_unresolved,power_of_two,pgs_left_prime_wheel_open_v1,4096,1.0,1,,candidate_work_limit,1,286687326998758938951352611912760867599570623646035140467198604923365359511060601008752319138765710819328,286687326998758938951352611912760867599570623646035140467198604923365359511060601008752319138765710819327,,False,
101,1000,348,12,exponent_divisor_count_not_two,power_of_two,pgs_left_prime_wheel_open_v1,,,,,,,,,,False,
101,1000,349,2,left_prime_unresolved,power_of_two,pgs_left_prime_wheel_open_v1,4096,1.0,1,,candidate_work_limit,1,1146749307995035755805410447651043470398282494584140561868794419693461438044242404035009276555062843277312,1146749307995035755805410447651043470398282494584140561868794419693461438044242404035009276555062843277311,,False,
101,1000,350,12,exponent_divisor_count_not_two,power_of_two,pgs_left_prime_wheel_open_v1,,,,,,,,,,False,
101,1000,351,8,exponent_divisor_count_not_two,power_of_two,pgs_left_prime_wheel_open_v1,,,,,,,,,,False,
101,1000,352,12,exponent_divisor_count_not_two,power_of_two,pgs_left_prime_wheel_open_v1,,,,,,,,,,False,
101,1000,353,2,left_prime_unresolved,power_of_two,pgs_left_prime_wheel_open_v1,4096,1.0,1,,candidate_work_limit,1,18347988927920572092886567162416695526372519913346248989900710715095383008707878464560148424881005492436992,18347988927920572092886567162416695526372519913346248989900710715095383008707878464560148424881005492436991,,False,
101,1000,354,8,exponent_divisor_count_not_two,power_of_two,pgs_left_prime_wheel_open_v1,,,,,,,,,,False,
101,1000,355,4,exponent_divisor_count_not_two,power_of_two,pgs_left_prime_wheel_open_v1,,,,,,,,,,False,
101,1000,356,6,exponent_divisor_count_not_two,power_of_two,pgs_left_prime_wheel_open_v1,,,,,,,,,,False,
101,1000,357,8,exponent_divisor_count_not_two,power_of_two,pgs_left_prime_wheel_open_v1,,,,,,,,,,False,
101,1000,358,4,exponent_divisor_count_not_two,power_of_two,pgs_left_prime_wheel_open_v1,,,,,,,,,,False,
101,1000,359,2,left_prime_unresolved,power_of_two,pgs_left_prime_wheel_open_v1,4096,1.0,1,,candidate_work_limit,1,1174271291386916613944740298394668513687841274454159935353645485766104512557304221731849499192384351515967488,1174271291386916613944740298394668513687841274454159935353645485766104512557304221731849499192384351515967487,,False,
101,1000,360,24,exponent_divisor_count_not_two,power_of_two,pgs_left_prime_wheel_open_v1,,,,,,,,,,False,
101,1000,361,3,exponent_divisor_count_not_two,power_of_two,pgs_left_prime_wheel_open_v1,,,,,,,,,,False,
101,1000,362,4,exponent_divisor_count_not_two,power_of_two,pgs_left_prime_wheel_open_v1,,,,,,,,,,False,
101,1000,363,6,exponent_divisor_count_not_two,power_of_two,pgs_left_prime_wheel_open_v1,,,,,,,,,,False,
101,1000,364,12,exponent_divisor_count_not_two,power_of_two,pgs_left_prime_wheel_open_v1,,,,,,,,,,False,
101,1000,365,4,exponent_divisor_count_not_two,power_of_two,pgs_left_prime_wheel_open_v1,,,,,,,,,,False,
101,1000,366,8,exponent_divisor_count_not_two,power_of_two,pgs_left_prime_wheel_open_v1,,,,,,,,,,False,
101,1000,367,2,left_prime_unresolved,power_of_two,pgs_left_prime_wheel_open_v1,4096,1.0,1,,candidate_work_limit,1,300613450595050653169853516389035139504087366260264943450533244356122755214669880763353471793250393988087676928,300613450595050653169853516389035139504087366260264943450533244356122755214669880763353471793250393988087676927,,False,
101,1000,368,10,exponent_divisor_count_not_two,power_of_two,pgs_left_prime_wheel_open_v1,,,,,,,,,,False,
101,1000,369,6,exponent_divisor_count_not_two,power_of_two,pgs_left_prime_wheel_open_v1,,,,,,,,,,False,
101,1000,370,8,exponent_divisor_count_not_two,power_of_two,pgs_left_prime_wheel_open_v1,,,,,,,,,,False,
101,1000,371,4,exponent_divisor_count_not_two,power_of_two,pgs_left_prime_wheel_open_v1,,,,,,,,,,False,
101,1000,372,12,exponent_divisor_count_not_two,power_of_two,pgs_left_prime_wheel_open_v1,,,,,,,,,,False,
101,1000,373,2,left_prime_unresolved,power_of_two,pgs_left_prime_wheel_open_v1,4096,1.0,3,1;3,candidate_work_limit,9,19239260838083241802870625048898248928261591440656956380834127638791856333738872368854622194768025215237611323392,19239260838083241802870625048898248928261591440656956380834127638791856333738872368854622194768025215237611323391,,False,
101,1000,374,8,exponent_divisor_count_not_two,power_of_two,pgs_left_prime_wheel_open_v1,,,,,,,,,,False,
101,1000,375,8,exponent_divisor_count_not_two,power_of_two,pgs_left_prime_wheel_open_v1,,,,,,,,,,False,
101,1000,376,8,exponent_divisor_count_not_two,power_of_two,pgs_left_prime_wheel_open_v1,,,,,,,,,,False,
101,1000,377,4,exponent_divisor_count_not_two,power_of_two,pgs_left_prime_wheel_open_v1,,,,,,,,,,False,
101,1000,378,16,exponent_divisor_count_not_two,power_of_two,pgs_left_prime_wheel_open_v1,,,,,,,,,,False,
101,1000,379,2,left_prime_unresolved,power_of_two,pgs_left_prime_wheel_open_v1,4096,1.0,2,1,candidate_work_limit,7,1231312693637327475383720003129487931408741852202045208373384168882678805359287831606695820465153613775207124697088,1231312693637327475383720003129487931408741852202045208373384168882678805359287831606695820465153613775207124697087,,False,
101,1000,380,12,exponent_divisor_count_not_two,power_of_two,pgs_left_prime_wheel_open_v1,,,,,,,,,,False,
101,1000,381,4,exponent_divisor_count_not_two,power_of_two,pgs_left_prime_wheel_open_v1,,,,,,,,,,False,
101,1000,382,4,exponent_divisor_count_not_two,power_of_two,pgs_left_prime_wheel_open_v1,,,,,,,,,,False,
101,1000,383,2,left_prime_unresolved,power_of_two,pgs_left_prime_wheel_open_v1,4096,1.0,1,,candidate_work_limit,1,19701003098197239606139520050071806902539869635232723333974146702122860885748605305707133127442457820403313995153408,19701003098197239606139520050071806902539869635232723333974146702122860885748605305707133127442457820403313995153407,,False,
101,1000,384,16,exponent_divisor_count_not_two,power_of_two,pgs_left_prime_wheel_open_v1,,,,,,,,,,False,
101,1000,385,8,exponent_divisor_count_not_two,power_of_two,pgs_left_prime_wheel_open_v1,,,,,,,,,,False,
101,1000,386,4,exponent_divisor_count_not_two,power_of_two,pgs_left_prime_wheel_open_v1,,,,,,,,,,False,
101,1000,387,6,exponent_divisor_count_not_two,power_of_two,pgs_left_prime_wheel_open_v1,,,,,,,,,,False,
101,1000,388,6,exponent_divisor_count_not_two,power_of_two,pgs_left_prime_wheel_open_v1,,,,,,,,,,False,
101,1000,389,2,left_prime_unresolved,power_of_two,pgs_left_prime_wheel_open_v1,4096,1.0,2,1,candidate_work_limit,3,1260864198284623334792929283204595641762551656654894293374345388935863096687910739565256520156317300505812095689818112,1260864198284623334792929283204595641762551656654894293374345388935863096687910739565256520156317300505812095689818111,,False,
101,1000,390,16,exponent_divisor_count_not_two,power_of_two,pgs_left_prime_wheel_open_v1,,,,,,,,,,False,
101,1000,391,4,exponent_divisor_count_not_two,power_of_two,pgs_left_prime_wheel_open_v1,,,,,,,,,,False,
101,1000,392,12,exponent_divisor_count_not_two,power_of_two,pgs_left_prime_wheel_open_v1,,,,,,,,,,False,
101,1000,393,4,exponent_divisor_count_not_two,power_of_two,pgs_left_prime_wheel_open_v1,,,,,,,,,,False,
101,1000,394,4,exponent_divisor_count_not_two,power_of_two,pgs_left_prime_wheel_open_v1,,,,,,,,,,False,
101,1000,395,4,exponent_divisor_count_not_two,power_of_two,pgs_left_prime_wheel_open_v1,,,,,,,,,,False,
101,1000,396,18,exponent_divisor_count_not_two,power_of_two,pgs_left_prime_wheel_open_v1,,,,,,,,,,False,
101,1000,397,2,left_prime_unresolved,power_of_two,pgs_left_prime_wheel_open_v1,4096,1.0,1,,candidate_work_limit,1,322781234760863573706989896500376484291213224103652939103832419567580952752105149328705669160017228929487896496593436672,322781234760863573706989896500376484291213224103652939103832419567580952752105149328705669160017228929487896496593436671,,False,
101,1000,398,4,exponent_divisor_count_not_two,power_of_two,pgs_left_prime_wheel_open_v1,,,,,,,,,,False,
101,1000,399,8,exponent_divisor_count_not_two,power_of_two,pgs_left_prime_wheel_open_v1,,,,,,,,,,False,
101,1000,400,15,exponent_divisor_count_not_two,power_of_two,pgs_left_prime_wheel_open_v1,,,,,,,,,,False,
101,1000,401,2,left_prime_unresolved,power_of_two,pgs_left_prime_wheel_open_v1,4096,1.0,1,,candidate_work_limit,1,5164499756173817179311838344006023748659411585658447025661318713081295244033682389259290706560275662871806343945494986752,5164499756173817179311838344006023748659411585658447025661318713081295244033682389259290706560275662871806343945494986751,,False,
101,1000,402,8,exponent_divisor_count_not_two,power_of_two,pgs_left_prime_wheel_open_v1,,,,,,,,,,False,
101,1000,403,4,exponent_divisor_count_not_two,power_of_two,pgs_left_prime_wheel_open_v1,,,,,,,,,,False,
101,1000,404,6,exponent_divisor_count_not_two,power_of_two,pgs_left_prime_wheel_open_v1,,,,,,,,,,False,
101,1000,405,10,exponent_divisor_count_not_two,power_of_two,pgs_left_prime_wheel_open_v1,,,,,,,,,,False,
101,1000,406,8,exponent_divisor_count_not_two,power_of_two,pgs_left_prime_wheel_open_v1,,,,,,,,,,False,
101,1000,407,4,exponent_divisor_count_not_two,power_of_two,pgs_left_prime_wheel_open_v1,,,,,,,,,,False,
101,1000,408,16,exponent_divisor_count_not_two,power_of_two,pgs_left_prime_wheel_open_v1,,,,,,,,,,False,
101,1000,409,2,left_prime_unresolved,power_of_two,pgs_left_prime_wheel_open_v1,4096,1.0,1,,candidate_work_limit,1,1322111937580497197903830616065542079656809365928562438569297590548811582472622691650378420879430569695182424050046716608512,1322111937580497197903830616065542079656809365928562438569297590548811582472622691650378420879430569695182424050046716608511,,False,
101,1000,410,8,exponent_divisor_count_not_two,power_of_two,pgs_left_prime_wheel_open_v1,,,,,,,,,,False,
101,1000,411,4,exponent_divisor_count_not_two,power_of_two,pgs_left_prime_wheel_open_v1,,,,,,,,,,False,
101,1000,412,6,exponent_divisor_count_not_two,power_of_two,pgs_left_prime_wheel_open_v1,,,,,,,,,,False,
101,1000,413,4,exponent_divisor_count_not_two,power_of_two,pgs_left_prime_wheel_open_v1,,,,,,,,,,False,
101,1000,414,12,exponent_divisor_count_not_two,power_of_two,pgs_left_prime_wheel_open_v1,,,,,,,,,,False,
101,1000,415,4,exponent_divisor_count_not_two,power_of_two,pgs_left_prime_wheel_open_v1,,,,,,,,,,False,
101,1000,416,12,exponent_divisor_count_not_two,power_of_two,pgs_left_prime_wheel_open_v1,,,,,,,,,,False,
101,1000,417,4,exponent_divisor_count_not_two,power_of_two,pgs_left_prime_wheel_open_v1,,,,,,,,,,False,
101,1000,418,8,exponent_divisor_count_not_two,power_of_two,pgs_left_prime_wheel_open_v1,,,,,,,,,,False,
101,1000,419,2,left_prime_unresolved,power_of_two,pgs_left_prime_wheel_open_v1,4096,1.0,1,,candidate_work_limit,1,1353842624082429130653522550851115089568572790710847937094960732721983060451965636249987502980536903367866802227247837807116288,1353842624082429130653522550851115089568572790710847937094960732721983060451965636249987502980536903367866802227247837807116287,,False,
101,1000,420,24,exponent_divisor_count_not_two,power_of_two,pgs_left_prime_wheel_open_v1,,,,,,,,,,False,
101,1000,421,2,left_prime_unresolved,power_of_two,pgs_left_prime_wheel_open_v1,4096,1.0,2,1,candidate_work_limit,3,5415370496329716522614090203404460358274291162843391748379842930887932241807862544999950011922147613471467208908991351228465152,5415370496329716522614090203404460358274291162843391748379842930887932241807862544999950011922147613471467208908991351228465151,,False,
101,1000,422,4,exponent_divisor_count_not_two,power_of_two,pgs_left_prime_wheel_open_v1,,,,,,,,,,False,
101,1000,423,6,exponent_divisor_count_not_two,power_of_two,pgs_left_prime_wheel_open_v1,,,,,,,,,,False,
101,1000,424,8,exponent_divisor_count_not_two,power_of_two,pgs_left_prime_wheel_open_v1,,,,,,,,,,False,
101,1000,425,6,exponent_divisor_count_not_two,power_of_two,pgs_left_prime_wheel_open_v1,,,,,,,,,,False,
101,1000,426,8,exponent_divisor_count_not_two,power_of_two,pgs_left_prime_wheel_open_v1,,,,,,,,,,False,
101,1000,427,4,exponent_divisor_count_not_two,power_of_two,pgs_left_prime_wheel_open_v1,,,,,,,,,,False,
101,1000,428,6,exponent_divisor_count_not_two,power_of_two,pgs_left_prime_wheel_open_v1,,,,,,,,,,False,
101,1000,429,8,exponent_divisor_count_not_two,power_of_two,pgs_left_prime_wheel_open_v1,,,,,,,,,,False,
101,1000,430,8,exponent_divisor_count_not_two,power_of_two,pgs_left_prime_wheel_open_v1,,,,,,,,,,False,
101,1000,431,2,left_prime_unresolved,power_of_two,pgs_left_prime_wheel_open_v1,4096,1.0,1,,candidate_work_limit,1,5545339388241629719156828368286167406872874150751633150340959161229242615611251246079948812208279156194782421922807143657948315648,5545339388241629719156828368286167406872874150751633150340959161229242615611251246079948812208279156194782421922807143657948315647,,False,
101,1000,432,20,exponent_divisor_count_not_two,power_of_two,pgs_left_prime_wheel_open_v1,,,,,,,,,,False,
101,1000,433,2,left_prime_unresolved,power_of_two,pgs_left_prime_wheel_open_v1,4096,1.0,1,,candidate_work_limit,1,22181357552966518876627313473144669627491496603006532601363836644916970462445004984319795248833116624779129687691228574631793262592,22181357552966518876627313473144669627491496603006532601363836644916970462445004984319795248833116624779129687691228574631793262591,,False,
101,1000,434,8,exponent_divisor_count_not_two,power_of_two,pgs_left_prime_wheel_open_v1,,,,,,,,,,False,
101,1000,435,8,exponent_divisor_count_not_two,power_of_two,pgs_left_prime_wheel_open_v1,,,,,,,,,,False,
101,1000,436,6,exponent_divisor_count_not_two,power_of_two,pgs_left_prime_wheel_open_v1,,,,,,,,,,False,
101,1000,437,4,exponent_divisor_count_not_two,power_of_two,pgs_left_prime_wheel_open_v1,,,,,,,,,,False,
101,1000,438,8,exponent_divisor_count_not_two,power_of_two,pgs_left_prime_wheel_open_v1,,,,,,,,,,False,
101,1000,439,2,left_prime_unresolved,power_of_two,pgs_left_prime_wheel_open_v1,4096,1.0,1,,candidate_work_limit,1,1419606883389857208104148062281258856159455782592418086487285545274686109596480318996466895925319463985864300012238628776434768805888,1419606883389857208104148062281258856159455782592418086487285545274686109596480318996466895925319463985864300012238628776434768805887,,False,
101,1000,440,16,exponent_divisor_count_not_two,power_of_two,pgs_left_prime_wheel_open_v1,,,,,,,,,,False,
101,1000,441,9,exponent_divisor_count_not_two,power_of_two,pgs_left_prime_wheel_open_v1,,,,,,,,,,False,
101,1000,442,8,exponent_divisor_count_not_two,power_of_two,pgs_left_prime_wheel_open_v1,,,,,,,,,,False,
101,1000,443,2,left_prime_unresolved,power_of_two,pgs_left_prime_wheel_open_v1,4096,1.0,2,1,candidate_work_limit,7,22713710134237715329666368996500141698551292521478689383796568724394977753543685103943470334805111423773828800195818060422956300894208,22713710134237715329666368996500141698551292521478689383796568724394977753543685103943470334805111423773828800195818060422956300894207,,False,
101,1000,444,12,exponent_divisor_count_not_two,power_of_two,pgs_left_prime_wheel_open_v1,,,,,,,,,,False,
101,1000,445,4,exponent_divisor_count_not_two,power_of_two,pgs_left_prime_wheel_open_v1,,,,,,,,,,False,
101,1000,446,4,exponent_divisor_count_not_two,power_of_two,pgs_left_prime_wheel_open_v1,,,,,,,,,,False,
101,1000,447,4,exponent_divisor_count_not_two,power_of_two,pgs_left_prime_wheel_open_v1,,,,,,,,,,False,
101,1000,448,14,exponent_divisor_count_not_two,power_of_two,pgs_left_prime_wheel_open_v1,,,,,,,,,,False,
101,1000,449,2,left_prime_unresolved,power_of_two,pgs_left_prime_wheel_open_v1,4096,1.0,1,,candidate_work_limit,1,1453677448591213781098647615776009068707282721374636120562980398361278576226795846652382101427527131121525043212532355867069203257229312,1453677448591213781098647615776009068707282721374636120562980398361278576226795846652382101427527131121525043212532355867069203257229311,,False,
101,1000,450,18,exponent_divisor_count_not_two,power_of_two,pgs_left_prime_wheel_open_v1,,,,,,,,,,False,
101,1000,451,4,exponent_divisor_count_not_two,power_of_two,pgs_left_prime_wheel_open_v1,,,,,,,,,,False,
101,1000,452,6,exponent_divisor_count_not_two,power_of_two,pgs_left_prime_wheel_open_v1,,,,,,,,,,False,
101,1000,453,4,exponent_divisor_count_not_two,power_of_two,pgs_left_prime_wheel_open_v1,,,,,,,,,,False,
101,1000,454,4,exponent_divisor_count_not_two,power_of_two,pgs_left_prime_wheel_open_v1,,,,,,,,,,False,
101,1000,455,8,exponent_divisor_count_not_two,power_of_two,pgs_left_prime_wheel_open_v1,,,,,,,,,,False,
101,1000,456,16,exponent_divisor_count_not_two,power_of_two,pgs_left_prime_wheel_open_v1,,,,,,,,,,False,
101,1000,457,2,left_prime_unresolved,power_of_two,pgs_left_prime_wheel_open_v1,4096,1.0,2,1,candidate_work_limit,3,372141426839350727961253789638658321589064376671906846864122981980487315514059736743009817965446945567110411062408283101969716033850703872,372141426839350727961253789638658321589064376671906846864122981980487315514059736743009817965446945567110411062408283101969716033850703871,,False,
101,1000,458,4,exponent_divisor_count_not_two,power_of_two,pgs_left_prime_wheel_open_v1,,,,,,,,,,False,
101,1000,459,8,exponent_divisor_count_not_two,power_of_two,pgs_left_prime_wheel_open_v1,,,,,,,,,,False,
101,1000,460,12,exponent_divisor_count_not_two,power_of_two,pgs_left_prime_wheel_open_v1,,,,,,,,,,False,
101,1000,461,2,left_prime_unresolved,power_of_two,pgs_left_prime_wheel_open_v1,4096,1.0,1,,candidate_work_limit,1,5954262829429611647380060634218533145425030026750509549825967711687797048224955787888157087447151129073766576998532529631515456541611261952,5954262829429611647380060634218533145425030026750509549825967711687797048224955787888157087447151129073766576998532529631515456541611261951,,False,
101,1000,462,16,exponent_divisor_count_not_two,power_of_two,pgs_left_prime_wheel_open_v1,,,,,,,,,,False,
101,1000,463,2,left_prime_unresolved,power_of_two,pgs_left_prime_wheel_open_v1,4096,1.0,1,,candidate_work_limit,1,23817051317718446589520242536874132581700120107002038199303870846751188192899823151552628349788604516295066307994130118526061826166445047808,23817051317718446589520242536874132581700120107002038199303870846751188192899823151552628349788604516295066307994130118526061826166445047807,,False,
101,1000,464,10,exponent_divisor_count_not_two,power_of_two,pgs_left_prime_wheel_open_v1,,,,,,,,,,False,
101,1000,465,8,exponent_divisor_count_not_two,power_of_two,pgs_left_prime_wheel_open_v1,,,,,,,,,,False,
101,1000,466,4,exponent_divisor_count_not_two,power_of_two,pgs_left_prime_wheel_open_v1,,,,,,,,,,False,
101,1000,467,2,left_prime_unresolved,power_of_two,pgs_left_prime_wheel_open_v1,4096,1.0,1,,candidate_work_limit,1,381072821083495145432323880589986121307201921712032611188861933548019011086397170424842053596617672260721060927906081896416989218663120764928,381072821083495145432323880589986121307201921712032611188861933548019011086397170424842053596617672260721060927906081896416989218663120764927,,False,
101,1000,468,18,exponent_divisor_count_not_two,power_of_two,pgs_left_prime_wheel_open_v1,,,,,,,,,,False,
101,1000,469,4,exponent_divisor_count_not_two,power_of_two,pgs_left_prime_wheel_open_v1,,,,,,,,,,False,
101,1000,470,8,exponent_divisor_count_not_two,power_of_two,pgs_left_prime_wheel_open_v1,,,,,,,,,,False,
101,1000,471,4,exponent_divisor_count_not_two,power_of_two,pgs_left_prime_wheel_open_v1,,,,,,,,,,False,
101,1000,472,8,exponent_divisor_count_not_two,power_of_two,pgs_left_prime_wheel_open_v1,,,,,,,,,,False,
101,1000,473,4,exponent_divisor_count_not_two,power_of_two,pgs_left_prime_wheel_open_v1,,,,,,,,,,False,
101,1000,474,8,exponent_divisor_count_not_two,power_of_two,pgs_left_prime_wheel_open_v1,,,,,,,,,,False,
101,1000,475,6,exponent_divisor_count_not_two,power_of_two,pgs_left_prime_wheel_open_v1,,,,,,,,,,False,
101,1000,476,12,exponent_divisor_count_not_two,power_of_two,pgs_left_prime_wheel_open_v1,,,,,,,,,,False,
101,1000,477,6,exponent_divisor_count_not_two,power_of_two,pgs_left_prime_wheel_open_v1,,,,,,,,,,False,
101,1000,478,4,exponent_divisor_count_not_two,power_of_two,pgs_left_prime_wheel_open_v1,,,,,,,,,,False,
101,1000,479,2,left_prime_unresolved,power_of_two,pgs_left_prime_wheel_open_v1,4096,1.0,1,,candidate_work_limit,1,1560874275157996115690798614896583152874299071332485575429578479812685869409882810060153051531745985579913465560703311447723987839644142653145088,1560874275157996115690798614896583152874299071332485575429578479812685869409882810060153051531745985579913465560703311447723987839644142653145087,,False,
101,1000,480,24,exponent_divisor_count_not_two,power_of_two,pgs_left_prime_wheel_open_v1,,,,,,,,,,False,
101,1000,481,4,exponent_divisor_count_not_two,power_of_two,pgs_left_prime_wheel_open_v1,,,,,,,,,,False,
101,1000,482,4,exponent_divisor_count_not_two,power_of_two,pgs_left_prime_wheel_open_v1,,,,,,,,,,False,
101,1000,483,8,exponent_divisor_count_not_two,power_of_two,pgs_left_prime_wheel_open_v1,,,,,,,,,,False,
101,1000,484,9,exponent_divisor_count_not_two,power_of_two,pgs_left_prime_wheel_open_v1,,,,,,,,,,False,
101,1000,485,4,exponent_divisor_count_not_two,power_of_two,pgs_left_prime_wheel_open_v1,,,,,,,,,,False,
101,1000,486,12,exponent_divisor_count_not_two,power_of_two,pgs_left_prime_wheel_open_v1,,,,,,,,,,False,
101,1000,487,2,left_prime_unresolved,power_of_two,pgs_left_prime_wheel_open_v1,4096,1.0,2,1,candidate_work_limit,7,399583814440447005616844445413525287135820562261116307309972090832047582568929999375399181192126972308457847183540047730617340886948900519205142528,399583814440447005616844445413525287135820562261116307309972090832047582568929999375399181192126972308457847183540047730617340886948900519205142527,,False,
101,1000,488,8,exponent_divisor_count_not_two,power_of_two,pgs_left_prime_wheel_open_v1,,,,,,,,,,False,
101,1000,489,4,exponent_divisor_count_not_two,power_of_two,pgs_left_prime_wheel_open_v1,,,,,,,,,,False,
101,1000,490,12,exponent_divisor_count_not_two,power_of_two,pgs_left_prime_wheel_open_v1,,,,,,,,,,False,
101,1000,491,2,left_prime_unresolved,power_of_two,pgs_left_prime_wheel_open_v1,4096,1.0,1,,candidate_work_limit,1,6393341031047152089869511126616404594173128996177860916959553453312761321102879990006386899074031556935325554936640763689877454191182408307282280448,6393341031047152089869511126616404594173128996177860916959553453312761321102879990006386899074031556935325554936640763689877454191182408307282280447,,False,
101,1000,492,12,exponent_divisor_count_not_two,power_of_two,pgs_left_prime_wheel_open_v1,,,,,,,,,,False,
101,1000,493,4,exponent_divisor_count_not_two,power_of_two,pgs_left_prime_wheel_open_v1,,,,,,,,,,False,
101,1000,494,8,exponent_divisor_count_not_two,power_of_two,pgs_left_prime_wheel_open_v1,,,,,,,,,,False,
101,1000,495,12,exponent_divisor_count_not_two,power_of_two,pgs_left_prime_wheel_open_v1,,,,,,,,,,False,
101,1000,496,10,exponent_divisor_count_not_two,power_of_two,pgs_left_prime_wheel_open_v1,,,,,,,,,,False,
101,1000,497,4,exponent_divisor_count_not_two,power_of_two,pgs_left_prime_wheel_open_v1,,,,,,,,,,False,
101,1000,498,8,exponent_divisor_count_not_two,power_of_two,pgs_left_prime_wheel_open_v1,,,,,,,,,,False,
101,1000,499,2,left_prime_unresolved,power_of_two,pgs_left_prime_wheel_open_v1,4096,1.0,1,,candidate_work_limit,1,1636695303948070935006594848413799576108321023021532394741645684048066898202337277441635046162952078575443342063780035504608628272942696526664263794688,1636695303948070935006594848413799576108321023021532394741645684048066898202337277441635046162952078575443342063780035504608628272942696526664263794687,,False,
101,1000,500,12,exponent_divisor_count_not_two,power_of_two,pgs_left_prime_wheel_open_v1,,,,,,,,,,False,
101,1000,501,4,exponent_divisor_count_not_two,power_of_two,pgs_left_prime_wheel_open_v1,,,,,,,,,,False,
101,1000,502,4,exponent_divisor_count_not_two,power_of_two,pgs_left_prime_wheel_open_v1,,,,,,,,,,False,
101,1000,503,2,left_prime_unresolved,power_of_two,pgs_left_prime_wheel_open_v1,4096,1.0,1,,candidate_work_limit,1,26187124863169134960105517574620793217733136368344518315866330944769070371237396439066160738607233257207093473020480568073738052367083144426628220715008,26187124863169134960105517574620793217733136368344518315866330944769070371237396439066160738607233257207093473020480568073738052367083144426628220715007,,False,
101,1000,504,24,exponent_divisor_count_not_two,power_of_two,pgs_left_prime_wheel_open_v1,,,,,,,,,,False,
101,1000,505,4,exponent_divisor_count_not_two,power_of_two,pgs_left_prime_wheel_open_v1,,,,,,,,,,False,
101,1000,506,8,exponent_divisor_count_not_two,power_of_two,pgs_left_prime_wheel_open_v1,,,,,,,,,,False,
101,1000,507,6,exponent_divisor_count_not_two,power_of_two,pgs_left_prime_wheel_open_v1,,,,,,,,,,False,
101,1000,508,6,exponent_divisor_count_not_two,power_of_two,pgs_left_prime_wheel_open_v1,,,,,,,,,,False,
101,1000,509,2,left_prime_unresolved,power_of_two,pgs_left_prime_wheel_open_v1,4096,1.0,1,,candidate_work_limit,1,1675975991242824637446753124775730765934920727574049172215445180465220503759193372100234287270862928461253982273310756356719235351493321243304206125760512,1675975991242824637446753124775730765934920727574049172215445180465220503759193372100234287270862928461253982273310756356719235351493321243304206125760511,,False,
101,1000,510,16,exponent_divisor_count_not_two,power_of_two,pgs_left_prime_wheel_open_v1,,,,,,,,,,False,
101,1000,511,4,exponent_divisor_count_not_two,power_of_two,pgs_left_prime_wheel_open_v1,,,,,,,,,,False,
101,1000,512,10,exponent_divisor_count_not_two,power_of_two,pgs_left_prime_wheel_open_v1,,,,,,,,,,False,
101,1000,513,8,exponent_divisor_count_not_two,power_of_two,pgs_left_prime_wheel_open_v1,,,,,,,,,,False,
101,1000,514,4,exponent_divisor_count_not_two,power_of_two,pgs_left_prime_wheel_open_v1,,,,,,,,,,False,
101,1000,515,4,exponent_divisor_count_not_two,power_of_two,pgs_left_prime_wheel_open_v1,,,,,,,,,,False,
101,1000,516,12,exponent_divisor_count_not_two,power_of_two,pgs_left_prime_wheel_open_v1,,,,,,,,,,False,
101,1000,517,4,exponent_divisor_count_not_two,power_of_two,pgs_left_prime_wheel_open_v1,,,,,,,,,,False,
101,1000,518,8,exponent_divisor_count_not_two,power_of_two,pgs_left_prime_wheel_open_v1,,,,,,,,,,False,
101,1000,519,4,exponent_divisor_count_not_two,power_of_two,pgs_left_prime_wheel_open_v1,,,,,,,,,,False,
101,1000,520,16,exponent_divisor_count_not_two,power_of_two,pgs_left_prime_wheel_open_v1,,,,,,,,,,False,
101,1000,521,2,left_prime_resolved,power_of_two,pgs_left_prime_wheel_open_v1,4096,1.0,1,,,,6864797660130609714981900799081393217269435300143305409394463459185543183397656052122559640661454554977296311391480858037121987999716643812574028291115057152,6864797660130609714981900799081393217269435300143305409394463459185543183397656052122559640661454554977296311391480858037121987999716643812574028291115057151,1,True,6864797660130609714981900799081393217269435300143305409394463459185543183397656052122559640661454554977296311391480858037121987999716643812574028291115057151
101,1000,522,12,exponent_divisor_count_not_two,power_of_two,pgs_left_prime_wheel_open_v1,,,,,,,,,,False,
101,1000,523,2,left_prime_unresolved,power_of_two,pgs_left_prime_wheel_open_v1,4096,1.0,1,,candidate_work_limit,1,27459190640522438859927603196325572869077741200573221637577853836742172733590624208490238562645818219909185245565923432148487951998866575250296113164460228608,27459190640522438859927603196325572869077741200573221637577853836742172733590624208490238562645818219909185245565923432148487951998866575250296113164460228607,,False,
101,1000,524,6,exponent_divisor_count_not_two,power_of_two,pgs_left_prime_wheel_open_v1,,,,,,,,,,False,
101,1000,525,12,exponent_divisor_count_not_two,power_of_two,pgs_left_prime_wheel_open_v1,,,,,,,,,,False,
101,1000,526,4,exponent_divisor_count_not_two,power_of_two,pgs_left_prime_wheel_open_v1,,,,,,,,,,False,
101,1000,527,4,exponent_divisor_count_not_two,power_of_two,pgs_left_prime_wheel_open_v1,,,,,,,,,,False,
101,1000,528,20,exponent_divisor_count_not_two,power_of_two,pgs_left_prime_wheel_open_v1,,,,,,,,,,False,
101,1000,529,3,exponent_divisor_count_not_two,power_of_two,pgs_left_prime_wheel_open_v1,,,,,,,,,,False,
101,1000,530,8,exponent_divisor_count_not_two,power_of_two,pgs_left_prime_wheel_open_v1,,,,,,,,,,False,
101,1000,531,6,exponent_divisor_count_not_two,power_of_two,pgs_left_prime_wheel_open_v1,,,,,,,,,,False,
101,1000,532,12,exponent_divisor_count_not_two,power_of_two,pgs_left_prime_wheel_open_v1,,,,,,,,,,False,
101,1000,533,4,exponent_divisor_count_not_two,power_of_two,pgs_left_prime_wheel_open_v1,,,,,,,,,,False,
101,1000,534,8,exponent_divisor_count_not_two,power_of_two,pgs_left_prime_wheel_open_v1,,,,,,,,,,False,
101,1000,535,4,exponent_divisor_count_not_two,power_of_two,pgs_left_prime_wheel_open_v1,,,,,,,,,,False,
101,1000,536,8,exponent_divisor_count_not_two,power_of_two,pgs_left_prime_wheel_open_v1,,,,,,,,,,False,
101,1000,537,4,exponent_divisor_count_not_two,power_of_two,pgs_left_prime_wheel_open_v1,,,,,,,,,,False,
101,1000,538,4,exponent_divisor_count_not_two,power_of_two,pgs_left_prime_wheel_open_v1,,,,,,,,,,False,
101,1000,539,6,exponent_divisor_count_not_two,power_of_two,pgs_left_prime_wheel_open_v1,,,,,,,,,,False,
101,1000,540,24,exponent_divisor_count_not_two,power_of_two,pgs_left_prime_wheel_open_v1,,,,,,,,,,False,
101,1000,541,2,left_prime_unresolved,power_of_two,pgs_left_prime_wheel_open_v1,4096,1.0,1,,candidate_work_limit,1,7198262071269114212496861612297570974191515389283066612961208916178940129074380592510465097766225371439873457013633432197133225688790879502413624289384262168215552,7198262071269114212496861612297570974191515389283066612961208916178940129074380592510465097766225371439873457013633432197133225688790879502413624289384262168215551,,False,
101,1000,542,4,exponent_divisor_count_not_two,power_of_two,pgs_left_prime_wheel_open_v1,,,,,,,,,,False,
101,1000,543,4,exponent_divisor_count_not_two,power_of_two,pgs_left_prime_wheel_open_v1,,,,,,,,,,False,
101,1000,544,12,exponent_divisor_count_not_two,power_of_two,pgs_left_prime_wheel_open_v1,,,,,,,,,,False,
101,1000,545,4,exponent_divisor_count_not_two,power_of_two,pgs_left_prime_wheel_open_v1,,,,,,,,,,False,
101,1000,546,16,exponent_divisor_count_not_two,power_of_two,pgs_left_prime_wheel_open_v1,,,,,,,,,,False,
101,1000,547,2,left_prime_unresolved,power_of_two,pgs_left_prime_wheel_open_v1,4096,1.0,1,,candidate_work_limit,1,460688772561223309599799143187044542348256984914116263229517370635452168260760357920669766257038423772151901248872539660616526444082616288154471954520592778765795328,460688772561223309599799143187044542348256984914116263229517370635452168260760357920669766257038423772151901248872539660616526444082616288154471954520592778765795327,,False,
101,1000,548,6,exponent_divisor_count_not_two,power_of_two,pgs_left_prime_wheel_open_v1,,,,,,,,,,False,
101,1000,549,6,exponent_divisor_count_not_two,power_of_two,pgs_left_prime_wheel_open_v1,,,,,,,,,,False,
101,1000,550,12,exponent_divisor_count_not_two,power_of_two,pgs_left_prime_wheel_open_v1,,,,,,,,,,False,
101,1000,551,4,exponent_divisor_count_not_two,power_of_two,pgs_left_prime_wheel_open_v1,,,,,,,,,,False,
101,1000,552,16,exponent_divisor_count_not_two,power_of_two,pgs_left_prime_wheel_open_v1,,,,,,,,,,False,
101,1000,553,4,exponent_divisor_count_not_two,power_of_two,pgs_left_prime_wheel_open_v1,,,,,,,,,,False,
101,1000,554,4,exponent_divisor_count_not_two,power_of_two,pgs_left_prime_wheel_open_v1,,,,,,,,,,False,
101,1000,555,8,exponent_divisor_count_not_two,power_of_two,pgs_left_prime_wheel_open_v1,,,,,,,,,,False,
101,1000,556,6,exponent_divisor_count_not_two,power_of_two,pgs_left_prime_wheel_open_v1,,,,,,,,,,False,
101,1000,557,2,left_prime_unresolved,power_of_two,pgs_left_prime_wheel_open_v1,4096,1.0,1,,candidate_work_limit,1,471745303102692669030194322623533611364615152552055053547025787530703020299018606510765840647207345942683546878845480612471323078740599079070179281429087005456174415872,471745303102692669030194322623533611364615152552055053547025787530703020299018606510765840647207345942683546878845480612471323078740599079070179281429087005456174415871,,False,
101,1000,558,12,exponent_divisor_count_not_two,power_of_two,pgs_left_prime_wheel_open_v1,,,,,,,,,,False,
101,1000,559,4,exponent_divisor_count_not_two,power_of_two,pgs_left_prime_wheel_open_v1,,,,,,,,,,False,
101,1000,560,20,exponent_divisor_count_not_two,power_of_two,pgs_left_prime_wheel_open_v1,,,,,,,,,,False,
101,1000,561,8,exponent_divisor_count_not_two,power_of_two,pgs_left_prime_wheel_open_v1,,,,,,,,,,False,
101,1000,562,4,exponent_divisor_count_not_two,power_of_two,pgs_left_prime_wheel_open_v1,,,,,,,,,,False,
101,1000,563,2,left_prime_unresolved,power_of_two,pgs_left_prime_wheel_open_v1,4096,1.0,1,,candidate_work_limit,1,30191699398572330817932436647906151127335369763331523427009650401964993299137190816689013801421270140331747000246110759198164677039398341060491474011461568349195162615808,30191699398572330817932436647906151127335369763331523427009650401964993299137190816689013801421270140331747000246110759198164677039398341060491474011461568349195162615807,,False,
101,1000,564,12,exponent_divisor_count_not_two,power_of_two,pgs_left_prime_wheel_open_v1,,,,,,,,,,False,
101,1000,565,4,exponent_divisor_count_not_two,power_of_two,pgs_left_prime_wheel_open_v1,,,,,,,,,,False,
101,1000,566,4,exponent_divisor_count_not_two,power_of_two,pgs_left_prime_wheel_open_v1,,,,,,,,,,False,
101,1000,567,10,exponent_divisor_count_not_two,power_of_two,pgs_left_prime_wheel_open_v1,,,,,,,,,,False,
101,1000,568,8,exponent_divisor_count_not_two,power_of_two,pgs_left_prime_wheel_open_v1,,,,,,,,,,False,
101,1000,569,2,left_prime_unresolved,power_of_two,pgs_left_prime_wheel_open_v1,4096,1.0,1,,candidate_work_limit,1,1932268761508629172347675945465993672149463664853217499328617625725759571144780212268096883290961288981231808015751088588682539330521493827871454336733540374348490407411712,1932268761508629172347675945465993672149463664853217499328617625725759571144780212268096883290961288981231808015751088588682539330521493827871454336733540374348490407411711,,False,
101,1000,570,16,exponent_divisor_count_not_two,power_of_two,pgs_left_prime_wheel_open_v1,,,,,,,,,,False,
101,1000,571,2,left_prime_unresolved,power_of_two,pgs_left_prime_wheel_open_v1,4096,1.0,1,,candidate_work_limit,1,7729075046034516689390703781863974688597854659412869997314470502903038284579120849072387533163845155924927232063004354354730157322085975311485817346934161497393961629646848,7729075046034516689390703781863974688597854659412869997314470502903038284579120849072387533163845155924927232063004354354730157322085975311485817346934161497393961629646847,,False,
101,1000,572,12,exponent_divisor_count_not_two,power_of_two,pgs_left_prime_wheel_open_v1,,,,,,,,,,False,
101,1000,573,4,exponent_divisor_count_not_two,power_of_two,pgs_left_prime_wheel_open_v1,,,,,,,,,,False,
101,1000,574,8,exponent_divisor_count_not_two,power_of_two,pgs_left_prime_wheel_open_v1,,,,,,,,,,False,
101,1000,575,6,exponent_divisor_count_not_two,power_of_two,pgs_left_prime_wheel_open_v1,,,,,,,,,,False,
101,1000,576,21,exponent_divisor_count_not_two,power_of_two,pgs_left_prime_wheel_open_v1,,,,,,,,,,False,
101,1000,577,2,left_prime_unresolved,power_of_two,pgs_left_prime_wheel_open_v1,4096,1.0,2,1,candidate_work_limit,3,494660802946209068121005042039294380070262698202423679828126112185794450213063734340632802122486089979195342852032278678702730068613502419935092310203786335833213544297398272,494660802946209068121005042039294380070262698202423679828126112185794450213063734340632802122486089979195342852032278678702730068613502419935092310203786335833213544297398271,,False,
101,1000,578,6,exponent_divisor_count_not_two,power_of_two,pgs_left_prime_wheel_open_v1,,,,,,,,,,False,
101,1000,579,4,exponent_divisor_count_not_two,power_of_two,pgs_left_prime_wheel_open_v1,,,,,,,,,,False,
101,1000,580,12,exponent_divisor_count_not_two,power_of_two,pgs_left_prime_wheel_open_v1,,,,,,,,,,False,
101,1000,581,4,exponent_divisor_count_not_two,power_of_two,pgs_left_prime_wheel_open_v1,,,,,,,,,,False,
101,1000,582,8,exponent_divisor_count_not_two,power_of_two,pgs_left_prime_wheel_open_v1,,,,,,,,,,False,
101,1000,583,4,exponent_divisor_count_not_two,power_of_two,pgs_left_prime_wheel_open_v1,,,,,,,,,,False,
101,1000,584,8,exponent_divisor_count_not_two,power_of_two,pgs_left_prime_wheel_open_v1,,,,,,,,,,False,
101,1000,585,12,exponent_divisor_count_not_two,power_of_two,pgs_left_prime_wheel_open_v1,,,,,,,,,,False,
101,1000,586,4,exponent_divisor_count_not_two,power_of_two,pgs_left_prime_wheel_open_v1,,,,,,,,,,False,
101,1000,587,2,left_prime_unresolved,power_of_two,pgs_left_prime_wheel_open_v1,4096,1.0,1,,candidate_work_limit,1,506532662216918085755909163048237445191949002959281848144001138878253517018177263964807989373425756138696031080481053366991595590260226478013534525648677207893210669360535830528,506532662216918085755909163048237445191949002959281848144001138878253517018177263964807989373425756138696031080481053366991595590260226478013534525648677207893210669360535830527,,False,
101,1000,588,18,exponent_divisor_count_not_two,power_of_two,pgs_left_prime_wheel_open_v1,,,,,,,,,,False,
101,1000,589,4,exponent_divisor_count_not_two,power_of_two,pgs_left_prime_wheel_open_v1,,,,,,,,,,False,
101,1000,590,8,exponent_divisor_count_not_two,power_of_two,pgs_left_prime_wheel_open_v1,,,,,,,,,,False,
101,1000,591,4,exponent_divisor_count_not_two,power_of_two,pgs_left_prime_wheel_open_v1,,,,,,,,,,False,
101,1000,592,10,exponent_divisor_count_not_two,power_of_two,pgs_left_prime_wheel_open_v1,,,,,,,,,,False,
101,1000,593,2,left_prime_unresolved,power_of_two,pgs_left_prime_wheel_open_v1,4096,1.0,1,,candidate_work_limit,1,32418090381882757488378186435087196492284736189394038281216072888208225089163344893747711319899248392876545989150787415487462117776654494592866209641515341305165482839074293153792,32418090381882757488378186435087196492284736189394038281216072888208225089163344893747711319899248392876545989150787415487462117776654494592866209641515341305165482839074293153791,,False,
101,1000,594,16,exponent_divisor_count_not_two,power_of_two,pgs_left_prime_wheel_open_v1,,,,,,,,,,False,
101,1000,595,8,exponent_divisor_count_not_two,power_of_two,pgs_left_prime_wheel_open_v1,,,,,,,,,,False,
101,1000,596,6,exponent_divisor_count_not_two,power_of_two,pgs_left_prime_wheel_open_v1,,,,,,,,,,False,
101,1000,597,4,exponent_divisor_count_not_two,power_of_two,pgs_left_prime_wheel_open_v1,,,,,,,,,,False,
101,1000,598,8,exponent_divisor_count_not_two,power_of_two,pgs_left_prime_wheel_open_v1,,,,,,,,,,False,
101,1000,599,2,left_prime_unresolved,power_of_two,pgs_left_prime_wheel_open_v1,4096,1.0,1,,candidate_work_limit,1,2074757784440496479256203931845580575506223116121218449997828664845326405706454073199853524473551897144098943305650394591197575537705887653943437417056981843530590901700754761842688,2074757784440496479256203931845580575506223116121218449997828664845326405706454073199853524473551897144098943305650394591197575537705887653943437417056981843530590901700754761842687,,False,
101,1000,600,24,exponent_divisor_count_not_two,power_of_two,pgs_left_prime_wheel_open_v1,,,,,,,,,,False,
101,1000,601,2,left_prime_unresolved,power_of_two,pgs_left_prime_wheel_open_v1,4096,1.0,1,,candidate_work_limit,1,8299031137761985917024815727382322302024892464484873799991314659381305622825816292799414097894207588576395773222601578364790302150823550615773749668227927374122363606803019047370752,8299031137761985917024815727382322302024892464484873799991314659381305622825816292799414097894207588576395773222601578364790302150823550615773749668227927374122363606803019047370751,,False,
101,1000,602,8,exponent_divisor_count_not_two,power_of_two,pgs_left_prime_wheel_open_v1,,,,,,,,,,False,
101,1000,603,6,exponent_divisor_count_not_two,power_of_two,pgs_left_prime_wheel_open_v1,,,,,,,,,,False,
101,1000,604,6,exponent_divisor_count_not_two,power_of_two,pgs_left_prime_wheel_open_v1,,,,,,,,,,False,
101,1000,605,6,exponent_divisor_count_not_two,power_of_two,pgs_left_prime_wheel_open_v1,,,,,,,,,,False,
101,1000,606,8,exponent_divisor_count_not_two,power_of_two,pgs_left_prime_wheel_open_v1,,,,,,,,,,False,
101,1000,607,2,left_prime_resolved,power_of_two,pgs_left_prime_wheel_open_v1,4096,1.0,1,,,,531137992816767098689588206552468627329593117727031923199444138200403559860852242739162502265229285668889329486246501015346579337652707239409519978766587351943831270835393219031728128,531137992816767098689588206552468627329593117727031923199444138200403559860852242739162502265229285668889329486246501015346579337652707239409519978766587351943831270835393219031728127,1,True,531137992816767098689588206552468627329593117727031923199444138200403559860852242739162502265229285668889329486246501015346579337652707239409519978766587351943831270835393219031728127
101,1000,608,12,exponent_divisor_count_not_two,power_of_two,pgs_left_prime_wheel_open_v1,,,,,,,,,,False,
101,1000,609,8,exponent_divisor_count_not_two,power_of_two,pgs_left_prime_wheel_open_v1,,,,,,,,,,False,
101,1000,610,8,exponent_divisor_count_not_two,power_of_two,pgs_left_prime_wheel_open_v1,,,,,,,,,,False,
101,1000,611,4,exponent_divisor_count_not_two,power_of_two,pgs_left_prime_wheel_open_v1,,,,,,,,,,False,
101,1000,612,18,exponent_divisor_count_not_two,power_of_two,pgs_left_prime_wheel_open_v1,,,,,,,,,,False,
101,1000,613,2,left_prime_unresolved,power_of_two,pgs_left_prime_wheel_open_v1,4096,1.0,1,,candidate_work_limit,1,33992831540273094316133645219357992149093959534530043084764424844825827831094543535306400144974674282808917087119776064982181077609773263322209278641061590524405201333465166018030600192,33992831540273094316133645219357992149093959534530043084764424844825827831094543535306400144974674282808917087119776064982181077609773263322209278641061590524405201333465166018030600191,,False,
101,1000,614,4,exponent_divisor_count_not_two,power_of_two,pgs_left_prime_wheel_open_v1,,,,,,,,,,False,
101,1000,615,8,exponent_divisor_count_not_two,power_of_two,pgs_left_prime_wheel_open_v1,,,,,,,,,,False,
101,1000,616,16,exponent_divisor_count_not_two,power_of_two,pgs_left_prime_wheel_open_v1,,,,,,,,,,False,
101,1000,617,2,left_prime_unresolved,power_of_two,pgs_left_prime_wheel_open_v1,4096,1.0,1,,candidate_work_limit,1,543885304644369509058138323509727874385503352552480689356230797517213245297512696564902402319594788524942673393916417039714897241756372213155348458256985448390483221335442656288489603072,543885304644369509058138323509727874385503352552480689356230797517213245297512696564902402319594788524942673393916417039714897241756372213155348458256985448390483221335442656288489603071,,False,
101,1000,618,8,exponent_divisor_count_not_two,power_of_two,pgs_left_prime_wheel_open_v1,,,,,,,,,,False,
101,1000,619,2,left_prime_unresolved,power_of_two,pgs_left_prime_wheel_open_v1,4096,1.0,1,,candidate_work_limit,1,2175541218577478036232553294038911497542013410209922757424923190068852981190050786259609609278379154099770693575665668158859588967025488852621393833027941793561932885341770625153958412288,2175541218577478036232553294038911497542013410209922757424923190068852981190050786259609609278379154099770693575665668158859588967025488852621393833027941793561932885341770625153958412287,,False,
101,1000,620,12,exponent_divisor_count_not_two,power_of_two,pgs_left_prime_wheel_open_v1,,,,,,,,,,False,
101,1000,621,8,exponent_divisor_count_not_two,power_of_two,pgs_left_prime_wheel_open_v1,,,,,,,,,,False,
101,1000,622,4,exponent_divisor_count_not_two,power_of_two,pgs_left_prime_wheel_open_v1,,,,,,,,,,False,
101,1000,623,4,exponent_divisor_count_not_two,power_of_two,pgs_left_prime_wheel_open_v1,,,,,,,,,,False,
101,1000,624,20,exponent_divisor_count_not_two,power_of_two,pgs_left_prime_wheel_open_v1,,,,,,,,,,False,
101,1000,625,5,exponent_divisor_count_not_two,power_of_two,pgs_left_prime_wheel_open_v1,,,,,,,,,,False,
101,1000,626,4,exponent_divisor_count_not_two,power_of_two,pgs_left_prime_wheel_open_v1,,,,,,,,,,False,
101,1000,627,8,exponent_divisor_count_not_two,power_of_two,pgs_left_prime_wheel_open_v1,,,,,,,,,,False,
101,1000,628,6,exponent_divisor_count_not_two,power_of_two,pgs_left_prime_wheel_open_v1,,,,,,,,,,False,
101,1000,629,4,exponent_divisor_count_not_two,power_of_two,pgs_left_prime_wheel_open_v1,,,,,,,,,,False,
101,1000,630,24,exponent_divisor_count_not_two,power_of_two,pgs_left_prime_wheel_open_v1,,,,,,,,,,False,
101,1000,631,2,left_prime_unresolved,power_of_two,pgs_left_prime_wheel_open_v1,4096,1.0,1,,candidate_work_limit,1,8911016831293350036408538292383381493932086928219843614412485386522021810954448020519360959604241015192660760885926576778688876408936402340337229140082449586429677098359892480630613656731648,8911016831293350036408538292383381493932086928219843614412485386522021810954448020519360959604241015192660760885926576778688876408936402340337229140082449586429677098359892480630613656731647,,False,
101,1000,632,8,exponent_divisor_count_not_two,power_of_two,pgs_left_prime_wheel_open_v1,,,,,,,,,,False,
101,1000,633,4,exponent_divisor_count_not_two,power_of_two,pgs_left_prime_wheel_open_v1,,,,,,,,,,False,
101,1000,634,4,exponent_divisor_count_not_two,power_of_two,pgs_left_prime_wheel_open_v1,,,,,,,,,,False,
101,1000,635,4,exponent_divisor_count_not_two,power_of_two,pgs_left_prime_wheel_open_v1,,,,,,,,,,False,
101,1000,636,12,exponent_divisor_count_not_two,power_of_two,pgs_left_prime_wheel_open_v1,,,,,,,,,,False,
101,1000,637,6,exponent_divisor_count_not_two,power_of_two,pgs_left_prime_wheel_open_v1,,,,,,,,,,False,
101,1000,638,8,exponent_divisor_count_not_two,power_of_two,pgs_left_prime_wheel_open_v1,,,,,,,,,,False,
101,1000,639,6,exponent_divisor_count_not_two,power_of_two,pgs_left_prime_wheel_open_v1,,,,,,,,,,False,
101,1000,640,16,exponent_divisor_count_not_two,power_of_two,pgs_left_prime_wheel_open_v1,,,,,,,,,,False,
101,1000,641,2,left_prime_unresolved,power_of_two,pgs_left_prime_wheel_open_v1,4096,1.0,1,,candidate_work_limit,1,9124881235244390437282343211400582649786457014497119861158385035798550334417354773011825622634742799557284619147188814621377409442750875996505322639444428376503989348720529900165748384493207552,9124881235244390437282343211400582649786457014497119861158385035798550334417354773011825622634742799557284619147188814621377409442750875996505322639444428376503989348720529900165748384493207551,,False,
101,1000,642,8,exponent_divisor_count_not_two,power_of_two,pgs_left_prime_wheel_open_v1,,,,,,,,,,False,
101,1000,643,2,left_prime_unresolved,power_of_two,pgs_left_prime_wheel_open_v1,4096,1.0,1,,candidate_work_limit,1,36499524940977561749129372845602330599145828057988479444633540143194201337669419092047302490538971198229138476588755258485509637771003503986021290557777713506015957394882119600662993537972830208,36499524940977561749129372845602330599145828057988479444633540143194201337669419092047302490538971198229138476588755258485509637771003503986021290557777713506015957394882119600662993537972830207,,False,
101,1000,644,12,exponent_divisor_count_not_two,power_of_two,pgs_left_prime_wheel_open_v1,,,,,,,,,,False,
101,1000,645,8,exponent_divisor_count_not_two,power_of_two,pgs_left_prime_wheel_open_v1,,,,,,,,,,False,
101,1000,646,8,exponent_divisor_count_not_two,power_of_two,pgs_left_prime_wheel_open_v1,,,,,,,,,,False,
101,1000,647,2,left_prime_unresolved,power_of_two,pgs_left_prime_wheel_open_v1,4096,1.0,1,,candidate_work_limit,1,583992399055640987986069965529637289586333248927815671114136642291107221402710705472756839848623539171666215625420084135768154204336056063776340648924443416096255318318113913610607896607565283328,583992399055640987986069965529637289586333248927815671114136642291107221402710705472756839848623539171666215625420084135768154204336056063776340648924443416096255318318113913610607896607565283327,,False,
101,1000,648,20,exponent_divisor_count_not_two,power_of_two,pgs_left_prime_wheel_open_v1,,,,,,,,,,False,
101,1000,649,4,exponent_divisor_count_not_two,power_of_two,pgs_left_prime_wheel_open_v1,,,,,,,,,,False,
101,1000,650,12,exponent_divisor_count_not_two,power_of_two,pgs_left_prime_wheel_open_v1,,,,,,,,,,False,
101,1000,651,8,exponent_divisor_count_not_two,power_of_two,pgs_left_prime_wheel_open_v1,,,,,,,,,,False,
101,1000,652,6,exponent_divisor_count_not_two,power_of_two,pgs_left_prime_wheel_open_v1,,,,,,,,,,False,
101,1000,653,2,left_prime_unresolved,power_of_two,pgs_left_prime_wheel_open_v1,4096,1.0,1,,candidate_work_limit,1,37375513539561023231108477793896786533525327931380202951304745106630862169773485150256437750311906506986637800026885384689161869077507588081685801531164378630160340372359290471078905382884178132992,37375513539561023231108477793896786533525327931380202951304745106630862169773485150256437750311906506986637800026885384689161869077507588081685801531164378630160340372359290471078905382884178132991,,False,
101,1000,654,8,exponent_divisor_count_not_two,power_of_two,pgs_left_prime_wheel_open_v1,,,,,,,,,,False,
101,1000,655,4,exponent_divisor_count_not_two,power_of_two,pgs_left_prime_wheel_open_v1,,,,,,,,,,False,
101,1000,656,10,exponent_divisor_count_not_two,power_of_two,pgs_left_prime_wheel_open_v1,,,,,,,,,,False,
101,1000,657,6,exponent_divisor_count_not_two,power_of_two,pgs_left_prime_wheel_open_v1,,,,,,,,,,False,
101,1000,658,8,exponent_divisor_count_not_two,power_of_two,pgs_left_prime_wheel_open_v1,,,,,,,,,,False,
101,1000,659,2,left_prime_unresolved,power_of_two,pgs_left_prime_wheel_open_v1,4096,1.0,1,,candidate_work_limit,1,2392032866531905486790942578809394338145620987608332988883503686824375178865503049616412016019962016447144819201720664620106359620960485637227891297994520232330261783830994590149049944504587400511488,2392032866531905486790942578809394338145620987608332988883503686824375178865503049616412016019962016447144819201720664620106359620960485637227891297994520232330261783830994590149049944504587400511487,,False,
101,1000,660,24,exponent_divisor_count_not_two,power_of_two,pgs_left_prime_wheel_open_v1,,,,,,,,,,False,
101,1000,661,2,left_prime_unresolved,power_of_two,pgs_left_prime_wheel_open_v1,4096,1.0,1,,candidate_work_limit,1,9568131466127621947163770315237577352582483950433331955534014747297500715462012198465648064079848065788579276806882658480425438483841942548911565191978080929321047135323978360596199778018349602045952,9568131466127621947163770315237577352582483950433331955534014747297500715462012198465648064079848065788579276806882658480425438483841942548911565191978080929321047135323978360596199778018349602045951,,False,
101,1000,662,4,exponent_divisor_count_not_two,power_of_two,pgs_left_prime_wheel_open_v1,,,,,,,,,,False,
101,1000,663,8,exponent_divisor_count_not_two,power_of_two,pgs_left_prime_wheel_open_v1,,,,,,,,,,False,
101,1000,664,8,exponent_divisor_count_not_two,power_of_two,pgs_left_prime_wheel_open_v1,,,,,,,,,,False,
101,1000,665,8,exponent_divisor_count_not_two,power_of_two,pgs_left_prime_wheel_open_v1,,,,,,,,,,False,
101,1000,666,12,exponent_divisor_count_not_two,power_of_two,pgs_left_prime_wheel_open_v1,,,,,,,,,,False,
101,1000,667,4,exponent_divisor_count_not_two,power_of_two,pgs_left_prime_wheel_open_v1,,,,,,,,,,False,
101,1000,668,6,exponent_divisor_count_not_two,power_of_two,pgs_left_prime_wheel_open_v1,,,,,,,,,,False,
101,1000,669,4,exponent_divisor_count_not_two,power_of_two,pgs_left_prime_wheel_open_v1,,,,,,,,,,False,
101,1000,670,8,exponent_divisor_count_not_two,power_of_two,pgs_left_prime_wheel_open_v1,,,,,,,,,,False,
101,1000,671,4,exponent_divisor_count_not_two,power_of_two,pgs_left_prime_wheel_open_v1,,,,,,,,,,False,
101,1000,672,24,exponent_divisor_count_not_two,power_of_two,pgs_left_prime_wheel_open_v1,,,,,,,,,,False,
101,1000,673,2,left_prime_unresolved,power_of_two,pgs_left_prime_wheel_open_v1,4096,1.0,1,,candidate_work_limit,1,39191066485258739495582803211213116836177854260974927689867324404930562930532401964915294470471057677470020717800991369135822596029816596680341771026342219486499009066287015365002034290763159969980219392,39191066485258739495582803211213116836177854260974927689867324404930562930532401964915294470471057677470020717800991369135822596029816596680341771026342219486499009066287015365002034290763159969980219391,,False,
101,1000,674,4,exponent_divisor_count_not_two,power_of_two,pgs_left_prime_wheel_open_v1,,,,,,,,,,False,
101,1000,675,12,exponent_divisor_count_not_two,power_of_two,pgs_left_prime_wheel_open_v1,,,,,,,,,,False,
101,1000,676,9,exponent_divisor_count_not_two,power_of_two,pgs_left_prime_wheel_open_v1,,,,,,,,,,False,
101,1000,677,2,left_prime_unresolved,power_of_two,pgs_left_prime_wheel_open_v1,4096,1.0,1,,candidate_work_limit,1,627057063764139831929324851379409869378845668175598843037877190478889006888518431438644711527536922839520331484815861906173161536477065546885468336421475511783984145060592245840032548652210559519683510272,627057063764139831929324851379409869378845668175598843037877190478889006888518431438644711527536922839520331484815861906173161536477065546885468336421475511783984145060592245840032548652210559519683510271,,False,
101,1000,678,8,exponent_divisor_count_not_two,power_of_two,pgs_left_prime_wheel_open_v1,,,,,,,,,,False,
101,1000,679,4,exponent_divisor_count_not_two,power_of_two,pgs_left_prime_wheel_open_v1,,,,,,,,,,False,
101,1000,680,16,exponent_divisor_count_not_two,power_of_two,pgs_left_prime_wheel_open_v1,,,,,,,,,,False,
101,1000,681,4,exponent_divisor_count_not_two,power_of_two,pgs_left_prime_wheel_open_v1,,,,,,,,,,False,
101,1000,682,8,exponent_divisor_count_not_two,power_of_two,pgs_left_prime_wheel_open_v1,,,,,,,,,,False,
101,1000,683,2,left_prime_unresolved,power_of_two,pgs_left_prime_wheel_open_v1,4096,1.0,1,,candidate_work_limit,1,40131652080904949243476790488282231640246122763238325954424140190648896440865179612073261537762363061729301215028215161995082338334532195000669973530974432754174985283877903733762083113741475809259744657408,40131652080904949243476790488282231640246122763238325954424140190648896440865179612073261537762363061729301215028215161995082338334532195000669973530974432754174985283877903733762083113741475809259744657407,,False,
101,1000,684,18,exponent_divisor_count_not_two,power_of_two,pgs_left_prime_wheel_open_v1,,,,,,,,,,False,
101,1000,685,4,exponent_divisor_count_not_two,power_of_two,pgs_left_prime_wheel_open_v1,,,,,,,,,,False,
101,1000,686,8,exponent_divisor_count_not_two,power_of_two,pgs_left_prime_wheel_open_v1,,,,,,,,,,False,
101,1000,687,4,exponent_divisor_count_not_two,power_of_two,pgs_left_prime_wheel_open_v1,,,,,,,,,,False,
101,1000,688,10,exponent_divisor_count_not_two,power_of_two,pgs_left_prime_wheel_open_v1,,,,,,,,,,False,
101,1000,689,4,exponent_divisor_count_not_two,power_of_two,pgs_left_prime_wheel_open_v1,,,,,,,,,,False,
101,1000,690,16,exponent_divisor_count_not_two,power_of_two,pgs_left_prime_wheel_open_v1,,,,,,,,,,False,
101,1000,691,2,left_prime_unresolved,power_of_two,pgs_left_prime_wheel_open_v1,4096,1.0,1,,candidate_work_limit,1,10273702932711667006330058365000251299903007427389011444332579888806117488861485980690754953667164943802701111047223081470741078613640241920171513223929454785068796232672743355843093277117817807170494632296448,10273702932711667006330058365000251299903007427389011444332579888806117488861485980690754953667164943802701111047223081470741078613640241920171513223929454785068796232672743355843093277117817807170494632296447,,False,
101,1000,692,6,exponent_divisor_count_not_two,power_of_two,pgs_left_prime_wheel_open_v1,,,,,,,,,,False,
101,1000,693,12,exponent_divisor_count_not_two,power_of_two,pgs_left_prime_wheel_open_v1,,,,,,,,,,False,
101,1000,694,4,exponent_divisor_count_not_two,power_of_two,pgs_left_prime_wheel_open_v1,,,,,,,,,,False,
101,1000,695,4,exponent_divisor_count_not_two,power_of_two,pgs_left_prime_wheel_open_v1,,,,,,,,,,False,
101,1000,696,16,exponent_divisor_count_not_two,power_of_two,pgs_left_prime_wheel_open_v1,,,,,,,,,,False,
101,1000,697,4,exponent_divisor_count_not_two,power_of_two,pgs_left_prime_wheel_open_v1,,,,,,,,,,False,
101,1000,698,4,exponent_divisor_count_not_two,power_of_two,pgs_left_prime_wheel_open_v1,,,,,,,,,,False,
101,1000,699,4,exponent_divisor_count_not_two,power_of_two,pgs_left_prime_wheel_open_v1,,,,,,,,,,False,
101,1000,700,18,exponent_divisor_count_not_two,power_of_two,pgs_left_prime_wheel_open_v1,,,,,,,,,,False,
101,1000,701,2,left_prime_unresolved,power_of_two,pgs_left_prime_wheel_open_v1,4096,1.0,1,,candidate_work_limit,1,10520271803096747014481979765760257331100679605646347718996561806137464308594161644227333072555176902453965937712356435426038864500367607726255629541303761699910447342256889196383327515768645434542586503471562752,10520271803096747014481979765760257331100679605646347718996561806137464308594161644227333072555176902453965937712356435426038864500367607726255629541303761699910447342256889196383327515768645434542586503471562751,,False,
101,1000,702,16,exponent_divisor_count_not_two,power_of_two,pgs_left_prime_wheel_open_v1,,,,,,,,,,False,
101,1000,703,4,exponent_divisor_count_not_two,power_of_two,pgs_left_prime_wheel_open_v1,,,,,,,,,,False,
101,1000,704,14,exponent_divisor_count_not_two,power_of_two,pgs_left_prime_wheel_open_v1,,,,,,,,,,False,
101,1000,705,8,exponent_divisor_count_not_two,power_of_two,pgs_left_prime_wheel_open_v1,,,,,,,,,,False,
101,1000,706,4,exponent_divisor_count_not_two,power_of_two,pgs_left_prime_wheel_open_v1,,,,,,,,,,False,
101,1000,707,4,exponent_divisor_count_not_two,power_of_two,pgs_left_prime_wheel_open_v1,,,,,,,,,,False,
101,1000,708,12,exponent_divisor_count_not_two,power_of_two,pgs_left_prime_wheel_open_v1,,,,,,,,,,False,
101,1000,709,2,left_prime_unresolved,power_of_two,pgs_left_prime_wheel_open_v1,4096,1.0,1,,candidate_work_limit,1,2693189581592767235707386820034625876761773979045465016063119822371190863000105380922197266574125287028215280054363247469065949312094107577921441162573762995177074519617763634274131844036773231242902144888720064512,2693189581592767235707386820034625876761773979045465016063119822371190863000105380922197266574125287028215280054363247469065949312094107577921441162573762995177074519617763634274131844036773231242902144888720064511,,False,
101,1000,710,8,exponent_divisor_count_not_two,power_of_two,pgs_left_prime_wheel_open_v1,,,,,,,,,,False,
101,1000,711,6,exponent_divisor_count_not_two,power_of_two,pgs_left_prime_wheel_open_v1,,,,,,,,,,False,
101,1000,712,8,exponent_divisor_count_not_two,power_of_two,pgs_left_prime_wheel_open_v1,,,,,,,,,,False,
101,1000,713,4,exponent_divisor_count_not_two,power_of_two,pgs_left_prime_wheel_open_v1,,,,,,,,,,False,
101,1000,714,16,exponent_divisor_count_not_two,power_of_two,pgs_left_prime_wheel_open_v1,,,,,,,,,,False,
101,1000,715,8,exponent_divisor_count_not_two,power_of_two,pgs_left_prime_wheel_open_v1,,,,,,,,,,False,
101,1000,716,6,exponent_divisor_count_not_two,power_of_two,pgs_left_prime_wheel_open_v1,,,,,,,,,,False,
101,1000,717,4,exponent_divisor_count_not_two,power_of_two,pgs_left_prime_wheel_open_v1,,,,,,,,,,False,
101,1000,718,4,exponent_divisor_count_not_two,power_of_two,pgs_left_prime_wheel_open_v1,,,,,,,,,,False,
101,1000,719,2,left_prime_unresolved,power_of_two,pgs_left_prime_wheel_open_v1,4096,1.0,1,,candidate_work_limit,1,2757826131550993649364364103715456897804056554542556176448634698108099443712107910064330000971904293916892446775667965408323532095584366159791555750475533307061324308088589961496711008293655788792731796366049346060288,2757826131550993649364364103715456897804056554542556176448634698108099443712107910064330000971904293916892446775667965408323532095584366159791555750475533307061324308088589961496711008293655788792731796366049346060287,,False,
101,1000,720,30,exponent_divisor_count_not_two,power_of_two,pgs_left_prime_wheel_open_v1,,,,,,,,,,False,
101,1000,721,4,exponent_divisor_count_not_two,power_of_two,pgs_left_prime_wheel_open_v1,,,,,,,,,,False,
101,1000,722,6,exponent_divisor_count_not_two,power_of_two,pgs_left_prime_wheel_open_v1,,,,,,,,,,False,
101,1000,723,4,exponent_divisor_count_not_two,power_of_two,pgs_left_prime_wheel_open_v1,,,,,,,,,,False,
101,1000,724,6,exponent_divisor_count_not_two,power_of_two,pgs_left_prime_wheel_open_v1,,,,,,,,,,False,
101,1000,725,6,exponent_divisor_count_not_two,power_of_two,pgs_left_prime_wheel_open_v1,,,,,,,,,,False,
101,1000,726,12,exponent_divisor_count_not_two,power_of_two,pgs_left_prime_wheel_open_v1,,,,,,,,,,False,
101,1000,727,2,left_prime_unresolved,power_of_two,pgs_left_prime_wheel_open_v1,4096,1.0,1,,candidate_work_limit,1,706003489677054374237277210551156965837838477962894381170850482715673457590299624976468480248807499242724466374570999144530824216469597736906638272121736526607699022870679030143158018123175881930939339869708632591433728,706003489677054374237277210551156965837838477962894381170850482715673457590299624976468480248807499242724466374570999144530824216469597736906638272121736526607699022870679030143158018123175881930939339869708632591433727,,False,
101,1000,728,16,exponent_divisor_count_not_two,power_of_two,pgs_left_prime_wheel_open_v1,,,,,,,,,,False,
101,1000,729,7,exponent_divisor_count_not_two,power_of_two,pgs_left_prime_wheel_open_v1,,,,,,,,,,False,
101,1000,730,8,exponent_divisor_count_not_two,power_of_two,pgs_left_prime_wheel_open_v1,,,,,,,,,,False,
101,1000,731,4,exponent_divisor_count_not_two,power_of_two,pgs_left_prime_wheel_open_v1,,,,,,,,,,False,
101,1000,732,12,exponent_divisor_count_not_two,power_of_two,pgs_left_prime_wheel_open_v1,,,,,,,,,,False,
101,1000,733,2,left_prime_unresolved,power_of_two,pgs_left_prime_wheel_open_v1,4096,1.0,1,,candidate_work_limit,1,45184223339331479951185741475274045813621662589625240394934430893803101285779175998493982735923679951534365847972543945249972749854054255162024849415791137702892737463723457929162113159883256443580117751661352485851758592,45184223339331479951185741475274045813621662589625240394934430893803101285779175998493982735923679951534365847972543945249972749854054255162024849415791137702892737463723457929162113159883256443580117751661352485851758591,,False,
101,1000,734,4,exponent_divisor_count_not_two,power_of_two,pgs_left_prime_wheel_open_v1,,,,,,,,,,False,
101,1000,735,12,exponent_divisor_count_not_two,power_of_two,pgs_left_prime_wheel_open_v1,,,,,,,,,,False,
101,1000,736,12,exponent_divisor_count_not_two,power_of_two,pgs_left_prime_wheel_open_v1,,,,,,,,,,False,
101,1000,737,4,exponent_divisor_count_not_two,power_of_two,pgs_left_prime_wheel_open_v1,,,,,,,,,,False,
101,1000,738,12,exponent_divisor_count_not_two,power_of_two,pgs_left_prime_wheel_open_v1,,,,,,,,,,False,
101,1000,739,2,left_prime_unresolved,power_of_two,pgs_left_prime_wheel_open_v1,4096,1.0,1,,candidate_work_limit,1,2891790293717214716875887454417538932071786405736015385275803577203398482289867263903614895099115516898199414270242812495998255990659472330369590362610632812985135197678301307466375242232528412389127536106326559094512549888,2891790293717214716875887454417538932071786405736015385275803577203398482289867263903614895099115516898199414270242812495998255990659472330369590362610632812985135197678301307466375242232528412389127536106326559094512549887,,False,
101,1000,740,12,exponent_divisor_count_not_two,power_of_two,pgs_left_prime_wheel_open_v1,,,,,,,,,,False,
101,1000,741,8,exponent_divisor_count_not_two,power_of_two,pgs_left_prime_wheel_open_v1,,,,,,,,,,False,
101,1000,742,8,exponent_divisor_count_not_two,power_of_two,pgs_left_prime_wheel_open_v1,,,,,,,,,,False,
101,1000,743,2,left_prime_unresolved,power_of_two,pgs_left_prime_wheel_open_v1,4096,1.0,1,,candidate_work_limit,1,46268644699475435470014199270680622913148582491776246164412857235254375716637876222457838321585848270371190628323884999935972095850551557285913445801770125007762163162852820919462003875720454598226040577701224945512200798208,46268644699475435470014199270680622913148582491776246164412857235254375716637876222457838321585848270371190628323884999935972095850551557285913445801770125007762163162852820919462003875720454598226040577701224945512200798207,,False,
101,1000,744,16,exponent_divisor_count_not_two,power_of_two,pgs_left_prime_wheel_open_v1,,,,,,,,,,False,
101,1000,745,4,exponent_divisor_count_not_two,power_of_two,pgs_left_prime_wheel_open_v1,,,,,,,,,,False,
101,1000,746,4,exponent_divisor_count_not_two,power_of_two,pgs_left_prime_wheel_open_v1,,,,,,,,,,False,
101,1000,747,6,exponent_divisor_count_not_two,power_of_two,pgs_left_prime_wheel_open_v1,,,,,,,,,,False,
101,1000,748,12,exponent_divisor_count_not_two,power_of_two,pgs_left_prime_wheel_open_v1,,,,,,,,,,False,
101,1000,749,4,exponent_divisor_count_not_two,power_of_two,pgs_left_prime_wheel_open_v1,,,,,,,,,,False,
101,1000,750,16,exponent_divisor_count_not_two,power_of_two,pgs_left_prime_wheel_open_v1,,,,,,,,,,False,
101,1000,751,2,left_prime_unresolved,power_of_two,pgs_left_prime_wheel_open_v1,4096,1.0,1,,candidate_work_limit,1,11844773043065711480323635013294239465766037117894719018089691452225120183459296312949206610325977157215024800850914559983608856537741198665193842125253152001987113769690322155382272992184436377145866387891513586051123404341248,11844773043065711480323635013294239465766037117894719018089691452225120183459296312949206610325977157215024800850914559983608856537741198665193842125253152001987113769690322155382272992184436377145866387891513586051123404341247,,False,
101,1000,752,10,exponent_divisor_count_not_two,power_of_two,pgs_left_prime_wheel_open_v1,,,,,,,,,,False,
101,1000,753,4,exponent_divisor_count_not_two,power_of_two,pgs_left_prime_wheel_open_v1,,,,,,,,,,False,
101,1000,754,8,exponent_divisor_count_not_two,power_of_two,pgs_left_prime_wheel_open_v1,,,,,,,,,,False,
101,1000,755,4,exponent_divisor_count_not_two,power_of_two,pgs_left_prime_wheel_open_v1,,,,,,,,,,False,
101,1000,756,24,exponent_divisor_count_not_two,power_of_two,pgs_left_prime_wheel_open_v1,,,,,,,,,,False,
101,1000,757,2,left_prime_unresolved,power_of_two,pgs_left_prime_wheel_open_v1,4096,1.0,1,,candidate_work_limit,1,758065474756205534740712640850831325809026375545262017157740252942407691741394964028749223060862538061761587254458531838950966818415436714572405896016201728127175281260180617944465471499803928137335448825056869507271897877839872,758065474756205534740712640850831325809026375545262017157740252942407691741394964028749223060862538061761587254458531838950966818415436714572405896016201728127175281260180617944465471499803928137335448825056869507271897877839871,,False,
101,1000,758,4,exponent_divisor_count_not_two,power_of_two,pgs_left_prime_wheel_open_v1,,,,,,,,,,False,
101,1000,759,8,exponent_divisor_count_not_two,power_of_two,pgs_left_prime_wheel_open_v1,,,,,,,,,,False,
101,1000,760,16,exponent_divisor_count_not_two,power_of_two,pgs_left_prime_wheel_open_v1,,,,,,,,,,False,
101,1000,761,2,left_prime_unresolved,power_of_two,pgs_left_prime_wheel_open_v1,4096,1.0,1,,candidate_work_limit,1,12129047596099288555851402253613301212944422008724192274523844047078523067862319424459987568973800608988185396071336509423215469094646987433158494336259227650034804500162889887111447543996862850197367181200909912116350366045437952,12129047596099288555851402253613301212944422008724192274523844047078523067862319424459987568973800608988185396071336509423215469094646987433158494336259227650034804500162889887111447543996862850197367181200909912116350366045437951,,False,
101,1000,762,8,exponent_divisor_count_not_two,power_of_two,pgs_left_prime_wheel_open_v1,,,,,,,,,,False,
101,1000,763,4,exponent_divisor_count_not_two,power_of_two,pgs_left_prime_wheel_open_v1,,,,,,,,,,False,
101,1000,764,6,exponent_divisor_count_not_two,power_of_two,pgs_left_prime_wheel_open_v1,,,,,,,,,,False,
101,1000,765,12,exponent_divisor_count_not_two,power_of_two,pgs_left_prime_wheel_open_v1,,,,,,,,,,False,
101,1000,766,4,exponent_divisor_count_not_two,power_of_two,pgs_left_prime_wheel_open_v1,,,,,,,,,,False,
101,1000,767,4,exponent_divisor_count_not_two,power_of_two,pgs_left_prime_wheel_open_v1,,,,,,,,,,False,
101,1000,768,18,exponent_divisor_count_not_two,power_of_two,pgs_left_prime_wheel_open_v1,,,,,,,,,,False,
101,1000,769,2,left_prime_unresolved,power_of_two,pgs_left_prime_wheel_open_v1,4096,1.0,1,,candidate_work_limit,1,3105036184601417870297958976925005110513772034233393222278104076052101905372753772661756817657292955900975461394262146412343160088229628782888574550082362278408909952041699811100530571263196889650525998387432937501785693707632115712,3105036184601417870297958976925005110513772034233393222278104076052101905372753772661756817657292955900975461394262146412343160088229628782888574550082362278408909952041699811100530571263196889650525998387432937501785693707632115711,,False,
101,1000,770,16,exponent_divisor_count_not_two,power_of_two,pgs_left_prime_wheel_open_v1,,,,,,,,,,False,
101,1000,771,4,exponent_divisor_count_not_two,power_of_two,pgs_left_prime_wheel_open_v1,,,,,,,,,,False,
101,1000,772,6,exponent_divisor_count_not_two,power_of_two,pgs_left_prime_wheel_open_v1,,,,,,,,,,False,
101,1000,773,2,left_prime_unresolved,power_of_two,pgs_left_prime_wheel_open_v1,4096,1.0,1,,candidate_work_limit,1,49680578953622685924767343630800081768220352547734291556449665216833630485964060362588109082516687294415607382308194342597490561411674060526217192801317796454542559232667196977608489140211150234408415974198927000028571099322113851392,49680578953622685924767343630800081768220352547734291556449665216833630485964060362588109082516687294415607382308194342597490561411674060526217192801317796454542559232667196977608489140211150234408415974198927000028571099322113851391,,False,
101,1000,774,12,exponent_divisor_count_not_two,power_of_two,pgs_left_prime_wheel_open_v1,,,,,,,,,,False,
101,1000,775,6,exponent_divisor_count_not_two,power_of_two,pgs_left_prime_wheel_open_v1,,,,,,,,,,False,
101,1000,776,8,exponent_divisor_count_not_two,power_of_two,pgs_left_prime_wheel_open_v1,,,,,,,,,,False,
101,1000,777,8,exponent_divisor_count_not_two,power_of_two,pgs_left_prime_wheel_open_v1,,,,,,,,,,False,
101,1000,778,4,exponent_divisor_count_not_two,power_of_two,pgs_left_prime_wheel_open_v1,,,,,,,,,,False,
101,1000,779,4,exponent_divisor_count_not_two,power_of_two,pgs_left_prime_wheel_open_v1,,,,,,,,,,False,
101,1000,780,24,exponent_divisor_count_not_two,power_of_two,pgs_left_prime_wheel_open_v1,,,,,,,,,,False,
101,1000,781,4,exponent_divisor_count_not_two,power_of_two,pgs_left_prime_wheel_open_v1,,,,,,,,,,False,
101,1000,782,8,exponent_divisor_count_not_two,power_of_two,pgs_left_prime_wheel_open_v1,,,,,,,,,,False,
101,1000,783,8,exponent_divisor_count_not_two,power_of_two,pgs_left_prime_wheel_open_v1,,,,,,,,,,False,
101,1000,784,15,exponent_divisor_count_not_two,power_of_two,pgs_left_prime_wheel_open_v1,,,,,,,,,,False,
101,1000,785,4,exponent_divisor_count_not_two,power_of_two,pgs_left_prime_wheel_open_v1,,,,,,,,,,False,
101,1000,786,8,exponent_divisor_count_not_two,power_of_two,pgs_left_prime_wheel_open_v1,,,,,,,,,,False,
101,1000,787,2,left_prime_unresolved,power_of_two,pgs_left_prime_wheel_open_v1,4096,1.0,1,,candidate_work_limit,1,813966605576154086191388158047028539690522256142078632860871314912602201882035164980643579207953404631705311351737456109117285358168867807661542486856790777111225290468019355281137486073219485440547487321275219968468108891293513341206528,813966605576154086191388158047028539690522256142078632860871314912602201882035164980643579207953404631705311351737456109117285358168867807661542486856790777111225290468019355281137486073219485440547487321275219968468108891293513341206527,,False,
101,1000,788,6,exponent_divisor_count_not_two,power_of_two,pgs_left_prime_wheel_open_v1,,,,,,,,,,False,
101,1000,789,4,exponent_divisor_count_not_two,power_of_two,pgs_left_prime_wheel_open_v1,,,,,,,,,,False,
101,1000,790,8,exponent_divisor_count_not_two,power_of_two,pgs_left_prime_wheel_open_v1,,,,,,,,,,False,
101,1000,791,4,exponent_divisor_count_not_two,power_of_two,pgs_left_prime_wheel_open_v1,,,,,,,,,,False,
101,1000,792,24,exponent_divisor_count_not_two,power_of_two,pgs_left_prime_wheel_open_v1,,,,,,,,,,False,
101,1000,793,4,exponent_divisor_count_not_two,power_of_two,pgs_left_prime_wheel_open_v1,,,,,,,,,,False,
101,1000,794,4,exponent_divisor_count_not_two,power_of_two,pgs_left_prime_wheel_open_v1,,,,,,,,,,False,
101,1000,795,8,exponent_divisor_count_not_two,power_of_two,pgs_left_prime_wheel_open_v1,,,,,,,,,,False,
101,1000,796,6,exponent_divisor_count_not_two,power_of_two,pgs_left_prime_wheel_open_v1,,,,,,,,,,False,
101,1000,797,2,left_prime_unresolved,power_of_two,pgs_left_prime_wheel_open_v1,4096,1.0,1,,candidate_work_limit,1,833501804109981784259981473840157224643094790289488520049532226470504654727204008940179025108944286342866238824179155055736100206764920635045419506541353755761894697439251819807884785738976753091120627016985825247711343504684557661395484672,833501804109981784259981473840157224643094790289488520049532226470504654727204008940179025108944286342866238824179155055736100206764920635045419506541353755761894697439251819807884785738976753091120627016985825247711343504684557661395484671,,False,
101,1000,798,16,exponent_divisor_count_not_two,power_of_two,pgs_left_prime_wheel_open_v1,,,,,,,,,,False,
101,1000,799,4,exponent_divisor_count_not_two,power_of_two,pgs_left_prime_wheel_open_v1,,,,,,,,,,False,
101,1000,800,18,exponent_divisor_count_not_two,power_of_two,pgs_left_prime_wheel_open_v1,,,,,,,,,,False,
101,1000,801,6,exponent_divisor_count_not_two,power_of_two,pgs_left_prime_wheel_open_v1,,,,,,,,,,False,
101,1000,802,4,exponent_divisor_count_not_two,power_of_two,pgs_left_prime_wheel_open_v1,,,,,,,,,,False,
101,1000,803,4,exponent_divisor_count_not_two,power_of_two,pgs_left_prime_wheel_open_v1,,,,,,,,,,False,
101,1000,804,12,exponent_divisor_count_not_two,power_of_two,pgs_left_prime_wheel_open_v1,,,,,,,,,,False,
101,1000,805,8,exponent_divisor_count_not_two,power_of_two,pgs_left_prime_wheel_open_v1,,,,,,,,,,False,
101,1000,806,8,exponent_divisor_count_not_two,power_of_two,pgs_left_prime_wheel_open_v1,,,,,,,,,,False,
101,1000,807,4,exponent_divisor_count_not_two,power_of_two,pgs_left_prime_wheel_open_v1,,,,,,,,,,False,
101,1000,808,8,exponent_divisor_count_not_two,power_of_two,pgs_left_prime_wheel_open_v1,,,,,,,,,,False,
101,1000,809,2,left_prime_unresolved,power_of_two,pgs_left_prime_wheel_open_v1,4096,1.0,1,,candidate_work_limit,1,3414023389634485388328884116849283992138116261025744978122883999623187065762627620618973286846235796860380114223837819108295066446909114921146038298793384983600720680711175453933096082386848780661230088261573940214625662995187948181075905216512,3414023389634485388328884116849283992138116261025744978122883999623187065762627620618973286846235796860380114223837819108295066446909114921146038298793384983600720680711175453933096082386848780661230088261573940214625662995187948181075905216511,,False,
101,1000,810,20,exponent_divisor_count_not_two,power_of_two,pgs_left_prime_wheel_open_v1,,,,,,,,,,False,
101,1000,811,2,left_prime_unresolved,power_of_two,pgs_left_prime_wheel_open_v1,4096,1.0,1,,candidate_work_limit,1,13656093558537941553315536467397135968552465044102979912491535998492748263050510482475893147384943187441520456895351276433180265787636459684584153195173539934402882722844701815732384329547395122644920353046295760858502651980751792724303620866048,13656093558537941553315536467397135968552465044102979912491535998492748263050510482475893147384943187441520456895351276433180265787636459684584153195173539934402882722844701815732384329547395122644920353046295760858502651980751792724303620866047,,False,
101,1000,812,12,exponent_divisor_count_not_two,power_of_two,pgs_left_prime_wheel_open_v1,,,,,,,,,,False,
101,1000,813,4,exponent_divisor_count_not_two,power_of_two,pgs_left_prime_wheel_open_v1,,,,,,,,,,False,
101,1000,814,8,exponent_divisor_count_not_two,power_of_two,pgs_left_prime_wheel_open_v1,,,,,,,,,,False,
101,1000,815,4,exponent_divisor_count_not_two,power_of_two,pgs_left_prime_wheel_open_v1,,,,,,,,,,False,
101,1000,816,20,exponent_divisor_count_not_two,power_of_two,pgs_left_prime_wheel_open_v1,,,,,,,,,,False,
101,1000,817,4,exponent_divisor_count_not_two,power_of_two,pgs_left_prime_wheel_open_v1,,,,,,,,,,False,
101,1000,818,4,exponent_divisor_count_not_two,power_of_two,pgs_left_prime_wheel_open_v1,,,,,,,,,,False,
101,1000,819,12,exponent_divisor_count_not_two,power_of_two,pgs_left_prime_wheel_open_v1,,,,,,,,,,False,
101,1000,820,12,exponent_divisor_count_not_two,power_of_two,pgs_left_prime_wheel_open_v1,,,,,,,,,,False,
101,1000,821,2,left_prime_unresolved,power_of_two,pgs_left_prime_wheel_open_v1,4096,1.0,1,,candidate_work_limit,1,13983839803942852150595109342614667231797724205161451430391332862456574221363722734055314582922181823940116947860839707067576592166539734717014172871857704892828551908192974659309961553456532605588398441519406859119106715628289835749686907766833152,13983839803942852150595109342614667231797724205161451430391332862456574221363722734055314582922181823940116947860839707067576592166539734717014172871857704892828551908192974659309961553456532605588398441519406859119106715628289835749686907766833151,,False,
101,1000,822,8,exponent_divisor_count_not_two,power_of_two,pgs_left_prime_wheel_open_v1,,,,,,,,,,False,
101,1000,823,2,left_prime_unresolved,power_of_two,pgs_left_prime_wheel_open_v1,4096,1.0,1,,candidate_work_limit,1,55935359215771408602380437370458668927190896820645805721565331449826296885454890936221258331688727295760467791443358828270306368666158938868056691487430819571314207632771898637239846213826130422353593766077627436476426862513159342998747631067332608,55935359215771408602380437370458668927190896820645805721565331449826296885454890936221258331688727295760467791443358828270306368666158938868056691487430819571314207632771898637239846213826130422353593766077627436476426862513159342998747631067332607,,False,
101,1000,824,8,exponent_divisor_count_not_two,power_of_two,pgs_left_prime_wheel_open_v1,,,,,,,,,,False,
101,1000,825,12,exponent_divisor_count_not_two,power_of_two,pgs_left_prime_wheel_open_v1,,,,,,,,,,False,
101,1000,826,8,exponent_divisor_count_not_two,power_of_two,pgs_left_prime_wheel_open_v1,,,,,,,,,,False,
101,1000,827,2,left_prime_unresolved,power_of_two,pgs_left_prime_wheel_open_v1,4096,1.0,1,,candidate_work_limit,1,894965747452342537638086997927338702835054349130332891545045303197220750167278254979540133307019636732167484663093741252324901898658543021888907063798893113141027322124350378195837539421218086757657500257242038983622829800210549487979962097077321728,894965747452342537638086997927338702835054349130332891545045303197220750167278254979540133307019636732167484663093741252324901898658543021888907063798893113141027322124350378195837539421218086757657500257242038983622829800210549487979962097077321727,,False,
101,1000,828,18,exponent_divisor_count_not_two,power_of_two,pgs_left_prime_wheel_open_v1,,,,,,,,,,False,
101,1000,829,2,left_prime_unresolved,power_of_two,pgs_left_prime_wheel_open_v1,4096,1.0,1,,candidate_work_limit,1,3579862989809370150552347991709354811340217396521331566180181212788883000669113019918160533228078546928669938652374965009299607594634172087555628255195572452564109288497401512783350157684872347030630001028968155934491319200842197951919848388309286912,3579862989809370150552347991709354811340217396521331566180181212788883000669113019918160533228078546928669938652374965009299607594634172087555628255195572452564109288497401512783350157684872347030630001028968155934491319200842197951919848388309286911,,False,
101,1000,830,8,exponent_divisor_count_not_two,power_of_two,pgs_left_prime_wheel_open_v1,,,,,,,,,,False,
101,1000,831,4,exponent_divisor_count_not_two,power_of_two,pgs_left_prime_wheel_open_v1,,,,,,,,,,False,
101,1000,832,14,exponent_divisor_count_not_two,power_of_two,pgs_left_prime_wheel_open_v1,,,,,,,,,,False,
101,1000,833,6,exponent_divisor_count_not_two,power_of_two,pgs_left_prime_wheel_open_v1,,,,,,,,,,False,
101,1000,834,8,exponent_divisor_count_not_two,power_of_two,pgs_left_prime_wheel_open_v1,,,,,,,,,,False,
101,1000,835,4,exponent_divisor_count_not_two,power_of_two,pgs_left_prime_wheel_open_v1,,,,,,,,,,False,
101,1000,836,12,exponent_divisor_count_not_two,power_of_two,pgs_left_prime_wheel_open_v1,,,,,,,,,,False,
101,1000,837,8,exponent_divisor_count_not_two,power_of_two,pgs_left_prime_wheel_open_v1,,,,,,,,,,False,
101,1000,838,4,exponent_divisor_count_not_two,power_of_two,pgs_left_prime_wheel_open_v1,,,,,,,,,,False,
101,1000,839,2,left_prime_unresolved,power_of_two,pgs_left_prime_wheel_open_v1,4096,1.0,1,,candidate_work_limit,1,3665779701564795034165604343510379326812382614037843523768505561895816192685171732396196386025552432054958017180031964169522798176905392217656963333320266191425647911421339149090150561469309283359365121053663391676919110861662410702765924749628709797888,3665779701564795034165604343510379326812382614037843523768505561895816192685171732396196386025552432054958017180031964169522798176905392217656963333320266191425647911421339149090150561469309283359365121053663391676919110861662410702765924749628709797887,,False,
101,1000,840,32,exponent_divisor_count_not_two,power_of_two,pgs_left_prime_wheel_open_v1,,,,,,,,,,False,
101,1000,841,3,exponent_divisor_count_not_two,power_of_two,pgs_left_prime_wheel_open_v1,,,,,,,,,,False,
101,1000,842,4,exponent_divisor_count_not_two,power_of_two,pgs_left_prime_wheel_open_v1,,,,,,,,,,False,
101,1000,843,4,exponent_divisor_count_not_two,power_of_two,pgs_left_prime_wheel_open_v1,,,,,,,,,,False,
101,1000,844,6,exponent_divisor_count_not_two,power_of_two,pgs_left_prime_wheel_open_v1,,,,,,,,,,False,
101,1000,845,6,exponent_divisor_count_not_two,power_of_two,pgs_left_prime_wheel_open_v1,,,,,,,,,,False,
101,1000,846,12,exponent_divisor_count_not_two,power_of_two,pgs_left_prime_wheel_open_v1,,,,,,,,,,False,
101,1000,847,6,exponent_divisor_count_not_two,power_of_two,pgs_left_prime_wheel_open_v1,,,,,,,,,,False,
101,1000,848,10,exponent_divisor_count_not_two,power_of_two,pgs_left_prime_wheel_open_v1,,,,,,,,,,False,
101,1000,849,4,exponent_divisor_count_not_two,power_of_two,pgs_left_prime_wheel_open_v1,,,,,,,,,,False,
101,1000,850,12,exponent_divisor_count_not_two,power_of_two,pgs_left_prime_wheel_open_v1,,,,,,,,,,False,
101,1000,851,4,exponent_divisor_count_not_two,power_of_two,pgs_left_prime_wheel_open_v1,,,,,,,,,,False,
101,1000,852,12,exponent_divisor_count_not_two,power_of_two,pgs_left_prime_wheel_open_v1,,,,,,,,,,False,
101,1000,853,2,left_prime_unresolved,power_of_two,pgs_left_prime_wheel_open_v1,4096,1.0,1,,candidate_work_limit,1,60060134630437601839769261564074054890494076748396028293423195126101052500953853663579281588642651046788432153477643700953461525330417946094091687253119241280317815380727220618693026799113163298559838143343221009234642712357476936954116911097916781328596992,60060134630437601839769261564074054890494076748396028293423195126101052500953853663579281588642651046788432153477643700953461525330417946094091687253119241280317815380727220618693026799113163298559838143343221009234642712357476936954116911097916781328596991,,False,
101,1000,854,8,exponent_divisor_count_not_two,power_of_two,pgs_left_prime_wheel_open_v1,,,,,,,,,,False,
101,1000,855,12,exponent_divisor_count_not_two,power_of_two,pgs_left_prime_wheel_open_v1,,,,,,,,,,False,
101,1000,856,8,exponent_divisor_count_not_two,power_of_two,pgs_left_prime_wheel_open_v1,,,,,,,,,,False,
101,1000,857,2,left_prime_unresolved,power_of_two,pgs_left_prime_wheel_open_v1,4096,1.0,1,,candidate_work_limit,1,960962154087001629436308185025184878247905227974336452694771122017616840015261658617268505418282416748614914455642299215255384405286687137505466996049907860485085046091635529899088428785810612776957410293491536147754283397719630991265870577566668501257551872,960962154087001629436308185025184878247905227974336452694771122017616840015261658617268505418282416748614914455642299215255384405286687137505466996049907860485085046091635529899088428785810612776957410293491536147754283397719630991265870577566668501257551871,,False,
101,1000,858,16,exponent_divisor_count_not_two,power_of_two,pgs_left_prime_wheel_open_v1,,,,,,,,,,False,
101,1000,859,2,left_prime_unresolved,power_of_two,pgs_left_prime_wheel_open_v1,4096,1.0,1,,candidate_work_limit,1,3843848616348006517745232740100739512991620911897345810779084488070467360061046634469074021673129666994459657822569196861021537621146748550021867984199631441940340184366542119596353715143242451107829641173966144591017133590878523965063482310266674005030207488,3843848616348006517745232740100739512991620911897345810779084488070467360061046634469074021673129666994459657822569196861021537621146748550021867984199631441940340184366542119596353715143242451107829641173966144591017133590878523965063482310266674005030207487,,False,
101,1000,860,12,exponent_divisor_count_not_two,power_of_two,pgs_left_prime_wheel_open_v1,,,,,,,,,,False,
101,1000,861,8,exponent_divisor_count_not_two,power_of_two,pgs_left_prime_wheel_open_v1,,,,,,,,,,False,
101,1000,862,4,exponent_divisor_count_not_two,power_of_two,pgs_left_prime_wheel_open_v1,,,,,,,,,,False,
101,1000,863,2,left_prime_unresolved,power_of_two,pgs_left_prime_wheel_open_v1,4096,1.0,1,,candidate_work_limit,1,61501577861568104283923723841611832207865934590357532972465351809127477760976746151505184346770074671911354525161107149776344601938347976800349887747194103071045442949864673913541659442291879217725274258783458313456274137454056383441015716964266784080483319808,61501577861568104283923723841611832207865934590357532972465351809127477760976746151505184346770074671911354525161107149776344601938347976800349887747194103071045442949864673913541659442291879217725274258783458313456274137454056383441015716964266784080483319807,,False,
101,1000,864,24,exponent_divisor_count_not_two,power_of_two,pgs_left_prime_wheel_open_v1,,,,,,,,,,False,
101,1000,865,4,exponent_divisor_count_not_two,power_of_two,pgs_left_prime_wheel_open_v1,,,,,,,,,,False,
101,1000,866,4,exponent_divisor_count_not_two,power_of_two,pgs_left_prime_wheel_open_v1,,,,,,,,,,False,
101,1000,867,6,exponent_divisor_count_not_two,power_of_two,pgs_left_prime_wheel_open_v1,,,,,,,,,,False,
101,1000,868,12,exponent_divisor_count_not_two,power_of_two,pgs_left_prime_wheel_open_v1,,,,,,,,,,False,
101,1000,869,4,exponent_divisor_count_not_two,power_of_two,pgs_left_prime_wheel_open_v1,,,,,,,,,,False,
101,1000,870,16,exponent_divisor_count_not_two,power_of_two,pgs_left_prime_wheel_open_v1,,,,,,,,,,False,
101,1000,871,4,exponent_divisor_count_not_two,power_of_two,pgs_left_prime_wheel_open_v1,,,,,,,,,,False,
101,1000,872,8,exponent_divisor_count_not_two,power_of_two,pgs_left_prime_wheel_open_v1,,,,,,,,,,False,
101,1000,873,6,exponent_divisor_count_not_two,power_of_two,pgs_left_prime_wheel_open_v1,,,,,,,,,,False,
101,1000,874,8,exponent_divisor_count_not_two,power_of_two,pgs_left_prime_wheel_open_v1,,,,,,,,,,False,
101,1000,875,8,exponent_divisor_count_not_two,power_of_two,pgs_left_prime_wheel_open_v1,,,,,,,,,,False,
101,1000,876,12,exponent_divisor_count_not_two,power_of_two,pgs_left_prime_wheel_open_v1,,,,,,,,,,False,
101,1000,877,2,left_prime_unresolved,power_of_two,pgs_left_prime_wheel_open_v1,4096,1.0,1,,candidate_work_limit,1,1007641851683931820587806291420968258893675472328417820220872324040744595635843008946260940337480903424595632540239579541935629958157893251896932560850028184716008537290582817399466548302510149103210893455908181007667595468047259786297601506742546990374638711734272,1007641851683931820587806291420968258893675472328417820220872324040744595635843008946260940337480903424595632540239579541935629958157893251896932560850028184716008537290582817399466548302510149103210893455908181007667595468047259786297601506742546990374638711734271,,False,
101,1000,878,4,exponent_divisor_count_not_two,power_of_two,pgs_left_prime_wheel_open_v1,,,,,,,,,,False,
101,1000,879,4,exponent_divisor_count_not_two,power_of_two,pgs_left_prime_wheel_open_v1,,,,,,,,,,False,
101,1000,880,20,exponent_divisor_count_not_two,power_of_two,pgs_left_prime_wheel_open_v1,,,,,,,,,,False,
101,1000,881,2,left_prime_unresolved,power_of_two,pgs_left_prime_wheel_open_v1,4096,1.0,2,1,candidate_work_limit,3,16122269626942909129404900662735492142298807557254685123533957184651913530173488143140175045399694454793530120643833272670970079330526292030350920973600450955456136596649325078391464772840162385651374295294530896122681527488756156580761624107880751845994219387748352,16122269626942909129404900662735492142298807557254685123533957184651913530173488143140175045399694454793530120643833272670970079330526292030350920973600450955456136596649325078391464772840162385651374295294530896122681527488756156580761624107880751845994219387748351,,False,
101,1000,882,18,exponent_divisor_count_not_two,power_of_two,pgs_left_prime_wheel_open_v1,,,,,,,,,,False,
101,1000,883,2,left_prime_unresolved,power_of_two,pgs_left_prime_wheel_open_v1,4096,1.0,1,,candidate_work_limit,1,64489078507771636517619602650941968569195230229018740494135828738607654120693952572560700181598777819174120482575333090683880317322105168121403683894401803821824546386597300313565859091360649542605497181178123584490726109955024626323046496431523007383976877550993408,64489078507771636517619602650941968569195230229018740494135828738607654120693952572560700181598777819174120482575333090683880317322105168121403683894401803821824546386597300313565859091360649542605497181178123584490726109955024626323046496431523007383976877550993407,,False,
101,1000,884,12,exponent_divisor_count_not_two,power_of_two,pgs_left_prime_wheel_open_v1,,,,,,,,,,False,
101,1000,885,8,exponent_divisor_count_not_two,power_of_two,pgs_left_prime_wheel_open_v1,,,,,,,,,,False,
101,1000,886,4,exponent_divisor_count_not_two,power_of_two,pgs_left_prime_wheel_open_v1,,,,,,,,,,False,
101,1000,887,2,left_prime_unresolved,power_of_two,pgs_left_prime_wheel_open_v1,4096,1.0,1,,candidate_work_limit,1,1031825256124346184281913642415071497107123683664299847906173259817722465931103241160971202905580445106785927721205329450942085077153682689942458942310428861149192742185556805017053745461770392681687954898849977351851617759280394021168743942904368118143630040815894528,1031825256124346184281913642415071497107123683664299847906173259817722465931103241160971202905580445106785927721205329450942085077153682689942458942310428861149192742185556805017053745461770392681687954898849977351851617759280394021168743942904368118143630040815894527,,False,
101,1000,888,16,exponent_divisor_count_not_two,power_of_two,pgs_left_prime_wheel_open_v1,,,,,,,,,,False,
101,1000,889,4,exponent_divisor_count_not_two,power_of_two,pgs_left_prime_wheel_open_v1,,,,,,,,,,False,
101,1000,890,8,exponent_divisor_count_not_two,power_of_two,pgs_left_prime_wheel_open_v1,,,,,,,,,,False,
101,1000,891,10,exponent_divisor_count_not_two,power_of_two,pgs_left_prime_wheel_open_v1,,,,,,,,,,False,
101,1000,892,6,exponent_divisor_count_not_two,power_of_two,pgs_left_prime_wheel_open_v1,,,,,,,,,,False,
101,1000,893,4,exponent_divisor_count_not_two,power_of_two,pgs_left_prime_wheel_open_v1,,,,,,,,,,False,
101,1000,894,8,exponent_divisor_count_not_two,power_of_two,pgs_left_prime_wheel_open_v1,,,,,,,,,,False,
101,1000,895,4,exponent_divisor_count_not_two,power_of_two,pgs_left_prime_wheel_open_v1,,,,,,,,,,False,
101,1000,896,16,exponent_divisor_count_not_two,power_of_two,pgs_left_prime_wheel_open_v1,,,,,,,,,,False,
101,1000,897,8,exponent_divisor_count_not_two,power_of_two,pgs_left_prime_wheel_open_v1,,,,,,,,,,False,
101,1000,898,4,exponent_divisor_count_not_two,power_of_two,pgs_left_prime_wheel_open_v1,,,,,,,,,,False,
101,1000,899,4,exponent_divisor_count_not_two,power_of_two,pgs_left_prime_wheel_open_v1,,,,,,,,,,False,
101,1000,900,27,exponent_divisor_count_not_two,power_of_two,pgs_left_prime_wheel_open_v1,,,,,,,,,,False,
101,1000,901,4,exponent_divisor_count_not_two,power_of_two,pgs_left_prime_wheel_open_v1,,,,,,,,,,False,
101,1000,902,8,exponent_divisor_count_not_two,power_of_two,pgs_left_prime_wheel_open_v1,,,,,,,,,,False,
101,1000,903,8,exponent_divisor_count_not_two,power_of_two,pgs_left_prime_wheel_open_v1,,,,,,,,,,False,
101,1000,904,8,exponent_divisor_count_not_two,power_of_two,pgs_left_prime_wheel_open_v1,,,,,,,,,,False,
101,1000,905,4,exponent_divisor_count_not_two,power_of_two,pgs_left_prime_wheel_open_v1,,,,,,,,,,False,
101,1000,906,8,exponent_divisor_count_not_two,power_of_two,pgs_left_prime_wheel_open_v1,,,,,,,,,,False,
101,1000,907,2,left_prime_unresolved,power_of_two,pgs_left_prime_wheel_open_v1,4096,1.0,1,,candidate_work_limit,1,1081947199765842424529591879509026010150599323721976877318063532086628152436172512203606540057921920808293160946190599534351047801861499980289103827892100253508375928829962412377562148201321351276593628996016513851695161943555198441141036848674890703850575013678567420592128,1081947199765842424529591879509026010150599323721976877318063532086628152436172512203606540057921920808293160946190599534351047801861499980289103827892100253508375928829962412377562148201321351276593628996016513851695161943555198441141036848674890703850575013678567420592127,,False,
101,1000,908,6,exponent_divisor_count_not_two,power_of_two,pgs_left_prime_wheel_open_v1,,,,,,,,,,False,
101,1000,909,6,exponent_divisor_count_not_two,power_of_two,pgs_left_prime_wheel_open_v1,,,,,,,,,,False,
101,1000,910,16,exponent_divisor_count_not_two,power_of_two,pgs_left_prime_wheel_open_v1,,,,,,,,,,False,
101,1000,911,2,left_prime_unresolved,power_of_two,pgs_left_prime_wheel_open_v1,4096,1.0,1,,candidate_work_limit,1,17311155196253478792473470072144416162409589179551630037089016513386050438978760195257704640926750732932690575139049592549616764829783999684625661246273604056134014861279398598040994371221141620425498063936264221627122591096883175058256589578798251261609200218857078729474048,17311155196253478792473470072144416162409589179551630037089016513386050438978760195257704640926750732932690575139049592549616764829783999684625661246273604056134014861279398598040994371221141620425498063936264221627122591096883175058256589578798251261609200218857078729474047,,False,
101,1000,912,20,exponent_divisor_count_not_two,power_of_two,pgs_left_prime_wheel_open_v1,,,,,,,,,,False,
101,1000,913,4,exponent_divisor_count_not_two,power_of_two,pgs_left_prime_wheel_open_v1,,,,,,,,,,False,
101,1000,914,4,exponent_divisor_count_not_two,power_of_two,pgs_left_prime_wheel_open_v1,,,,,,,,,,False,
101,1000,915,8,exponent_divisor_count_not_two,power_of_two,pgs_left_prime_wheel_open_v1,,,,,,,,,,False,
101,1000,916,6,exponent_divisor_count_not_two,power_of_two,pgs_left_prime_wheel_open_v1,,,,,,,,,,False,
101,1000,917,4,exponent_divisor_count_not_two,power_of_two,pgs_left_prime_wheel_open_v1,,,,,,,,,,False,
101,1000,918,16,exponent_divisor_count_not_two,power_of_two,pgs_left_prime_wheel_open_v1,,,,,,,,,,False,
101,1000,919,2,left_prime_unresolved,power_of_two,pgs_left_prime_wheel_open_v1,4096,1.0,1,,candidate_work_limit,1,4431655730240890570873208338468970537576854829965217289494788227426828912378562609985972388077248187630768787235596695692701891796424703919264169279046042638370307804487526041098494559032612254828927504367683640736543383320802092814913686932172352322971955256027412154745356288,4431655730240890570873208338468970537576854829965217289494788227426828912378562609985972388077248187630768787235596695692701891796424703919264169279046042638370307804487526041098494559032612254828927504367683640736543383320802092814913686932172352322971955256027412154745356287,,False,
101,1000,920,16,exponent_divisor_count_not_two,power_of_two,pgs_left_prime_wheel_open_v1,,,,,,,,,,False,
101,1000,921,4,exponent_divisor_count_not_two,power_of_two,pgs_left_prime_wheel_open_v1,,,,,,,,,,False,
101,1000,922,4,exponent_divisor_count_not_two,power_of_two,pgs_left_prime_wheel_open_v1,,,,,,,,,,False,
101,1000,923,4,exponent_divisor_count_not_two,power_of_two,pgs_left_prime_wheel_open_v1,,,,,,,,,,False,
101,1000,924,24,exponent_divisor_count_not_two,power_of_two,pgs_left_prime_wheel_open_v1,,,,,,,,,,False,
101,1000,925,6,exponent_divisor_count_not_two,power_of_two,pgs_left_prime_wheel_open_v1,,,,,,,,,,False,
101,1000,926,4,exponent_divisor_count_not_two,power_of_two,pgs_left_prime_wheel_open_v1,,,,,,,,,,False,
101,1000,927,6,exponent_divisor_count_not_two,power_of_two,pgs_left_prime_wheel_open_v1,,,,,,,,,,False,
101,1000,928,12,exponent_divisor_count_not_two,power_of_two,pgs_left_prime_wheel_open_v1,,,,,,,,,,False,
101,1000,929,2,left_prime_unresolved,power_of_two,pgs_left_prime_wheel_open_v1,4096,1.0,1,,candidate_work_limit,1,4538015467766671944574165338592225830478699345884382504442663144885072806275648112625635725391102144133907238129251016389326737199538896813326509341743147661691195191795226666084858428449394948944821764472508048114220424520501343042471615418544488778723282182172070046459244838912,4538015467766671944574165338592225830478699345884382504442663144885072806275648112625635725391102144133907238129251016389326737199538896813326509341743147661691195191795226666084858428449394948944821764472508048114220424520501343042471615418544488778723282182172070046459244838911,,False,
101,1000,930,16,exponent_divisor_count_not_two,power_of_two,pgs_left_prime_wheel_open_v1,,,,,,,,,,False,
101,1000,931,6,exponent_divisor_count_not_two,power_of_two,pgs_left_prime_wheel_open_v1,,,,,,,,,,False,
101,1000,932,6,exponent_divisor_count_not_two,power_of_two,pgs_left_prime_wheel_open_v1,,,,,,,,,,False,
101,1000,933,4,exponent_divisor_count_not_two,power_of_two,pgs_left_prime_wheel_open_v1,,,,,,,,,,False,
101,1000,934,4,exponent_divisor_count_not_two,power_of_two,pgs_left_prime_wheel_open_v1,,,,,,,,,,False,
101,1000,935,8,exponent_divisor_count_not_two,power_of_two,pgs_left_prime_wheel_open_v1,,,,,,,,,,False,
101,1000,936,24,exponent_divisor_count_not_two,power_of_two,pgs_left_prime_wheel_open_v1,,,,,,,,,,False,
101,1000,937,2,left_prime_unresolved,power_of_two,pgs_left_prime_wheel_open_v1,4096,1.0,1,,candidate_work_limit,1,1161731959748268017810986326679609812602547032546401921137321765090578638406565916832162745700122148898280252961088260195667644723081957584211586391486245801392945969099578026517723757683045106929874371704962060317240428677248343818872733547147389127353160238636049931893566678761472,1161731959748268017810986326679609812602547032546401921137321765090578638406565916832162745700122148898280252961088260195667644723081957584211586391486245801392945969099578026517723757683045106929874371704962060317240428677248343818872733547147389127353160238636049931893566678761471,,False,
101,1000,938,8,exponent_divisor_count_not_two,power_of_two,pgs_left_prime_wheel_open_v1,,,,,,,,,,False,
101,1000,939,4,exponent_divisor_count_not_two,power_of_two,pgs_left_prime_wheel_open_v1,,,,,,,,,,False,
101,1000,940,12,exponent_divisor_count_not_two,power_of_two,pgs_left_prime_wheel_open_v1,,,,,,,,,,False,
101,1000,941,2,left_prime_unresolved,power_of_two,pgs_left_prime_wheel_open_v1,4096,1.0,1,,candidate_work_limit,1,18587711355972288284975781226873757001640752520742430738197148241449258214505054669314603931201954382372484047377412163130682315569311321347385382263779932822287135505593248424283580122928721710877989947279392965075846858835973501101963736754358226037650563818176798910297066860183552,18587711355972288284975781226873757001640752520742430738197148241449258214505054669314603931201954382372484047377412163130682315569311321347385382263779932822287135505593248424283580122928721710877989947279392965075846858835973501101963736754358226037650563818176798910297066860183551,,False,
101,1000,942,8,exponent_divisor_count_not_two,power_of_two,pgs_left_prime_wheel_open_v1,,,,,,,,,,False,
101,1000,943,4,exponent_divisor_count_not_two,power_of_two,pgs_left_prime_wheel_open_v1,,,,,,,,,,False,
101,1000,944,10,exponent_divisor_count_not_two,power_of_two,pgs_left_prime_wheel_open_v1,,,,,,,,,,False,
101,1000,945,16,exponent_divisor_count_not_two,power_of_two,pgs_left_prime_wheel_open_v1,,,,,,,,,,False,
101,1000,946,8,exponent_divisor_count_not_two,power_of_two,pgs_left_prime_wheel_open_v1,,,,,,,,,,False,
101,1000,947,2,left_prime_unresolved,power_of_two,pgs_left_prime_wheel_open_v1,4096,1.0,1,,candidate_work_limit,1,1189613526782226450238449998519920448105008161327515567244617487452752525728323498836134651596925080471838979032154378440363668196435924566232664464881915700626376672357967899154149127867438189496191356625881149764854198965502304070525679152278926466409636084363315130259012279051747328,1189613526782226450238449998519920448105008161327515567244617487452752525728323498836134651596925080471838979032154378440363668196435924566232664464881915700626376672357967899154149127867438189496191356625881149764854198965502304070525679152278926466409636084363315130259012279051747327,,False,
101,1000,948,12,exponent_divisor_count_not_two,power_of_two,pgs_left_prime_wheel_open_v1,,,,,,,,,,False,
101,1000,949,4,exponent_divisor_count_not_two,power_of_two,pgs_left_prime_wheel_open_v1,,,,,,,,,,False,
101,1000,950,12,exponent_divisor_count_not_two,power_of_two,pgs_left_prime_wheel_open_v1,,,,,,,,,,False,
101,1000,951,4,exponent_divisor_count_not_two,power_of_two,pgs_left_prime_wheel_open_v1,,,,,,,,,,False,
101,1000,952,16,exponent_divisor_count_not_two,power_of_two,pgs_left_prime_wheel_open_v1,,,,,,,,,,False,
101,1000,953,2,left_prime_unresolved,power_of_two,pgs_left_prime_wheel_open_v1,4096,1.0,1,,candidate_work_limit,1,76135265714062492815260799905274908678720522324960996303655519196976161646612703925512617702203205150197694658057880220183274764571899172238890525752442604840088107030909945545865544183516044127756246824056393584950668733792147460513643465745851293850216709399252168336576785859311828992,76135265714062492815260799905274908678720522324960996303655519196976161646612703925512617702203205150197694658057880220183274764571899172238890525752442604840088107030909945545865544183516044127756246824056393584950668733792147460513643465745851293850216709399252168336576785859311828991,,False,
101,1000,954,12,exponent_divisor_count_not_two,power_of_two,pgs_left_prime_wheel_open_v1,,,,,,,,,,False,
101,1000,955,4,exponent_divisor_count_not_two,power_of_two,pgs_left_prime_wheel_open_v1,,,,,,,,,,False,
101,1000,956,6,exponent_divisor_count_not_two,power_of_two,pgs_left_prime_wheel_open_v1,,,,,,,,,,False,
101,1000,957,8,exponent_divisor_count_not_two,power_of_two,pgs_left_prime_wheel_open_v1,,,,,,,,,,False,
101,1000,958,4,exponent_divisor_count_not_two,power_of_two,pgs_left_prime_wheel_open_v1,,,,,,,,,,False,
101,1000,959,4,exponent_divisor_count_not_two,power_of_two,pgs_left_prime_wheel_open_v1,,,,,,,,,,False,
101,1000,960,28,exponent_divisor_count_not_two,power_of_two,pgs_left_prime_wheel_open_v1,,,,,,,,,,False,
101,1000,961,3,exponent_divisor_count_not_two,power_of_two,pgs_left_prime_wheel_open_v1,,,,,,,,,,False,
101,1000,962,8,exponent_divisor_count_not_two,power_of_two,pgs_left_prime_wheel_open_v1,,,,,,,,,,False,
101,1000,963,6,exponent_divisor_count_not_two,power_of_two,pgs_left_prime_wheel_open_v1,,,,,,,,,,False,
101,1000,964,6,exponent_divisor_count_not_two,power_of_two,pgs_left_prime_wheel_open_v1,,,,,,,,,,False,
101,1000,965,4,exponent_divisor_count_not_two,power_of_two,pgs_left_prime_wheel_open_v1,,,,,,,,,,False,
101,1000,966,16,exponent_divisor_count_not_two,power_of_two,pgs_left_prime_wheel_open_v1,,,,,,,,,,False,
101,1000,967,2,left_prime_unresolved,power_of_two,pgs_left_prime_wheel_open_v1,4096,1.0,1,,candidate_work_limit,1,1247400193459199882285232945648024103792157037772160963439092026523257432418102541115598728432897313180839029277620309527482773742745996037961982373928019637700003545594428547823461075902726866989158347965339952495831756534450543993055534542780027598441950566797347526026474059518965006204928,1247400193459199882285232945648024103792157037772160963439092026523257432418102541115598728432897313180839029277620309527482773742745996037961982373928019637700003545594428547823461075902726866989158347965339952495831756534450543993055534542780027598441950566797347526026474059518965006204927,,False,
101,1000,968,12,exponent_divisor_count_not_two,power_of_two,pgs_left_prime_wheel_open_v1,,,,,,,,,,False,
101,1000,969,8,exponent_divisor_count_not_two,power_of_two,pgs_left_prime_wheel_open_v1,,,,,,,,,,False,
101,1000,970,8,exponent_divisor_count_not_two,power_of_two,pgs_left_prime_wheel_open_v1,,,,,,,,,,False,
101,1000,971,2,left_prime_unresolved,power_of_two,pgs_left_prime_wheel_open_v1,4096,1.0,1,,candidate_work_limit,1,19958403095347198116563727130368385660674512604354575415025472424372118918689640657849579654926357010893424468441924952439724379883935936607391717982848314203200056729510856765175377214443629871826533567445439239933308104551208703888888552684480441575071209068757560416423584952303440099278848,19958403095347198116563727130368385660674512604354575415025472424372118918689640657849579654926357010893424468441924952439724379883935936607391717982848314203200056729510856765175377214443629871826533567445439239933308104551208703888888552684480441575071209068757560416423584952303440099278847,,False,
101,1000,972,18,exponent_divisor_count_not_two,power_of_two,pgs_left_prime_wheel_open_v1,,,,,,,,,,False,
101,1000,973,4,exponent_divisor_count_not_two,power_of_two,pgs_left_prime_wheel_open_v1,,,,,,,,,,False,
101,1000,974,4,exponent_divisor_count_not_two,power_of_two,pgs_left_prime_wheel_open_v1,,,,,,,,,,False,
101,1000,975,12,exponent_divisor_count_not_two,power_of_two,pgs_left_prime_wheel_open_v1,,,,,,,,,,False,
101,1000,976,10,exponent_divisor_count_not_two,power_of_two,pgs_left_prime_wheel_open_v1,,,,,,,,,,False,
101,1000,977,2,left_prime_unresolved,power_of_two,pgs_left_prime_wheel_open_v1,4096,1.0,1,,candidate_work_limit,1,1277337798102220679460078536343576682283168806678692826561630235159815610796137002102373097915286848697179165980283196956142360312571899942873069950902292109004803630688694832971224141724392311796898148316508111355731718691277357048888867371806748260804557380400483866651109436947420166353846272,1277337798102220679460078536343576682283168806678692826561630235159815610796137002102373097915286848697179165980283196956142360312571899942873069950902292109004803630688694832971224141724392311796898148316508111355731718691277357048888867371806748260804557380400483866651109436947420166353846271,,False,
101,1000,978,8,exponent_divisor_count_not_two,power_of_two,pgs_left_prime_wheel_open_v1,,,,,,,,,,False,
101,1000,979,4,exponent_divisor_count_not_two,power_of_two,pgs_left_prime_wheel_open_v1,,,,,,,,,,False,
101,1000,980,18,exponent_divisor_count_not_two,power_of_two,pgs_left_prime_wheel_open_v1,,,,,,,,,,False,
101,1000,981,6,exponent_divisor_count_not_two,power_of_two,pgs_left_prime_wheel_open_v1,,,,,,,,,,False,
101,1000,982,4,exponent_divisor_count_not_two,power_of_two,pgs_left_prime_wheel_open_v1,,,,,,,,,,False,
101,1000,983,2,left_prime_unresolved,power_of_two,pgs_left_prime_wheel_open_v1,4096,1.0,1,,candidate_work_limit,1,81749619078542123485445026325988907666122803627436340899944335050228199090952768134551878266578358316619466622738124605193111060004601596343876476857746694976307432364076469310158345070361107955001481492256519126766829996241750851128887511795631888691491672345630967465671003964634890646646161408,81749619078542123485445026325988907666122803627436340899944335050228199090952768134551878266578358316619466622738124605193111060004601596343876476857746694976307432364076469310158345070361107955001481492256519126766829996241750851128887511795631888691491672345630967465671003964634890646646161407,,False,
101,1000,984,16,exponent_divisor_count_not_two,power_of_two,pgs_left_prime_wheel_open_v1,,,,,,,,,,False,
101,1000,985,4,exponent_divisor_count_not_two,power_of_two,pgs_left_prime_wheel_open_v1,,,,,,,,,,False,
101,1000,986,8,exponent_divisor_count_not_two,power_of_two,pgs_left_prime_wheel_open_v1,,,,,,,,,,False,
101,1000,987,8,exponent_divisor_count_not_two,power_of_two,pgs_left_prime_wheel_open_v1,,,,,,,,,,False,
101,1000,988,12,exponent_divisor_count_not_two,power_of_two,pgs_left_prime_wheel_open_v1,,,,,,,,,,False,
101,1000,989,4,exponent_divisor_count_not_two,power_of_two,pgs_left_prime_wheel_open_v1,,,,,,,,,,False,
101,1000,990,24,exponent_divisor_count_not_two,power_of_two,pgs_left_prime_wheel_open_v1,,,,,,,,,,False,
101,1000,991,2,left_prime_unresolved,power_of_two,pgs_left_prime_wheel_open_v1,4096,1.0,1,,candidate_work_limit,1,20927902484106783612273926739453160362527437728623703270385749772858418967283908642445280836244059729054583455420959898929436431361178008664032378075583153913934702685203576143400536338012443636480379262017668896452308479037888217888995203019681763505021868120481527671211777014946532005541417320448,20927902484106783612273926739453160362527437728623703270385749772858418967283908642445280836244059729054583455420959898929436431361178008664032378075583153913934702685203576143400536338012443636480379262017668896452308479037888217888995203019681763505021868120481527671211777014946532005541417320447,,False,
101,1000,992,12,exponent_divisor_count_not_two,power_of_two,pgs_left_prime_wheel_open_v1,,,,,,,,,,False,
101,1000,993,4,exponent_divisor_count_not_two,power_of_two,pgs_left_prime_wheel_open_v1,,,,,,,,,,False,
101,1000,994,8,exponent_divisor_count_not_two,power_of_two,pgs_left_prime_wheel_open_v1,,,,,,,,,,False,
101,1000,995,4,exponent_divisor_count_not_two,power_of_two,pgs_left_prime_wheel_open_v1,,,,,,,,,,False,
101,1000,996,12,exponent_divisor_count_not_two,power_of_two,pgs_left_prime_wheel_open_v1,,,,,,,,,,False,
101,1000,997,2,left_prime_unresolved,power_of_two,pgs_left_prime_wheel_open_v1,4096,1.0,1,,candidate_work_limit,1,1339385758982834151185531311325002263201756014631917009304687985462938813906170153116497973519619822659493341146941433531483931607115392554498072196837321850491820971853028873177634325632796392734744272769130809372947742658424845944895692993259632864321399559710817770957553728956578048354650708508672,1339385758982834151185531311325002263201756014631917009304687985462938813906170153116497973519619822659493341146941433531483931607115392554498072196837321850491820971853028873177634325632796392734744272769130809372947742658424845944895692993259632864321399559710817770957553728956578048354650708508671,,False,
101,1000,998,4,exponent_divisor_count_not_two,power_of_two,pgs_left_prime_wheel_open_v1,,,,,,,,,,False,
101,1000,999,8,exponent_divisor_count_not_two,power_of_two,pgs_left_prime_wheel_open_v1,,,,,,,,,,False,
101,1000,1000,16,exponent_divisor_count_not_two,power_of_two,pgs_left_prime_wheel_open_v1,,,,,,,,,,False,
