a,square,endpoint_offsets,component_word,s4,slack_4a,slack_2a,utilization_4a,utilization_2a,half_wall_status,fixed_256_status,a_mod_30
3,9,2|4|8|10,2|2|4|2,10,2,-4,0.833333333333,1.666666666667,not_applicable_small_root,pass,3
5,25,4|6|12|16,4|2|6|4,16,4,-6,0.8,1.6,not_applicable_small_root,pass,5
7,49,4|10|12|18,4|6|2|6,18,10,-4,0.642857142857,1.285714285714,not_applicable_small_root,pass,7
11,121,6|10|16|18,6|4|6|2,18,26,4,0.409090909091,0.818181818182,pass,pass,11
13,169,4|10|12|22,4|6|2|10,22,30,4,0.423076923077,0.846153846154,pass,pass,13
17,289,4|18|22|24,4|14|4|2,24,44,10,0.352941176471,0.705882352941,pass,pass,17
19,361,6|12|18|22,6|6|6|4,22,54,16,0.289473684211,0.578947368421,pass,pass,19
23,529,12|18|28|34,12|6|10|6,34,58,12,0.369565217391,0.739130434783,pass,pass,23
29,841,12|16|18|22,12|4|2|4,22,94,36,0.189655172414,0.379310344828,pass,pass,29
31,961,6|10|16|22,6|4|6|6,22,102,40,0.177419354839,0.354838709677,pass,pass,1
37,1369,4|12|30|40,4|8|18|10,40,108,34,0.27027027027,0.540540540541,pass,pass,7
41,1681,12|16|18|28,12|4|2|10,28,136,54,0.170731707317,0.341463414634,pass,pass,11
43,1849,12|18|22|24,12|6|4|2,24,148,62,0.139534883721,0.279069767442,pass,pass,13
47,2209,4|12|28|30,4|8|16|2,30,158,64,0.159574468085,0.31914893617,pass,pass,17
53,2809,10|24|28|34,10|14|4|6,34,178,72,0.160377358491,0.320754716981,pass,pass,23
59,3481,10|18|30|36,10|8|12|6,36,200,82,0.152542372881,0.305084745763,pass,pass,29
61,3721,6|12|18|40,6|6|6|22,40,204,82,0.16393442623,0.327868852459,pass,pass,1
67,4489,4|18|24|28,4|14|6|4,28,240,106,0.10447761194,0.208955223881,pass,pass,7
71,5041,10|18|36|40,10|8|18|4,40,244,102,0.140845070423,0.281690140845,pass,pass,11
73,5329,4|18|22|52,4|14|4|30,52,240,94,0.178082191781,0.356164383562,pass,pass,13
79,6241,6|16|22|28,6|10|6|6,28,288,130,0.088607594937,0.177215189873,pass,pass,19
83,6889,10|18|22|28,10|8|4|6,28,304,138,0.084337349398,0.168674698795,pass,pass,23
89,7921,6|12|16|28,6|6|4|12,28,328,150,0.078651685393,0.157303370787,pass,pass,29
97,9409,4|10|12|22,4|6|2|10,22,366,172,0.056701030928,0.113402061856,pass,pass,7
101,10201,10|22|42|46,10|12|20|4,46,358,156,0.113861386139,0.227722772277,pass,pass,11
103,10609,4|18|22|30,4|14|4|8,30,382,176,0.072815533981,0.145631067961,pass,pass,13
107,11449,18|22|34|40,18|4|12|6,40,388,174,0.093457943925,0.18691588785,pass,pass,17
109,11881,6|16|22|28,6|10|6|6,28,408,190,0.064220183486,0.128440366972,pass,pass,19
113,12769,12|22|30|40,12|10|8|10,40,412,186,0.088495575221,0.176991150442,pass,pass,23
127,16129,10|12|54|58,10|2|42|4,58,450,196,0.114173228346,0.228346456693,pass,pass,7
131,17161,6|22|28|30,6|16|6|2,30,494,232,0.057251908397,0.114503816794,pass,pass,11
137,18769,4|18|24|28,4|14|6|4,28,520,246,0.051094890511,0.102189781022,pass,pass,17
139,19321,12|52|58|60,12|40|6|2,60,496,218,0.107913669065,0.215827338129,pass,pass,19
149,22201,28|46|58|70,28|18|12|12,70,526,228,0.11744966443,0.234899328859,pass,pass,29
151,22801,6|10|16|52,6|4|6|36,52,552,250,0.086092715232,0.172185430464,pass,pass,1
157,24649,10|22|28|34,10|12|6|6,34,594,280,0.054140127389,0.108280254777,pass,pass,7
163,26569,4|22|28|58,4|18|6|30,58,594,268,0.088957055215,0.177914110429,pass,pass,13
167,27889,4|12|28|30,4|8|16|2,30,638,304,0.044910179641,0.089820359281,pass,pass,17
173,29929,18|30|54|60,18|12|24|6,60,632,286,0.086705202312,0.173410404624,pass,pass,23
179,32041,10|16|18|22,10|6|2|4,22,694,336,0.030726256983,0.061452513966,pass,pass,29
181,32761,10|18|22|28,10|8|4|6,28,696,334,0.038674033149,0.077348066298,pass,pass,1
191,36481,12|16|42|46,12|4|26|4,46,718,336,0.060209424084,0.120418848168,pass,pass,11
193,37249,4|24|28|58,4|20|4|30,58,714,328,0.075129533679,0.150259067358,pass,pass,13
197,38809,12|24|30|42,12|12|6|12,42,746,352,0.053299492386,0.106598984772,pass,pass,17
199,39601,6|18|22|30,6|12|4|8,30,766,368,0.037688442211,0.075376884422,pass,pass,19
211,44521,10|12|16|22,10|2|4|6,22,822,400,0.026066350711,0.052132701422,pass,pass,1
223,49729,10|12|18|28,10|2|6|10,28,864,418,0.031390134529,0.062780269058,pass,pass,13
227,51529,10|22|34|48,10|12|12|14,48,860,406,0.052863436123,0.105726872247,pass,pass,17
229,52441,12|16|48|60,12|4|32|12,60,856,398,0.065502183406,0.131004366812,pass,pass,19
233,54289,4|22|30|34,4|18|8|4,34,898,432,0.036480686695,0.072961373391,pass,pass,23
239,57121,10|18|22|28,10|8|4|6,28,928,450,0.029288702929,0.058577405858,pass,pass,29
241,58081,18|28|30|48,18|10|2|18,48,916,434,0.04979253112,0.099585062241,pass,pass,1
251,63001,28|30|58|66,28|2|28|8,66,938,436,0.065737051793,0.131474103586,pass,pass,11
257,66049,18|22|34|40,18|4|12|6,40,988,474,0.038910505837,0.077821011673,pass,pass,17
263,69169,22|24|28|34,22|2|4|6,34,1018,492,0.032319391635,0.06463878327,pass,pass,23
269,72361,6|18|22|60,6|12|4|38,60,1016,478,0.055762081784,0.111524163569,pass,pass,29
271,73441,12|18|30|36,12|6|12|6,36,1048,506,0.033210332103,0.066420664207,pass,pass,1
277,76729,4|24|28|42,4|20|4|14,42,1066,512,0.037906137184,0.075812274368,pass,pass,7
281,78961,16|18|28|70,16|2|10|42,70,1054,492,0.062277580071,0.124555160142,pass,pass,11
283,80089,18|22|52|58,18|4|30|6,58,1074,508,0.051236749117,0.102473498233,pass,pass,13
293,85849,4|40|54|60,4|36|14|6,60,1112,526,0.051194539249,0.102389078498,pass,pass,23
307,94249,4|12|24|42,4|8|12|18,42,1186,572,0.034201954397,0.068403908795,pass,pass,7
311,96721,10|16|18|28,10|6|2|10,28,1216,594,0.022508038585,0.04501607717,pass,pass,11
313,97969,4|18|40|42,4|14|22|2,42,1210,584,0.033546325879,0.067092651757,pass,pass,13
317,100489,4|12|22|28,4|8|10|6,28,1240,606,0.022082018927,0.044164037855,pass,pass,17
331,109561,6|18|22|28,6|12|4|6,28,1296,634,0.021148036254,0.042296072508,pass,pass,1
337,113569,22|52|54|78,22|30|2|24,78,1270,596,0.057863501484,0.115727002967,pass,pass,7
347,120409,4|18|22|64,4|14|4|42,64,1324,630,0.046109510086,0.092219020173,pass,pass,17
349,121801,42|52|66|82,42|10|14|16,82,1314,616,0.058739255014,0.117478510029,pass,pass,19
353,124609,24|34|60|64,24|10|26|4,64,1348,642,0.045325779037,0.090651558074,pass,pass,23
359,128881,22|42|58|60,22|20|16|2,60,1376,658,0.041782729805,0.08356545961,pass,pass,29
367,134689,10|18|42|52,10|8|24|10,52,1416,682,0.035422343324,0.070844686649,pass,pass,7
373,139129,4|40|48|58,4|36|8|10,58,1434,688,0.038873994638,0.077747989276,pass,pass,13
379,143641,10|12|28|36,10|2|16|8,36,1480,722,0.023746701847,0.047493403694,pass,pass,19
383,146689,12|30|54|60,12|18|24|6,60,1472,706,0.039164490862,0.078328981723,pass,pass,23
389,151321,16|18|22|36,16|2|4|14,36,1520,742,0.023136246787,0.046272493573,pass,pass,29
397,157609,18|28|30|40,18|10|2|10,40,1548,754,0.025188916877,0.050377833753,pass,pass,7
401,160801,6|12|16|28,6|6|4|12,28,1576,774,0.017456359102,0.034912718204,pass,pass,11
409,167281,28|30|36|48,28|2|6|12,48,1588,770,0.029339853301,0.058679706601,pass,pass,19
419,175561,12|40|60|70,12|28|20|10,70,1606,768,0.041766109785,0.08353221957,pass,pass,29
421,177241,16|28|42|60,16|12|14|18,60,1624,782,0.035629453682,0.071258907363,pass,pass,1
431,185761,6|28|36|52,6|22|8|16,52,1672,810,0.030162412993,0.060324825986,pass,pass,11
433,187489,18|24|42|58,18|6|18|16,58,1674,808,0.033487297921,0.066974595843,pass,pass,13
439,192721,16|22|28|36,16|6|6|8,36,1720,842,0.020501138952,0.041002277904,pass,pass,19
443,196249,22|28|30|42,22|6|2|12,42,1730,844,0.023702031603,0.047404063205,pass,pass,23
449,201601,10|22|28|52,10|12|6|24,52,1744,846,0.028953229399,0.057906458797,pass,pass,29
457,208849,28|40|42|58,28|12|2|16,58,1770,856,0.031728665208,0.063457330416,pass,pass,7
461,212521,36|40|52|58,36|4|12|6,58,1786,864,0.031453362256,0.062906724512,pass,pass,11
463,214369,4|12|22|30,4|8|10|8,30,1822,896,0.016198704104,0.032397408207,pass,pass,13
467,218089,18|22|28|42,18|4|6|14,42,1826,892,0.022483940043,0.044967880086,pass,pass,17
479,229441,18|28|46|58,18|10|18|12,58,1858,900,0.030271398747,0.060542797495,pass,pass,29
487,237169,4|10|34|48,4|6|24|14,48,1900,926,0.024640657084,0.049281314168,pass,pass,7
491,241081,12|36|46|60,12|24|10|14,60,1904,922,0.030549898167,0.061099796334,pass,pass,11
499,249001,16|36|58|78,16|20|22|20,78,1918,920,0.039078156313,0.078156312625,pass,pass,19
503,253009,4|40|54|72,4|36|14|18,72,1940,934,0.03578528827,0.071570576541,pass,pass,23
509,259081,18|40|42|70,18|22|2|28,70,1966,948,0.034381139489,0.068762278978,pass,pass,29
521,271441,10|22|30|42,10|12|8|12,42,2042,1000,0.020153550864,0.040307101727,pass,pass,11
523,273529,22|40|72|84,22|18|32|12,84,2008,962,0.040152963671,0.080305927342,pass,pass,13
541,292681,12|22|28|30,12|10|6|2,30,2134,1052,0.013863216266,0.027726432532,pass,pass,1
547,299209,4|30|52|72,4|26|22|20,72,2116,1022,0.032906764168,0.065813528336,pass,pass,7
557,310249,24|34|42|64,24|10|8|22,64,2164,1050,0.028725314183,0.057450628366,pass,pass,17
563,316969,22|34|42|52,22|12|8|10,52,2200,1074,0.023090586146,0.046181172291,pass,pass,23
569,323761,6|28|36|40,6|22|8|4,40,2236,1098,0.017574692443,0.035149384886,pass,pass,29
571,326041,16|22|42|46,16|6|20|4,46,2238,1096,0.020140105079,0.040280210158,pass,pass,1
577,332929,4|18|22|58,4|14|4|36,58,2250,1096,0.025129982669,0.050259965338,pass,pass,7
587,344569,18|30|42|52,18|12|12|10,52,2296,1122,0.022146507666,0.044293015332,pass,pass,17
593,351649,4|12|18|42,4|8|6|24,42,2330,1144,0.017706576728,0.035413153457,pass,pass,23
599,358801,10|28|46|58,10|18|18|12,58,2338,1140,0.024207011686,0.048414023372,pass,pass,29
601,361201,10|12|16|18,10|2|4|2,18,2386,1184,0.007487520799,0.014975041597,pass,pass,1
607,368449,4|22|42|58,4|18|20|16,58,2370,1156,0.023887973641,0.047775947282,pass,pass,7
613,375769,4|10|18|30,4|6|8|12,30,2422,1196,0.012234910277,0.024469820555,pass,pass,13
617,380689,18|24|40|64,18|6|16|24,64,2404,1170,0.025931928687,0.051863857374,pass,pass,17
619,383161,10|18|58|60,10|8|40|2,60,2416,1178,0.024232633279,0.048465266559,pass,pass,19
631,398161,10|46|52|58,10|36|6|6,58,2466,1204,0.022979397781,0.045958795563,pass,pass,1
641,410881,18|22|48|72,18|4|26|24,72,2492,1210,0.028081123245,0.05616224649,pass,pass,11
643,413449,12|28|72|78,12|16|44|6,78,2494,1208,0.03032659409,0.06065318818,pass,pass,13
647,418609,22|24|28|48,22|2|4|20,48,2540,1246,0.018547140649,0.037094281298,pass,pass,17
653,426409,12|18|60|78,12|6|42|18,78,2534,1228,0.029862174579,0.059724349158,pass,pass,23
659,434281,12|16|22|30,12|4|6|8,30,2606,1288,0.011380880121,0.022761760243,pass,pass,29
661,436921,36|42|46|52,36|6|4|6,52,2592,1270,0.019667170953,0.039334341906,pass,pass,1
673,452929,24|28|54|60,24|4|26|6,60,2632,1286,0.022288261516,0.044576523031,pass,pass,13
677,458329,4|28|34|48,4|24|6|14,48,2660,1306,0.017725258493,0.035450516987,pass,pass,17
683,466489,28|48|58|64,28|20|10|6,64,2668,1302,0.023426061493,0.046852122987,pass,pass,23
691,477481,16|30|36|42,16|14|6|6,42,2722,1340,0.01519536903,0.030390738061,pass,pass,1
701,491401,16|22|28|60,16|6|6|32,60,2744,1342,0.021398002853,0.042796005706,pass,pass,11
709,502681,6|18|22|36,6|12|4|14,36,2800,1382,0.01269393512,0.02538787024,pass,pass,19
719,516961,12|16|18|30,12|4|2|12,30,2846,1408,0.010431154381,0.020862308762,pass,pass,29
727,528529,30|82|94|100,30|52|12|6,100,2808,1354,0.034387895461,0.068775790922,pass,pass,7
733,537289,18|42|54|58,18|24|12|4,58,2874,1408,0.019781718963,0.039563437926,pass,pass,13
739,546121,16|28|30|52,16|12|2|22,52,2904,1426,0.017591339648,0.035182679296,pass,pass,19
743,552049,4|10|40|42,4|6|30|2,42,2930,1444,0.014131897712,0.028263795424,pass,pass,23
751,564001,12|16|40|48,12|4|24|8,48,2956,1454,0.015978695073,0.031957390146,pass,pass,1
757,573049,52|58|60|70,52|6|2|10,70,2958,1444,0.023117569353,0.046235138705,pass,pass,7
761,579121,12|58|76|78,12|46|18|2,78,2966,1444,0.025624178712,0.051248357424,pass,pass,11
769,591361,16|30|42|46,16|14|12|4,46,3030,1492,0.014954486346,0.029908972692,pass,pass,19
773,597529,10|22|30|48,10|12|8|18,48,3044,1498,0.01552393273,0.031047865459,pass,pass,23
787,619369,4|22|28|102,4|18|6|74,102,3046,1472,0.032401524778,0.064803049555,pass,pass,7
797,635209,40|42|54|58,40|2|12|4,58,3130,1536,0.018193224592,0.036386449184,pass,pass,17
809,654481,10|18|28|46,10|8|10|18,46,3190,1572,0.014215080346,0.028430160692,pass,pass,29
811,657721,22|58|72|88,22|36|14|16,88,3156,1534,0.027127003699,0.054254007398,pass,pass,1
821,674041,16|18|30|42,16|2|12|12,42,3242,1600,0.012789281364,0.025578562728,pass,pass,11
823,677329,4|28|42|58,4|24|14|16,58,3234,1588,0.017618469016,0.035236938032,pass,pass,13
827,683929,4|10|28|54,4|6|18|26,54,3254,1600,0.016324062878,0.032648125756,pass,pass,17
829,687241,36|48|58|66,36|12|10|8,66,3250,1592,0.019903498191,0.039806996381,pass,pass,19
839,703921,22|28|36|60,22|6|8|24,60,3296,1618,0.017878426698,0.035756853397,pass,pass,29
853,727609,4|12|24|58,4|8|12|34,58,3354,1648,0.016998827667,0.033997655334,pass,pass,13
857,734449,22|24|28|30,22|2|4|2,30,3398,1684,0.008751458576,0.017502917153,pass,pass,17
859,737881,6|16|40|46,6|10|24|6,46,3390,1672,0.01338766007,0.02677532014,pass,pass,19
863,744769,22|42|48|54,22|20|6|6,54,3398,1672,0.015643105446,0.031286210892,pass,pass,23
877,769129,18|22|30|40,18|4|8|10,40,3468,1714,0.011402508552,0.022805017104,pass,pass,7
881,776161,12|16|18|22,12|4|2|4,22,3502,1740,0.006242905789,0.012485811578,pass,pass,11
883,779689,4|10|18|42,4|6|8|24,42,3490,1724,0.011891279728,0.023782559456,pass,pass,13
887,786769,34|54|60|64,34|20|6|4,64,3484,1710,0.018038331454,0.036076662909,pass,pass,17
907,822649,18|22|24|34,18|4|2|10,34,3594,1780,0.009371554576,0.018743109151,pass,pass,7
911,829921,28|46|58|66,28|18|12|8,66,3578,1756,0.018111964874,0.036223929748,pass,pass,11
919,844561,40|42|48|58,40|2|6|10,58,3618,1780,0.015778019587,0.031556039173,pass,pass,19
929,863041,6|40|46|78,6|34|6|32,78,3638,1780,0.020990312164,0.041980624327,pass,pass,29
937,877969,28|42|52|54,28|14|10|2,54,3694,1820,0.014407684098,0.028815368196,pass,pass,7
941,885481,6|16|22|28,6|10|6|6,28,3736,1854,0.007438894793,0.014877789586,pass,pass,11
947,896809,28|58|70|88,28|30|12|18,88,3700,1806,0.0232312566,0.0464625132,pass,pass,17
953,908209,4|12|24|40,4|8|12|16,40,3772,1866,0.010493179433,0.020986358867,pass,pass,23
967,935089,4|18|24|58,4|14|6|34,58,3810,1876,0.014994829369,0.029989658738,pass,pass,7
971,942841,6|12|16|18,6|6|4|2,18,3866,1924,0.004634397528,0.009268795057,pass,pass,11
977,954529,10|42|70|90,10|32|28|20,90,3818,1864,0.023029682702,0.046059365404,pass,pass,17
983,966289,4|18|24|30,4|14|6|6,30,3902,1936,0.007629704985,0.015259409969,pass,pass,23
991,982081,6|16|18|22,6|10|2|4,22,3942,1960,0.005549949546,0.011099899092,pass,pass,1
997,994009,4|18|30|42,4|14|12|12,42,3946,1952,0.010531594784,0.021063189569,pass,pass,7
1009,1018081,10|16|28|42,10|6|12|14,42,3994,1976,0.010406342914,0.020812685828,pass,pass,19
1013,1026169,28|30|48|58,28|2|18|10,58,3994,1968,0.014313919052,0.028627838105,pass,pass,23
1019,1038361,22|30|48|60,22|8|18|12,60,4016,1978,0.014720314033,0.029440628067,pass,pass,29
1021,1042441,10|28|46|78,10|18|18|32,78,4006,1964,0.019098922625,0.03819784525,pass,pass,1
1031,1062961,16|18|28|40,16|2|10|12,40,4084,2022,0.009699321048,0.019398642095,pass,pass,11
1033,1067089,48|58|70|78,48|10|12|8,78,4054,1988,0.018877057115,0.03775411423,pass,pass,13
1039,1079521,6|10|18|48,6|4|8|30,48,4108,2030,0.011549566891,0.023099133782,pass,pass,19
1049,1100401,18|40|42|46,18|22|2|4,46,4150,2052,0.010962821735,0.02192564347,pass,pass,29
1051,1104601,12|18|58|60,12|6|40|2,60,4144,2042,0.014272121789,0.028544243578,pass,pass,1
1061,1125721,18|42|46|72,18|24|4|26,72,4172,2050,0.016965127238,0.033930254477,pass,pass,11
1063,1129969,22|42|54|70,22|20|12|16,70,4182,2056,0.016462841016,0.032925682032,pass,pass,13
1069,1142761,12|16|22|28,12|4|6|6,28,4248,2110,0.006548175865,0.013096351731,pass,pass,19
1087,1181569,4|12|42|48,4|8|30|6,48,4300,2126,0.011039558418,0.022079116835,pass,pass,7
1091,1190281,10|30|66|78,10|20|36|12,78,4286,2104,0.017873510541,0.035747021082,pass,pass,11
1093,1194649,10|18|22|30,10|8|4|8,30,4342,2156,0.006861848124,0.013723696249,pass,pass,13
1097,1203409,12|28|34|48,12|16|6|14,48,4340,2146,0.010938924339,0.021877848678,pass,pass,17
1103,1216609,10|72|84|102,10|62|12|18,102,4310,2104,0.023118766999,0.046237533998,pass,pass,23
1109,1229881,16|22|30|58,16|6|8|28,58,4378,2160,0.0130748422,0.0261496844,pass,pass,29
1117,1247689,4|10|48|70,4|6|38|22,70,4398,2164,0.015666965085,0.03133393017,pass,pass,7
1123,1261129,4|28|42|48,4|24|14|6,48,4444,2198,0.010685663402,0.021371326803,pass,pass,13
1129,1274641,30|60|78|82,30|30|18|4,82,4434,2176,0.018157661647,0.036315323295,pass,pass,19
1151,1324801,18|30|36|48,18|12|6|12,48,4556,2254,0.010425716768,0.020851433536,pass,pass,11
1153,1329409,28|30|48|70,28|2|18|22,70,4542,2236,0.015177797051,0.030355594102,pass,pass,13
1163,1352569,28|30|58|72,28|2|28|14,72,4580,2254,0.015477214101,0.030954428203,pass,pass,23
1171,1371241,18|22|60|102,18|4|38|42,102,4582,2240,0.021776259607,0.043552519214,pass,pass,1
1181,1394761,16|60|70|88,16|44|10|18,88,4636,2274,0.018628281118,0.037256562235,pass,pass,11
1187,1408969,18|22|24|30,18|4|2|6,30,4718,2344,0.006318449874,0.012636899747,pass,pass,17
1193,1423249,10|24|28|34,10|14|4|6,34,4738,2352,0.007124895222,0.014249790444,pass,pass,23
1201,1442401,10|28|36|52,10|18|8|16,52,4752,2350,0.010824313072,0.021648626145,pass,pass,1
1213,1471369,28|34|40|42,28|6|6|2,42,4810,2384,0.008656224237,0.017312448475,pass,pass,13
1217,1481089,10|24|54|64,10|14|30|10,64,4804,2370,0.013147082991,0.026294165982,pass,pass,17
1223,1495729,22|42|48|54,22|20|6|6,54,4838,2392,0.01103843009,0.02207686018,pass,pass,23
1229,1510441,28|36|48|52,28|8|12|4,52,4864,2406,0.010577705452,0.021155410903,pass,pass,29
1231,1515361,16|30|52|58,16|14|22|6,58,4866,2404,0.01177904143,0.023558082859,pass,pass,1
1237,1530169,4|28|58|60,4|24|30|2,60,4888,2414,0.01212611156,0.02425222312,pass,pass,7
1249,1560001,6|10|22|36,6|4|12|14,36,4960,2462,0.007205764612,0.014411529223,pass,pass,19
1259,1585081,12|46|66|120,12|34|20|54,120,4916,2398,0.023828435266,0.047656870532,pass,pass,29
1277,1630729,34|42|48|52,34|8|6|4,52,5056,2502,0.010180109632,0.020360219264,pass,pass,17
1279,1635841,22|48|58|72,22|26|10|14,72,5044,2486,0.014073494918,0.028146989836,pass,pass,19
1283,1646089,12|18|22|54,12|6|4|32,54,5078,2512,0.010522213562,0.021044427124,pass,pass,23
1289,1661521,28|36|46|66,28|8|10|20,66,5090,2512,0.012800620636,0.025601241272,pass,pass,29
1291,1666681,30|46|48|52,30|16|2|4,52,5112,2530,0.0100697134,0.020139426801,pass,pass,1
1297,1682209,28|40|42|48,28|12|2|6,48,5140,2546,0.009252120278,0.018504240555,pass,pass,7
1301,1692601,28|36|40|66,28|8|4|26,66,5138,2536,0.012682551883,0.025365103766,pass,pass,11
1303,1697809,18|24|58|60,18|6|34|2,60,5152,2546,0.011511895625,0.023023791251,pass,pass,13
1307,1708249,34|58|72|90,34|24|14|18,90,5138,2524,0.017214996174,0.034429992349,pass,pass,17
1319,1739761,6|30|46|60,6|24|16|14,60,5216,2578,0.011372251706,0.022744503412,pass,pass,29
1321,1745041,16|36|46|70,16|20|10|24,70,5214,2572,0.013247539743,0.026495079485,pass,pass,1
1327,1760929,18|24|30|52,18|6|6|22,52,5256,2602,0.009796533534,0.019593067069,pass,pass,7
1361,1852321,6|42|52|72,6|36|10|20,72,5372,2650,0.013225569434,0.026451138868,pass,pass,11
1367,1868689,4|12|28|30,4|8|16|2,30,5438,2704,0.005486466715,0.010972933431,pass,pass,17
1373,1885129,22|24|30|42,22|2|6|12,42,5450,2704,0.007647487254,0.015294974508,pass,pass,23
1381,1907161,28|42|48|70,28|14|6|22,70,5454,2692,0.012671976828,0.025343953657,pass,pass,1
1399,1957201,42|82|88|100,42|40|6|12,100,5496,2698,0.017869907076,0.035739814153,pass,pass,19
1409,1985281,6|12|22|36,6|6|10|14,36,5600,2782,0.006387508872,0.012775017743,pass,pass,29
1423,2024929,4|48|100|114,4|44|52|14,114,5578,2732,0.020028109628,0.040056219255,pass,pass,13
1427,2036329,10|12|28|58,10|2|16|30,58,5650,2796,0.010161177295,0.02032235459,pass,pass,17
1429,2042041,18|36|42|66,18|18|6|24,66,5650,2792,0.011546536039,0.023093072078,pass,pass,19
1433,2053489,18|28|40|64,18|10|12|24,64,5668,2802,0.011165387299,0.022330774599,pass,pass,23
1439,2070721,16|28|60|72,16|12|32|12,72,5684,2806,0.012508686588,0.025017373176,pass,pass,29
1447,2093809,4|12|18|28,4|8|6|10,28,5760,2866,0.004837595024,0.009675190048,pass,pass,7
1451,2105401,6|12|16|18,6|6|4|2,18,5786,2884,0.003101309442,0.006202618884,pass,pass,11
1453,2111209,22|42|58|94,22|20|16|36,94,5718,2812,0.016173434274,0.032346868548,pass,pass,13
1459,2128681,16|46|52|66,16|30|6|14,66,5770,2852,0.011309115833,0.022618231666,pass,pass,19
1471,2163841,10|18|28|40,10|8|10|12,40,5844,2902,0.006798096533,0.013596193066,pass,pass,1
1481,2193361,10|22|52|58,10|12|30|6,58,5866,2904,0.009790681972,0.019581363943,pass,pass,11
1483,2199289,10|22|24|72,10|12|2|48,72,5860,2894,0.012137559002,0.024275118004,pass,pass,13
1487,2211169,10|42|48|58,10|32|6|10,58,5890,2916,0.009751176866,0.019502353732,pass,pass,17
1489,2217121,22|60|78|90,22|38|18|12,90,5866,2888,0.015110812626,0.030221625252,pass,pass,19
1493,2229049,34|40|54|58,34|6|14|4,58,5914,2928,0.009711989283,0.019423978567,pass,pass,23
1499,2247001,18|28|52|66,18|10|24|14,66,5930,2932,0.011007338225,0.022014676451,pass,pass,29
1511,2283121,16|18|70|106,16|2|52|36,106,5938,2916,0.017538054269,0.035076108537,pass,pass,11
1523,2319529,4|24|64|84,4|20|40|20,84,6008,2962,0.013788575181,0.027577150361,pass,pass,23
1531,2343961,6|28|36|58,6|22|8|22,58,6066,3004,0.00947093403,0.01894186806,pass,pass,1
1543,2380849,4|28|48|58,4|24|20|10,58,6114,3028,0.00939727803,0.01879455606,pass,pass,13
1549,2399401,6|60|76|78,6|54|16|2,78,6118,3020,0.012588766946,0.025177533893,pass,pass,19
1553,2411809,12|24|28|58,12|12|4|30,58,6154,3048,0.009336767547,0.018673535093,pass,pass,23
1559,2430481,6|22|42|58,6|16|20|16,58,6178,3060,0.009300833868,0.018601667736,pass,pass,29
1567,2455489,10|18|22|24,10|8|4|2,24,6244,3110,0.003828972559,0.007657945118,pass,pass,7
1571,2468041,6|28|58|60,6|22|30|2,60,6224,3082,0.009548058561,0.019096117123,pass,pass,11
1579,2493241,18|48|60|88,18|30|12|28,88,6228,3070,0.013932868904,0.027865737809,pass,pass,19
1583,2505889,12|28|94|100,12|16|66|6,100,6232,3066,0.015792798484,0.031585596968,pass,pass,23
1597,2550409,28|58|60|70,28|30|2|10,70,6318,3124,0.010958046337,0.021916092674,pass,pass,7
1601,2563201,6|16|28|36,6|10|12|8,36,6368,3166,0.005621486571,0.011242973142,pass,pass,11
1607,2582449,42|52|94|102,42|10|42|8,102,6326,3112,0.015868077162,0.031736154325,pass,pass,17
1609,2588881,12|16|18|42,12|4|2|24,42,6394,3176,0.006525792418,0.013051584835,pass,pass,19
1613,2601769,4|18|48|52,4|14|30|4,52,6400,3174,0.008059516429,0.016119032858,pass,pass,23
1619,2621161,6|36|46|58,6|30|10|12,58,6418,3180,0.008956145769,0.017912291538,pass,pass,29
1621,2627641,16|30|48|52,16|14|18|4,52,6432,3190,0.008019740901,0.016039481801,pass,pass,1
1627,2647129,4|28|30|34,4|24|2|4,34,6474,3220,0.005224339275,0.010448678549,pass,pass,7
1637,2679769,4|42|72|78,4|38|30|6,78,6470,3196,0.011912034209,0.023824068418,pass,pass,17
1657,2745649,12|48|70|82,12|36|22|12,82,6546,3232,0.012371756186,0.024743512372,pass,pass,7
1663,2765569,10|22|28|48,10|12|6|20,48,6604,3278,0.007215874925,0.01443174985,pass,pass,13
1667,2778889,12|18|22|24,12|6|4|2,24,6644,3310,0.003599280144,0.007198560288,pass,pass,17
1669,2785561,16|18|28|30,16|2|10|2,30,6646,3308,0.004493708808,0.008987417615,pass,pass,19
1693,2866249,12|18|22|28,12|6|4|6,28,6744,3358,0.00413467218,0.008269344359,pass,pass,13
1697,2879809,10|28|34|48,10|18|6|14,48,6740,3346,0.007071302298,0.014142604596,pass,pass,17
1699,2886601,6|18|42|48,6|12|24|6,48,6748,3350,0.007062978222,0.014125956445,pass,pass,19
1709,2920681,10|12|58|70,10|2|46|12,70,6766,3348,0.010239906378,0.020479812756,pass,pass,29
1721,2961841,10|22|36|58,10|12|14|22,58,6826,3384,0.008425334108,0.016850668216,pass,pass,11
1723,2968729,4|18|24|52,4|14|6|28,52,6840,3394,0.007544979687,0.015089959373,pass,pass,13
1733,3003289,18|34|42|48,18|16|8|6,48,6884,3418,0.00692440854,0.01384881708,pass,pass,23
1741,3031081,22|40|48|60,22|18|8|12,60,6904,3422,0.008615738082,0.017231476163,pass,pass,1
1747,3052009,24|28|60|64,24|4|32|4,64,6924,3430,0.009158557527,0.018317115054,pass,pass,7
1753,3073009,4|18|24|42,4|14|6|18,42,6970,3464,0.005989731888,0.011979463776,pass,pass,13
1759,3094081,18|30|42|48,18|12|12|6,48,6988,3470,0.006822057987,0.013644115975,pass,pass,19
1777,3157729,22|42|54|78,22|20|12|24,78,7030,3476,0.010973550929,0.021947101857,pass,pass,7
1783,3179089,18|28|58|84,18|10|30|26,84,7048,3482,0.011777902412,0.023555804823,pass,pass,13
1787,3193369,12|28|54|60,12|16|26|6,60,7088,3514,0.008393956351,0.016787912703,pass,pass,17
1789,3200521,22|30|36|58,22|8|6|22,58,7098,3520,0.008105086641,0.016210173281,pass,pass,19
1801,3243601,12|28|36|48,12|16|8|12,48,7156,3554,0.006662965019,0.013325930039,pass,pass,1
1811,3279721,16|22|42|46,16|6|20|4,46,7198,3576,0.006350082827,0.012700165654,pass,pass,11
1823,3323329,70|118|144|168,70|48|26|24,168,7124,3478,0.023038946791,0.046077893582,pass,pass,23
1831,3352561,10|66|72|78,10|56|6|6,78,7246,3584,0.010649918078,0.021299836155,pass,pass,1
1847,3411409,24|52|84|94,24|28|32|10,94,7294,3600,0.012723335138,0.025446670276,pass,pass,17
1861,3463321,12|36|46|60,12|24|10|14,60,7384,3662,0.008060182697,0.016120365395,pass,pass,1
1867,3485689,12|48|54|64,12|36|6|10,64,7404,3670,0.008569898232,0.017139796465,pass,pass,7
1871,3500641,30|46|48|58,30|16|2|10,58,7426,3684,0.007749866382,0.015499732763,pass,pass,11
1873,3508129,10|18|34|60,10|8|16|26,60,7432,3686,0.008008542445,0.016017084891,pass,pass,13
1877,3523129,12|18|24|30,12|6|6|6,30,7478,3724,0.00399573788,0.007991475759,pass,pass,17
1879,3530641,6|28|30|36,6|22|2|6,36,7480,3722,0.004789781799,0.009579563598,pass,pass,19
1889,3568321,16|40|78|82,16|24|38|4,82,7474,3696,0.010852302806,0.021704605611,pass,pass,29
1901,3613801,6|10|36|46,6|4|26|10,46,7558,3756,0.006049447659,0.012098895318,pass,pass,11
1907,3636649,18|34|60|108,18|16|26|48,108,7520,3706,0.014158363922,0.028316727845,pass,pass,17
1913,3659569,18|42|58|60,18|24|16|2,60,7592,3766,0.007841087297,0.015682174595,pass,pass,23
1931,3728761,18|28|60|100,18|10|32|40,100,7624,3762,0.012946659762,0.025893319524,pass,pass,11
1933,3736489,12|18|52|54,12|6|34|2,54,7678,3812,0.006983962752,0.013967925504,pass,pass,13
1949,3798601,28|30|36|42,28|2|6|6,42,7754,3856,0.005387378143,0.010774756285,pass,pass,29
1951,3806401,22|36|46|100,22|14|10|54,100,7704,3802,0.012813941568,0.025627883137,pass,pass,1
1973,3892729,12|22|24|60,12|10|2|36,60,7832,3886,0.00760263558,0.015205271161,pass,pass,23
1979,3916441,12|18|28|40,12|6|10|12,40,7876,3918,0.0050530571,0.010106114199,pass,pass,29
1987,3948169,4|10|18|54,4|6|8|36,54,7894,3920,0.006794162053,0.013588324107,pass,pass,7
1993,3972049,22|42|54|58,22|20|12|4,58,7914,3928,0.007275464124,0.014550928249,pass,pass,13
1997,3988009,12|18|60|64,12|6|42|4,64,7924,3930,0.008012018027,0.016024036054,pass,pass,17
1999,3996001,6|16|58|66,6|10|42|8,66,7930,3932,0.008254127064,0.016508254127,pass,pass,19
2003,4012009,4|24|28|58,4|20|4|30,58,7954,3948,0.007239141288,0.014478282576,pass,pass,23
2011,4044121,58|96|102|120,58|38|6|18,120,7924,3902,0.014917951268,0.029835902536,pass,pass,1
2017,4068289,12|24|30|40,12|12|6|10,40,8028,3994,0.004957858205,0.009915716411,pass,pass,7
2027,4108729,28|34|72|108,28|6|38|36,108,8000,3946,0.013320177602,0.026640355205,pass,pass,17
2029,4116841,16|46|58|70,16|30|12|12,70,8046,3988,0.008624938393,0.017249876787,pass,pass,19
2039,4157521,42|70|82|90,42|28|12|8,90,8066,3988,0.011034820991,0.022069641981,pass,pass,29
2053,4214809,42|58|70|82,42|16|12|12,82,8130,4024,0.009985387238,0.019970774476,pass,pass,13
2063,4255969,18|28|34|40,18|10|6|6,40,8212,4086,0.004847309743,0.009694619486,pass,pass,23
2069,4280761,6|66|112|118,6|60|46|6,118,8158,4020,0.014258095698,0.028516191397,pass,pass,29
2081,4330561,6|22|28|42,6|16|6|14,42,8282,4120,0.005045651129,0.010091302259,pass,pass,11
2083,4338889,24|34|48|60,24|10|14|12,60,8272,4106,0.007201152184,0.014402304369,pass,pass,13
2087,4355569,4|12|54|70,4|8|42|16,70,8278,4104,0.008385241974,0.016770483948,pass,pass,17
2089,4363921,6|22|48|52,6|16|26|4,52,8304,4126,0.006223073241,0.012446146482,pass,pass,19
2099,4405801,28|30|66|70,28|2|36|4,70,8326,4128,0.008337303478,0.016674606956,pass,pass,29
2111,4456321,6|18|28|36,6|12|10|8,36,8408,4186,0.004263382283,0.008526764567,pass,pass,11
2113,4464769,12|24|30|52,12|12|6|22,52,8400,4174,0.006152389967,0.012304779934,pass,pass,13
2129,4532641,12|16|22|28,12|4|6|6,28,8488,4230,0.003287928605,0.00657585721,pass,pass,29
2131,4541161,22|30|42|58,22|8|12|16,58,8466,4204,0.006804317222,0.013608634444,pass,pass,1
2137,4566769,12|28|34|54,12|16|6|20,54,8494,4220,0.006317267197,0.012634534394,pass,pass,7
2141,4583881,18|22|30|52,18|4|8|22,52,8512,4230,0.006071929005,0.01214385801,pass,pass,11
2143,4592449,4|70|72|82,4|66|2|10,82,8490,4204,0.009566028931,0.019132057863,pass,pass,13
2153,4635409,28|30|48|64,28|2|18|16,64,8548,4242,0.007431490943,0.014862981886,pass,pass,23
2161,4669921,28|40|42|58,28|12|2|16,58,8586,4264,0.006709856548,0.013419713096,pass,pass,1
2179,4748041,6|22|30|36,6|16|8|6,36,8680,4322,0.004130335016,0.008260670032,pass,pass,19
2203,4853209,34|40|64|78,34|6|24|14,78,8734,4328,0.008851566046,0.017703132093,pass,pass,13
2207,4870849,12|18|58|70,12|6|40|12,70,8758,4344,0.007929315813,0.015858631627,pass,pass,17
2213,4897369,10|12|22|28,10|2|10|6,28,8824,4398,0.003163126977,0.006326253954,pass,pass,23
2221,4932841,12|18|40|42,12|6|22|2,42,8842,4400,0.00472760018,0.00945520036,pass,pass,1
2237,5004169,24|48|52|58,24|24|4|6,58,8890,4416,0.006481895396,0.012963790791,pass,pass,17
2239,5013121,12|16|18|58,12|4|2|40,58,8898,4420,0.006476105404,0.012952210808,pass,pass,19
2243,5031049,22|52|72|78,22|30|20|6,78,8894,4408,0.008693713776,0.017387427552,pass,pass,23
2251,5067001,46|78|88|108,46|32|10|20,108,8896,4394,0.011994669036,0.023989338072,pass,pass,1
2267,5139289,12|30|52|58,12|18|22|6,58,9010,4476,0.006396118218,0.012792236436,pass,pass,17
2269,5148361,10|18|102|136,10|8|84|34,136,8940,4402,0.014984574703,0.029969149405,pass,pass,19
2273,5166529,12|34|90|102,12|22|56|12,102,8990,4444,0.011218653762,0.022437307523,pass,pass,23
2281,5202961,10|12|40|78,10|2|28|38,78,9046,4484,0.008548882069,0.017097764139,pass,pass,1
2287,5230369,18|28|30|34,18|10|2|4,34,9114,4540,0.003716659379,0.007433318758,pass,pass,7
2293,5257849,28|34|58|84,28|6|24|26,84,9088,4502,0.009158307894,0.018316615787,pass,pass,13
2297,5276209,24|52|54|70,24|28|2|16,70,9118,4524,0.007618633,0.015237265999,pass,pass,17
2309,5331481,12|18|30|60,12|6|12|30,60,9176,4558,0.006496318753,0.012992637505,pass,pass,29
2311,5340721,22|28|42|60,22|6|14|18,60,9184,4562,0.006490696668,0.012981393336,pass,pass,1
2333,5442889,4|12|28|48,4|8|16|20,48,9284,4618,0.005143591942,0.010287183883,pass,pass,23
2339,5470921,22|30|40|42,22|8|10|2,42,9314,4636,0.004489097905,0.00897819581,pass,pass,29
2341,5480281,6|10|16|30,6|4|6|14,30,9334,4652,0.003203759077,0.006407518155,pass,pass,1
2347,5508409,60|88|102|142,60|28|14|40,142,9246,4552,0.015125692373,0.030251384746,pass,pass,7
2351,5527201,12|36|40|42,12|24|4|2,42,9362,4660,0.004466184602,0.008932369205,pass,pass,11
2357,5555449,12|42|48|58,12|30|6|10,58,9370,4656,0.006151887993,0.012303775986,pass,pass,17
2371,5621641,12|46|90|112,12|34|44|22,112,9372,4630,0.011809363138,0.023618726276,pass,pass,1
2377,5650129,4|58|60|64,4|54|2|4,64,9444,4690,0.006731173748,0.013462347497,pass,pass,7
2381,5669161,28|42|46|60,28|14|4|14,60,9464,4702,0.006299874003,0.012599748005,pass,pass,11
2383,5678689,24|48|78|84,24|24|30|6,84,9448,4682,0.008812421318,0.017624842635,pass,pass,13
2389,5707321,36|76|78|126,36|40|2|48,126,9430,4652,0.013185433236,0.026370866471,pass,pass,19
2393,5726449,10|28|58|70,10|18|30|12,70,9502,4716,0.007312996239,0.014625992478,pass,pass,23
2399,5755201,6|18|36|60,6|12|18|24,60,9536,4738,0.006252605252,0.012505210504,pass,pass,29
2411,5812921,6|10|22|36,6|4|12|14,36,9608,4786,0.003732890917,0.007465781833,pass,pass,11
2417,5841889,18|72|100|102,18|54|28|2,102,9566,4732,0.010550268928,0.021100537857,pass,pass,17
2423,5870929,10|30|58|64,10|20|28|6,64,9628,4782,0.006603384234,0.013206768469,pass,pass,23
2437,5938969,24|40|54|64,24|16|14|10,64,9684,4810,0.006565449323,0.013130898646,pass,pass,7
2441,5958481,18|22|40|46,18|4|18|6,46,9718,4836,0.004711183941,0.009422367882,pass,pass,11
2447,5987809,10|64|88|90,10|54|24|2,90,9698,4804,0.00919493257,0.018389865141,pass,pass,17
2459,6046681,16|28|46|70,16|12|18|24,70,9766,4848,0.007116714111,0.014233428223,pass,pass,29
2467,6086089,28|34|42|58,28|6|8|16,58,9810,4876,0.00587758411,0.011755168221,pass,pass,7
2473,6115729,12|54|58|78,12|42|4|20,78,9814,4868,0.007885159725,0.01577031945,pass,pass,13
2477,6135529,4|10|24|52,4|6|14|28,52,9856,4902,0.005248284215,0.01049656843,pass,pass,17
2503,6265009,10|58|84|88,10|48|26|4,88,9924,4918,0.008789452657,0.017578905314,pass,pass,13
2521,6355441,16|36|46|52,16|20|10|6,52,10032,4990,0.005156683856,0.010313367711,pass,pass,1
2531,6405961,18|28|90|106,18|10|62|16,106,10018,4956,0.010470169893,0.020940339787,pass,pass,11
2539,6446521,12|48|70|72,12|36|22|2,72,10084,5006,0.007089405278,0.014178810555,pass,pass,19
2543,6466849,4|34|72|88,4|30|38|16,88,10084,4998,0.008651199371,0.017302398742,pass,pass,23
2549,6497401,40|52|60|70,40|12|8|10,70,10126,5028,0.006865437426,0.013730874853,pass,pass,29
2551,6507601,18|22|48|60,18|4|26|12,60,10144,5042,0.00588004704,0.011760094081,pass,pass,1
2557,6538249,18|40|48|60,18|22|8|12,60,10168,5054,0.005866249511,0.011732499022,pass,pass,7
2579,6651241,10|36|76|78,10|26|40|2,78,10238,5080,0.007561070182,0.015122140364,pass,pass,29
2591,6713281,40|42|82|102,40|2|40|20,102,10262,5080,0.009841759938,0.019683519876,pass,pass,11
2593,6723649,18|48|60|70,18|30|12|10,70,10302,5116,0.006748939452,0.013497878905,pass,pass,13
2609,6806881,12|16|22|42,12|4|6|20,42,10394,5176,0.004024530471,0.008049060943,pass,pass,29
2617,6848689,12|18|22|28,12|6|4|6,28,10440,5206,0.002674818494,0.005349636989,pass,pass,7
2621,6869641,6|30|36|48,6|24|6|12,48,10436,5194,0.004578405189,0.009156810378,pass,pass,11
2633,6932689,4|18|54|60,4|14|36|6,60,10472,5206,0.005696923661,0.011393847322,pass,pass,23
2647,7006609,12|18|24|30,12|6|6|6,30,10558,5264,0.002833396298,0.005666792595,pass,pass,7
2657,7059649,34|42|58|70,34|8|16|12,70,10558,5244,0.006586375612,0.013172751223,pass,pass,17
2659,7070281,10|30|52|60,10|20|22|8,60,10576,5258,0.005641218503,0.011282437006,pass,pass,19
2663,7091569,18|30|52|58,18|12|22|6,58,10594,5268,0.005444986857,0.010889973714,pass,pass,23
2671,7134241,10|22|66|70,10|12|44|4,70,10614,5272,0.006551853238,0.013103706477,pass,pass,1
2677,7166329,10|24|42|48,10|14|18|6,48,10660,5306,0.004482629809,0.008965259619,pass,pass,7
2683,7198489,34|48|64|72,34|14|16|8,72,10660,5294,0.006708907939,0.013417815878,pass,pass,13
2687,7219969,4|28|58|64,4|24|30|6,64,10684,5310,0.005954596204,0.011909192408,pass,pass,17
2689,7230721,10|28|40|46,10|18|12|6,46,10710,5332,0.004276682782,0.008553365563,pass,pass,19
2693,7252249,4|54|78|114,4|50|24|36,114,10658,5272,0.010582992945,0.021165985889,pass,pass,23
2699,7284601,16|22|30|46,16|6|8|16,46,10750,5352,0.004260837347,0.008521674694,pass,pass,29
2707,7327849,12|22|28|48,12|10|6|20,48,10780,5366,0.004432951607,0.008865903214,pass,pass,7
2711,7349521,6|12|18|88,6|6|6|70,88,10756,5334,0.008115086684,0.016230173368,pass,pass,11
2713,7360369,42|90|100|102,42|48|10|2,102,10750,5324,0.00939918909,0.018798378179,pass,pass,13
2719,7392961,6|30|42|52,6|24|12|10,52,10824,5386,0.004781169548,0.009562339095,pass,pass,19
2729,7447441,18|42|52|58,18|24|10|6,58,10858,5400,0.005313301576,0.010626603151,pass,pass,29
2731,7458361,18|28|42|58,18|10|14|16,58,10866,5404,0.005309410472,0.010618820945,pass,pass,1
2741,7513081,42|58|60|66,42|16|2|6,66,10898,5416,0.006019700839,0.012039401678,pass,pass,11
2749,7557001,18|28|30|46,18|10|2|16,46,10950,5452,0.004183339396,0.008366678792,pass,pass,19
2753,7579009,18|60|64|78,18|42|4|14,78,10934,5428,0.007083181983,0.014166363967,pass,pass,23
2767,7656289,12|34|42|90,12|22|8|48,90,10978,5444,0.008131550416,0.016263100831,pass,pass,7
2777,7711729,4|12|18|22,4|8|6|4,22,11086,5532,0.001980554555,0.003961109111,pass,pass,17
2789,7778521,18|28|36|70,18|10|8|34,70,11086,5508,0.006274650412,0.012549300825,pass,pass,29
2791,7789681,6|22|48|58,6|16|26|10,58,11106,5524,0.005195270512,0.010390541025,pass,pass,1
2797,7823209,10|18|28|30,10|8|10|2,30,11158,5564,0.002681444405,0.005362888809,pass,pass,7
2801,7845601,10|22|40|46,10|12|18|6,46,11158,5556,0.004105676544,0.008211353088,pass,pass,11
2803,7856809,10|34|42|58,10|24|8|16,58,11154,5548,0.005173028898,0.010346057795,pass,pass,13
2819,7946761,16|30|40|60,16|14|10|20,60,11216,5578,0.005321035828,0.010642071657,pass,pass,29
2833,8025889,4|28|78|84,4|24|50|6,84,11248,5582,0.007412636781,0.014825273562,pass,pass,13
2837,8048569,12|58|60|70,12|46|2|10,70,11278,5604,0.006168487839,0.012336975679,pass,pass,17
2843,8082649,4|42|100|102,4|38|58|2,102,11270,5584,0.008969398523,0.017938797045,pass,pass,23
2851,8128201,12|16|42|48,12|4|26|6,48,11356,5654,0.004209049456,0.008418098913,pass,pass,1
2857,8162449,18|40|42|52,18|22|2|10,52,11376,5662,0.004550227511,0.009100455023,pass,pass,7
2861,8185321,48|70|82|100,48|22|12|18,100,11344,5622,0.008738203425,0.017476406851,pass,pass,11
2879,8288641,6|12|28|40,6|6|16|12,40,11476,5718,0.003473428274,0.006946856547,pass,pass,29
2887,8334769,4|10|22|60,4|6|12|38,60,11488,5714,0.005195704884,0.010391409768,pass,pass,7
2897,8392609,10|24|30|42,10|14|6|12,42,11546,5752,0.003624439075,0.00724887815,pass,pass,17
2903,8427409,4|28|30|40,4|24|2|10,40,11572,5766,0.003444712367,0.006889424733,pass,pass,23
2909,8462281,10|42|48|58,10|32|6|10,58,11578,5760,0.004984530767,0.009969061533,pass,pass,29
2917,8508889,4|28|34|42,4|24|6|8,42,11626,5792,0.003599588618,0.007199177237,pass,pass,7
2927,8567329,12|70|82|88,12|58|12|6,88,11620,5766,0.00751622822,0.01503245644,pass,pass,17
2939,8637721,28|58|66|70,28|30|8|4,70,11686,5808,0.005954406261,0.011908812521,pass,pass,29
2953,8720209,18|24|72|102,18|6|48|30,102,11710,5804,0.00863528615,0.017270572299,pass,pass,13
2957,8743849,4|30|34|52,4|26|4|18,52,11776,5862,0.00439634765,0.008792695299,pass,pass,17
2963,8779369,22|34|40|82,22|12|6|42,82,11770,5844,0.006918663517,0.013837327033,pass,pass,23
2969,8814961,22|46|60|102,22|24|14|42,102,11774,5836,0.008588750421,0.017177500842,pass,pass,29
2971,8826841,22|36|48|58,22|14|12|10,58,11826,5884,0.004880511612,0.009761023225,pass,pass,1
2999,8994001,16|52|76|90,16|36|24|14,90,11906,5908,0.007502500834,0.015005001667,pass,pass,29
3001,9006001,12|30|42|60,12|18|12|18,60,11944,5942,0.004998333889,0.009996667777,pass,pass,1
3011,9066121,10|12|18|22,10|2|6|4,22,12022,6000,0.001826635669,0.003653271338,pass,pass,11
3019,9114361,16|22|60|88,16|6|38|28,88,11988,5950,0.007287181186,0.014574362372,pass,pass,19
3023,9138529,4|12|24|58,4|8|12|34,58,12034,5988,0.004796559709,0.009593119418,pass,pass,23
3037,9223369,4|18|24|58,4|14|6|34,58,12090,6016,0.004774448469,0.009548896938,pass,pass,7
3041,9247681,6|10|46|58,6|4|36|12,58,12106,6024,0.004768168366,0.009536336731,pass,pass,11
3049,9296401,6|30|36|88,6|24|6|52,88,12108,6010,0.007215480485,0.014430960971,pass,pass,19
3061,9369721,6|12|18|30,6|6|6|12,30,12214,6092,0.00245017968,0.00490035936,pass,pass,1
3067,9406489,22|24|52|60,22|2|28|8,60,12208,6074,0.004890772742,0.009781545484,pass,pass,7
3079,9480241,16|36|40|42,16|20|4|2,42,12274,6116,0.003410198116,0.006820396233,pass,pass,19
3083,9504889,10|30|42|58,10|20|12|16,58,12274,6108,0.004703211158,0.009406422316,pass,pass,23
3089,9541921,6|16|28|30,6|10|12|2,30,12326,6148,0.002427970217,0.004855940434,pass,pass,29
3109,9665881,10|42|52|58,10|32|10|6,58,12378,6160,0.004663879061,0.009327758122,pass,pass,19
3119,9728161,6|16|36|70,6|10|20|34,70,12406,6168,0.005610772684,0.011221545367,pass,pass,29
3121,9740641,10|18|28|42,10|8|10|14,42,12442,6200,0.003364306312,0.006728612624,pass,pass,1
3137,9840769,12|42|64|70,12|30|22|6,70,12478,6204,0.005578578259,0.011157156519,pass,pass,17
3163,10004569,4|28|42|58,4|24|14|16,58,12594,6268,0.004584255454,0.009168510907,pass,pass,13
3167,10029889,24|28|42|70,24|4|14|28,70,12598,6264,0.005525734133,0.011051468266,pass,pass,17
3169,10042561,18|40|48|58,18|22|8|10,58,12618,6280,0.004575575891,0.009151151783,pass,pass,19
3181,10118761,70|76|78|118,70|6|2|40,118,12606,6244,0.009273813266,0.018547626533,pass,pass,1
3187,10156969,54|64|82|102,54|10|18|20,102,12646,6272,0.008001255099,0.016002510198,pass,pass,7
3191,10182481,12|40|52|82,12|28|12|30,82,12682,6300,0.006424318395,0.012848636791,pass,pass,11
3203,10259209,28|42|48|60,28|14|6|12,60,12752,6346,0.004683109585,0.00936621917,pass,pass,23
3209,10297681,6|30|58|70,6|24|28|12,70,12766,6348,0.005453412278,0.010906824556,pass,pass,29
3217,10349089,24|34|64|88,24|10|30|24,88,12780,6346,0.006838669568,0.013677339136,pass,pass,7
3221,10374841,12|36|58|60,12|24|22|2,60,12824,6382,0.004656938839,0.009313877678,pass,pass,11
3229,10426441,22|46|60|72,22|24|14|12,72,12844,6386,0.005574481264,0.011148962527,pass,pass,19
3251,10569001,6|106|150|178,6|100|44|28,178,12826,6324,0.01368809597,0.027376191941,pass,pass,11
3253,10582009,34|42|70|72,34|8|28|2,72,12940,6434,0.005533353827,0.011066707654,pass,pass,13
3257,10608049,30|78|84|90,30|48|6|6,90,12938,6424,0.006908197728,0.013816395456,pass,pass,17
3259,10621081,16|42|58|72,16|26|16|14,72,12964,6446,0.005523166616,0.011046333231,pass,pass,19
3271,10699441,18|30|60|76,18|12|30|16,76,13008,6466,0.005808621217,0.011617242434,pass,pass,1
3299,10883401,18|40|58|72,18|22|18|14,72,13124,6526,0.005456198848,0.010912397696,pass,pass,29
3301,10896601,6|16|18|46,6|10|2|28,46,13158,6556,0.00348379279,0.00696758558,pass,pass,1
3307,10936249,10|22|30|34,10|12|8|4,34,13194,6580,0.002570305413,0.005140610826,pass,pass,7
3313,10975969,12|28|42|72,12|16|14|30,72,13180,6554,0.005433142167,0.010866284334,pass,pass,13
3319,11015761,16|72|96|126,16|56|24|30,126,13150,6512,0.009490810485,0.01898162097,pass,pass,19
3323,11042329,18|60|64|70,18|42|4|6,70,13222,6576,0.005266325609,0.010532651219,pass,pass,23
3329,11082241,16|48|52|66,16|32|4|14,66,13250,6592,0.004956443376,0.009912886753,pass,pass,29
3331,11095561,10|46|60|66,10|36|14|6,66,13258,6596,0.004953467427,0.009906934854,pass,pass,1
3343,11175649,4|24|30|34,4|20|6|4,34,13338,6652,0.002542626383,0.005085252767,pass,pass,13
3347,11202409,22|70|82|84,22|48|12|2,84,13304,6610,0.006274275471,0.012548550941,pass,pass,17
3359,11282881,12|42|52|108,12|30|10|56,108,13328,6610,0.008038106579,0.016076213159,pass,pass,29
3361,11296321,10|12|58|66,10|2|46|8,66,13378,6656,0.004909253198,0.009818506397,pass,pass,1
3371,11363641,22|46|48|76,22|24|2|28,76,13408,6666,0.0056363097,0.011272619401,pass,pass,11
3373,11377129,22|54|60|100,22|32|6|40,100,13392,6646,0.007411799585,0.01482359917,pass,pass,13
3389,11485321,18|30|58|60,18|12|28|2,60,13496,6718,0.004426084391,0.008852168781,pass,pass,29
3391,11498881,28|30|58|76,28|2|28|18,76,13488,6706,0.005603066942,0.011206133884,pass,pass,1
3407,11607649,4|30|42|54,4|26|12|12,54,13574,6760,0.003962430291,0.007924860581,pass,pass,17
3413,11648569,28|72|144|148,28|44|72|4,148,13504,6678,0.010840902432,0.021681804864,pass,pass,23
3433,11785489,4|18|28|34,4|14|10|6,34,13698,6832,0.002475968541,0.004951937081,pass,pass,13
3449,11895601,6|12|18|46,6|6|6|28,46,13750,6852,0.003334299797,0.006668599594,pass,pass,29
3457,11950849,4|28|52|58,4|24|24|6,58,13770,6856,0.004194388198,0.008388776396,pass,pass,7
3461,11978521,18|46|52|58,18|28|6|6,58,13786,6864,0.004189540595,0.00837908119,pass,pass,11
3463,11992369,4|42|54|64,4|38|12|10,64,13788,6862,0.004620271441,0.009240542882,pass,pass,13
3467,12020089,30|42|48|72,30|12|6|24,72,13796,6862,0.00519180848,0.01038361696,pass,pass,17
3469,12033961,10|36|52|90,10|26|16|38,90,13786,6848,0.006486019026,0.012972038051,pass,pass,19
3491,12187081,36|40|102|118,36|4|62|16,118,13846,6864,0.008450300773,0.016900601547,pass,pass,11
3499,12243001,18|28|70|78,18|10|42|8,78,13918,6920,0.005573020863,0.011146041726,pass,pass,19
3511,12327121,6|10|36|46,6|4|26|10,46,13998,6976,0.003275420108,0.006550840216,pass,pass,1
3517,12369289,28|58|60|78,28|30|2|18,78,13990,6956,0.005544498152,0.011088996304,pass,pass,7
3527,12439729,22|54|100|108,22|32|46|8,108,14000,6946,0.007655231075,0.015310462149,pass,pass,17
3529,12453841,10|22|28|58,10|12|6|30,58,14058,7000,0.004108812695,0.00821762539,pass,pass,19
3533,12482089,22|48|60|90,22|26|12|30,90,14042,6976,0.006368525333,0.012737050665,pass,pass,23
3539,12524521,18|48|66|72,18|30|18|6,72,14084,7006,0.005086182537,0.010172365075,pass,pass,29
3541,12538681,42|72|82|130,42|30|10|48,130,14034,6952,0.009178198249,0.018356396498,pass,pass,1
3547,12581209,18|28|34|54,18|10|6|20,54,14134,7040,0.003806033268,0.007612066535,pass,pass,7
3557,12652249,4|30|54|58,4|26|24|4,58,14170,7056,0.004076468934,0.008152937869,pass,pass,17
3559,12666481,22|36|48|58,22|14|12|10,58,14178,7060,0.00407417814,0.00814835628,pass,pass,19
3571,12752041,12|22|30|96,12|10|8|66,96,14188,7046,0.006720806497,0.013441612994,pass,pass,1
3581,12823561,46|48|58|72,46|2|10|14,72,14252,7090,0.005026528903,0.010053057805,pass,pass,11
3583,12837889,4|28|42|58,4|24|14|16,58,14274,7108,0.004046888083,0.008093776165,pass,pass,13
3593,12909649,4|18|30|48,4|14|12|18,48,14324,7138,0.003339827442,0.006679654884,pass,pass,23
3607,13010449,28|112|114|160,28|84|2|46,160,14268,7054,0.011089548101,0.022179096202,pass,pass,7
3613,13053769,22|28|60|84,22|6|32|24,84,14368,7142,0.005812344312,0.011624688624,pass,pass,13
3617,13082689,22|48|60|64,22|26|12|4,64,14404,7170,0.004423555433,0.008847110865,pass,pass,17
3623,13126129,18|48|52|60,18|30|4|8,60,14432,7186,0.004140215291,0.008280430582,pass,pass,23
3631,13184161,16|28|30|40,16|12|2|10,40,14484,7222,0.002754062242,0.005508124484,pass,pass,1
3637,13227769,42|58|78|112,42|16|20|34,112,14436,7162,0.007698652736,0.015397305472,pass,pass,7
3643,13271449,10|22|42|48,10|12|20|6,48,14524,7238,0.003293988471,0.006587976942,pass,pass,13
3659,13388281,40|46|48|76,40|6|2|28,76,14560,7242,0.005192675594,0.010385351189,pass,pass,29
3671,13476241,6|28|36|42,6|22|8|6,42,14642,7300,0.002860256061,0.005720512122,pass,pass,11
3673,13490929,18|30|58|64,18|12|28|6,64,14628,7282,0.00435611217,0.00871222434,pass,pass,13
3677,13520329,4|34|54|58,4|30|20|4,58,14650,7296,0.003943432146,0.007886864292,pass,pass,17
3691,13623481,22|28|42|60,22|6|14|18,60,14704,7322,0.004063939312,0.008127878624,pass,pass,1
3697,13667809,18|52|82|112,18|34|30|30,112,14676,7282,0.007573708412,0.015147416824,pass,pass,7
3701,13697401,28|70|72|102,28|42|2|30,102,14702,7300,0.006890029722,0.013780059443,pass,pass,11
3709,13756681,16|28|58|72,16|12|30|14,72,14764,7346,0.004853060124,0.009706120248,pass,pass,19
3719,13830961,22|28|36|48,22|6|8|12,48,14828,7390,0.003226673837,0.006453347674,pass,pass,29
3727,13890529,24|34|42|58,24|10|8|16,58,14850,7396,0.003890528575,0.007781057151,pass,pass,7
3733,13935289,4|30|60|102,4|26|30|42,102,14830,7364,0.006830967051,0.013661934101,pass,pass,13
3739,13980121,28|30|46|58,28|2|16|12,58,14898,7420,0.003878042257,0.007756084515,pass,pass,19
3761,14145121,60|72|96|112,60|12|24|16,112,14932,7410,0.007444828503,0.014889657006,pass,pass,11
3767,14190289,10|22|28|58,10|12|6|30,58,15010,7476,0.003849216883,0.007698433767,pass,pass,17
3769,14205361,16|36|42|52,16|20|6|10,52,15024,7486,0.003449190767,0.006898381534,pass,pass,19
3779,14280841,42|70|102|120,42|28|32|18,120,14996,7438,0.007938608097,0.015877216195,pass,pass,29
3793,14386849,24|28|52|60,24|4|24|8,60,15112,7526,0.003954653309,0.007909306617,pass,pass,13
3797,14417209,4|22|30|34,4|18|8|4,34,15154,7560,0.002238609428,0.004477218857,pass,pass,17
3803,14462809,4|22|40|54,4|18|18|14,54,15158,7552,0.003549829082,0.007099658165,pass,pass,23
3821,14600041,10|36|42|46,10|26|6|4,46,15238,7596,0.003009683329,0.006019366658,pass,pass,11
3823,14615329,18|40|54|72,18|22|14|18,72,15220,7574,0.004708344232,0.009416688465,pass,pass,13
3833,14691889,42|58|60|78,42|16|2|18,78,15254,7588,0.005087398904,0.010174797809,pass,pass,23
3847,14799409,42|48|70|78,42|6|22|8,78,15310,7616,0.005068884845,0.010137769691,pass,pass,7
3851,14830201,18|42|60|70,18|24|18|10,70,15334,7632,0.004544274214,0.009088548429,pass,pass,11
3853,14845609,4|18|48|52,4|14|30|4,52,15360,7654,0.00337399429,0.00674798858,pass,pass,13
3863,14922769,4|10|12|24,4|6|2|12,24,15428,7702,0.001553196997,0.003106393994,pass,pass,23
3877,15031129,22|24|28|102,22|2|4|74,102,15406,7652,0.006577250451,0.013154500903,pass,pass,7
3881,15062161,6|22|36|52,6|16|14|16,52,15472,7710,0.003349652152,0.006699304303,pass,pass,11
3889,15124321,6|10|60|70,6|4|50|10,70,15486,7708,0.004499871432,0.008999742864,pass,pass,19
3907,15264649,10|24|64|72,10|14|40|8,72,15556,7742,0.004607115434,0.009214230868,pass,pass,7
3911,15295921,18|28|36|40,18|10|8|4,40,15604,7782,0.002556890821,0.005113781642,pass,pass,11
3917,15342889,4|18|30|42,4|14|12|12,42,15626,7792,0.002680622926,0.005361245851,pass,pass,17
3919,15358561,30|40|82|96,30|10|42|14,96,15580,7742,0.006124011227,0.012248022455,pass,pass,19
3923,15389929,10|24|34|48,10|14|10|14,48,15644,7798,0.003058883508,0.006117767015,pass,pass,23
3929,15437041,12|42|58|70,12|30|16|12,70,15646,7788,0.004454059557,0.008908119114,pass,pass,29
3931,15452761,10|22|36|46,10|12|14|10,46,15678,7816,0.002925464258,0.005850928517,pass,pass,1
3943,15547249,12|42|48|54,12|30|6|6,54,15718,7832,0.003423788993,0.006847577986,pass,pass,13
3947,15578809,10|22|28|52,10|12|6|24,52,15736,7842,0.00329364074,0.00658728148,pass,pass,17
3967,15737089,12|18|58|88,12|6|40|30,88,15780,7846,0.005545752458,0.011091504916,pass,pass,7
3989,15912121,10|30|46|52,10|20|16|6,52,15904,7926,0.003258962146,0.006517924292,pass,pass,29
4001,16008001,10|18|36|48,10|8|18|12,48,15956,7954,0.002999250187,0.005998500375,pass,pass,11
4003,16024009,18|58|84|88,18|40|26|4,88,15924,7918,0.005495878091,0.010991756183,pass,pass,13
4007,16056049,18|48|88|100,18|30|40|12,100,15928,7914,0.006239081607,0.012478163214,pass,pass,17
4013,16104169,28|30|70|90,28|2|40|20,90,15962,7936,0.005606777972,0.011213555943,pass,pass,23
4019,16152361,18|42|60|120,18|24|18|60,120,15956,7918,0.007464543419,0.014929086838,pass,pass,29
4021,16168441,6|22|28|48,6|16|6|20,48,16036,7994,0.002984332256,0.005968664511,pass,pass,1
4027,16216729,12|34|72|78,12|22|38|6,78,16030,7976,0.004842314378,0.009684628756,pass,pass,7
4049,16394401,18|28|46|48,18|10|18|2,48,16148,8050,0.002963694739,0.005927389479,pass,pass,29
4051,16410601,28|42|78|82,28|14|36|4,82,16122,8020,0.005060478894,0.010120957788,pass,pass,1
4057,16459249,22|24|28|70,22|2|4|42,70,16158,8044,0.004313532167,0.008627064333,pass,pass,7
4073,16589329,12|18|52|54,12|6|34|2,54,16238,8092,0.003314510189,0.006629020378,pass,pass,23
4079,16638241,6|36|46|60,6|30|10|14,60,16256,8098,0.003677371905,0.00735474381,pass,pass,29
4091,16736281,16|18|22|46,16|2|4|24,46,16318,8136,0.002811048643,0.005622097287,pass,pass,11
4093,16752649,4|58|60|64,4|54|2|4,64,16308,8122,0.00390911312,0.00781822624,pass,pass,13
4099,16801801,18|48|52|66,18|30|4|14,66,16330,8132,0.004025372042,0.008050744084,pass,pass,19
4111,16900321,16|18|28|36,16|2|10|8,36,16408,8186,0.002189248358,0.004378496716,pass,pass,1
4127,17032129,10|28|30|72,10|18|2|42,72,16436,8182,0.004361521686,0.008723043373,pass,pass,17
4129,17048641,10|12|46|96,10|2|34|50,96,16420,8162,0.005812545411,0.011625090821,pass,pass,19
4133,17081689,4|34|42|48,4|30|8|6,48,16484,8218,0.002903459956,0.005806919913,pass,pass,23
4139,17131321,6|16|18|36,6|10|2|18,36,16520,8242,0.00217443827,0.00434887654,pass,pass,29
4153,17247409,4|34|54|70,4|30|20|16,70,16542,8236,0.004213821334,0.008427642668,pass,pass,13
4157,17280649,18|24|28|42,18|6|4|14,42,16586,8272,0.002525859995,0.00505171999,pass,pass,17
4159,17297281,16|40|52|60,16|24|12|8,60,16576,8258,0.003606636211,0.007213272421,pass,pass,19
4177,17447329,22|30|78|84,22|8|48|6,84,16624,8270,0.005027531721,0.010055063443,pass,pass,7
4201,17648401,60|66|88|102,60|6|22|14,102,16702,8300,0.006069983337,0.012139966675,pass,pass,1
4211,17732521,10|28|30|36,10|18|2|6,36,16808,8386,0.002137259558,0.004274519117,pass,pass,11
4217,17783089,22|70|102|108,22|48|32|6,108,16760,8326,0.006402655917,0.012805311833,pass,pass,17
4219,17799961,6|12|40|46,6|6|28|6,46,16830,8392,0.002725764399,0.005451528798,pass,pass,19
4229,17884441,16|22|40|58,16|6|18|18,58,16858,8400,0.00342870655,0.0068574131,pass,pass,29
4231,17901361,66|102|106|108,66|36|4|2,108,16816,8354,0.006381470102,0.012762940203,pass,pass,1
4241,17986081,12|28|36|42,12|16|8|6,42,16922,8440,0.002475831172,0.004951662344,pass,pass,11
4243,18003049,18|30|72|82,18|12|42|10,82,16890,8404,0.004831487155,0.009662974311,pass,pass,13
4253,18088009,18|24|30|52,18|6|6|22,52,16960,8454,0.003056665883,0.006113331766,pass,pass,23
4259,18139081,6|22|28|36,6|16|6|8,36,17000,8482,0.002113172106,0.004226344212,pass,pass,29
4261,18156121,12|16|18|22,12|4|2|4,22,17022,8500,0.001290776813,0.002581553626,pass,pass,1
4271,18241441,10|30|70|72,10|20|40|2,72,17012,8470,0.004214469679,0.008428939358,pass,pass,11
4273,18258529,18|28|48|70,18|10|20|22,70,17022,8476,0.004095483267,0.008190966534,pass,pass,13
4283,18344089,4|18|52|54,4|14|34|2,54,17078,8512,0.003151996264,0.006303992529,pass,pass,23
4289,18395521,6|16|42|46,6|10|26|4,46,17110,8532,0.002681277687,0.005362555374,pass,pass,29
4297,18464209,22|40|58|78,22|18|18|20,78,17110,8516,0.004538049802,0.009076099604,pass,pass,7
4327,18722929,12|18|52|54,12|6|34|2,54,17254,8600,0.003119944534,0.006239889069,pass,pass,7
4337,18809569,28|52|58|88,28|24|6|30,88,17260,8586,0.005072630851,0.010145261702,pass,pass,17
4339,18826921,16|22|40|60,16|6|18|20,60,17296,8618,0.003457017746,0.006914035492,pass,pass,19
4349,18913801,18|22|40|46,18|4|18|6,46,17350,8652,0.002644286043,0.005288572086,pass,pass,29
4357,18983449,18|24|28|58,18|6|4|30,58,17370,8656,0.003327977966,0.006655955933,pass,pass,7
4363,19035769,22|42|48|64,22|20|6|16,64,17388,8662,0.003667201467,0.007334402934,pass,pass,13
4373,19123129,4|28|42|70,4|24|14|28,70,17422,8676,0.004001829408,0.008003658815,pass,pass,23
4391,19280881,6|22|28|36,6|16|6|8,36,17528,8746,0.002049647005,0.00409929401,pass,pass,11
4397,19333609,10|28|52|54,10|18|24|2,54,17534,8740,0.003070275188,0.006140550375,pass,pass,17
4409,19439281,36|42|46|58,36|6|4|12,58,17578,8760,0.003288727603,0.006577455205,pass,pass,29
4421,19545241,6|36|58|112,6|30|22|54,112,17572,8730,0.006333408731,0.012666817462,pass,pass,11
4423,19562929,28|52|124|138,28|24|72|14,138,17554,8708,0.007800135655,0.015600271309,pass,pass,13
4441,19722481,6|10|22|48,6|4|12|26,48,17716,8834,0.002702094123,0.005404188246,pass,pass,1
4447,19775809,22|40|48|72,22|18|8|24,72,17716,8822,0.004047672588,0.008095345177,pass,pass,7
4451,19811401,10|16|78|82,10|6|62|4,82,17722,8820,0.004605706583,0.009211413166,pass,pass,11
4457,19864849,54|70|112|132,54|16|42|20,132,17696,8782,0.007404083464,0.014808166928,pass,pass,17
4463,19918369,60|70|84|94,60|10|14|10,94,17758,8832,0.005265516469,0.010531032937,pass,pass,23
4481,20079361,12|16|42|66,12|4|26|24,66,17858,8896,0.003682213792,0.007364427583,pass,pass,11
4483,20097289,4|10|24|28,4|6|14|4,28,17904,8938,0.001561454383,0.003122908766,pass,pass,13
4493,20187049,10|22|64|70,10|12|42|6,70,17902,8916,0.003894947696,0.007789895393,pass,pass,23
4507,20313049,18|40|70|72,18|22|30|2,72,17956,8942,0.003993787442,0.007987574884,pass,pass,7
4513,20367169,12|30|78|124,12|18|48|46,124,17928,8902,0.006869044981,0.013738089962,pass,pass,13
4517,20403289,4|18|40|48,4|14|22|8,48,18020,8986,0.002656630507,0.005313261014,pass,pass,17
4519,20421361,6|22|28|46,6|16|6|18,46,18030,8992,0.002544810799,0.005089621598,pass,pass,19
4523,20457529,4|54|58|70,4|50|4|12,70,18022,8976,0.00386911342,0.007738226841,pass,pass,23
4547,20675209,18|42|52|64,18|24|10|12,64,18124,9030,0.003518803607,0.007037607214,pass,pass,17
4549,20693401,22|58|66|72,22|36|8|6,72,18124,9026,0.003956913607,0.007913827215,pass,pass,19
4561,20802721,36|58|88|102,36|22|30|14,102,18142,9020,0.005590879193,0.011181758386,pass,pass,1
4567,20857489,22|28|42|64,22|6|14|22,64,18204,9070,0.003503393913,0.007006787826,pass,pass,7
4583,21003889,4|40|48|154,4|36|8|106,154,18178,9012,0.008400610954,0.016801221907,pass,pass,23
4591,21077281,18|36|52|58,18|18|16|6,58,18306,9124,0.0031583533,0.0063167066,pass,pass,1
4597,21132409,72|78|82|84,72|6|4|2,84,18304,9110,0.00456819665,0.0091363933,pass,pass,7
4603,21187609,10|24|78|88,10|14|54|10,88,18324,9118,0.004779491636,0.009558983272,pass,pass,13
4621,21353641,70|96|126|150,70|26|30|24,150,18334,9092,0.008115126596,0.016230253192,pass,pass,1
4637,21501769,42|58|90|100,42|16|32|10,100,18448,9174,0.005391416864,0.010782833729,pass,pass,17
4639,21520321,40|42|70|78,40|2|28|8,78,18478,9200,0.004203492132,0.008406984264,pass,pass,19
4643,21557449,4|18|34|70,4|14|16|36,70,18502,9216,0.003769114796,0.007538229593,pass,pass,23
4649,21613201,12|36|42|46,12|24|6|4,46,18550,9252,0.002473650247,0.004947300495,pass,pass,29
4651,21631801,16|28|46|48,16|12|18|2,48,18556,9254,0.002580090303,0.005160180606,pass,pass,1
4657,21687649,42|48|54|58,42|6|6|4,58,18570,9256,0.003113592441,0.006227184883,pass,pass,7
4663,21743569,18|30|42|58,18|12|12|16,58,18594,9268,0.003109586103,0.006219172207,pass,pass,13
4673,21836929,10|24|28|52,10|14|4|24,52,18640,9294,0.002781938797,0.005563877595,pass,pass,23
4679,21893041,10|36|48|66,10|26|12|18,66,18650,9292,0.003526394529,0.007052789057,pass,pass,29
4691,22005481,18|28|40|42,18|10|12|2,42,18722,9340,0.002238328715,0.004476657429,pass,pass,11
4703,22118209,18|24|28|42,18|6|4|14,42,18770,9364,0.002232617478,0.004465234956,pass,pass,23
4721,22287841,6|16|30|88,6|10|14|58,88,18796,9354,0.004660029655,0.009320059309,pass,pass,11
4723,22306729,58|60|78|154,58|2|18|76,154,18738,9292,0.00815159856,0.01630319712,pass,pass,13
4729,22363441,46|60|70|78,46|14|10|8,78,18838,9380,0.004123493339,0.008246986678,pass,pass,19
4733,22401289,10|42|52|60,10|32|10|8,60,18872,9406,0.00316923727,0.00633847454,pass,pass,23
4751,22572001,28|30|36|40,28|2|6|4,40,18964,9462,0.002104820038,0.004209640076,pass,pass,11
4759,22648081,66|82|108|112,66|16|26|4,112,18924,9406,0.005883588989,0.011767177979,pass,pass,19
4783,22877089,4|30|42|60,4|26|12|18,60,19072,9506,0.003136107046,0.006272214092,pass,pass,13
4787,22915369,12|24|42|58,12|12|18|16,58,19090,9516,0.003029036975,0.00605807395,pass,pass,17
4789,22934521,12|36|46|52,12|24|10|6,52,19104,9526,0.002714554187,0.005429108373,pass,pass,19
4793,22972849,4|12|18|28,4|8|6|10,28,19144,9558,0.001460463175,0.002920926351,pass,pass,23
4799,23030401,6|10|30|42,6|4|20|12,42,19154,9556,0.002187955824,0.004375911648,pass,pass,29
4801,23049601,12|16|28|58,12|4|12|30,58,19146,9544,0.003020204124,0.006040408248,pass,pass,1
4813,23164969,18|22|58|70,18|4|36|12,70,19182,9556,0.003635985872,0.007271971743,pass,pass,13
4817,23203489,4|22|40|88,4|18|18|48,88,19180,9546,0.004567157982,0.009134315964,pass,pass,17
4831,23338561,36|46|52|58,36|10|6|6,58,19266,9604,0.003001448975,0.006002897951,pass,pass,1
4861,23629321,22|36|42|46,22|14|6|4,46,19398,9676,0.00236576836,0.004731536721,pass,pass,1
4871,23726641,12|22|52|58,12|10|30|6,58,19426,9684,0.002976801478,0.005953602956,pass,pass,11
4877,23785129,34|42|82|90,34|8|40|8,90,19418,9664,0.004613491901,0.009226983802,pass,pass,17
4889,23902321,10|28|58|66,10|18|30|8,66,19490,9712,0.003374923297,0.006749846594,pass,pass,29
4903,24039409,28|34|58|64,28|6|24|6,64,19548,9742,0.003263308179,0.006526616357,pass,pass,13
4909,24098281,6|30|36|48,6|24|6|12,48,19588,9770,0.002444489713,0.004888979426,pass,pass,19
4919,24196561,30|36|46|58,30|6|10|12,58,19618,9780,0.002947753608,0.005895507217,pass,pass,29
4931,24314761,30|60|66|70,30|30|6|4,70,19654,9792,0.003548975867,0.007097951734,pass,pass,11
4933,24334489,18|54|64|72,18|36|10|8,72,19660,9794,0.003648895196,0.007297790391,pass,pass,13
4937,24373969,64|132|142|210,64|68|10|68,210,19538,9664,0.010633988252,0.021267976504,pass,pass,17
4943,24433249,22|40|58|64,22|18|18|6,64,19708,9822,0.003236900668,0.006473801335,pass,pass,23
4951,24512401,6|30|60|70,6|24|30|10,70,19734,9832,0.003534639467,0.007069278934,pass,pass,1
4957,24571849,4|12|78|82,4|8|66|4,82,19746,9832,0.004135565866,0.008271131733,pass,pass,7
4967,24671089,4|18|28|34,4|14|10|6,34,19834,9900,0.001711294544,0.003422589088,pass,pass,17
4969,24690961,40|78|88|102,40|38|10|14,102,19774,9836,0.005131817267,0.010263634534,pass,pass,19
4973,24730729,22|24|52|58,22|2|28|6,58,19834,9888,0.002915745023,0.005831490046,pass,pass,23
4987,24870169,24|48|64|78,24|24|16|14,78,19870,9896,0.003910166433,0.007820332865,pass,pass,7
4993,24930049,28|30|34|40,28|2|4|6,40,19932,9946,0.002002803925,0.004005607851,pass,pass,13
4999,24990001,36|70|88|142,36|34|18|54,142,19854,9856,0.007101420284,0.014202840568,pass,pass,19
5003,25030009,4|34|58|64,4|30|24|6,64,19948,9942,0.003198081151,0.006396162303,pass,pass,23
5009,25090081,16|18|76|106,16|2|58|30,106,19930,9912,0.005290477141,0.010580954282,pass,pass,29
5011,25110121,10|12|28|46,10|2|16|18,46,19998,9976,0.002294951108,0.004589902215,pass,pass,1
5021,25210441,78|106|126|132,78|28|20|6,132,19952,9910,0.006572395937,0.013144791874,pass,pass,11
5023,25230529,18|24|48|90,18|6|24|42,90,20002,9956,0.004479394784,0.008958789568,pass,pass,13
5039,25391521,12|30|46|58,12|18|16|12,58,20098,10020,0.00287755507,0.005755110141,pass,pass,29
5051,25512601,36|52|66|70,36|16|14|4,70,20134,10032,0.003464660463,0.006929320927,pass,pass,11
5059,25593481,12|16|18|42,12|4|2|24,42,20194,10076,0.002075508994,0.004151017988,pass,pass,19
5077,25775929,18|40|58|70,18|22|18|12,70,20238,10084,0.003446917471,0.006893834942,pass,pass,7
5081,25816561,18|28|40|46,18|10|12|6,46,20278,10116,0.002263333989,0.004526667979,pass,pass,11
5087,25877569,4|58|90|100,4|54|32|10,100,20248,10074,0.00491448791,0.009828975821,pass,pass,17
5099,25999801,6|28|42|58,6|22|14|16,58,20338,10140,0.002843694842,0.005687389684,pass,pass,29
5101,26020201,6|18|28|30,6|12|10|2,30,20374,10172,0.001470299941,0.002940599882,pass,pass,1
5107,26081449,28|42|52|102,28|14|10|50,102,20326,10112,0.004993146661,0.009986293323,pass,pass,7
5113,26142769,4|48|94|108,4|44|46|14,108,20344,10118,0.005280657148,0.010561314297,pass,pass,13
5119,26204161,42|58|96|102,42|16|38|6,102,20374,10136,0.004981441688,0.009962883376,pass,pass,19
5147,26491609,4|22|28|48,4|18|6|20,48,20540,10246,0.002331455217,0.004662910433,pass,pass,17
5153,26553409,4|10|18|28,4|6|8|10,28,20584,10278,0.001358431981,0.002716863963,pass,pass,23
5167,26697889,10|12|22|60,10|2|10|38,60,20608,10274,0.002903038514,0.005806077027,pass,pass,7
5171,26739241,18|22|28|60,18|4|6|32,60,20624,10282,0.002900792883,0.005801585767,pass,pass,11
5179,26822041,46|82|96|102,46|36|14|6,102,20614,10256,0.00492373045,0.0098474609,pass,pass,19
5189,26925721,6|16|36|70,6|10|20|34,70,20686,10308,0.00337251879,0.006745037579,pass,pass,29
5197,27008809,10|28|78|102,10|18|50|24,102,20686,10292,0.004906676929,0.009813353858,pass,pass,7
5209,27133681,12|18|28|58,12|6|10|30,58,20778,10360,0.002783643694,0.005567287387,pass,pass,19
5227,27321529,54|100|114|118,54|46|14|4,118,20790,10336,0.005643772719,0.011287545437,pass,pass,7
5231,27363361,6|16|22|36,6|10|6|14,36,20888,10426,0.00172051233,0.003441024661,pass,pass,11
5233,27384289,48|52|58|64,48|4|6|6,64,20868,10402,0.003057519587,0.006115039174,pass,pass,13
5237,27426169,12|42|52|72,12|30|10|20,72,20876,10402,0.003437082299,0.006874164598,pass,pass,17
5261,27678121,42|52|60|120,42|10|8|60,120,20924,10402,0.005702337959,0.011404675917,pass,pass,11
5273,27804529,18|30|34|54,18|12|4|20,54,21038,10492,0.002560212403,0.005120424806,pass,pass,23
5279,27867841,16|22|30|52,16|6|8|22,52,21064,10506,0.002462587611,0.004925175223,pass,pass,29
5281,27888961,28|36|42|46,28|8|6|4,46,21078,10516,0.002177617875,0.004355235751,pass,pass,1
5297,28058209,4|12|40|48,4|8|28|8,48,21140,10546,0.002265433264,0.004530866528,pass,pass,17
5303,28121809,18|48|70|88,18|30|22|18,88,21124,10518,0.004148595135,0.00829719027,pass,pass,23
5309,28185481,22|42|102|106,22|20|60|4,106,21130,10512,0.004991523827,0.009983047655,pass,pass,29
5323,28334329,4|18|22|24,4|14|4|2,24,21268,10622,0.001127183919,0.002254367838,pass,pass,13
5333,28440889,10|28|52|54,10|18|24|2,54,21278,10612,0.002531408213,0.005062816426,pass,pass,23
5347,28590409,28|42|52|78,28|14|10|26,78,21310,10616,0.003646904806,0.007293809613,pass,pass,7
5351,28633201,22|48|58|60,22|26|10|2,60,21344,10642,0.002803214352,0.005606428705,pass,pass,11
5381,28955161,6|42|88|100,6|36|46|12,100,21424,10662,0.004645976584,0.009291953169,pass,pass,11
5387,29019769,18|42|60|70,18|24|18|10,70,21478,10704,0.003248561351,0.006497122703,pass,pass,17
5393,29084449,34|42|58|60,34|8|16|2,60,21512,10726,0.002781383275,0.005562766549,pass,pass,23
5399,29149201,22|30|42|46,22|8|12|4,46,21550,10752,0.002130024079,0.004260048157,pass,pass,29
5407,29235649,10|24|60|70,10|14|36|10,70,21558,10744,0.003236545219,0.006473090438,pass,pass,7
5413,29300569,12|60|88|90,12|48|28|2,90,21562,10736,0.004156659893,0.008313319786,pass,pass,13
5417,29343889,18|58|70|78,18|40|12|8,78,21590,10756,0.003599778475,0.00719955695,pass,pass,17
5419,29365561,10|16|46|58,10|6|30|12,58,21618,10780,0.002675770437,0.005351540875,pass,pass,19
5431,29495761,12|18|22|28,12|6|4|6,28,21696,10834,0.001288897072,0.002577794145,pass,pass,1
5437,29560969,40|78|84|100,40|38|6|16,100,21648,10774,0.004598123965,0.009196247931,pass,pass,7
5441,29604481,22|36|40|48,22|14|4|8,48,21716,10834,0.002205476934,0.004410953869,pass,pass,11
5443,29626249,30|78|100|112,30|48|22|12,112,21660,10774,0.005144221936,0.010288443873,pass,pass,13
5449,29691601,10|16|18|36,10|6|2|18,36,21760,10862,0.001651679207,0.003303358414,pass,pass,19
5471,29931841,46|102|108|112,46|56|6|4,112,21772,10830,0.005117894352,0.010235788704,pass,pass,11
5477,29997529,4|48|84|94,4|44|36|10,94,21814,10860,0.004290670075,0.00858134015,pass,pass,17
5479,30019441,30|40|48|72,30|10|8|24,72,21844,10886,0.003285271035,0.00657054207,pass,pass,19
5483,30063289,64|90|100|124,64|26|10|24,124,21808,10842,0.005653839139,0.011307678278,pass,pass,23
5501,30261001,16|46|88|96,16|30|42|8,96,21908,10906,0.004362843119,0.008725686239,pass,pass,11
5503,30283009,4|22|30|40,4|18|8|10,40,21972,10966,0.001817190623,0.003634381247,pass,pass,13
5507,30327049,18|22|54|58,18|4|32|4,58,21970,10956,0.00263301253,0.005266025059,pass,pass,17
5519,30459361,10|18|28|36,10|8|10|8,36,22040,11002,0.001630730205,0.003261460409,pass,pass,29
5521,30481441,6|16|30|40,6|10|14|10,40,22044,11002,0.001811266075,0.00362253215,pass,pass,1
5527,30547729,10|28|42|58,10|18|14|16,58,22050,10996,0.002623484711,0.005246969423,pass,pass,7
5531,30591961,28|36|60|102,28|8|24|42,102,22022,10960,0.00461037787,0.00922075574,pass,pass,11
5557,30880249,4|10|22|28,4|6|12|6,28,22200,11086,0.001259672485,0.00251934497,pass,pass,7
5563,30946969,30|34|42|54,30|4|8|12,54,22198,11072,0.002426748157,0.004853496315,pass,pass,13
5569,31013761,18|22|48|76,18|4|26|28,76,22200,11062,0.003411743581,0.006823487161,pass,pass,19
5573,31058329,18|24|52|54,18|6|28|2,54,22238,11092,0.002422393684,0.004844787368,pass,pass,23
5581,31147561,40|42|46|82,40|2|4|36,82,22242,11080,0.00367317685,0.0073463537,pass,pass,1
5591,31259281,6|16|18|60,6|10|2|42,60,22304,11122,0.002682883205,0.00536576641,pass,pass,11
5623,31618129,4|34|58|60,4|30|24|2,60,22432,11186,0.002667615152,0.005335230304,pass,pass,13
5639,31798321,10|18|42|52,10|8|24|10,52,22504,11226,0.002305373293,0.004610746586,pass,pass,29
5641,31820881,16|28|58|70,16|12|30|12,70,22494,11212,0.003102286829,0.006204573657,pass,pass,1
5647,31888609,34|58|70|78,34|24|12|8,78,22510,11216,0.00345316097,0.006906321941,pass,pass,7
5651,31933801,6|30|72|78,6|24|42|6,78,22526,11224,0.003450716687,0.006901433375,pass,pass,11
5653,31956409,24|28|58|60,24|4|30|2,60,22552,11246,0.002653458341,0.005306916681,pass,pass,13
5657,32001649,4|42|72|84,4|38|30|12,84,22544,11230,0.003712214955,0.00742442991,pass,pass,17
5659,32024281,58|66|76|78,58|8|10|2,78,22558,11240,0.003445838487,0.006891676975,pass,pass,19
5669,32137561,16|18|22|78,16|2|4|56,78,22598,11260,0.003439760099,0.006879520198,pass,pass,29
5683,32296489,4|10|12|30,4|6|2|18,30,22702,11336,0.001319725497,0.002639450994,pass,pass,13
5689,32364721,6|36|58|72,6|30|22|14,72,22684,11306,0.003164000703,0.006328001406,pass,pass,19
5693,32410249,22|42|60|78,22|20|18|18,78,22694,11308,0.00342525909,0.00685051818,pass,pass,23
5701,32501401,6|36|48|52,6|30|12|4,52,22752,11350,0.002280301701,0.004560603403,pass,pass,1
5711,32615521,28|30|58|70,28|2|28|12,70,22774,11352,0.003064261951,0.006128523901,pass,pass,11
5717,32684089,54|64|78|118,54|10|14|40,118,22750,11316,0.005160048977,0.010320097953,pass,pass,17
5737,32913169,42|60|100|102,42|18|40|2,102,22846,11372,0.004444831794,0.008889663587,pass,pass,7
5741,32959081,16|18|36|46,16|2|18|10,46,22918,11436,0.002003135342,0.004006270685,pass,pass,11
5743,32982049,24|34|48|58,24|10|14|10,58,22914,11428,0.002524812816,0.005049625631,pass,pass,13
5749,33051001,16|18|40|48,16|2|22|8,48,22948,11450,0.002087319534,0.004174639068,pass,pass,19
5779,33396841,18|22|30|36,18|4|8|6,36,23080,11522,0.001557362866,0.003114725731,pass,pass,19
5783,33443089,10|12|40|54,10|2|28|14,54,23078,11512,0.002334428497,0.004668856995,pass,pass,23
5791,33535681,12|18|28|36,12|6|10|8,36,23128,11546,0.001554135728,0.003108271456,pass,pass,1
5801,33651601,22|36|48|58,22|14|12|10,58,23146,11544,0.00249956904,0.00499913808,pass,pass,11
5807,33721249,4|18|30|34,4|14|12|4,34,23194,11580,0.001463750646,0.002927501292,pass,pass,17
5813,33790969,28|64|112|120,28|36|48|8,120,23132,11506,0.005160846379,0.010321692758,pass,pass,23
5821,33884041,16|66|102|112,16|50|36|10,112,23172,11530,0.004810170074,0.009620340148,pass,pass,1
5827,33953929,22|72|88|100,22|50|16|12,100,23208,11554,0.004290372404,0.008580744809,pass,pass,7
5839,34093921,46|52|58|88,46|6|6|30,88,23268,11590,0.003767768454,0.007535536907,pass,pass,19
5843,34140649,30|34|48|82,30|4|14|34,82,23290,11604,0.003508471676,0.007016943351,pass,pass,23
5849,34210801,36|58|60|72,36|22|2|12,72,23324,11626,0.003077449137,0.006154898273,pass,pass,29
5851,34234201,28|30|40|58,28|2|10|18,58,23346,11644,0.002478208853,0.004956417706,pass,pass,1
5857,34304449,12|22|34|54,12|10|12|20,54,23374,11660,0.002304934267,0.004609868533,pass,pass,7
5861,34351321,6|16|42|60,6|10|26|18,60,23384,11662,0.002559290224,0.005118580447,pass,pass,11
5867,34421689,4|18|24|52,4|14|6|28,52,23416,11682,0.002215783194,0.004431566388,pass,pass,17
5869,34445161,6|28|36|78,6|22|8|42,78,23398,11660,0.003322542171,0.006645084341,pass,pass,19
5879,34562641,10|16|22|36,10|6|6|14,36,23480,11722,0.001530872597,0.003061745195,pass,pass,29
5881,34586161,30|36|42|60,30|6|6|18,60,23464,11702,0.002550586635,0.00510117327,pass,pass,1
5897,34774609,24|42|48|60,24|18|6|12,60,23528,11734,0.002543666271,0.005087332542,pass,pass,17
5903,34845409,4|30|60|82,4|26|30|22,82,23530,11724,0.003472810435,0.006945620871,pass,pass,23
5923,35081929,4|10|12|18,4|6|2|6,18,23674,11828,0.000759750127,0.001519500253,pass,pass,13
5927,35129329,28|30|34|42,28|2|4|8,42,23666,11812,0.001771553906,0.003543107812,pass,pass,17
5939,35271721,16|36|60|70,16|20|24|10,70,23686,11808,0.002946624011,0.005893248022,pass,pass,29
5953,35438209,4|10|22|24,4|6|12|2,24,23788,11882,0.001007895179,0.002015790358,pass,pass,13
5981,35772361,10|28|36|72,10|18|8|36,72,23852,11890,0.003009530179,0.006019060358,pass,pass,11
5987,35844169,28|48|54|70,28|20|6|16,70,23878,11904,0.002922999833,0.005845999666,pass,pass,17
6007,36084049,18|28|40|52,18|10|12|12,52,23976,11962,0.002164141835,0.004328283669,pass,pass,7
6011,36132121,6|12|18|42,6|6|6|24,42,24002,11980,0.001746797538,0.003493595076,pass,pass,11
6029,36348841,18|36|46|88,18|18|10|42,88,24028,11970,0.00364902969,0.00729805938,pass,pass,29
6037,36445369,34|72|78|102,34|38|6|24,102,24046,11972,0.004223952294,0.008447904588,pass,pass,7
6043,36517849,34|40|42|60,34|6|2|18,60,24112,12026,0.002482210822,0.004964421645,pass,pass,13
6047,36566209,4|18|82|84,4|14|64|2,84,24104,12010,0.003472796428,0.006945592856,pass,pass,17
6053,36638809,4|18|28|54,4|14|10|26,54,24158,12052,0.002230299025,0.004460598051,pass,pass,23
6067,36808489,28|34|54|58,28|6|20|4,58,24210,12076,0.002389978573,0.004779957145,pass,pass,7
6073,36881329,24|28|34|60,24|4|6|26,60,24232,12086,0.002469948954,0.004939897909,pass,pass,13
6079,36954241,10|60|106|148,10|50|46|42,148,24168,12010,0.006086527389,0.012173054779,pass,pass,19
6089,37075921,16|18|36|46,16|2|18|10,46,24310,12132,0.001888651667,0.003777303334,pass,pass,29
6091,37100281,18|36|52|58,18|18|16|6,58,24306,12124,0.002380561484,0.004761122968,pass,pass,1
6101,37222201,16|22|52|66,16|6|30|14,66,24338,12136,0.002704474676,0.005408949353,pass,pass,11
6113,37368769,34|40|42|54,34|6|2|12,54,24398,12172,0.00220840831,0.00441681662,pass,pass,23
6121,37466641,6|18|36|42,6|12|18|6,42,24442,12200,0.001715405979,0.003430811959,pass,pass,1
6131,37589161,12|36|52|58,12|24|16|6,58,24466,12204,0.002365030175,0.004730060349,pass,pass,11
6133,37613689,10|42|58|64,10|32|16|6,64,24468,12202,0.002608837437,0.005217674874,pass,pass,13
6143,37736449,18|22|24|48,18|4|2|24,48,24524,12238,0.001953442943,0.003906885886,pass,pass,23
6151,37834801,12|16|28|36,12|4|12|8,36,24568,12266,0.001463176719,0.002926353438,pass,pass,1
6163,37982569,18|42|52|108,18|24|10|56,108,24544,12218,0.004380983287,0.008761966575,pass,pass,13
6173,38105929,10|28|52|70,10|18|24|18,70,24622,12276,0.002834926292,0.005669852584,pass,pass,23
6197,38402809,34|40|70|132,34|6|30|62,132,24656,12262,0.005325157334,0.010650314668,pass,pass,17
6199,38427601,6|42|60|72,6|36|18|12,72,24724,12326,0.002903694144,0.005807388288,pass,pass,19
6203,38477209,4|18|24|28,4|14|6|4,28,24784,12378,0.001128486216,0.002256972433,pass,pass,23
6211,38576521,16|40|42|46,16|24|2|4,46,24798,12376,0.001851553695,0.00370310739,pass,pass,1
6217,38651089,12|28|42|54,12|16|14|12,54,24814,12380,0.002171465337,0.004342930674,pass,pass,7
6221,38700841,22|28|72|78,22|6|44|6,78,24806,12364,0.003134544285,0.006269088571,pass,pass,11
6229,38800441,18|40|52|60,18|22|12|8,60,24856,12398,0.002408091186,0.004816182373,pass,pass,19
6247,39025009,18|48|58|102,18|30|10|44,102,24886,12392,0.00408195934,0.008163918681,pass,pass,7
6257,39150049,12|52|94|102,12|40|42|8,102,24926,12412,0.004075435512,0.008150871024,pass,pass,17
6263,39225169,22|34|40|42,22|12|6|2,42,25010,12484,0.001676512853,0.003353025707,pass,pass,23
6269,39300361,46|60|78|90,46|14|18|12,90,24986,12448,0.003589089169,0.007178178338,pass,pass,29
6271,39325441,72|108|126|130,72|36|18|4,130,24954,12412,0.005182586509,0.010365173019,pass,pass,1
6277,39400729,4|12|30|40,4|8|18|10,40,25068,12514,0.001593117731,0.003186235463,pass,pass,7
6287,39526369,4|10|60|84,4|6|50|24,84,25064,12490,0.003340225863,0.006680451726,pass,pass,17
6299,39677401,12|82|96|100,12|70|14|4,100,25096,12498,0.00396888395,0.0079377679,pass,pass,29
6301,39702601,28|82|126|130,28|54|44|4,130,25074,12472,0.005157911443,0.010315822885,pass,pass,1
6311,39828721,28|30|60|88,28|2|30|28,88,25156,12534,0.003485976866,0.006971953732,pass,pass,11
6317,39904489,22|34|58|72,22|12|24|14,72,25196,12562,0.002849453855,0.005698907709,pass,pass,17
6323,39980329,12|34|72|78,12|22|38|6,78,25214,12568,0.003083979124,0.006167958248,pass,pass,23
6329,40056241,12|40|142|180,12|28|102|38,180,25136,12478,0.007110127982,0.014220255965,pass,pass,29
6337,40157569,22|28|60|70,22|6|32|10,70,25278,12604,0.002761559097,0.005523118195,pass,pass,7
6343,40233649,18|22|70|84,18|4|48|14,84,25288,12602,0.003310736245,0.006621472489,pass,pass,13
6353,40360609,18|22|28|34,18|4|6|6,34,25378,12672,0.001337950575,0.002675901149,pass,pass,23
6359,40436881,28|42|72|88,28|14|30|16,88,25348,12630,0.003459663469,0.006919326938,pass,pass,29
6361,40462321,18|58|70|72,18|40|12|2,72,25372,12650,0.002829743751,0.005659487502,pass,pass,1
6367,40538689,48|58|78|90,48|10|20|12,90,25378,12644,0.003533846395,0.007067692791,pass,pass,7
6373,40615129,10|18|24|52,10|8|6|28,52,25440,12694,0.002039855641,0.004079711282,pass,pass,13
6379,40691641,6|12|16|30,6|6|4|14,30,25486,12728,0.001175732873,0.002351465747,pass,pass,19
6389,40819321,12|30|36|48,12|18|6|12,48,25508,12730,0.001878228205,0.003756456409,pass,pass,29
6397,40921609,10|18|42|70,10|8|24|28,70,25518,12724,0.002735657339,0.005471314679,pass,pass,7
6421,41229241,36|40|48|82,36|4|8|34,82,25602,12760,0.00319264912,0.00638529824,pass,pass,1
6427,41306329,10|52|60|72,10|42|8|12,72,25636,12782,0.002800684612,0.005601369224,pass,pass,7
6449,41589601,40|58|60|70,40|18|2|10,70,25726,12828,0.002713599008,0.005427198015,pass,pass,29
6451,41615401,6|10|46|58,6|4|36|12,58,25746,12844,0.002247713533,0.004495427066,pass,pass,1
6469,41847961,16|18|46|88,16|2|28|42,88,25788,12850,0.00340083475,0.006801669501,pass,pass,19
6473,41899729,34|72|102|148,34|38|30|46,148,25744,12798,0.00571605129,0.01143210258,pass,pass,23
6481,42003361,10|30|46|60,10|20|16|14,60,25864,12902,0.002314457645,0.004628915291,pass,pass,1
6491,42133081,12|16|48|72,12|4|32|24,72,25892,12910,0.002773070405,0.00554614081,pass,pass,11
6521,42523441,10|16|48|90,10|6|32|42,90,25994,12952,0.003450391044,0.006900782089,pass,pass,11
6529,42627841,22|58|76|102,22|36|18|26,102,26014,12956,0.003905651708,0.007811303416,pass,pass,19
6547,42863209,4|42|102|112,4|38|60|10,112,26076,12982,0.004276767985,0.008553535971,pass,pass,7
6551,42915601,10|16|18|28,10|6|2|10,28,26176,13074,0.001068539154,0.002137078309,pass,pass,11
6553,42941809,22|40|82|84,22|18|42|2,84,26128,13022,0.003204639097,0.006409278193,pass,pass,13
6563,43072969,10|18|34|60,10|8|16|26,60,26192,13066,0.002285540149,0.004571080299,pass,pass,23
6569,43151761,6|16|30|46,6|10|14|16,46,26230,13092,0.001750646978,0.003501293956,pass,pass,29
6571,43178041,12|36|40|58,12|24|4|18,58,26226,13084,0.002206665652,0.004413331304,pass,pass,1
6577,43256929,4|18|60|70,4|14|42|10,70,26238,13084,0.002660787593,0.005321575186,pass,pass,7
6581,43309561,16|36|42|58,16|20|6|16,58,26266,13104,0.002203312566,0.004406625133,pass,pass,11
6599,43546801,6|28|36|48,6|22|8|12,48,26348,13150,0.001818457342,0.003636914684,pass,pass,29
6607,43652449,12|22|52|78,12|10|30|26,78,26350,13136,0.002951415166,0.005902830331,pass,pass,7
6619,43811161,16|42|60|78,16|26|18|18,78,26398,13160,0.00294606436,0.00589212872,pass,pass,19
6637,44049769,12|18|58|60,12|6|40|2,60,26488,13214,0.002260057255,0.00452011451,pass,pass,7
6653,44262409,24|34|52|72,24|10|18|20,72,26540,13234,0.00270554637,0.00541109274,pass,pass,23
6659,44342281,12|16|18|78,12|4|2|60,78,26558,13240,0.002928367623,0.005856735246,pass,pass,29
6661,44368921,16|22|48|60,16|6|26|12,60,26584,13262,0.002251914127,0.004503828254,pass,pass,1
6673,44528929,12|30|40|42,12|18|10|2,42,26650,13304,0.00157350517,0.00314701034,pass,pass,13
6679,44609041,10|12|42|58,10|2|30|16,58,26658,13300,0.00217098368,0.00434196736,pass,pass,19
6689,44742721,22|28|48|52,22|6|20|4,52,26704,13326,0.001943489311,0.003886978622,pass,pass,29
6691,44769481,16|28|58|60,16|12|30|2,60,26704,13322,0.002241817367,0.004483634733,pass,pass,1
6701,44903401,30|46|90|138,30|16|44|48,138,26666,13264,0.005148485301,0.010296970601,pass,pass,11
6703,44930209,4|24|30|34,4|20|6|4,34,26778,13372,0.001268088915,0.002536177831,pass,pass,13
6709,45010681,18|22|28|30,18|4|6|2,30,26806,13388,0.001117901327,0.002235802653,pass,pass,19
6719,45144961,36|58|66|70,36|22|8|4,70,26806,13368,0.002604554249,0.005209108498,pass,pass,29
6733,45333289,24|28|52|78,24|4|24|26,78,26854,13388,0.002896182979,0.005792365959,pass,pass,13
6737,45387169,10|34|48|100,10|24|14|52,100,26848,13374,0.003710850527,0.007421701054,pass,pass,17
6761,45711121,36|40|46|58,36|4|6|12,58,26986,13464,0.002144653158,0.004289306316,pass,pass,11
6763,45738169,52|64|100|112,52|12|36|12,112,26940,13414,0.004140174479,0.008280348958,pass,pass,13
6779,45954841,6|48|66|72,6|42|18|6,72,27044,13486,0.002655258888,0.005310517775,pass,pass,29
6781,45981961,12|18|70|78,12|6|52|8,78,27046,13484,0.002875682053,0.005751364106,pass,pass,1
6791,46117681,22|36|42|46,22|14|6|4,46,27118,13536,0.001693417759,0.003386835518,pass,pass,11
6793,46144849,10|18|24|48,10|8|6|24,48,27124,13538,0.001766524363,0.003533048727,pass,pass,13
6803,46280809,4|40|58|60,4|36|18|2,60,27152,13546,0.002204909599,0.004409819197,pass,pass,23
6823,46553329,4|18|40|42,4|14|22|2,42,27250,13604,0.001538912502,0.003077825004,pass,pass,13
6827,46607929,4|12|34|42,4|8|22|8,42,27266,13612,0.001538010839,0.003076021679,pass,pass,17
6829,46635241,30|72|78|90,30|42|6|12,90,27226,13568,0.003294772295,0.006589544589,pass,pass,19
6833,46689889,28|30|54|58,28|2|24|4,58,27274,13608,0.002122054734,0.004244109469,pass,pass,23
6841,46799281,12|16|22|40,12|4|6|18,40,27324,13642,0.001461774594,0.002923549189,pass,pass,1
6857,47018449,58|84|112|142,58|26|28|30,142,27286,13572,0.005177191191,0.010354382383,pass,pass,17
6863,47100769,18|24|48|70,18|6|24|22,70,27382,13656,0.002549905289,0.005099810578,pass,pass,23
6869,47183161,12|46|58|76,12|34|12|18,76,27400,13662,0.002766050371,0.005532100742,pass,pass,29
6871,47210641,22|30|36|66,22|8|6|30,66,27418,13676,0.002401397177,0.004802794353,pass,pass,1
6883,47375689,28|48|82|84,28|20|34|2,84,27448,13682,0.003050995206,0.006101990411,pass,pass,13
6899,47596201,30|46|48|60,30|16|2|12,60,27536,13738,0.002174228149,0.004348456298,pass,pass,29
6907,47706649,34|58|70|72,34|24|12|2,72,27556,13742,0.002606051831,0.005212103663,pass,pass,7
6911,47761921,12|22|30|60,12|10|8|30,60,27584,13762,0.002170452901,0.004340905802,pass,pass,11
6917,47844889,24|52|58|72,24|28|6|14,72,27596,13762,0.002602284227,0.005204568455,pass,pass,17
6947,48260809,24|42|88|94,24|18|46|6,94,27694,13800,0.003382755146,0.006765510292,pass,pass,17
6949,48288601,22|48|72|78,22|26|24|6,78,27718,13820,0.00280615916,0.005612318319,pass,pass,19
6959,48427681,16|18|22|40,16|2|4|18,40,27796,13878,0.001436988073,0.002873976146,pass,pass,29
6961,48455521,10|48|60|70,10|38|12|10,70,27774,13852,0.002514006608,0.005028013216,pass,pass,1
6967,48539089,48|54|82|84,48|6|28|2,84,27784,13850,0.003014209846,0.006028419693,pass,pass,7
6971,48594841,12|22|28|36,12|10|6|8,36,27848,13906,0.001291062975,0.00258212595,pass,pass,11
6977,48678529,4|12|34|42,4|8|22|8,42,27866,13912,0.001504944819,0.003009889637,pass,pass,17
6983,48762289,24|42|64|78,24|18|22|14,78,27854,13888,0.002792496062,0.005584992124,pass,pass,23
6991,48874081,6|40|46|78,6|34|6|32,78,27886,13904,0.002789300529,0.005578601059,pass,pass,1
6997,48958009,18|22|34|64,18|4|12|30,64,27924,13930,0.002286694298,0.004573388595,pass,pass,7
7001,49014001,18|36|46|60,18|18|10|14,60,27944,13942,0.002142551064,0.004285102128,pass,pass,11
7013,49182169,18|100|102|112,18|82|2|10,112,27940,13914,0.003992585199,0.007985170398,pass,pass,23
7019,49266361,16|22|46|70,16|6|24|24,70,28006,13968,0.002493232654,0.004986465308,pass,pass,29
7027,49378729,22|30|52|58,22|8|22|6,58,28050,13996,0.002063469475,0.00412693895,pass,pass,7
7039,49547521,28|60|70|72,28|32|10|2,72,28084,14006,0.002557181418,0.005114362836,pass,pass,19
7043,49603849,10|18|54|72,10|8|36|18,72,28100,14014,0.002555729093,0.005111458185,pass,pass,23
7057,49801249,10|24|60|72,10|14|36|12,72,28156,14042,0.00255065892,0.00510131784,pass,pass,7
7069,49970761,36|40|46|66,36|4|6|20,66,28210,14072,0.002334134955,0.004668269911,pass,pass,19
7079,50112241,6|18|46|60,6|12|28|14,60,28256,14098,0.002118943354,0.004237886707,pass,pass,29
7103,50452609,4|12|34|70,4|8|22|36,70,28342,14136,0.002463747712,0.004927495424,pass,pass,23
7109,50537881,16|28|66|102,16|12|38|36,102,28334,14116,0.003587002391,0.007174004783,pass,pass,29
7121,50708641,16|40|48|76,16|24|8|28,76,28408,14166,0.002668164584,0.005336329167,pass,pass,11
7127,50794129,28|70|88|114,28|42|18|26,114,28394,14140,0.003998877508,0.007997755016,pass,pass,17
7129,50822641,36|42|52|70,36|6|10|18,70,28446,14188,0.002454762239,0.004909524477,pass,pass,19
7151,51136801,6|16|22|58,6|10|6|36,58,28546,14244,0.002027688435,0.00405537687,pass,pass,11
7159,51251281,6|78|96|130,6|72|18|34,130,28506,14188,0.004539740187,0.009079480374,pass,pass,19
7177,51509329,4|18|34|48,4|14|16|14,48,28660,14306,0.001672007803,0.003344015605,pass,pass,7
7187,51652969,12|58|64|82,12|46|6|18,82,28666,14292,0.002852372339,0.005704744678,pass,pass,17
7193,51739249,18|22|42|52,18|4|20|10,52,28720,14334,0.001807312665,0.00361462533,pass,pass,23
7207,51940849,4|24|58|64,4|20|34|6,64,28764,14350,0.002220063827,0.004440127654,pass,pass,7
7211,51998521,12|22|60|72,12|10|38|12,72,28772,14350,0.002496186382,0.004992372764,pass,pass,11
7213,52027369,10|18|30|58,10|8|12|28,58,28794,14368,0.002010259254,0.004020518508,pass,pass,13
7219,52113961,12|16|42|70,12|4|26|28,70,28806,14368,0.002424158471,0.004848316941,pass,pass,19
7229,52258441,16|22|28|30,16|6|6|2,30,28886,14428,0.001037487896,0.002074975792,pass,pass,29
7237,52374169,22|42|70|82,22|20|28|12,82,28866,14392,0.002832665469,0.005665330938,pass,pass,7
7243,52461049,58|64|102|130,58|6|38|28,130,28842,14356,0.004487090984,0.008974181969,pass,pass,13
7247,52519009,4|22|28|48,4|18|6|20,48,28940,14446,0.001655857596,0.003311715192,pass,pass,17
7253,52606009,18|24|52|60,18|6|28|8,60,28952,14446,0.002068109748,0.004136219495,pass,pass,23
7283,53042089,18|72|84|102,18|54|12|18,102,29030,14464,0.003501304408,0.007002608815,pass,pass,23
7297,53246209,30|48|60|70,30|18|12|10,70,29118,14524,0.002398245854,0.004796491709,pass,pass,7
7307,53392249,22|30|40|52,22|8|10|12,52,29176,14562,0.001779115916,0.003558231832,pass,pass,17
7309,53421481,12|22|46|66,12|10|24|20,66,29170,14552,0.002257490765,0.00451498153,pass,pass,19
7321,53597041,10|16|36|58,10|6|20|22,58,29226,14584,0.001980603743,0.003961207485,pass,pass,1
7331,53743561,16|42|58|72,16|26|16|14,72,29252,14590,0.002455326695,0.00491065339,pass,pass,11
7333,53772889,4|24|48|58,4|20|24|10,58,29274,14608,0.001977362607,0.003954725215,pass,pass,13
7349,54007801,18|52|66|72,18|34|14|6,72,29324,14626,0.002449312832,0.004898625663,pass,pass,29
7351,54037201,10|28|30|40,10|18|2|10,40,29364,14662,0.001360359135,0.00272071827,pass,pass,1
7369,54302161,16|28|40|42,16|12|12|2,42,29434,14696,0.001424888045,0.002849776089,pass,pass,19
7393,54656449,12|28|40|42,12|16|12|2,42,29530,14744,0.00142026241,0.002840524821,pass,pass,13
7411,54922921,22|28|30|48,22|6|2|18,48,29596,14774,0.001619214681,0.003238429362,pass,pass,1
7417,55011889,22|70|78|100,22|48|8|22,100,29568,14734,0.003370635028,0.006741270055,pass,pass,7
7433,55249489,10|28|54|70,10|18|26|16,70,29662,14796,0.002354365667,0.004708731333,pass,pass,23
7451,55517401,16|30|42|52,16|14|12|10,52,29752,14850,0.001744732251,0.003489464501,pass,pass,11
7457,55606849,4|34|48|58,4|30|14|10,58,29770,14856,0.001944481695,0.00388896339,pass,pass,17
7459,55636681,48|70|72|100,48|22|2|28,100,29736,14818,0.003351655718,0.006703311436,pass,pass,19
7477,55905529,10|30|58|60,10|20|28|2,60,29848,14894,0.0020061522,0.0040123044,pass,pass,7
7481,55965361,18|40|46|48,18|22|6|2,48,29876,14914,0.001604063628,0.003208127256,pass,pass,11
7487,56055169,22|24|34|52,22|2|10|18,52,29896,14922,0.001736342995,0.003472685989,pass,pass,17
7489,56085121,16|22|28|30,16|6|6|2,30,29926,14948,0.001001468821,0.002002937642,pass,pass,19
7499,56235001,58|96|120|130,58|38|24|10,130,29866,14868,0.004333911188,0.008667822376,pass,pass,29
7507,56355049,4|28|48|64,4|24|20|16,64,29964,14950,0.002131344079,0.004262688158,pass,pass,7
7517,56505289,40|58|60|64,40|18|2|4,64,30004,14970,0.002128508714,0.004257017427,pass,pass,17
7523,56595529,12|22|28|34,12|10|6|6,34,30058,15012,0.001129868404,0.002259736807,pass,pass,23
7529,56685841,18|36|72|76,18|18|36|4,76,30040,14982,0.002523575508,0.005047151016,pass,pass,29
7537,56806369,34|54|72|118,34|20|18|46,118,30030,14956,0.003914024148,0.007828048295,pass,pass,7
7541,56866681,6|16|18|46,6|10|2|28,46,30118,15036,0.001524996685,0.00304999337,pass,pass,11
7547,56957209,4|12|18|28,4|8|6|10,28,30160,15066,0.000927520869,0.001855041738,pass,pass,17
7549,56987401,18|66|76|108,18|48|10|32,108,30088,14990,0.003576632667,0.007153265333,pass,pass,19
7559,57138481,58|88|96|112,58|30|8|16,112,30124,15006,0.003704193676,0.007408387353,pass,pass,29
7561,57168721,12|42|60|70,12|30|18|10,70,30174,15052,0.002314508663,0.004629017326,pass,pass,1
7573,57350329,22|24|54|82,22|2|30|28,82,30210,15064,0.002706985343,0.005413970685,pass,pass,13
7577,57410929,4|64|70|78,4|60|6|8,78,30230,15076,0.002573577933,0.005147155866,pass,pass,17
7583,57501889,4|58|142|172,4|54|84|30,172,30160,14994,0.005670578927,0.011341157853,pass,pass,23
7589,57592921,28|40|52|60,28|12|12|8,60,30296,15118,0.001976544999,0.003953089999,pass,pass,29
7591,57623281,6|58|70|102,6|52|12|32,102,30262,15080,0.003359241207,0.006718482413,pass,pass,1
7603,57805609,42|82|88|94,42|40|6|6,94,30318,15112,0.003090885177,0.006181770354,pass,pass,13
7607,57866449,54|88|120|124,54|34|32|4,124,30304,15090,0.0040751939,0.008150387801,pass,pass,17
7621,58079641,48|58|76|90,48|10|18|14,90,30394,15152,0.002952368456,0.005904736911,pass,pass,1
7639,58354321,46|72|78|90,46|26|6|12,90,30466,15188,0.002945411703,0.005890823406,pass,pass,19
7643,58415449,4|10|30|58,4|6|20|28,58,30514,15228,0.001897160801,0.003794321601,pass,pass,23
7649,58507201,46|58|102|112,46|12|44|10,112,30484,15186,0.00366060923,0.00732121846,pass,pass,29
7669,58813561,22|28|72|88,22|6|44|16,88,30588,15250,0.002868692137,0.005737384274,pass,pass,19
7673,58874929,24|60|64|78,24|36|4|14,78,30614,15268,0.002541378861,0.005082757722,pass,pass,23
7681,58997761,16|28|118|138,16|12|90|20,138,30586,15224,0.004491602656,0.008983205312,pass,pass,1
7687,59089969,22|28|52|58,22|6|24|6,58,30690,15316,0.001886301548,0.003772603096,pass,pass,7
7691,59151481,28|30|42|76,28|2|12|34,76,30688,15306,0.002470419971,0.004940839943,pass,pass,11
7699,59274601,46|58|66|78,46|12|8|12,78,30718,15320,0.002532796467,0.005065592934,pass,pass,19
7703,59336209,4|18|28|48,4|14|10|20,48,30764,15358,0.00155783461,0.00311566922,pass,pass,23
7717,59552089,18|24|28|64,18|6|4|36,64,30804,15370,0.002073344564,0.004146689128,pass,pass,7
7723,59644729,4|22|70|84,4|18|48|14,84,30808,15362,0.002719150589,0.005438301178,pass,pass,13
7727,59706529,10|18|24|28,10|8|6|4,28,30880,15426,0.000905914326,0.001811828653,pass,pass,17
7741,59923081,30|40|58|72,30|10|18|14,72,30892,15410,0.002325280971,0.004650561943,pass,pass,1
7753,60109009,10|52|58|64,10|42|6|6,64,30948,15442,0.002063717271,0.004127434541,pass,pass,13
7757,60171049,24|28|52|64,24|4|24|12,64,30964,15450,0.002062653088,0.004125306175,pass,pass,17
7759,60202081,30|42|58|66,30|12|16|8,66,30970,15452,0.002126562701,0.004253125403,pass,pass,19
7789,60668521,6|16|70|90,6|10|54|20,90,31066,15488,0.002888689177,0.005777378354,pass,pass,19
7793,60730849,4|12|22|54,4|8|10|32,54,31118,15532,0.00173232388,0.003464647761,pass,pass,23
7817,61105489,4|18|30|40,4|14|12|10,40,31228,15594,0.001279263144,0.002558526289,pass,pass,17
7823,61199329,48|90|94|102,48|42|4|8,102,31190,15544,0.003259619072,0.006519238144,pass,pass,23
7829,61293241,36|58|66|76,36|22|8|10,76,31240,15582,0.002426874441,0.004853748882,pass,pass,29
7841,61481281,16|36|46|108,16|20|10|62,108,31256,15574,0.003443438337,0.006886876674,pass,pass,11
7853,61669609,58|60|100|102,58|2|40|2,102,31310,15604,0.003247166688,0.006494333376,pass,pass,23
7867,61889689,12|30|42|58,12|18|12|16,58,31410,15676,0.00184314224,0.003686284479,pass,pass,7
7873,61984129,18|28|34|54,18|10|6|20,54,31438,15692,0.001714721199,0.003429442398,pass,pass,13
7877,62047129,4|42|60|70,4|38|18|10,70,31438,15684,0.002221657992,0.004443315983,pass,pass,17
7879,62078641,18|30|36|42,18|12|6|6,42,31474,15716,0.001332656428,0.002665312857,pass,pass,19
7883,62141689,24|42|52|54,24|18|10|2,54,31478,15712,0.001712545985,0.00342509197,pass,pass,23
7901,62425801,12|36|60|70,12|24|24|10,70,31534,15732,0.002214909505,0.00442981901,pass,pass,11
7907,62520649,28|52|60|70,28|24|8|10,70,31558,15744,0.002213228785,0.004426457569,pass,pass,17
7919,62710561,12|28|30|58,12|16|2|28,58,31618,15780,0.001831039273,0.003662078545,pass,pass,29
7927,62837329,34|48|58|70,34|14|10|12,70,31638,15784,0.002207644758,0.004415289517,pass,pass,7
7933,62932489,48|58|64|70,48|10|6|6,70,31662,15796,0.002205975041,0.004411950082,pass,pass,13
7937,62995969,4|10|18|22,4|6|8|4,22,31726,15852,0.000692957037,0.001385914073,pass,pass,17
7949,63186601,76|100|102|118,76|24|2|16,118,31678,15780,0.003711158636,0.007422317273,pass,pass,29
7951,63218401,10|46|78|102,10|36|32|24,102,31702,15800,0.003207143756,0.006414287511,pass,pass,1
7963,63409369,4|28|48|52,4|24|20|4,52,31800,15874,0.001632550546,0.003265101093,pass,pass,13
7993,63888049,30|52|88|142,30|22|36|54,142,31830,15844,0.004441386213,0.008882772426,pass,pass,13
8009,64144081,18|28|36|40,18|10|8|4,40,31996,15978,0.00124859533,0.002497190661,pass,pass,29
8011,64176121,6|28|58|100,6|22|30|42,100,31944,15922,0.003120709025,0.00624141805,pass,pass,1
8017,64272289,22|48|58|64,22|26|10|6,64,32004,15970,0.001995759012,0.003991518024,pass,pass,7
8039,64625521,16|42|46|52,16|26|4|6,52,32104,16026,0.001617116557,0.003234233114,pass,pass,29
8053,64850809,18|30|52|78,18|12|22|26,78,32134,16028,0.002421457842,0.004842915684,pass,pass,13
8059,64947481,18|36|40|42,18|18|4|2,42,32194,16076,0.001302891178,0.002605782355,pass,pass,19
8069,65108761,6|42|58|72,6|36|16|14,72,32204,16066,0.002230759698,0.004461519395,pass,pass,29
8081,65302561,10|18|42|48,10|8|24|6,48,32276,16114,0.001484964732,0.002969929464,pass,pass,11
8087,65399569,4|54|58|72,4|50|4|14,72,32276,16102,0.002225794485,0.00445158897,pass,pass,17
8089,65431921,10|36|48|52,10|26|12|4,52,32304,16126,0.001607120781,0.003214241563,pass,pass,19
8093,65496649,4|10|64|102,4|6|54|38,102,32270,16084,0.003150871123,0.006301742246,pass,pass,23
8101,65626201,28|58|78|112,28|30|20|34,112,32292,16090,0.003456363412,0.006912726824,pass,pass,1
8111,65788321,18|36|40|58,18|18|4|18,58,32386,16164,0.001787695722,0.003575391444,pass,pass,11
8117,65885689,18|48|64|70,18|30|16|6,70,32398,16164,0.002155968954,0.004311937908,pass,pass,17
8123,65983129,4|18|24|34,4|14|6|10,34,32458,16212,0.001046411424,0.002092822849,pass,pass,23
8147,66373609,4|12|24|70,4|8|12|46,70,32518,16224,0.00214802995,0.004296059899,pass,pass,17
8161,66601921,46|70|112|150,46|24|42|38,150,32494,16172,0.004595025119,0.009190050239,pass,pass,1
8167,66699889,60|64|72|90,60|4|8|18,90,32578,16244,0.002754989592,0.005509979185,pass,pass,7
8171,66765241,28|46|60|72,28|18|14|12,72,32612,16270,0.00220291274,0.00440582548,pass,pass,11
8179,66896041,102|108|120|142,102|6|12|22,142,32574,16216,0.00434038391,0.00868076782,pass,pass,19
8191,67092481,10|30|40|58,10|20|10|18,58,32706,16324,0.001770235624,0.003540471249,pass,pass,1
8209,67387681,36|40|58|60,36|4|18|2,60,32776,16358,0.00182726276,0.003654525521,pass,pass,19
8219,67551961,10|22|60|96,10|12|38|36,96,32780,16342,0.002920063268,0.005840126536,pass,pass,29
8221,67584841,18|30|52|76,18|12|22|24,76,32808,16366,0.002311154361,0.004622308722,pass,pass,1
8231,67749361,10|28|30|36,10|18|2|6,36,32888,16426,0.001093427287,0.002186854574,pass,pass,11
8233,67782289,4|12|28|58,4|8|16|30,58,32874,16408,0.001761204907,0.003522409814,pass,pass,13
8237,67848169,22|34|42|54,22|12|8|12,54,32894,16420,0.001638946218,0.003277892437,pass,pass,17
8243,67947049,42|70|120|144,42|28|50|24,144,32828,16342,0.004367341987,0.008734683974,pass,pass,23
8263,68277169,22|24|88|120,22|2|64|32,120,32932,16406,0.003630642624,0.007261285247,pass,pass,13
8269,68376361,18|30|48|72,18|12|18|24,72,33004,16466,0.002176804934,0.004353609868,pass,pass,19
8273,68442529,4|22|24|58,4|18|2|34,58,33034,16488,0.001752689472,0.003505378944,pass,pass,23
8287,68674369,18|30|40|60,18|12|10|20,60,33088,16514,0.001810063956,0.003620127911,pass,pass,7
8291,68740681,6|10|16|48,6|4|6|32,48,33116,16534,0.001447352551,0.002894705102,pass,pass,11
8293,68773849,18|22|48|60,18|4|26|12,60,33112,16526,0.001808754371,0.003617508742,pass,pass,13
8297,68840209,48|54|58|100,48|6|4|42,100,33088,16494,0.003013137279,0.006026274557,pass,pass,17
8311,69072721,46|70|72|82,46|24|2|10,82,33162,16540,0.002466610516,0.004933221032,pass,pass,1
8317,69172489,24|28|58|72,24|4|30|14,72,33196,16562,0.002164241914,0.004328483828,pass,pass,7
8329,69372241,12|52|66|78,12|40|14|12,78,33238,16580,0.002341217433,0.004682434866,pass,pass,19
8353,69772609,4|12|18|40,4|8|6|22,40,33372,16666,0.001197174668,0.002394349336,pass,pass,13
8363,69939769,18|28|30|54,18|10|2|24,54,33398,16672,0.001614253258,0.003228506517,pass,pass,23
8369,70040161,36|48|70|72,36|12|22|2,72,33404,16666,0.002150794599,0.004301589198,pass,pass,29
8377,70174129,54|60|84|132,54|6|24|48,132,33376,16622,0.003939357765,0.007878715531,pass,pass,7
8387,70341769,10|42|54|58,10|32|12|4,58,33490,16716,0.001728866102,0.003457732205,pass,pass,17
8389,70375321,16|18|46|100,16|2|28|54,100,33456,16678,0.002980092979,0.005960185958,pass,pass,19
8419,70879561,12|16|36|46,12|4|20|10,46,33630,16792,0.001365957952,0.002731915905,pass,pass,19
8423,70946929,22|42|82|84,22|20|40|2,84,33608,16762,0.002493173454,0.004986346907,pass,pass,23
8429,71048041,10|28|30|52,10|18|2|22,52,33664,16806,0.00154229446,0.003084588919,pass,pass,29
8431,71081761,6|10|22|36,6|4|12|14,36,33688,16826,0.001067489029,0.002134978057,pass,pass,1
8443,71284249,12|18|22|28,12|6|4|6,28,33744,16858,0.000829089186,0.001658178373,pass,pass,13
8447,71351809,28|48|78|84,28|20|30|6,84,33704,16810,0.002486089736,0.004972179472,pass,pass,17
8461,71588521,12|36|70|102,12|24|34|32,102,33742,16820,0.003013828153,0.006027656305,pass,pass,1
8467,71690089,22|52|78|130,22|30|26|52,130,33738,16804,0.003838431558,0.007676863116,pass,pass,7
8501,72267001,22|28|52|60,22|6|24|8,60,33944,16942,0.001764498294,0.003528996589,pass,pass,11
8513,72471169,12|30|72|78,12|18|42|6,78,33974,16948,0.002290614355,0.004581228709,pass,pass,23
8521,72607441,12|22|30|58,12|10|8|28,58,34026,16984,0.001701678207,0.003403356414,pass,pass,1
8527,72709729,4|24|52|72,4|20|28|20,72,34036,16982,0.002110941715,0.004221883429,pass,pass,7
8537,72880369,4|34|58|64,4|30|24|6,64,34084,17010,0.001874194682,0.003748389364,pass,pass,17
8539,72914521,16|36|40|58,16|20|4|18,58,34098,17020,0.001698091111,0.003396182223,pass,pass,19
8543,72982849,10|24|34|42,10|14|10|8,42,34130,17044,0.001229076437,0.002458152874,pass,pass,23
8563,73324969,12|18|22|28,12|6|4|6,28,34224,17098,0.000817470513,0.001634941025,pass,pass,13
8573,73496329,4|18|48|78,4|14|30|30,78,34214,17068,0.002274582993,0.004549165986,pass,pass,23
8581,73633561,22|30|40|66,22|8|10|26,66,34258,17096,0.001922852814,0.003845705629,pass,pass,1
8597,73908409,4|18|42|54,4|14|24|12,54,34334,17140,0.001570315226,0.003140630452,pass,pass,17
8599,73942801,22|48|52|66,22|26|4|14,66,34330,17132,0.001918827771,0.003837655541,pass,pass,19
8609,74114881,16|18|88|130,16|2|70|42,130,34306,17088,0.003775119061,0.007550238123,pass,pass,29
8623,74356129,12|24|40|100,12|12|16|60,100,34392,17146,0.002899223008,0.005798446016,pass,pass,13
8627,74425129,10|34|48|52,10|24|14|4,52,34456,17202,0.001506896951,0.003013793903,pass,pass,17
8629,74459641,12|22|28|40,12|10|6|12,40,34476,17218,0.001158882837,0.002317765674,pass,pass,19
8641,74666881,6|42|46|70,6|36|4|24,70,34494,17212,0.002025228562,0.004050457123,pass,pass,1
8647,74770609,40|60|82|84,40|20|22|2,84,34504,17210,0.00242858795,0.004857175899,pass,pass,7
8663,75047569,22|24|34|42,22|2|10|8,42,34610,17284,0.001212051252,0.002424102505,pass,pass,23
8669,75151561,6|18|28|30,6|12|10|2,30,34646,17308,0.00086515169,0.00173030338,pass,pass,29
8677,75290329,28|30|58|64,28|2|28|6,64,34644,17290,0.001843955284,0.003687910568,pass,pass,7
8681,75359761,12|22|36|60,12|10|14|24,60,34664,17302,0.001727911531,0.003455823062,pass,pass,11
8689,75498721,6|16|18|42,6|10|2|24,42,34714,17336,0.001208424445,0.002416848889,pass,pass,19
8693,75568249,4|12|42|64,4|8|30|22,64,34708,17322,0.001840561371,0.003681122742,pass,pass,23
8699,75672601,6|36|70|82,6|30|34|12,82,34714,17316,0.002356592712,0.004713185424,pass,pass,29
8707,75811849,10|12|18|54,10|2|6|36,54,34774,17360,0.001550476628,0.003100953256,pass,pass,7
8713,75916369,18|28|64|70,18|10|36|6,70,34782,17356,0.002008493056,0.004016986113,pass,pass,13
8719,76020961,48|58|76|118,48|10|18|42,118,34758,17320,0.003383415529,0.006766831059,pass,pass,19
8731,76230361,6|60|88|120,6|54|28|32,120,34804,17342,0.003436032528,0.006872065056,pass,pass,1
8737,76335169,4|18|40|54,4|14|22|14,54,34894,17420,0.001545152798,0.003090305597,pass,pass,7
8741,76405081,12|16|48|60,12|4|32|12,60,34904,17422,0.001716050795,0.00343210159,pass,pass,11
8747,76510009,28|58|90|94,28|30|32|4,94,34894,17400,0.002686635418,0.005373270836,pass,pass,17
8753,76615009,22|48|52|70,22|26|4|18,70,34942,17436,0.001999314521,0.003998629041,pass,pass,23
8761,76755121,18|22|28|46,18|4|6|18,46,34998,17476,0.001312635544,0.002625271088,pass,pass,1
8779,77070841,22|28|30|60,22|6|2|30,60,35056,17498,0.00170862285,0.0034172457,pass,pass,19
8783,77141089,12|18|22|28,12|6|4|6,28,35104,17538,0.000796994193,0.001593988387,pass,pass,23
8803,77492809,64|72|84|88,64|8|12|4,88,35124,17518,0.002499148018,0.004998296035,pass,pass,13
8807,77563249,10|12|24|30,10|2|12|6,30,35198,17584,0.000851595322,0.001703190644,pass,pass,17
8819,77774761,12|30|102|108,12|18|72|6,108,35168,17530,0.003061571607,0.006123143214,pass,pass,29
8821,77810041,12|22|28|36,12|10|6|8,36,35248,17606,0.001020292484,0.002040584968,pass,pass,1
8831,77986561,30|42|66|70,30|12|24|4,70,35254,17592,0.001981655532,0.003963311063,pass,pass,11
8837,78092569,10|22|70|88,10|12|48|18,88,35260,17586,0.002489532647,0.004979065294,pass,pass,17
8839,78127921,82|100|102|120,82|18|2|18,120,35236,17558,0.003394049101,0.006788098201,pass,pass,19
8849,78304801,12|40|60|82,12|28|20|22,82,35314,17616,0.002316645949,0.004633291897,pass,pass,29
8861,78517321,12|22|36|58,12|10|14|22,58,35386,17664,0.001636384155,0.003272768311,pass,pass,11
8863,78552769,10|40|54|58,10|30|14|4,58,35394,17668,0.001636014893,0.003272029787,pass,pass,13
8867,78623689,58|60|88|112,58|2|28|24,112,35356,17622,0.003157776023,0.006315552047,pass,pass,17
8887,78978769,28|42|72|102,28|14|30|30,102,35446,17672,0.002869359739,0.005738719478,pass,pass,7
8893,79085449,10|42|58|60,10|32|16|2,60,35512,17726,0.001686719892,0.003373439784,pass,pass,13
8923,79619929,4|42|48|58,4|38|6|10,58,35634,17788,0.001625014009,0.003250028017,pass,pass,13
8929,79727041,10|16|70|102,10|6|54|32,102,35614,17756,0.002855862919,0.005711725837,pass,pass,19
8933,79798489,18|42|138|148,18|24|96|10,148,35584,17718,0.004141945595,0.00828389119,pass,pass,23
8941,79941481,28|36|42|70,28|8|6|28,70,35694,17812,0.001957275473,0.003914550945,pass,pass,1
8951,80120401,18|40|78|82,18|22|38|4,82,35722,17820,0.0022902469,0.0045804938,pass,pass,11
8963,80335369,22|28|48|78,22|6|20|30,78,35774,17848,0.002175610845,0.004351221689,pass,pass,23
8969,80442961,40|82|88|100,40|42|6|12,100,35776,17838,0.002787378749,0.005574757498,pass,pass,29
8971,80478841,6|66|72|76,6|60|6|4,76,35808,17866,0.00211793557,0.00423587114,pass,pass,1
8999,80982001,18|36|60|70,18|18|24|10,70,35926,17928,0.001944660518,0.003889321036,pass,pass,29
9001,81018001,12|16|18|52,12|4|2|34,52,35952,17950,0.001444283968,0.002888567937,pass,pass,1
9007,81126049,12|54|64|102,12|42|10|38,102,35926,17912,0.002831131342,0.005662262685,pass,pass,7
9011,81198121,30|36|60|72,30|6|24|12,72,35972,17950,0.00199755854,0.003995117079,pass,pass,11
9013,81234169,52|58|90|120,52|6|32|30,120,35932,17906,0.003328525463,0.006657050926,pass,pass,13
9029,81522841,28|52|66|70,28|24|14|4,70,36046,17988,0.001938199136,0.003876398272,pass,pass,29
9041,81739681,18|22|28|36,18|4|6|8,36,36128,18046,0.000995465103,0.001990930207,pass,pass,11
9043,81775849,22|42|52|58,22|20|10|6,58,36114,18028,0.001603450182,0.003206900365,pass,pass,13
9049,81884401,18|42|96|120,18|24|54|24,120,36076,17978,0.003315283457,0.006630566913,pass,pass,19
9059,82065481,12|28|40|42,12|16|12|2,42,36194,18076,0.00115906833,0.00231813666,pass,pass,29
9067,82210489,12|30|48|82,12|18|18|34,82,36186,18052,0.002260946289,0.004521892577,pass,pass,7
9091,82646281,22|40|42|46,22|18|2|4,46,36318,18136,0.00126498735,0.0025299747,pass,pass,1
9103,82864609,22|58|64|70,22|36|6|6,70,36342,18136,0.001922443151,0.003844886301,pass,pass,13
9109,82973881,28|30|40|72,28|2|10|32,72,36364,18146,0.001976067625,0.003952135251,pass,pass,19
9127,83302129,28|54|58|88,28|26|4|30,88,36420,18166,0.002410430591,0.004820861181,pass,pass,7
9133,83411689,4|22|30|58,4|18|8|28,58,36474,18208,0.001587649184,0.003175298369,pass,pass,13
9137,83484769,18|58|64|120,18|40|6|56,120,36428,18154,0.003283353398,0.006566706797,pass,pass,17
9151,83740801,6|36|40|42,6|30|4|2,42,36562,18260,0.001147415583,0.002294831166,pass,pass,1
9157,83850649,4|22|24|28,4|18|2|4,28,36600,18286,0.000764442503,0.001528885006,pass,pass,7
9161,83923921,28|46|60|72,28|18|14|12,72,36572,18250,0.001964850999,0.003929701998,pass,pass,11
9173,84143929,24|72|100|112,24|48|28|12,112,36580,18234,0.003052436498,0.006104872997,pass,pass,23
9181,84290761,58|66|70|78,58|8|4|8,78,36646,18284,0.002123951639,0.004247903279,pass,pass,1
9187,84400969,4|30|42|60,4|26|12|18,60,36688,18314,0.001632741918,0.003265483836,pass,pass,7
9199,84621601,36|42|52|88,36|6|10|36,88,36708,18310,0.0023915643,0.004783128601,pass,pass,19
9203,84695209,4|22|30|70,4|18|8|40,70,36742,18336,0.001901553841,0.003803107682,pass,pass,23
9209,84805681,6|10|22|30,6|4|12|8,30,36806,18388,0.000814420675,0.001628841351,pass,pass,29
9221,85026841,16|76|96|100,16|60|20|4,100,36784,18342,0.00271120269,0.005422405379,pass,pass,11
9227,85137529,12|24|54|58,12|12|30|4,58,36850,18396,0.001571475019,0.003142950038,pass,pass,17
9239,85359121,28|46|58|126,28|18|12|68,126,36830,18352,0.003409459898,0.006818919797,pass,pass,29
9241,85396081,12|28|58|60,12|16|30|2,60,36904,18422,0.001623200952,0.003246401905,pass,pass,1
9257,85692049,34|70|102|108,34|36|32|6,108,36920,18406,0.002916711678,0.005833423355,pass,pass,17
9277,86062729,12|18|30|34,12|6|12|4,34,37074,18520,0.000916244476,0.001832488951,pass,pass,7
9281,86136961,18|36|66|96,18|18|30|30,96,37028,18466,0.00258592824,0.005171856481,pass,pass,11
9283,86174089,4|94|124|198,4|90|30|74,198,36934,18368,0.005332327911,0.010664655822,pass,pass,13
9293,86359849,4|60|64|70,4|56|4|6,70,37102,18516,0.001883137846,0.003766275691,pass,pass,23
9311,86694721,12|28|58|72,12|16|30|14,72,37172,18550,0.001933197294,0.003866394587,pass,pass,11
9319,86843761,60|72|96|112,60|12|24|16,112,37164,18526,0.003004614229,0.006009228458,pass,pass,19
9323,86918329,4|10|24|42,4|6|14|18,42,37250,18604,0.001126246916,0.002252493832,pass,pass,23
9337,87179569,60|64|100|102,60|4|36|2,102,37246,18572,0.002731069937,0.005462139874,pass,pass,7
9341,87254281,28|66|90|100,28|38|24|10,100,37264,18582,0.002676372979,0.005352745959,pass,pass,11
9343,87291649,12|48|64|78,12|36|16|14,78,37294,18608,0.00208712405,0.0041742481,pass,pass,13
9349,87403801,30|66|70|72,30|36|4|2,72,37324,18626,0.001925339609,0.003850679217,pass,pass,19
9371,87815641,28|30|58|72,28|2|28|14,72,37412,18670,0.00192081955,0.003841639099,pass,pass,11
9377,87928129,4|18|24|28,4|14|6|4,28,37480,18726,0.000746507412,0.001493014824,pass,pass,17
9391,88190881,30|42|76|100,30|12|34|24,100,37464,18682,0.00266212331,0.005324246619,pass,pass,1
9397,88303609,10|58|60|64,10|48|2|4,64,37524,18730,0.001702671065,0.00340534213,pass,pass,7
9403,88416409,4|22|48|58,4|18|26|10,58,37554,18748,0.001542061044,0.003084122089,pass,pass,13
9413,88604569,18|40|42|54,18|22|2|12,54,37598,18772,0.001434186763,0.002868373526,pass,pass,23
9419,88717561,28|36|66|72,28|8|30|6,72,37604,18766,0.001911030895,0.00382206179,pass,pass,29
9421,88755241,16|28|40|60,16|12|12|20,60,37624,18782,0.001592187666,0.003184375332,pass,pass,1
9431,88943761,70|76|78|82,70|6|2|4,82,37642,18780,0.002173682536,0.004347365073,pass,pass,11
9433,88981489,24|28|34|58,24|4|6|24,58,37674,18808,0.00153715679,0.00307431358,pass,pass,13
9437,89056969,82|100|102|124,82|18|2|22,124,37624,18750,0.003284942249,0.006569884497,pass,pass,17
9439,89094721,46|48|66|72,46|2|18|6,72,37684,18806,0.001906981672,0.003813963344,pass,pass,19
9461,89510521,6|60|70|112,6|54|10|42,112,37732,18810,0.002959518021,0.005919036043,pass,pass,11
9463,89548369,4|78|88|102,4|74|10|14,102,37750,18824,0.002694705696,0.005389411392,pass,pass,13
9467,89624089,10|84|90|144,10|74|6|54,144,37724,18790,0.003802683004,0.007605366008,pass,pass,17
9473,89737729,4|58|82|100,4|54|24|18,100,37792,18846,0.002639079489,0.005278158978,pass,pass,23
9479,89851441,12|16|28|30,12|4|12|2,30,37886,18928,0.000791222703,0.001582445406,pass,pass,29
9491,90079081,36|42|58|70,36|6|16|12,70,37894,18912,0.00184385207,0.003687704141,pass,pass,11
9497,90193009,30|40|58|64,30|10|18|6,64,37924,18930,0.00168474255,0.003369485101,pass,pass,17
9511,90459121,18|30|42|76,18|12|12|34,76,37968,18946,0.001997686889,0.003995373778,pass,pass,1
9521,90649441,12|60|100|112,12|48|40|12,112,37972,18930,0.002940867556,0.005881735112,pass,pass,11
9533,90878089,42|58|60|82,42|16|2|22,82,38050,18984,0.00215042484,0.00430084968,pass,pass,23
9539,90992521,16|42|46|60,16|26|4|14,60,38096,19018,0.001572491875,0.003144983751,pass,pass,29
9547,91145209,60|72|82|84,60|12|10|2,84,38104,19010,0.002199643867,0.004399287734,pass,pass,7
9551,91221601,6|30|52|60,6|24|22|8,60,38144,19042,0.001570516176,0.003141032353,pass,pass,11
9587,91910569,10|34|48|64,10|24|14|16,64,38284,19110,0.001668926672,0.003337853343,pass,pass,17
9601,92179201,6|10|22|36,6|4|12|14,36,38368,19166,0.000937402354,0.001874804708,pass,pass,1
9613,92409769,34|58|78|82,34|24|20|4,82,38370,19144,0.002132528867,0.004265057734,pass,pass,13
9619,92525161,10|18|28|60,10|8|10|32,60,38416,19178,0.00155941366,0.003118827321,pass,pass,19
9623,92602129,22|42|60|64,22|20|18|4,64,38428,19182,0.001662683155,0.00332536631,pass,pass,23
9629,92717641,18|66|78|90,18|48|12|12,90,38426,19168,0.002336691245,0.00467338249,pass,pass,29
9631,92756161,16|18|36|70,16|2|18|34,70,38454,19192,0.001817049112,0.003634098224,pass,pass,1
9643,92987449,64|70|78|114,64|6|8|36,114,38458,19172,0.00295551177,0.00591102354,pass,pass,13
9649,93103201,6|46|72|76,6|40|26|4,76,38520,19222,0.001969115971,0.003938231941,pass,pass,19
9661,93334921,12|18|30|78,12|6|12|48,78,38566,19244,0.002018424594,0.004036849187,pass,pass,1
9677,93644329,28|42|70|72,28|14|28|2,72,38636,19282,0.001860080603,0.003720161207,pass,pass,17
9679,93683041,18|22|28|36,18|4|6|8,36,38680,19322,0.000929848125,0.00185969625,pass,pass,19
9689,93876721,42|60|66|70,42|18|6|4,70,38686,19308,0.001806171948,0.003612343895,pass,pass,29
9697,94031809,18|22|40|48,18|4|18|8,48,38740,19346,0.001237496133,0.002474992266,pass,pass,7
9719,94458961,6|10|16|22,6|4|6|6,22,38854,19416,0.000565901842,0.001131803684,pass,pass,29
9721,94497841,6|12|60|70,6|6|48|10,70,38814,19372,0.001800226314,0.003600452628,pass,pass,1
9733,94731289,22|28|48|94,22|6|20|46,94,38838,19372,0.002414466249,0.004828932498,pass,pass,13
9739,94848121,18|36|76|78,18|18|40|2,78,38878,19400,0.002002258959,0.004004517918,pass,pass,19
9743,94926049,10|40|58|70,10|30|18|12,70,38902,19416,0.001796161347,0.003592322693,pass,pass,23
9749,95043001,18|22|30|36,18|4|8|6,36,38960,19462,0.000923171607,0.001846343215,pass,pass,29
9767,95394289,48|82|84|100,48|34|2|16,100,38968,19434,0.002559639603,0.005119279205,pass,pass,17
9769,95433361,6|52|60|70,6|46|8|10,70,39006,19468,0.001791380899,0.003582761798,pass,pass,19
9781,95667961,46|48|58|70,46|2|10|12,70,39054,19492,0.00178918311,0.00357836622,pass,pass,1
9787,95785369,28|54|82|84,28|26|28|2,84,39064,19490,0.002145703484,0.004291406968,pass,pass,7
9791,95863681,30|36|58|72,30|6|22|14,72,39092,19510,0.001838423042,0.003676846083,pass,pass,11
9803,96098809,4|78|112|114,4|74|34|2,114,39098,19492,0.002907273284,0.005814546567,pass,pass,23
9811,96255721,16|42|48|58,16|26|6|10,58,39186,19564,0.001477932932,0.002955865865,pass,pass,1
9817,96373489,10|28|34|64,10|18|6|30,64,39204,19570,0.001629825812,0.003259651625,pass,pass,7
9829,96609241,10|22|36|46,10|12|14|10,46,39270,19612,0.001170007122,0.002340014244,pass,pass,19
9833,96687889,4|18|22|34,4|14|4|12,34,39298,19632,0.000864436083,0.001728872165,pass,pass,23
9839,96805921,16|46|58|70,16|30|12|12,70,39286,19608,0.00177863604,0.00355727208,pass,pass,29
9851,97042201,18|22|28|36,18|4|6|8,36,39368,19666,0.000913612831,0.001827225662,pass,pass,11
9857,97160449,18|40|64|94,18|22|24|30,94,39334,19620,0.002384092523,0.004768185046,pass,pass,17
9859,97199881,48|70|102|126,48|22|32|24,126,39310,19592,0.003195050208,0.006390100416,pass,pass,19
9871,97436641,16|18|42|58,16|2|24|16,58,39426,19684,0.001468949448,0.002937898896,pass,pass,1
9883,97673689,24|54|148|154,24|30|94|6,154,39378,19612,0.003895578266,0.007791156531,pass,pass,13
9887,97752769,4|52|64|88,4|48|12|24,88,39460,19686,0.002225144129,0.004450288257,pass,pass,17
9901,98029801,16|18|46|58,16|2|28|12,58,39546,19744,0.001464498536,0.002928997071,pass,pass,1
9907,98148649,42|78|84|124,42|36|6|40,124,39504,19690,0.003129100636,0.006258201272,pass,pass,7
9923,98465929,34|52|102|112,34|18|50|10,112,39580,19734,0.0028217273,0.0056434546,pass,pass,23
9929,98585041,18|46|52|76,18|28|6|24,76,39640,19782,0.001913586464,0.003827172928,pass,pass,29
9931,98624761,16|36|58|70,16|20|22|12,70,39654,19792,0.001762158896,0.003524317793,pass,pass,1
9941,98823481,40|100|102|198,40|60|2|96,198,39566,19684,0.004979378332,0.009958756664,pass,pass,11
9949,98982601,6|12|16|22,6|6|4|6,22,39774,19876,0.000552819379,0.001105638758,pass,pass,19
9967,99341089,18|22|24|78,18|4|2|54,78,39790,19856,0.001956456306,0.003912912612,pass,pass,7
9973,99460729,18|30|42|54,18|12|12|12,54,39838,19892,0.001353654868,0.002707309736,pass,pass,13
10007,100140049,10|18|58|64,10|8|40|6,64,39964,19950,0.001598880783,0.003197761567,pass,pass,17
10009,100180081,28|58|78|96,28|30|20|18,96,39940,19922,0.002397841942,0.004795683885,pass,pass,19
10037,100741369,4|40|60|72,4|36|20|12,72,40076,20002,0.001793364551,0.003586729102,pass,pass,17
10039,100781521,10|18|36|42,10|8|18|6,42,40114,20036,0.001045920908,0.002091841817,pass,pass,19
10061,101223721,16|18|22|36,16|2|4|14,36,40208,20086,0.000894543286,0.001789086572,pass,pass,11
10067,101344489,30|58|72|82,30|28|14|10,82,40186,20052,0.002036356412,0.004072712824,pass,pass,17
10069,101384761,10|46|58|66,10|36|12|8,66,40210,20072,0.001638693018,0.003277386036,pass,pass,19
10079,101586241,40|58|60|70,40|18|2|10,70,40246,20088,0.001736283361,0.003472566723,pass,pass,29
10091,101828281,46|52|66|78,46|6|14|12,78,40286,20104,0.001932415023,0.003864830047,pass,pass,11
10093,101868649,24|64|78|112,24|40|14|34,112,40260,20074,0.002774199941,0.005548399881,pass,pass,13
10099,101989801,28|30|40|46,28|2|10|6,46,40350,20152,0.001138726607,0.002277453213,pass,pass,19
10103,102070609,12|18|28|34,12|6|10|6,34,40378,20172,0.000841334257,0.001682668514,pass,pass,23
10111,102232321,60|70|88|102,60|10|18|14,102,40342,20120,0.002522005736,0.005044011473,pass,pass,1
10133,102677689,4|58|64|72,4|54|6|8,72,40460,20194,0.001776374223,0.003552748446,pass,pass,23
10139,102799321,10|16|72|78,10|6|56|6,78,40478,20200,0.001923266594,0.003846533189,pass,pass,29
10141,102839881,18|22|30|60,18|4|8|30,60,40504,20222,0.001479144069,0.002958288137,pass,pass,1
10151,103042801,10|36|42|60,10|26|6|18,60,40544,20242,0.001477686927,0.002955373855,pass,pass,11
10159,103205281,18|22|28|60,18|4|6|32,60,40576,20258,0.00147652328,0.00295304656,pass,pass,19
10163,103286569,12|24|40|52,12|12|16|12,52,40600,20274,0.001279149857,0.002558299715,pass,pass,23
10169,103408561,18|36|48|58,18|18|12|10,58,40618,20280,0.001425902252,0.002851804504,pass,pass,29
10177,103571329,4|28|60|78,4|24|32|18,78,40630,20276,0.00191608529,0.003832170581,pass,pass,7
10181,103652761,42|60|70|76,42|18|10|6,76,40648,20286,0.001866221393,0.003732442786,pass,pass,11
10193,103897249,22|24|100|124,22|2|76|24,124,40648,20262,0.003041302855,0.00608260571,pass,pass,23
10211,104264521,18|60|76|106,18|42|16|30,106,40738,20316,0.002595240427,0.005190480854,pass,pass,11
10223,104509729,10|24|30|42,10|14|6|12,42,40850,20404,0.001027095764,0.002054191529,pass,pass,23
10243,104919049,42|82|102|118,42|40|20|16,118,40854,20368,0.00288001562,0.005760031241,pass,pass,13
10247,105001009,10|22|28|42,10|12|6|14,42,40946,20452,0.001024690153,0.002049380306,pass,pass,17
10253,105124009,28|48|78|100,28|20|30|22,100,40912,20406,0.002438310738,0.004876621477,pass,pass,23
10259,105247081,36|46|52|88,36|10|6|36,88,40948,20430,0.002144458524,0.004288917048,pass,pass,29
10267,105411289,18|48|60|64,18|30|12|4,64,41004,20470,0.001558390961,0.003116781923,pass,pass,7
10271,105493441,6|22|36|58,6|16|14|22,58,41026,20484,0.001411741797,0.002823483595,pass,pass,11
10273,105534529,18|48|88|100,18|30|40|12,100,40992,20446,0.002433563711,0.004867127421,pass,pass,13
10289,105863521,10|46|66|70,10|36|20|4,70,41086,20508,0.001700845563,0.003401691126,pass,pass,29
10301,106110601,18|36|70|72,18|18|34|2,72,41132,20530,0.001747403165,0.003494806329,pass,pass,11
10303,106151809,10|18|58|60,10|8|40|2,60,41152,20546,0.001455886635,0.00291177327,pass,pass,13
10313,106357969,12|28|54|84,12|16|26|30,84,41168,20542,0.002036264908,0.004072529817,pass,pass,23
10321,106523041,36|48|66|106,36|12|18|40,106,41178,20536,0.002567580661,0.005135161322,pass,pass,1
10331,106729561,22|42|58|66,22|20|16|8,66,41258,20596,0.001597134837,0.003194269674,pass,pass,11
10333,106770889,4|12|30|52,4|8|18|22,52,41280,20614,0.0012581051,0.0025162102,pass,pass,13
10337,106853569,4|28|42|58,4|24|14|16,58,41290,20616,0.001402728064,0.002805456128,pass,pass,17
10343,106977649,4|10|18|52,4|6|8|34,52,41320,20634,0.001256888717,0.002513777434,pass,pass,23
10357,107267449,4|58|70|78,4|54|12|8,78,41350,20636,0.00188278459,0.00376556918,pass,pass,7
10369,107516161,18|42|48|78,18|24|6|30,78,41398,20660,0.001880605651,0.003761211303,pass,pass,19
10391,107972881,22|42|48|60,22|20|6|12,60,41504,20722,0.001443556924,0.002887113849,pass,pass,11
10399,108139201,10|18|36|42,10|8|18|6,42,41554,20756,0.001009712472,0.002019424945,pass,pass,19
10427,108722329,4|18|52|88,4|14|34|36,88,41620,20766,0.002109906972,0.004219813945,pass,pass,17
10429,108764041,18|28|36|42,18|10|8|6,42,41674,20816,0.001006807939,0.002013615879,pass,pass,19
10433,108847489,4|24|48|64,4|20|24|16,64,41668,20802,0.001533595323,0.003067190645,pass,pass,23
10453,109265209,22|42|54|72,22|20|12|18,72,41740,20834,0.001721993686,0.003443987372,pass,pass,13
10457,109348849,12|18|52|58,12|6|34|6,58,41770,20856,0.001386630965,0.00277326193,pass,pass,17
10459,109390681,12|58|112|126,12|46|54|14,126,41710,20792,0.003011760207,0.006023520413,pass,pass,19
10463,109474369,64|102|112|120,64|38|10|8,120,41732,20806,0.002867246488,0.005734492975,pass,pass,23
10477,109767529,4|28|34|70,4|24|6|36,70,41838,20884,0.001670325475,0.00334065095,pass,pass,7
10487,109977169,52|78|84|102,52|26|6|18,102,41846,20872,0.002431581959,0.004863163917,pass,pass,17
10499,110229001,18|22|42|58,18|4|20|16,58,41938,20940,0.001381083913,0.002762167826,pass,pass,29
10501,110271001,10|12|18|36,10|2|6|18,36,41968,20966,0.000857061232,0.001714122465,pass,pass,1
10513,110523169,22|28|30|52,22|6|2|22,52,42000,20974,0.001236564254,0.002473128508,pass,pass,13
10529,110859841,30|58|60|126,30|28|2|66,126,41990,20932,0.002991737107,0.005983474214,pass,pass,29
10531,110901961,10|16|18|22,10|6|2|4,22,42102,21040,0.000522267591,0.001044535182,pass,pass,1
10559,111492481,6|16|18|48,6|10|2|30,48,42188,21070,0.001136471257,0.002272942513,pass,pass,29
10567,111661489,4|18|52|58,4|14|34|6,58,42210,21076,0.001372196461,0.002744392921,pass,pass,7
10589,112126921,18|22|60|76,18|4|38|16,76,42280,21102,0.001794314855,0.00358862971,pass,pass,29
10597,112296409,12|52|58|60,12|40|6|2,60,42328,21134,0.001415494951,0.002830989903,pass,pass,7
10601,112381201,22|28|66|102,22|6|38|36,102,42302,21100,0.00240543345,0.004810866899,pass,pass,11
10607,112508449,22|40|48|72,22|18|8|24,72,42356,21142,0.001696992552,0.003393985104,pass,pass,17
10613,112635769,4|52|58|70,4|48|6|12,70,42382,21156,0.001648921134,0.003297842269,pass,pass,23
10627,112933129,12|58|70|72,12|46|12|2,72,42436,21182,0.001693798814,0.003387597629,pass,pass,7
10631,113018161,6|12|22|76,6|6|10|54,76,42448,21186,0.001787226037,0.003574452074,pass,pass,11
10639,113188321,28|36|78|96,28|8|42|18,96,42460,21182,0.002255851114,0.004511702228,pass,pass,19
10651,113443801,16|22|58|100,16|6|36|42,100,42504,21202,0.002347197446,0.004694394892,pass,pass,1
10657,113571649,24|48|58|60,24|24|10|2,60,42568,21254,0.00140752557,0.00281505114,pass,pass,7
10663,113699569,54|90|130|132,54|36|40|2,132,42520,21194,0.003094813842,0.006189627685,pass,pass,13
10667,113784889,30|52|54|78,30|22|2|24,78,42590,21256,0.001828067873,0.003656135746,pass,pass,17
10687,114211969,18|42|48|72,18|24|6|24,72,42676,21302,0.001684289323,0.003368578647,pass,pass,7
10691,114297481,18|22|42|48,18|4|20|6,48,42716,21334,0.001122439435,0.00224487887,pass,pass,11
10709,114682681,36|58|70|78,36|22|12|8,78,42758,21340,0.00182089831,0.00364179662,pass,pass,29
10711,114725521,30|40|58|78,30|10|18|20,78,42766,21344,0.001820558305,0.003641116609,pass,pass,1
10723,114982729,10|24|30|42,10|14|6|12,42,42850,21404,0.000979203581,0.001958407162,pass,pass,13
10729,115111441,42|48|70|76,42|6|22|6,76,42840,21382,0.001770901296,0.003541802591,pass,pass,19
10733,115197289,18|22|64|70,18|4|42|6,70,42862,21396,0.001630485419,0.003260970838,pass,pass,23
10739,115326121,10|36|66|78,10|26|30|12,78,42878,21400,0.001815811528,0.003631623056,pass,pass,29
10753,115627009,58|78|102|124,58|20|24|22,124,42888,21382,0.002882916395,0.005765832791,pass,pass,13
10771,116014441,22|28|90|96,22|6|62|6,96,42988,21446,0.002228205366,0.004456410733,pass,pass,1
10781,116229961,30|66|72|82,30|36|6|10,82,43042,21480,0.001901493368,0.003802986736,pass,pass,11
10789,116402521,6|96|118|132,6|90|22|14,132,43024,21446,0.003058670868,0.006117341737,pass,pass,19
10799,116618401,6|28|30|42,6|22|2|12,42,43154,21556,0.000972312251,0.001944624502,pass,pass,29
10831,117310561,12|16|78|90,12|4|62|12,90,43234,21572,0.002077370511,0.004154741021,pass,pass,1
10837,117440569,22|28|54|82,22|6|26|28,82,43266,21592,0.001891667436,0.003783334871,pass,pass,7
10847,117657409,42|70|102|108,42|28|32|6,108,43280,21586,0.002489167512,0.004978335024,pass,pass,17
10853,117787609,10|34|58|90,10|24|24|32,90,43322,21616,0.002073159495,0.00414631899,pass,pass,23
10859,117917881,16|22|28|48,16|6|6|20,48,43388,21670,0.001105074132,0.002210148264,pass,pass,29
10861,117961321,10|60|70|102,10|50|10|32,102,43342,21620,0.002347850106,0.004695700212,pass,pass,1
10867,118091689,24|30|42|58,24|6|12|16,58,43410,21676,0.001334314898,0.002668629797,pass,pass,7
10883,118439689,40|54|64|78,40|14|10|14,78,43454,21688,0.001791785353,0.003583570707,pass,pass,23
10889,118570321,16|22|30|46,16|6|8|16,46,43510,21732,0.001056111672,0.002112223345,pass,pass,29
10891,118613881,18|46|52|106,18|28|6|54,106,43458,21676,0.002433201726,0.004866403452,pass,pass,1
10903,118875409,30|72|108|118,30|42|36|10,118,43494,21688,0.002705677337,0.005411354673,pass,pass,13
10909,119006281,36|42|52|72,36|6|10|20,72,43564,21746,0.00165001375,0.0033000275,pass,pass,19
10937,119617969,4|18|22|58,4|14|4|36,58,43690,21816,0.001325774893,0.002651549785,pass,pass,17
10939,119661721,28|40|48|58,28|12|8|10,58,43698,21820,0.001325532498,0.002651064997,pass,pass,19
10949,119880601,10|12|40|52,10|2|28|12,52,43744,21846,0.001187323043,0.002374646086,pass,pass,29
10957,120055849,30|42|60|84,30|12|18|24,84,43744,21830,0.001916583006,0.003833166013,pass,pass,7
10973,120406729,10|28|70|78,10|18|42|8,78,43814,21868,0.001777089219,0.003554178438,pass,pass,23
10979,120538441,18|46|72|78,18|28|26|6,78,43838,21880,0.001776118044,0.003552236087,pass,pass,29
10987,120714169,24|28|34|52,24|4|6|18,52,43896,21922,0.001183216529,0.002366433057,pass,pass,7
10993,120846049,4|18|48|60,4|14|30|12,60,43912,21926,0.001364504685,0.00272900937,pass,pass,13
11003,121066009,12|28|42|54,12|16|14|12,54,43958,21952,0.001226938108,0.002453876216,pass,pass,23
11027,121594729,18|28|34|40,18|10|6|6,40,44068,22014,0.000906864968,0.001813729936,pass,pass,17
11047,122036209,10|22|60|94,10|12|38|34,94,44094,22000,0.002127274373,0.004254548746,pass,pass,7
11057,122257249,22|28|30|58,22|6|2|28,58,44170,22056,0.001311386452,0.002622772904,pass,pass,17
11059,122301481,12|52|102|120,12|40|50|18,120,44116,21998,0.002712722669,0.005425445339,pass,pass,19
11069,122522761,28|76|78|118,28|48|2|40,118,44158,22020,0.002665100732,0.005330201464,pass,pass,29
11071,122567041,6|22|36|100,6|16|14|64,100,44184,22042,0.002258151928,0.004516303857,pass,pass,1
11083,122832889,34|58|112|144,34|24|54|32,144,44188,22022,0.003248217992,0.006496435983,pass,pass,13
11087,122921569,12|18|28|30,12|6|10|2,30,44318,22144,0.000676467935,0.001352935871,pass,pass,17
11093,123054649,12|34|60|90,12|22|26|30,90,44282,22096,0.002028306139,0.004056612278,pass,pass,23
11113,123498769,42|52|58|64,42|10|6|6,64,44388,22162,0.001439755242,0.002879510483,pass,pass,13
11117,123587689,40|60|78|88,40|20|18|10,88,44380,22146,0.001978951156,0.003957902312,pass,pass,17
11119,123632161,48|72|76|126,48|24|4|50,126,44350,22112,0.002832988578,0.005665977156,pass,pass,19
11131,123899161,12|36|60|66,12|24|24|6,66,44458,22196,0.0014823466,0.002964693199,pass,pass,1
11149,124300201,6|12|16|46,6|6|4|30,46,44550,22252,0.001031482644,0.002062965288,pass,pass,19
11159,124523281,10|12|72|82,10|2|60|10,82,44554,22236,0.001837082176,0.003674164352,pass,pass,29
11161,124567921,36|48|58|66,36|12|10|8,66,44578,22256,0.001478362154,0.002956724308,pass,pass,1
11171,124791241,42|46|70|108,42|4|24|38,108,44576,22234,0.002416972518,0.004833945036,pass,pass,11
11173,124835929,4|28|60|100,4|24|32|40,100,44592,22246,0.002237536919,0.004475073839,pass,pass,13
11177,124925329,18|64|78|84,18|46|14|6,84,44624,22270,0.00187885837,0.00375771674,pass,pass,17
11197,125372809,4|18|22|24,4|14|4|2,24,44764,22370,0.000535857819,0.001071715638,pass,pass,7
11213,125731369,58|60|64|142,58|2|4|78,142,44710,22284,0.003165968073,0.006331936146,pass,pass,23
11239,126315121,10|18|60|70,10|8|42|10,70,44886,22408,0.001557078032,0.003114156064,pass,pass,19
11243,126405049,18|40|58|78,18|22|18|20,78,44894,22408,0.001734412523,0.003468825047,pass,pass,23
11251,126585001,12|36|46|60,12|24|10|14,60,44944,22442,0.001333214825,0.002666429651,pass,pass,1
11257,126720049,18|22|24|54,18|4|2|30,54,44974,22460,0.001199253798,0.002398507595,pass,pass,7
11261,126810121,12|22|28|48,12|10|6|20,48,44996,22474,0.001065624722,0.002131249445,pass,pass,11
11273,127080529,10|70|72|88,10|60|2|16,88,45004,22458,0.001951565688,0.003903131376,pass,pass,23
11279,127215841,16|36|48|76,16|20|12|28,76,45040,22482,0.001684546502,0.003369093005,pass,pass,29
11287,127396369,24|28|52|60,24|4|24|8,60,45088,22514,0.001328962523,0.002657925047,pass,pass,7
11299,127667401,16|28|58|96,16|12|30|38,96,45100,22502,0.002124081777,0.004248163554,pass,pass,19
11311,127938721,18|30|36|58,18|12|6|22,58,45186,22564,0.001281937937,0.002563875873,pass,pass,1
11317,128074489,4|28|34|48,4|24|6|14,48,45220,22586,0.001060351683,0.002120703367,pass,pass,7
11321,128165041,6|30|70|96,6|24|40|26,96,45188,22546,0.002119954068,0.004239908135,pass,pass,11
11329,128346241,6|18|48|72,6|12|30|24,72,45244,22586,0.001588842793,0.003177685586,pass,pass,19
11351,128845201,28|66|70|72,28|38|4|2,72,45332,22630,0.001585763369,0.003171526738,pass,pass,11
11353,128890609,4|28|30|70,4|24|2|40,70,45342,22636,0.00154144279,0.003082885581,pass,pass,13
11369,129254161,40|58|72|106,40|18|14|34,106,45370,22632,0.002330899815,0.004661799631,pass,pass,29
11383,129572689,10|12|24|52,10|2|12|28,52,45480,22714,0.00114205394,0.00228410788,pass,pass,13
11393,129800449,10|18|22|60,10|8|4|38,60,45512,22726,0.001316597911,0.002633195822,pass,pass,23
11399,129937201,10|52|60|66,10|42|8|6,66,45530,22732,0.001447495394,0.002894990789,pass,pass,29
11411,130210921,16|40|42|46,16|24|2|4,46,45598,22776,0.001007799492,0.002015598983,pass,pass,11
11423,130484929,4|58|100|112,4|54|42|12,112,45580,22734,0.002451194958,0.004902389915,pass,pass,23
11437,130804969,40|54|72|100,40|14|18|28,100,45648,22774,0.002185887908,0.004371775815,pass,pass,7
11443,130942249,12|34|58|78,12|22|24|20,78,45694,22808,0.001704098576,0.003408197151,pass,pass,13
11447,131033809,4|12|64|88,4|8|52|24,88,45700,22806,0.001921900935,0.003843801869,pass,pass,17
11467,131492089,40|42|54|94,40|2|12|40,94,45774,22840,0.00204935903,0.004098718061,pass,pass,7
11471,131583841,16|58|76|90,16|42|18|14,90,45794,22852,0.00196146805,0.0039229361,pass,pass,11
11483,131859289,24|34|42|58,24|10|8|16,58,45874,22908,0.001262736219,0.002525472438,pass,pass,23
11489,131997121,6|28|36|70,6|22|8|34,70,45886,22908,0.001523196101,0.003046392201,pass,pass,29
11491,132043081,30|48|52|58,30|18|4|6,58,45906,22924,0.001261857106,0.002523714211,pass,pass,1
11497,132181009,4|22|42|58,4|18|20|16,58,45930,22936,0.001261198574,0.002522397147,pass,pass,7
11503,132319009,18|40|78|82,18|22|38|4,82,45930,22924,0.001782143789,0.003564287577,pass,pass,13
11519,132687361,58|72|118|120,58|14|46|2,120,45956,22918,0.002604392742,0.005208785485,pass,pass,29
11527,132871729,18|42|72|102,18|24|30|30,102,46006,22952,0.002212197449,0.004424394899,pass,pass,7
11549,133379401,30|78|82|108,30|48|4|26,108,46088,22990,0.00233786475,0.0046757295,pass,pass,29
11551,133425601,12|22|28|46,12|10|6|18,46,46158,23056,0.000995584798,0.001991169596,pass,pass,1
11579,134073241,46|60|78|82,46|14|18|4,82,46234,23076,0.001770446498,0.003540892996,pass,pass,29
11587,134258569,12|18|40|54,12|6|22|14,54,46294,23120,0.001165098818,0.002330197635,pass,pass,7
11593,134397649,28|40|58|60,28|12|18|2,60,46312,23126,0.00129388424,0.002587768481,pass,pass,13
11597,134490409,18|48|58|70,18|30|10|12,70,46318,23124,0.001509010951,0.003018021902,pass,pass,17
11617,134954689,18|22|48|58,18|4|26|10,58,46410,23176,0.001248170784,0.002496341568,pass,pass,7
11621,135047641,18|40|58|78,18|22|18|20,78,46406,23164,0.00167799673,0.00335599346,pass,pass,11
11633,135326689,10|40|72|78,10|30|32|6,78,46454,23188,0.001676265796,0.003352531591,pass,pass,23
11657,135885649,4|34|40|48,4|30|6|8,48,46580,23266,0.00102942438,0.00205884876,pass,pass,17
11677,136352329,10|42|54|58,10|32|12|4,58,46650,23296,0.001241757301,0.002483514601,pass,pass,7
11681,136445761,12|46|48|78,12|34|2|30,78,46646,23284,0.001669377622,0.003338755244,pass,pass,11
11689,136632721,12|40|52|88,12|28|12|36,88,46668,23290,0.001882111387,0.003764222774,pass,pass,19
11699,136866601,22|40|46|60,22|18|6|14,60,46736,23338,0.001282160868,0.002564321737,pass,pass,29
11701,136913401,6|22|28|58,6|16|6|30,58,46746,23344,0.001239210324,0.002478420648,pass,pass,1
11717,137288089,12|72|82|94,12|60|10|12,94,46774,23340,0.002005632841,0.004011265682,pass,pass,17
11719,137334961,18|36|46|58,18|18|10|12,58,46818,23380,0.001237306937,0.002474613875,pass,pass,19
11731,137616361,10|82|112|130,10|72|30|18,130,46794,23332,0.002770437303,0.005540874606,pass,pass,1
11743,137898049,28|34|42|58,28|6|8|16,58,46914,23428,0.001234778166,0.002469556331,pass,pass,13
11777,138697729,30|42|88|108,30|12|46|20,108,47000,23446,0.002292604229,0.004585208457,pass,pass,17
11779,138744841,6|48|58|72,6|42|10|14,72,47044,23486,0.001528143306,0.003056286612,pass,pass,19
11783,138839089,4|12|28|54,4|8|16|26,54,47078,23512,0.001145718408,0.002291436816,pass,pass,23
11789,138980521,28|66|70|78,28|38|4|8,78,47078,23500,0.001654084316,0.003308168632,pass,pass,29
11801,139263601,12|16|28|36,12|4|12|8,36,47168,23566,0.000762647233,0.001525294467,pass,pass,11
11807,139405249,18|48|70|78,18|30|22|8,78,47150,23536,0.001651562632,0.003303125265,pass,pass,17
11813,139546969,22|60|72|78,22|38|12|6,78,47174,23548,0.001650723779,0.003301447558,pass,pass,23
11821,139736041,16|18|58|96,16|2|40|38,96,47188,23546,0.002030285086,0.004060570172,pass,pass,1
11827,139877929,28|34|58|64,28|6|24|6,64,47244,23590,0.00135283673,0.002705673459,pass,pass,7
11831,139972561,18|36|72|82,18|18|36|10,82,47242,23580,0.001732736032,0.003465472065,pass,pass,11
11833,140019889,18|42|52|58,18|24|10|6,58,47274,23608,0.001225386631,0.002450773261,pass,pass,13
11839,140161921,12|16|18|28,12|4|2|10,28,47328,23650,0.000591266154,0.001182532308,pass,pass,19
11863,140730769,4|12|22|28,4|8|10|6,28,47424,23698,0.000590069965,0.001180139931,pass,pass,13
11867,140825689,72|78|112|124,72|6|34|12,124,47344,23610,0.002612286172,0.005224572343,pass,pass,17
11887,141300769,10|12|24|54,10|2|12|30,54,47494,23720,0.001135694456,0.002271388912,pass,pass,7
11897,141538609,4|18|34|72,4|14|16|38,72,47516,23722,0.001512986467,0.003025972934,pass,pass,17
11903,141681409,28|48|72|100,28|20|24|28,100,47512,23706,0.002100310846,0.004200621692,pass,pass,23
11909,141824281,36|40|58|76,36|4|18|18,76,47560,23742,0.001595432026,0.003190864052,pass,pass,29
11923,142157929,60|64|78|82,60|4|14|4,82,47610,23764,0.001719365931,0.003438731863,pass,pass,13
11927,142253329,4|12|18|40,4|8|6|22,40,47668,23814,0.000838433806,0.001676867611,pass,pass,17
11933,142396489,28|72|82|88,28|44|10|6,88,47644,23778,0.001843626917,0.003687253834,pass,pass,23
11939,142539721,10|36|48|70,10|26|12|22,70,47686,23808,0.001465784404,0.002931568808,pass,pass,29
11941,142587481,10|12|28|58,10|2|16|30,58,47706,23824,0.00121430366,0.002428607319,pass,pass,1
11953,142874209,22|100|102|108,22|78|2|6,108,47704,23798,0.002258847151,0.004517694303,pass,pass,13
11959,143017681,16|28|66|78,16|12|38|12,78,47758,23840,0.001630571118,0.003261142236,pass,pass,19
11969,143256961,28|40|58|70,28|12|18|12,70,47806,23868,0.001462110452,0.002924220904,pass,pass,29
11971,143304841,10|16|58|70,10|6|42|12,70,47814,23872,0.001461866177,0.002923732353,pass,pass,1
11981,143544361,6|36|48|76,6|30|12|28,76,47848,23886,0.001585844253,0.003171688507,pass,pass,11
11987,143688169,4|22|28|42,4|18|6|14,42,47906,23932,0.000875948945,0.001751897889,pass,pass,17
12007,144168049,4|34|42|54,4|30|8|12,54,47974,23960,0.001124344133,0.002248688265,pass,pass,7
12011,144264121,36|42|102|108,36|6|60|6,108,47936,23914,0.002247939389,0.004495878778,pass,pass,11
12037,144889369,18|30|42|60,18|12|12|18,60,48088,24014,0.00124615768,0.002492315361,pass,pass,7
12041,144985681,12|16|18|52,12|4|2|34,52,48112,24030,0.001079644548,0.002159289096,pass,pass,11
12043,145033849,58|60|78|94,58|2|18|16,94,48078,23992,0.001951341028,0.003902682056,pass,pass,13
12049,145178401,12|58|82|102,12|46|24|20,102,48094,23996,0.002116358204,0.004232716408,pass,pass,19
12071,145709041,22|46|100|136,22|24|54|36,136,48148,24006,0.002816668047,0.005633336095,pass,pass,11
12073,145757329,34|40|48|60,34|6|8|12,60,48232,24086,0.001242441812,0.002484883625,pass,pass,13
12097,146337409,12|28|30|54,12|16|2|24,54,48334,24140,0.001115979168,0.002231958337,pass,pass,7
12101,146434201,18|40|58|90,18|22|18|32,90,48314,24112,0.001859350467,0.003718700934,pass,pass,11
12107,146579449,4|48|58|78,4|44|10|20,78,48350,24136,0.001610638474,0.003221276947,pass,pass,17
12109,146627881,58|70|72|82,58|12|2|10,82,48354,24136,0.001692955653,0.003385911306,pass,pass,19
12113,146724769,10|24|112|118,10|14|88|6,118,48334,24108,0.002435399983,0.004870799967,pass,pass,23
12119,146870161,16|22|28|40,16|6|6|12,40,48436,24198,0.00082515059,0.00165030118,pass,pass,29
12143,147452449,4|18|42|58,4|14|24|16,58,48514,24228,0.001194103599,0.002388207198,pass,pass,23
12149,147598201,10|18|46|58,10|8|28|12,58,48538,24240,0.001193513869,0.002387027739,pass,pass,29
12157,147792649,70|72|78|88,70|2|6|10,88,48540,24226,0.001809656988,0.003619313975,pass,pass,7
12161,147889921,46|70|76|90,46|24|6|14,90,48554,24232,0.001850176795,0.003700353589,pass,pass,11
12163,147938569,28|42|64|120,28|14|22|56,120,48532,24206,0.002466496752,0.004932993505,pass,pass,13
12197,148766809,22|24|28|42,22|2|4|14,42,48746,24352,0.000860867426,0.001721734853,pass,pass,17
12203,148913209,54|64|90|100,54|10|26|10,100,48712,24306,0.002048676555,0.00409735311,pass,pass,23
12211,149108521,16|30|48|72,16|14|18|24,72,48772,24350,0.001474080747,0.002948161494,pass,pass,1
12227,149499529,22|70|84|102,22|48|14|18,102,48806,24352,0.002085548377,0.004171096753,pass,pass,17
12239,149793121,22|46|58|66,22|24|12|8,66,48890,24412,0.001348149359,0.002696298717,pass,pass,29
12241,149842081,28|30|48|120,28|2|18|72,120,48844,24362,0.002450780165,0.00490156033,pass,pass,1
12251,150087001,12|36|52|78,12|24|16|26,78,48926,24424,0.001591706799,0.003183413599,pass,pass,11
12253,150136009,22|24|28|30,22|2|4|2,30,48982,24476,0.000612094997,0.001224189994,pass,pass,13
12263,150381169,4|28|52|58,4|24|24|6,58,48994,24468,0.001182418658,0.002364837316,pass,pass,23
12269,150528361,12|16|18|36,12|4|2|18,36,49040,24502,0.000733556117,0.001467112234,pass,pass,29
12277,150724729,22|52|70|130,22|30|18|60,130,48978,24424,0.002647226521,0.005294453042,pass,pass,7
12281,150822961,48|58|72|78,48|10|14|6,78,49046,24484,0.001587818582,0.003175637163,pass,pass,11
12289,151019521,16|46|52|72,16|30|6|20,72,49084,24506,0.00146472455,0.002929449101,pass,pass,19
12301,151314601,58|78|100|190,58|20|22|90,190,49014,24412,0.003861474677,0.007722949354,pass,pass,1
12323,151856329,18|22|28|34,18|4|6|6,34,49258,24612,0.000689767102,0.001379534204,pass,pass,23
12329,152004241,58|70|96|132,58|12|26|36,132,49184,24526,0.002676616108,0.005353232217,pass,pass,29
12343,152349649,4|12|18|40,4|8|6|22,40,49332,24646,0.000810175808,0.001620351616,pass,pass,13
12347,152448409,28|40|42|54,28|12|2|12,54,49334,24640,0.001093383008,0.002186766016,pass,pass,17
12373,153091129,10|58|64|72,10|48|6|8,72,49420,24674,0.001454780571,0.002909561141,pass,pass,13
12377,153190129,4|10|24|52,4|6|14|28,52,49456,24702,0.001050335299,0.002100670599,pass,pass,17
12379,153239641,10|36|46|58,10|26|10|12,58,49458,24700,0.001171338557,0.002342677114,pass,pass,19
12391,153536881,18|36|46|72,18|18|10|26,72,49492,24710,0.001452667258,0.002905334517,pass,pass,1
12401,153784801,16|18|22|48,16|2|4|26,48,49556,24754,0.000967663898,0.001935327796,pass,pass,11
12409,153983281,18|22|36|58,18|4|14|22,58,49578,24760,0.001168506729,0.002337013458,pass,pass,19
12413,154082569,12|18|34|60,12|6|16|26,60,49592,24766,0.001208410537,0.002416821075,pass,pass,23
12421,154281241,28|30|36|88,28|2|6|52,88,49596,24754,0.001771193946,0.003542387891,pass,pass,1
12433,154579489,10|18|22|28,10|8|4|6,28,49704,24838,0.000563017775,0.001126035551,pass,pass,13
12437,154678969,18|22|34|40,18|4|12|6,40,49708,24834,0.000804052424,0.001608104848,pass,pass,17
12451,155027401,58|60|72|88,58|2|12|16,88,49716,24814,0.001766926351,0.003533852703,pass,pass,1
12457,155176849,48|70|114|144,48|22|44|30,144,49684,24770,0.002889941398,0.005779882797,pass,pass,7
12473,155575729,4|18|22|28,4|14|4|6,28,49864,24918,0.000561212218,0.001122424437,pass,pass,23
12479,155725441,58|76|78|88,58|18|2|10,88,49828,24870,0.001762961776,0.003525923552,pass,pass,29
12487,155925169,24|52|58|78,24|28|6|20,78,49870,24896,0.001561624089,0.003123248178,pass,pass,7
12491,156025081,10|16|60|66,10|6|44|6,66,49898,24916,0.001320951085,0.00264190217,pass,pass,11
12497,156175009,34|42|102|130,34|8|60|28,130,49858,24864,0.00260062415,0.0052012483,pass,pass,17
12503,156325009,10|12|58|60,10|2|46|2,60,49952,24946,0.001199712069,0.002399424138,pass,pass,23
12511,156525121,18|96|102|112,18|78|6|10,112,49932,24910,0.002238030533,0.004476061066,pass,pass,1
12517,156675289,84|88|108|144,84|4|20|36,144,49924,24890,0.00287608852,0.005752177039,pass,pass,7
12527,156925729,60|70|72|94,60|10|2|22,94,50014,24960,0.001875947952,0.003751895905,pass,pass,17
12539,157226521,6|40|102|106,6|34|62|4,106,50050,24972,0.002113406173,0.004226812345,pass,pass,29
12541,157276681,6|22|48|72,6|16|26|24,72,50092,25010,0.001435292241,0.002870584483,pass,pass,1
12547,157427209,18|24|30|64,18|6|6|34,64,50124,25030,0.001275205228,0.002550410457,pass,pass,7
12553,157577809,4|22|30|54,4|18|8|24,54,50158,25052,0.001075440134,0.002150880268,pass,pass,13
12569,157979761,16|36|58|78,16|20|22|20,78,50198,25060,0.001551436073,0.003102872146,pass,pass,29
12577,158180929,22|40|48|54,22|18|8|6,54,50254,25100,0.00107338793,0.002146775861,pass,pass,7
12583,158331889,4|24|30|34,4|20|6|4,34,50298,25132,0.000675514583,0.001351029166,pass,pass,13
12589,158482921,10|16|36|46,10|6|20|10,46,50310,25132,0.000913495909,0.001826991818,pass,pass,19
12601,158785201,28|58|66|70,28|30|8|4,70,50334,25132,0.001388778668,0.002777557337,pass,pass,1
12611,159037321,18|36|48|78,18|18|12|30,78,50366,25144,0.00154626913,0.00309253826,pass,pass,11
12613,159087769,12|18|24|60,12|6|6|36,60,50392,25166,0.001189249187,0.002378498375,pass,pass,13
12619,159239161,72|96|102|126,72|24|6|24,126,50350,25112,0.002496235835,0.00499247167,pass,pass,19
12637,159693769,30|48|112|114,30|18|64|2,114,50434,25160,0.002255282108,0.004510564216,pass,pass,7
12641,159794881,12|28|58|60,12|16|30|2,60,50504,25222,0.001186614983,0.002373229966,pass,pass,11
12647,159946609,4|28|34|54,4|24|6|20,54,50534,25240,0.001067446825,0.002134893651,pass,pass,17
12653,160098409,4|22|30|48,4|18|8|18,48,50564,25258,0.000948391686,0.001896783372,pass,pass,23
12659,160250281,16|22|28|46,16|6|6|18,46,50590,25272,0.000908444585,0.00181688917,pass,pass,29
12671,160554241,12|18|22|28,12|6|4|6,28,50656,25314,0.000552442585,0.001104885171,pass,pass,11
12689,161010721,18|28|42|58,18|10|14|16,58,50698,25320,0.001142722043,0.002285444085,pass,pass,29
12697,161213809,52|60|78|82,52|8|18|4,82,50706,25312,0.001614554619,0.003229109238,pass,pass,7
12703,161366209,58|70|90|102,58|12|20|12,102,50710,25304,0.002007399827,0.004014799654,pass,pass,13
12713,161620369,52|78|94|120,52|26|16|26,120,50732,25306,0.002359789192,0.004719578384,pass,pass,23
12721,161823841,6|12|22|40,6|6|10|18,40,50844,25402,0.000786101722,0.001572203443,pass,pass,1
12739,162282121,16|30|36|40,16|14|6|4,40,50916,25438,0.000784990973,0.001569981945,pass,pass,19
12743,162384049,10|24|28|42,10|14|4|14,42,50930,25444,0.000823981794,0.001647963588,pass,pass,23
12757,162741049,4|42|48|100,4|38|6|52,100,50928,25414,0.001959708395,0.003919416791,pass,pass,7
12763,162894169,28|40|58|72,28|12|18|14,72,50980,25454,0.001410326726,0.002820653451,pass,pass,13
12781,163353961,18|28|36|60,18|10|8|24,60,51064,25502,0.001173617088,0.002347234176,pass,pass,1
12791,163609681,6|28|46|58,6|22|18|12,58,51106,25524,0.001133609569,0.002267219138,pass,pass,11
12799,163814401,6|48|58|60,6|42|10|2,60,51136,25538,0.00117196656,0.00234393312,pass,pass,19
12809,164070481,16|22|66|102,16|6|44|36,102,51134,25516,0.001990787727,0.003981575455,pass,pass,29
12821,164378041,6|16|18|36,6|10|2|18,36,51248,25606,0.000701973325,0.00140394665,pass,pass,11
12823,164429329,10|52|84|100,10|42|32|16,100,51192,25546,0.001949621773,0.003899243547,pass,pass,13
12829,164583241,30|36|40|42,30|6|4|2,42,51274,25616,0.000818458181,0.001636916361,pass,pass,19
12841,164891281,46|52|102|120,46|6|50|18,120,51244,25562,0.002336266646,0.004672533292,pass,pass,1
12853,165199609,18|54|102|112,18|36|48|10,112,51300,25594,0.002178479732,0.004356959465,pass,pass,13
12889,166126321,12|18|28|30,12|6|10|2,30,51526,25748,0.000581891535,0.001163783071,pass,pass,19
12893,166229449,18|24|40|64,18|6|16|24,64,51508,25722,0.001240983479,0.002481966959,pass,pass,23
12899,166384201,12|88|112|118,12|76|24|6,118,51478,25680,0.002286998992,0.004573997984,pass,pass,29
12907,166590649,42|58|60|82,42|16|2|22,82,51546,25732,0.001588285427,0.003176570853,pass,pass,7
12911,166693921,6|10|30|58,6|4|20|28,58,51586,25764,0.001123073348,0.002246146697,pass,pass,11
12917,166848889,22|60|84|114,22|38|24|30,114,51554,25720,0.002206394674,0.004412789347,pass,pass,17
12919,166900561,22|42|90|106,22|20|48|16,106,51570,25732,0.002051242356,0.004102484712,pass,pass,19
12923,167003929,4|22|52|58,4|18|30|6,58,51634,25788,0.001122030488,0.002244060977,pass,pass,23
12941,167469481,36|40|46|88,36|4|6|42,88,51676,25794,0.001700023182,0.003400046364,pass,pass,11
12953,167780209,4|18|22|42,4|14|4|20,42,51770,25864,0.000810623022,0.001621246043,pass,pass,23
12959,167935681,36|58|78|96,36|22|20|18,96,51740,25822,0.001851994753,0.003703989505,pass,pass,29
12967,168143089,4|30|58|60,4|26|28|2,60,51808,25874,0.001156782602,0.002313565204,pass,pass,7
12973,168298729,18|42|48|84,18|24|6|36,84,51808,25862,0.001618746628,0.003237493255,pass,pass,13
12979,168454441,16|22|36|52,16|6|14|16,52,51864,25906,0.001001617998,0.002003235997,pass,pass,19
12983,168558289,4|30|54|100,4|26|24|46,100,51832,25866,0.001925595009,0.003851190018,pass,pass,23
13001,169026001,30|48|60|112,30|18|12|52,112,51892,25890,0.002153680486,0.004307360972,pass,pass,11
13003,169078009,34|70|78|90,34|36|8|12,90,51922,25916,0.001730369915,0.003460739829,pass,pass,13
13007,169182049,10|18|22|28,10|8|4|6,28,52000,25986,0.000538171754,0.001076343507,pass,pass,17
13009,169234081,16|22|48|66,16|6|26|18,66,51970,25952,0.001268352679,0.002536705358,pass,pass,19
13033,169859089,4|10|22|52,4|6|12|30,52,52080,26014,0.000997467966,0.001994935932,pass,pass,13
13037,169963369,24|60|70|72,24|36|10|2,72,52076,26002,0.001380685741,0.002761371481,pass,pass,17
13043,170119849,40|64|118|132,40|24|54|14,132,52040,25954,0.00253009277,0.00506018554,pass,pass,23
13049,170276401,16|42|52|66,16|26|10|14,66,52130,26032,0.00126446471,0.00252892942,pass,pass,29
13063,170641969,4|10|12|18,4|6|2|6,18,52234,26108,0.000344484422,0.000688968843,pass,pass,13
13093,171426649,18|28|30|58,18|10|2|28,58,52314,26128,0.001107462003,0.002214924005,pass,pass,13
13099,171583801,16|22|28|30,16|6|6|2,30,52366,26168,0.000572562791,0.001145125582,pass,pass,19
13103,171688609,10|22|54|78,10|12|32|24,78,52334,26128,0.001488208807,0.002976417614,pass,pass,23
13109,171845881,60|72|82|88,60|12|10|6,88,52348,26130,0.001678236326,0.003356472652,pass,pass,29
13121,172160641,22|28|58|70,22|6|30|12,70,52414,26172,0.001333739806,0.002667479613,pass,pass,11
13127,172318129,40|48|54|58,40|8|6|4,58,52450,26196,0.001104593586,0.002209187171,pass,pass,17
13147,172843609,28|60|64|70,28|32|4|6,70,52518,26224,0.001331102153,0.002662204305,pass,pass,7
13151,172948801,6|12|58|88,6|6|46|30,88,52516,26214,0.001672876587,0.003345753175,pass,pass,11
13159,173159281,10|22|36|58,10|12|14|22,58,52578,26260,0.00110190744,0.00220381488,pass,pass,19
13163,173264569,4|64|88|100,4|60|24|12,100,52552,26226,0.001899263086,0.003798526172,pass,pass,23
13171,173475241,30|42|70|76,30|12|28|6,76,52608,26266,0.001442563207,0.002885126414,pass,pass,1
13177,173633329,4|28|70|84,4|24|42|14,84,52624,26270,0.001593685968,0.003187371936,pass,pass,7
13183,173791489,18|22|70|78,18|4|48|8,78,52654,26288,0.001479177729,0.002958355458,pass,pass,13
13187,173896969,24|58|78|82,24|34|20|4,82,52666,26292,0.00155456131,0.003109122621,pass,pass,17
13217,174689089,12|40|60|64,12|28|20|4,64,52804,26370,0.001210562155,0.00242112431,pass,pass,17
13219,174741961,28|30|52|66,28|2|22|14,66,52810,26372,0.001248203344,0.002496406687,pass,pass,19
13229,175006441,10|52|82|96,10|42|30|14,96,52820,26362,0.001814196084,0.003628392169,pass,pass,29
13241,175324081,6|18|28|48,6|12|10|20,48,52916,26434,0.000906275961,0.001812551922,pass,pass,11
13249,175536001,16|36|70|82,16|20|34|12,82,52914,26416,0.001547286588,0.003094573175,pass,pass,19
13259,175801081,30|46|52|58,30|16|6|6,58,52978,26460,0.001093596802,0.002187193604,pass,pass,29
13267,176013289,34|58|60|72,34|24|2|12,72,52996,26462,0.00135674983,0.002713499661,pass,pass,7
13291,176650681,16|22|58|78,16|6|36|20,78,53086,26504,0.001467158227,0.002934316455,pass,pass,1
13297,176810209,64|102|112|132,64|38|10|20,132,53056,26462,0.002481762804,0.004963525607,pass,pass,7
13309,177129481,6|16|18|22,6|10|2|4,22,53214,26596,0.000413254189,0.000826508378,pass,pass,19
13313,177235969,18|42|60|70,18|24|18|10,70,53182,26556,0.00131450462,0.002629009239,pass,pass,23
13327,177608929,18|24|42|54,18|6|18|12,54,53254,26600,0.001012981166,0.002025962332,pass,pass,7
13331,177715561,18|48|58|60,18|30|10|2,60,53264,26602,0.001125196909,0.002250393819,pass,pass,11
13337,177875569,22|28|40|48,22|6|12|8,48,53300,26626,0.000899752568,0.001799505136,pass,pass,17
13339,177928921,10|16|30|42,10|6|14|12,42,53314,26636,0.000787165455,0.001574330909,pass,pass,19
13367,178676689,22|28|72|78,22|6|44|6,78,53390,26656,0.001458816488,0.002917632977,pass,pass,17
13381,179051161,58|76|78|106,58|18|2|28,106,53418,26656,0.001980419999,0.003960839997,pass,pass,1
13397,179479609,4|12|18|52,4|8|6|34,52,53536,26742,0.0009703665,0.001940733,pass,pass,17
13399,179533201,16|46|96|126,16|30|50|30,126,53470,26672,0.002350921711,0.004701843421,pass,pass,19
13411,179854921,12|28|36|46,12|16|8|10,46,53598,26776,0.000857505033,0.001715010066,pass,pass,1
13417,180015889,22|54|60|70,22|32|6|10,70,53598,26764,0.001304315421,0.002608630841,pass,pass,7
13421,180123241,6|70|82|90,6|64|12|8,90,53594,26752,0.001676477163,0.003352954325,pass,pass,11
13441,180660481,18|28|42|52,18|10|14|10,52,53712,26830,0.000967189941,0.001934379882,pass,pass,1
13451,180929401,16|42|46|66,16|26|4|20,66,53738,26836,0.001226674597,0.002453349193,pass,pass,11
13457,181090849,18|52|58|60,18|34|6|2,60,53768,26854,0.001114661514,0.002229323029,pass,pass,17
13463,181252369,4|30|34|58,4|26|4|24,58,53794,26868,0.001077025923,0.002154051846,pass,pass,23
13469,181413961,46|58|102|106,46|12|44|4,106,53770,26832,0.001967480882,0.003934961764,pass,pass,29
13477,181629529,12|42|48|54,12|30|6|6,54,53854,26900,0.001001706611,0.002003413223,pass,pass,7
13487,181899169,12|18|40|60,12|6|22|20,60,53888,26914,0.001112182101,0.002224364203,pass,pass,17
13499,182223001,10|30|70|102,10|20|40|32,102,53894,26896,0.001889028817,0.003778057634,pass,pass,29
13513,182601169,4|18|58|78,4|14|40|20,78,53974,26948,0.001443054836,0.002886109672,pass,pass,13
13523,182871529,12|18|40|54,12|6|22|14,54,54038,26992,0.000998299194,0.001996598388,pass,pass,23
13537,183250369,18|30|42|70,18|12|12|28,70,54078,27004,0.001292753195,0.00258550639,pass,pass,7
13553,183683809,12|24|30|70,12|12|6|40,70,54142,27036,0.001291227035,0.002582454069,pass,pass,23
13567,184063489,10|12|54|58,10|2|42|4,58,54210,27076,0.001068769809,0.002137539618,pass,pass,7
13577,184334929,34|42|102|114,34|8|60|12,114,54194,27040,0.002099138249,0.004198276497,pass,pass,17
13591,184715281,18|28|58|60,18|10|30|2,60,54304,27122,0.001103671547,0.002207343095,pass,pass,1
13597,184878409,18|22|28|72,18|4|6|44,72,54316,27122,0.001323821431,0.002647642862,pass,pass,7
13613,185313769,70|78|114|132,70|8|36|18,132,54320,27094,0.002424153383,0.004848306766,pass,pass,23
13619,185477161,6|46|52|58,6|40|6|6,58,54418,27180,0.001064689037,0.002129378075,pass,pass,29
13627,185695129,12|72|88|102,12|60|16|14,102,54406,27152,0.001871284949,0.003742569898,pass,pass,7
13633,185858689,30|60|64|144,30|30|4|80,144,54388,27122,0.002640651361,0.005281302721,pass,pass,13
13649,186295201,28|52|70|82,28|24|18|12,82,54514,27216,0.001501941534,0.003003883068,pass,pass,29
13669,186841561,46|48|70|76,46|2|22|6,76,54600,27262,0.001390006584,0.002780013168,pass,pass,19
13679,187115041,42|46|112|120,42|4|66|8,120,54596,27238,0.002193142774,0.004386285547,pass,pass,29
13681,187169761,6|28|58|70,6|22|30|12,70,54654,27292,0.001279146261,0.002558292522,pass,pass,1
13687,187333969,4|12|70|72,4|8|58|2,72,54676,27302,0.001315116534,0.002630233068,pass,pass,7
13691,187443481,18|40|58|60,18|22|18|2,60,54704,27322,0.001095610255,0.00219122051,pass,pass,11
13693,187498249,22|24|58|60,22|2|34|2,60,54712,27326,0.00109545023,0.00219090046,pass,pass,13
13697,187607809,58|78|90|154,58|20|12|64,154,54634,27240,0.002810834489,0.005621668979,pass,pass,17
13709,187936681,6|18|30|48,6|12|12|18,48,54788,27370,0.00087533737,0.001750674739,pass,pass,29
13711,187991521,18|42|70|112,18|24|28|42,112,54732,27310,0.002042155933,0.004084311866,pass,pass,1
13721,188265841,12|18|22|36,12|6|4|14,36,54848,27406,0.000655928868,0.001311857736,pass,pass,11
13723,188320729,4|48|84|88,4|44|36|4,88,54804,27358,0.001603148,0.003206295999,pass,pass,13
13729,188485441,16|18|58|60,16|2|40|2,60,54856,27398,0.001092577755,0.00218515551,pass,pass,19
13751,189090001,6|42|46|100,6|36|4|54,100,54904,27402,0.001818049596,0.003636099193,pass,pass,11
13757,189255049,42|48|70|78,42|6|22|8,78,54950,27436,0.001417460202,0.002834920404,pass,pass,17
13759,189310081,22|28|46|52,22|6|18|6,52,54984,27466,0.000944836107,0.001889672215,pass,pass,19
13763,189420169,60|72|100|148,60|12|28|48,148,54904,27378,0.002688367362,0.005376734724,pass,pass,23
13781,189915961,46|58|70|102,46|12|12|32,102,55022,27460,0.001850373703,0.003700747406,pass,pass,11
13789,190136521,28|42|58|72,28|14|16|14,72,55084,27506,0.001305388353,0.002610776706,pass,pass,19
13799,190412401,28|36|40|76,28|8|4|36,76,55120,27522,0.00137691137,0.002753822741,pass,pass,29
13807,190633249,4|24|48|52,4|20|24|4,52,55176,27562,0.000941551387,0.001883102774,pass,pass,7
13829,191241241,16|46|66|76,16|30|20|10,76,55240,27582,0.001373924362,0.002747848724,pass,pass,29
13831,191296561,16|42|46|60,16|26|4|14,60,55264,27602,0.001084520281,0.002169040561,pass,pass,1
13841,191573281,6|16|22|48,6|10|6|26,48,55316,27634,0.000866989379,0.001733978759,pass,pass,11
13859,192071881,28|30|36|42,28|2|6|6,42,55394,27676,0.000757630421,0.001515260841,pass,pass,29
13873,192460129,4|12|28|72,4|8|16|44,72,55420,27674,0.001297484322,0.002594968644,pass,pass,13
13877,192571129,4|18|22|48,4|14|4|26,48,55460,27706,0.000864740218,0.001729480435,pass,pass,17
13879,192626641,18|42|48|78,18|24|6|30,78,55438,27680,0.00140500036,0.002810000721,pass,pass,19
13883,192737689,18|22|28|42,18|4|6|14,42,55490,27724,0.00075632068,0.00151264136,pass,pass,23
13901,193237801,18|22|58|66,18|4|36|8,66,55538,27736,0.001186964967,0.002373929933,pass,pass,11
13903,193293409,12|52|72|100,12|40|20|28,100,55512,27706,0.001798173056,0.003596346112,pass,pass,13
13907,193404649,48|54|58|78,48|6|4|20,78,55550,27736,0.001402171568,0.002804343137,pass,pass,17
13913,193571569,10|48|52|90,10|38|4|38,90,55562,27736,0.001617192554,0.003234385107,pass,pass,23
13921,193794241,6|36|42|72,6|30|6|30,72,55612,27770,0.00129301056,0.002586021119,pass,pass,1
13931,194072761,36|88|100|102,36|52|12|2,102,55622,27760,0.001830450075,0.003660900151,pass,pass,11
13933,194128489,10|48|88|130,10|38|40|42,130,55602,27736,0.002332591689,0.004665183378,pass,pass,13
13963,194965369,22|30|40|58,22|8|10|18,58,55794,27868,0.001038458784,0.002076917568,pass,pass,13
13967,195077089,28|42|48|58,28|14|6|10,58,55810,27876,0.00103816138,0.002076322761,pass,pass,17
13997,195916009,24|34|94|102,24|10|60|8,102,55886,27892,0.001821818961,0.003643637922,pass,pass,17
13999,195972001,10|12|40|70,10|2|28|30,70,55926,27928,0.001250089292,0.002500178584,pass,pass,19
14009,196252081,6|18|46|72,6|12|28|26,72,55964,27946,0.001284888286,0.002569776572,pass,pass,29
14011,196308121,16|28|120|148,16|12|92|28,148,55896,27874,0.002640782243,0.005281564485,pass,pass,1
14029,196812841,12|16|36|40,12|4|20|4,40,56076,28018,0.000712809181,0.001425618362,pass,pass,19
14033,196925089,18|22|34|54,18|4|12|20,54,56078,28012,0.0009620181,0.0019240362,pass,pass,23
14051,197430601,12|18|46|82,12|6|28|36,82,56122,28020,0.001458970892,0.002917941784,pass,pass,11
14057,197599249,4|12|40|58,4|8|28|18,58,56170,28056,0.001031514548,0.002063029096,pass,pass,17
14071,197993041,10|28|30|46,10|18|2|16,46,56238,28096,0.000817283775,0.00163456755,pass,pass,1
14081,198274561,16|18|28|42,16|2|10|14,42,56282,28120,0.000745685676,0.001491371351,pass,pass,11
14083,198330889,28|52|78|94,28|24|26|16,94,56238,28072,0.001668678549,0.003337357097,pass,pass,13
14087,198443569,4|10|18|24,4|6|8|6,24,56324,28150,0.000425924611,0.000851849223,pass,pass,17
14107,199007449,4|18|40|54,4|14|22|14,54,56374,28160,0.000956971716,0.001913943432,pass,pass,7
14143,200024449,10|18|28|52,10|8|10|24,52,56520,28234,0.000919182635,0.001838365269,pass,pass,13
14149,200194201,12|16|18|28,12|4|2|10,28,56568,28270,0.00049473461,0.00098946922,pass,pass,19
14153,200307409,30|40|54|78,30|10|14|24,78,56534,28228,0.00137779976,0.00275559952,pass,pass,23
14159,200477281,36|46|70|72,36|10|24|2,72,56564,28246,0.00127127622,0.00254255244,pass,pass,29
14173,200873929,28|42|48|64,28|14|6|16,64,56628,28282,0.001128907077,0.002257814154,pass,pass,13
14177,200987329,12|30|64|70,12|18|34|6,70,56638,28284,0.001234393736,0.002468787473,pass,pass,17
14197,201554809,40|58|82|100,40|18|24|18,100,56688,28294,0.001760935409,0.003521870818,pass,pass,7
14207,201838849,4|24|28|34,4|20|4|6,34,56794,28380,0.000598296614,0.001196593229,pass,pass,17
14221,202236841,6|22|48|88,6|16|26|40,88,56796,28354,0.001547007946,0.003094015892,pass,pass,1
14243,202863049,28|30|48|54,28|2|18|6,54,56918,28432,0.000947834024,0.001895668047,pass,pass,23
14249,203034001,66|70|78|112,66|4|8|34,112,56884,28386,0.001965050179,0.003930100358,pass,pass,29
14251,203091001,16|40|46|58,16|24|6|12,58,56946,28444,0.001017472458,0.002034944916,pass,pass,1
14281,203946961,30|70|96|100,30|40|26|4,100,57024,28462,0.001750577691,0.003501155381,pass,pass,1
14293,204289849,4|40|60|78,4|36|20|18,78,57094,28508,0.001364304205,0.00272860841,pass,pass,13
14303,204575809,12|28|72|84,12|16|44|12,84,57128,28522,0.00146822345,0.002936446899,pass,pass,23
14321,205091041,58|72|78|96,58|14|6|18,96,57188,28546,0.001675860624,0.003351721249,pass,pass,11
14323,205148329,12|24|42|60,12|12|18|18,60,57232,28586,0.001047266634,0.002094533268,pass,pass,13
14327,205262929,48|72|100|148,48|24|28|48,148,57160,28506,0.00258253647,0.005165072939,pass,pass,17
14341,205664281,12|16|82|88,12|4|66|6,88,57276,28594,0.001534063176,0.003068126351,pass,pass,1
14347,205836409,28|42|60|64,28|14|18|4,64,57324,28630,0.001115215725,0.002230431449,pass,pass,7
14369,206468161,12|30|58|78,12|18|28|20,78,57398,28660,0.001357088176,0.002714176352,pass,pass,29
14387,206985769,12|28|30|72,12|16|2|42,72,57476,28702,0.001251129492,0.002502258984,pass,pass,17
14389,207043321,42|90|102|112,42|48|12|10,112,57444,28666,0.001945930919,0.003891861839,pass,pass,19
14401,207388801,6|16|22|28,6|10|6|6,28,57576,28774,0.000486077356,0.000972154711,pass,pass,1
14407,207561649,12|42|94|102,12|30|52|8,102,57526,28712,0.00176997293,0.00353994586,pass,pass,7
14411,207676921,6|18|72|102,6|12|54|30,102,57542,28720,0.001769481646,0.003538963292,pass,pass,11
14419,207907561,10|12|58|60,10|2|46|2,60,57616,28778,0.001040294056,0.002080588113,pass,pass,19
14423,208022929,10|22|24|28,10|12|2|4,28,57664,28818,0.000485335922,0.000970671844,pass,pass,23
14431,208253761,28|66|78|106,28|38|12|28,106,57618,28756,0.001836324579,0.003672649158,pass,pass,1
14437,208426969,24|60|64|70,24|36|4|6,70,57678,28804,0.001212163192,0.002424326384,pass,pass,7
14447,208715809,12|18|64|70,12|6|46|6,70,57718,28824,0.00121132415,0.002422648301,pass,pass,17
14449,208773601,10|12|60|78,10|2|48|18,78,57718,28820,0.001349574365,0.00269914873,pass,pass,19
14461,209120521,18|30|36|78,18|12|6|42,78,57766,28844,0.001348454464,0.002696908927,pass,pass,1
14479,209641441,10|22|36|66,10|12|14|30,66,57850,28892,0.001139581463,0.002279162926,pass,pass,19
14489,209931121,10|28|36|58,10|18|8|22,58,57898,28920,0.001000759197,0.002001518393,pass,pass,29
14503,210337009,72|82|108|112,72|10|26|4,112,57900,28894,0.001930635041,0.003861270082,pass,pass,13
14519,210801361,18|28|36|42,18|10|8|6,42,58034,28996,0.000723190302,0.001446380605,pass,pass,29
14533,211208089,4|22|24|58,4|18|2|34,58,58074,29008,0.000997729306,0.001995458611,pass,pass,13
14537,211324369,12|18|48|60,12|6|30|12,60,58088,29014,0.001031849763,0.002063699525,pass,pass,17
14543,211498849,18|22|58|84,18|4|36|26,84,58088,29002,0.001443993674,0.002887987348,pass,pass,23
14549,211673401,18|36|58|90,18|18|22|32,90,58106,29008,0.001546498041,0.003092996082,pass,pass,29
14551,211731601,6|30|46|72,6|24|16|26,72,58132,29030,0.001237028383,0.002474056766,pass,pass,1
14557,211906249,24|64|70|102,24|40|6|32,102,58126,29012,0.001751734561,0.003503469121,pass,pass,7
14561,212022721,66|82|100|102,66|16|18|2,102,58142,29020,0.001751253348,0.003502506696,pass,pass,11
14563,212080969,42|64|70|72,42|22|6|2,72,58180,29054,0.001236009064,0.002472018128,pass,pass,13
14591,212897281,22|70|72|106,22|48|2|34,106,58258,29076,0.001816188061,0.003632376122,pass,pass,11
14593,212955649,54|90|142|154,54|36|52|12,154,58218,29032,0.002638251216,0.005276502433,pass,pass,13
14621,213773641,6|12|22|60,6|6|10|38,60,58424,29182,0.00102592162,0.002051843239,pass,pass,11
14627,213949129,58|148|150|154,58|90|2|4,154,58354,29100,0.002632118685,0.005264237369,pass,pass,17
14629,214007641,42|46|60|70,42|4|14|10,70,58446,29188,0.001196254016,0.002392508032,pass,pass,19
14633,214124689,42|60|70|72,42|18|10|2,72,58460,29194,0.001230096358,0.002460192715,pass,pass,23
14639,214300321,6|36|42|48,6|30|6|6,48,58508,29230,0.000819728124,0.001639456247,pass,pass,29
14653,214710409,18|28|40|70,18|10|12|30,70,58542,29236,0.001194294684,0.002388589367,pass,pass,13
14657,214827649,54|64|100|108,54|10|36|8,108,58520,29206,0.001842123218,0.003684246435,pass,pass,17
14669,215179561,10|16|46|48,10|6|30|2,48,58628,29290,0.000818051674,0.001636103347,pass,pass,29
14683,215590489,52|58|70|108,52|6|12|38,108,58624,29258,0.001838861268,0.003677722536,pass,pass,13
14699,216060601,52|60|72|106,52|8|12|34,106,58690,29292,0.001802843731,0.003605687462,pass,pass,29
14713,216472369,10|58|60|64,10|48|2|4,64,58788,29362,0.001087473663,0.002174947325,pass,pass,13
14717,216590089,4|18|42|48,4|14|24|6,48,58820,29386,0.00081538357,0.00163076714,pass,pass,17
14723,216766729,40|82|88|100,40|42|6|12,100,58792,29346,0.001698023501,0.003396047001,pass,pass,23
14731,217002361,30|36|42|112,30|6|6|70,112,58812,29350,0.001900753513,0.003801507026,pass,pass,1
14737,217179169,12|60|72|82,12|48|12|10,82,58866,29392,0.001391056524,0.002782113049,pass,pass,7
14741,217297081,16|28|58|70,16|12|30|12,70,58894,29412,0.00118716505,0.0023743301,pass,pass,11
14747,217474009,22|42|54|58,22|20|12|4,58,58930,29436,0.000983250831,0.001966501661,pass,pass,17
14753,217651009,58|64|78|108,58|6|14|30,108,58904,29398,0.001830136243,0.003660272487,pass,pass,23
14759,217828081,6|30|48|78,6|24|18|30,78,58958,29440,0.001321227725,0.002642455451,pass,pass,29
14767,218064289,4|10|18|72,4|6|8|54,72,58996,29462,0.00121893411,0.00243786822,pass,pass,7
14771,218182441,28|36|58|72,28|8|22|14,72,59012,29470,0.001218604021,0.002437208043,pass,pass,11
14779,218418841,12|28|78|88,12|16|50|10,88,59028,29470,0.001488598687,0.002977197375,pass,pass,19
14783,218537089,64|72|78|82,64|8|6|4,82,59050,29484,0.001386727998,0.002773455997,pass,pass,23
14797,218951209,10|58|64|78,10|48|6|14,78,59110,29516,0.001317834696,0.002635669392,pass,pass,7
14813,219424969,4|18|24|52,4|14|6|28,52,59200,29574,0.000877607507,0.001755215014,pass,pass,23
14821,219662041,48|82|88|106,48|34|6|18,106,59178,29536,0.001788003509,0.003576007017,pass,pass,1
14827,219839929,18|58|64|112,18|40|6|48,112,59196,29542,0.001888446753,0.003776893505,pass,pass,7
14831,219958561,6|42|82|96,6|36|40|14,96,59228,29566,0.001618232081,0.003236464163,pass,pass,11
14843,220314649,10|18|48|70,10|8|30|22,70,59302,29616,0.001179006939,0.002358013879,pass,pass,23
14851,220552201,18|22|48|52,18|4|26|4,52,59352,29650,0.000875361928,0.001750723857,pass,pass,1
14867,221027689,22|24|54|60,22|2|30|6,60,59408,29674,0.001008945988,0.002017891976,pass,pass,17
14869,221087161,18|36|78|102,18|18|42|24,102,59374,29636,0.00171497747,0.00342995494,pass,pass,19
14879,221384641,10|46|48|102,10|36|2|54,102,59414,29656,0.001713824854,0.003427649708,pass,pass,29
14887,221622769,4|34|42|58,4|30|8|16,58,59490,29716,0.000974004165,0.001948008329,pass,pass,7
14891,221741881,48|58|60|76,48|10|2|16,76,59488,29706,0.001275938486,0.002551876973,pass,pass,11
14897,221920609,4|28|30|40,4|24|2|10,40,59548,29754,0.000671276096,0.001342552192,pass,pass,17
14923,222695929,18|24|70|84,18|6|46|14,84,59608,29762,0.001407223749,0.002814447497,pass,pass,13
14929,222875041,6|12|30|36,6|6|18|6,36,59680,29822,0.000602853507,0.001205707013,pass,pass,19
14939,223173721,46|66|72|112,46|20|6|40,112,59644,29766,0.001874288774,0.003748577549,pass,pass,29
14947,223412809,48|54|58|70,48|6|4|12,70,59718,29824,0.001170803506,0.002341607011,pass,pass,7
14951,223532401,10|16|30|42,10|6|14|12,42,59762,29860,0.000702294161,0.001404588322,pass,pass,11
14957,223711849,4|58|70|88,4|54|12|18,88,59740,29826,0.001470883199,0.002941766397,pass,pass,17
14969,224070961,22|70|78|90,22|48|8|12,90,59786,29848,0.00150310642,0.00300621284,pass,pass,29
14983,224490289,28|48|58|72,28|20|10|14,72,59860,29894,0.001201361543,0.002402723086,pass,pass,13
15013,225390169,34|54|60|72,34|20|6|12,72,59980,29954,0.001198960901,0.002397921801,pass,pass,13
15017,225510289,34|90|112|118,34|56|22|6,118,59950,29916,0.001964440301,0.003928880602,pass,pass,17
15031,225930961,16|28|48|70,16|12|20|22,70,60054,29992,0.001164260528,0.002328521056,pass,pass,1
15053,226592809,10|22|24|42,10|12|2|18,42,60170,30064,0.000697535375,0.00139507075,pass,pass,23
15061,226833721,22|28|48|60,22|6|20|12,60,60184,30062,0.000995949804,0.001991899608,pass,pass,1
15073,227195329,22|64|72|84,22|42|8|12,84,60208,30062,0.001393219664,0.002786439329,pass,pass,13
15077,227315929,42|70|102|112,42|28|32|10,112,60196,30042,0.001857133382,0.003714266764,pass,pass,17
15083,227496889,58|88|100|130,58|30|12|30,130,60202,30036,0.002154743751,0.004309487502,pass,pass,23
15091,227738281,36|52|58|66,36|16|6|8,66,60298,30116,0.001093366907,0.002186733815,pass,pass,1
15101,228040201,16|30|72|88,16|14|42|16,88,60316,30114,0.001456857162,0.002913714324,pass,pass,11
15107,228221449,4|22|52|114,4|18|30|62,114,60314,30100,0.001886542662,0.003773085325,pass,pass,17
15121,228644641,40|42|58|70,40|2|16|12,70,60414,30172,0.001157330864,0.002314661729,pass,pass,1
15131,228947161,10|28|48|72,10|18|20|24,72,60452,30190,0.001189610733,0.002379221466,pass,pass,11
15137,229128769,24|34|52|84,24|10|18|32,84,60464,30190,0.001387329061,0.002774658122,pass,pass,17
15139,229189321,6|12|18|30,6|6|6|12,30,60526,30248,0.000495409208,0.000990818416,pass,pass,19
15149,229492201,22|72|96|130,22|50|24|34,130,60466,30168,0.002145356129,0.004290712258,pass,pass,29
15161,229855921,36|52|60|66,36|16|8|6,66,60578,30256,0.001088318712,0.002176637425,pass,pass,11
15173,230219929,10|24|42|60,10|14|18|18,60,60632,30286,0.000988598168,0.001977196336,pass,pass,23
15187,230644969,18|24|48|88,18|6|24|40,88,60660,30286,0.001448607362,0.002897214723,pass,pass,7
15193,230827249,34|42|102|112,34|8|60|10,112,60660,30274,0.001842953992,0.003685907984,pass,pass,13
15199,231009601,40|58|88|142,40|18|30|54,142,60654,30256,0.002335679979,0.004671359958,pass,pass,19
15217,231557089,22|40|58|82,22|18|18|24,82,60786,30352,0.001347177499,0.002694354998,pass,pass,7
15227,231861529,4|42|48|70,4|38|6|22,70,60838,30384,0.001149274315,0.002298548631,pass,pass,17
15233,232044289,12|24|58|60,12|12|34|2,60,60872,30406,0.00098470426,0.001969408521,pass,pass,23
15241,232288081,6|12|16|18,6|6|4|2,18,60946,30464,0.000295256217,0.000590512434,pass,pass,1
15259,232837081,16|58|66|78,16|42|8|12,78,60958,30440,0.001277934334,0.002555868668,pass,pass,19
15263,232959169,24|28|70|108,24|4|42|38,108,60944,30418,0.001768983817,0.003537967634,pass,pass,23
15269,233142361,88|90|100|112,88|2|10|12,112,60964,30426,0.001833780863,0.003667561726,pass,pass,29
15271,233203441,6|28|72|118,6|22|44|46,118,60966,30424,0.001931766093,0.003863532185,pass,pass,1
15277,233386729,10|30|34|78,10|20|4|44,78,61030,30476,0.001276428618,0.002552857236,pass,pass,7
15287,233692369,30|40|58|72,30|10|18|14,72,61076,30502,0.001177471054,0.002354942108,pass,pass,17
15289,233753521,28|46|72|82,28|18|26|10,82,61074,30496,0.001340833279,0.002681666558,pass,pass,19
15299,234059401,6|70|88|90,6|64|18|2,90,61106,30508,0.001470684358,0.002941368717,pass,pass,29
15307,234304249,22|60|72|100,22|38|12|28,100,61128,30514,0.001633239694,0.003266479389,pass,pass,7
15313,234487969,4|22|34|48,4|18|12|14,48,61204,30578,0.000783647881,0.001567295762,pass,pass,13
15319,234671761,16|18|42|52,16|2|24|10,52,61224,30586,0.000848619362,0.001697238723,pass,pass,19
15329,234978241,12|36|46|58,12|24|10|12,58,61258,30600,0.000945919499,0.001891838998,pass,pass,29
15331,235039561,22|66|136|150,22|44|70|14,150,61174,30512,0.002446024395,0.00489204879,pass,pass,1
15349,235591801,12|22|42|58,12|10|20|16,58,61338,30640,0.00094468695,0.001889373901,pass,pass,19
15359,235898881,40|66|100|102,40|26|34|2,102,61334,30616,0.00166026434,0.00332052868,pass,pass,29
15361,235960321,16|22|28|46,16|6|6|18,46,61398,30676,0.000748649176,0.001497298353,pass,pass,1
15373,236329129,4|10|24|28,4|6|14|4,28,61464,30718,0.000455343785,0.000910687569,pass,pass,13
15377,236452129,42|58|70|90,42|16|12|20,90,61418,30664,0.001463224296,0.002926448592,pass,pass,17
15383,236636689,24|48|72|90,24|24|24|18,90,61442,30676,0.001462653579,0.002925307157,pass,pass,23
15391,236882881,6|46|58|88,6|40|12|30,88,61476,30694,0.001429406796,0.002858813592,pass,pass,1
15401,237190801,60|70|72|78,60|10|2|6,78,61526,30724,0.001266151549,0.002532303097,pass,pass,11
15413,237560569,4|24|28|52,4|20|4|24,52,61600,30774,0.000843443846,0.001686887692,pass,pass,23
15427,237992329,54|58|112|120,54|4|54|8,120,61588,30734,0.00194464251,0.00388928502,pass,pass,7
15439,238362721,22|28|46|60,22|6|18|14,60,61696,30818,0.000971565516,0.001943131032,pass,pass,19
15443,238486249,4|18|30|40,4|14|12|10,40,61732,30846,0.000647542576,0.001295085152,pass,pass,23
15451,238733401,12|36|70|76,12|24|34|6,76,61728,30826,0.001229693871,0.002459387742,pass,pass,1
15461,239042521,46|48|58|78,46|2|10|20,78,61766,30844,0.001261237954,0.002522475907,pass,pass,11
15467,239228089,22|48|52|60,22|26|4|8,60,61808,30874,0.000969806685,0.00193961337,pass,pass,17
15473,239413729,52|58|60|90,52|6|2|30,90,61802,30856,0.001454145932,0.002908291863,pass,pass,23
15493,240033049,18|22|42|64,18|4|20|22,64,61908,30922,0.001032724456,0.002065448912,pass,pass,13
15497,240157009,10|30|54|58,10|20|24|4,58,61930,30936,0.000935664967,0.001871329935,pass,pass,17
15511,240591121,30|40|60|72,30|10|20|12,72,61972,30950,0.001160466766,0.002320933531,pass,pass,1
15527,241087729,64|72|94|120,64|8|22|26,120,61988,30934,0.001932118246,0.003864236491,pass,pass,17
15541,241522681,12|22|46|60,12|10|24|14,60,62104,31022,0.000965188855,0.001930377711,pass,pass,1
15551,241833601,6|10|28|36,6|4|18|8,36,62168,31066,0.000578740917,0.001157481834,pass,pass,11
15559,242082481,12|70|78|82,12|58|8|4,82,62154,31036,0.001317565396,0.002635130792,pass,pass,19
15569,242393761,16|18|22|30,16|2|4|8,30,62246,31108,0.000481726508,0.000963453016,pass,pass,29
15581,242767561,10|12|28|60,10|2|16|32,60,62264,31102,0.000962710994,0.001925421988,pass,pass,11
15583,242829889,18|22|42|54,18|4|20|12,54,62278,31112,0.000866328692,0.001732657383,pass,pass,13
15601,243391201,18|48|58|82,18|30|10|24,82,62322,31120,0.001314018332,0.002628036664,pass,pass,1
15607,243578449,24|30|48|100,24|6|18|52,100,62328,31114,0.001601845326,0.003203690652,pass,pass,7
15619,243953161,46|48|58|60,46|2|10|2,60,62416,31178,0.000960368782,0.001920737563,pass,pass,19
15629,244265641,22|28|36|48,22|6|8|12,48,62468,31210,0.000767803442,0.001535606885,pass,pass,29
15641,244640881,36|58|90|102,36|22|32|12,102,62462,31180,0.001630330542,0.003260661083,pass,pass,11
15643,244703449,12|18|22|28,12|6|4|6,28,62544,31258,0.000447484498,0.000894968996,pass,pass,13
15647,244828609,48|82|88|114,48|34|6|26,114,62474,31180,0.001821435419,0.003642870838,pass,pass,17
15649,244891201,48|52|58|76,48|4|6|18,76,62520,31222,0.001214135089,0.002428270177,pass,pass,19
15661,245266921,22|82|118|130,22|60|36|12,130,62514,31192,0.002075218696,0.004150437392,pass,pass,1
15667,245454889,4|28|52|78,4|24|24|26,78,62590,31256,0.001244654369,0.002489308738,pass,pass,7
15671,245580241,30|48|90|96,30|18|42|6,96,62588,31246,0.00153149129,0.003062982579,pass,pass,11
15679,245831041,18|96|100|126,18|78|4|26,126,62590,31232,0.0020090567,0.0040181134,pass,pass,19
15683,245956489,34|58|64|70,34|24|6|6,70,62662,31296,0.001115857935,0.002231715871,pass,pass,23
15727,247338529,48|72|88|100,48|24|16|12,100,62808,31354,0.001589622941,0.003179245883,pass,pass,7
15731,247464361,16|28|30|48,16|12|2|18,48,62876,31414,0.000762824995,0.00152564999,pass,pass,11
15733,247527289,52|60|70|78,52|8|10|8,78,62854,31388,0.001239433039,0.002478866078,pass,pass,13
15737,247653169,10|22|40|54,10|12|18|14,54,62894,31420,0.000857850925,0.001715701849,pass,pass,17
15739,247716121,78|90|120|132,78|12|30|12,132,62824,31346,0.002096702459,0.004193404918,pass,pass,19
15749,248031001,40|58|60|100,40|18|2|40,100,62896,31398,0.001587402375,0.00317480475,pass,pass,29
15761,248409121,6|16|58|78,6|10|42|20,78,62966,31444,0.00123723114,0.00247446228,pass,pass,11
15767,248598289,24|30|34|60,24|6|4|26,60,63008,31474,0.000951354094,0.001902708188,pass,pass,17
15773,248787529,12|30|58|60,12|18|28|2,60,63032,31486,0.000950992202,0.001901984404,pass,pass,23
15787,249229369,64|120|138|162,64|56|18|24,162,62986,31412,0.002565401913,0.005130803826,pass,pass,7
15791,249355681,12|70|78|102,12|58|8|24,102,63062,31480,0.001614843898,0.003229687797,pass,pass,11
15797,249545209,28|40|72|82,28|12|32|10,82,63106,31512,0.001297714756,0.002595429512,pass,pass,17
15803,249734809,18|30|60|64,18|12|30|4,64,63148,31542,0.001012465987,0.002024931975,pass,pass,23
15809,249924481,6|36|60|78,6|30|24|18,78,63158,31540,0.001233474603,0.002466949206,pass,pass,29
15817,250177489,4|18|58|64,4|14|40|6,64,63204,31570,0.00101156983,0.00202313966,pass,pass,7
15823,250367329,4|28|58|72,4|24|30|14,72,63220,31574,0.001137584529,0.002275169058,pass,pass,13
15859,251507881,36|52|58|76,36|16|6|18,76,63360,31642,0.001198057885,0.00239611577,pass,pass,19
15877,252079129,24|30|40|42,24|6|10|2,42,63466,31712,0.000661334005,0.00132266801,pass,pass,7
15881,252206161,36|58|96|100,36|22|38|4,100,63424,31662,0.001574208173,0.003148416347,pass,pass,11
15887,252396769,28|60|78|88,28|32|18|10,88,63460,31686,0.001384780009,0.002769560018,pass,pass,17
15889,252460321,10|22|28|60,10|12|6|32,60,63496,31718,0.000944049342,0.001888098685,pass,pass,19
15901,252841801,42|46|70|108,42|4|24|38,108,63496,31694,0.001698006415,0.003396012829,pass,pass,1
15907,253032649,52|112|114|132,52|60|2|18,132,63496,31682,0.002074558371,0.004149116741,pass,pass,7
15913,253223569,22|30|42|48,22|8|12|6,48,63604,31778,0.000754100421,0.001508200842,pass,pass,13
15919,253414561,22|28|52|58,22|6|24|6,58,63618,31780,0.000910861235,0.00182172247,pass,pass,19
15923,253541929,12|64|70|78,12|52|6|8,78,63614,31768,0.001224643597,0.002449287195,pass,pass,23
15937,253987969,28|54|58|70,28|26|4|12,70,63678,31804,0.001098073665,0.00219614733,pass,pass,7
15959,254689681,10|12|16|30,10|2|4|14,30,63806,31888,0.000469954258,0.000939908516,pass,pass,29
15971,255072841,6|28|46|58,6|22|18|12,58,63826,31884,0.000907895561,0.001815791121,pass,pass,11
15973,255136729,4|18|58|82,4|14|40|24,82,63810,31864,0.001283415764,0.002566831528,pass,pass,13
15991,255712081,16|48|76|78,16|32|28|2,78,63886,31904,0.001219435933,0.002438871865,pass,pass,1
16001,256032001,12|16|46|82,12|4|30|36,82,63922,31920,0.001281169927,0.002562339854,pass,pass,11
16007,256224049,54|78|130|142,54|24|52|12,142,63886,31872,0.002217779721,0.004435559443,pass,pass,17
16033,257057089,28|34|72|84,28|6|38|12,84,64048,31982,0.001309798541,0.002619597081,pass,pass,13
16057,257827249,10|28|52|54,10|18|24|2,54,64174,32060,0.000840754811,0.001681509622,pass,pass,7
16061,257955721,30|36|46|48,30|6|10|2,48,64196,32074,0.000747151485,0.00149430297,pass,pass,11
16063,258019969,18|22|54|58,18|4|32|4,58,64194,32068,0.000902695636,0.001805391272,pass,pass,13
16067,258148489,4|18|78|100,4|14|60|22,100,64168,32034,0.001555984316,0.003111968631,pass,pass,17
16069,258212761,10|16|30|58,10|6|14|28,58,64218,32080,0.000902358579,0.001804717157,pass,pass,19
16073,258341329,42|58|64|70,42|16|6|6,70,64222,32076,0.00108878243,0.00217756486,pass,pass,23
16087,258791569,54|70|82|88,54|16|12|6,88,64260,32086,0.001367563871,0.002735127743,pass,pass,7
16091,258920281,6|16|22|60,6|10|6|38,60,64304,32122,0.000932198123,0.001864396246,pass,pass,11
16097,259113409,48|52|78|84,48|4|26|6,84,64304,32110,0.001304590918,0.002609181835,pass,pass,17
16103,259306609,24|30|48|58,24|6|18|10,58,64354,32148,0.000900453332,0.001800906663,pass,pass,23
16111,259564321,22|42|46|48,22|20|4|2,48,64396,32174,0.000744832723,0.001489665446,pass,pass,1
16127,260080129,18|28|64|114,18|10|36|50,114,64394,32140,0.00176722267,0.00353444534,pass,pass,17
16139,260467321,46|48|78|90,46|2|30|12,90,64466,32188,0.001394138422,0.002788276845,pass,pass,29
16141,260531881,12|18|22|78,12|6|4|56,78,64486,32204,0.001208103587,0.002416207174,pass,pass,1
16183,261889489,4|12|24|52,4|8|12|28,52,64680,32314,0.000803312118,0.001606624235,pass,pass,13
16187,262018969,24|34|78|114,24|10|44|36,114,64634,32260,0.001760672144,0.003521344289,pass,pass,17
16189,262083721,16|28|40|42,16|12|12|2,42,64714,32336,0.000648588548,0.001297177096,pass,pass,19
16193,262213249,18|30|42|88,18|12|12|46,88,64684,32298,0.001358611746,0.002717223492,pass,pass,23
16217,262991089,12|28|30|114,12|16|2|84,114,64754,32320,0.001757415058,0.003514830117,pass,pass,17
16223,263185729,22|58|130|132,22|36|72|2,132,64760,32314,0.002034149048,0.004068298095,pass,pass,23
16229,263380441,22|42|76|136,22|20|34|60,136,64780,32322,0.002095015096,0.004190030193,pass,pass,29
16231,263445361,12|28|76|102,12|16|48|26,102,64822,32360,0.00157106771,0.00314213542,pass,pass,1
16249,264030001,72|88|126|138,72|16|38|12,138,64858,32360,0.002123207582,0.004246415164,pass,pass,19
16253,264160009,18|72|94|114,18|54|22|20,114,64898,32392,0.001753522427,0.003507044853,pass,pass,23
16267,264615289,4|24|28|42,4|20|4|14,42,65026,32492,0.000645478576,0.001290957153,pass,pass,7
16273,264810529,22|60|64|118,22|38|4|54,118,64974,32428,0.00181281878,0.003625637559,pass,pass,13
16301,265722601,42|58|88|96,42|16|30|8,96,65108,32506,0.001472302313,0.002944604625,pass,pass,11
16319,266309761,12|46|60|82,12|34|14|22,82,65194,32556,0.001256204424,0.002512408849,pass,pass,29
16333,266766889,28|34|48|64,28|6|14|16,64,65268,32602,0.000979611829,0.001959223658,pass,pass,13
16339,266962921,52|66|70|82,52|14|4|12,82,65274,32596,0.001254666748,0.002509333497,pass,pass,19
16349,267289801,10|16|22|28,10|6|6|6,28,65368,32670,0.000428160744,0.000856321488,pass,pass,29
16361,267682321,18|40|48|112,18|22|8|64,112,65332,32610,0.001711386835,0.003422773669,pass,pass,11
16363,267747769,18|24|34|64,18|6|10|30,64,65388,32662,0.000977815804,0.001955631608,pass,pass,13
16369,267944161,18|78|88|102,18|60|10|14,102,65374,32636,0.001557822714,0.003115645427,pass,pass,19
16381,268337161,22|28|30|58,22|6|2|28,58,65466,32704,0.000885171845,0.001770343691,pass,pass,1
16411,269320921,28|36|46|72,28|8|10|26,72,65572,32750,0.0010968253,0.0021936506,pass,pass,1
16417,269517889,54|72|88|102,54|18|16|14,102,65566,32732,0.001553267954,0.003106535908,pass,pass,7
16421,269649241,30|58|72|88,30|28|14|16,88,65596,32754,0.001339747884,0.002679495768,pass,pass,11
16427,269846329,4|30|64|78,4|26|34|14,78,65630,32776,0.001187070068,0.002374140135,pass,pass,17
16433,270043489,30|48|58|102,30|18|10|44,102,65630,32764,0.001551755614,0.003103511227,pass,pass,23
16447,270503809,24|28|30|64,24|4|2|34,64,65724,32830,0.000972821791,0.001945643582,pass,pass,7
16451,270635401,12|28|70|72,12|16|42|2,72,65732,32830,0.00109415841,0.00218831682,pass,pass,11
16453,270701209,10|64|70|100,10|54|6|30,100,65712,32806,0.00151947973,0.00303895946,pass,pass,13
16477,271491529,28|58|84|88,28|30|26|4,88,65820,32866,0.001335194514,0.002670389027,pass,pass,7
16481,271623361,22|36|52|60,22|14|16|8,60,65864,32902,0.000910138948,0.001820277896,pass,pass,11
16487,271821169,58|100|118|124,58|42|18|6,124,65824,32850,0.001880269303,0.003760538606,pass,pass,17
16493,272019049,24|58|60|82,24|34|2|22,82,65890,32904,0.001242951555,0.00248590311,pass,pass,23
16519,272877361,28|30|42|52,28|2|12|10,52,66024,32986,0.000786972577,0.001573945154,pass,pass,19
16529,273207841,30|36|40|70,30|6|4|30,70,66046,32988,0.001058745236,0.002117490471,pass,pass,29
16547,273803209,58|78|82|94,58|20|4|12,94,66094,33000,0.001420197015,0.002840394029,pass,pass,17
16553,274001809,12|34|72|78,12|22|38|6,78,66134,33028,0.001178034193,0.002356068386,pass,pass,23
16561,274266721,16|58|70|72,16|42|12|2,72,66172,33050,0.001086890888,0.002173781776,pass,pass,1
16567,274465489,22|58|70|84,22|36|12|14,84,66184,33050,0.001267580129,0.002535160258,pass,pass,7
16573,274664329,34|58|60|114,34|24|2|54,114,66178,33032,0.001719664515,0.003439329029,pass,pass,13
16603,275659609,40|52|54|70,40|12|2|16,70,66342,33136,0.001054026381,0.002108052762,pass,pass,13
16607,275792449,4|52|58|60,4|48|6|2,60,66368,33154,0.000903233576,0.001806467152,pass,pass,17
16619,276191161,10|30|42|108,10|20|12|66,108,66368,33130,0.001624646489,0.003249292978,pass,pass,29
16631,276590161,16|18|22|30,16|2|4|8,30,66494,33232,0.000450965065,0.00090193013,pass,pass,11
16633,276656689,4|24|40|58,4|20|16|18,58,66474,33208,0.000871760957,0.001743521914,pass,pass,13
16649,277189201,28|42|72|76,28|14|30|4,76,66520,33222,0.001141209682,0.002282419365,pass,pass,29
16651,277255801,30|40|42|70,30|10|2|28,70,66534,33232,0.001050987929,0.002101975857,pass,pass,1
16657,277455649,4|22|30|34,4|18|8|4,34,66594,33280,0.000510295972,0.001020591943,pass,pass,7
16661,277588921,46|78|88|108,46|32|10|20,108,66536,33214,0.001620550987,0.003241101975,pass,pass,11
16673,277988929,70|72|78|82,70|2|6|4,82,66610,33264,0.001229532778,0.002459065555,pass,pass,23
16691,278589481,46|60|126|130,46|14|66|4,130,66634,33252,0.001947157151,0.003894314301,pass,pass,11
16693,278656249,22|28|40|58,22|6|12|18,58,66714,33328,0.000868627568,0.001737255137,pass,pass,13
16699,278856601,18|46|52|106,18|28|6|54,106,66690,33292,0.001586921373,0.003173842745,pass,pass,19
16703,278990209,10|54|58|60,10|44|4|2,60,66752,33346,0.000898042268,0.001796084536,pass,pass,23
16729,279859441,58|60|72|102,58|2|12|30,102,66814,33356,0.001524299121,0.003048598243,pass,pass,19
16741,280261081,6|16|28|42,6|10|12|14,42,66922,33440,0.000627202676,0.001254405352,pass,pass,1
16747,280462009,18|22|28|84,18|4|6|56,84,66904,33410,0.001253955932,0.002507911865,pass,pass,7
16759,280864081,36|40|106|108,36|4|66|2,108,66928,33410,0.001611074646,0.003222149293,pass,pass,19
16763,280998169,4|34|48|58,4|30|14|10,58,66994,33468,0.000865000298,0.001730000597,pass,pass,23
16787,281803369,18|22|40|58,18|4|18|18,58,67090,33516,0.000863763627,0.001727527253,pass,pass,17
16811,282609721,18|52|66|108,18|34|14|42,108,67136,33514,0.00160609125,0.0032121825,pass,pass,11
16823,283013329,22|60|100|112,22|38|40|12,112,67180,33534,0.00166438804,0.00332877608,pass,pass,23
16829,283215241,18|52|60|72,18|34|8|12,72,67244,33586,0.001069582269,0.002139164537,pass,pass,29
16831,283282561,6|18|28|30,6|12|10|2,30,67294,33632,0.000445606322,0.000891212643,pass,pass,1
16843,283686649,4|54|58|64,4|50|4|6,64,67308,33622,0.000949949534,0.001899899068,pass,pass,13
16871,284630641,12|60|88|120,12|48|28|32,120,67364,33622,0.001778199277,0.003556398554,pass,pass,11
16879,284900641,12|16|78|82,12|4|62|4,82,67434,33676,0.001214526927,0.002429053854,pass,pass,19
16883,285035689,58|108|112|142,58|50|4|30,142,67390,33624,0.002102706865,0.00420541373,pass,pass,23
16889,285238321,30|78|90|102,30|48|12|12,102,67454,33676,0.001509858488,0.003019716976,pass,pass,29
16901,285643801,48|108|112|120,48|60|4|8,120,67484,33682,0.001775042897,0.003550085794,pass,pass,11
16903,285711409,64|102|124|132,64|38|22|8,132,67480,33674,0.001952316157,0.003904632314,pass,pass,13
16921,286320241,30|48|58|60,30|18|10|2,60,67624,33782,0.000886472431,0.001772944861,pass,pass,1
16927,286523329,42|70|102|108,42|28|32|6,108,67600,33746,0.001595084776,0.003190169552,pass,pass,7
16931,286658761,22|28|36|42,22|6|8|6,42,67682,33820,0.000620164196,0.001240328392,pass,pass,11
16937,286861969,4|10|42|64,4|6|32|22,64,67684,33810,0.000944677334,0.001889354667,pass,pass,17
16943,287065249,4|48|58|72,4|44|10|14,72,67700,33814,0.001062385646,0.002124771292,pass,pass,23
16963,287743369,12|34|64|72,12|22|30|8,72,67780,33854,0.001061133054,0.002122266109,pass,pass,13
16979,288286441,6|28|48|60,6|22|20|12,60,67856,33898,0.000883444255,0.001766888509,pass,pass,29
16981,288354361,12|42|52|60,12|30|10|8,60,67864,33902,0.000883340204,0.001766680408,pass,pass,1
16987,288558169,12|22|42|54,12|10|20|12,54,67894,33920,0.000794725378,0.001589450756,pass,pass,7
16993,288762049,60|78|120|174,60|18|42|54,174,67798,33812,0.002559877597,0.005119755193,pass,pass,13
17011,289374121,10|22|46|72,10|12|24|26,72,67972,33950,0.001058138851,0.002116277703,pass,pass,1
17021,289714441,16|30|60|76,16|14|30|16,76,68008,33966,0.001116268139,0.002232536279,pass,pass,11
17027,289918729,24|28|78|154,24|4|50|76,154,67954,33900,0.0022611147,0.0045222294,pass,pass,17
17029,289986841,36|48|58|96,36|12|10|38,96,68020,33962,0.001409360503,0.002818721005,pass,pass,19
17033,290123089,34|40|58|60,34|6|18|2,60,68072,34006,0.000880643457,0.001761286914,pass,pass,23
17041,290395681,6|28|30|58,6|22|2|28,58,68106,34024,0.000850889032,0.001701778065,pass,pass,1
17047,290600209,28|64|78|100,28|36|14|22,100,68088,33994,0.001466533701,0.002933067402,pass,pass,7
17053,290804809,12|70|72|78,12|58|2|6,78,68134,34028,0.001143493813,0.002286987627,pass,pass,13
17077,291623929,88|102|114|130,88|14|12|16,130,68178,34024,0.00190314458,0.003806289161,pass,pass,7
17093,292170649,60|82|114|138,60|22|32|24,138,68234,34048,0.002018370093,0.004036740186,pass,pass,23
17099,292375801,16|28|40|58,16|12|12|18,58,68338,34140,0.000848002807,0.001696005614,pass,pass,29
17107,292649449,4|24|28|30,4|20|4|2,30,68398,34184,0.000438417022,0.000876834045,pass,pass,7
17117,292991689,28|40|78|82,28|12|38|4,82,68386,34152,0.001197639773,0.002395279547,pass,pass,17
17123,293197129,4|54|70|78,4|50|16|8,78,68414,34168,0.001138819132,0.002277638264,pass,pass,23
17137,293676769,58|64|102|124,58|6|38|22,124,68424,34150,0.001808951392,0.003617902783,pass,pass,7
17159,294431281,16|36|70|88,16|20|34|18,88,68548,34230,0.001282125998,0.002564251996,pass,pass,29
17167,294705889,10|30|58|70,10|20|28|12,70,68598,34264,0.001019397682,0.002038795363,pass,pass,7
17183,295255489,22|28|58|60,22|6|30|2,60,68672,34306,0.000872955828,0.001745911657,pass,pass,23
17189,295461721,10|36|48|60,10|26|12|12,60,68696,34318,0.000872651114,0.001745302228,pass,pass,29
17191,295530481,12|16|36|70,12|4|20|34,70,68694,34312,0.001017974522,0.002035949043,pass,pass,1
17203,295943209,18|28|48|52,18|10|20|4,52,68760,34354,0.000755682148,0.001511364297,pass,pass,13
17207,296080849,10|30|64|72,10|20|34|8,72,68756,34342,0.001046085895,0.002092171791,pass,pass,17
17209,296149681,6|16|28|72,6|10|12|44,72,68764,34346,0.001045964321,0.002091928642,pass,pass,19
17231,296907361,10|46|58|88,10|36|12|30,88,68836,34374,0.001276768615,0.002553537229,pass,pass,11
17239,297183121,6|36|46|48,6|30|10|2,48,68908,34430,0.000696096061,0.001392192123,pass,pass,19
17257,297804049,4|22|60|90,4|18|38|30,90,68938,34424,0.00130381874,0.00260763748,pass,pass,7
17291,298978681,16|28|36|52,16|12|8|16,52,69112,34530,0.000751836215,0.001503672431,pass,pass,11
17293,299047849,24|34|58|78,24|10|24|20,78,69094,34508,0.001127623894,0.002255247788,pass,pass,13
17299,299255401,18|40|42|96,18|22|2|54,96,69100,34502,0.001387363431,0.002774726863,pass,pass,19
17317,299878489,4|54|58|70,4|50|4|12,70,69198,34564,0.00101056765,0.002021135301,pass,pass,7
17321,300017041,10|18|70|100,10|8|52|30,100,69184,34542,0.00144333468,0.002886669361,pass,pass,11
17327,300224929,34|42|118|124,34|8|76|6,124,69184,34530,0.001789115254,0.003578230507,pass,pass,17
17333,300432889,40|52|54|60,40|12|2|6,60,69272,34606,0.000865401258,0.001730802515,pass,pass,23
17341,300710281,36|48|72|76,36|12|24|4,76,69288,34606,0.001095669223,0.002191338446,pass,pass,1
17351,301057201,48|76|78|90,48|28|2|12,90,69314,34612,0.00129675523,0.00259351046,pass,pass,11
17359,301334881,16|18|40|42,16|2|22|2,42,69394,34676,0.000604873553,0.001209747105,pass,pass,19
17377,301960129,30|78|84|100,30|48|6|16,100,69408,34654,0.001438683317,0.002877366634,pass,pass,7
17383,302168689,28|54|64|78,28|26|10|14,78,69454,34688,0.001121785653,0.002243571305,pass,pass,13
17387,302307769,54|64|84|100,54|10|20|16,100,69448,34674,0.001437855869,0.002875711739,pass,pass,17
17389,302377321,10|52|96|130,10|42|44|34,130,69426,34648,0.001868997642,0.003737995284,pass,pass,19
17393,302516449,22|34|60|72,22|12|26|12,72,69500,34714,0.001034899097,0.002069798195,pass,pass,23
17401,302794801,18|52|58|96,18|34|6|38,96,69508,34706,0.001379231079,0.002758462157,pass,pass,1
17417,303351889,54|64|124|162,54|10|60|38,162,69506,34672,0.002325314348,0.004650628696,pass,pass,17
17419,303421561,42|48|72|76,42|6|24|4,76,69600,34762,0.00109076296,0.00218152592,pass,pass,19
17431,303839761,10|16|18|40,10|6|2|22,40,69684,34822,0.000573690551,0.001147381103,pass,pass,1
17443,304258249,28|42|78|120,28|14|36|42,120,69652,34766,0.001719887634,0.003439775268,pass,pass,13
17449,304467601,18|76|78|96,18|58|2|18,96,69700,34802,0.001375436988,0.002750873976,pass,pass,19
17467,305096089,22|88|90|100,22|66|2|10,100,69768,34834,0.001431270396,0.002862540791,pass,pass,7
17471,305235841,18|36|42|70,18|18|6|28,70,69814,34872,0.001001659894,0.002003319787,pass,pass,11
17477,305445529,4|28|30|42,4|24|2|12,42,69866,34912,0.000600789609,0.001201579218,pass,pass,17
17483,305655289,58|64|78|88,58|6|14|10,88,69844,34878,0.001258365269,0.002516730538,pass,pass,23
17489,305865121,46|58|60|66,46|12|2|6,66,69890,34912,0.000943450169,0.001886900337,pass,pass,29
17491,305935081,6|18|58|60,6|12|40|2,60,69904,34922,0.0008575839,0.001715167801,pass,pass,1
17497,306145009,24|42|84|114,24|18|42|30,114,69874,34880,0.00162885066,0.00325770132,pass,pass,7
17509,306565081,6|30|70|72,6|24|40|2,72,69964,34946,0.001028042721,0.002056085442,pass,pass,19
17519,306915361,36|58|76|82,36|22|18|6,82,69994,34956,0.001170158114,0.002340316228,pass,pass,29
17539,307616521,6|46|58|76,6|40|12|18,76,70080,35002,0.001083300074,0.002166600148,pass,pass,19
17551,308037601,28|46|112|120,28|18|66|8,120,70084,34982,0.001709304313,0.003418608626,pass,pass,1
17569,308669761,46|88|96|102,46|42|8|6,102,70174,35036,0.001451420115,0.00290284023,pass,pass,19
17573,308810329,10|18|42|58,10|8|24|16,58,70234,35088,0.00082512946,0.00165025892,pass,pass,23
17579,309021241,6|18|36|40,6|12|18|4,40,70276,35118,0.000568860572,0.001137721145,pass,pass,29
17581,309091561,16|22|28|36,16|6|6|8,36,70288,35126,0.000511916273,0.001023832546,pass,pass,1
17597,309654409,12|54|102|148,12|42|48|46,148,70240,35046,0.00210263113,0.004205262261,pass,pass,17
17599,309724801,36|106|130|156,36|70|24|26,156,70240,35042,0.002216035002,0.004432070004,pass,pass,19
17609,310076881,72|78|90|100,72|6|12|10,100,70336,35118,0.001419728548,0.002839457096,pass,pass,29
17623,310570129,22|34|42|70,22|12|8|28,70,70422,35176,0.000993020485,0.001986040969,pass,pass,13
17627,310711129,18|24|28|60,18|6|4|32,60,70448,35194,0.000850967266,0.001701934532,pass,pass,17
17657,311769649,22|24|28|90,22|2|4|62,90,70538,35224,0.001274282154,0.002548564309,pass,pass,17
17659,311840281,22|58|60|100,22|36|2|40,100,70536,35218,0.001415708704,0.002831417408,pass,pass,19
17669,312193561,10|58|72|82,10|48|14|10,82,70594,35256,0.001160224121,0.002320448243,pass,pass,29
17681,312617761,30|42|70|100,30|12|28|30,100,70624,35262,0.001413947175,0.00282789435,pass,pass,11
17683,312688489,18|24|54|58,18|6|30|4,58,70674,35308,0.000819996607,0.001639993214,pass,pass,13
17707,313537849,34|52|58|84,34|18|6|26,84,70744,35330,0.00118597165,0.002371943299,pass,pass,7
17713,313750369,4|10|28|30,4|6|18|2,30,70822,35396,0.000423417829,0.000846835657,pass,pass,13
17729,314317441,6|40|48|60,6|34|8|12,60,70856,35398,0.000846071408,0.001692142817,pass,pass,29
17737,314601169,4|12|18|22,4|8|6|4,22,70926,35452,0.00031008626,0.000620172521,pass,pass,7
17747,314956009,12|30|58|64,12|18|28|6,64,70924,35430,0.000901560827,0.001803121654,pass,pass,17
17749,315027001,6|22|76|90,6|16|54|14,90,70906,35408,0.001267677052,0.002535354104,pass,pass,19
17761,315453121,40|42|76|112,40|2|34|36,112,70932,35410,0.00157648781,0.003152975621,pass,pass,1
17783,316235089,24|48|78|102,24|24|30|24,102,71030,35464,0.001433953776,0.002867907552,pass,pass,23
17789,316448521,12|22|42|48,12|10|20|6,48,71108,35530,0.000674574175,0.00134914835,pass,pass,29
17791,316519681,10|18|48|88,10|8|30|40,88,71076,35494,0.001236580293,0.002473160587,pass,pass,1
17807,317089249,42|64|78|102,42|22|14|24,102,71126,35512,0.001432021115,0.002864042231,pass,pass,17
17827,317801929,4|30|34|64,4|26|4|30,64,71244,35590,0.000897515005,0.001795030011,pass,pass,7
17837,318158569,4|24|70|84,4|20|46|14,84,71264,35590,0.001177328026,0.002354656052,pass,pass,17
17839,318229921,6|18|36|58,6|12|18|22,58,71298,35620,0.000812825831,0.001625651662,pass,pass,19
17851,318658201,28|78|120|168,28|50|42|48,168,71236,35534,0.002352809366,0.004705618733,pass,pass,1
17863,319086769,4|30|60|70,4|26|30|10,70,71382,35656,0.000979678665,0.001959357331,pass,pass,13
17881,319730161,10|22|60|66,10|12|38|6,66,71458,35696,0.000922767183,0.001845534366,pass,pass,1
17891,320087881,10|12|22|66,10|2|10|44,66,71498,35716,0.000922251411,0.001844502823,pass,pass,11
17903,320517409,4|18|28|42,4|14|10|14,42,71570,35764,0.000586493884,0.001172987767,pass,pass,23
17909,320732281,30|42|52|58,30|12|10|6,58,71578,35760,0.00080964878,0.00161929756,pass,pass,29
17911,320803921,6|16|18|42,6|10|2|24,42,71602,35780,0.000586231925,0.001172463849,pass,pass,1
17921,321162241,10|12|162|186,10|2|150|24,186,71498,35656,0.002594721277,0.005189442553,pass,pass,11
17923,321233929,4|18|42|48,4|14|24|6,48,71644,35798,0.000669530771,0.001339061541,pass,pass,13
17929,321449041,6|18|28|72,6|12|10|44,72,71644,35786,0.001003960065,0.002007920129,pass,pass,19
17939,321807721,60|70|72|96,60|10|2|24,96,71660,35782,0.001337867217,0.002675734433,pass,pass,29
17957,322453849,48|84|120|124,48|36|36|4,124,71704,35790,0.001726346272,0.003452692543,pass,pass,17
17959,322525681,10|18|48|78,10|8|30|30,78,71758,35840,0.001085806559,0.002171613119,pass,pass,19
17971,322956841,18|70|72|76,18|52|2|4,76,71808,35866,0.001057258917,0.002114517834,pass,pass,1
17977,323172529,40|60|70|94,40|20|10|24,94,71814,35860,0.0013072259,0.0026144518,pass,pass,7
17981,323316361,58|76|118|120,58|18|42|2,120,71804,35842,0.001668427785,0.00333685557,pass,pass,11
17987,323532169,4|10|30|60,4|6|20|30,60,71888,35914,0.00083393562,0.00166787124,pass,pass,17
17989,323604121,10|16|36|52,10|6|20|16,52,71904,35926,0.00072266385,0.0014453277,pass,pass,19
18013,324468169,48|54|60|72,48|6|6|12,72,71980,35954,0.000999278299,0.001998556598,pass,pass,13
18041,325477681,16|42|48|58,16|26|6|10,58,72106,36024,0.000803724849,0.001607449698,pass,pass,11
18043,325549849,34|58|60|72,34|24|2|12,72,72100,36014,0.000997616804,0.001995233609,pass,pass,13
18047,325694209,12|18|22|24,12|6|4|2,24,72164,36070,0.00033246523,0.000664930459,pass,pass,17
18049,325766401,22|30|52|70,22|8|22|18,70,72126,36028,0.000969582802,0.001939165605,pass,pass,19
18059,326127481,40|78|108|130,40|38|30|22,130,72106,35988,0.001799656681,0.003599313362,pass,pass,29
18061,326199721,18|28|60|96,18|10|32|36,96,72148,36026,0.001328830076,0.002657660152,pass,pass,1
18077,326777929,4|30|60|84,4|26|30|24,84,72224,36070,0.001161697184,0.002323394369,pass,pass,17
18089,327211921,36|82|136|138,36|46|54|2,138,72218,36040,0.001907236442,0.003814472884,pass,pass,29
18097,327501409,22|42|70|82,22|20|28|12,82,72306,36112,0.001132784439,0.002265568879,pass,pass,7
18119,328298161,28|52|58|60,28|24|6|2,60,72416,36178,0.000827860257,0.001655720514,pass,pass,29
18121,328370641,22|46|82|88,22|24|36|6,88,72396,36154,0.001214061034,0.002428122068,pass,pass,1
18127,328588129,30|34|72|130,30|4|38|58,130,72378,36124,0.00179290561,0.003585811221,pass,pass,7
18131,328733161,18|52|78|96,18|34|26|18,96,72428,36166,0.001323699741,0.002647399482,pass,pass,11
18133,328805689,18|70|88|90,18|52|18|2,90,72442,36176,0.001240831633,0.002481663266,pass,pass,13
18143,329168449,4|22|42|54,4|18|20|12,54,72518,36232,0.000744088629,0.001488177258,pass,pass,23
18149,329386201,6|16|30|58,6|10|14|28,58,72538,36240,0.00079894209,0.001597884181,pass,pass,29
18169,330112561,48|60|72|76,48|12|12|4,76,72600,36262,0.001045737245,0.00209147449,pass,pass,19
18181,330548761,6|12|58|60,6|6|46|2,60,72664,36302,0.000825037127,0.001650074253,pass,pass,1
18191,330912481,6|18|28|60,6|12|10|32,60,72704,36322,0.000824583585,0.001649167171,pass,pass,11
18199,331203601,42|66|70|82,42|24|4|12,82,72714,36316,0.001126435518,0.002252871037,pass,pass,19
18211,331640521,42|58|76|78,42|16|18|2,78,72766,36344,0.001070781396,0.002141562792,pass,pass,1
18217,331859089,42|48|52|58,42|6|4|6,58,72810,36376,0.000795959818,0.001591919636,pass,pass,7
18223,332077729,12|22|58|60,12|10|36|2,60,72832,36386,0.000823135598,0.001646271196,pass,pass,13
18229,332296441,10|16|28|36,10|6|12|8,36,72880,36422,0.0004937188,0.000987437599,pass,pass,19
18233,332442289,22|28|40|48,22|6|12|8,48,72884,36418,0.000658147315,0.001316294631,pass,pass,23
18251,333099001,42|96|156|160,42|54|60|4,160,72844,36342,0.002191660731,0.004383321462,pass,pass,11
18253,333172009,22|52|58|70,22|30|6|12,70,72942,36436,0.000958746507,0.001917493015,pass,pass,13
18257,333318049,4|10|12|18,4|6|2|6,18,73010,36496,0.000246480802,0.000492961604,pass,pass,17
18269,333756361,16|22|42|46,16|6|20|4,46,73030,36492,0.000629481636,0.001258963271,pass,pass,29
18287,334414369,24|34|48|58,24|10|14|10,58,73090,36516,0.000792912998,0.001585825997,pass,pass,17
18289,334487521,40|78|96|102,40|38|18|6,102,73054,36476,0.001394280715,0.00278856143,pass,pass,19
18301,334926601,28|42|58|142,28|14|16|84,142,73062,36460,0.001939784711,0.003879569422,pass,pass,1
18307,335146249,18|28|34|54,18|10|6|20,54,73174,36560,0.000737422844,0.001474845687,pass,pass,7
18311,335292721,10|12|40|46,10|2|28|6,46,73198,36576,0.000628037791,0.001256075583,pass,pass,11
18313,335365969,22|24|58|82,22|2|34|24,82,73170,36544,0.00111942336,0.002238846721,pass,pass,13
18329,335952241,6|16|48|52,6|10|32|4,52,73264,36606,0.000709258552,0.001418517104,pass,pass,29
18341,336392281,10|12|52|58,10|2|40|6,58,73306,36624,0.000790578485,0.001581156971,pass,pass,11
18353,336832609,12|24|64|88,12|12|40|24,88,73324,36618,0.001198714107,0.002397428213,pass,pass,23
18367,337346689,10|12|42|52,10|2|30|10,52,73416,36682,0.000707791147,0.001415582294,pass,pass,7
18371,337493641,16|18|28|30,16|2|10|2,30,73454,36712,0.000408252137,0.000816504273,pass,pass,11
18379,337787641,58|66|72|112,58|8|6|40,112,73404,36646,0.001523477882,0.003046955765,pass,pass,19
18397,338449609,12|18|40|64,12|6|22|24,64,73524,36730,0.000869707017,0.001739414035,pass,pass,7
18401,338596801,30|46|72|76,30|16|26|4,76,73528,36726,0.001032552579,0.002065105157,pass,pass,11
18413,339038569,18|24|52|94,18|6|28|42,94,73558,36732,0.001276272199,0.002552544398,pass,pass,23
18427,339554329,24|58|64|70,24|34|6|6,70,73638,36784,0.000949693385,0.001899386769,pass,pass,7
18433,339775489,4|40|54|120,4|36|14|66,120,73612,36746,0.001627515868,0.003255031737,pass,pass,13
18439,339996721,12|18|30|36,12|6|12|6,36,73720,36842,0.000488095884,0.000976191767,pass,pass,19
18443,340144249,22|82|112|130,22|60|30|18,130,73642,36756,0.001762186195,0.003524372391,pass,pass,23
18451,340439401,12|22|30|46,12|10|8|16,46,73758,36856,0.000623272451,0.001246544903,pass,pass,1
18457,340660849,58|100|130|174,58|42|30|44,174,73654,36740,0.002356829387,0.004713658774,pass,pass,7
18461,340808521,6|22|58|60,6|16|36|2,60,73784,36862,0.000812523699,0.001625047397,pass,pass,11
18481,341547361,22|42|60|82,22|20|18|22,82,73842,36880,0.001109247335,0.00221849467,pass,pass,1
18493,341991049,24|58|100|112,24|34|42|12,112,73860,36874,0.001514086411,0.003028172822,pass,pass,13
18503,342361009,42|58|90|100,42|16|32|10,100,73912,36906,0.001351132249,0.002702264498,pass,pass,23
18517,342879289,58|60|70|82,58|2|10|12,82,73986,36952,0.001107090781,0.002214181563,pass,pass,7
18521,343027441,18|66|82|108,18|48|16|26,108,73976,36934,0.001457804654,0.002915609308,pass,pass,11
18523,343101529,12|24|64|154,12|12|40|90,154,73938,36892,0.002078497004,0.004156994007,pass,pass,13
18539,343694521,10|16|18|48,10|6|2|30,48,74108,37030,0.000647284104,0.001294568208,pass,pass,29
18541,343768681,12|18|28|36,12|6|10|8,36,74128,37046,0.000485410711,0.000970821423,pass,pass,1
18553,344213809,4|18|24|34,4|14|6|10,34,74178,37072,0.00045814693,0.000916293861,pass,pass,13
18583,345327889,12|34|58|70,12|22|24|12,70,74262,37096,0.000941720928,0.001883441855,pass,pass,13
18587,345476569,18|22|28|34,18|4|6|6,34,74314,37140,0.000457308872,0.000914617744,pass,pass,17
18593,345699649,40|70|78|84,40|30|8|6,84,74288,37102,0.001129457323,0.002258914645,pass,pass,23
18617,346592689,18|24|34|42,18|6|10|8,42,74426,37192,0.000564000645,0.001128001289,pass,pass,17
18637,347337769,28|48|52|58,28|20|4|6,58,74490,37216,0.000778022214,0.001556044428,pass,pass,7
18661,348232921,40|66|72|78,40|26|6|6,78,74566,37244,0.001044960077,0.002089920154,pass,pass,1
18671,348606241,16|42|46|58,16|26|4|12,58,74626,37284,0.000776605431,0.001553210862,pass,pass,11
18679,348905041,28|36|66|102,28|8|30|36,102,74614,37256,0.001365169442,0.002730338883,pass,pass,19
18691,349353481,42|52|60|66,42|10|8|6,66,74698,37316,0.000882777808,0.001765555615,pass,pass,1
18701,349727401,30|48|52|58,30|18|4|6,58,74746,37344,0.000775359606,0.001550719213,pass,pass,11
18713,350176369,12|28|54|82,12|16|26|28,82,74770,37344,0.00109549511,0.002190990221,pass,pass,23
18719,350400961,52|72|82|96,52|20|10|14,96,74780,37342,0.001282119771,0.002564239543,pass,pass,29
18731,350850361,16|28|36|66,16|12|8|30,66,74858,37396,0.000880892638,0.001761785276,pass,pass,11
18743,351300049,22|28|34|100,22|6|6|66,100,74872,37386,0.001333831297,0.002667662594,pass,pass,23
18749,351525001,16|72|90|142,16|56|18|52,142,74854,37356,0.001893434316,0.003786868633,pass,pass,29
18757,351825049,4|88|90|94,4|84|2|4,94,74934,37420,0.001252865597,0.002505731194,pass,pass,7
18773,352425529,4|22|52|54,4|18|30|2,54,75038,37492,0.000719117882,0.001438235764,pass,pass,23
18787,352951369,18|40|52|58,18|22|12|6,58,75090,37516,0.000771810294,0.001543620589,pass,pass,7
18793,353176849,12|22|48|60,12|10|26|12,60,75112,37526,0.000798169531,0.001596339062,pass,pass,13
18797,353327209,28|30|82|112,28|2|52|30,112,75076,37482,0.001489599404,0.002979198808,pass,pass,17
18803,353552809,4|22|58|60,4|18|36|2,60,75152,37546,0.000797745041,0.001595490081,pass,pass,23
18839,354907921,36|40|46|70,36|4|6|24,70,75286,37608,0.000928924041,0.001857848081,pass,pass,29
18859,355661881,16|28|58|70,16|12|30|12,70,75366,37648,0.000927938915,0.00185587783,pass,pass,19
18869,356039161,10|58|60|70,10|48|2|10,70,75406,37668,0.000927447136,0.001854894271,pass,pass,29
18899,357172201,12|16|72|100,12|4|56|28,100,75496,37698,0.001322821313,0.002645642627,pass,pass,29
18911,357625921,66|76|100|102,66|10|24|2,102,75542,37720,0.001348421554,0.002696843107,pass,pass,11
18913,357701569,10|18|40|54,10|8|22|14,54,75598,37772,0.000713794744,0.001427589489,pass,pass,13
18917,357852889,10|88|94|102,10|78|6|8,102,75566,37732,0.001347993868,0.002695987736,pass,pass,17
18919,357928561,6|22|100|106,6|16|78|6,106,75570,37732,0.001400708283,0.002801416565,pass,pass,19
18947,358988809,18|40|48|70,18|22|8|22,70,75718,37824,0.000923629071,0.001847258141,pass,pass,17
18959,359443681,16|36|42|58,16|20|6|16,58,75778,37860,0.00076480827,0.001529616541,pass,pass,29
18973,359974729,4|70|102|114,4|66|32|12,114,75778,37832,0.001502134612,0.003004269225,pass,pass,13
18979,360202441,16|18|82|102,16|2|64|20,102,75814,37856,0.001343590284,0.002687180568,pass,pass,19
19001,361038001,16|30|36|46,16|14|6|10,46,75958,37956,0.000605231304,0.001210462607,pass,pass,11
19009,361342081,6|60|70|72,6|54|10|2,72,75964,37946,0.00094691988,0.00189383976,pass,pass,19
19013,361494169,4|10|18|22,4|6|8|4,22,76030,38004,0.000289275759,0.000578551517,pass,pass,23
19031,362178961,18|28|36|82,18|10|8|46,82,76042,37980,0.001077189848,0.002154379696,pass,pass,11
19037,362407369,10|48|52|58,10|38|4|6,58,76090,38016,0.000761674634,0.001523349267,pass,pass,17
19051,362940601,28|36|70|72,28|8|34|2,72,76132,38030,0.000944832292,0.001889664585,pass,pass,1
19069,363626761,18|70|78|112,18|52|8|34,112,76164,38026,0.001468351775,0.00293670355,pass,pass,19
19073,363779329,12|40|42|70,12|28|2|28,70,76222,38076,0.000917527395,0.001835054789,pass,pass,23
19079,364008241,130|142|148|150,130|12|6|2,150,76166,38008,0.001965511819,0.003931023639,pass,pass,29
19081,364084561,10|22|40|60,10|12|18|20,60,76264,38102,0.000786122321,0.001572244641,pass,pass,1
19087,364313569,34|48|58|78,34|14|10|20,78,76270,38096,0.001021637764,0.002043275528,pass,pass,7
19121,365612641,36|66|130|136,36|30|64|6,136,76348,38106,0.001778149678,0.003556299357,pass,pass,11
19139,366301321,22|58|96|102,22|36|38|6,102,76454,38176,0.001332358012,0.002664716025,pass,pass,29
19141,366377881,6|18|30|48,6|12|12|18,48,76516,38234,0.000626926493,0.001253852986,pass,pass,1
19157,366990649,12|18|28|58,12|6|10|30,58,76570,38256,0.000756903482,0.001513806964,pass,pass,17
19163,367220569,4|24|70|84,4|20|46|14,84,76568,38242,0.001095861817,0.002191723634,pass,pass,23
19181,367910761,40|58|66|70,40|18|8|4,70,76654,38292,0.000912361191,0.001824722382,pass,pass,11
19183,367987489,4|24|48|58,4|20|24|10,58,76674,38308,0.0007558776,0.0015117552,pass,pass,13
19207,368908849,4|12|18|22,4|8|6|4,22,76806,38392,0.000286353933,0.000572707867,pass,pass,7
19211,369062521,6|18|28|58,6|12|10|30,58,76786,38364,0.00075477591,0.001509551819,pass,pass,11
19213,369139369,4|18|30|40,4|14|12|10,40,76812,38386,0.000520480924,0.001040961849,pass,pass,13
19219,369369961,6|16|22|36,6|10|6|14,36,76840,38402,0.000468286591,0.000936573183,pass,pass,19
19231,369831361,12|58|70|102,12|46|12|32,102,76822,38360,0.001325984088,0.002651968176,pass,pass,1
19237,370062169,10|12|58|60,10|2|46|2,60,76888,38414,0.000779747362,0.001559494724,pass,pass,7
19249,370524001,16|18|22|52,16|2|4|30,52,76944,38446,0.000675359759,0.001350719518,pass,pass,19
19259,370909081,6|70|88|96,6|64|18|8,96,76940,38422,0.001246170622,0.002492341243,pass,pass,29
19267,371217289,10|42|60|70,10|32|18|10,70,76998,38464,0.000908288784,0.001816577568,pass,pass,7
19273,371448529,4|18|28|78,4|14|10|50,78,77014,38468,0.001011778135,0.00202355627,pass,pass,13
19289,372065521,6|16|36|46,6|10|20|10,46,77110,38532,0.000596194722,0.001192389445,pass,pass,29
19301,372528601,22|82|106|130,22|60|24|24,130,77074,38472,0.001683850578,0.003367701155,pass,pass,11
19309,372837481,22|48|66|90,22|26|18|24,90,77146,38528,0.001165259723,0.002330519447,pass,pass,19
19319,373223761,16|52|58|72,16|36|6|14,72,77204,38566,0.000931725245,0.001863450489,pass,pass,29
19333,373764889,4|10|24|28,4|6|14|4,28,77304,38638,0.000362075208,0.000724150416,pass,pass,13
19373,375313129,24|48|52|72,24|24|4|20,72,77420,38674,0.000929128168,0.001858256336,pass,pass,23
19379,375545641,48|52|58|72,48|4|6|14,72,77444,38686,0.000928840497,0.001857680995,pass,pass,29
19381,375623161,12|30|42|90,12|18|12|48,90,77434,38672,0.001160930809,0.002321861617,pass,pass,1
19387,375855769,4|22|34|48,4|18|12|14,48,77500,38726,0.000618971476,0.001237942951,pass,pass,7
19391,376010881,46|58|60|112,46|12|2|52,112,77452,38670,0.001443968852,0.002887937703,pass,pass,11
19403,376476409,18|40|52|58,18|22|12|6,58,77554,38748,0.000747307117,0.001494614235,pass,pass,23
19417,377019889,22|52|70|88,22|30|18|18,88,77580,38746,0.001133027759,0.002266055518,pass,pass,7
19421,377175241,16|22|42|66,16|6|20|24,66,77618,38776,0.000849595798,0.001699191597,pass,pass,11
19423,377252929,28|34|54|58,28|6|20|4,58,77634,38788,0.00074653761,0.00149307522,pass,pass,13
19427,377408329,4|22|34|64,4|18|12|30,64,77644,38790,0.000823596026,0.001647192052,pass,pass,17
19429,377486041,70|130|136|162,70|60|6|26,162,77554,38696,0.002084512842,0.004169025683,pass,pass,19
19433,377641489,70|102|112|130,70|32|10|18,130,77602,38736,0.001672412906,0.003344825812,pass,pass,23
19441,377952481,12|58|76|130,12|46|18|54,130,77634,38752,0.001671724706,0.003343449411,pass,pass,1
19447,378185809,4|18|28|42,4|14|10|14,42,77746,38852,0.000539929038,0.001079858076,pass,pass,7
19457,378574849,42|48|64|78,42|6|16|14,78,77750,38836,0.001002210002,0.002004420003,pass,pass,17
19463,378808369,24|112|148|150,24|88|36|2,150,77702,38776,0.001926732775,0.00385346555,pass,pass,23
19469,379041961,12|42|60|88,12|30|18|28,88,77788,38850,0.001130001541,0.002260003082,pass,pass,29
19471,379119841,28|36|42|48,28|8|6|6,48,77836,38894,0.000616301166,0.001232602332,pass,pass,1
19477,379353529,64|84|102|114,64|20|18|12,114,77794,38840,0.001463264363,0.002926528726,pass,pass,7
19483,379587289,22|30|58|64,22|8|28|6,64,77868,38902,0.000821228764,0.001642457527,pass,pass,13
19489,379821121,10|18|42|58,10|8|24|16,58,77898,38920,0.000744009441,0.001488018882,pass,pass,19
19501,380289001,28|36|88|100,28|8|52|12,100,77904,38902,0.001281985539,0.002563971078,pass,pass,1
19507,380523049,18|22|64|82,18|4|42|18,82,77946,38932,0.001050904803,0.002101809607,pass,pass,7
19531,381459961,10|16|28|60,10|6|12|32,60,78064,39002,0.000768009831,0.001536019661,pass,pass,1
19541,381850681,16|46|76|88,16|30|30|12,88,78076,38994,0.001125837982,0.002251675963,pass,pass,11
19543,381928849,4|22|58|64,4|18|36|6,64,78108,39022,0.000818707466,0.001637414931,pass,pass,13
19553,382319809,54|58|84|100,54|4|26|16,100,78112,39006,0.001278576178,0.002557152355,pass,pass,23
19559,382554481,18|22|46|52,18|4|24|6,52,78184,39066,0.000664655657,0.001329311314,pass,pass,29
19571,383024041,10|36|58|108,10|26|22|50,108,78176,39034,0.001379592254,0.002759184508,pass,pass,11
19577,383258929,82|88|124|144,82|6|36|20,144,78164,39010,0.001838892578,0.003677785156,pass,pass,17
19583,383493889,28|60|64|72,28|32|4|8,72,78260,39094,0.000919164582,0.001838329163,pass,pass,23
19597,384042409,4|28|34|60,4|24|6|26,60,78328,39134,0.000765423279,0.001530846558,pass,pass,7
19603,384277609,42|48|58|60,42|6|10|2,60,78352,39146,0.000765189002,0.001530378003,pass,pass,13
19609,384512881,30|46|60|82,30|16|14|22,82,78354,39136,0.001045438319,0.002090876638,pass,pass,19
19661,386554921,16|46|142|148,16|30|96|6,148,78496,39174,0.001881898174,0.003763796348,pass,pass,11
19681,387341761,22|52|118|130,22|30|66|12,130,78594,39232,0.001651338855,0.003302677709,pass,pass,1
19687,387577969,4|18|34|64,4|14|16|30,64,78684,39310,0.000812719053,0.001625438106,pass,pass,7
19697,387971809,4|12|30|52,4|8|18|22,52,78736,39342,0.000659998985,0.001319997969,pass,pass,17
19699,388050601,30|42|70|78,30|12|28|8,78,78718,39320,0.000989897964,0.001979795929,pass,pass,19
19709,388444681,16|18|22|30,16|2|4|8,30,78806,39388,0.000380536811,0.000761073621,pass,pass,29
19717,388760089,12|18|28|40,12|6|10|12,40,78828,39394,0.000507176548,0.001014353096,pass,pass,7
19727,389154529,12|40|58|64,12|28|18|6,64,78844,39390,0.000811071121,0.001622142242,pass,pass,17
19739,389628121,12|18|28|78,12|6|10|50,78,78878,39400,0.00098789199,0.001975783981,pass,pass,29
19751,390102001,48|58|126|130,48|10|68|4,130,78874,39372,0.001645486304,0.003290972609,pass,pass,11
19753,390181009,4|10|28|40,4|6|18|12,40,78972,39466,0.000506252215,0.00101250443,pass,pass,13
19759,390418081,28|48|76|96,28|20|28|20,96,78940,39422,0.001214636368,0.002429272736,pass,pass,19
19763,390576169,18|34|42|78,18|16|8|36,78,78974,39448,0.000986692304,0.001973384608,pass,pass,23
19777,391129729,4|12|48|64,4|8|36|16,64,79044,39490,0.000809020579,0.001618041159,pass,pass,7
19793,391762849,18|24|34|52,18|6|10|18,52,79120,39534,0.000656797858,0.001313595716,pass,pass,23
19801,392079601,12|28|40|46,12|16|12|6,46,79158,39556,0.000580778749,0.001161557497,pass,pass,1
19813,392554969,28|42|52|70,28|14|10|18,70,79182,39556,0.000883258467,0.001766516933,pass,pass,13
19819,392792761,28|36|40|48,28|8|4|8,48,79228,39590,0.00060547959,0.001210959181,pass,pass,19
19841,393665281,18|22|36|42,18|4|14|6,42,79322,39640,0.000529207197,0.001058414394,pass,pass,11
19843,393744649,72|88|112|174,72|16|24|62,174,79198,39512,0.002192208839,0.004384417679,pass,pass,13
19853,394141609,4|10|12|78,4|6|2|66,78,79334,39628,0.000982219312,0.001964438624,pass,pass,23
19861,394459321,58|76|90|120,58|18|14|30,120,79324,39602,0.001510497961,0.003020995922,pass,pass,1
19867,394697689,18|24|28|40,18|6|4|12,40,79428,39694,0.000503347259,0.001006694519,pass,pass,7
19889,395572321,42|70|96|156,42|28|26|60,156,79400,39622,0.0019608829,0.0039217658,pass,pass,29
19891,395651881,18|42|52|58,18|24|10|6,58,79506,39724,0.000728972902,0.001457945805,pass,pass,1
19913,396527569,12|28|42|58,12|16|14|16,58,79594,39768,0.000728167529,0.001456335058,pass,pass,23
19919,396766561,10|28|66|76,10|18|38|10,76,79600,39762,0.000953863146,0.001907726291,pass,pass,29
19927,397085329,4|18|54|58,4|14|36|4,58,79650,39796,0.000727655944,0.001455311888,pass,pass,7
19937,397483969,42|58|102|130,42|16|44|28,130,79618,39744,0.001630134925,0.00326026985,pass,pass,17
19949,397962601,12|22|40|58,12|10|18|18,58,79738,39840,0.000726853476,0.001453706953,pass,pass,29
19961,398441521,10|30|70|78,10|20|40|8,78,79766,39844,0.000976904965,0.001953809929,pass,pass,11
19963,398521369,64|70|112|142,64|6|42|30,142,79710,39784,0.001778289836,0.003556579672,pass,pass,13
19973,398920729,28|48|54|58,28|20|6|4,58,79834,39888,0.000725980073,0.001451960146,pass,pass,23
19979,399160441,10|12|16|42,10|2|4|26,42,79874,39916,0.000525551829,0.001051103659,pass,pass,29
19991,399640081,12|36|58|60,12|24|22|2,60,79904,39922,0.000750337652,0.001500675304,pass,pass,11
19993,399720049,40|60|112|114,40|20|52|2,114,79858,39872,0.001425498925,0.002850997849,pass,pass,13
19997,399880009,12|22|28|40,12|10|6|12,40,79948,39954,0.000500075011,0.001000150023,pass,pass,17
20011,400440121,70|72|76|78,70|2|4|2,78,79966,39944,0.000974464045,0.00194892809,pass,pass,1
20021,400840441,22|30|42|66,22|8|12|24,66,80018,39976,0.000824134659,0.001648269317,pass,pass,11
20023,400920529,28|52|64|78,28|24|12|14,78,80014,39968,0.000973880038,0.001947760076,pass,pass,13
20029,401160841,6|70|72|82,6|64|2|10,82,80034,39976,0.001023515902,0.002047031804,pass,pass,19
20047,401882209,10|42|58|70,10|32|16|12,70,80118,40024,0.000872948571,0.001745897142,pass,pass,7
20051,402042601,6|10|58|60,6|4|48|2,60,80144,40042,0.000748092364,0.001496184729,pass,pass,11
20063,402523969,12|22|40|64,12|10|18|24,64,80188,40062,0.000797487913,0.001594975826,pass,pass,23
20071,402845041,18|40|58|60,18|22|18|2,60,80224,40082,0.000747346918,0.001494693837,pass,pass,1
20089,403567921,12|28|42|72,12|16|14|30,72,80284,40106,0.000896012743,0.001792025487,pass,pass,19
20101,404050201,52|58|88|90,52|6|30|2,90,80314,40112,0.001119347296,0.002238694592,pass,pass,1
20107,404291449,22|30|34|100,22|8|4|66,100,80328,40114,0.001243348088,0.002486696175,pass,pass,7
20113,404532769,28|58|90|114,28|30|32|24,114,80338,40112,0.001416993984,0.002833987968,pass,pass,13
20117,404693689,10|12|88|102,10|2|76|14,102,80366,40132,0.00126758463,0.00253516926,pass,pass,17
20123,404935129,22|54|84|114,22|32|30|30,114,80378,40132,0.001416289818,0.002832579635,pass,pass,23
20129,405176641,28|46|52|58,28|18|6|6,58,80458,40200,0.000720353719,0.001440707437,pass,pass,29
20143,405740449,28|114|174|190,28|86|60|16,190,80382,40096,0.002358139304,0.004716278608,pass,pass,13
20147,405901609,12|18|28|40,12|6|10|12,40,80548,40254,0.000496351814,0.000992703628,pass,pass,17
20149,405982201,10|42|58|70,10|32|16|12,70,80526,40228,0.000868529456,0.001737058911,pass,pass,19
20161,406465921,10|28|78|88,10|18|50|10,88,80556,40234,0.001091215714,0.002182431427,pass,pass,1
20173,406949929,18|52|64|72,18|34|12|8,72,80620,40274,0.000892281763,0.001784563526,pass,pass,13
20177,407111329,60|70|118|120,60|10|48|2,120,80588,40234,0.001486841453,0.002973682906,pass,pass,17
20183,407353489,30|100|114|118,30|70|14|4,118,80614,40248,0.001461626121,0.002923252242,pass,pass,23
20201,408080401,18|58|78|106,18|40|20|28,106,80698,40296,0.001311816247,0.002623632493,pass,pass,11
20219,408807961,78|90|102|126,78|12|12|24,126,80750,40312,0.001557940551,0.003115881102,pass,pass,29
20231,409293361,36|78|96|100,36|42|18|4,100,80824,40362,0.001235727349,0.002471454698,pass,pass,11
20233,409374289,18|52|58|60,18|34|6|2,60,80872,40406,0.00074136312,0.001482726239,pass,pass,13
20249,410022001,12|22|28|36,12|10|6|8,36,80960,40462,0.000444466393,0.000888932787,pass,pass,29
20261,410508121,28|30|36|66,28|2|6|30,66,80978,40456,0.00081437244,0.001628744879,pass,pass,11
20269,410832361,18|30|46|52,18|12|16|6,52,81024,40486,0.000641373526,0.001282747052,pass,pass,19
20287,411562369,4|10|12|28,4|6|2|16,28,81120,40546,0.000345048553,0.000690097107,pass,pass,7
20297,411968209,4|22|34|48,4|18|12|14,48,81140,40546,0.000591220377,0.001182440755,pass,pass,17
20323,413024329,12|28|42|54,12|16|14|12,54,81238,40592,0.000664272007,0.001328544014,pass,pass,13
20327,413186929,22|70|84|168,22|48|14|84,168,81140,40486,0.002066217346,0.004132434693,pass,pass,17
20333,413430889,18|34|54|70,18|16|20|16,70,81262,40596,0.000860669847,0.001721339694,pass,pass,23
20341,413756281,28|42|46|52,28|14|4|6,52,81312,40630,0.000639103289,0.001278206578,pass,pass,1
20347,414000409,40|88|142|144,40|48|54|2,144,81244,40550,0.0017693026,0.0035386052,pass,pass,7
20353,414244609,10|30|34|64,10|20|4|30,64,81348,40642,0.000786124896,0.001572249791,pass,pass,13
20357,414407449,18|30|40|100,18|12|10|60,100,81328,40614,0.001228078794,0.002456157587,pass,pass,17
20359,414488881,6|22|66|72,6|16|44|6,72,81364,40646,0.000884129869,0.001768259738,pass,pass,19
20369,414896161,10|60|70|88,10|50|10|18,88,81388,40650,0.001080072659,0.002160145319,pass,pass,29
20389,415711321,6|16|22|42,6|10|6|20,42,81514,40736,0.00051498357,0.001029967139,pass,pass,19
20393,415874449,30|48|58|84,30|18|10|26,84,81488,40702,0.001029765115,0.002059530231,pass,pass,23
20399,416119201,40|60|112|120,40|20|52|8,120,81476,40678,0.001470660326,0.002941320653,pass,pass,29
20407,416445649,22|28|48|54,22|6|20|6,54,81574,40760,0.000661537708,0.001323075415,pass,pass,7
20411,416608921,10|18|22|36,10|8|4|14,36,81608,40786,0.00044093871,0.000881877419,pass,pass,11
20431,417425761,12|16|18|70,12|4|2|52,70,81654,40792,0.00085654153,0.00171308306,pass,pass,1
20441,417834481,16|96|108|120,16|80|12|12,120,81644,40762,0.00146763857,0.002935277139,pass,pass,11
20443,417916249,28|34|84|130,28|6|50|46,130,81642,40756,0.001589786235,0.00317957247,pass,pass,13
20477,419307529,42|58|84|90,42|16|26|6,90,81818,40864,0.001098793769,0.002197587537,pass,pass,17
20479,419389441,22|52|58|60,22|30|6|2,60,81856,40898,0.00073245764,0.001464915279,pass,pass,19
20483,419553289,12|22|58|70,12|10|36|12,70,81862,40896,0.000854367036,0.001708734072,pass,pass,23
20507,420537049,4|28|52|58,4|24|24|6,58,81970,40956,0.000707075633,0.001414151265,pass,pass,17
20509,420619081,10|16|58|106,10|6|42|48,106,81930,40912,0.001292115657,0.002584231313,pass,pass,19
20521,421111441,28|36|48|58,28|8|12|10,58,82026,40984,0.000706593246,0.001413186492,pass,pass,1
20533,421604089,22|82|84|112,22|60|2|28,112,82020,40954,0.001363658501,0.002727317002,pass,pass,13
20543,422014849,12|18|28|34,12|6|10|6,34,82138,41052,0.000413766246,0.000827532493,pass,pass,23
20549,422261401,60|70|112|118,60|10|42|6,118,82078,40980,0.001435592973,0.002871185946,pass,pass,29
20551,422343601,10|12|66|102,10|2|54|36,102,82102,41000,0.001240815532,0.002481631064,pass,pass,1
20563,422836969,60|64|100|120,60|4|36|20,120,82132,41006,0.00145893109,0.00291786218,pass,pass,13
20593,424071649,22|30|108|138,22|8|78|30,138,82234,41048,0.001675326567,0.003350653135,pass,pass,13
20599,424318801,12|22|46|58,12|10|24|12,58,82338,41140,0.000703917666,0.001407835332,pass,pass,19
20611,424813321,10|48|58|88,10|38|10|30,88,82356,41134,0.001067391199,0.002134782398,pass,pass,1
20627,425473129,54|72|180|184,54|18|108|4,184,82324,41070,0.002230086779,0.004460173559,pass,pass,17
20639,425968321,10|30|100|102,10|20|70|2,102,82454,41176,0.001235524977,0.002471049954,pass,pass,29
20641,426050881,16|18|28|36,16|2|10|8,36,82528,41246,0.000436025386,0.000872050773,pass,pass,1
20663,426959569,10|18|60|78,10|8|42|18,78,82574,41248,0.000943715821,0.001887431641,pass,pass,23
20681,427703761,6|58|60|78,6|52|2|18,78,82646,41284,0.000942894444,0.001885788888,pass,pass,11
20693,428200249,24|28|42|78,24|4|14|36,78,82694,41308,0.000942347654,0.001884695308,pass,pass,23
20707,428779849,12|40|42|54,12|28|2|12,54,82774,41360,0.000651953446,0.001303906891,pass,pass,7
20717,429194089,4|22|30|78,4|18|8|48,78,82790,41356,0.000941255973,0.001882511947,pass,pass,17
20719,429276961,16|22|58|70,16|6|36|12,70,82806,41368,0.000844635359,0.001689270718,pass,pass,19
20731,429774361,16|46|48|58,16|30|2|10,58,82866,41404,0.000699435628,0.001398871256,pass,pass,1
20743,430272049,22|30|54|72,22|8|24|18,72,82900,41414,0.000867762619,0.001735525237,pass,pass,13
20747,430438009,42|100|102|108,42|58|2|6,108,82880,41386,0.001301392972,0.002602785945,pass,pass,17
20749,430521001,40|58|88|96,40|18|30|8,96,82900,41402,0.00115668225,0.002313364499,pass,pass,19
20753,430687009,30|34|60|102,30|4|26|42,102,82910,41404,0.001228738014,0.002457476028,pass,pass,23
20759,430936081,6|16|42|58,6|10|26|16,58,82978,41460,0.00069849222,0.00139698444,pass,pass,29
20771,431434441,6|16|18|48,6|10|2|30,48,83036,41494,0.000577728564,0.001155457128,pass,pass,11
20773,431517529,28|60|72|88,28|32|12|16,88,83004,41458,0.001059067058,0.002118134116,pass,pass,13
20789,432182521,18|28|40|52,18|10|12|12,52,83104,41526,0.000625330704,0.001250661407,pass,pass,29
20807,432931249,4|64|70|130,4|60|6|60,130,83098,41484,0.001561974336,0.003123948671,pass,pass,17
20809,433014481,12|40|78|96,12|28|38|18,96,83140,41522,0.001153347109,0.002306694219,pass,pass,19
20849,434680801,16|22|90|100,16|6|68|10,100,83296,41598,0.001199098278,0.002398196556,pass,pass,29
20857,435014449,4|28|42|60,4|24|14|18,60,83368,41654,0.000719183008,0.001438366016,pass,pass,7
20873,435682129,4|10|18|28,4|6|8|10,28,83464,41718,0.000335361472,0.000670722944,pass,pass,23
20879,435932641,22|40|48|70,22|18|8|22,70,83446,41688,0.000838162747,0.001676325495,pass,pass,29
20887,436266769,12|24|54|64,12|12|30|10,64,83484,41710,0.000766026715,0.00153205343,pass,pass,7
20897,436684609,34|60|64|72,34|26|4|8,72,83516,41722,0.00086136766,0.001722735321,pass,pass,17
20899,436768201,30|46|90|102,30|16|44|12,102,83494,41696,0.001220154074,0.002440308149,pass,pass,19
20903,436935409,4|40|52|60,4|36|12|8,60,83552,41746,0.000717600344,0.001435200689,pass,pass,23
20921,437688241,22|42|70|82,22|20|28|12,82,83602,41760,0.000979876679,0.001959753358,pass,pass,11
20929,438023041,58|82|96|120,58|24|14|24,120,83596,41738,0.001433417746,0.002866835491,pass,pass,19
20939,438441721,6|12|40|42,6|6|28|2,42,83714,41836,0.000501456612,0.001002913224,pass,pass,29
20947,438776809,22|28|58|60,22|6|30|2,60,83728,41834,0.000716092997,0.001432185993,pass,pass,7
20959,439279681,12|58|70|78,12|46|12|8,78,83758,41840,0.0009303879,0.0018607758,pass,pass,19
20963,439447369,12|22|28|60,12|10|6|32,60,83792,41866,0.000715546439,0.001431092878,pass,pass,23
20981,440202361,16|30|40|46,16|14|10|6,46,83878,41916,0.000548114961,0.001096229922,pass,pass,11
20983,440286289,10|22|48|72,10|12|26|24,72,83860,41894,0.000857837297,0.001715674594,pass,pass,13
21001,441042001,10|60|70|126,10|50|10|56,126,83878,41876,0.001499928575,0.00299985715,pass,pass,1
21011,441462121,6|18|28|42,6|12|10|14,42,84002,41980,0.000499738232,0.000999476465,pass,pass,11
21013,441546169,4|12|42|52,4|8|30|10,52,84000,41974,0.000618664636,0.001237329272,pass,pass,13
21017,441714289,22|34|42|58,22|12|8|16,58,84010,41976,0.000689917686,0.001379835371,pass,pass,17
21019,441798361,16|58|72|78,16|42|14|6,78,83998,41960,0.000927732052,0.001855464104,pass,pass,19
21023,441966529,12|42|82|120,12|30|40|38,120,83972,41926,0.001427008514,0.002854017029,pass,pass,23
21031,442302961,52|58|102|168,52|6|44|66,168,83956,41894,0.001997051971,0.003994103942,pass,pass,1
21059,443481481,6|22|42|66,6|16|20|24,66,84170,42052,0.000783512987,0.001567025975,pass,pass,29
21061,443565721,40|46|60|156,40|6|14|96,156,84088,41966,0.001851763924,0.003703527848,pass,pass,1
21067,443818489,28|88|112|142,28|60|24|30,142,84126,41992,0.001685099919,0.003370199839,pass,pass,7
21089,444745921,6|46|48|60,6|40|2|12,60,84296,42118,0.000711271279,0.001422542558,pass,pass,29
21101,445252201,58|60|72|78,58|2|12|6,78,84326,42124,0.000924126819,0.001848253637,pass,pass,11
21107,445505449,42|48|54|64,42|6|6|10,64,84364,42150,0.000758042356,0.001516084711,pass,pass,17
21121,446096641,16|18|30|40,16|2|12|10,40,84444,42202,0.000473462431,0.000946924862,pass,pass,1
21139,446857321,28|58|66|102,28|30|8|36,102,84454,42176,0.00120630115,0.002412602299,pass,pass,19
21143,447026449,18|24|48|52,18|6|24|4,52,84520,42234,0.00061486071,0.001229721421,pass,pass,23
21149,447280201,12|30|36|90,12|18|6|54,90,84506,42208,0.001063880089,0.002127760178,pass,pass,29
21157,447618649,10|18|30|78,10|8|12|48,78,84550,42236,0.000921680768,0.001843361535,pass,pass,7
21163,447872569,4|28|78|88,4|24|50|10,88,84564,42238,0.001039550158,0.002079100317,pass,pass,13
21169,448126561,78|82|102|136,78|4|20|34,136,84540,42202,0.00160612216,0.00321224432,pass,pass,19
21179,448550041,10|70|90|106,10|60|20|16,106,84610,42252,0.001251239435,0.002502478871,pass,pass,29
21187,448888969,18|42|48|78,18|24|6|30,78,84670,42296,0.000920375702,0.001840751404,pass,pass,7
21191,449058481,6|36|60|88,6|30|24|28,88,84676,42294,0.001038176584,0.002076353169,pass,pass,11
21193,449143249,42|48|52|64,42|6|4|12,64,84708,42322,0.000754966262,0.001509932525,pass,pass,13
21211,449906521,12|52|78|82,12|40|26|4,82,84762,42340,0.000966479657,0.001932959314,pass,pass,1
21221,450330841,30|70|76|88,30|40|6|12,88,84796,42354,0.00103670892,0.002073417841,pass,pass,11
21227,450585529,18|70|94|102,18|52|24|8,102,84806,42352,0.001201300231,0.002402600462,pass,pass,17
21247,451435009,4|22|34|54,4|18|12|20,54,84934,42440,0.000635383819,0.001270767638,pass,pass,7
21269,452370361,16|28|36|48,16|12|8|12,48,85028,42490,0.00056420142,0.00112840284,pass,pass,29
21277,452710729,84|94|102|148,84|10|8|46,148,84960,42406,0.00173896696,0.003477933919,pass,pass,7
21283,452966089,4|58|70|72,4|54|12|2,72,85060,42494,0.000845745431,0.001691490861,pass,pass,13
21313,454243969,48|58|72|78,48|10|14|6,78,85174,42548,0.000914934547,0.001829869094,pass,pass,13
21317,454414489,22|28|40|42,22|6|12|2,42,85226,42592,0.00049256462,0.00098512924,pass,pass,17
21319,454499761,6|28|70|78,6|22|42|8,78,85198,42560,0.000914677049,0.001829354097,pass,pass,19
21323,454670329,12|54|100|112,12|42|46|12,112,85180,42534,0.00131313605,0.002626272101,pass,pass,23
21341,455438281,30|42|58|72,30|12|16|14,72,85292,42610,0.000843446886,0.001686893773,pass,pass,11
21347,455694409,10|22|34|58,10|12|12|24,58,85330,42636,0.000679252354,0.001358504708,pass,pass,17
21377,456976129,10|22|24|58,10|12|2|34,58,85450,42696,0.000678299107,0.001356598213,pass,pass,17
21379,457061641,12|28|82|100,12|16|54|18,100,85416,42658,0.001169371813,0.002338743627,pass,pass,19
21383,457232689,4|64|82|84,4|60|18|2,84,85448,42682,0.000982088575,0.00196417715,pass,pass,23
21391,457574881,46|70|100|106,46|24|30|6,106,85458,42676,0.001238838764,0.002477677528,pass,pass,1
21397,457831609,30|70|88|114,30|40|18|26,114,85474,42680,0.001331962425,0.002663924849,pass,pass,7
21401,458002801,6|18|36|58,6|12|18|22,58,85546,42744,0.000677538433,0.001355076866,pass,pass,11
21407,458259649,12|22|24|30,12|10|2|6,30,85598,42784,0.000350352688,0.000700705377,pass,pass,17
21419,458773561,12|42|60|82,12|30|18|22,82,85594,42756,0.000957094169,0.001914188337,pass,pass,29
21433,459373489,28|40|58|72,28|12|18|14,72,85660,42794,0.000839826436,0.001679652872,pass,pass,13
21467,460832089,12|40|60|78,12|28|20|18,78,85790,42856,0.000908370988,0.001816741976,pass,pass,17
21481,461433361,6|16|28|96,6|10|12|68,96,85828,42866,0.001117266421,0.002234532843,pass,pass,1
21487,461691169,10|18|42|52,10|8|24|10,52,85896,42922,0.000605016987,0.001210033974,pass,pass,7
21491,461863081,18|88|96|106,18|70|8|10,106,85858,42876,0.00123307431,0.00246614862,pass,pass,11
21493,461949049,30|34|48|52,30|4|14|4,52,85920,42934,0.00060484809,0.00120969618,pass,pass,13
21499,462207001,12|22|60|72,12|10|38|12,72,85924,42926,0.000837248244,0.001674496488,pass,pass,19
21503,462379009,10|22|52|58,10|12|30|6,58,85954,42948,0.000674324513,0.001348649026,pass,pass,23
21517,462981289,82|102|138|172,82|20|36|34,172,85896,42862,0.001998419854,0.003996839708,pass,pass,7
21521,463153441,6|36|132|142,6|30|96|10,142,85942,42900,0.001649551601,0.003299103202,pass,pass,11
21523,463239529,18|48|88|100,18|30|40|12,100,85992,42946,0.001161548111,0.002323096223,pass,pass,13
21529,463497841,6|10|30|42,6|4|20|12,42,86074,43016,0.000487714246,0.000975428492,pass,pass,19
21557,464704249,22|28|64|94,22|6|36|30,94,86134,43020,0.001090133135,0.002180266271,pass,pass,17
21559,464790481,18|22|70|112,18|4|48|42,112,86124,43006,0.001298761538,0.002597523076,pass,pass,19
21563,464962969,4|60|78|102,4|56|18|24,102,86150,43024,0.001182581273,0.002365162547,pass,pass,23
21569,465221761,58|76|82|88,58|18|6|6,88,86188,43050,0.001019982382,0.002039964764,pass,pass,29
21577,465566929,10|24|42|64,10|14|18|22,64,86244,43090,0.000741530333,0.001483060666,pass,pass,7
21587,465998569,18|22|64|78,18|4|42|14,78,86270,43096,0.000903321443,0.001806642887,pass,pass,17
21589,466084921,18|22|30|40,18|4|8|10,40,86316,43138,0.000463198851,0.000926397703,pass,pass,19
21599,466516801,70|108|148|150,70|38|40|2,150,86246,43048,0.00173619149,0.003472382981,pass,pass,29
21601,466603201,18|22|52|78,18|4|30|26,78,86326,43124,0.000902735984,0.001805471969,pass,pass,1
21611,467035321,30|36|48|70,30|6|12|22,70,86374,43152,0.000809772801,0.001619545602,pass,pass,11
21613,467121769,10|28|34|60,10|18|6|26,60,86392,43166,0.000694026743,0.001388053486,pass,pass,13
21617,467294689,10|54|72|124,10|44|18|52,124,86344,43110,0.00143405653,0.002868113059,pass,pass,17
21647,468592609,18|42|52|60,18|24|10|8,60,86528,43234,0.000692936666,0.001385873331,pass,pass,17
21649,468679201,16|22|28|46,16|6|6|18,46,86550,43252,0.000531202365,0.00106240473,pass,pass,19
21661,469198921,6|48|72|156,6|42|24|84,156,86488,43166,0.001800470892,0.003600941785,pass,pass,1
21673,469718929,4|10|28|52,4|6|18|24,52,86640,43294,0.000599824667,0.001199649333,pass,pass,13
21683,470152489,30|34|42|78,30|4|8|36,78,86654,43288,0.00089932205,0.001798644099,pass,pass,23
21701,470933401,52|82|96|100,52|30|14|4,100,86704,43302,0.001152020644,0.002304041288,pass,pass,11
21713,471454369,24|64|72|78,24|40|8|6,78,86774,43348,0.000898079492,0.001796158983,pass,pass,23
21727,472062529,24|42|60|64,24|18|18|4,64,86844,43390,0.000736410917,0.001472821835,pass,pass,7
21737,472497169,28|58|70|78,28|30|12|8,78,86870,43396,0.000897087915,0.001794175829,pass,pass,17
21739,472584121,6|16|22|28,6|10|6|6,28,86928,43450,0.000322001932,0.000644003864,pass,pass,19
21751,473106001,18|30|42|70,18|12|12|28,70,86934,43432,0.00080456071,0.00160912142,pass,pass,1
21757,473367049,12|18|84|108,12|6|66|24,108,86920,43406,0.001240979915,0.002481959829,pass,pass,7
21767,473802289,60|78|90|114,60|18|12|24,114,86954,43420,0.00130932145,0.0026186429,pass,pass,17
21773,474063529,58|64|84|90,58|6|20|6,90,87002,43456,0.001033389978,0.002066779957,pass,pass,23
21787,474673369,18|34|60|118,18|16|26|58,118,87030,43456,0.001354018451,0.002708036903,pass,pass,7
21799,475196401,10|58|66|70,10|48|8|4,70,87126,43528,0.000802789119,0.001605578238,pass,pass,19
21803,475370809,12|34|58|64,12|22|24|6,64,87148,43542,0.000733843966,0.001467687933,pass,pass,23
21817,475981489,12|40|48|142,12|28|8|94,142,87126,43492,0.001627171472,0.003254342944,pass,pass,7
21821,476156041,6|12|18|78,6|6|6|60,78,87206,43564,0.000893634572,0.001787269144,pass,pass,11
21839,476941921,16|36|70|108,16|20|34|38,108,87248,43570,0.001236320344,0.002472640689,pass,pass,29
21841,477029281,16|36|60|88,16|20|24|28,88,87276,43594,0.001007279886,0.002014559773,pass,pass,1
21851,477466201,28|58|60|70,28|30|2|10,70,87334,43632,0.000800878678,0.001601757357,pass,pass,11
21859,477815881,6|28|30|36,6|22|2|6,36,87400,43682,0.000411729722,0.000823459445,pass,pass,19
21863,477990769,12|54|72|90,12|42|18|18,90,87362,43636,0.001029135983,0.002058271966,pass,pass,23
21871,478340641,6|10|22|48,6|4|12|26,48,87436,43694,0.000548671757,0.001097343514,pass,pass,1
21881,478778161,52|60|66|108,52|8|6|42,108,87416,43654,0.00123394726,0.00246789452,pass,pass,11
21893,479303449,22|28|34|52,22|6|6|18,52,87520,43734,0.000593797104,0.001187594208,pass,pass,23
21911,480091921,36|52|58|126,36|16|6|68,126,87518,43696,0.001437634065,0.00287526813,pass,pass,11
21929,480881041,6|18|28|82,6|12|10|54,82,87634,43776,0.00093483515,0.0018696703,pass,pass,29
21937,481231969,30|52|54|64,30|22|2|10,64,87684,43810,0.000729361353,0.001458722706,pass,pass,7
21943,481495249,30|42|48|54,30|12|6|6,54,87718,43832,0.00061523037,0.001230460739,pass,pass,13
21961,482285521,12|16|58|72,12|4|42|14,72,87772,43850,0.000819634807,0.001639269614,pass,pass,1
21977,482988529,34|60|64|72,34|26|4|8,72,87836,43882,0.000819038085,0.001638076171,pass,pass,17
21991,483604081,46|48|52|58,46|2|4|6,58,87906,43924,0.000659360648,0.001318721295,pass,pass,1
21997,483868009,4|22|30|72,4|18|8|42,72,87916,43922,0.000818293404,0.001636586807,pass,pass,7
22003,484132009,12|34|58|70,12|22|24|12,70,87942,43936,0.000795346089,0.001590692178,pass,pass,13
22013,484572169,78|90|102|124,78|12|12|22,124,87928,43902,0.001408258756,0.002816517512,pass,pass,23
22027,485188729,48|54|82|90,48|6|28|8,90,88018,43964,0.001021473646,0.002042947292,pass,pass,7
22031,485364961,12|28|48|96,12|16|20|48,96,88028,43966,0.001089374064,0.002178748128,pass,pass,11
22037,485629369,12|18|24|40,12|6|6|16,40,88108,44034,0.000453782275,0.000907564551,pass,pass,17
22039,485717521,22|46|66|76,22|24|20|10,76,88080,44002,0.000862108081,0.001724216162,pass,pass,19
22051,486246601,40|42|52|112,40|2|10|60,112,88092,43990,0.001269783683,0.002539567367,pass,pass,1
22063,486775969,30|54|82|84,30|24|28|2,84,88168,44042,0.000951819789,0.001903639578,pass,pass,13
22067,486952489,4|18|28|100,4|14|10|72,100,88168,44034,0.0011329134,0.0022658268,pass,pass,17
22073,487217329,4|22|34|54,4|18|12|20,54,88238,44092,0.000611606941,0.001223213881,pass,pass,23
22079,487482241,12|58|60|88,12|46|2|28,88,88228,44070,0.000996421939,0.001992843879,pass,pass,29
22091,488012281,16|126|172|210,16|110|46|38,210,88154,43972,0.00237653343,0.00475306686,pass,pass,11
22093,488100649,10|12|72|78,10|2|60|6,78,88294,44108,0.000882632508,0.001765265016,pass,pass,13
22109,488807881,16|22|28|30,16|6|6|2,30,88406,44188,0.000339228369,0.000678456737,pass,pass,29
22111,488896321,16|18|36|42,16|2|18|6,42,88402,44180,0.000474876758,0.000949753516,pass,pass,1
22123,489427129,52|90|112|120,52|38|22|8,120,88372,44126,0.001356054785,0.002712109569,pass,pass,13
22129,489692641,12|18|72|96,12|6|54|24,96,88420,44162,0.001084549686,0.002169099372,pass,pass,19
22133,489869689,4|18|58|70,4|14|40|12,70,88462,44196,0.000790674558,0.001581349117,pass,pass,23
22147,490489609,30|58|60|70,30|28|2|10,70,88518,44224,0.000790174741,0.001580349483,pass,pass,7
22153,490755409,4|34|40|60,4|30|6|20,60,88552,44246,0.000677109195,0.00135421839,pass,pass,13
22157,490932649,12|30|54|64,12|18|24|10,64,88564,44250,0.00072211942,0.001444238841,pass,pass,17
22159,491021281,36|48|76|100,36|12|28|24,100,88536,44218,0.001128209757,0.002256419514,pass,pass,19
22171,491553241,28|46|48|58,28|18|2|10,58,88626,44284,0.000654007487,0.001308014975,pass,pass,1
22189,492351721,12|28|30|36,12|16|2|6,36,88720,44342,0.000405606382,0.000811212763,pass,pass,19
22193,492529249,34|70|112|144,34|36|42|32,144,88628,44242,0.001622133105,0.00324426621,pass,pass,23
22229,494128441,6|66|78|108,6|60|12|30,108,88808,44350,0.001214629538,0.002429259076,pass,pass,29
22247,494929009,18|22|64|94,18|4|42|30,94,88894,44400,0.001056322201,0.002112644401,pass,pass,17
22259,495463081,42|60|78|106,42|18|18|28,106,88930,44412,0.001190529673,0.002381059347,pass,pass,29
22271,495997441,52|60|70|78,52|8|10|8,78,89006,44464,0.000875578106,0.001751156212,pass,pass,11
22273,496086529,78|100|102|112,78|22|2|10,112,88980,44434,0.001257127464,0.002514254927,pass,pass,13
22277,496264729,22|30|48|58,22|8|18|10,58,89050,44496,0.000650895542,0.001301791085,pass,pass,17
22279,496353841,16|42|90|112,16|26|48|22,112,89004,44446,0.001256788904,0.002513577809,pass,pass,19
22283,496532089,34|40|72|78,34|6|32|6,78,89054,44488,0.000875106583,0.001750213167,pass,pass,23
22291,496888681,42|70|78|106,42|28|8|28,106,89058,44476,0.0011888206,0.0023776412,pass,pass,1
22303,497423809,18|42|60|78,18|24|18|18,78,89134,44528,0.00087432184,0.00174864368,pass,pass,13
22307,497602249,4|40|78|100,4|36|38|22,100,89128,44514,0.001120724436,0.002241448873,pass,pass,17
22343,499209649,4|24|70|82,4|20|46|12,82,89290,44604,0.000917513315,0.00183502663,pass,pass,23
22349,499477801,6|42|88|96,6|36|46|8,96,89300,44602,0.001073873551,0.002147747103,pass,pass,29
22367,500282689,4|12|18|30,4|8|6|12,30,89438,44704,0.00033531542,0.00067063084,pass,pass,17
22369,500372161,46|58|60|72,46|12|2|12,72,89404,44666,0.000804685055,0.00160937011,pass,pass,19
22381,500909161,22|102|120|126,22|80|18|6,126,89398,44636,0.001407443814,0.002814887628,pass,pass,1
22391,501356881,6|18|36|46,6|12|18|10,46,89518,44736,0.000513599214,0.001027198428,pass,pass,11
22397,501625609,24|30|34|52,24|6|4|18,52,89536,44742,0.00058043488,0.001160869759,pass,pass,17
22409,502163281,28|48|58|60,28|20|10|2,60,89576,44758,0.000669373912,0.001338747825,pass,pass,29
22433,503239489,4|58|102|184,4|54|44|82,184,89548,44682,0.002050550528,0.004101101056,pass,pass,23
22441,503598481,36|40|58|60,36|4|18|2,60,89704,44822,0.000668419411,0.001336838822,pass,pass,1
22447,503867809,34|40|90|154,34|6|50|64,154,89634,44740,0.001715151245,0.00343030249,pass,pass,7
22453,504137209,4|34|42|72,4|30|8|30,72,89740,44834,0.000801674609,0.001603349218,pass,pass,13
22469,504855961,16|46|52|58,16|30|6|6,58,89818,44880,0.000645333571,0.001290667141,pass,pass,29
22481,505395361,6|16|18|58,6|10|2|40,58,89866,44904,0.000644989102,0.001289978204,pass,pass,11
22483,505485289,12|18|22|64,12|6|4|42,64,89868,44902,0.000711648801,0.001423297603,pass,pass,13
22501,506295001,16|72|142|148,16|56|70|6,148,89856,44854,0.001644371361,0.003288742723,pass,pass,1
22511,506745121,12|28|70|72,12|16|42|2,72,89972,44950,0.00079960908,0.00159921816,pass,pass,11
22531,507645961,6|36|72|76,6|30|36|4,76,90048,44986,0.000843282588,0.001686565177,pass,pass,1
22541,508096681,28|58|60|66,28|30|2|6,66,90098,45016,0.000731999468,0.001463998935,pass,pass,11
22543,508186849,22|24|30|42,22|2|6|12,42,90130,45044,0.000465776516,0.000931553032,pass,pass,13
22549,508457401,6|28|30|78,6|22|2|48,78,90118,45020,0.000864783361,0.001729566721,pass,pass,19
22567,509269489,42|58|78|100,42|16|20|22,100,90168,45034,0.001107812292,0.002215624585,pass,pass,7
22571,509450041,16|42|48|52,16|26|6|4,52,90232,45090,0.000575960303,0.001151920606,pass,pass,11
22573,509540329,30|34|58|60,30|4|24|2,60,90232,45086,0.000664510699,0.001329021397,pass,pass,13
22613,511347769,4|22|28|70,4|18|6|42,70,90382,45156,0.000773891125,0.001547782249,pass,pass,23
22619,511619161,16|30|48|58,16|14|18|10,58,90418,45180,0.000641053981,0.001282107962,pass,pass,29
22621,511709641,10|36|46|48,10|26|10|2,48,90436,45194,0.000530480527,0.001060961054,pass,pass,1
22637,512433769,4|22|60|64,4|18|38|4,64,90484,45210,0.000706807439,0.001413614878,pass,pass,17
22639,512524321,22|40|46|70,22|18|6|24,70,90486,45208,0.000773002341,0.001546004682,pass,pass,19
22643,512705449,34|64|78|90,34|30|14|12,90,90482,45196,0.000993684582,0.001987369165,pass,pass,23
22651,513067801,12|16|46|52,12|4|30|6,52,90552,45250,0.000573926096,0.001147852192,pass,pass,1
22669,513883561,48|52|58|70,48|4|6|12,70,90606,45268,0.000771979355,0.00154395871,pass,pass,19
22679,514337041,10|12|30|36,10|2|18|6,36,90680,45322,0.000396842894,0.000793685789,pass,pass,29
22691,514881481,28|66|112|136,28|38|46|24,136,90628,45246,0.001498391433,0.002996782865,pass,pass,11
22697,515153809,4|10|18|22,4|6|8|4,22,90766,45372,0.000242322774,0.000484645548,pass,pass,17
22699,515244601,16|22|28|70,16|6|6|42,70,90726,45328,0.000770959073,0.001541918146,pass,pass,19
22709,515698681,10|40|46|58,10|30|6|12,58,90778,45360,0.000638513365,0.001277026729,pass,pass,29
22717,516062089,4|12|22|28,4|8|10|6,28,90840,45406,0.000308139279,0.000616278558,pass,pass,7
22721,516243841,16|112|126|130,16|96|14|4,130,90754,45312,0.001430394789,0.002860789578,pass,pass,11
22727,516516529,12|18|58|84,12|6|40|26,84,90824,45370,0.000924011088,0.001848022176,pass,pass,17
22739,517062121,10|52|88|112,10|42|36|24,112,90844,45366,0.001231364616,0.002462729232,pass,pass,29
22741,517153081,18|22|30|58,18|4|8|28,58,90906,45424,0.000637614881,0.001275229761,pass,pass,1
22751,517608001,28|42|96|100,28|14|54|4,100,90904,45402,0.001098852798,0.002197705595,pass,pass,11
22769,518427361,48|58|96|112,48|10|38|16,112,90964,45426,0.001229742193,0.002459484387,pass,pass,29
22777,518791729,4|24|120|130,4|20|96|10,130,90978,45424,0.001426877991,0.002853755982,pass,pass,7
22783,519065089,22|28|48|60,22|6|20|12,60,91072,45506,0.000658385638,0.001316771277,pass,pass,13
22787,519247369,4|60|84|90,4|56|24|6,90,91058,45484,0.000987405099,0.001974810199,pass,pass,17
22807,520159249,4|42|52|54,4|38|10|2,54,91174,45560,0.000591923532,0.001183847064,pass,pass,7
22811,520341721,48|60|100|160,48|12|40|60,160,91084,45462,0.001753539959,0.003507079918,pass,pass,11
22817,520615489,18|28|70|130,18|10|42|60,130,91138,45504,0.001424376561,0.002848753123,pass,pass,17
22853,522259609,40|42|54|58,40|2|12|4,58,91354,45648,0.000634490001,0.001268980003,pass,pass,23
22859,522533881,16|36|70|102,16|20|34|32,102,91334,45616,0.001115534363,0.002231068726,pass,pass,29
22861,522625321,36|66|138|166,36|30|72|28,166,91278,45556,0.001815318665,0.00363063733,pass,pass,1
22871,523082641,30|58|60|72,30|28|2|12,72,91412,45670,0.000787022867,0.001574045735,pass,pass,11
22877,523357129,22|78|124|142,22|56|46|18,142,91366,45612,0.001551776894,0.003103553788,pass,pass,17
22901,524455801,22|36|42|48,22|14|6|6,48,91556,45754,0.000523994585,0.001047989171,pass,pass,11
22907,524730649,42|60|94|108,42|18|34|14,108,91520,45706,0.001178679006,0.002357358013,pass,pass,17
22921,525372241,16|30|36|52,16|14|6|16,52,91632,45790,0.000567165481,0.001134330963,pass,pass,1
22937,526105969,58|70|90|100,58|12|20|10,100,91648,45774,0.001089942015,0.00217988403,pass,pass,17
22943,526381249,4|10|60|64,4|6|50|4,64,91708,45822,0.000697380465,0.001394760929,pass,pass,23
22961,527207521,10|16|78|102,10|6|62|24,102,91742,45820,0.001110578808,0.002221157615,pass,pass,11
22963,527299369,10|22|108|112,10|12|86|4,112,91740,45814,0.001219352872,0.002438705744,pass,pass,13
22973,527758729,28|40|42|84,28|12|2|42,84,91808,45862,0.000914116572,0.001828233143,pass,pass,23
22993,528678049,34|60|82|120,34|26|22|38,120,91852,45866,0.001304744922,0.002609489845,pass,pass,13
23003,529138009,4|24|28|58,4|20|4|30,58,91954,45948,0.000630352563,0.001260705125,pass,pass,23
23011,529506121,16|30|46|106,16|14|16|60,106,91938,45916,0.001151623137,0.002303246274,pass,pass,1
23017,529782289,22|24|78|108,22|2|54|30,108,91960,45926,0.001173046009,0.002346092019,pass,pass,7
23021,529966441,58|70|72|102,58|12|2|30,102,91982,45940,0.001107684288,0.002215368577,pass,pass,11
23027,530242729,34|52|78|102,34|18|26|24,102,92006,45952,0.001107395666,0.002214791332,pass,pass,17
23029,530334841,28|88|106|142,28|60|18|36,142,91974,45916,0.001541534587,0.003083069174,pass,pass,19
23039,530795521,46|72|76|102,46|26|4|26,102,92054,45976,0.001106818872,0.002213637745,pass,pass,29
23041,530887681,52|58|76|88,52|6|18|12,88,92076,45994,0.000954819669,0.001909639339,pass,pass,1
23053,531440809,30|64|120|130,30|34|56|10,130,92082,45976,0.001409794821,0.002819589641,pass,pass,13
23057,531625249,4|18|24|28,4|14|6|4,28,92200,46086,0.000303595437,0.000607190875,pass,pass,17
23059,531717481,16|22|66|78,16|6|44|12,78,92158,46040,0.000845656793,0.001691313587,pass,pass,19
23063,531901969,40|114|130|132,40|74|16|2,132,92120,45994,0.001430863288,0.002861726575,pass,pass,23
23071,532271041,16|18|22|46,16|2|4|24,46,92238,46096,0.000498461272,0.000996922543,pass,pass,1
23081,532732561,36|70|82|88,36|34|12|6,88,92236,46074,0.000953164941,0.001906329882,pass,pass,11
23087,533009569,10|52|82|94,10|42|30|12,94,92254,46080,0.001017888855,0.00203577771,pass,pass,17
23099,533563801,96|130|148|172,96|34|18|24,172,92224,46026,0.001861552448,0.003723104896,pass,pass,29
23117,534395689,18|22|24|34,18|4|2|10,34,92434,46200,0.00036769477,0.00073538954,pass,pass,17
23131,535043161,22|42|58|72,22|20|16|14,72,92452,46190,0.000778176473,0.001556352946,pass,pass,1
23143,535598449,22|24|40|58,22|2|16|18,58,92514,46228,0.000626539342,0.001253078685,pass,pass,13
23159,536339281,10|18|22|36,10|8|4|14,36,92600,46282,0.000388617816,0.000777235632,pass,pass,29
23167,536709889,4|22|28|30,4|18|6|2,30,92638,46304,0.000323736349,0.000647472698,pass,pass,7
23173,536987929,4|10|22|58,4|6|12|36,58,92634,46288,0.000625728218,0.001251456436,pass,pass,13
23189,537729721,6|42|58|60,6|36|16|2,60,92696,46318,0.000646858424,0.001293716849,pass,pass,29
23197,538100809,10|24|52|54,10|14|28|2,54,92734,46340,0.000581971807,0.001163943613,pass,pass,7
23201,538286401,22|46|76|78,22|24|30|2,78,92726,46324,0.000840481014,0.001680962027,pass,pass,11
23203,538379209,4|18|70|84,4|14|52|14,84,92728,46322,0.000905055381,0.001810110762,pass,pass,13
23209,538657681,58|66|112|126,58|8|46|14,126,92710,46292,0.001357232108,0.002714464216,pass,pass,19
23227,539493529,12|22|24|28,12|10|2|4,28,92880,46426,0.000301373402,0.000602746803,pass,pass,7
23251,540609001,36|48|52|58,36|12|4|6,58,92946,46444,0.000623629091,0.001247258182,pass,pass,1
23269,541446361,150|162|186|190,150|12|24|4,190,92886,46348,0.002041342559,0.004082685118,pass,pass,19
23279,541911841,18|28|76|108,18|10|48|32,108,93008,46450,0.001159843636,0.002319687272,pass,pass,29
23291,542470681,78|90|106|126,78|12|16|20,126,93038,46456,0.001352453737,0.002704907475,pass,pass,11
23293,542563849,58|60|64|78,58|2|4|14,78,93094,46508,0.000837161379,0.001674322758,pass,pass,13
23297,542750209,28|58|72|78,28|30|14|6,78,93110,46516,0.000837017642,0.001674035284,pass,pass,17
23311,543402721,16|66|136|162,16|50|70|26,162,93082,46460,0.001737377204,0.003474754408,pass,pass,1
23321,543869041,6|36|48|58,6|30|12|10,58,93226,46584,0.000621757215,0.001243514429,pass,pass,11
23327,544148929,18|48|60|64,18|30|12|4,64,93244,46590,0.000685900459,0.001371800917,pass,pass,17
23333,544428889,28|54|64|70,28|26|10|6,70,93262,46596,0.000750010714,0.001500021429,pass,pass,23
23339,544708921,58|60|106|120,58|2|46|14,120,93236,46558,0.001285402117,0.002570804233,pass,pass,29
23357,545549449,18|70|102|142,18|52|32|40,142,93286,46572,0.001519886972,0.003039773944,pass,pass,17
23369,546110161,10|36|70|78,10|26|34|8,78,93398,46660,0.000834438786,0.001668877573,pass,pass,29
23371,546203641,12|36|42|48,12|24|6|6,48,93436,46694,0.000513456848,0.001026913696,pass,pass,1
23399,547513201,16|30|48|58,16|14|18|10,58,93538,46740,0.000619684602,0.001239369204,pass,pass,29
23417,548355889,70|118|120|130,70|48|2|10,130,93538,46704,0.0013878806,0.002775761199,pass,pass,17
23431,549011761,42|58|78|88,42|16|20|10,88,93636,46774,0.000938927062,0.001877854125,pass,pass,1
23447,549761809,4|22|72|102,4|18|50|30,102,93686,46792,0.001087559176,0.002175118352,pass,pass,17
23459,550324681,18|30|90|102,18|12|60|12,102,93734,46816,0.001087002856,0.002174005712,pass,pass,29
23473,550981729,4|22|48|60,4|18|26|12,60,93832,46886,0.000639032079,0.001278064159,pass,pass,13
23497,552109009,4|12|22|28,4|8|10|6,28,93960,46966,0.000297910372,0.000595820743,pass,pass,7
23509,552673081,10|148|162|168,10|138|14|6,168,93868,46850,0.001786549832,0.003573099664,pass,pass,19
23531,553707961,6|16|46|66,6|10|30|20,66,94058,46996,0.000701202669,0.001402405338,pass,pass,11
23537,553990369,18|30|58|70,18|12|28|12,70,94078,47004,0.000743510218,0.001487020436,pass,pass,17
23539,554084521,46|78|90|112,46|32|12|22,112,94044,46966,0.001189515273,0.002379030545,pass,pass,19
23549,554555401,22|36|58|70,22|14|22|12,70,94126,47028,0.000743131343,0.001486262686,pass,pass,29
23557,554932249,18|42|54|58,18|24|12|4,58,94170,47056,0.000615528293,0.001231056586,pass,pass,7
23561,555120721,52|58|70|78,52|6|12|8,78,94166,47044,0.000827638895,0.00165527779,pass,pass,11
23563,555214969,4|12|58|60,4|8|46|2,60,94192,47066,0.000636591266,0.001273182532,pass,pass,13
23567,555403489,40|42|64|102,40|2|22|38,102,94166,47032,0.001082021471,0.002164042941,pass,pass,17
23581,556063561,6|16|22|36,6|10|6|14,36,94288,47126,0.000381663203,0.000763326407,pass,pass,1
23593,556629649,24|52|72|88,24|28|20|16,88,94284,47098,0.000932479973,0.001864959946,pass,pass,13
23599,556912801,30|46|78|82,30|16|32|4,82,94314,47116,0.000868680876,0.001737361753,pass,pass,19
23603,557101609,58|64|82|130,58|6|18|48,130,94282,47076,0.001376943609,0.002753887218,pass,pass,23
23609,557384881,16|22|36|58,16|6|14|22,58,94378,47160,0.000614172561,0.001228345123,pass,pass,29
23623,558046129,28|82|102|112,28|54|20|10,112,94380,47134,0.001185285527,0.002370571054,pass,pass,13
23627,558235129,34|70|72|78,34|36|2|6,78,94430,47176,0.000825326956,0.001650653913,pass,pass,17
23629,558329641,70|102|108|132,70|32|6|24,132,94384,47126,0.001396588937,0.002793177875,pass,pass,19
23633,558518689,22|58|72|82,22|36|14|10,82,94450,47184,0.000867431134,0.001734862269,pass,pass,23
23663,559937569,34|42|58|60,34|8|16|2,60,94592,47266,0.000633901027,0.001267802054,pass,pass,23
23669,560221561,12|16|22|30,12|4|6|8,30,94646,47308,0.000316870168,0.000633740335,pass,pass,29
23671,560316241,16|18|46|72,16|2|28|26,72,94612,47270,0.000760424148,0.001520848295,pass,pass,1
23677,560600329,4|64|94|100,4|60|30|6,100,94608,47254,0.001055877011,0.002111754023,pass,pass,7
23687,561073969,4|24|30|54,4|20|6|24,54,94694,47320,0.000569932875,0.001139865749,pass,pass,17
23689,561168721,16|28|36|66,16|12|8|30,66,94690,47312,0.000696525814,0.001393051627,pass,pass,19
23719,562590961,6|30|36|60,6|24|6|24,60,94816,47378,0.000632404402,0.001264808803,pass,pass,19
23741,563635081,28|42|66|88,28|14|24|22,88,94876,47394,0.000926666947,0.001853333895,pass,pass,11
23743,563730049,4|18|28|88,4|14|10|60,88,94884,47398,0.000926588889,0.001853177779,pass,pass,13
23747,563920009,28|70|90|108,28|42|20|18,108,94880,47386,0.001136985725,0.002273971449,pass,pass,17
23753,564205009,40|88|130|144,40|48|42|14,144,94868,47362,0.00151559803,0.003031196059,pass,pass,23
23761,564585121,70|100|102|130,70|30|2|28,130,94914,47392,0.001367787551,0.002735575102,pass,pass,1
23767,564870289,40|48|58|70,40|8|10|12,70,94998,47464,0.000736315059,0.001472630117,pass,pass,7
23773,565155529,24|30|58|82,24|6|28|24,82,95010,47464,0.000862322803,0.001724645606,pass,pass,13
23789,565916521,16|46|88|106,16|30|42|18,106,95050,47472,0.001113960234,0.002227920467,pass,pass,29
23801,566487601,18|42|58|60,18|24|16|2,60,95144,47542,0.000630225621,0.001260451242,pass,pass,11
23813,567058969,22|58|64|72,22|36|6|8,72,95180,47554,0.00075588964,0.00151177928,pass,pass,23
23819,567344761,22|36|42|90,22|14|6|48,90,95186,47548,0.00094462404,0.001889248079,pass,pass,29
23827,567725929,58|72|84|102,58|14|12|18,102,95206,47552,0.001070214463,0.002140428925,pass,pass,7
23831,567916561,16|18|36|46,16|2|18|10,46,95278,47616,0.000482564727,0.000965129453,pass,pass,11
23833,568011889,18|54|64|70,18|36|10|6,70,95262,47596,0.000734276004,0.001468552008,pass,pass,13
23857,569156449,28|52|82|88,28|24|30|6,88,95340,47626,0.000922161211,0.001844322421,pass,pass,7
23869,569729161,28|36|52|100,28|8|16|48,100,95376,47638,0.001047383636,0.002094767271,pass,pass,19
23873,569920129,34|58|88|148,34|24|30|60,148,95344,47598,0.001549868052,0.003099736104,pass,pass,23
23879,570206641,16|36|42|58,16|20|6|16,58,95458,47700,0.000607228108,0.001214456217,pass,pass,29
23887,570588769,18|24|58|88,18|6|34|30,88,95460,47686,0.000921003056,0.001842006112,pass,pass,7
23893,570875449,18|42|82|132,18|24|40|50,132,95440,47654,0.001381157661,0.002762315322,pass,pass,13
23899,571162201,30|36|46|60,30|6|10|14,60,95536,47738,0.000627641324,0.001255282648,pass,pass,19
23909,571640281,18|66|72|76,18|48|6|4,76,95560,47742,0.000794679828,0.001589359655,pass,pass,29
23911,571735921,12|22|58|66,12|10|36|8,66,95578,47756,0.000690058969,0.001380117937,pass,pass,1
23917,572022889,70|78|84|88,70|8|6|4,88,95580,47746,0.000919847807,0.001839695614,pass,pass,7
23929,572597041,60|78|106|120,60|18|28|14,120,95596,47738,0.001253708889,0.002507417778,pass,pass,19
23957,573937849,58|60|64|70,58|2|4|6,70,95758,47844,0.000730475435,0.00146095087,pass,pass,17
23971,574608841,10|42|48|58,10|32|6|10,58,95826,47884,0.000604897585,0.001209795169,pass,pass,1
23977,574896529,30|34|58|60,30|4|24|2,60,95848,47894,0.000625599533,0.001251199066,pass,pass,7
23981,575088361,16|40|72|96,16|24|32|24,96,95828,47866,0.001000792294,0.002001584588,pass,pass,11
23993,575664049,4|52|64|78,4|48|12|14,78,95894,47908,0.000812737048,0.001625474097,pass,pass,23
24001,576048001,46|90|96|112,46|44|6|16,112,95892,47890,0.001166618058,0.002333236115,pass,pass,1
24007,576336049,22|78|100|174,22|56|22|74,174,95854,47840,0.001811971508,0.003623943017,pass,pass,7
24019,576912361,18|36|46|58,18|18|10|12,58,96018,47980,0.000603688746,0.001207377493,pass,pass,19
24023,577104529,28|60|88|124,28|32|28|36,124,95968,47922,0.001290430005,0.002580860009,pass,pass,23
24029,577392841,6|18|60|70,6|12|42|10,70,96046,47988,0.000728286654,0.001456573307,pass,pass,29
24043,578065849,22|40|58|70,22|18|18|12,70,96102,48016,0.00072786258,0.001455725159,pass,pass,13
24049,578354401,6|16|18|22,6|10|2|4,22,96174,48076,0.000228699738,0.000457399476,pass,pass,19
24061,578931721,12|42|58|76,12|30|16|18,76,96168,48046,0.000789659615,0.00157931923,pass,pass,1
24071,579413041,30|60|96|126,30|30|36|30,126,96158,48016,0.00130862864,0.002617257281,pass,pass,11
24077,579701929,10|52|102|108,10|42|50|6,108,96200,48046,0.001121402168,0.002242804336,pass,pass,17
24083,579990889,4|10|48|60,4|6|38|12,60,96272,48106,0.000622845991,0.001245691982,pass,pass,23
24091,580376281,6|28|42|78,6|22|14|36,78,96286,48104,0.000809430908,0.001618861816,pass,pass,1
24097,580665409,10|34|52|88,10|24|18|36,88,96300,48106,0.000912976719,0.001825953438,pass,pass,7
24103,580954609,4|60|70|82,4|56|10|12,82,96330,48124,0.000850516533,0.001701033066,pass,pass,13
24107,581147449,4|24|54|64,4|20|30|10,64,96364,48150,0.000663707637,0.001327415274,pass,pass,17
24109,581243881,10|18|22|30,10|8|4|8,30,96406,48188,0.000311087146,0.000622174292,pass,pass,19
24113,581436769,4|12|40|82,4|8|28|42,82,96370,48144,0.000850163812,0.001700327624,pass,pass,23
24121,581822641,12|112|126|156,12|100|14|30,156,96328,48086,0.001616848389,0.003233696779,pass,pass,1
24133,582401689,18|24|58|64,18|6|34|6,64,96468,48202,0.000662992583,0.001325985166,pass,pass,13
24137,582594769,18|30|40|58,18|12|10|18,58,96490,48216,0.000600737457,0.001201474914,pass,pass,17
24151,583270801,10|12|28|40,10|2|16|12,40,96564,48262,0.00041406153,0.000828123059,pass,pass,1
24169,584140561,28|36|42|72,28|8|6|30,72,96604,48266,0.000744755679,0.001489511358,pass,pass,19
24179,584624041,18|22|52|66,18|4|30|14,66,96650,48292,0.000682410356,0.001364820712,pass,pass,29
24181,584720761,18|52|100|108,18|34|48|8,108,96616,48254,0.001116579132,0.002233158265,pass,pass,1
24197,585494809,40|54|72|84,40|14|18|12,84,96704,48310,0.000867876183,0.001735752366,pass,pass,17
24203,585785209,34|58|70|72,34|24|12|2,72,96740,48334,0.000743709458,0.001487418915,pass,pass,23
24223,586753729,28|70|84|90,28|42|14|6,90,96802,48356,0.000928869256,0.001857738513,pass,pass,13
24229,587044441,12|16|70|76,12|4|54|6,76,96840,48382,0.000784184242,0.001568368484,pass,pass,19
24239,587529121,48|102|130|138,48|54|28|8,138,96818,48340,0.001423326045,0.00284665209,pass,pass,29
24247,587917009,12|28|42|58,12|16|14|16,58,96930,48436,0.000598012125,0.00119602425,pass,pass,7
24251,588111001,22|30|52|66,22|8|22|14,66,96938,48436,0.000680384314,0.001360768628,pass,pass,11
24281,589566961,12|22|58|76,12|10|36|18,76,97048,48486,0.000782504839,0.001565009678,pass,pass,11
24317,591316489,54|64|100|108,54|10|36|8,108,97160,48526,0.001110334334,0.002220668668,pass,pass,17
24329,591900241,6|28|76|100,6|22|48|24,100,97216,48558,0.001027580254,0.002055160508,pass,pass,29
24337,592289569,114|124|160|208,114|10|36|48,208,97140,48466,0.002136664338,0.004273328677,pass,pass,7
24359,593360881,12|46|58|70,12|34|12|12,70,97366,48648,0.000718420296,0.001436840593,pass,pass,29
24371,593945641,16|28|60|66,16|12|32|6,66,97418,48676,0.00067703418,0.00135406836,pass,pass,11
24373,594043129,10|30|40|42,10|20|10|2,42,97450,48704,0.000430804579,0.000861609158,pass,pass,13
24379,594335641,18|30|42|70,18|12|12|28,70,97446,48688,0.00071783092,0.00143566184,pass,pass,19
24391,594920881,16|36|42|46,16|20|6|4,46,97518,48736,0.000471485384,0.000942970768,pass,pass,1
24407,595701649,48|64|70|78,48|16|6|8,78,97550,48736,0.000798951121,0.001597902241,pass,pass,17
24413,595994569,10|30|42|52,10|20|12|10,52,97600,48774,0.000532503175,0.001065006349,pass,pass,23
24419,596287561,30|48|52|78,30|18|4|26,78,97598,48760,0.0007985585,0.001597116999,pass,pass,29
24421,596385241,18|22|60|82,18|4|38|22,82,97602,48760,0.000839441464,0.001678882929,pass,pass,1
24439,597264721,28|30|60|88,28|2|30|28,88,97668,48790,0.000900200499,0.001800400998,pass,pass,19
24443,597460249,22|24|40|58,22|2|16|18,58,97714,48828,0.000593216872,0.001186433744,pass,pass,23
24469,598731961,6|42|46|90,6|36|4|44,90,97786,48848,0.000919530835,0.00183906167,pass,pass,19
24473,598927729,12|24|64|72,12|12|40|8,72,97820,48874,0.000735504433,0.001471008867,pass,pass,23
24481,599319361,18|46|60|78,18|28|14|18,78,97846,48884,0.000796536089,0.001593072178,pass,pass,1
24499,600201001,46|52|78|82,46|6|26|4,82,97914,48916,0.000836768848,0.001673537695,pass,pass,19
24509,600691081,6|16|22|28,6|10|6|6,28,98008,48990,0.000285609368,0.000571218736,pass,pass,29
24517,601083289,24|34|48|52,24|10|14|4,52,98016,48982,0.00053024432,0.001060488641,pass,pass,7
24527,601573729,4|22|28|30,4|18|6|2,30,98078,49024,0.000305785461,0.000611570922,pass,pass,17
24533,601868089,40|54|58|84,40|14|4|26,84,98048,48982,0.000855989891,0.001711979782,pass,pass,23
24547,602555209,22|28|48|54,22|6|20|6,54,98134,49040,0.000549965373,0.001099930745,pass,pass,7
24551,602751601,12|28|46|70,12|16|18|24,70,98134,49032,0.000712801923,0.001425603845,pass,pass,11
24571,603734041,10|16|18|58,10|6|2|40,58,98226,49084,0.000590126572,0.001180253144,pass,pass,1
24593,604815649,58|60|70|72,58|2|10|2,72,98300,49114,0.000731915586,0.001463831171,pass,pass,23
24611,605701321,12|30|58|66,12|18|28|8,66,98378,49156,0.000670431921,0.001340863841,pass,pass,11
24623,606292129,10|28|34|42,10|18|6|8,42,98450,49204,0.000426430573,0.000852861146,pass,pass,23
24631,606686161,6|28|82|96,6|22|54|14,96,98428,49166,0.000974381876,0.001948763753,pass,pass,1
24659,608066281,40|160|196|216,40|120|36|20,216,98420,49102,0.002189869824,0.004379739649,pass,pass,29
24671,608658241,22|46|72|76,22|24|26|4,76,98608,49266,0.000770134976,0.001540269953,pass,pass,11
24677,608954329,12|48|78|100,12|36|30|22,100,98608,49254,0.001013089111,0.002026178223,pass,pass,17
24683,609250489,22|24|28|64,22|2|4|36,64,98668,49302,0.000648219422,0.001296438845,pass,pass,23
24691,609645481,12|22|82|96,12|10|60|14,96,98668,49286,0.000972014094,0.001944028188,pass,pass,1
24697,609941809,54|70|72|78,54|16|2|6,78,98710,49316,0.000789569583,0.001579139167,pass,pass,7
24709,610534681,12|22|40|42,12|10|18|2,42,98794,49376,0.000424946376,0.000849892752,pass,pass,19
24733,611721289,4|12|18|40,4|8|6|22,40,98892,49426,0.000404318117,0.000808636235,pass,pass,13
24749,612513001,6|28|36|72,6|22|8|36,72,98924,49426,0.000727302113,0.001454604226,pass,pass,29
24763,613206169,64|70|90|94,64|6|20|4,94,98958,49432,0.000948996487,0.001897992973,pass,pass,13
24767,613404289,24|54|72|94,24|30|18|22,94,98974,49440,0.000948843219,0.001897686438,pass,pass,17
24781,614097961,10|16|22|28,10|6|6|6,28,99096,49534,0.000282474476,0.000564948953,pass,pass,1
24793,614692849,24|30|78|124,24|6|48|46,124,99048,49462,0.001250352922,0.002500705844,pass,pass,13
24799,614990401,6|16|36|88,6|10|20|52,88,99108,49510,0.000887132546,0.001774265091,pass,pass,19
24809,615486481,30|60|112|156,30|30|52|44,156,99080,49462,0.001572010158,0.003144020315,pass,pass,29
24821,616082041,18|28|40|60,18|10|12|20,60,99224,49582,0.000604326981,0.001208653962,pass,pass,11
24841,617075281,28|40|42|58,28|12|2|16,58,99306,49624,0.000583712411,0.001167424822,pass,pass,1
24847,617373409,24|28|48|52,24|4|20|4,52,99336,49642,0.000523201996,0.001046403992,pass,pass,7
24851,617572201,10|12|22|28,10|2|10|6,28,99376,49674,0.000281678806,0.000563357611,pass,pass,11
24859,617969881,6|28|40|42,6|22|12|2,42,99394,49676,0.000422382236,0.000844764472,pass,pass,19
24877,618865129,10|22|58|70,10|12|36|12,70,99438,49684,0.000703461028,0.001406922057,pass,pass,7
24889,619462321,10|52|90|102,10|42|38|12,102,99454,49676,0.001024548998,0.002049097995,pass,pass,19
24907,620358649,22|54|58|78,22|32|4|20,78,99550,49736,0.000782912434,0.001565824869,pass,pass,7
24917,620856889,34|42|48|70,34|8|6|22,70,99598,49764,0.000702331741,0.001404663483,pass,pass,17
24919,620956561,12|16|18|36,12|4|2|18,36,99640,49802,0.000361170191,0.000722340383,pass,pass,19
24923,621155929,4|10|42|58,4|6|32|16,58,99634,49788,0.000581791919,0.001163583838,pass,pass,23
24943,622153249,58|64|72|90,58|6|8|18,90,99682,49796,0.000902056689,0.001804113379,pass,pass,13
24953,622652209,4|12|22|60,4|8|10|38,60,99752,49846,0.000601130125,0.001202260249,pass,pass,23
24967,623351089,12|22|28|34,12|10|6|6,34,99834,49900,0.000340449393,0.000680898786,pass,pass,7
24971,623550841,6|16|18|72,6|10|2|54,72,99812,49870,0.00072083617,0.00144167234,pass,pass,11
24977,623850529,4|30|42|60,4|26|12|18,60,99848,49894,0.000600552508,0.001201105017,pass,pass,17
24979,623950441,28|36|60|88,28|8|24|28,88,99828,49870,0.000880739821,0.001761479643,pass,pass,19
24989,624450121,18|52|70|72,18|34|18|2,72,99884,49906,0.000720316939,0.001440633879,pass,pass,29
25013,625650169,4|18|22|28,4|14|4|6,28,100024,49998,0.000279854476,0.000559708951,pass,pass,23
25031,626550961,22|60|102|130,22|38|42|28,130,99994,49932,0.001298389996,0.002596779993,pass,pass,11
25033,626651089,10|30|42|70,10|20|12|28,70,100062,49996,0.000699077218,0.001398154436,pass,pass,13
25037,626851369,40|42|48|60,40|2|6|12,60,100088,50014,0.000599113312,0.001198226625,pass,pass,17
25057,627853249,18|34|52|90,18|16|18|38,90,100138,50024,0.000897952668,0.001795905336,pass,pass,7
25073,628655329,4|54|58|108,4|50|4|50,108,100184,50038,0.001076855582,0.002153711163,pass,pass,23
25087,629357569,40|42|58|144,40|2|16|86,144,100204,50030,0.001435006178,0.002870012357,pass,pass,7
25097,629859409,4|22|78|102,4|18|56|24,102,100286,50092,0.001016057696,0.002032115392,pass,pass,17
25111,630562321,36|48|58|96,36|12|10|38,96,100348,50126,0.000955756441,0.001911512883,pass,pass,1
25117,630863689,30|40|82|88,30|10|42|6,88,100380,50146,0.000875900784,0.001751801569,pass,pass,7
25121,631064641,6|22|72|106,6|16|50|34,106,100378,50136,0.001054894312,0.002109788623,pass,pass,11
25127,631366129,4|60|102|120,4|56|42|18,120,100388,50134,0.001193934811,0.002387869622,pass,pass,17
25147,632371609,24|72|78|102,24|48|6|24,102,100486,50192,0.00101403746,0.002028074919,pass,pass,7
25153,632673409,4|18|40|60,4|14|22|20,60,100552,50246,0.000596350336,0.001192700672,pass,pass,13
25163,633176569,4|34|48|54,4|30|14|6,54,100598,50272,0.000536502007,0.001073004014,pass,pass,23
25169,633478561,28|42|46|88,28|14|4|42,88,100588,50250,0.000874091144,0.001748182288,pass,pass,29
25171,633579241,12|40|42|58,12|28|2|16,58,100626,50284,0.000576059751,0.001152119503,pass,pass,1
25183,634183489,4|70|78|90,4|66|8|12,90,100642,50276,0.000893459874,0.001786919747,pass,pass,13
25189,634485721,46|136|156|160,46|90|20|4,160,100596,50218,0.00158799476,0.003175989519,pass,pass,19
25219,635997961,18|42|48|60,18|24|6|12,60,100816,50378,0.000594789643,0.001189579285,pass,pass,19
25229,636502441,22|58|66|72,22|36|8|6,72,100844,50386,0.000713464664,0.001426929327,pass,pass,29
25237,636906169,12|34|42|48,12|22|8|6,48,100900,50426,0.000475492333,0.000950984665,pass,pass,7
25243,637209049,24|28|42|54,24|4|14|12,54,100918,50432,0.000534801727,0.001069603454,pass,pass,13
25247,637411009,28|58|72|100,28|30|14|28,100,100888,50394,0.000990216659,0.001980433319,pass,pass,17
25253,637714009,78|84|118|132,78|6|34|14,132,100880,50374,0.001306775433,0.002613550865,pass,pass,23
25261,638118121,36|60|120|132,36|24|60|12,132,100912,50390,0.001306361585,0.00261272317,pass,pass,1
25301,640140601,16|36|70|72,16|20|34|2,72,101132,50530,0.000711434331,0.001422868661,pass,pass,11
25303,640241809,64|78|84|88,64|14|6|4,88,101124,50518,0.000869462119,0.001738924238,pass,pass,13
25307,640444249,12|22|40|60,12|10|18|20,60,101168,50554,0.000592721381,0.001185442763,pass,pass,17
25309,640545481,16|58|60|66,16|42|2|6,66,101170,50552,0.000651941997,0.001303883994,pass,pass,19
25321,641153041,28|36|48|58,28|8|12|10,58,101226,50584,0.00057264721,0.00114529442,pass,pass,1
25339,642064921,10|16|18|60,10|6|2|42,60,101296,50618,0.000591972848,0.001183945696,pass,pass,19
25343,642267649,4|34|58|72,4|30|24|14,72,101300,50614,0.000710255297,0.001420510595,pass,pass,23
25349,642571801,42|70|88|112,42|28|18|24,112,101284,50586,0.001104580062,0.002209160125,pass,pass,29
25357,642977449,10|22|52|64,10|12|30|12,64,101364,50650,0.00063098947,0.001261978941,pass,pass,7
25367,643484689,100|154|162|172,100|54|8|10,172,101296,50562,0.001695115702,0.003390231403,pass,pass,17
25373,643789129,42|48|58|60,42|6|10|2,60,101432,50686,0.0005911796,0.001182359201,pass,pass,23
25391,644702881,18|40|60|72,18|22|20|12,72,101492,50710,0.000708912607,0.001417825214,pass,pass,11
25409,645617281,18|30|36|58,18|12|6|22,58,101578,50760,0.000570663938,0.001141327876,pass,pass,29
25411,645718921,16|40|66|70,16|24|26|4,70,101574,50752,0.000688678132,0.001377356263,pass,pass,1
25423,646328929,42|52|70|100,42|10|18|30,100,101592,50746,0.000983361523,0.001966723046,pass,pass,13
25439,647142721,40|46|82|88,40|6|36|6,88,101668,50790,0.000864813868,0.001729627737,pass,pass,29
25447,647549809,12|18|58|88,12|6|40|30,88,101700,50806,0.000864541989,0.001729083978,pass,pass,7
25453,647855209,24|40|42|60,24|16|2|18,60,101752,50846,0.000589321495,0.001178642989,pass,pass,13
25457,648058849,12|22|28|54,12|10|6|26,54,101774,50860,0.000530306006,0.001060612012,pass,pass,17
25463,648364369,22|60|70|90,22|38|10|20,90,101762,50836,0.000883635078,0.001767270157,pass,pass,23
25469,648669961,36|106|118|130,36|70|12|12,130,101746,50808,0.001276061094,0.002552122188,pass,pass,29
25471,648771841,18|28|40|58,18|10|12|18,58,101826,50884,0.000569274862,0.001138549723,pass,pass,1
25523,651423529,12|30|42|58,12|18|12|16,58,102034,50988,0.000568115033,0.001136230067,pass,pass,23
25537,652138369,10|12|22|24,10|2|10|2,24,102124,51050,0.000234953205,0.00046990641,pass,pass,7
25541,652342681,6|102|112|130,6|96|10|18,130,102034,50952,0.001272463882,0.002544927763,pass,pass,11
25561,653364721,10|60|66|102,10|50|6|36,102,102142,51020,0.000997613552,0.001995227104,pass,pass,1
25577,654182929,12|52|70|88,12|40|18|18,88,102220,51066,0.000860147789,0.001720295578,pass,pass,17
25579,654285241,18|22|30|42,18|4|8|12,42,102274,51116,0.000410492983,0.000820985965,pass,pass,19
25583,654489889,22|42|48|58,22|20|6|10,58,102274,51108,0.000566782629,0.001133565258,pass,pass,23
25589,654796921,36|58|88|100,36|22|30|12,100,102256,51078,0.000976982297,0.001953964594,pass,pass,29
25601,655411201,30|40|46|58,30|10|6|12,58,102346,51144,0.000566384126,0.001132768251,pass,pass,11
25603,655513609,4|10|28|34,4|6|18|6,34,102378,51172,0.000331992345,0.000663984689,pass,pass,13
25609,655820881,16|46|60|66,16|30|14|6,66,102370,51152,0.000644304737,0.001288609473,pass,pass,19
25621,656435641,82|108|120|138,82|26|12|18,138,102346,51104,0.001346551657,0.002693103314,pass,pass,1
25633,657050689,12|28|60|142,12|16|32|82,142,102390,51124,0.001384933484,0.002769866968,pass,pass,13
25639,657358321,6|60|118|166,6|54|58|48,166,102390,51112,0.001618627872,0.003237255743,pass,pass,19
25643,657563449,28|30|102|114,28|2|72|12,114,102458,51172,0.001111414421,0.002222828842,pass,pass,23
25657,658281649,4|58|64|70,4|54|6|6,70,102558,51244,0.000682075067,0.001364150134,pass,pass,7
25667,658794889,18|58|84|90,18|40|26|6,90,102578,51244,0.000876611992,0.001753223984,pass,pass,17
25673,659102929,24|28|30|34,24|4|2|4,34,102658,51312,0.000331087134,0.000662174269,pass,pass,23
25679,659411041,18|28|42|102,18|10|14|60,102,102614,51256,0.000993029324,0.001986058647,pass,pass,29
25693,660130249,10|58|78|148,10|48|20|70,148,102624,51238,0.001440080956,0.002880161912,pass,pass,13
25703,660644209,10|42|54|82,10|32|12|28,82,102730,51324,0.000797572268,0.001595144536,pass,pass,23
25717,661364089,94|100|102|148,94|6|2|46,148,102720,51286,0.001438737022,0.002877474044,pass,pass,7
25733,662187289,10|12|24|52,10|2|12|28,52,102880,51414,0.000505187891,0.001010375782,pass,pass,23
25741,662599081,16|40|46|48,16|24|6|2,48,102916,51434,0.000466182355,0.00093236471,pass,pass,1
25747,662908009,70|102|124|162,70|32|22|38,162,102826,51332,0.001572998796,0.003145997592,pass,pass,7
25759,663526081,12|40|66|102,12|28|26|36,102,102934,51416,0.000989945262,0.001979890524,pass,pass,19
25763,663732169,52|78|84|100,52|26|6|16,100,102952,51426,0.000970383884,0.001940767768,pass,pass,23
25771,664144441,22|36|48|72,22|14|12|24,72,103012,51470,0.000698459509,0.001396919018,pass,pass,1
25793,665278849,60|102|112|114,60|42|10|2,114,103058,51472,0.001104950956,0.002209901911,pass,pass,23
25799,665588401,30|52|58|60,30|22|6|2,60,103136,51538,0.000581417884,0.001162835769,pass,pass,29
25801,665691601,16|28|70|72,16|12|42|2,72,103132,51530,0.000697647378,0.001395294756,pass,pass,1
25819,666620761,10|28|30|36,10|18|2|6,36,103240,51602,0.000348580503,0.000697161005,pass,pass,19
25841,667757281,10|42|88|90,10|32|46|2,90,103274,51592,0.000870709338,0.001741418676,pass,pass,11
25847,668067409,28|42|58|100,28|14|16|42,100,103288,51594,0.000967230239,0.001934460479,pass,pass,17
25849,668170801,30|36|78|82,30|6|42|4,82,103314,51616,0.00079306743,0.00158613486,pass,pass,19
25867,669101689,18|54|84|90,18|36|30|6,90,103378,51644,0.000869834152,0.001739668303,pass,pass,7
25873,669412129,18|40|112|114,18|22|72|2,114,103378,51632,0.001101534418,0.002203068836,pass,pass,13
25889,670240321,48|60|72|76,48|12|12|4,76,103480,51702,0.00073390243,0.001467804859,pass,pass,29
25903,670965409,24|30|64|100,24|6|34|36,100,103512,51706,0.000965139173,0.001930278346,pass,pass,13
25913,671483569,18|58|82|144,18|40|24|62,144,103508,51682,0.001389264076,0.002778528152,pass,pass,23
25919,671794561,28|70|106|132,28|42|36|26,132,103544,51706,0.001273197268,0.002546394537,pass,pass,29
25931,672416761,42|46|52|70,42|4|6|18,70,103654,51792,0.000674867919,0.001349735837,pass,pass,11
25933,672520489,18|54|78|82,18|36|24|4,82,103650,51784,0.000790498593,0.001580997185,pass,pass,13
25939,672831721,16|58|78|108,16|42|20|30,108,103648,51770,0.001040903659,0.002081807317,pass,pass,19
25943,673039249,10|18|28|78,10|8|10|50,78,103694,51808,0.000751647843,0.001503295687,pass,pass,23
25951,673454401,22|36|88|102,22|14|52|14,102,103702,51800,0.000982621094,0.001965242187,pass,pass,1
25969,674388961,10|28|82|108,10|18|54|26,108,103768,51830,0.001039701182,0.002079402364,pass,pass,19
25981,675012361,18|52|72|100,18|34|20|28,100,103824,51862,0.000962241638,0.001924483276,pass,pass,1
25997,675844009,12|22|24|54,12|10|2|30,54,103934,51940,0.000519290687,0.001038581375,pass,pass,17
25999,675948001,40|42|70|82,40|2|28|12,82,103914,51916,0.000788491865,0.00157698373,pass,pass,19
26003,676156009,64|72|112|144,64|8|40|32,144,103868,51862,0.00138445564,0.002768911279,pass,pass,23
26017,676884289,12|22|34|48,12|10|12|14,48,104020,51986,0.000461236884,0.000922473767,pass,pass,7
26021,677092441,12|78|82|88,12|66|4|6,88,103996,51954,0.000845470966,0.001690941932,pass,pass,11
26029,677508841,6|16|22|36,6|10|6|14,36,104080,52022,0.000345768182,0.000691536363,pass,pass,19
26041,678133681,18|66|70|78,18|48|4|8,78,104086,52004,0.00074881917,0.00149763834,pass,pass,1
26053,678758809,40|42|84|88,40|2|42|4,88,104124,52018,0.000844432503,0.001688865006,pass,pass,13
26083,680322889,10|28|72|102,10|18|44|30,102,104230,52064,0.000977648277,0.001955296553,pass,pass,13
26099,681157801,60|78|88|108,60|18|10|20,108,104288,52090,0.001034522395,0.002069044791,pass,pass,29
26107,681575449,48|78|102|178,48|30|24|76,178,104250,52036,0.001704523691,0.003409047382,pass,pass,7
26111,681784321,18|28|40|58,18|10|12|18,58,104386,52164,0.000555321512,0.001110643024,pass,pass,11
26113,681888769,4|42|60|78,4|38|18|18,78,104374,52148,0.00074675449,0.00149350898,pass,pass,13
26119,682202161,12|18|46|58,12|6|28|12,58,104418,52180,0.000555151422,0.001110302845,pass,pass,19
26141,683351881,16|18|36|76,16|2|18|40,76,104488,52206,0.000726827589,0.001453655178,pass,pass,11
26153,683979409,10|12|24|28,10|2|12|4,28,104584,52278,0.000267655718,0.000535311437,pass,pass,23
26161,684397921,88|96|138|190,88|8|42|52,190,104454,52132,0.001815679829,0.003631359658,pass,pass,1
26171,684921241,16|28|90|102,16|12|62|12,102,104582,52240,0.000974360934,0.001948721868,pass,pass,11
26177,685235329,4|10|34|64,4|6|24|30,64,104644,52290,0.000611223593,0.001222447186,pass,pass,17
26183,685549489,4|22|88|102,4|18|66|14,102,104630,52264,0.000973914372,0.001947828744,pass,pass,23
26189,685863721,30|130|132|196,30|100|2|64,196,104560,52182,0.001871014548,0.003742029096,pass,pass,29
26203,686597209,12|18|22|42,12|6|4|20,42,104770,52364,0.000400717475,0.00080143495,pass,pass,13
26209,686911681,10|22|58|102,10|12|36|44,102,104734,52316,0.000972948224,0.001945896448,pass,pass,19
26227,687855529,28|64|100|102,28|36|36|2,102,104806,52352,0.000972280474,0.001944560949,pass,pass,7
26237,688380169,70|88|94|112,70|18|6|18,112,104836,52362,0.001067195182,0.002134390365,pass,pass,17
26249,689010001,106|150|162|168,106|44|12|6,168,104828,52330,0.001600060955,0.003200121909,pass,pass,29
26251,689115001,12|40|58|60,12|28|18|2,60,104944,52442,0.000571406804,0.001142813607,pass,pass,1
26261,689640121,16|22|42|60,16|6|20|18,60,104984,52462,0.000571189216,0.001142378432,pass,pass,11
26263,689745169,12|18|40|58,12|6|22|18,58,104994,52468,0.000552107528,0.001104215055,pass,pass,13
26267,689955289,70|84|108|130,70|14|24|22,130,104938,52404,0.001237293943,0.002474587886,pass,pass,17
26293,691321849,18|82|84|114,18|64|2|30,114,105058,52472,0.001083938691,0.002167877382,pass,pass,13
26297,691532209,4|54|60|70,4|50|6|10,70,105118,52524,0.000665475149,0.001330950299,pass,pass,17
26309,692163481,6|48|72|126,6|42|24|54,126,105110,52492,0.001197308906,0.002394617811,pass,pass,29
26317,692584489,4|10|22|24,4|6|12|2,24,105244,52610,0.000227989512,0.000455979025,pass,pass,7
26321,692795041,22|30|70|112,22|8|40|42,112,105172,52530,0.00106378937,0.002127578739,pass,pass,11
26339,693742921,42|58|60|112,42|16|2|52,112,105244,52566,0.001063062379,0.002126124758,pass,pass,29
26347,694164409,4|24|30|64,4|20|6|34,64,105324,52630,0.000607279766,0.001214559532,pass,pass,7
26357,694691449,30|34|48|78,30|4|14|30,78,105350,52636,0.000739841408,0.001479682817,pass,pass,17
26371,695429641,36|70|76|82,36|34|6|6,82,105402,52660,0.00077736908,0.001554738159,pass,pass,1
26387,696273769,72|90|94|100,72|18|4|6,100,105448,52674,0.000947436238,0.001894872475,pass,pass,17
26393,696590449,18|24|58|64,18|6|34|6,64,105508,52722,0.000606221347,0.001212442693,pass,pass,23
26399,696907201,40|42|70|78,40|2|28|8,78,105518,52720,0.000738664343,0.001477328687,pass,pass,29
26407,697329649,34|52|58|70,34|18|6|12,70,105558,52744,0.000662703071,0.001325406142,pass,pass,7
26417,697857889,4|22|28|58,4|18|6|30,58,105610,52776,0.000548888973,0.001097777946,pass,pass,17
26423,698174929,58|82|102|124,58|24|20|22,124,105568,52722,0.0011732203,0.002346440601,pass,pass,23
26431,698597761,10|46|70|82,10|36|24|12,82,105642,52780,0.000775604404,0.001551208808,pass,pass,1
26437,698914969,48|54|70|78,48|6|16|8,78,105670,52796,0.000737602602,0.001475205205,pass,pass,7
26449,699549601,36|48|58|72,36|12|10|14,72,105724,52826,0.00068055503,0.001361110061,pass,pass,19
26459,700078681,16|18|30|42,16|2|12|12,42,105794,52876,0.000396840395,0.000793680789,pass,pass,29
26479,701137441,28|42|58|76,28|14|16|18,76,105840,52882,0.000717549756,0.001435099513,pass,pass,19
26489,701667121,36|52|58|60,36|16|6|2,60,105896,52918,0.000566272792,0.001132545585,pass,pass,29
26497,702091009,28|58|70|112,28|30|12|42,112,105876,52882,0.001056723403,0.002113446805,pass,pass,7
26501,702303001,12|36|58|66,12|24|22|8,66,105938,52936,0.000622618014,0.001245236029,pass,pass,11
26513,702939169,18|100|118|142,18|82|18|24,142,105910,52884,0.00133896579,0.002677931581,pass,pass,23
26539,704318521,36|40|88|90,36|4|48|2,90,106066,52988,0.000847808885,0.00169561777,pass,pass,19
26557,705274249,18|40|102|138,18|22|62|36,138,106090,52976,0.001299092518,0.002598185036,pass,pass,7
26561,705486721,16|90|102|108,16|74|12|6,108,106136,53014,0.001016527992,0.002033055984,pass,pass,11
26573,706124329,10|54|78|82,10|44|24|4,82,106210,53064,0.000771459752,0.001542919505,pass,pass,23
26591,707081281,46|88|100|130,46|42|12|30,130,106234,53052,0.001222218044,0.002444436087,pass,pass,11
26597,707400409,70|88|144|150,70|18|56|6,150,106238,53044,0.001409933451,0.002819866902,pass,pass,17
26627,708997129,18|40|42|54,18|22|2|12,54,106454,53200,0.000507004169,0.001014008337,pass,pass,17
26633,709316689,4|12|30|42,4|8|18|12,42,106490,53224,0.000394247738,0.000788495476,pass,pass,23
26641,709742881,40|60|78|106,40|20|18|28,106,106458,53176,0.000994707406,0.001989414812,pass,pass,1
26647,710062609,12|18|58|60,12|6|40|2,60,106528,53234,0.00056291515,0.0011258303,pass,pass,7
26669,711235561,22|28|60|72,22|6|32|12,72,106604,53266,0.000674940943,0.001349881885,pass,pass,29
26681,711875761,16|42|88|100,16|26|46|12,100,106624,53262,0.000936996364,0.001873992729,pass,pass,11
26683,711982489,40|52|54|58,40|12|2|4,58,106674,53308,0.000543417157,0.001086834314,pass,pass,13
26687,712195969,24|58|70|84,24|34|12|14,84,106664,53290,0.000786899989,0.001573799978,pass,pass,17
26693,712516249,4|22|54|70,4|18|32|16,70,106702,53316,0.000655602592,0.001311205185,pass,pass,23
26699,712836601,28|46|58|78,28|18|12|20,78,106718,53320,0.000730364433,0.001460728866,pass,pass,29
26701,712943401,10|58|70|102,10|48|12|32,102,106702,53300,0.000955020411,0.001910040822,pass,pass,1
26711,713477521,16|60|66|82,16|44|6|16,82,106762,53340,0.000767474074,0.001534948149,pass,pass,11
26713,713584369,54|58|78|88,54|4|20|10,88,106764,53338,0.000823569049,0.001647138098,pass,pass,13
26717,713798089,30|42|54|64,30|12|12|10,64,106804,53370,0.000598869634,0.001197739267,pass,pass,17
26723,714118729,64|88|100|108,64|24|12|8,108,106784,53338,0.001010365603,0.002020731205,pass,pass,23
26729,714439441,16|28|30|36,16|12|2|6,36,106880,53422,0.000336712934,0.000673425867,pass,pass,29
26731,714546361,16|60|100|112,16|44|40|12,112,106812,53350,0.001047472971,0.002094945943,pass,pass,1
26737,714867169,30|78|112|130,30|48|34|18,130,106818,53344,0.001215544003,0.002431088005,pass,pass,7
26759,716044081,18|22|30|42,18|4|8|12,42,106994,53476,0.000392391345,0.00078478269,pass,pass,29
26777,717007729,12|18|54|102,12|6|36|48,102,107006,53452,0.000952309818,0.001904619636,pass,pass,17
26783,717329089,24|78|102|114,24|54|24|12,114,107018,53452,0.00106410783,0.002128215659,pass,pass,23
26801,718293601,6|18|22|48,6|12|4|26,48,107156,53554,0.000447744487,0.000895488974,pass,pass,11
26813,718936969,10|34|102|114,10|24|68|12,114,107138,53512,0.001062917242,0.002125834483,pass,pass,23
26821,719366041,10|52|72|102,10|42|20|30,102,107182,53540,0.000950747549,0.001901495097,pass,pass,1
26833,720009889,18|54|58|82,18|36|4|24,82,107250,53584,0.000763984646,0.001527969292,pass,pass,13
26839,720331921,22|30|40|78,22|8|10|38,78,107278,53600,0.000726554641,0.001453109281,pass,pass,19
26849,720868801,6|30|58|76,6|24|28|18,76,107320,53622,0.000707661365,0.001415322731,pass,pass,29
26861,721513321,18|22|28|40,18|4|6|12,40,107404,53682,0.000372286959,0.000744573918,pass,pass,11
26863,721620769,4|34|78|102,4|30|44|24,102,107350,53624,0.000949261065,0.001898522131,pass,pass,13
26879,722480641,12|36|46|60,12|24|10|14,60,107456,53698,0.000558056475,0.001116112951,pass,pass,29
26881,722588161,16|28|40|58,16|12|12|18,58,107466,53704,0.000539414456,0.001078828913,pass,pass,1
26891,723125881,18|46|48|90,18|28|2|42,90,107474,53692,0.000836711167,0.001673422335,pass,pass,11
26893,723233449,4|64|72|78,4|60|8|6,78,107494,53708,0.00072509575,0.0014501915,pass,pass,13
26903,723771409,22|30|34|40,22|8|4|6,40,107572,53766,0.000371705758,0.000743411515,pass,pass,23
26921,724740241,52|78|82|102,52|26|4|20,102,107582,53740,0.000947215928,0.001894431856,pass,pass,11
26927,725063329,4|12|34|58,4|8|22|24,58,107650,53796,0.000538492962,0.001076985925,pass,pass,17
26947,726140809,28|52|58|102,28|24|6|44,102,107686,53792,0.000946302,0.001892604,pass,pass,7
26951,726356401,18|36|60|78,18|18|24|18,78,107726,53824,0.000723535305,0.00144707061,pass,pass,11
26953,726464209,28|34|58|64,28|6|24|6,64,107748,53842,0.000593625941,0.001187251883,pass,pass,13
26959,726787681,28|36|58|70,28|8|22|12,70,107766,53848,0.00064913387,0.00129826774,pass,pass,19
26981,727974361,22|28|48|52,22|6|20|4,52,107872,53910,0.00048182054,0.000963641081,pass,pass,11
26987,728298169,18|54|82|144,18|36|28|62,144,107804,53830,0.001333975618,0.002667951236,pass,pass,17
26993,728622049,4|12|18|24,4|8|6|6,24,107948,53962,0.00022227985,0.000444559701,pass,pass,23
27011,729594121,28|40|42|48,28|12|2|6,48,107996,53974,0.000444263448,0.000888526896,pass,pass,11
27017,729918289,22|42|72|84,22|20|30|12,84,107984,53950,0.000777288374,0.001554576748,pass,pass,17
27031,730674961,22|46|48|60,22|24|2|12,60,108064,54002,0.000554918427,0.001109836854,pass,pass,1
27043,731323849,22|28|54|64,22|6|26|10,64,108108,54022,0.000591650335,0.001183300669,pass,pass,13
27059,732189481,52|58|88|102,52|6|30|14,102,108134,54016,0.000942385158,0.001884770317,pass,pass,29
27061,732297721,36|88|102|136,36|52|14|34,136,108108,53986,0.001256420679,0.002512841358,pass,pass,1
27067,732622489,18|54|70|102,18|36|16|32,102,108166,54032,0.000942106624,0.001884213249,pass,pass,7
27073,732947329,22|28|52|60,22|6|24|8,60,108232,54086,0.000554057548,0.001108115096,pass,pass,13
27077,733163929,28|58|94|108,28|30|36|14,108,108200,54046,0.000997156258,0.001994312516,pass,pass,17
27091,733922281,30|96|100|102,30|66|4|2,102,108262,54080,0.000941272009,0.001882544018,pass,pass,1
27103,734572609,18|58|70|84,18|40|12|14,84,108328,54122,0.000774821975,0.001549643951,pass,pass,13
27107,734789449,18|34|64|94,18|16|30|30,94,108334,54120,0.00086693474,0.00173386948,pass,pass,17
27109,734897881,58|72|82|90,58|14|10|8,90,108346,54128,0.000829982663,0.001659965325,pass,pass,19
27127,735874129,4|90|118|132,4|86|28|14,132,108376,54122,0.001216500166,0.002433000332,pass,pass,7
27143,736742449,42|58|84|112,42|16|26|28,112,108460,54174,0.001031573518,0.002063147036,pass,pass,23
27179,738698041,16|30|42|58,16|14|12|16,58,108658,54300,0.000533500129,0.001067000258,pass,pass,29
27191,739350481,6|28|70|88,6|22|42|18,88,108676,54294,0.000809091243,0.001618182487,pass,pass,11
27197,739676809,34|54|82|190,34|20|28|108,190,108598,54204,0.00174651616,0.00349303232,pass,pass,17
27211,740438521,30|60|70|76,30|30|10|6,76,108768,54346,0.000698247032,0.001396494065,pass,pass,1
27239,741963121,16|18|40|78,16|2|22|38,78,108878,54400,0.000715885312,0.001431770623,pass,pass,29
27241,742072081,10|18|22|46,10|8|4|24,46,108918,54436,0.000422157777,0.000844315554,pass,pass,1
27253,742726009,4|18|22|28,4|14|4|6,28,108984,54478,0.000256852457,0.000513704913,pass,pass,13
27259,743053081,12|42|96|102,12|30|54|6,102,108934,54416,0.000935470854,0.001870941707,pass,pass,19
27271,743707441,16|28|36|72,16|12|8|36,72,109012,54470,0.000660041803,0.001320083605,pass,pass,1
27277,744034729,48|54|58|64,48|6|4|6,64,109044,54490,0.00058657477,0.00117314954,pass,pass,7
27281,744252961,12|22|28|36,12|10|6|8,36,109088,54526,0.00032989993,0.000659799861,pass,pass,11
27283,744362089,28|34|48|52,28|6|14|4,52,109080,54514,0.00047648719,0.00095297438,pass,pass,13
27299,745235401,10|52|58|66,10|42|6|8,66,109130,54532,0.000604417744,0.001208835488,pass,pass,29
27329,746874241,12|16|78|102,12|4|62|24,102,109214,54556,0.000933074756,0.001866149512,pass,pass,29
27337,747311569,12|34|42|54,12|22|8|12,54,109294,54620,0.000493836193,0.000987672385,pass,pass,7
27361,748624321,12|22|30|78,12|10|8|48,78,109366,54644,0.00071269325,0.001425386499,pass,pass,1
27367,748952689,28|58|78|102,28|30|20|24,102,109366,54632,0.00093177915,0.0018635583,pass,pass,7
27397,750595609,4|12|22|24,4|8|10|2,24,109564,54770,0.000219002081,0.000438004161,pass,pass,7
27407,751143649,18|40|60|124,18|22|20|64,124,109504,54690,0.001131097895,0.002262195789,pass,pass,17
27409,751253281,18|22|52|58,18|4|30|6,58,109578,54760,0.000529023314,0.001058046627,pass,pass,19
27427,752240329,12|18|22|24,12|6|4|2,24,109684,54830,0.000218762533,0.000437525067,pass,pass,7
27431,752459761,16|18|22|130,16|2|4|108,130,109594,54732,0.00118479093,0.00236958186,pass,pass,11
27437,752788969,10|22|30|72,10|12|8|42,72,109676,54802,0.000656048402,0.001312096804,pass,pass,17
27449,753447601,18|48|102|112,18|30|54|10,112,109684,54786,0.001020073591,0.002040147182,pass,pass,29
27457,753886849,18|24|48|88,18|6|24|40,88,109740,54826,0.000801252868,0.001602505736,pass,pass,7
27479,755095441,6|16|18|22,6|10|2|4,22,109894,54936,0.000200152844,0.000400305688,pass,pass,29
27481,755205361,10|22|40|52,10|12|18|12,52,109872,54910,0.00047305411,0.00094610822,pass,pass,1
27487,755535169,22|28|48|60,22|6|20|12,60,109888,54914,0.000545712519,0.001091425037,pass,pass,7
27509,756745081,16|36|60|66,16|20|24|6,66,109970,54952,0.000599803701,0.001199607401,pass,pass,29
27527,757735729,4|28|48|78,4|24|20|30,78,110030,54976,0.000708395394,0.001416790787,pass,pass,17
27529,757845841,12|22|60|76,12|10|38|16,76,110040,54982,0.000690181263,0.001380362527,pass,pass,19
27539,758396521,18|102|106|136,18|84|4|30,136,110020,54942,0.001234612731,0.002469225462,pass,pass,29
27541,758506681,18|28|30|36,18|10|2|6,36,110128,55046,0.00032678552,0.00065357104,pass,pass,1
27551,759057601,16|30|52|126,16|14|22|74,126,110078,54976,0.00114333418,0.00228666836,pass,pass,11
27581,760711561,16|22|82|130,16|6|60|48,130,110194,55032,0.001178347413,0.002356694826,pass,pass,11
27583,760821889,60|78|94|144,60|18|16|50,144,110188,55022,0.001305151724,0.002610303448,pass,pass,13
27611,762367321,6|16|28|52,6|10|12|24,52,110392,55170,0.000470826844,0.000941653689,pass,pass,11
27617,762698689,18|30|70|82,18|12|40|12,82,110386,55152,0.000742296412,0.001484592823,pass,pass,17
27631,763472161,6|40|72|78,6|34|32|6,78,110446,55184,0.000705729072,0.001411458145,pass,pass,1
27647,764356609,4|30|64|90,4|26|34|26,90,110498,55204,0.000813831519,0.001627663038,pass,pass,17
27653,764688409,18|24|52|60,18|6|28|8,60,110552,55246,0.000542436625,0.001084873251,pass,pass,23
27673,765794929,34|54|64|70,34|20|10|6,70,110622,55276,0.000632385358,0.001264770715,pass,pass,13
27689,766680721,46|72|76|102,46|26|4|26,102,110654,55276,0.000920943335,0.00184188667,pass,pass,29
27691,766791481,36|46|82|96,36|10|36|14,96,110668,55286,0.000866707595,0.001733415189,pass,pass,1
27697,767123809,4|34|58|84,4|30|24|26,84,110704,55310,0.00075820486,0.001516409719,pass,pass,7
27701,767345401,16|28|40|76,16|12|12|36,76,110728,55326,0.000685895816,0.001371791632,pass,pass,11
27733,769119289,12|52|58|70,12|40|6|12,70,110862,55396,0.0006310172,0.001262034399,pass,pass,13
27737,769341169,78|84|88|112,78|6|4|24,112,110836,55362,0.001009481919,0.002018963839,pass,pass,17
27739,769452121,28|42|48|100,28|14|6|52,100,110856,55378,0.000901258156,0.001802516313,pass,pass,19
27743,769674049,4|28|30|72,4|24|2|42,72,110900,55414,0.000648812313,0.001297624626,pass,pass,23
27749,770007001,10|12|66|88,10|2|54|22,88,110908,55410,0.000792821363,0.001585642726,pass,pass,29
27751,770118001,6|48|60|100,6|42|12|40,100,110904,55402,0.000900868437,0.001801736874,pass,pass,1
27763,770784169,28|52|72|82,28|24|20|10,82,110970,55444,0.000738392825,0.00147678565,pass,pass,13
27767,771006289,34|42|48|58,34|8|6|10,58,111010,55476,0.000522202615,0.001044405229,pass,pass,17
27773,771339529,24|34|88|102,24|10|54|14,102,110990,55444,0.000918157923,0.001836315846,pass,pass,23
27779,771672841,36|46|52|58,36|10|6|6,58,111058,55500,0.000521977033,0.001043954066,pass,pass,29
27791,772339681,22|28|126|138,22|6|98|12,138,111026,55444,0.001241409089,0.002482818179,pass,pass,11
27793,772450849,10|78|100|118,10|68|22|18,118,111054,55468,0.001061418343,0.002122836685,pass,pass,13
27799,772784401,6|36|42|48,6|30|6|6,48,111148,55550,0.000431670204,0.000863340408,pass,pass,19
27803,773006809,18|22|28|42,18|4|6|14,42,111170,55564,0.000377657087,0.000755314175,pass,pass,23
27809,773340481,6|60|82|132,6|54|22|50,132,111104,55486,0.001186666187,0.002373332374,pass,pass,29
27817,773785489,10|52|58|78,10|42|6|20,78,111190,55556,0.000701010174,0.001402020347,pass,pass,7
27823,774119329,18|34|48|58,18|16|14|10,58,111234,55588,0.000521151565,0.001042303131,pass,pass,13
27827,774341929,48|70|72|82,48|22|2|10,82,111226,55572,0.000736694577,0.001473389154,pass,pass,17
27847,775455409,4|22|54|60,4|18|32|6,60,111328,55634,0.000538657665,0.00107731533,pass,pass,7
27851,775678201,6|12|18|22,6|6|6|4,22,111382,55680,0.000197479444,0.000394958888,pass,pass,11
27883,777461689,12|30|70|78,12|18|40|8,78,111454,55688,0.000699350859,0.001398701718,pass,pass,13
27893,778019449,30|54|64|72,30|24|10|8,72,111500,55714,0.000645323199,0.001290646399,pass,pass,23
27901,778465801,60|66|106|142,60|6|40|36,142,111462,55660,0.00127235583,0.002544711659,pass,pass,1
27917,779358889,4|22|30|58,4|18|8|28,58,111610,55776,0.000519396783,0.001038793567,pass,pass,17
27919,779470561,16|22|36|48,16|6|14|12,48,111628,55790,0.000429814821,0.000859629643,pass,pass,19
27941,780699481,28|42|46|58,28|14|4|12,58,111706,55824,0.000518950646,0.001037901292,pass,pass,11
27943,780811249,4|12|18|22,4|8|6|4,22,111750,55864,0.00019682926,0.000393658519,pass,pass,13
27947,781034809,10|18|22|24,10|8|4|2,24,111764,55870,0.000214692096,0.000429384192,pass,pass,17
27953,781370209,64|88|90|100,64|24|2|10,100,111712,55806,0.000894358387,0.001788716775,pass,pass,23
27961,781817521,6|16|36|58,6|10|20|22,58,111786,55864,0.00051857945,0.0010371589,pass,pass,1
27967,782153089,48|100|142|168,48|52|42|26,168,111700,55766,0.001501769943,0.003003539886,pass,pass,7
27983,783048289,4|18|30|34,4|14|12|4,34,111898,55932,0.000303755852,0.000607511704,pass,pass,23
27997,783832009,34|58|60|130,34|24|2|70,130,111858,55864,0.001160838661,0.002321677323,pass,pass,7
28001,784056001,18|46|58|72,18|28|12|14,72,111932,55930,0.000642834184,0.001285668369,pass,pass,11
28019,785064361,22|46|60|112,22|24|14|52,112,111964,55926,0.000999321889,0.001998643777,pass,pass,29
28027,785512729,24|30|42|52,24|6|12|10,52,112056,56002,0.000463838442,0.000927676883,pass,pass,7
28031,785736961,6|22|42|60,6|16|20|18,60,112064,56002,0.000535121829,0.001070243659,pass,pass,11
28051,786858601,22|36|72|78,22|14|36|6,78,112126,56024,0.000695162383,0.001390324766,pass,pass,1
28057,787195249,22|42|112|150,22|20|70|38,150,112078,55964,0.00133656485,0.0026731297,pass,pass,7
28069,787868761,28|60|66|108,28|32|6|42,108,112168,56030,0.00096191528,0.00192383056,pass,pass,19
28081,788542561,10|22|30|46,10|12|8|16,46,112278,56116,0.000409529575,0.00081905915,pass,pass,1
28087,788879569,4|48|84|118,4|44|36|34,118,112230,56056,0.001050307972,0.002100615943,pass,pass,7
28097,789441409,12|70|78|84,12|58|8|6,84,112304,56110,0.000747410756,0.001494821511,pass,pass,17
28099,789553801,22|60|102|136,22|38|42|34,136,112260,56062,0.001210007474,0.002420014947,pass,pass,19
28109,790115881,70|76|112|118,70|6|36|6,118,112318,56100,0.00104948593,0.00209897186,pass,pass,29
28111,790228321,12|18|58|72,12|6|40|14,72,112372,56150,0.000640318736,0.001280637473,pass,pass,1
28123,790903129,4|18|52|58,4|14|34|6,58,112434,56188,0.00051559222,0.00103118444,pass,pass,13
28151,792478801,10|60|102|126,10|50|42|24,126,112478,56176,0.001118965578,0.002237931157,pass,pass,11
28163,793154569,4|22|34|48,4|18|12|14,48,112604,56278,0.00042609097,0.000852181941,pass,pass,23
28181,794168761,12|42|66|78,12|30|24|12,78,112646,56284,0.000691955573,0.001383911146,pass,pass,11
28183,794281489,18|30|58|82,18|12|28|24,82,112650,56284,0.000727388851,0.001454777703,pass,pass,13
28201,795296401,48|76|96|102,48|28|20|6,102,112702,56300,0.000904223254,0.001808446509,pass,pass,1
28211,795860521,42|46|52|58,42|4|6|6,58,112786,56364,0.000513983907,0.001027967814,pass,pass,11
28219,796311961,40|58|70|76,40|18|12|6,76,112800,56362,0.00067330522,0.00134661044,pass,pass,19
28229,796876441,6|12|58|76,6|6|46|18,76,112840,56382,0.000673066704,0.001346133409,pass,pass,29
28277,799588729,10|60|88|102,10|50|28|14,102,113006,56452,0.000901792977,0.001803585953,pass,pass,17
28279,799701841,22|58|66|96,22|36|8|30,96,113020,56462,0.000848686304,0.001697372609,pass,pass,19
28283,799928089,22|42|72|100,22|20|30|28,100,113032,56466,0.000883923205,0.00176784641,pass,pass,23
28289,800267521,58|60|76|78,58|2|16|2,78,113078,56500,0.000689313868,0.001378627735,pass,pass,29
28297,800720209,18|22|48|94,18|4|26|46,94,113094,56500,0.000830476729,0.001660953458,pass,pass,7
28307,801286249,4|24|54|82,4|20|30|28,82,113146,56532,0.000724202494,0.001448404988,pass,pass,17
28309,801399481,28|70|78|186,28|42|8|108,186,113050,56432,0.001642587163,0.003285174326,pass,pass,19
28319,801965761,6|18|46|88,6|12|28|42,88,113188,56550,0.00077686359,0.00155372718,pass,pass,29
28349,803665801,12|46|58|60,12|34|12|2,60,113336,56638,0.000529119193,0.001058238386,pass,pass,29
28351,803779201,66|70|102|108,66|4|32|6,108,113296,56594,0.00095234736,0.00190469472,pass,pass,1
28387,805821769,30|58|78|88,30|28|20|10,88,113460,56686,0.000775002642,0.001550005284,pass,pass,7
28393,806162449,94|108|120|138,94|14|12|18,138,113434,56648,0.001215088226,0.002430176452,pass,pass,13
28403,806730409,4|70|84|108,4|66|14|24,108,113504,56698,0.000950603809,0.001901207619,pass,pass,23
28409,807071281,18|42|46|58,18|24|4|12,58,113578,56760,0.000510401633,0.001020803267,pass,pass,29
28411,807184921,22|30|76|88,22|8|46|12,88,113556,56734,0.000774347964,0.001548695928,pass,pass,1
28429,808208041,18|42|46|112,18|24|4|66,112,113604,56746,0.000984909775,0.00196981955,pass,pass,19
28433,808435489,24|70|82|102,24|46|12|20,102,113630,56764,0.000896845215,0.00179369043,pass,pass,23
28439,808776721,12|36|48|76,12|24|12|28,76,113680,56802,0.000668096628,0.001336193256,pass,pass,29
28447,809231809,12|18|24|40,12|6|6|16,40,113748,56854,0.000351530917,0.000703061834,pass,pass,7
28463,810142369,4|54|64|70,4|50|10|6,70,113782,56856,0.000614833292,0.001229666585,pass,pass,23
28477,810939529,52|100|114|154,52|48|14|40,154,113754,56800,0.001351968255,0.00270393651,pass,pass,7
28493,811851049,34|48|52|70,34|14|4|18,70,113902,56916,0.00061418594,0.001228371881,pass,pass,23
28499,812193001,12|16|28|48,12|4|12|20,48,113948,56950,0.000421067406,0.000842134812,pass,pass,29
28513,812991169,34|58|102|118,34|24|44|16,118,113934,56908,0.001034615789,0.002069231579,pass,pass,13
28517,813219289,18|24|42|58,18|6|18|16,58,114010,56976,0.000508468633,0.001016937265,pass,pass,17
28537,814360369,12|34|58|64,12|22|24|6,64,114084,57010,0.000560675614,0.001121351228,pass,pass,7
28541,814588681,22|58|82|90,22|36|24|8,90,114074,56992,0.000788339582,0.001576679163,pass,pass,11
28547,814931209,102|112|124|138,102|10|12|14,138,114050,56956,0.001208533296,0.002417066592,pass,pass,17
28549,815045401,46|52|112|130,46|6|60|18,130,114066,56968,0.001138393639,0.002276787278,pass,pass,19
28559,815616481,28|52|70|82,28|24|18|12,82,114154,57036,0.000717812248,0.001435624497,pass,pass,29
28571,816302041,10|36|106|118,10|26|70|12,118,114166,57024,0.001032515488,0.002065030975,pass,pass,11
28573,816416329,40|58|72|82,40|18|14|10,82,114210,57064,0.00071746054,0.001434921079,pass,pass,13
28579,816759241,6|12|70|72,6|6|58|2,72,114244,57086,0.000629833094,0.001259666188,pass,pass,19
28591,817445281,28|46|100|102,28|18|54|2,102,114262,57080,0.000891889056,0.001783778112,pass,pass,1
28597,817788409,12|22|40|60,12|10|18|20,60,114328,57134,0.000524530545,0.00104906109,pass,pass,7
28603,818131609,10|18|52|58,10|8|34|6,58,114354,57148,0.000506939831,0.001013879663,pass,pass,13
28607,818360449,12|40|58|60,12|28|18|2,60,114368,57154,0.000524347188,0.001048694376,pass,pass,17
28619,819047161,18|36|48|126,18|18|12|78,126,114350,57112,0.001100667389,0.002201334778,pass,pass,29
28621,819161641,6|28|30|96,6|22|2|66,96,114388,57146,0.000838545124,0.001677090248,pass,pass,1
28627,819505129,58|130|148|150,58|72|18|2,150,114358,57104,0.001309952143,0.002619904286,pass,pass,7
28631,819734161,10|22|46|58,10|12|24|12,58,114466,57204,0.000506444064,0.001012888128,pass,pass,11
28643,820421449,60|112|124|130,60|52|12|6,130,114442,57156,0.001134657683,0.002269315365,pass,pass,23
28649,820765201,12|40|42|58,12|28|2|16,58,114538,57240,0.000506125868,0.001012251737,pass,pass,29
28657,821223649,12|58|72|82,12|46|14|10,82,114546,57232,0.000715357504,0.001430715009,pass,pass,7
28661,821452921,28|46|108|112,28|18|62|4,112,114532,57210,0.000976937302,0.001953874603,pass,pass,11
28663,821567569,18|34|40|70,18|16|6|30,70,114582,57256,0.000610543209,0.001221086418,pass,pass,13
28669,821911561,42|66|100|102,42|24|34|2,102,114574,57236,0.000889462486,0.001778924971,pass,pass,19
28687,822943969,12|30|52|60,12|18|22|8,60,114688,57314,0.00052288493,0.001045769861,pass,pass,7
28697,823517809,30|52|130|148,30|22|78|18,148,114640,57246,0.00128933338,0.00257866676,pass,pass,17
28703,823862209,4|18|34|42,4|14|16|8,42,114770,57364,0.00036581542,0.00073163084,pass,pass,23
28711,824321521,18|22|90|102,18|4|68|12,102,114742,57320,0.000888161332,0.001776322664,pass,pass,1
28723,825010729,48|54|78|90,48|6|24|12,90,114802,57356,0.000783344358,0.001566688716,pass,pass,13
28729,825355441,22|30|36|120,22|8|6|84,120,114796,57338,0.001044241011,0.002088482022,pass,pass,19
28751,826620001,6|16|36|42,6|10|20|6,42,114962,57460,0.000365204689,0.000730409377,pass,pass,11
28753,826735009,24|42|112|130,24|18|70|18,130,114882,57376,0.001130316837,0.002260633673,pass,pass,13
28759,827080081,36|42|72|88,36|6|30|16,88,114948,57430,0.00076497792,0.00152995584,pass,pass,19
28771,827770441,10|18|40|58,10|8|22|18,58,115026,57484,0.000503979702,0.001007959404,pass,pass,1
28789,828806521,30|36|58|76,30|6|22|18,76,115080,57502,0.000659974296,0.001319948591,pass,pass,19
28793,829036849,4|54|64|120,4|50|10|56,120,115052,57466,0.001041919911,0.002083839822,pass,pass,23
28807,829843249,30|54|82|148,30|24|28|66,148,115080,57466,0.001284410039,0.002568820078,pass,pass,7
28813,830188969,70|130|162|168,70|60|32|6,168,115084,57458,0.001457675355,0.00291535071,pass,pass,13
28817,830419489,12|34|54|82,12|22|20|28,82,115186,57552,0.00071138564,0.001422771281,pass,pass,17
28837,831572569,10|22|72|102,10|12|50|30,102,115246,57572,0.000884280612,0.001768561223,pass,pass,7
28843,831918649,24|28|42|102,24|4|14|60,102,115270,57584,0.000884096661,0.001768193322,pass,pass,13
28859,832841881,40|48|60|88,40|8|12|28,88,115348,57630,0.000762327177,0.001524654354,pass,pass,29
28867,833303689,4|12|28|58,4|8|16|30,58,115410,57676,0.000502303669,0.001004607337,pass,pass,7
28871,833534641,46|70|108|112,46|24|38|4,112,115372,57630,0.000969831319,0.001939662637,pass,pass,11
28879,833996641,36|88|90|106,36|52|2|16,106,115410,57652,0.000917621801,0.001835243603,pass,pass,19
28901,835267801,36|42|60|82,36|6|18|22,82,115522,57720,0.000709318017,0.001418636033,pass,pass,11
28909,835730281,12|16|18|28,12|4|2|10,28,115608,57790,0.000242139126,0.000484278252,pass,pass,19
28921,836424241,6|28|60|70,6|22|32|10,70,115614,57772,0.000605096643,0.001210193285,pass,pass,1
28927,836771329,10|18|34|42,10|8|16|8,42,115666,57812,0.000362982681,0.000725965361,pass,pass,7
28933,837118489,4|82|130|132,4|78|48|2,132,115600,57734,0.001140566136,0.002281132271,pass,pass,13
28949,838044601,10|18|36|52,10|8|18|16,52,115744,57846,0.000449065598,0.000898131196,pass,pass,29
28961,838739521,28|42|90|120,28|14|48|30,120,115724,57802,0.001035875833,0.002071751666,pass,pass,11
28979,839782441,12|16|36|42,12|4|20|6,42,115874,57916,0.000362331343,0.000724662687,pass,pass,29
29009,841522081,46|96|108|156,46|50|12|48,156,115880,57862,0.001344410355,0.002688820711,pass,pass,29
29017,841986289,4|42|70|82,4|38|28|12,82,115986,57952,0.000706482407,0.001412964814,pass,pass,7
29021,842218441,22|42|60|100,22|20|18|40,100,115984,57942,0.00086144516,0.001722890321,pass,pass,11
29023,842334529,10|24|54|58,10|14|30|4,58,116034,57988,0.000499603763,0.000999207525,pass,pass,13
29027,842566729,28|42|78|88,28|14|36|10,88,116020,57966,0.000757915045,0.001515830089,pass,pass,17
29033,842915089,30|102|130|142,30|72|28|12,142,115990,57924,0.00122274653,0.00244549306,pass,pass,23
29059,844425481,6|30|72|76,6|24|42|4,76,116160,58042,0.000653842183,0.001307684366,pass,pass,19
29063,844657969,22|28|72|88,22|6|44|16,88,116164,58038,0.000756976224,0.001513952448,pass,pass,23
29077,845471929,22|64|82|168,22|42|18|86,168,116140,57986,0.001444440623,0.002888881246,pass,pass,7
29101,846868201,22|70|82|88,22|48|12|6,88,116316,58114,0.000755987767,0.001511975533,pass,pass,1
29123,848149129,10|34|42|72,10|24|8|30,72,116420,58174,0.000618068194,0.001236136387,pass,pass,23
29129,848498641,16|58|70|126,16|42|12|56,126,116390,58132,0.001081396546,0.002162793093,pass,pass,29
29131,848615161,18|102|108|118,18|84|6|10,118,116406,58144,0.001012666918,0.002025333837,pass,pass,1
29137,848964769,4|24|60|72,4|20|36|12,72,116476,58202,0.000617771219,0.001235542437,pass,pass,7
29147,849547609,60|70|82|88,60|10|12|6,88,116500,58206,0.000754794662,0.001509589323,pass,pass,17
29153,849897409,18|22|100|142,18|4|78|42,142,116470,58164,0.001217713443,0.002435426886,pass,pass,23
29167,850713889,22|120|130|142,22|98|10|12,142,116526,58192,0.001217128947,0.002434257894,pass,pass,7
29173,851063929,18|22|24|30,18|4|2|6,30,116662,58316,0.000257087033,0.000514174065,pass,pass,13
29179,851414041,10|58|76|126,10|48|18|50,126,116590,58232,0.001079543507,0.002159087015,pass,pass,19
29191,852114481,22|66|82|102,22|44|16|20,102,116662,58280,0.000873556918,0.001747113836,pass,pass,1
29201,852698401,16|22|36|48,16|6|14|12,48,116756,58354,0.000410944831,0.000821889661,pass,pass,11
29207,853048849,4|28|64|102,4|24|36|38,102,116726,58312,0.000873078372,0.001746156743,pass,pass,17
29209,853165681,30|60|88|118,30|30|28|30,118,116718,58300,0.001009962683,0.002019925365,pass,pass,19
29221,853866841,10|16|22|46,10|6|6|24,46,116838,58396,0.000393552582,0.000787105164,pass,pass,1
29231,854451361,12|22|40|66,12|10|18|26,66,116858,58396,0.000564469228,0.001128938456,pass,pass,11
29243,855153049,28|58|78|100,28|30|20|22,100,116872,58386,0.000854905447,0.001709810895,pass,pass,23
29251,855621001,6|30|36|60,6|24|6|24,60,116944,58442,0.000512802981,0.001025605962,pass,pass,1
29269,856674361,22|28|30|46,22|6|2|16,46,117030,58492,0.000392907171,0.000785814343,pass,pass,19
29287,857728369,10|24|54|64,10|14|30|10,64,117084,58510,0.000546317479,0.001092634957,pass,pass,7
29297,858314209,12|22|30|42,12|10|8|12,42,117146,58552,0.000358398471,0.000716796942,pass,pass,17
29303,858665809,18|52|78|82,18|34|26|4,82,117130,58524,0.000699587073,0.001399174146,pass,pass,23
29311,859134721,12|30|46|70,12|18|16|24,70,117174,58552,0.000597045478,0.001194090956,pass,pass,1
29327,860072929,18|34|118|144,18|16|84|26,144,117164,58510,0.001227537764,0.002455075528,pass,pass,17
29333,860424889,24|30|34|52,24|6|4|18,52,117280,58614,0.000443186854,0.000886373709,pass,pass,23
29339,860776921,58|78|88|130,58|20|10|42,130,117226,58548,0.00110774055,0.0022154811,pass,pass,29
29347,861246409,64|70|78|100,64|6|8|22,100,117288,58594,0.000851875831,0.001703751661,pass,pass,7
29363,862185769,22|48|60|78,22|26|12|18,78,117374,58648,0.00066410108,0.001328202159,pass,pass,23
29383,863360689,34|42|72|78,34|8|30|6,78,117454,58688,0.000663649049,0.001327298098,pass,pass,13
29387,863595769,82|84|88|108,82|2|4|20,108,117440,58666,0.000918773607,0.001837547215,pass,pass,17
29389,863713321,16|48|70|76,16|32|22|6,76,117480,58702,0.000646500391,0.001293000783,pass,pass,19
29399,864301201,10|12|18|22,10|2|6|4,22,117574,58776,0.000187081193,0.000374162386,pass,pass,29
29401,864418801,42|46|58|78,42|4|12|20,78,117526,58724,0.000663242747,0.001326485494,pass,pass,1
29411,865006921,6|22|48|70,6|16|26|22,70,117574,58752,0.00059501547,0.001190030941,pass,pass,11
29423,865712929,22|58|64|100,22|36|6|36,100,117592,58746,0.000849675424,0.001699350848,pass,pass,23
29429,866066041,52|70|88|102,52|18|18|14,102,117614,58756,0.000866492236,0.001732984471,pass,pass,29
29437,866536969,4|42|72|84,4|38|30|12,84,117664,58790,0.000713387913,0.001426775826,pass,pass,7
29443,866890249,4|82|112|120,4|78|30|8,120,117652,58766,0.001018917909,0.002037835818,pass,pass,13
29453,867479209,18|28|60|114,18|10|32|54,114,117698,58792,0.000967643364,0.001935286728,pass,pass,23
29473,868657729,24|34|70|88,24|10|36|18,88,117804,58858,0.0007464459,0.001492891799,pass,pass,13
29483,869247289,4|18|22|28,4|14|4|6,28,117904,58938,0.000237424957,0.000474849914,pass,pass,23
29501,870309001,18|42|46|60,18|24|4|14,60,117944,58942,0.00050845734,0.001016914681,pass,pass,11
29527,871843729,12|58|60|84,12|46|2|24,84,118024,58970,0.000711213466,0.001422426931,pass,pass,7
29531,872079961,48|58|60|76,48|10|2|16,76,118048,58986,0.00064339169,0.00128678338,pass,pass,11
29537,872434369,10|22|48|60,10|12|26|12,60,118088,59014,0.000507837627,0.001015675255,pass,pass,17
29567,874207489,22|24|30|70,22|2|6|40,70,118198,59064,0.000591876078,0.001183752156,pass,pass,17
29569,874325761,36|60|78|96,36|24|18|18,96,118180,59042,0.000811660861,0.001623321722,pass,pass,19
29573,874562329,12|18|34|42,12|6|16|8,42,118250,59104,0.000355053596,0.000710107192,pass,pass,23
29581,875035561,88|96|102|108,88|8|6|6,108,118216,59054,0.000912748048,0.001825496095,pass,pass,1
29587,875390569,28|40|72|84,28|12|32|12,84,118264,59090,0.000709771183,0.001419542367,pass,pass,7
29599,876100801,6|46|60|66,6|40|14|6,66,118330,59132,0.000557451265,0.00111490253,pass,pass,19
29611,876811321,18|28|60|78,18|10|32|18,78,118366,59144,0.000658539056,0.001317078113,pass,pass,1
29629,877877641,46|70|78|160,46|24|8|82,160,118356,59098,0.001350028688,0.002700057376,pass,pass,19
29633,878114689,18|28|118|130,18|10|90|12,130,118402,59136,0.001096750245,0.002193500489,pass,pass,23
29641,878588881,30|100|106|108,30|70|6|2,108,118456,59174,0.000910900442,0.001821800884,pass,pass,1
29663,879893569,18|34|48|88,18|16|14|40,88,118564,59238,0.0007416647,0.0014833294,pass,pass,23
29669,880249561,6|16|46|66,6|10|30|20,66,118610,59272,0.000556136034,0.001112272068,pass,pass,29
29671,880368241,18|58|88|106,18|40|30|18,106,118578,59236,0.00089312797,0.00178625594,pass,pass,1
29683,881080489,22|48|58|72,22|26|10|14,72,118660,59294,0.000606407708,0.001212815416,pass,pass,13
29717,883100089,4|34|40|72,4|30|6|32,72,118796,59362,0.000605713901,0.001211427802,pass,pass,17
29723,883456729,24|30|52|100,24|6|22|48,100,118792,59346,0.000841099485,0.00168219897,pass,pass,23
29741,884527081,12|16|58|60,12|4|42|2,60,118904,59422,0.000504354258,0.001008708517,pass,pass,11
29753,885241009,22|30|102|112,22|8|72|10,112,118900,59394,0.000941081572,0.001882163143,pass,pass,23
29759,885598081,12|16|46|82,12|4|30|36,82,118954,59436,0.000688867233,0.001377734467,pass,pass,29
29761,885717121,42|58|76|130,42|16|18|54,130,118914,59392,0.001092033198,0.002184066396,pass,pass,1
29789,887384521,70|100|112|118,70|30|12|6,118,119038,59460,0.000990298432,0.001980596865,pass,pass,29
29803,888218809,18|52|58|60,18|34|6|2,60,119152,59546,0.000503305036,0.001006610073,pass,pass,13
29819,889172761,46|58|60|66,46|12|2|6,66,119210,59572,0.000553338475,0.001106676951,pass,pass,29
29833,890007889,24|40|58|60,24|16|18|2,60,119272,59606,0.000502798914,0.001005597828,pass,pass,13
29837,890246569,24|70|72|78,24|46|2|6,78,119270,59596,0.00065355096,0.00130710192,pass,pass,17
29851,891082201,6|22|36|76,6|16|14|40,76,119328,59626,0.00063649459,0.00127298918,pass,pass,1
29863,891798769,28|82|88|120,28|54|6|32,120,119332,59606,0.001004587617,0.002009175234,pass,pass,13
29867,892037689,22|28|34|82,22|6|6|48,82,119386,59652,0.000686376268,0.001372752536,pass,pass,17
29873,892396129,42|48|58|84,42|6|10|26,84,119408,59662,0.000702975931,0.001405951863,pass,pass,23
29879,892754641,18|48|52|72,18|30|4|20,72,119444,59686,0.0006024298,0.0012048596,pass,pass,29
29881,892874161,6|28|36|46,6|22|8|10,46,119478,59716,0.000384859944,0.000769719889,pass,pass,1
29917,895026889,18|60|72|78,18|42|12|6,78,119590,59756,0.000651803323,0.001303606645,pass,pass,7
29921,895266241,6|18|28|46,6|12|10|18,46,119638,59796,0.000384345443,0.000768690886,pass,pass,11
29927,895625329,22|48|58|78,22|26|10|20,78,119630,59776,0.000651585525,0.00130317105,pass,pass,17
29947,896822809,4|42|54|58,4|38|12|4,58,119730,59836,0.000484188733,0.000968377467,pass,pass,7
29959,897541681,18|66|78|88,18|48|12|10,88,119748,59830,0.000734336927,0.001468673854,pass,pass,19
29983,898980289,42|64|72|84,42|22|8|12,84,119848,59882,0.000700396892,0.001400793783,pass,pass,13
29989,899340121,10|30|40|82,10|20|10|42,82,119874,59896,0.000683583981,0.001367167962,pass,pass,19
30011,900660121,28|36|102|106,28|8|66|4,106,119938,59916,0.000883009563,0.001766019126,pass,pass,11
30013,900780169,34|64|78|154,34|30|14|76,154,119898,59872,0.001282777463,0.002565554926,pass,pass,13
30029,901740841,18|30|40|42,18|12|10|2,42,120074,60016,0.000349661993,0.000699323987,pass,pass,29
30047,902822209,42|64|84|100,42|22|20|16,100,120088,59994,0.00083202982,0.00166405964,pass,pass,17
30059,903543481,16|22|52|60,16|6|30|8,60,120176,60058,0.000499018597,0.000998037194,pass,pass,29
30071,904265041,10|28|42|72,10|18|14|30,72,120212,60070,0.000598583353,0.001197166705,pass,pass,11
30089,905347921,18|30|36|48,18|12|6|12,48,120308,60130,0.000398816843,0.000797633687,pass,pass,29
30091,905468281,46|76|90|130,46|30|14|40,130,120234,60052,0.00108005716,0.00216011432,pass,pass,1
30097,905829409,30|52|58|102,30|22|6|44,102,120286,60092,0.000847260524,0.001694521049,pass,pass,7
30103,906190609,10|24|48|60,10|14|24|12,60,120352,60146,0.000498289207,0.000996578414,pass,pass,13
30109,906551881,70|76|118|126,70|6|42|8,126,120310,60092,0.001046198811,0.002092397622,pass,pass,19
30113,906792769,54|70|94|130,54|16|24|36,130,120322,60096,0.00107926809,0.00215853618,pass,pass,23
30119,907154161,16|82|90|96,16|66|8|6,96,120380,60142,0.000796839204,0.001593678409,pass,pass,29
30133,907997689,40|42|84|100,40|2|42|16,100,120432,60166,0.000829655195,0.001659310391,pass,pass,13
30137,908238769,12|28|34|42,12|16|6|8,42,120506,60232,0.000348408933,0.000696817865,pass,pass,17
30139,908359321,6|22|42|72,6|16|20|30,72,120484,60206,0.000597232821,0.001194465643,pass,pass,19
30161,909685921,16|22|30|36,16|6|8|6,36,120608,60286,0.000298398594,0.000596797188,pass,pass,11
30169,910168561,30|52|120|126,30|22|68|6,126,120550,60212,0.001044118135,0.002088236269,pass,pass,19
30181,910892761,10|28|30|76,10|18|2|46,76,120648,60286,0.000629535138,0.001259070276,pass,pass,1
30187,911254969,4|28|30|88,4|24|2|58,88,120660,60286,0.000728790539,0.001457581078,pass,pass,7
30197,911858809,28|30|54|72,28|2|24|18,72,120716,60322,0.000596085704,0.001192171408,pass,pass,17
30203,912221209,18|28|54|60,18|10|26|6,60,120752,60346,0.000496639407,0.000993278813,pass,pass,23
30211,912704521,42|66|72|138,42|24|6|66,138,120706,60284,0.001141968157,0.002283936315,pass,pass,1
30223,913429729,10|18|34|102,10|8|16|68,102,120790,60344,0.000843728286,0.001687456573,pass,pass,13
30241,914518081,12|52|58|66,12|40|6|8,66,120898,60416,0.000545616878,0.001091233755,pass,pass,1
30253,915244009,78|88|94|102,78|10|6|8,102,120910,60404,0.000842891614,0.001685783228,pass,pass,13
30259,915607081,42|48|70|96,42|6|22|26,96,120940,60422,0.000793152451,0.001586304901,pass,pass,19
30269,916212361,18|78|82|88,18|60|4|6,88,120988,60450,0.000726816215,0.001453632429,pass,pass,29
30271,916333441,18|30|46|78,18|12|16|32,78,121006,60464,0.000644180899,0.001288361798,pass,pass,1
30293,917665849,78|90|114|132,78|12|24|18,132,121040,60454,0.001089360578,0.002178721157,pass,pass,23
30307,918514249,48|70|90|118,48|22|20|28,118,121110,60496,0.000973372488,0.001946744976,pass,pass,7
30313,918877969,10|34|42|58,10|24|8|16,58,121194,60568,0.000478342625,0.000956685251,pass,pass,13
30319,919241761,6|16|22|28,6|10|6|6,28,121248,60610,0.000230878327,0.000461756654,pass,pass,19
30323,919484329,58|64|84|100,58|6|20|16,100,121192,60546,0.000824456683,0.001648913366,pass,pass,23
30341,920576281,10|48|66|88,10|38|18|22,88,121276,60594,0.00072509146,0.001450182921,pass,pass,11
30347,920940409,4|12|42|54,4|8|30|12,54,121334,60640,0.000444854516,0.000889709032,pass,pass,17
30367,922154689,10|18|52|54,10|8|34|2,54,121414,60680,0.000444561531,0.000889123061,pass,pass,7
30389,923491321,46|48|90|120,46|2|42|30,120,121436,60658,0.000987199316,0.001974398631,pass,pass,29
30391,923612881,10|22|58|66,10|12|36|8,66,121498,60716,0.000542923892,0.001085847784,pass,pass,1
30403,924342409,12|22|42|78,12|10|20|36,78,121534,60728,0.000641384074,0.001282768148,pass,pass,13
30427,925802329,40|58|64|70,40|18|6|6,70,121638,60784,0.000575147073,0.001150294147,pass,pass,7
30431,926045761,6|18|28|70,6|12|10|42,70,121654,60792,0.000575071473,0.001150142946,pass,pass,11
30449,927141601,36|40|52|78,36|4|12|26,78,121718,60820,0.00064041512,0.001280830241,pass,pass,29
30467,928238089,10|18|34|58,10|8|16|24,58,121810,60876,0.000475924771,0.000951849542,pass,pass,17
30469,928359961,48|118|130|138,48|70|12|8,138,121738,60800,0.001132298402,0.002264596803,pass,pass,19
30491,929701081,12|18|82|100,12|6|64|18,100,121864,60882,0.000819914073,0.001639828146,pass,pass,11
30493,929823049,22|30|42|58,22|8|12|16,58,121914,60928,0.000475518972,0.000951037943,pass,pass,13
30497,930067009,4|40|78|88,4|36|38|10,88,121900,60906,0.000721382431,0.001442764862,pass,pass,17
30509,930799081,120|148|150|160,120|28|2|10,160,121876,60858,0.001311088531,0.002622177063,pass,pass,29
30517,931287289,58|114|142|148,58|56|28|6,148,121920,60886,0.001212438968,0.002424877937,pass,pass,7
30529,932019841,16|18|30|36,16|2|12|6,36,122080,61022,0.000294801664,0.000589603328,pass,pass,19
30539,932630521,12|16|18|60,12|4|2|42,60,122096,61018,0.000491175219,0.000982350437,pass,pass,29
30553,933485809,42|78|90|102,42|36|12|12,102,122110,61004,0.000834615259,0.001669230517,pass,pass,13
30557,933730249,18|28|30|58,18|10|2|28,58,122170,61056,0.000474523023,0.000949046045,pass,pass,17
30559,933852481,16|22|30|42,16|6|8|12,42,122194,61076,0.000343597631,0.000687195262,pass,pass,19
30577,934952929,4|28|30|60,4|24|2|30,60,122248,61094,0.000490564804,0.000981129607,pass,pass,7
30593,935931649,22|34|52|90,22|12|18|38,90,122282,61096,0.000735462361,0.001470924721,pass,pass,23
30631,938258161,130|142|156|166,130|12|14|10,166,122358,61096,0.001354836603,0.002709673207,pass,pass,1
30637,938625769,28|70|72|82,28|42|2|10,82,122466,61192,0.000669125567,0.001338251134,pass,pass,7
30643,938993449,18|34|42|58,18|16|8|16,58,122514,61228,0.000473191267,0.000946382534,pass,pass,13
30649,939361201,10|28|48|108,10|18|20|60,108,122488,61190,0.000880942282,0.001761884564,pass,pass,19
30661,940096921,18|46|102|106,18|28|56|4,106,122538,61216,0.000864290141,0.001728580281,pass,pass,1
30671,940710241,6|18|48|52,6|12|30|4,52,122632,61290,0.000423853151,0.000847706302,pass,pass,11
30677,941078329,102|118|130|210,102|16|12|80,210,122498,61144,0.001711379861,0.003422759722,pass,pass,17
30689,941814721,70|150|156|162,70|80|6|6,162,122594,61216,0.001319691095,0.002639382189,pass,pass,29
30697,942305809,4|22|30|40,4|18|8|10,40,122748,61354,0.000325764733,0.000651529465,pass,pass,7
30703,942674209,10|12|24|28,10|2|12|4,28,122784,61378,0.00022799075,0.0004559815,pass,pass,13
30707,942919849,40|70|82|84,40|30|12|2,84,122744,61330,0.000683883154,0.001367766307,pass,pass,17
30713,943288369,22|34|48|64,22|12|14|16,64,122788,61362,0.00052095204,0.00104190408,pass,pass,23
30727,944148529,18|30|58|70,18|12|28|12,70,122838,61384,0.000569531682,0.001139063364,pass,pass,7
30757,945993049,4|72|84|94,4|68|12|10,94,122934,61420,0.000764053711,0.001528107423,pass,pass,7
30763,946362169,12|64|78|90,12|52|14|12,90,122962,61436,0.000731398108,0.001462796216,pass,pass,13
30773,946977529,12|18|28|54,12|6|10|26,54,123038,61492,0.00043869626,0.000877392519,pass,pass,23
30781,947469961,16|72|138|142,16|56|66|4,142,122982,61420,0.001153308859,0.002306617719,pass,pass,1
30803,948824809,48|70|78|88,48|22|8|10,88,123124,61518,0.000714216148,0.001428432296,pass,pass,23
30809,949194481,16|22|30|48,16|6|8|18,48,123188,61570,0.000389496576,0.000778993151,pass,pass,29
30817,949687489,72|78|112|114,72|6|34|2,114,123154,61520,0.000924814226,0.001849628452,pass,pass,7
30829,950427241,18|36|40|60,18|18|4|20,60,123256,61598,0.000486554867,0.000973109734,pass,pass,19
30839,951043921,36|60|102|106,36|24|42|4,106,123250,61572,0.000859301534,0.001718603068,pass,pass,29
30841,951167281,12|58|70|78,12|46|12|8,78,123286,61604,0.000632275218,0.001264550436,pass,pass,1
30851,951784201,16|40|46|58,16|24|6|12,58,123346,61644,0.000470000972,0.000940001945,pass,pass,11
30853,951907609,28|34|42|70,28|6|8|28,70,123342,61636,0.000567205782,0.001134411565,pass,pass,13
30859,952277881,16|22|46|88,16|6|24|42,88,123348,61630,0.000712920056,0.001425840111,pass,pass,19
30869,952895161,10|12|70|96,10|2|58|26,96,123380,61642,0.000777479024,0.001554958049,pass,pass,29
30871,953018641,42|46|72|102,42|4|26|30,102,123382,61640,0.000826017946,0.001652035891,pass,pass,1
30881,953636161,48|52|70|76,48|4|18|6,76,123448,61686,0.00061526505,0.001230530099,pass,pass,11
30893,954377449,12|28|48|72,12|16|20|24,72,123500,61714,0.000582656265,0.00116531253,pass,pass,23
30911,955489921,28|36|42|52,28|8|6|10,52,123592,61770,0.000420562259,0.000841124519,pass,pass,11
30931,956726761,6|16|42|48,6|10|26|6,48,123676,61814,0.000387960299,0.000775920597,pass,pass,1
30937,957097969,24|28|58|64,24|4|30|6,64,123684,61810,0.000517180076,0.001034360151,pass,pass,7
30941,957345481,42|58|72|78,42|16|14|6,78,123686,61804,0.000630231731,0.001260463463,pass,pass,11
30949,957840601,58|102|120|156,58|44|18|36,156,123640,61742,0.001260137646,0.002520275292,pass,pass,19
30971,959202841,36|48|60|78,36|12|12|18,78,123806,61864,0.000629621259,0.001259242517,pass,pass,11
30977,959574529,18|34|40|58,18|16|6|18,58,123850,61896,0.000468089227,0.000936178455,pass,pass,17
30983,959946289,22|58|84|120,22|36|26|36,120,123812,61846,0.000968272924,0.001936545848,pass,pass,23
31013,961806169,18|52|58|64,18|34|6|6,64,123988,61962,0.000515912682,0.001031825364,pass,pass,23
31019,962178361,18|22|36|102,18|4|14|66,102,123974,61936,0.000822076792,0.001644153583,pass,pass,29
31033,963047089,34|60|88|90,34|26|28|2,90,124042,61976,0.000725034641,0.001450069281,pass,pass,13
31039,963419521,12|28|36|70,12|16|8|34,70,124086,62008,0.000563806824,0.001127613647,pass,pass,19
31051,964164601,30|60|66|130,30|30|6|64,130,124074,61972,0.001046665164,0.002093330328,pass,pass,1
31063,964909969,22|64|70|102,22|42|6|32,102,124150,62024,0.000820912339,0.001641824679,pass,pass,13
31069,965282761,6|48|58|66,6|42|10|8,66,124210,62072,0.000531075992,0.001062151984,pass,pass,19
31079,965904241,66|78|96|100,66|12|18|4,100,124216,62058,0.000804401686,0.001608803372,pass,pass,29
31081,966028561,40|46|70|72,40|6|24|2,72,124252,62090,0.000579131946,0.001158263891,pass,pass,1
31091,966650281,16|48|70|88,16|32|22|18,88,124276,62094,0.00070760027,0.00141520054,pass,pass,11
31121,968516641,10|30|36|52,10|20|6|16,52,124432,62190,0.000417724366,0.000835448732,pass,pass,11
31123,968641129,10|24|42|54,10|14|18|12,54,124438,62192,0.000433762812,0.000867525624,pass,pass,13
31139,969637321,6|22|30|70,6|16|8|40,70,124486,62208,0.000561996211,0.001123992421,pass,pass,29
31147,970135609,4|24|58|72,4|20|34|14,72,124516,62222,0.000577904774,0.001155809548,pass,pass,7
31151,970384801,60|72|78|106,60|12|6|28,106,124498,62196,0.000850695002,0.001701390004,pass,pass,11
31153,970509409,22|34|48|70,22|12|14|22,70,124542,62236,0.000561743652,0.001123487305,pass,pass,13
31159,970883281,36|76|78|82,36|40|2|4,82,124554,62236,0.000657915851,0.001315831702,pass,pass,19
31177,972005329,10|18|28|58,10|8|10|30,58,124650,62296,0.000465086442,0.000930172884,pass,pass,7
31181,972254761,36|52|88|102,36|16|36|14,102,124622,62260,0.000817805715,0.00163561143,pass,pass,11
31183,972379489,12|30|48|70,12|18|18|22,70,124662,62296,0.00056120322,0.001122406439,pass,pass,13
31189,972753721,16|58|88|118,16|42|30|30,118,124638,62260,0.000945846292,0.001891692584,pass,pass,19
31193,973003249,28|52|102|114,28|24|50|12,114,124658,62272,0.000913666528,0.001827333055,pass,pass,23
31219,974625961,40|82|96|108,40|42|14|12,108,124768,62330,0.000864857939,0.001729715878,pass,pass,19
31223,974875729,22|28|34|48,22|6|6|14,48,124844,62398,0.000384332063,0.000768664126,pass,pass,23
31231,975375361,22|36|42|48,22|14|6|6,48,124876,62414,0.000384233614,0.000768467228,pass,pass,1
31237,975750169,10|28|70|120,10|18|42|50,120,124828,62354,0.000960399526,0.001920799052,pass,pass,7
31247,976375009,18|24|60|70,18|6|36|10,70,124918,62424,0.000560053765,0.00112010753,pass,pass,17
31249,976500001,10|52|72|96,10|42|20|24,96,124900,62402,0.000768024577,0.001536049154,pass,pass,19
31253,976750009,28|48|54|58,28|20|6|4,58,124954,62448,0.00046395546,0.000927910921,pass,pass,23
31259,977125081,6|10|30|36,6|4|20|6,36,125000,62482,0.00028791708,0.00057583416,pass,pass,29
31267,977625289,12|58|60|64,12|46|2|4,64,125004,62470,0.000511721623,0.001023443247,pass,pass,7
31271,977875441,76|90|118|138,76|14|28|20,138,124946,62404,0.00110325861,0.00220651722,pass,pass,11
31277,978250729,18|40|70|108,18|22|30|38,108,125000,62446,0.000863254148,0.001726508297,pass,pass,17
31307,980128249,58|60|64|72,58|2|4|8,72,125156,62542,0.000574951289,0.001149902578,pass,pass,17
31319,980879761,30|36|52|58,30|6|16|6,58,125218,62580,0.000462977745,0.00092595549,pass,pass,29
31321,981005041,18|60|66|142,18|42|6|76,142,125142,62500,0.001133424859,0.002266849717,pass,pass,1
31327,981380929,12|40|100|118,12|28|60|18,118,125190,62536,0.000941679701,0.001883359402,pass,pass,7
31333,981756889,12|58|70|94,12|46|12|24,94,125238,62572,0.000750007979,0.001500015958,pass,pass,13
31337,982007569,28|58|90|124,28|30|32|34,124,125224,62550,0.000989245939,0.001978491879,pass,pass,17
31357,983261449,22|24|48|70,22|2|24|22,70,125358,62644,0.000558089103,0.001116178206,pass,pass,7
31379,984641641,12|36|70|88,12|24|34|18,88,125428,62670,0.000701105835,0.00140221167,pass,pass,29
31387,985143769,4|88|100|102,4|84|12|2,102,125446,62672,0.000812438271,0.001624876541,pass,pass,7
31391,985394881,16|18|28|52,16|2|10|24,52,125512,62730,0.000414131439,0.000828262878,pass,pass,11
31393,985520449,12|28|78|90,12|16|50|12,90,125482,62696,0.000716720288,0.001433440576,pass,pass,13
31397,985771609,28|34|58|60,28|6|24|2,60,125528,62734,0.000477752652,0.000955505303,pass,pass,17
31469,990297961,6|16|52|72,6|10|36|20,72,125804,62866,0.000571991484,0.001143982967,pass,pass,29
31477,990801529,12|22|54|82,12|10|32|28,82,125826,62872,0.000651269181,0.001302538361,pass,pass,7
31481,991053361,46|82|96|100,46|36|14|4,100,125824,62862,0.000794129793,0.001588259585,pass,pass,11
31489,991557121,16|18|36|52,16|2|18|16,52,125904,62926,0.00041284258,0.00082568516,pass,pass,19
31511,992943121,48|106|132|150,48|58|26|18,150,125894,62872,0.001190060614,0.002380121228,pass,pass,11
31513,993069169,22|28|58|70,22|6|30|12,70,125982,62956,0.000555326373,0.001110652746,pass,pass,13
31517,993321289,42|58|72|78,42|16|14|6,78,125990,62956,0.00061871371,0.00123742742,pass,pass,17
31531,994203961,10|36|60|100,10|26|24|40,100,126024,62962,0.000792870508,0.001585741017,pass,pass,1
31541,994834681,10|22|40|42,10|12|18|2,42,126122,63040,0.000332900035,0.00066580007,pass,pass,11
31543,994960849,12|28|70|82,12|16|42|12,82,126090,63004,0.000649906477,0.001299812954,pass,pass,13
31547,995213209,28|40|48|70,28|12|8|22,70,126118,63024,0.000554727866,0.001109455733,pass,pass,17
31567,996475489,42|58|84|100,42|16|26|16,100,126168,63034,0.000791966294,0.001583932588,pass,pass,7
31573,996854329,22|30|60|132,22|8|30|72,132,126160,63014,0.001045196845,0.002090393691,pass,pass,13
31583,997485889,10|12|22|52,10|2|10|30,52,126280,63114,0.000411613843,0.000823227686,pass,pass,23
31601,998623201,10|16|46|72,10|6|30|26,72,126332,63130,0.000569602228,0.001139204456,pass,pass,11
31607,999002449,4|22|60|84,4|18|38|24,84,126344,63130,0.000664409783,0.001328819565,pass,pass,17
31627,1000267129,24|28|52|94,24|4|24|42,94,126414,63160,0.000743036014,0.001486072027,pass,pass,7
31643,1001279449,22|24|58|120,22|2|34|62,120,126452,63166,0.000948076984,0.001896153968,pass,pass,23
31649,1001659201,28|36|72|78,28|8|36|6,78,126518,63220,0.000616133211,0.001232266422,pass,pass,29
31657,1002165649,4|18|30|102,4|14|12|72,102,126526,63212,0.00080550905,0.0016110181,pass,pass,7
31663,1002545569,22|34|58|70,22|12|24|12,70,126582,63256,0.000552695575,0.001105391151,pass,pass,13
31667,1002798889,10|72|88|124,10|62|16|36,124,126544,63210,0.000978937064,0.001957874128,pass,pass,17
31687,1004065969,12|22|58|64,12|10|36|6,64,126684,63310,0.000504938934,0.001009877868,pass,pass,7
31699,1004826601,6|10|16|58,6|4|6|42,58,126738,63340,0.000457427679,0.000914855358,pass,pass,19
31721,1006221841,18|72|102|126,18|54|30|24,126,126758,63316,0.000993033007,0.001986066013,pass,pass,11
31723,1006348729,18|22|28|64,18|4|6|36,64,126828,63382,0.000504365917,0.001008731835,pass,pass,13
31727,1006602529,4|18|22|58,4|14|4|36,58,126850,63396,0.000457023986,0.000914047972,pass,pass,17
31729,1006729441,12|60|76|82,12|48|16|6,82,126834,63376,0.000646096631,0.001292193262,pass,pass,19
31741,1007491081,18|42|60|72,18|24|18|12,72,126892,63410,0.000567089884,0.001134179767,pass,pass,1
31751,1008126001,10|22|28|36,10|12|6|8,36,126968,63466,0.000283455639,0.000566911278,pass,pass,11
31769,1009269361,6|16|66|72,6|10|50|6,72,127004,63466,0.000566590072,0.001133180144,pass,pass,29
31771,1009396441,40|42|82|102,40|2|40|20,102,126982,63440,0.00080261874,0.001605237481,pass,pass,1
31793,1010794849,12|28|30|60,12|16|2|30,60,127112,63526,0.000471801969,0.000943603938,pass,pass,23
31799,1011176401,6|22|48|78,6|16|26|30,78,127118,63520,0.000613226831,0.001226453662,pass,pass,29
31817,1012321489,4|58|60|64,4|54|2|4,64,127204,63570,0.000502875821,0.001005751642,pass,pass,17
31847,1014231409,60|78|90|130,60|18|12|40,130,127258,63564,0.001020504286,0.002041008572,pass,pass,17
31849,1014358801,16|30|46|82,16|14|16|36,82,127314,63616,0.000643662281,0.001287324563,pass,pass,19
31859,1014995881,18|40|42|72,18|22|2|30,72,127364,63646,0.000564989485,0.00112997897,pass,pass,29
31873,1015888129,12|22|28|34,12|10|6|6,34,127458,63712,0.0002666834,0.000533366799,pass,pass,13
31883,1016525689,58|112|130|154,58|54|18|24,154,127378,63612,0.001207540068,0.002415080137,pass,pass,23
31891,1017035881,12|30|70|72,12|18|40|2,72,127492,63710,0.000564422564,0.001128845129,pass,pass,1
31907,1018056649,12|18|54|70,12|6|36|16,70,127558,63744,0.000548468988,0.001096937976,pass,pass,17
31957,1021249849,34|78|88|100,34|44|10|12,100,127728,63814,0.000782301217,0.001564602435,pass,pass,7
31963,1021633369,28|30|40|72,28|2|10|32,72,127780,63854,0.000563151144,0.001126302287,pass,pass,13
31973,1022272729,58|88|90|100,58|30|2|10,100,127792,63846,0.000781909736,0.001563819473,pass,pass,23
31981,1022784361,30|48|58|78,30|18|10|20,78,127846,63884,0.000609737031,0.001219474063,pass,pass,1
31991,1023424081,10|18|52|60,10|8|34|8,60,127904,63922,0.000468881873,0.000937763746,pass,pass,11
32003,1024192009,40|42|60|64,40|2|18|4,64,127948,63942,0.000499953129,0.000999906259,pass,pass,23
32009,1024576081,22|36|60|70,22|14|24|10,70,127966,63948,0.000546721235,0.001093442469,pass,pass,29
32027,1025728729,12|48|58|60,12|36|10|2,60,128048,63994,0.000468354826,0.000936709651,pass,pass,17
32029,1025856841,6|22|28|42,6|16|6|14,42,128074,64016,0.000327827906,0.000655655812,pass,pass,19
32051,1027266601,6|28|76|78,6|22|48|2,78,128126,64024,0.000608405354,0.001216810708,pass,pass,11
32057,1027651249,10|28|48|70,10|18|20|22,70,128158,64044,0.000545902611,0.001091805222,pass,pass,17
32059,1027779481,10|18|28|58,10|8|10|30,58,128178,64060,0.000452291088,0.000904582177,pass,pass,19
32063,1028035969,10|28|64|70,10|18|36|6,70,128182,64056,0.000545800455,0.001091600911,pass,pass,23
32069,1028420761,18|42|96|132,18|24|54|36,132,128144,64006,0.001029031152,0.002058062303,pass,pass,29
32077,1028933929,4|34|72|90,4|30|38|18,90,128218,64064,0.000701437167,0.001402874334,pass,pass,7
32083,1029318889,30|40|70|84,30|10|30|14,84,128248,64082,0.000654552255,0.00130910451,pass,pass,13
32089,1029703921,22|28|78|82,22|6|50|4,82,128274,64096,0.000638848203,0.001277696407,pass,pass,19
32099,1030345801,16|18|28|30,16|2|10|2,30,128366,64168,0.000233652139,0.000467304277,pass,pass,29
32117,1031501689,22|28|54|60,22|6|26|6,60,128408,64174,0.000467042376,0.000934084753,pass,pass,17
32119,1031630161,18|30|42|46,18|12|12|4,46,128430,64192,0.000358043526,0.000716087051,pass,pass,19
32141,1033043881,16|42|48|58,16|26|6|10,58,128506,64224,0.000451137177,0.000902274354,pass,pass,11
32143,1033172449,60|72|88|100,60|12|16|12,100,128472,64186,0.000777774321,0.001555548642,pass,pass,13
32159,1034201281,10|22|70|72,10|12|48|2,72,128564,64246,0.000559718897,0.001119437793,pass,pass,29
32173,1035101929,10|12|24|54,10|2|12|30,54,128638,64292,0.000419606502,0.000839213005,pass,pass,13
32183,1035745489,18|22|28|52,18|4|6|24,52,128680,64314,0.000403939968,0.000807879937,pass,pass,23
32189,1036131721,6|88|102|108,6|82|14|6,108,128648,64270,0.000838795862,0.001677591724,pass,pass,29
32191,1036260481,6|40|42|58,6|34|2|16,58,128706,64324,0.000450436457,0.000900872915,pass,pass,1
32203,1037033209,10|64|102|108,10|54|38|6,108,128704,64298,0.000838431202,0.001676862404,pass,pass,13
32213,1037677369,60|70|78|94,60|10|8|16,94,128758,64332,0.000729519138,0.001459038276,pass,pass,23
32233,1038966289,4|18|28|30,4|14|10|2,30,128902,64436,0.000232680793,0.000465361586,pass,pass,13
32237,1039224169,12|42|88|112,12|30|46|24,112,128836,64362,0.000868567174,0.001737134349,pass,pass,17
32251,1040127001,36|46|70|118,36|10|24|48,118,128886,64384,0.000914700319,0.001829400639,pass,pass,1
32257,1040514049,12|28|42|78,12|16|14|36,78,128950,64436,0.000604519949,0.001209039898,pass,pass,7
32261,1040772121,6|22|36|42,6|16|14|6,42,129002,64480,0.000325470382,0.000650940764,pass,pass,11
32297,1043096209,4|22|28|52,4|18|6|24,52,129136,64542,0.000402514165,0.000805028331,pass,pass,17
32299,1043225401,10|28|30|72,10|18|2|42,72,129124,64526,0.000557292795,0.001114585591,pass,pass,19
32303,1043483809,4|34|54|82,4|30|20|28,82,129130,64524,0.00063461598,0.00126923196,pass,pass,23
32309,1043871481,6|30|48|60,6|24|18|12,60,129176,64558,0.000464266923,0.000928533845,pass,pass,29
32321,1044647041,48|60|88|96,48|12|28|8,96,129188,64546,0.000742551282,0.001485102565,pass,pass,11
32323,1044776329,10|18|42|48,10|8|24|6,48,129244,64598,0.000371252668,0.000742505337,pass,pass,13
32327,1045034929,24|54|58|72,24|30|4|14,72,129236,64582,0.000556810097,0.001113620194,pass,pass,17
32341,1045940281,16|46|52|126,16|30|6|74,126,129238,64556,0.000973995857,0.001947991713,pass,pass,1
32353,1046716609,58|102|112|124,58|44|10|12,124,129288,64582,0.000958180076,0.001916360152,pass,pass,13
32359,1047104881,12|16|18|70,12|4|2|52,70,129366,64648,0.000540807812,0.001081615625,pass,pass,19
32363,1047363769,18|48|82|84,18|30|34|2,84,129368,64642,0.000648889164,0.001297778327,pass,pass,23
32369,1047752161,18|30|36|40,18|12|6|4,40,129436,64698,0.000308937564,0.000617875127,pass,pass,29
32371,1047881641,28|36|48|78,28|8|12|30,78,129406,64664,0.000602391029,0.001204782058,pass,pass,1
32377,1048270129,64|102|130|142,64|38|28|12,142,129366,64612,0.001096457362,0.002192914723,pass,pass,7
32381,1048529161,12|36|96|142,12|24|60|46,142,129382,64620,0.001096321917,0.002192643834,pass,pass,11
32401,1049824801,12|36|46|76,12|24|10|30,76,129528,64726,0.000586401654,0.001172803309,pass,pass,1
32411,1050472921,12|16|28|40,12|4|12|12,40,129604,64782,0.000308537225,0.00061707445,pass,pass,11
32413,1050602569,22|30|70|78,22|8|40|8,78,129574,64748,0.000601610465,0.00120322093,pass,pass,13
32423,1051250929,10|24|40|60,10|14|16|20,60,129632,64786,0.00046263455,0.000925269099,pass,pass,23
32429,1051640041,6|12|30|40,6|6|18|10,40,129676,64818,0.000308365969,0.000616731937,pass,pass,29
32441,1052418481,30|48|52|58,30|18|4|6,58,129706,64824,0.00044696526,0.00089393052,pass,pass,11
32443,1052548249,42|54|78|88,42|12|24|10,88,129684,64798,0.000678112382,0.001356224763,pass,pass,13
32467,1054106089,4|10|12|18,4|6|2|6,18,129850,64916,0.000138602273,0.000277204546,pass,pass,7
32479,1054885441,18|30|36|46,18|12|6|10,46,129870,64912,0.000354074941,0.000708149881,pass,pass,19
32491,1055665081,48|58|76|78,48|10|18|2,78,129886,64904,0.0006001662,0.0012003324,pass,pass,1
32497,1056055009,22|28|48|58,22|6|20|10,58,129930,64936,0.000446195033,0.000892390067,pass,pass,7
32503,1056445009,12|42|60|72,12|30|18|12,72,129940,64934,0.000553795034,0.001107590069,pass,pass,13
32507,1056705049,12|22|58|60,12|10|36|2,60,129968,64954,0.000461439075,0.000922878149,pass,pass,17
32531,1058265961,12|16|18|46,12|4|2|28,46,130078,65016,0.000353508961,0.000707017921,pass,pass,11
32533,1058396089,22|34|64|142,22|12|30|78,142,129990,64924,0.001091199705,0.00218239941,pass,pass,13
32537,1058656369,12|30|40|60,12|18|10|20,60,130088,65014,0.000461013615,0.000922027231,pass,pass,17
32561,1060218721,18|58|132|148,18|40|74|16,148,130096,64974,0.001136328737,0.002272657474,pass,pass,11
32563,1060348969,40|58|70|108,40|18|12|38,108,130144,65018,0.000829161932,0.001658323865,pass,pass,13
32569,1060739761,6|46|70|82,6|40|24|12,82,130194,65056,0.000629432896,0.001258865793,pass,pass,19
32573,1061000329,4|12|72|102,4|8|60|30,102,130190,65044,0.000782856967,0.001565713935,pass,pass,23
32579,1061391241,10|16|52|96,10|6|36|44,96,130220,65062,0.000736670862,0.001473341723,pass,pass,29
32587,1061912569,54|58|60|130,54|4|2|70,130,130218,65044,0.000997330224,0.001994660447,pass,pass,7
32603,1062955609,34|52|72|84,34|18|20|12,84,130328,65122,0.000644112505,0.00128822501,pass,pass,23
32609,1063346881,10|18|48|58,10|8|30|10,58,130378,65160,0.000444662516,0.000889325033,pass,pass,29
32611,1063477321,18|40|82|88,18|22|42|6,88,130356,65134,0.000674618994,0.001349237987,pass,pass,1
32621,1064129641,22|40|58|78,22|18|18|20,78,130406,65164,0.00059777444,0.00119554888,pass,pass,11
32633,1064912689,22|42|58|84,22|20|16|26,84,130448,65182,0.000643520363,0.001287040726,pass,pass,23
32647,1065826609,24|40|60|64,24|16|20|4,64,130524,65230,0.000490090973,0.000980181946,pass,pass,7
32653,1066218409,48|60|64|70,48|12|4|6,70,130542,65236,0.000535938505,0.00107187701,pass,pass,13
32687,1068439969,10|22|108|132,10|12|86|24,132,130616,65242,0.001009575672,0.002019151345,pass,pass,17
32693,1068832249,18|24|70|88,18|6|46|18,88,130684,65298,0.000672926926,0.001345853853,pass,pass,23
32707,1069747849,18|42|48|52,18|24|6|4,52,130776,65362,0.000397468432,0.000794936864,pass,pass,7
32713,1070140369,22|34|84|100,22|12|50|16,100,130752,65326,0.000764222175,0.001528444349,pass,pass,13
32717,1070402089,60|64|70|78,60|4|6|8,78,130790,65356,0.000596020418,0.001192040835,pass,pass,17
32719,1070532961,10|16|60|72,10|6|44|12,72,130804,65366,0.000550139063,0.001100278126,pass,pass,19
32749,1072497001,10|16|30|76,10|6|14|46,76,130920,65422,0.000580170387,0.001160340774,pass,pass,19
32771,1073938441,6|58|78|88,6|52|20|10,88,130996,65454,0.000671325257,0.001342650514,pass,pass,11
32779,1074462841,36|40|58|90,36|4|18|32,90,131026,65468,0.000686415083,0.001372830166,pass,pass,19
32783,1074725089,22|48|58|102,22|26|10|44,102,131030,65464,0.000777842174,0.001555684349,pass,pass,23
32789,1075118521,10|58|66|78,10|48|8|12,78,131078,65500,0.000594711641,0.001189423282,pass,pass,29
32797,1075643209,12|70|132|138,12|58|62|6,138,131050,65456,0.001051925481,0.002103850962,pass,pass,7
32801,1075905601,12|28|42|96,12|16|14|54,96,131108,65506,0.00073168501,0.001463370019,pass,pass,11
32803,1076036809,4|12|18|108,4|8|6|90,108,131104,65498,0.000823095449,0.001646190897,pass,pass,13
32831,1077874561,22|40|102|112,22|18|62|10,112,131212,65550,0.000852852487,0.001705704974,pass,pass,11
32833,1078005889,24|30|34|52,24|6|4|18,52,131280,65614,0.000395943106,0.000791886212,pass,pass,13
32839,1078399921,16|18|40|42,16|2|22|2,42,131314,65636,0.00031974177,0.000639483541,pass,pass,19
32843,1078662649,60|70|102|108,60|10|32|6,108,131264,65578,0.000822092988,0.001644185976,pass,pass,23
32869,1080371161,46|48|52|58,46|2|4|6,58,131418,65680,0.000441145152,0.000882290304,pass,pass,19
32887,1081554769,10|12|40|42,10|2|28|2,42,131506,65732,0.000319275094,0.000638550187,pass,pass,7
32909,1083002281,72|106|160|186,72|34|54|26,186,131450,65632,0.001412987329,0.002825974657,pass,pass,29
32911,1083133921,6|30|36|52,6|24|6|16,52,131592,65770,0.00039500471,0.000790009419,pass,pass,1
32917,1083528889,4|28|48|58,4|24|20|10,58,131610,65776,0.000440501868,0.000881003737,pass,pass,7
32933,1084582489,4|42|48|72,4|38|6|24,72,131660,65794,0.000546564236,0.001093128473,pass,pass,23
32939,1084977721,10|48|76|88,10|38|28|12,88,131668,65790,0.000667901272,0.001335802544,pass,pass,29
32941,1085109481,10|22|36|40,10|12|14|4,40,131724,65842,0.000303573055,0.00060714611,pass,pass,1
32957,1086163849,28|30|40|58,28|2|10|18,58,131770,65856,0.00043996723,0.00087993446,pass,pass,17
32969,1086954961,10|30|36|78,10|20|6|42,78,131798,65860,0.000591464709,0.001182929419,pass,pass,29
32971,1087086841,46|70|88|100,46|24|18|12,100,131784,65842,0.000758242092,0.001516484183,pass,pass,1
32983,1087878289,58|72|102|120,58|14|30|18,120,131812,65846,0.00090955947,0.00181911894,pass,pass,13
32987,1088142169,34|52|58|72,34|18|6|14,72,131876,65902,0.000545669506,0.001091339012,pass,pass,17
32993,1088538049,4|42|70|82,4|38|28|12,82,131890,65904,0.000621343921,0.001242687843,pass,pass,23
32999,1088934001,18|58|70|72,18|40|12|2,72,131924,65926,0.000545471075,0.00109094215,pass,pass,29
33013,1089858169,10|54|102|112,10|44|48|10,112,131940,65914,0.000848150729,0.001696301457,pass,pass,13
33023,1090518529,34|64|84|88,34|30|20|4,88,132004,65958,0.000666202344,0.001332404688,pass,pass,23
33029,1090914841,60|66|90|106,60|6|24|16,106,132010,65952,0.000802325229,0.001604650459,pass,pass,29
33037,1091443369,4|18|24|48,4|14|6|24,48,132100,66026,0.000363229107,0.000726458214,pass,pass,7
33049,1092236401,28|46|58|60,28|18|12|2,60,132136,66038,0.000453871524,0.000907743048,pass,pass,19
33053,1092500809,12|64|70|142,12|52|6|72,142,132070,65964,0.001074032614,0.002148065229,pass,pass,23
33071,1093691041,10|16|108|112,10|6|92|4,112,132172,66030,0.00084666324,0.001693326479,pass,pass,11
33073,1093823329,18|42|100|162,18|24|58|62,162,132130,65984,0.001224563844,0.002449127687,pass,pass,13
33083,1094484889,70|78|82|112,70|8|4|30,112,132220,66054,0.000846356135,0.001692712269,pass,pass,23
33091,1095014281,12|22|36|48,12|10|14|12,48,132316,66134,0.000362636366,0.000725272733,pass,pass,1
33107,1096073449,18|48|60|102,18|30|12|42,102,132326,66112,0.000770229861,0.001540459722,pass,pass,17
33113,1096470769,18|58|132|142,18|40|74|10,142,132310,66084,0.001072086492,0.002144172983,pass,pass,23
33119,1096868161,6|12|60|88,6|6|48|28,88,132388,66150,0.000664271264,0.001328542528,pass,pass,29
33149,1098856201,6|22|58|76,6|16|36|18,76,132520,66222,0.000573169628,0.001146339256,pass,pass,29
33151,1098988801,18|30|40|88,18|12|10|48,88,132516,66214,0.000663630056,0.001327260113,pass,pass,1
33161,1099651921,16|42|46|96,16|26|4|50,96,132548,66226,0.000723741745,0.00144748349,pass,pass,11
33179,1100846041,10|42|58|66,10|32|16|8,66,132650,66292,0.000497302511,0.000994605021,pass,pass,29
33181,1100978761,36|70|72|88,36|34|2|16,88,132636,66274,0.000663030047,0.001326060095,pass,pass,1
33191,1101642481,10|30|46|52,10|20|16|6,52,132712,66330,0.000391672441,0.000783344883,pass,pass,11
33199,1102173601,6|42|60|96,6|36|18|36,96,132700,66302,0.000722913341,0.001445826682,pass,pass,19
33203,1102439209,28|42|48|60,28|14|6|12,60,132752,66346,0.000451766407,0.000903532813,pass,pass,23
33211,1102970521,16|30|58|60,16|14|28|2,60,132784,66362,0.000451657583,0.000903315167,pass,pass,1
33223,1103767729,10|18|30|64,10|8|12|34,64,132828,66382,0.000481594076,0.000963188153,pass,pass,13
33247,1105363009,18|28|58|72,18|10|30|14,72,132916,66422,0.000541402232,0.001082804464,pass,pass,7
33287,1108024369,22|28|30|60,22|6|2|30,60,133088,66514,0.000450626371,0.000901252741,pass,pass,17
33289,1108157521,58|60|100|108,58|2|40|8,108,133048,66470,0.000811078735,0.001622157469,pass,pass,19
33301,1108956601,16|18|76|88,16|2|58|12,88,133116,66514,0.000660640822,0.001321281643,pass,pass,1
33311,1109622721,48|100|126|142,48|52|26|16,142,133102,66480,0.001065714028,0.002131428057,pass,pass,11
33317,1110022489,34|64|70|88,34|30|6|18,88,133180,66546,0.000660323559,0.001320647117,pass,pass,17
33329,1110822241,22|40|60|90,22|18|20|30,90,133226,66568,0.000675087761,0.001350175523,pass,pass,29
33331,1110955561,6|28|36|60,6|22|8|24,60,133264,66602,0.000450031502,0.000900063004,pass,pass,1
33343,1111755649,28|58|60|78,28|30|2|18,78,133294,66608,0.000584830399,0.001169660798,pass,pass,13
33347,1112022409,10|24|40|58,10|14|16|18,58,133330,66636,0.000434821723,0.000869643446,pass,pass,17
33349,1112155801,70|96|102|138,70|26|6|36,138,133258,66560,0.001034513779,0.002069027557,pass,pass,19
33353,1112422609,4|34|72|102,4|30|38|30,102,133310,66604,0.000764548916,0.001529097832,pass,pass,23
33359,1112822881,10|30|42|136,10|20|12|94,136,133300,66582,0.001019215204,0.002038430409,pass,pass,29
33377,1114024129,10|12|18|52,10|2|6|34,52,133456,66702,0.000389489768,0.000778979537,pass,pass,17
33391,1114958881,18|36|60|70,18|18|24|10,70,133494,66712,0.000524093319,0.001048186637,pass,pass,1
33403,1115760409,58|78|88|100,58|20|10|12,100,133512,66706,0.000748435769,0.001496871538,pass,pass,13
33409,1116161281,6|22|42|72,6|16|20|30,72,133564,66746,0.000538776976,0.001077553953,pass,pass,19
33413,1116428569,22|28|40|58,22|6|12|18,58,133594,66768,0.000433962829,0.000867925658,pass,pass,23
33427,1117364329,22|30|34|48,22|8|4|14,48,133660,66806,0.000358991235,0.000717982469,pass,pass,7
33457,1119370849,4|22|24|42,4|18|2|18,42,133786,66872,0.00031383567,0.000627671339,pass,pass,7
33461,1119638521,28|36|52|66,28|8|16|14,66,133778,66856,0.000493111383,0.000986222767,pass,pass,11
33469,1120173961,46|58|112|126,46|12|54|14,126,133750,66812,0.00094116944,0.001882338881,pass,pass,19
33479,1120843441,58|60|72|130,58|2|12|58,130,133786,66828,0.000970757788,0.001941515577,pass,pass,29
33487,1121379169,10|18|28|30,10|8|10|2,30,133918,66944,0.00022396751,0.00044793502,pass,pass,7
33493,1121781049,4|12|28|34,4|8|16|6,34,133938,66952,0.000253784373,0.000507568746,pass,pass,13
33503,1122451009,42|64|82|88,42|22|18|6,88,133924,66918,0.000656657613,0.001313315226,pass,pass,23
33521,1123657441,12|18|46|48,12|6|28|2,48,134036,66994,0.000357984547,0.000715969094,pass,pass,11
33529,1124193841,16|18|28|36,16|2|10|8,36,134080,67022,0.000268424349,0.000536848698,pass,pass,19
33533,1124462089,10|28|48|58,10|18|20|10,58,134074,67008,0.000432409865,0.00086481973,pass,pass,23
33547,1125401209,18|28|48|60,18|10|20|12,60,134128,67034,0.000447133872,0.000894267744,pass,pass,7
33563,1126474969,12|34|42|48,12|22|8|6,48,134204,67078,0.000357536573,0.000715073146,pass,pass,23
33569,1126877761,6|16|28|72,6|10|12|44,72,134204,67066,0.000536209002,0.001072418005,pass,pass,29
33577,1127414929,28|54|70|72,28|26|16|2,72,134236,67082,0.000536081246,0.001072162492,pass,pass,7
33581,1127683561,90|118|130|156,90|28|12|26,156,134168,67006,0.001161371013,0.002322742027,pass,pass,11
33587,1128086569,10|12|78|124,10|2|66|46,124,134224,67050,0.000922976151,0.001845952303,pass,pass,17
33589,1128220921,6|16|18|22,6|10|2|4,22,134334,67156,0.000163744083,0.000327488166,pass,pass,19
33599,1128892801,12|18|22|40,12|6|4|18,40,134356,67158,0.000297627906,0.000595255811,pass,pass,29
33601,1129027201,18|30|46|58,18|12|16|12,58,134346,67144,0.000431534776,0.000863069552,pass,pass,1
33613,1129833769,10|42|60|64,10|32|18|4,64,134388,67162,0.000476006307,0.000952012614,pass,pass,13
33617,1130102689,30|52|58|60,30|22|6|2,60,134408,67174,0.000446202814,0.000892405628,pass,pass,17
33619,1130237161,16|48|76|78,16|32|28|2,78,134398,67160,0.00058002915,0.0011600583,pass,pass,19
33623,1130506129,4|12|58|70,4|8|46|12,70,134422,67176,0.000520477054,0.001040954109,pass,pass,23
33629,1130909641,10|12|16|28,10|2|4|12,28,134488,67230,0.000208153677,0.000416307354,pass,pass,29
33637,1131447769,12|18|28|48,12|6|10|20,48,134500,67226,0.000356750007,0.000713500015,pass,pass,7
33641,1131716881,66|70|72|78,66|4|2|6,78,134486,67204,0.000579649832,0.001159299664,pass,pass,11
33647,1132120609,28|162|240|250,28|134|78|10,250,134338,67044,0.00185752073,0.00371504146,pass,pass,17
33679,1134275041,6|28|40|58,6|22|12|18,58,134658,67300,0.000430535348,0.000861070697,pass,pass,19
33703,1135892209,12|18|22|30,12|6|4|8,30,134782,67376,0.000222532119,0.000445064238,pass,pass,13
33713,1136566369,4|22|52|58,4|18|30|6,58,134794,67368,0.000430101148,0.000860202296,pass,pass,23
33721,1137105841,16|18|28|40,16|2|10|12,40,134844,67402,0.000296551111,0.000593102221,pass,pass,1
33739,1138320121,16|28|60|72,16|12|32|12,72,134884,67406,0.000533507217,0.001067014434,pass,pass,19
33749,1138995001,16|82|100|106,16|66|18|6,106,134890,67392,0.000785208451,0.001570416901,pass,pass,29
33751,1139130001,16|28|36|52,16|12|8|16,52,134952,67450,0.000385173773,0.000770347545,pass,pass,1
33757,1139535049,52|64|100|118,52|12|36|18,118,134910,67396,0.000873892822,0.001747785644,pass,pass,7
33767,1140210289,10|18|54|72,10|8|36|18,72,134996,67462,0.000533064827,0.001066129653,pass,pass,17
33769,1140345361,12|16|18|28,12|4|2|10,28,135048,67510,0.00020729071,0.000414581421,pass,pass,19
33773,1140615529,4|22|48|120,4|18|26|72,120,134972,67426,0.00088828354,0.00177656708,pass,pass,23
33791,1141831681,6|18|28|40,6|12|10|12,40,135124,67542,0.000295936788,0.000591873576,pass,pass,11
33797,1142237209,24|54|58|72,24|30|4|14,72,135116,67522,0.00053259165,0.0010651833,pass,pass,17
33809,1143048481,58|66|112|130,58|8|46|18,130,135106,67488,0.000961282499,0.001922564997,pass,pass,29
33811,1143183721,12|28|36|40,12|16|8|4,40,135204,67582,0.000295761734,0.000591523469,pass,pass,1
33827,1144265929,52|58|94|112,52|6|36|18,112,135196,67542,0.000827741154,0.001655482307,pass,pass,17
33829,1144401241,12|18|22|70,12|6|4|48,70,135246,67588,0.000517307635,0.001034615271,pass,pass,19
33851,1145890201,16|36|66|88,16|20|30|22,88,135316,67614,0.000649906945,0.00129981389,pass,pass,11
33857,1146296449,4|30|60|84,4|26|30|24,84,135344,67630,0.000620255782,0.001240511563,pass,pass,17
33863,1146702769,72|78|132|142,72|6|54|10,142,135310,67584,0.001048341848,0.002096683696,pass,pass,23
33871,1147244641,6|22|58|96,6|16|36|38,96,135388,67646,0.000708570754,0.001417141507,pass,pass,1
33889,1148464321,12|36|42|58,12|24|6|16,58,135498,67720,0.00042786745,0.000855734899,pass,pass,19
33893,1148735449,4|12|30|54,4|8|18|24,54,135518,67732,0.000398312336,0.000796624672,pass,pass,23
33911,1149955921,28|70|72|130,28|42|2|58,130,135514,67692,0.000958391083,0.001916782165,pass,pass,11
33923,1150769929,30|52|102|148,30|22|50|46,148,135544,67698,0.001090705421,0.002181410842,pass,pass,23
33931,1151312761,40|46|58|60,40|6|12|2,60,135664,67802,0.00044207362,0.00088414724,pass,pass,1
33937,1151719969,28|58|130|142,28|30|72|12,142,135606,67732,0.001046055927,0.002092111854,pass,pass,7
33941,1151991481,12|18|40|88,12|6|22|48,88,135676,67794,0.000648183613,0.001296367225,pass,pass,11
33961,1153349521,18|22|30|42,18|4|8|12,42,135802,67880,0.000309178175,0.00061835635,pass,pass,1
33967,1153757089,4|24|42|60,4|20|18|18,60,135808,67874,0.000441605087,0.000883210175,pass,pass,7
33997,1155796009,4|12|82|114,4|8|70|32,114,135874,67880,0.000838309263,0.001676618525,pass,pass,7
34019,1157292361,10|18|78|82,10|8|60|4,82,135994,67956,0.000602604427,0.001205208854,pass,pass,29
34031,1158108961,18|22|52|58,18|4|30|6,58,136066,68004,0.000426082102,0.000852164203,pass,pass,11
34033,1158245089,24|70|78|102,24|46|8|24,102,136030,67964,0.000749272765,0.001498545529,pass,pass,13
34039,1158653521,16|46|72|78,16|30|26|6,78,136078,68000,0.000572872294,0.001145744587,pass,pass,19
34057,1159879249,22|60|70|72,22|38|10|2,72,136156,68042,0.000528525707,0.001057051414,pass,pass,7
34061,1160151721,22|28|66|82,22|6|38|16,82,136162,68040,0.000601861366,0.001203722733,pass,pass,11
34123,1164379129,4|12|28|58,4|8|16|30,58,136434,68188,0.000424933329,0.000849866659,pass,pass,13
34127,1164652129,34|54|58|60,34|20|4|2,60,136448,68194,0.000439534679,0.000879069359,pass,pass,17
34129,1164788641,30|102|112|190,30|72|10|78,190,136326,68068,0.001391778253,0.002783556506,pass,pass,19
34141,1165607881,6|12|28|36,6|6|16|8,36,136528,68246,0.000263612665,0.00052722533,pass,pass,1
34147,1166017609,30|42|52|72,30|12|10|20,72,136516,68222,0.000527132691,0.001054265382,pass,pass,7
34157,1166700649,10|22|30|34,10|12|8|4,34,136594,68280,0.000248850894,0.000497701789,pass,pass,17
34159,1166837281,16|52|58|82,16|36|6|24,82,136554,68236,0.000600134664,0.001200269329,pass,pass,19
34171,1167657241,10|28|46|48,10|18|18|2,48,136636,68294,0.000351174973,0.000702349946,pass,pass,1
34183,1168477489,22|60|64|78,22|38|4|14,78,136654,68288,0.000570459,0.001140918,pass,pass,13
34211,1170392521,16|18|72|78,16|2|54|6,78,136766,68344,0.000569992108,0.001139984216,pass,pass,11
34213,1170529369,22|102|114|130,22|80|12|16,130,136722,68296,0.000949931313,0.001899862625,pass,pass,13
34217,1170803089,30|40|42|54,30|10|2|12,54,136814,68380,0.000394540725,0.000789081451,pass,pass,17
34231,1171761361,16|18|30|40,16|2|12|10,40,136884,68422,0.000292132862,0.000584265724,pass,pass,1
34253,1173268009,18|70|72|82,18|52|2|10,82,136930,68424,0.000598487724,0.001196975447,pass,pass,23
34259,1173679081,12|42|82|156,12|30|40|74,156,136880,68362,0.001138386993,0.002276773986,pass,pass,29
34261,1173816121,10|18|70|102,10|8|52|32,102,136942,68420,0.000744286507,0.001488573013,pass,pass,1
34267,1174227289,48|54|58|88,48|6|4|30,88,136980,68446,0.000642017101,0.001284034202,pass,pass,7
34273,1174638529,58|70|94|150,58|12|24|56,150,136942,68396,0.001094155749,0.002188311499,pass,pass,13
34283,1175324089,18|64|108|118,18|46|44|10,118,137014,68448,0.000860484788,0.001720969577,pass,pass,23
34297,1176284209,22|28|52|84,22|6|24|32,84,137104,68510,0.000612298452,0.001224596904,pass,pass,7
34301,1176558601,18|30|36|52,18|12|6|16,52,137152,68550,0.000378997697,0.000757995394,pass,pass,11
34303,1176695809,4|18|28|34,4|14|10|6,34,137178,68572,0.000247791738,0.000495583477,pass,pass,13
34313,1177381969,12|30|58|84,12|18|28|26,84,137168,68542,0.00061201294,0.001224025879,pass,pass,23
34319,1177793761,22|28|40|42,22|6|12|2,42,137234,68596,0.000305952971,0.000611905941,pass,pass,29
34327,1178342929,10|58|88|100,10|48|30|12,100,137208,68554,0.000728289685,0.001456579369,pass,pass,7
34337,1179029569,40|54|64|72,40|14|10|8,72,137276,68602,0.00052421586,0.001048431721,pass,pass,17
34351,1179991201,6|28|46|70,6|22|18|24,70,137334,68632,0.000509446595,0.001018893191,pass,pass,1
34361,1180678321,28|36|60|72,28|8|24|12,72,137372,68650,0.000523849713,0.001047699427,pass,pass,11
34367,1181090689,4|48|64|78,4|44|16|14,78,137390,68656,0.000567404778,0.001134809556,pass,pass,17
34369,1181228161,10|12|22|36,10|2|10|14,36,137440,68702,0.000261863889,0.000523727778,pass,pass,19
34381,1182053161,6|18|22|28,6|12|4|6,28,137496,68734,0.000203600826,0.000407201652,pass,pass,1
34403,1183566409,4|54|72|84,4|50|18|12,84,137528,68722,0.000610411883,0.001220823765,pass,pass,23
34421,1184805241,36|48|58|72,36|12|10|14,72,137612,68770,0.000522936579,0.001045873159,pass,pass,11
34429,1185356041,30|72|90|112,30|42|18|22,112,137604,68746,0.000813267885,0.001626535769,pass,pass,19
34439,1186044721,16|60|82|108,16|44|22|26,108,137648,68770,0.00078399489,0.001567989779,pass,pass,29
34457,1187284849,18|28|34|100,18|10|6|66,100,137728,68814,0.00072554198,0.00145108396,pass,pass,17
34469,1188111961,46|58|82|142,46|12|24|60,142,137734,68796,0.001029910934,0.002059821869,pass,pass,29
34471,1188249841,6|22|42|78,6|16|20|36,78,137806,68864,0.000565692901,0.001131385803,pass,pass,1
34483,1189077289,4|12|22|60,4|8|10|38,60,137872,68906,0.000434996955,0.00086999391,pass,pass,13
34487,1189353169,30|60|70|112,30|30|10|42,112,137836,68862,0.000811900136,0.001623800273,pass,pass,17
34499,1190181001,28|36|52|58,28|8|16|6,58,137938,68940,0.000420302038,0.000840604075,pass,pass,29
34501,1190319001,28|78|88|100,28|50|10|12,100,137904,68902,0.000724616678,0.001449233356,pass,pass,1
34511,1191009121,18|22|30|52,18|4|8|22,52,137992,68970,0.00037669149,0.000753382979,pass,pass,11
34513,1191147169,4|18|28|60,4|14|10|32,60,137992,68966,0.000434618839,0.000869237679,pass,pass,13
34519,1191561361,18|28|48|58,18|10|20|10,58,138018,68980,0.000420058518,0.000840117037,pass,pass,19
34537,1192804369,130|142|198|204,130|12|56|6,204,137944,68870,0.001476677187,0.002953354374,pass,pass,7
34543,1193218849,4|40|54|82,4|36|14|28,82,138090,69004,0.00059346322,0.00118692644,pass,pass,13
34549,1193633401,10|90|100|108,10|80|10|8,108,138088,68990,0.000781498741,0.001562997482,pass,pass,19
34583,1195983889,22|52|90|102,22|30|38|12,102,138230,69064,0.000737356505,0.001474713009,pass,pass,23
34589,1196398921,18|28|40|76,18|10|12|36,76,138280,69102,0.000549307583,0.001098615167,pass,pass,29
34591,1196537281,10|30|70|90,10|20|40|20,90,138274,69092,0.000650458212,0.001300916423,pass,pass,1
34603,1197367609,12|18|54|130,12|6|36|76,130,138282,69076,0.000939224923,0.001878449845,pass,pass,13
34607,1197644449,40|42|52|58,40|2|10|6,58,138370,69156,0.000418990378,0.000837980755,pass,pass,17
34613,1198059769,12|40|48|142,12|28|8|94,142,138310,69084,0.00102562621,0.00205125242,pass,pass,23
34631,1199306161,72|82|100|106,72|10|18|6,106,138418,69156,0.000765210361,0.001530420721,pass,pass,11
34649,1200553201,16|30|52|100,16|14|22|48,100,138496,69198,0.000721521545,0.001443043089,pass,pass,29
34651,1200691801,22|36|58|66,22|14|22|8,66,138538,69236,0.000476176734,0.000952353467,pass,pass,1
34667,1201800889,4|72|100|130,4|68|28|30,130,138538,69204,0.000937490986,0.001874981971,pass,pass,17
34673,1202216929,12|18|28|42,12|6|10|14,42,138650,69304,0.000302829291,0.000605658582,pass,pass,23
34679,1202633041,10|58|70|88,10|48|12|18,88,138628,69270,0.000634389688,0.001268779377,pass,pass,29
34687,1203187969,18|102|124|142,18|84|22|18,142,138606,69232,0.001023438176,0.002046876351,pass,pass,7
34693,1203604249,28|42|60|70,28|14|18|10,70,138702,69316,0.000504424524,0.001008849047,pass,pass,13
34703,1204298209,4|22|48|210,4|18|26|162,210,138602,69196,0.001512837507,0.003025675014,pass,pass,23
34721,1205547841,28|66|78|82,28|38|12|4,82,138802,69360,0.000590420783,0.001180841566,pass,pass,11
34729,1206103441,28|36|58|70,28|8|22|12,70,138846,69388,0.000503901638,0.001007803277,pass,pass,19
34739,1206798121,16|36|88|100,16|20|52|12,100,138856,69378,0.000719652264,0.001439304528,pass,pass,29
34747,1207354009,64|70|112|114,64|6|42|2,114,138874,69380,0.000820214695,0.00164042939,pass,pass,7
34757,1208049049,48|54|102|114,48|6|48|12,114,138914,69400,0.000819978709,0.001639957419,pass,pass,17
34759,1208188081,28|46|48|52,28|18|2|4,52,138984,69466,0.000374003855,0.00074800771,pass,pass,19
34763,1208466169,18|22|58|78,18|4|36|20,78,138974,69448,0.000560941231,0.001121882461,pass,pass,23
34781,1209717961,48|58|60|72,48|10|2|12,72,139052,69490,0.000517523935,0.001035047871,pass,pass,11
34807,1211527249,10|64|100|102,10|54|36|2,102,139126,69512,0.000732611256,0.001465222513,pass,pass,7
34819,1212362761,10|18|112|136,10|8|94|24,136,139140,69502,0.00097647836,0.001952956719,pass,pass,19
34841,1213895281,46|78|82|96,46|32|4|14,96,139268,69586,0.000688843604,0.001377687208,pass,pass,11
34843,1214034649,34|114|130|220,34|80|16|90,220,139152,69466,0.001578509313,0.003157018626,pass,pass,13
34847,1214313409,40|58|64|102,40|18|6|38,102,139286,69592,0.00073177031,0.00146354062,pass,pass,17
34849,1214452801,60|78|148|156,60|18|70|8,156,139240,69542,0.001119113891,0.002238227783,pass,pass,19
34871,1215986641,6|22|36|88,6|16|14|52,88,139396,69654,0.000630896734,0.001261793467,pass,pass,11
34877,1216405129,4|18|64|90,4|14|46|26,90,139418,69664,0.000645124294,0.001290248588,pass,pass,17
34883,1216823689,4|22|48|58,4|18|26|10,58,139474,69708,0.000415675257,0.000831350515,pass,pass,23
34897,1217800609,60|70|84|172,60|10|14|88,172,139416,69622,0.00123219761,0.00246439522,pass,pass,7
34913,1218917569,24|42|58|72,24|18|16|14,72,139580,69754,0.000515567267,0.001031134534,pass,pass,23
34919,1219336561,46|70|72|102,46|24|2|30,102,139574,69736,0.000730261462,0.001460522924,pass,pass,29
34939,1220733721,6|12|28|36,6|6|16|8,36,139720,69842,0.000257591803,0.000515183606,pass,pass,19
34949,1221432601,30|36|48|58,30|6|12|10,58,139738,69840,0.000414890269,0.000829780537,pass,pass,29
34961,1222271521,16|28|66|70,16|12|38|4,70,139774,69852,0.000500557764,0.001001115529,pass,pass,11
34963,1222411369,12|28|34|54,12|16|6|20,54,139798,69872,0.000386122472,0.000772244945,pass,pass,13
34981,1223670361,6|90|102|106,6|84|12|4,106,139818,69856,0.000757554101,0.001515108202,pass,pass,1
35023,1226610529,18|60|72|82,18|42|12|10,82,140010,69964,0.000585329641,0.001170659281,pass,pass,13
35027,1226890729,18|64|102|108,18|46|38|6,108,140000,69946,0.000770833928,0.001541667856,pass,pass,17
35051,1228572601,40|46|48|58,40|6|2|10,58,140146,70044,0.000413682919,0.000827365838,pass,pass,11
35053,1228712809,58|64|112|162,58|6|48|50,162,140050,69944,0.001155393262,0.002310786523,pass,pass,13
35059,1229133481,28|36|102|142,28|8|66|40,142,140094,69976,0.001012578796,0.002025157591,pass,pass,19
35069,1229834761,16|22|28|58,16|6|6|30,58,140218,70080,0.000413470587,0.000826941173,pass,pass,29
35081,1230676561,30|60|76|108,30|30|16|32,108,140216,70054,0.000769647387,0.001539294775,pass,pass,11
35083,1230816889,4|22|42|54,4|18|20|12,54,140278,70112,0.000384801756,0.000769603512,pass,pass,13
35089,1231237921,6|12|30|36,6|6|18|6,36,140320,70142,0.000256490638,0.000512981276,pass,pass,19
35099,1231939801,10|16|28|46,10|6|12|18,46,140350,70152,0.000327644662,0.000655289324,pass,pass,29
35107,1232501449,4|12|22|100,4|8|10|78,100,140328,70114,0.000712108696,0.001424217393,pass,pass,7
35111,1232782321,12|28|40|60,12|16|12|20,60,140384,70162,0.000427216542,0.000854433084,pass,pass,11
35117,1233203689,22|28|42|64,22|6|14|22,64,140404,70170,0.000455619785,0.000911239571,pass,pass,17
35129,1234046641,10|22|48|78,10|12|26|30,78,140438,70180,0.000555096928,0.001110193857,pass,pass,29
35141,1234889881,18|40|46|78,18|22|6|32,78,140486,70204,0.000554907373,0.001109814746,pass,pass,11
35149,1235452201,16|40|46|48,16|24|6|2,48,140548,70250,0.000341403738,0.000682807477,pass,pass,19
35153,1235733409,18|22|58|60,18|4|36|2,60,140552,70246,0.000426706113,0.000853412227,pass,pass,23
35159,1236155281,18|72|78|100,18|54|6|22,100,140536,70218,0.000711055491,0.001422110982,pass,pass,29
35171,1236999241,18|48|58|66,18|30|10|8,66,140618,70276,0.000469136505,0.000938273009,pass,pass,11
35201,1239110401,36|72|118|138,36|36|46|20,138,140666,70264,0.000980085793,0.001960171586,pass,pass,11
35221,1240518841,48|100|148|150,48|52|48|2,150,140734,70292,0.001064705715,0.002129411431,pass,pass,1
35227,1240941529,10|24|48|64,10|14|24|16,64,140844,70390,0.000454197065,0.00090839413,pass,pass,7
35251,1242633001,10|16|18|58,10|6|2|40,58,140946,70444,0.000411335849,0.000822671697,pass,pass,1
35257,1243056049,48|54|70|78,48|6|16|8,78,140950,70436,0.000553081658,0.001106163315,pass,pass,7
35267,1243761289,18|30|42|58,18|12|12|16,58,141010,70476,0.000411149233,0.000822298466,pass,pass,17
35279,1244607841,16|42|70|130,16|26|28|60,130,140986,70428,0.000921227926,0.001842455852,pass,pass,29
35281,1244748961,16|42|46|96,16|26|4|50,96,141028,70466,0.000680252827,0.001360505655,pass,pass,1
35291,1245454681,60|66|72|108,60|6|6|36,108,141056,70474,0.000765067581,0.001530135162,pass,pass,11
35311,1246866721,42|46|66|72,42|4|20|6,72,141172,70550,0.000509756167,0.001019512333,pass,pass,1
35317,1247290489,12|30|34|42,12|18|4|8,42,141226,70592,0.000297307246,0.000594614492,pass,pass,7
35323,1247714329,10|12|88|112,10|2|76|24,112,141180,70534,0.000792684653,0.001585369306,pass,pass,13
35327,1247996929,12|28|70|72,12|16|42|2,72,141236,70582,0.000509525292,0.001019050585,pass,pass,17
35339,1248844921,42|46|48|90,42|4|2|42,90,141266,70588,0.000636690342,0.001273380684,pass,pass,29
35353,1249834609,4|18|24|28,4|14|6|4,28,141384,70678,0.000198002998,0.000396005997,pass,pass,13
35363,1250541769,52|64|70|72,52|12|6|2,72,141380,70654,0.000509006589,0.001018013178,pass,pass,23
35381,1251815161,46|76|102|126,46|30|26|24,126,141398,70636,0.000890308358,0.001780616715,pass,pass,11
35393,1252664449,4|28|58|72,4|24|30|14,72,141500,70714,0.000508575142,0.001017150284,pass,pass,23
35401,1253230801,6|16|42|72,6|10|26|30,72,141532,70730,0.000508460213,0.001016920426,pass,pass,1
35407,1253655649,24|30|58|60,24|6|28|2,60,141568,70754,0.000423645042,0.000847290084,pass,pass,7
35419,1254505561,18|28|30|60,18|10|2|30,60,141616,70778,0.00042350151,0.000847003021,pass,pass,19
35423,1254788929,18|34|52|58,18|16|18|6,58,141634,70788,0.000409338565,0.000818677131,pass,pass,23
35437,1255780969,48|58|60|172,48|10|2|112,172,141576,70702,0.001213421001,0.002426842001,pass,pass,7
35447,1256489809,24|40|100|120,24|16|60|20,120,141668,70774,0.000846333963,0.001692667927,pass,pass,17
35449,1256631601,106|142|162|166,106|36|20|4,166,141630,70732,0.001170695929,0.002341391859,pass,pass,19
35461,1257482521,10|36|60|100,10|26|24|40,100,141744,70822,0.000704999859,0.001409999718,pass,pass,1
35491,1259611081,22|28|36|70,22|6|8|34,70,141894,70912,0.000493082753,0.000986165507,pass,pass,1
35507,1260747049,4|18|30|78,4|14|12|48,78,141950,70936,0.000549187484,0.001098374968,pass,pass,17
35509,1260889081,30|36|58|88,30|6|22|30,88,141948,70930,0.000619561238,0.001239122476,pass,pass,19
35521,1261741441,16|48|60|88,16|32|12|28,88,141996,70954,0.000619351933,0.001238703865,pass,pass,1
35527,1262167729,12|18|58|64,12|6|40|6,64,142044,70990,0.000450361697,0.000900723393,pass,pass,7
35531,1262451961,42|82|88|96,42|40|6|8,96,142028,70966,0.000675466494,0.001350932988,pass,pass,11
35533,1262594089,4|12|28|30,4|8|16|2,30,142102,71036,0.000211071398,0.000422142797,pass,pass,13
35537,1262878369,12|60|90|120,12|48|30|30,120,142028,70954,0.000844190562,0.001688381124,pass,pass,17
35543,1263304849,34|60|72|94,34|26|12|22,94,142078,70992,0.000661170976,0.001322341952,pass,pass,23
35569,1265153761,6|16|58|76,6|10|42|18,76,142200,71062,0.000534173016,0.001068346032,pass,pass,19
35573,1265438329,12|52|78|82,12|40|26|4,82,142210,71064,0.000576279763,0.001152559525,pass,pass,23
35591,1266719281,10|42|58|66,10|32|16|8,66,142298,71116,0.000463600348,0.000927200697,pass,pass,11
35593,1266861649,18|30|34|42,18|12|4|8,42,142330,71144,0.000295001826,0.000590003652,pass,pass,13
35597,1267146409,100|114|132|144,100|14|18|12,144,142244,71050,0.001011321179,0.002022642358,pass,pass,17
35603,1267573609,4|12|40|52,4|8|28|12,52,142360,71154,0.000365137769,0.000730275539,pass,pass,23
35617,1268570689,22|28|40|112,22|6|12|72,112,142356,71122,0.000786141449,0.001572282899,pass,pass,7
35671,1272420241,10|22|30|52,10|12|8|22,52,142632,71290,0.000364441703,0.000728883407,pass,pass,1
35677,1272848329,12|18|22|60,12|6|4|38,60,142648,71294,0.000420438938,0.000840877877,pass,pass,7
35729,1276561441,30|42|46|88,30|12|4|42,88,142828,71370,0.000615746313,0.001231492625,pass,pass,29
35731,1276704361,6|18|22|28,6|12|4|6,28,142896,71434,0.000195908315,0.00039181663,pass,pass,1
35747,1277848009,22|28|34|40,22|6|6|6,40,142948,71454,0.000279743755,0.000559487509,pass,pass,17
35753,1278277009,10|18|22|28,10|8|4|6,28,142984,71478,0.000195787766,0.000391575532,pass,pass,23
35759,1278706081,22|42|120|126,22|20|78|6,126,142910,71392,0.000880897117,0.001761794234,pass,pass,29
35771,1279564441,12|16|58|70,12|4|42|12,70,143014,71472,0.000489223114,0.000978446227,pass,pass,11
35797,1281425209,4|42|54|64,4|38|12|10,64,143124,71530,0.000446964829,0.000893929659,pass,pass,7
35801,1281711601,10|22|42|58,10|12|20|16,58,143146,71544,0.00040501662,0.000810033239,pass,pass,11
35803,1281854809,22|34|54|72,22|12|20|18,72,143140,71534,0.000502751166,0.001005502332,pass,pass,13
35809,1282284481,48|66|150|162,48|18|84|12,162,143074,71456,0.001131000586,0.002262001173,pass,pass,19
35831,1283860561,16|76|88|90,16|60|12|2,90,143234,71572,0.000627947866,0.001255895733,pass,pass,11
35837,1284290569,22|34|58|90,22|12|24|32,90,143258,71584,0.000627842732,0.001255685465,pass,pass,17
35839,1284433921,12|36|40|46,12|24|4|6,46,143310,71632,0.000320879489,0.000641758978,pass,pass,19
35851,1285294201,22|36|46|60,22|14|10|14,60,143344,71642,0.000418398371,0.000836796742,pass,pass,1
35863,1286154769,28|40|58|60,28|12|18|2,60,143392,71666,0.000418258372,0.000836516744,pass,pass,13
35869,1286585161,28|36|102|108,28|8|66|6,108,143368,71630,0.000752739134,0.001505478268,pass,pass,19
35879,1287302641,6|16|28|60,6|10|12|32,60,143456,71698,0.000418071853,0.000836143705,pass,pass,29
35897,1288594609,52|60|64|84,52|8|4|20,84,143504,71710,0.000585007104,0.001170014207,pass,pass,17
35899,1288738201,22|48|58|66,22|26|10|8,66,143530,71732,0.000459622831,0.000919245661,pass,pass,19
35911,1289599921,52|88|126|148,52|36|38|22,148,143496,71674,0.00103032497,0.00206064994,pass,pass,1
35923,1290461929,12|70|84|100,12|58|14|16,100,143592,71746,0.000695932968,0.001391865935,pass,pass,13
35933,1291180489,34|78|84|88,34|44|6|4,88,143644,71778,0.000612250577,0.001224501155,pass,pass,23
35951,1292474401,28|30|40|58,28|2|10|18,58,143746,71844,0.00040332675,0.000806653501,pass,pass,11
35963,1293337369,42|58|90|108,42|16|32|18,108,143744,71818,0.000750771626,0.001501543253,pass,pass,23
35969,1293768961,16|36|52|70,16|20|16|18,70,143806,71868,0.000486530068,0.000973060135,pass,pass,29
35977,1294344529,18|22|70|102,18|4|48|32,102,143806,71852,0.000708786169,0.001417572338,pass,pass,7
35983,1294776289,24|58|94|112,24|34|36|18,112,143820,71854,0.000778145235,0.00155629047,pass,pass,13
35993,1295496049,4|30|102|108,4|26|72|6,108,143864,71878,0.000750145862,0.001500291723,pass,pass,23
35999,1295928001,18|42|90|106,18|24|48|16,106,143890,71892,0.000736131559,0.001472263118,pass,pass,29
36007,1296504049,58|100|144|150,58|42|44|6,150,143878,71864,0.00104146416,0.002082928319,pass,pass,7
36011,1296792121,16|18|28|58,16|2|10|30,58,143986,71964,0.000402654744,0.000805309489,pass,pass,11
36013,1296936169,22|58|60|102,22|36|2|42,102,143950,71924,0.000708077639,0.001416155277,pass,pass,13
36017,1297224289,18|48|72|88,18|30|24|16,88,143980,71946,0.000610822667,0.001221645334,pass,pass,17
36037,1298665369,18|28|52|58,18|10|24|6,58,144090,72016,0.000402364237,0.000804728474,pass,pass,7
36061,1300395721,6|10|16|42,6|4|6|26,42,144202,72080,0.00029117329,0.000582346579,pass,pass,1
36067,1300828489,4|22|24|42,4|18|2|18,42,144226,72092,0.000291124851,0.000582249702,pass,pass,7
36073,1301261329,60|198|208|214,60|138|10|6,214,144078,71932,0.001483103706,0.002966207413,pass,pass,13
36083,1301982889,18|28|54|58,18|10|26|4,58,144274,72108,0.000401851287,0.000803702575,pass,pass,23
36097,1302993409,22|42|60|64,22|20|18|4,64,144324,72130,0.000443250132,0.000886500263,pass,pass,7
36107,1303715449,4|22|24|70,4|18|2|46,70,144358,72144,0.000484670562,0.000969341125,pass,pass,17
36109,1303859881,10|48|106|112,10|38|58|6,112,144324,72106,0.000775429948,0.001550859896,pass,pass,19
36131,1305449161,52|70|90|102,52|18|20|12,102,144422,72160,0.000705765132,0.001411530265,pass,pass,11
36137,1305882769,24|48|52|118,24|24|4|66,118,144430,72156,0.000816337825,0.001632675651,pass,pass,17
36151,1306894801,16|76|132|168,16|60|56|36,168,144436,72134,0.001161793588,0.002323587176,pass,pass,1
36161,1307617921,10|36|42|46,10|26|6|4,46,144598,72276,0.000318022179,0.000636044357,pass,pass,11
36187,1309498969,30|52|78|84,30|22|26|6,84,144664,72290,0.000580318899,0.001160637798,pass,pass,7
36191,1309788481,70|78|82|88,70|8|4|6,88,144676,72294,0.000607885938,0.001215771877,pass,pass,11
36209,1311091681,28|40|82|132,28|12|42|50,132,144704,72286,0.000911375625,0.00182275125,pass,pass,29
36217,1311671089,4|18|58|84,4|14|40|26,84,144784,72350,0.000579838198,0.001159676395,pass,pass,7
36229,1312540441,10|16|46|72,10|6|30|26,72,144844,72386,0.000496839548,0.000993679097,pass,pass,19
36241,1313410081,16|48|102|118,16|32|54|16,118,144846,72364,0.000813995199,0.001627990398,pass,pass,1
36251,1314135001,22|72|76|90,22|50|4|14,90,144914,72412,0.000620672533,0.001241345066,pass,pass,11
36263,1315005169,10|24|48|52,10|14|24|4,52,145000,72474,0.000358492127,0.000716984254,pass,pass,23
36269,1315440361,6|28|46|48,6|22|18|2,48,145028,72490,0.000330861066,0.000661722132,pass,pass,29
36277,1316020729,34|58|88|90,34|24|30|2,90,145018,72464,0.000620227692,0.001240455385,pass,pass,7
36293,1317181849,34|70|120|190,34|36|50|70,190,144982,72396,0.001308792329,0.002617584658,pass,pass,23
36299,1317617401,22|36|48|66,22|14|12|18,66,145130,72532,0.000454557977,0.000909115954,pass,pass,29
36307,1318198249,30|40|42|70,30|10|2|28,70,145158,72544,0.000482000716,0.000964001432,pass,pass,7
36313,1318633969,24|34|58|72,24|10|24|14,72,145180,72554,0.000495690249,0.000991380497,pass,pass,13
36319,1319069761,6|10|18|28,6|4|8|10,28,145248,72610,0.000192736584,0.000385473168,pass,pass,19
36341,1320668281,6|28|30|36,6|22|2|6,36,145328,72646,0.000247654165,0.000495308329,pass,pass,11
36343,1320813649,12|24|28|78,12|12|4|50,78,145294,72608,0.000536554495,0.001073108989,pass,pass,13
36353,1321540609,48|58|100|114,48|10|42|14,114,145298,72592,0.000783979314,0.001567958628,pass,pass,23
36373,1322995129,30|52|82|88,30|22|30|6,88,145404,72658,0.000604844253,0.001209688505,pass,pass,13
36383,1323722689,24|48|58|70,24|24|10|12,70,145462,72696,0.000480993871,0.000961987742,pass,pass,23
36389,1324159321,28|52|78|88,28|24|26|10,88,145468,72690,0.000604578307,0.001209156613,pass,pass,29
36433,1327363489,40|82|100|102,40|42|18|2,102,145630,72764,0.000699914912,0.001399829825,pass,pass,13
36451,1328675401,36|48|100|118,36|12|52|18,118,145686,72784,0.000809305643,0.001618611286,pass,pass,1
36457,1329112849,28|64|102|114,28|36|38|12,114,145714,72800,0.000781742875,0.00156348575,pass,pass,7
36467,1329842089,58|90|114|118,58|32|24|4,118,145750,72816,0.000808950558,0.001617901116,pass,pass,17
36469,1329987961,22|42|66|96,22|20|24|30,96,145780,72842,0.000658093175,0.00131618635,pass,pass,19
36473,1330279729,34|42|70|88,34|8|28|18,88,145804,72858,0.000603185918,0.001206371837,pass,pass,23
36479,1330717441,16|30|72|106,16|14|42|34,106,145810,72852,0.000726445352,0.001452890704,pass,pass,29
36493,1331739049,4|12|72|124,4|8|60|52,124,145848,72862,0.000849477982,0.001698955964,pass,pass,13
36497,1332031009,4|12|22|28,4|8|10|6,28,145960,72966,0.000191796586,0.000383593172,pass,pass,17
36523,1333929529,34|48|60|64,34|14|12|4,64,146028,72982,0.000438080114,0.000876160228,pass,pass,13
36527,1334221729,18|22|24|64,18|4|2|40,64,146044,72990,0.000438032141,0.000876064281,pass,pass,17
36529,1334367841,6|28|30|42,6|22|2|12,42,146074,73016,0.000287442854,0.000574885707,pass,pass,19
36541,1335244681,12|16|30|36,12|4|14|6,36,146128,73046,0.000246298678,0.000492597356,pass,pass,1
36551,1335975601,6|46|52|72,6|40|6|20,72,146132,73030,0.000492462587,0.000984925173,pass,pass,11
36559,1336560481,60|142|196|198,60|82|54|2,198,146038,72920,0.001353975765,0.00270795153,pass,pass,19
36563,1336852969,28|40|48|64,28|12|8|16,64,146188,73062,0.000437600853,0.000875201707,pass,pass,23
36571,1337438041,10|58|66|78,10|48|8|12,78,146206,73064,0.000533209374,0.001066418747,pass,pass,1
36583,1338315889,4|10|18|30,4|6|8|12,30,146302,73136,0.000205013258,0.000410026515,pass,pass,13
36587,1338608569,4|12|18|28,4|8|6|10,28,146320,73146,0.000191324787,0.000382649575,pass,pass,17
36599,1339486801,6|22|48|72,6|16|26|24,72,146324,73126,0.000491816716,0.000983633433,pass,pass,29
36607,1340072449,4|22|102|114,4|18|80|12,114,146314,73100,0.000778539624,0.001557079247,pass,pass,7
36629,1341683641,6|46|78|82,6|40|32|4,82,146434,73176,0.000559665839,0.001119331677,pass,pass,29
36637,1342269769,10|22|40|52,10|12|18|12,52,146496,73222,0.000354832546,0.000709665093,pass,pass,7
36643,1342709449,48|58|82|100,48|10|24|18,100,146472,73186,0.000682258549,0.001364517097,pass,pass,13
36653,1343442409,18|22|30|52,18|4|8|22,52,146560,73254,0.000354677653,0.000709355305,pass,pass,23
36671,1344762241,6|42|78|88,6|36|36|10,88,146596,73254,0.000599929099,0.001199858199,pass,pass,11
36677,1345202329,30|58|64|78,30|28|6|14,78,146630,73276,0.000531668348,0.001063336696,pass,pass,17
36683,1345642489,10|58|64|72,10|48|6|8,72,146660,73294,0.000490690511,0.000981381021,pass,pass,23
36691,1346229481,18|126|132|178,18|108|6|46,178,146586,73204,0.001212831485,0.002425662969,pass,pass,1
36697,1346669809,18|24|60|64,18|6|36|4,64,146724,73330,0.000436002943,0.000872005886,pass,pass,7
36709,1347550681,28|36|58|60,28|8|22|2,60,146776,73358,0.00040861914,0.000817238279,pass,pass,19
36713,1347844369,42|60|88|100,42|18|28|12,100,146752,73326,0.000680957699,0.001361915398,pass,pass,23
36721,1348431841,12|30|72|100,12|18|42|28,100,146784,73342,0.000680809346,0.001361618692,pass,pass,1
36739,1349754121,18|36|72|102,18|18|36|30,102,146854,73376,0.000694085304,0.001388170609,pass,pass,19
36749,1350489001,16|72|96|112,16|56|24|16,112,146884,73386,0.000761925495,0.001523850989,pass,pass,29
36761,1351371121,48|90|132|150,48|42|42|18,150,146894,73372,0.001020102826,0.002040205653,pass,pass,11
36767,1351812289,24|28|58|60,24|4|30|2,60,147008,73474,0.000407974542,0.000815949085,pass,pass,17
36779,1352694841,10|12|18|58,10|2|6|40,58,147058,73500,0.000394246717,0.000788493434,pass,pass,29
36781,1352841961,18|78|100|120,18|60|22|20,120,147004,73442,0.000815638509,0.001631277018,pass,pass,1
36787,1353283369,18|72|88|100,18|54|16|12,100,147048,73474,0.000679587898,0.001359175796,pass,pass,7
36791,1353577681,22|30|40|66,22|8|10|26,66,147098,73516,0.000448479248,0.000896958495,pass,pass,11
36793,1353724849,12|24|78|100,12|12|54|22,100,147072,73486,0.000679477074,0.001358954149,pass,pass,13
36809,1354902481,70|88|102|108,70|18|14|6,108,147128,73510,0.00073351626,0.001467032519,pass,pass,29
36821,1355786041,22|60|78|96,22|38|18|18,96,147188,73546,0.000651801961,0.001303603922,pass,pass,11
36833,1356669889,4|18|22|24,4|14|4|2,24,147308,73642,0.000162897402,0.000325794804,pass,pass,23
36847,1357701409,54|64|94|100,54|10|30|6,100,147288,73594,0.000678481287,0.001356962575,pass,pass,7
36857,1358438449,4|34|90|114,4|30|56|24,114,147314,73600,0.000773258811,0.001546517622,pass,pass,17
36871,1359470641,16|18|36|58,16|2|18|22,58,147426,73684,0.000393262998,0.000786525996,pass,pass,1
36877,1359913129,22|64|108|130,22|42|44|22,130,147378,73624,0.000881308132,0.001762616265,pass,pass,7
36887,1360650769,4|58|78|102,4|54|20|24,102,147446,73672,0.000691300458,0.001382600916,pass,pass,17
36899,1361536201,46|60|70|138,46|14|10|68,138,147458,73660,0.000934984688,0.001869969376,pass,pass,29
36901,1361683801,46|102|112|156,46|56|10|44,156,147448,73646,0.001056881927,0.002113763855,pass,pass,1
36913,1362569569,12|54|78|124,12|42|24|46,124,147528,73702,0.000839812532,0.001679625064,pass,pass,13
36919,1363012561,16|22|42|180,16|6|20|138,180,147496,73658,0.001218884585,0.00243776917,pass,pass,19
36923,1363307929,12|18|54|112,12|6|36|58,112,147580,73734,0.000758334913,0.001516669826,pass,pass,23
36929,1363751041,16|48|52|58,16|32|4|6,58,147658,73800,0.000392645346,0.000785290693,pass,pass,29
36931,1363898761,18|60|82|96,18|42|22|14,96,147628,73766,0.000649860551,0.001299721102,pass,pass,1
36943,1364785249,22|34|42|88,22|12|8|46,88,147684,73798,0.000595512005,0.00119102401,pass,pass,13
36947,1365080809,24|54|60|108,24|30|6|48,108,147680,73786,0.000730776518,0.001461553035,pass,pass,17
36973,1367002729,4|10|22|28,4|6|12|6,28,147864,73918,0.000189327347,0.000378654694,pass,pass,13
36979,1367446441,6|12|48|60,6|6|36|12,60,147856,73898,0.000405635631,0.000811271262,pass,pass,19
36997,1368778009,18|58|70|78,18|40|12|8,78,147910,73916,0.000527069762,0.001054139525,pass,pass,7
37003,1369222009,12|58|64|70,12|46|6|6,70,147942,73936,0.000472934627,0.000945869254,pass,pass,13
37013,1369962169,24|42|60|78,24|18|18|18,78,147974,73948,0.00052684192,0.001053683841,pass,pass,23
37019,1370406361,30|76|88|106,30|46|12|18,106,147970,73932,0.000715848618,0.001431697237,pass,pass,29
37021,1370554441,16|18|28|58,16|2|10|30,58,148026,73984,0.000391669593,0.000783339186,pass,pass,1
37039,1371887521,6|16|28|46,6|10|12|18,46,148110,74032,0.000310483544,0.000620967089,pass,pass,19
37049,1372628401,6|22|40|42,6|16|18|2,42,148154,74056,0.000283408459,0.000566816918,pass,pass,29
37057,1373221249,52|54|58|72,52|2|4|14,72,148156,74042,0.000485738187,0.000971476374,pass,pass,7
37061,1373517721,6|66|78|102,6|60|12|24,102,148142,74020,0.000688054829,0.001376109657,pass,pass,11
37087,1375445569,10|58|82|88,10|48|24|6,88,148260,74086,0.000593199774,0.001186399547,pass,pass,7
37097,1376187409,10|34|70|72,10|24|36|2,72,148316,74122,0.000485214438,0.000970428876,pass,pass,17
37117,1377671689,30|34|58|64,30|4|24|6,64,148404,74170,0.000431069321,0.000862138643,pass,pass,7
37123,1378117129,34|58|72|88,34|24|14|16,88,148404,74158,0.000592624518,0.001185249037,pass,pass,13
37139,1379305321,52|72|108|118,52|20|36|10,118,148438,74160,0.000794313256,0.001588626511,pass,pass,29
37159,1380791281,18|30|48|78,18|12|18|30,78,148558,74240,0.000524771926,0.001049543852,pass,pass,19
37171,1381683241,12|16|22|42,12|4|6|20,42,148642,74300,0.000282478276,0.000564956552,pass,pass,1
37181,1382426761,18|22|36|48,18|4|14|12,48,148676,74314,0.000322745488,0.000645490977,pass,pass,11
37189,1383021721,12|28|30|46,12|16|2|16,46,148710,74332,0.000309231224,0.000618462449,pass,pass,19
37199,1383765601,12|18|66|78,12|6|48|12,78,148718,74320,0.00052420764,0.00104841528,pass,pass,29
37201,1383914401,46|48|72|106,46|2|24|34,106,148698,74296,0.000712346442,0.001424692885,pass,pass,1
37217,1385105089,34|58|70|82,34|24|12|12,82,148786,74352,0.000550823548,0.001101647097,pass,pass,17
37223,1385551729,22|28|42|52,22|6|14|10,52,148840,74394,0.000349246434,0.000698492867,pass,pass,23
37243,1387041049,34|78|130|150,34|44|52|20,150,148822,74336,0.001006900626,0.002013801251,pass,pass,13
37253,1387786009,18|22|24|54,18|4|2|30,54,148958,74452,0.000362386922,0.000724773844,pass,pass,23
37273,1389276529,42|58|60|102,42|16|2|42,102,148990,74444,0.000684141336,0.001368282671,pass,pass,13
37277,1389574729,4|28|64|72,4|24|36|8,72,149036,74482,0.000482871476,0.000965742951,pass,pass,17
37307,1391812249,18|24|42|78,18|6|18|36,78,149150,74536,0.000522690112,0.001045380224,pass,pass,17
37309,1391961481,10|42|78|82,10|32|36|4,82,149154,74536,0.000549465276,0.001098930553,pass,pass,19
37313,1392259969,18|58|72|148,18|40|14|76,148,149104,74478,0.000991611503,0.001983223005,pass,pass,23
37321,1392857041,36|52|142|148,36|16|90|6,148,149136,74494,0.000991398944,0.001982797889,pass,pass,1
37337,1394051569,10|42|70|84,10|32|28|14,84,149264,74590,0.00056244476,0.00112488952,pass,pass,17
37339,1394200921,28|40|46|120,28|12|6|74,120,149236,74558,0.000803449476,0.001606898953,pass,pass,19
37357,1395545449,12|64|70|82,12|52|6|12,82,149346,74632,0.000548759269,0.001097518537,pass,pass,7
37361,1395844321,16|22|42|70,16|6|20|28,70,149374,74652,0.00046840288,0.00093680576,pass,pass,11
37363,1395993769,4|30|48|58,4|26|18|10,58,149394,74668,0.000388084469,0.000776168937,pass,pass,13
37369,1396442161,28|58|130|132,28|30|72|2,132,149344,74606,0.00088308491,0.00176616982,pass,pass,19
37379,1397189641,58|82|96|136,58|24|14|40,136,149380,74622,0.000909601648,0.001819203296,pass,pass,29
37397,1398535609,60|78|84|94,60|18|6|10,94,149494,74700,0.000628392652,0.001256785304,pass,pass,17
37409,1399433281,10|30|36|46,10|20|6|10,46,149590,74772,0.000307412655,0.000614825309,pass,pass,29
37423,1400480929,30|58|70|72,30|28|12|2,72,149620,74774,0.000480987628,0.000961975256,pass,pass,13
37441,1401828481,6|40|42|72,6|34|2|30,72,149692,74810,0.00048075639,0.00096151278,pass,pass,1
37447,1402277809,4|10|22|58,4|6|12|36,58,149730,74836,0.000387213929,0.000774427858,pass,pass,7
37463,1403476369,10|18|28|52,10|8|10|24,52,149800,74874,0.000347009049,0.000694018098,pass,pass,23
37483,1404975289,28|34|48|54,28|6|14|6,54,149878,74912,0.000360163274,0.000720326548,pass,pass,13
37489,1405425121,36|46|58|88,36|10|12|30,88,149868,74890,0.000586838806,0.001173677612,pass,pass,19
37493,1405725049,22|24|28|54,22|2|4|26,54,149918,74932,0.000360067213,0.000720134425,pass,pass,23
37501,1406325001,6|30|46|58,6|24|16|12,58,149946,74944,0.000386656356,0.000773312712,pass,pass,1
37507,1406775049,4|30|42|54,4|26|12|12,54,149974,74960,0.000359932813,0.000719865625,pass,pass,7
37511,1407075121,18|60|100|118,18|42|40|18,118,149926,74904,0.000786435979,0.001572871958,pass,pass,11
37517,1407525289,52|60|120|144,52|8|60|24,144,149924,74890,0.000959564997,0.001919129994,pass,pass,17
37529,1408425841,18|30|40|58,18|12|10|18,58,150058,75000,0.000386367876,0.000772735751,pass,pass,29
37537,1409026369,48|58|70|78,48|10|12|8,78,150070,74996,0.000519487439,0.001038974878,pass,pass,7
37547,1409777209,60|64|70|102,60|4|6|32,102,150086,74992,0.0006791488,0.0013582976,pass,pass,17
37549,1409927401,10|36|46|58,10|26|10|12,58,150138,75040,0.000386162082,0.000772324163,pass,pass,19
37561,1410828721,58|70|82|102,58|12|12|20,102,150142,75020,0.000678895663,0.001357791326,pass,pass,1
37567,1411279489,48|64|72|190,48|16|8|118,190,150078,74944,0.001264407592,0.002528815184,pass,pass,7
37571,1411580041,22|28|58|60,22|6|30|2,60,150224,75082,0.000399244098,0.000798488196,pass,pass,11
37573,1411730329,22|58|84|94,22|36|26|10,94,150198,75052,0.000625449126,0.001250898251,pass,pass,13
37579,1412181241,6|22|42|78,6|16|20|36,78,150238,75080,0.000518906836,0.001037813673,pass,pass,19
37589,1412932921,72|88|108|186,72|16|20|78,186,150170,74992,0.001237064035,0.002474128069,pass,pass,29
37591,1413083281,148|180|186|192,148|32|6|6,192,150172,74990,0.001276901386,0.002553802772,pass,pass,1
37607,1414286449,10|28|30|52,10|18|2|22,52,150376,75162,0.000345680325,0.000691360651,pass,pass,17
37619,1415189161,16|46|58|66,16|30|12|8,66,150410,75172,0.00043860815,0.0008772163,pass,pass,29
37633,1416242689,12|24|54|70,12|12|30|16,70,150462,75196,0.000465017405,0.00093003481,pass,pass,13
37643,1416995449,70|102|114|132,70|32|12|18,132,150440,75154,0.000876657015,0.001753314029,pass,pass,23
37649,1417447201,16|18|22|48,16|2|4|26,48,150548,75250,0.000318733565,0.000637467131,pass,pass,29
37657,1418049649,4|24|48|84,4|20|24|36,84,150544,75230,0.000557665242,0.001115330483,pass,pass,7
37663,1418501569,34|84|88|150,34|50|4|62,150,150502,75176,0.000995672145,0.00199134429,pass,pass,13
37691,1420611481,60|66|90|112,60|6|24|22,112,150652,75270,0.000742882916,0.001485765833,pass,pass,11
37693,1420762249,12|60|82|88,12|48|22|6,88,150684,75298,0.000583662749,0.001167325498,pass,pass,13
37699,1421214601,16|30|78|100,16|14|48|22,100,150696,75298,0.000663147564,0.001326295127,pass,pass,19
37717,1422572089,4|12|52|70,4|8|40|18,70,150798,75364,0.000463981759,0.000927963518,pass,pass,7
37747,1424836009,10|48|72|112,10|38|24|40,112,150876,75382,0.000741780804,0.001483561608,pass,pass,7
37781,1427403961,16|40|46|78,16|24|6|32,78,151046,75484,0.000516132448,0.001032264895,pass,pass,11
37783,1427555089,28|30|48|108,28|2|18|60,108,151024,75458,0.000714607098,0.001429214197,pass,pass,13
37799,1428764401,18|22|42|96,18|4|20|54,96,151100,75502,0.000634937432,0.001269874864,pass,pass,29
37811,1429671721,52|60|78|90,52|8|18|12,90,151154,75532,0.000595064928,0.001190129856,pass,pass,11
37813,1429822969,18|24|40|64,18|6|16|24,64,151188,75562,0.000423134901,0.000846269801,pass,pass,13
37831,1431184561,46|60|88|108,46|14|28|20,108,151216,75554,0.000713700404,0.001427400809,pass,pass,1
37847,1432395409,4|30|34|100,4|26|4|66,100,151288,75594,0.000660554337,0.001321108674,pass,pass,17
37853,1432849609,10|34|48|88,10|24|14|40,88,151324,75618,0.000581195678,0.001162391356,pass,pass,23
37861,1433455321,18|42|58|96,18|24|16|38,96,151348,75626,0.000633897678,0.001267795357,pass,pass,1
37871,1434212641,16|30|66|70,16|14|36|4,70,151414,75672,0.000462095007,0.000924190013,pass,pass,11
37879,1434818641,6|12|78|142,6|6|66|64,142,151374,75616,0.000937194752,0.001874389503,pass,pass,19
37889,1435576321,46|72|76|78,46|26|4|2,78,151478,75700,0.000514661247,0.001029322495,pass,pass,29
37897,1436182609,28|72|78|142,28|44|6|64,142,151446,75652,0.000936749611,0.001873499222,pass,pass,7
37907,1436940649,28|48|82|84,28|20|34|2,84,151544,75730,0.00055398739,0.00110797478,pass,pass,17
37951,1440278401,28|42|58|78,28|14|16|20,78,151726,75824,0.000513820453,0.001027640905,pass,pass,1
37957,1440733849,10|58|102|148,10|48|44|46,148,151680,75766,0.000974787259,0.001949574519,pass,pass,7
37963,1441189369,12|34|48|102,12|22|14|54,102,151750,75824,0.000671706662,0.001343413323,pass,pass,13
37967,1441493089,4|18|28|64,4|14|10|36,64,151804,75870,0.0004214186,0.000842837201,pass,pass,17
37987,1443012169,48|54|60|70,48|6|6|10,70,151878,75904,0.000460683918,0.000921367836,pass,pass,7
37991,1443316081,16|22|60|88,16|6|38|28,88,151876,75894,0.00057908452,0.00115816904,pass,pass,11
37993,1443468049,34|52|58|90,34|18|6|32,90,151882,75896,0.000592214355,0.001184428711,pass,pass,13
37997,1443772009,52|60|72|84,52|8|12|12,84,151904,75910,0.000552675211,0.001105350422,pass,pass,17
38011,1444836121,36|40|60|106,36|4|20|46,106,151938,75916,0.00069716661,0.001394333219,pass,pass,1
38039,1446965521,30|126|148|162,30|96|22|14,162,151994,75916,0.001064696759,0.002129393517,pass,pass,29
38047,1447574209,12|30|78|130,12|18|48|52,130,152058,75964,0.000854206639,0.001708413278,pass,pass,7
38053,1448030809,10|12|64|108,10|2|52|44,108,152104,75998,0.000709536699,0.001419073398,pass,pass,13
38069,1449248761,16|22|42|48,16|6|20|6,48,152228,76090,0.000315217106,0.000630434212,pass,pass,29
38083,1450314889,18|30|34|64,18|12|4|30,64,152268,76102,0.000420134968,0.000840269937,pass,pass,13
38113,1452600769,12|22|64|90,12|10|42|26,90,152362,76136,0.000590349749,0.001180699499,pass,pass,13
38119,1453058161,42|48|76|88,42|6|28|12,88,152388,76150,0.000577140009,0.001154280018,pass,pass,19
38149,1455346201,18|40|60|78,18|22|20|18,78,152518,76220,0.000511153634,0.001022307269,pass,pass,19
38153,1455651409,10|64|78|130,10|54|14|52,130,152482,76176,0.000851833408,0.001703666815,pass,pass,23
38167,1456719889,42|48|100|154,42|6|52|54,154,152514,76180,0.001008724815,0.002017449629,pass,pass,7
38177,1457483329,4|12|24|30,4|8|12|6,30,152678,76324,0.000196453362,0.000392906724,pass,pass,17
38183,1457941489,30|70|72|88,30|40|2|16,88,152644,76278,0.000576172642,0.001152345285,pass,pass,23
38189,1458399721,6|10|30|48,6|4|20|18,48,152708,76330,0.00031422661,0.00062845322,pass,pass,29
38197,1459010809,12|28|48|54,12|16|20|6,54,152734,76340,0.000353430898,0.000706861795,pass,pass,7
38201,1459316401,22|36|48|58,22|14|12|10,58,152746,76344,0.000379571215,0.000759142431,pass,pass,11
38219,1460691961,10|58|72|82,10|48|14|10,82,152794,76356,0.000536382428,0.001072764855,pass,pass,29
38231,1461609361,16|18|36|72,16|2|18|36,72,152852,76390,0.000470822108,0.000941644215,pass,pass,11
38237,1462068169,28|30|48|58,28|2|18|10,58,152890,76416,0.00037921385,0.000758427701,pass,pass,17
38239,1462221121,6|72|118|138,6|66|46|20,138,152818,76340,0.000902220246,0.001804440493,pass,pass,19
38261,1463904121,12|30|36|42,12|18|6|6,42,153002,76480,0.000274430883,0.000548861765,pass,pass,11
38273,1464822529,78|112|162|172,78|34|50|10,172,152920,76374,0.001123507433,0.002247014867,pass,pass,23
38281,1465434961,6|12|16|30,6|6|4|14,30,153094,76532,0.000195919647,0.000391839294,pass,pass,1
38287,1465894369,18|24|60|112,18|6|36|52,112,153036,76462,0.000731318724,0.001462637449,pass,pass,7
38299,1466813401,6|28|36|40,6|22|8|4,40,153156,76558,0.000261103423,0.000522206846,pass,pass,19
38303,1467119809,12|70|88|108,12|58|18|20,108,153104,76498,0.000704905621,0.001409811242,pass,pass,23
38317,1468192489,10|88|112|148,10|78|24|36,148,153120,76486,0.000965628833,0.001931257666,pass,pass,7
38321,1468499041,10|18|36|100,10|8|18|64,100,153184,76542,0.00065238381,0.001304767621,pass,pass,11
38327,1468958929,28|70|84|88,28|42|14|4,88,153220,76566,0.00057400788,0.001148015759,pass,pass,17
38329,1469112241,22|60|72|148,22|38|12|76,148,153168,76510,0.000965326515,0.00193065303,pass,pass,19
38333,1469418889,24|72|94|100,24|48|22|6,100,153232,76566,0.000652179584,0.001304359168,pass,pass,23
38351,1470799201,28|60|78|82,28|32|18|4,82,153322,76620,0.000534536257,0.001069072514,pass,pass,11
38371,1472333641,36|48|58|102,36|12|10|44,102,153382,76640,0.000664564385,0.001329128769,pass,pass,1
38377,1472794129,22|42|52|78,22|20|10|26,78,153430,76676,0.000508116841,0.001016233682,pass,pass,7
38393,1474022449,18|30|60|64,18|12|30|4,64,153508,76722,0.000416742635,0.000833485271,pass,pass,23
38431,1476941761,18|36|52|72,18|18|16|20,72,153652,76790,0.000468371887,0.000936743775,pass,pass,1
38447,1478171809,22|60|78|100,22|38|18|22,100,153688,76794,0.000650245793,0.001300491586,pass,pass,17
38449,1478325601,18|22|78|82,18|4|56|4,82,153714,76816,0.000533173815,0.001066347629,pass,pass,19
38453,1478633209,4|22|58|102,4|18|36|44,102,153710,76804,0.000663147219,0.001326294437,pass,pass,23
38459,1479094681,16|28|30|52,16|12|2|22,52,153784,76866,0.000338022309,0.000676044619,pass,pass,29
38461,1479248521,6|22|28|72,6|16|6|44,72,153772,76850,0.000468006552,0.000936013104,pass,pass,1
38501,1482327001,16|28|36|60,16|12|8|24,60,153944,76942,0.00038960027,0.00077920054,pass,pass,11
38543,1485562849,28|30|58|60,28|2|28|2,60,154112,77026,0.000389175726,0.000778351452,pass,pass,23
38557,1486642249,4|42|94|100,4|38|52|6,100,154128,77014,0.000648390694,0.001296781389,pass,pass,7
38561,1486950721,28|40|46|70,28|12|6|24,70,154174,77052,0.000453826405,0.00090765281,pass,pass,11
38567,1487413489,4|24|34|42,4|20|10|8,42,154226,77092,0.000272253481,0.000544506962,pass,pass,17
38569,1487567761,12|30|36|58,12|18|6|22,58,154218,77080,0.000375949597,0.000751899194,pass,pass,19
38593,1489419649,18|28|34|40,18|10|6|6,40,154332,77146,0.000259114347,0.000518228694,pass,pass,13
38603,1490191609,12|30|48|84,12|18|18|36,84,154328,77122,0.000543999171,0.001087998342,pass,pass,23
38609,1490654881,22|42|66|70,22|20|24|4,70,154366,77148,0.000453262193,0.000906524386,pass,pass,29
38611,1490809321,22|46|58|60,22|24|12|2,60,154384,77162,0.000388490327,0.000776980653,pass,pass,1
38629,1492199641,10|18|30|48,10|8|12|18,48,154468,77210,0.000310647441,0.000621294882,pass,pass,19
38639,1492972321,16|66|78|88,16|50|12|10,88,154468,77190,0.000569372913,0.001138745827,pass,pass,29
38651,1493899801,28|60|106|118,28|32|46|12,118,154486,77184,0.000763240278,0.001526480557,pass,pass,11
38653,1494054409,24|52|124|144,24|28|72|20,144,154468,77162,0.000931363672,0.001862727343,pass,pass,13
38669,1495291561,12|52|78|126,12|40|26|48,126,154550,77212,0.000814606015,0.00162921203,pass,pass,29
38671,1495446241,48|70|76|90,48|22|6|14,90,154594,77252,0.000581831346,0.001163662693,pass,pass,1
38677,1495910329,28|40|58|114,28|12|18|56,114,154594,77240,0.000736872043,0.001473744086,pass,pass,7
38693,1497148249,22|48|58|72,22|26|10|14,72,154700,77314,0.000465200424,0.000930400848,pass,pass,23
38699,1497612601,6|58|88|90,6|52|30|2,90,154706,77308,0.000581410372,0.001162820745,pass,pass,29
38707,1498231849,10|24|28|48,10|14|4|20,48,154780,77366,0.000310021443,0.000620042886,pass,pass,7
38711,1498541521,16|66|72|148,16|50|6|76,148,154696,77274,0.000955800677,0.001911601354,pass,pass,11
38713,1498696369,34|48|58|108,34|14|10|50,108,154744,77318,0.000697440136,0.001394880273,pass,pass,13
38723,1499470729,28|54|84|102,28|26|30|18,102,154790,77344,0.000658523358,0.001317046716,pass,pass,23
38729,1499935441,30|70|90|120,30|40|20|30,120,154796,77338,0.000774613339,0.001549226678,pass,pass,29
38737,1500555169,24|28|42|58,24|4|14|16,58,154890,77416,0.000374319126,0.000748638253,pass,pass,7
38747,1501330009,34|48|54|58,34|14|6|4,58,154930,77436,0.00037422252,0.000748445041,pass,pass,17
38749,1501485001,46|52|78|130,46|6|26|52,130,154866,77368,0.000838731322,0.001677462644,pass,pass,19
38767,1502880289,10|18|42|54,10|8|24|12,54,155014,77480,0.000348234323,0.000696468646,pass,pass,7
38783,1504121089,18|48|52|64,18|30|4|12,64,155068,77502,0.000412551891,0.000825103783,pass,pass,23
38791,1504741681,6|60|66|78,6|54|6|12,78,155086,77504,0.000502693924,0.001005387848,pass,pass,1
38803,1505672809,18|78|102|114,18|60|24|12,114,155098,77492,0.000734479293,0.001468958586,pass,pass,13
38821,1507070041,42|72|96|100,42|30|24|4,100,155184,77542,0.00064398135,0.001287962701,pass,pass,1
38833,1508001889,4|30|42|52,4|26|12|10,52,155280,77614,0.000334766822,0.000669533644,pass,pass,13
38839,1508467921,30|70|76|78,30|40|6|2,78,155278,77600,0.000502072659,0.001004145318,pass,pass,19
38851,1509400201,40|70|82|108,40|30|12|26,108,155296,77594,0.000694962807,0.001389925613,pass,pass,1
38861,1510177321,46|58|60|70,46|12|2|10,70,155374,77652,0.000450322946,0.000900645892,pass,pass,11
38867,1510643689,10|42|48|58,10|32|6|10,58,155410,77676,0.000373067126,0.000746134253,pass,pass,17
38873,1511110129,28|40|48|148,28|12|8|100,148,155344,77598,0.000951817457,0.001903634914,pass,pass,23
38891,1512509881,36|78|100|102,36|42|22|2,102,155462,77680,0.000655678692,0.001311357383,pass,pass,11
38903,1513443409,4|22|24|100,4|18|2|76,100,155512,77706,0.000642623962,0.001285247924,pass,pass,23
38917,1514532889,58|72|84|88,58|14|12|4,88,155580,77746,0.00056530565,0.001130611301,pass,pass,7
38921,1514844241,16|36|42|58,16|20|6|16,58,155626,77784,0.000372549523,0.000745099047,pass,pass,11
38923,1514999929,10|18|24|28,10|8|6|4,28,155664,77818,0.000179842253,0.000359684505,pass,pass,13
38933,1515778489,52|112|168|172,52|60|56|4,172,155560,77694,0.001104461511,0.002208923022,pass,pass,23
38953,1517336209,42|54|64|132,42|12|10|68,132,155680,77774,0.0008471748,0.001694349601,pass,pass,13
38959,1517803681,6|18|28|118,6|12|10|90,118,155718,77800,0.000757206294,0.001514412588,pass,pass,19
38971,1518738841,22|76|88|90,22|54|12|2,90,155794,77852,0.00057735239,0.00115470478,pass,pass,1
38977,1519206529,42|58|130|150,42|16|72|20,150,155758,77804,0.000962105857,0.001924211715,pass,pass,7
38993,1520454049,24|58|90|100,24|34|32|10,100,155872,77886,0.000641140718,0.001282281435,pass,pass,23
39019,1522482361,66|70|78|96,66|4|8|18,96,155980,77942,0.000615084959,0.001230169917,pass,pass,19
39023,1522794529,12|18|22|54,12|6|4|32,54,156038,77992,0.000345949824,0.000691899649,pass,pass,23
39041,1524199681,16|46|58|76,16|30|12|18,76,156088,78006,0.000486667862,0.000973335724,pass,pass,11
39043,1524355849,4|30|60|118,4|26|30|58,118,156054,77968,0.000755577184,0.001511154368,pass,pass,13
39047,1524668209,10|28|58|60,10|18|30|2,60,156128,78034,0.000384152432,0.000768304863,pass,pass,17
39079,1527168241,16|40|76|106,16|24|36|30,106,156210,78052,0.000678113565,0.00135622713,pass,pass,19
39089,1527949921,16|36|70|102,16|20|34|32,102,156254,78076,0.000652357441,0.001304714881,pass,pass,29
39097,1528575409,12|18|22|28,12|6|4|6,28,156360,78166,0.00017904187,0.00035808374,pass,pass,7
39103,1529044609,4|22|30|52,4|18|8|22,52,156360,78154,0.00033245531,0.000664910621,pass,pass,13
39107,1529357449,34|42|58|64,34|8|16|6,64,156364,78150,0.000409133915,0.000818267829,pass,pass,17
39113,1529826769,4|30|70|108,4|26|40|38,108,156344,78118,0.00069030757,0.001380615141,pass,pass,23
39119,1530296161,60|70|130|150,60|10|60|20,150,156326,78088,0.000958613461,0.001917226923,pass,pass,29
39133,1531391689,22|78|100|114,22|56|22|14,114,156418,78152,0.00072828559,0.00145657118,pass,pass,13
39139,1531861321,12|16|28|40,12|4|12|12,40,156516,78238,0.00025549963,0.000510999259,pass,pass,19
39157,1533270649,4|18|28|70,4|14|10|42,70,156558,78244,0.000446918814,0.000893837628,pass,pass,7
39161,1533583921,18|30|102|130,18|12|72|28,130,156514,78192,0.000829907306,0.001659814611,pass,pass,11
39163,1533740569,28|30|40|58,28|2|10|18,58,156594,78268,0.000370247427,0.000740494855,pass,pass,13
39181,1535150761,30|42|82|96,30|12|40|14,96,156628,78266,0.000612541793,0.001225083586,pass,pass,1
39191,1535934481,42|58|76|82,42|16|18|6,82,156682,78300,0.000523079278,0.001046158557,pass,pass,11
39199,1536561601,16|18|28|58,16|2|10|30,58,156738,78340,0.000369907396,0.000739814791,pass,pass,19
39209,1537345681,6|22|76|126,6|16|54|50,126,156710,78292,0.000803386977,0.001606773955,pass,pass,29
39217,1537973089,4|22|24|34,4|18|2|10,34,156834,78400,0.000216742739,0.000433485478,pass,pass,7
39227,1538757529,22|24|28|78,22|2|4|50,78,156830,78376,0.000497106585,0.00099421317,pass,pass,17
39229,1538914441,28|42|60|88,28|14|18|28,88,156828,78370,0.000560809605,0.00112161921,pass,pass,19
39233,1539228289,54|82|88|118,54|28|6|30,118,156814,78348,0.000751918028,0.001503836056,pass,pass,23
39239,1539699121,6|28|70|72,6|22|42|2,72,156884,78406,0.000458727287,0.000917454573,pass,pass,29
39241,1539856081,10|12|46|70,10|2|34|24,70,156894,78412,0.000445962131,0.000891924263,pass,pass,1
39251,1540641001,16|18|28|72,16|2|10|44,72,156932,78430,0.000458587042,0.000917174085,pass,pass,11
39293,1543939849,60|70|78|90,60|10|8|12,90,157082,78496,0.000572621078,0.001145242155,pass,pass,23
39301,1544568601,6|30|66|70,6|24|36|4,70,157134,78532,0.000445281291,0.000890562581,pass,pass,1
39313,1545511969,22|58|70|108,22|36|12|38,108,157144,78518,0.000686795716,0.001373591433,pass,pass,13
39317,1545826489,28|30|82|88,28|2|52|6,88,157180,78546,0.000559554391,0.001119108782,pass,pass,17
39323,1546298329,24|70|90|94,24|46|20|4,94,157198,78552,0.000597614628,0.001195229255,pass,pass,23
39341,1547714281,18|28|36|66,18|10|8|30,66,157298,78616,0.000419409776,0.000838819552,pass,pass,11
39343,1547871649,22|24|42|90,22|2|18|48,90,157282,78596,0.000571893348,0.001143786696,pass,pass,13
39359,1549130881,12|16|42|46,12|4|26|4,46,157390,78672,0.00029218222,0.00058436444,pass,pass,29
39367,1549760689,24|64|70|100,24|40|6|30,100,157368,78634,0.000635049661,0.001270099322,pass,pass,7
39371,1550075641,22|46|52|76,22|24|6|24,76,157408,78666,0.000482588707,0.000965177415,pass,pass,11
39373,1550233129,30|34|40|48,30|4|6|8,48,157444,78698,0.000304777386,0.000609554771,pass,pass,13
39383,1551020689,30|40|64|70,30|10|24|6,70,157462,78696,0.000444354163,0.000888708326,pass,pass,23
39397,1552123609,12|54|60|64,12|42|6|4,64,157524,78730,0.000406122294,0.000812244587,pass,pass,7
39409,1553069281,22|70|102|156,22|48|32|54,156,157480,78662,0.00098962166,0.00197924332,pass,pass,19
39419,1553857561,36|70|148|166,36|34|78|18,166,157510,78672,0.001052791801,0.002105583602,pass,pass,29
39439,1555434721,18|36|40|42,18|18|4|2,42,157714,78836,0.000266233931,0.000532467862,pass,pass,19
39443,1555750249,48|58|72|124,48|10|14|52,124,157648,78762,0.000785944274,0.001571888548,pass,pass,23
39451,1556381401,28|40|58|120,28|12|18|62,120,157684,78782,0.000760436998,0.001520873996,pass,pass,1
39461,1557170521,12|36|40|76,12|24|4|36,76,157768,78846,0.000481488051,0.000962976103,pass,pass,11
39499,1560171001,22|46|48|90,22|24|2|42,90,157906,78908,0.000569634674,0.001139269349,pass,pass,19
39503,1560487009,30|42|54|64,30|12|12|10,64,157948,78942,0.000405032529,0.000810065058,pass,pass,23
39509,1560961081,10|78|102|172,10|68|24|70,172,157864,78846,0.001088359614,0.002176719229,pass,pass,29
39511,1561119121,28|30|48|100,28|2|18|52,100,157944,78922,0.000632735188,0.001265470375,pass,pass,1
39521,1561909441,28|36|78|88,28|8|42|10,88,157996,78954,0.000556666076,0.001113332153,pass,pass,11
39541,1563490681,42|46|48|88,42|4|2|40,88,158076,78994,0.000556384512,0.001112769025,pass,pass,1
39551,1564281601,12|16|18|22,12|4|2|4,22,158182,79080,0.000139060959,0.000278121919,pass,pass,11
39563,1565230969,4|22|30|40,4|18|8|10,40,158212,79086,0.000252761418,0.000505522837,pass,pass,23
39569,1565705761,6|16|28|42,6|10|12|14,42,158234,79096,0.000265359246,0.000530718492,pass,pass,29
39581,1566655561,18|48|106|108,18|30|58|2,108,158216,79054,0.000682145474,0.001364290948,pass,pass,11
39607,1568714449,4|24|54|64,4|20|30|10,64,158364,79150,0.000403968995,0.000807937991,pass,pass,7
39619,1569665161,18|42|58|148,18|24|16|90,148,158328,79090,0.000933895353,0.001867790706,pass,pass,19
39623,1569982129,4|34|84|94,4|30|50|10,94,158398,79152,0.000593089872,0.001186179744,pass,pass,23
39631,1570616161,28|70|100|118,28|42|30|18,118,158406,79144,0.000744366784,0.001488733567,pass,pass,1
39659,1572836281,18|58|70|106,18|40|12|36,106,158530,79212,0.000668196374,0.001336392748,pass,pass,29
39667,1573470889,12|30|40|42,12|18|10|2,42,158626,79292,0.000264703658,0.000529407316,pass,pass,7
39671,1573788241,6|42|46|58,6|36|4|12,58,158626,79284,0.000365506289,0.000731012578,pass,pass,11
39679,1574423041,22|36|48|60,22|14|12|12,60,158656,79298,0.000378033721,0.000756067441,pass,pass,19
39703,1576328209,10|18|30|82,10|8|12|52,82,158730,79324,0.000516333778,0.001032667557,pass,pass,13
39709,1576804681,12|22|28|72,12|10|6|44,72,158764,79346,0.000453297741,0.000906595482,pass,pass,19
39719,1577598961,12|22|96|100,12|10|74|4,100,158776,79338,0.000629421687,0.001258843375,pass,pass,29
39727,1578234529,40|84|88|100,40|44|4|12,100,158808,79354,0.000629294938,0.001258589876,pass,pass,7
39733,1578711289,28|30|58|64,28|2|28|6,64,158868,79402,0.000402687942,0.000805375884,pass,pass,13
39749,1579983001,72|100|120|126,72|28|20|6,126,158870,79372,0.000792472767,0.001584945533,pass,pass,29
39761,1580937121,18|58|106|108,18|40|48|2,108,158936,79414,0.000679057368,0.001358114736,pass,pass,11
39769,1581573361,18|58|76|90,18|40|18|14,90,158986,79448,0.000565767306,0.001131534612,pass,pass,19
39779,1582368841,18|28|82|100,18|10|54|18,100,159016,79458,0.00062847231,0.001256944619,pass,pass,29
39791,1583323681,46|58|60|76,46|12|2|16,76,159088,79506,0.000477494911,0.000954989822,pass,pass,11
39799,1583960401,46|52|58|72,46|6|6|14,72,159124,79526,0.00045227267,0.00090454534,pass,pass,19
39821,1585712041,16|40|78|90,16|24|38|12,90,159194,79552,0.000565028503,0.001130057005,pass,pass,11
39827,1586189929,58|88|100|102,58|30|12|2,102,159206,79552,0.000640269164,0.001280538328,pass,pass,17
39829,1586349241,22|46|58|60,22|24|12|2,60,159256,79598,0.000376610008,0.000753220016,pass,pass,19
39839,1587145921,6|12|18|28,6|6|6|10,28,159328,79650,0.000175707222,0.000351414443,pass,pass,29
39841,1587305281,6|16|48|60,6|10|32|12,60,159304,79622,0.000376496574,0.000752993148,pass,pass,1
39847,1587783409,4|18|88|94,4|14|70|6,94,159294,79600,0.000589755816,0.001179511632,pass,pass,7
39857,1588580449,22|40|54|58,22|18|14|4,58,159370,79656,0.000363800587,0.000727601174,pass,pass,17
39863,1589058769,28|42|60|70,28|14|18|10,70,159382,79656,0.000439003587,0.000878007175,pass,pass,23
39869,1589537161,6|16|28|36,6|10|12|8,36,159440,79702,0.000225739296,0.000451478592,pass,pass,29
39877,1590175129,12|58|70|100,12|46|12|30,100,159408,79654,0.000626927803,0.001253855606,pass,pass,7
39883,1590653689,4|48|88|94,4|44|40|6,94,159438,79672,0.000589223479,0.001178446957,pass,pass,13
39887,1590972769,22|28|64|70,22|6|36|6,70,159478,79704,0.000438739439,0.000877478878,pass,pass,17
39901,1592089801,16|22|40|112,16|6|18|72,112,159492,79690,0.000701736799,0.001403473597,pass,pass,1
39929,1594325041,12|46|70|82,12|34|24|12,82,159634,79776,0.000513411305,0.00102682261,pass,pass,29
39937,1594963969,40|60|102|112,40|20|42|10,112,159636,79762,0.000701104239,0.001402208478,pass,pass,7
39953,1596242209,4|24|58|84,4|20|34|26,84,159728,79822,0.000525617601,0.001051235201,pass,pass,23
39971,1597680841,22|28|30|40,22|6|2|10,40,159844,79902,0.000250181382,0.000500362763,pass,pass,11
39979,1598320441,6|70|100|142,6|64|30|42,142,159774,79816,0.000887966182,0.001775932364,pass,pass,19
39983,1598640289,4|28|54|72,4|24|26|18,72,159860,79894,0.000450191331,0.000900382663,pass,pass,23
39989,1599120121,70|88|148|180,70|18|60|32,180,159776,79798,0.00112530946,0.00225061892,pass,pass,29
40009,1600720081,16|22|30|52,16|6|8|22,52,159984,79966,0.000324926891,0.000649853783,pass,pass,19
40013,1601040169,4|22|54|58,4|18|32|4,58,159994,79968,0.000362382226,0.000724764452,pass,pass,23
40031,1602480961,6|22|58|60,6|16|36|2,60,160064,80002,0.0003747096,0.0007494192,pass,pass,11
40037,1602961369,42|48|72|78,42|6|24|6,78,160070,79996,0.000487049479,0.000974098958,pass,pass,17
40039,1603121521,36|66|82|96,36|30|16|14,96,160060,79982,0.00059941557,0.00119883114,pass,pass,19
40063,1605043969,18|40|42|72,18|22|2|30,72,160180,80054,0.000449292365,0.000898584729,pass,pass,13
40087,1606967569,18|30|34|58,18|12|4|24,58,160290,80116,0.000361713274,0.000723426547,pass,pass,7
40093,1607448649,4|22|28|42,4|18|6|14,42,160330,80144,0.000261891103,0.000523782206,pass,pass,13
40099,1607929801,10|48|78|106,10|38|30|28,106,160290,80092,0.000660864361,0.001321728721,pass,pass,19
40111,1608892321,10|40|46|66,10|30|6|20,66,160378,80156,0.00041135848,0.00082271696,pass,pass,1
40123,1609855129,18|54|58|84,18|36|4|26,84,160408,80162,0.000523390574,0.001046781148,pass,pass,13
40127,1610176129,42|118|130|150,42|76|12|20,150,160358,80104,0.000934532858,0.001869065716,pass,pass,17
40129,1610336641,6|12|28|58,6|6|16|30,58,160458,80200,0.000361334696,0.000722669391,pass,pass,19
40151,1612102801,30|40|52|58,30|10|12|6,58,160546,80244,0.000361136709,0.000722273418,pass,pass,11
40153,1612263409,12|18|22|42,12|6|4|20,42,160570,80264,0.000261499763,0.000522999527,pass,pass,13
40163,1613066569,28|30|52|58,28|2|22|6,58,160594,80268,0.000361028808,0.000722057615,pass,pass,23
40169,1613548561,6|52|60|78,6|46|8|18,78,160598,80260,0.000485448978,0.000970897956,pass,pass,29
40177,1614191329,18|24|70|72,18|6|46|2,72,160636,80282,0.000448017522,0.000896035045,pass,pass,7
40189,1615155721,36|70|82|102,36|34|12|20,102,160654,80276,0.000634501978,0.001269003956,pass,pass,19
40193,1615477249,42|100|102|130,42|58|2|28,130,160642,80256,0.000808598512,0.001617197024,pass,pass,23
40213,1617085369,28|58|60|70,28|30|2|10,70,160782,80356,0.000435182652,0.000870365305,pass,pass,13
40231,1618533361,18|40|58|70,18|22|18|12,70,160854,80392,0.000434987945,0.000869975889,pass,pass,1
40237,1619016169,12|18|28|40,12|6|10|12,40,160908,80434,0.000248527475,0.000497054949,pass,pass,7
40241,1619338081,40|76|78|96,40|36|2|18,96,160868,80386,0.00059640665,0.0011928133,pass,pass,11
40253,1620304009,24|30|52|64,24|6|22|12,64,160948,80442,0.000397485902,0.000794971803,pass,pass,23
40277,1622236729,88|112|142|178,88|24|30|36,178,160930,80376,0.001104848921,0.002209697842,pass,pass,17
40283,1622720089,28|60|64|118,28|32|4|54,118,161014,80448,0.000732318844,0.001464637688,pass,pass,23
40289,1623203521,10|42|46|60,10|32|4|14,60,161096,80518,0.00037231006,0.00074462012,pass,pass,29
40343,1627557649,18|34|102|124,18|16|68|22,124,161248,80562,0.000768410877,0.001536821753,pass,pass,23
40351,1628203201,10|58|102|130,10|48|44|28,130,161274,80572,0.000805432331,0.001610864663,pass,pass,1
40357,1628687449,12|42|64|88,12|30|22|24,88,161340,80626,0.000545134673,0.001090269346,pass,pass,7
40361,1629010321,12|28|46|58,12|16|18|12,58,161386,80664,0.000359257699,0.000718515399,pass,pass,11
40387,1631109769,34|58|70|102,34|24|12|32,102,161446,80672,0.000631391289,0.001262782579,pass,pass,7
40423,1634018929,12|22|70|72,12|10|48|2,72,161620,80774,0.000445291047,0.000890582094,pass,pass,13
40427,1634342329,12|58|64|90,12|46|6|26,90,161618,80764,0.000556558735,0.001113117471,pass,pass,17
40429,1634504041,22|36|52|100,22|14|16|48,100,161616,80758,0.000618368003,0.001236736006,pass,pass,19
40433,1634827489,28|42|52|54,28|14|10|2,54,161678,80812,0.000333885687,0.000667771375,pass,pass,23
40459,1636930681,22|28|52|58,22|6|24|6,58,161778,80860,0.000358387503,0.000716775007,pass,pass,19
40471,1637901841,6|46|76|102,6|40|30|26,102,161782,80840,0.000630080799,0.001260161597,pass,pass,1
40483,1638873289,4|18|58|70,4|14|40|12,70,161862,80896,0.000432280216,0.000864560433,pass,pass,13
40487,1639197169,12|24|42|58,12|12|18|16,58,161890,80916,0.00035813965,0.0007162793,pass,pass,17
40493,1639683049,30|54|70|72,30|24|16|2,72,161900,80914,0.000444521275,0.000889042551,pass,pass,23
40499,1640169001,28|66|72|78,28|38|6|6,78,161918,80920,0.00048149337,0.00096298674,pass,pass,29
40507,1640817049,4|48|58|70,4|44|10|12,70,161958,80944,0.000432024095,0.000864048189,pass,pass,7
40519,1641789361,6|10|28|36,6|4|18|8,36,162040,81002,0.000222118019,0.000444236037,pass,pass,19
40529,1642599841,12|70|112|130,12|58|42|18,130,161986,80928,0.000801894939,0.001603789879,pass,pass,29
40531,1642761961,70|78|88|96,70|8|10|8,96,162028,80966,0.00059213935,0.0011842787,pass,pass,1
40543,1643734849,82|154|190|220,82|72|36|30,220,161952,80866,0.001356584367,0.002713168734,pass,pass,13
40559,1645032481,10|36|60|66,10|26|24|6,66,162170,81052,0.000406814764,0.000813629527,pass,pass,29
40577,1646492929,12|130|148|174,12|118|18|26,174,162134,80980,0.001072035882,0.002144071765,pass,pass,17
40583,1646979889,58|78|84|142,58|20|6|58,142,162190,81024,0.000874750511,0.001749501023,pass,pass,23
40591,1647629281,28|48|90|100,28|20|42|10,100,162264,81082,0.000615900076,0.001231800153,pass,pass,1
40597,1648116409,24|60|90|108,24|36|30|18,108,162280,81086,0.000665073774,0.001330147548,pass,pass,7
40609,1649090881,36|48|76|100,36|12|28|24,100,162336,81118,0.000615627078,0.001231254155,pass,pass,19
40627,1650553129,40|64|78|102,40|24|14|24,102,162406,81152,0.000627661407,0.001255322815,pass,pass,7
40637,1651365769,18|84|100|124,18|66|16|24,124,162424,81150,0.000762851588,0.001525703177,pass,pass,17
40639,1651528321,28|66|108|130,28|38|42|22,130,162426,81148,0.000799724403,0.001599448805,pass,pass,19
40693,1655920249,34|64|78|84,34|30|14|6,84,162688,81302,0.000516059273,0.001032118546,pass,pass,13
40697,1656245809,12|40|60|114,12|28|20|54,114,162674,81280,0.000700297319,0.001400594638,pass,pass,17
40699,1656408601,12|22|52|58,12|10|30|6,58,162738,81340,0.00035627411,0.00071254822,pass,pass,19
40709,1657222681,36|46|52|102,36|10|6|50,102,162734,81316,0.000626397111,0.001252794222,pass,pass,29
40739,1659666121,12|16|18|40,12|4|2|22,40,162916,81438,0.000245465034,0.000490930067,pass,pass,29
40751,1660644001,18|58|66|78,18|40|8|12,78,162926,81424,0.000478515865,0.000957031729,pass,pass,11
40759,1661296081,42|48|76|126,42|6|28|50,126,162910,81392,0.000772835447,0.001545670895,pass,pass,19
40763,1661622169,18|22|28|30,18|4|6|2,30,163022,81496,0.000183990383,0.000367980767,pass,pass,23
40771,1662274441,36|46|70|72,36|10|24|2,72,163012,81470,0.000441490275,0.00088298055,pass,pass,1
40787,1663579369,64|70|72|82,64|6|2|10,82,163066,81492,0.000502611126,0.001005222252,pass,pass,17
40801,1664721601,28|36|72|90,28|8|36|18,90,163114,81512,0.000551457072,0.001102914144,pass,pass,1
40813,1665700969,22|30|60|64,22|8|30|4,64,163188,81562,0.000392031951,0.000784063901,pass,pass,13
40819,1666190761,6|36|42|70,6|30|6|28,70,163206,81568,0.000428721919,0.000857443837,pass,pass,19
40823,1666517329,102|120|124|154,102|18|4|30,154,163138,81492,0.000943095804,0.001886191608,pass,pass,23
40829,1667007241,6|12|28|48,6|6|16|20,48,163268,81610,0.000293908741,0.000587817483,pass,pass,29
40841,1667987281,22|42|72|76,22|20|30|4,76,163288,81606,0.000465218775,0.000930437551,pass,pass,11
40847,1668477409,4|102|118|130,4|98|16|12,130,163258,81564,0.000795652067,0.001591304135,pass,pass,17
40849,1668640801,6|10|46|66,6|4|36|20,66,163330,81632,0.000403926657,0.000807853313,pass,pass,19
40853,1668967609,28|70|78|100,28|42|8|22,100,163312,81606,0.000611950163,0.001223900326,pass,pass,23
40867,1670111689,10|24|88|94,10|14|64|6,94,163374,81640,0.000575036093,0.001150072185,pass,pass,7
40879,1671092641,10|12|36|58,10|2|24|22,58,163458,81700,0.00035470535,0.0007094107,pass,pass,19
40883,1671419689,4|52|58|84,4|48|6|26,84,163448,81682,0.000513660935,0.00102732187,pass,pass,23
40897,1672564609,22|24|72|88,22|2|48|16,88,163500,81706,0.000537936768,0.001075873536,pass,pass,7
40903,1673055409,4|12|18|48,4|8|6|30,48,163564,81758,0.000293377014,0.000586754028,pass,pass,13
40927,1675019329,22|40|58|90,22|18|18|32,90,163618,81764,0.000549759328,0.001099518655,pass,pass,7
40933,1675510489,70|100|132|142,70|30|32|10,142,163590,81724,0.000867270906,0.001734541812,pass,pass,13
40939,1676001721,28|52|66|70,28|24|14|4,70,163686,81808,0.000427465253,0.000854930506,pass,pass,19
40949,1676820601,16|30|40|88,16|14|10|48,88,163708,81810,0.000537253657,0.001074507314,pass,pass,29
40961,1677803521,18|36|108|118,18|18|72|10,118,163726,81804,0.000720197261,0.001440394522,pass,pass,11
40973,1678786729,54|58|60|70,54|4|2|10,70,163822,81876,0.000427110536,0.000854221072,pass,pass,23
40993,1680426049,12|18|42|64,12|6|24|22,64,163908,81922,0.000390310541,0.000780621082,pass,pass,13
41011,1681902121,22|28|102|118,22|6|74|16,118,163926,81904,0.000719319207,0.001438638414,pass,pass,1
41017,1682394289,10|30|64|78,10|20|34|14,78,163990,81956,0.000475412634,0.000950825268,pass,pass,7
41023,1682886529,18|22|58|60,18|4|36|2,60,164032,81986,0.000365648539,0.000731297077,pass,pass,13
41039,1684199521,28|96|148|156,28|68|52|8,156,164000,81922,0.000950315553,0.001900631107,pass,pass,29
41047,1684856209,114|144|252|264,114|30|108|12,264,163924,81830,0.00160791288,0.003215825761,pass,fail,7
41051,1685184601,16|42|58|72,16|26|16|14,72,164132,82030,0.000438478965,0.00087695793,pass,pass,11
41057,1685677249,18|40|54|58,18|22|14|4,58,164170,82056,0.000353167548,0.000706335095,pass,pass,17
41077,1687319929,40|52|72|78,40|12|20|6,78,164230,82076,0.000474718212,0.000949436424,pass,pass,7
41081,1687648561,18|42|96|100,18|24|54|4,100,164224,82062,0.000608553833,0.001217107665,pass,pass,11
41113,1690278769,22|34|54|72,22|12|20|18,72,164380,82154,0.000437817722,0.000875635444,pass,pass,13
41117,1690607689,42|64|70|84,42|22|6|14,84,164384,82150,0.000510737651,0.001021475302,pass,pass,17
41131,1691759161,28|36|96|108,28|8|60|12,108,164416,82154,0.000656439182,0.001312878364,pass,pass,1
41141,1692581881,6|22|42|48,6|16|20|6,48,164516,82234,0.000291679833,0.000583359666,pass,pass,11
41143,1692746449,34|70|84|94,34|36|14|10,94,164478,82192,0.000571178572,0.001142357145,pass,pass,13
41149,1693240201,16|30|52|78,16|14|22|26,78,164518,82220,0.000473887579,0.000947775159,pass,pass,19
41161,1694227921,28|36|42|66,28|8|6|24,66,164578,82256,0.000400864896,0.000801729793,pass,pass,1
41177,1695545329,4|10|30|52,4|6|20|22,52,164656,82302,0.000315710227,0.000631420453,pass,pass,17
41179,1695710041,6|36|46|48,6|30|10|2,48,164668,82310,0.00029141067,0.000582821341,pass,pass,19
41183,1696039489,22|40|48|60,22|18|8|12,60,164672,82306,0.000364227958,0.000728455916,pass,pass,23
41189,1696533721,46|70|82|100,46|24|12|18,100,164656,82278,0.000606958168,0.001213916337,pass,pass,29
41201,1697522401,12|16|18|42,12|4|2|24,42,164762,82360,0.000254848183,0.000509696367,pass,pass,11
41203,1697687209,4|40|82|102,4|36|42|20,102,164710,82304,0.000618886974,0.001237773948,pass,pass,13
41213,1698511369,10|24|84|102,10|14|60|18,102,164750,82324,0.000618736806,0.001237473613,pass,pass,23
41221,1699170841,36|46|58|78,36|10|12|20,78,164806,82364,0.000473059848,0.000946119696,pass,pass,1
41227,1699665529,34|42|58|60,34|8|16|2,60,164848,82394,0.000363839232,0.000727678463,pass,pass,7
41231,1699995361,22|58|70|78,22|36|12|8,78,164846,82384,0.000472945114,0.000945890228,pass,pass,11
41233,1700160289,28|94|112|114,28|66|18|2,114,164818,82352,0.000691193947,0.001382387893,pass,pass,13
41243,1700985049,10|70|100|124,10|60|30|24,124,164848,82362,0.000751642703,0.001503285406,pass,pass,23
41257,1702140049,4|22|58|120,4|18|36|62,120,164908,82394,0.000727149332,0.001454298664,pass,pass,7
41263,1702635169,28|30|54|72,28|2|24|18,72,164980,82454,0.000436226159,0.000872452318,pass,pass,13
41269,1703130361,30|48|76|126,30|18|28|50,126,164950,82412,0.00076328479,0.00152656958,pass,pass,19
41281,1704120961,22|28|48|58,22|6|20|10,58,165066,82504,0.000351251181,0.000702502362,pass,pass,1
41299,1705607401,16|36|40|42,16|20|4|2,42,165154,82556,0.000254243444,0.000508486888,pass,pass,19
41333,1708416889,18|54|64|78,18|36|10|14,78,165254,82588,0.000471777998,0.000943555996,pass,pass,23
41341,1709078281,18|58|60|66,18|40|2|6,66,165298,82616,0.000399119518,0.000798239036,pass,pass,1
41351,1709905201,28|42|96|112,28|14|54|16,112,165292,82590,0.000677129936,0.001354259873,pass,pass,11
41357,1710401449,54|72|100|130,54|18|28|30,130,165298,82584,0.000785840366,0.001571680731,pass,pass,17
41381,1712387161,6|58|90|130,6|52|32|40,130,165394,82632,0.000785384597,0.001570769194,pass,pass,11
41387,1712883769,22|28|34|64,22|6|6|30,64,165484,82710,0.000386594824,0.000773189649,pass,pass,17
41389,1713049321,12|16|18|36,12|4|2|18,36,165520,82742,0.000217449081,0.000434898161,pass,pass,19
41399,1713877201,12|36|66|112,12|24|30|46,112,165484,82686,0.000676344839,0.001352689678,pass,pass,29
41411,1714870921,22|108|112|126,22|86|4|14,126,165518,82696,0.000760667456,0.001521334911,pass,pass,11
41413,1715036569,10|30|52|102,10|20|22|50,102,165550,82724,0.000615748678,0.001231497356,pass,pass,13
41443,1717522249,58|78|88|190,58|20|10|102,190,165582,82696,0.001146152547,0.002292305094,pass,pass,13
41453,1718351209,24|72|84|120,24|48|12|36,120,165692,82786,0.000723711191,0.001447422382,pass,pass,23
41467,1719512089,10|22|28|54,10|12|6|26,54,165814,82880,0.000325560084,0.000651120168,pass,pass,7
41479,1720507441,28|46|52|58,28|18|6|6,58,165858,82900,0.000349574483,0.000699148967,pass,pass,19
41491,1721503081,6|16|18|30,6|10|2|12,30,165934,82952,0.000180762093,0.000361524186,pass,pass,1
41507,1722831049,18|30|112|132,18|12|82|20,132,165896,82882,0.000795046619,0.001590093237,pass,pass,17
41513,1723329169,4|18|22|60,4|14|4|38,60,165992,82966,0.000361332595,0.000722665189,pass,pass,23
41519,1723827361,36|40|48|58,36|4|8|10,58,166018,82980,0.000349237698,0.000698475397,pass,pass,29
41521,1723993441,18|30|58|60,18|12|28|2,60,166024,82982,0.000361262975,0.000722525951,pass,pass,1
41539,1725488521,16|18|28|52,16|2|10|24,52,166104,83026,0.000312958906,0.000625917812,pass,pass,19
41543,1725820849,42|54|82|88,42|12|28|6,88,166084,82998,0.000529571769,0.001059143538,pass,pass,23
41549,1726319401,10|30|66|102,10|20|36|36,102,166094,82996,0.000613733183,0.001227466365,pass,pass,29
41579,1728813241,12|28|36|70,12|16|8|34,70,166246,83088,0.000420885543,0.000841771086,pass,pass,29
41593,1729977649,4|58|64|108,4|54|6|44,108,166264,83078,0.000649147693,0.001298295386,pass,pass,13
41597,1730310409,28|48|58|60,28|20|10|2,60,166328,83134,0.000360602928,0.000721205856,pass,pass,17
41603,1730809609,12|40|42|58,12|28|2|16,58,166354,83148,0.000348532558,0.000697065115,pass,pass,23
41609,1731308881,16|52|60|78,16|36|8|18,78,166358,83140,0.00046864861,0.000937297219,pass,pass,29
41611,1731475321,52|78|88|90,52|26|10|2,90,166354,83132,0.000540722405,0.00108144481,pass,pass,1
41617,1731974689,4|18|30|40,4|14|12|10,40,166428,83194,0.000240286421,0.000480572843,pass,pass,7
41621,1732307641,10|28|52|96,10|18|24|44,96,166388,83146,0.000576631989,0.001153263977,pass,pass,11
41627,1732807129,4|22|40|42,4|18|18|2,42,166466,83212,0.000252240133,0.000504480265,pass,pass,17
41641,1733972881,6|18|70|90,6|12|52|20,90,166474,83192,0.000540332845,0.00108066569,pass,pass,1
41647,1734472609,60|70|84|90,60|10|14|6,90,166498,83204,0.000540255,0.001080510001,pass,pass,7
41651,1734805801,18|40|70|120,18|22|30|50,120,166484,83182,0.000720270822,0.001440541644,pass,pass,11
41659,1735472281,70|76|78|82,70|6|2|4,82,166554,83236,0.000492090545,0.000984181089,pass,pass,19
41669,1736305561,16|18|22|28,16|2|4|6,28,166648,83310,0.000167990593,0.000335981185,pass,pass,29
41681,1737305761,16|22|48|58,16|6|26|10,58,166666,83304,0.000347880329,0.000695760658,pass,pass,11
41687,1737805969,12|28|58|70,12|16|30|12,70,166678,83304,0.00041979514,0.00083959028,pass,pass,17
41719,1740474961,66|112|130|136,66|46|18|6,136,166740,83302,0.00081497639,0.001629952779,pass,pass,19
41729,1741309441,28|40|58|82,28|12|18|24,82,166834,83376,0.000491265067,0.000982530135,pass,pass,29
41737,1741977169,10|18|84|102,10|8|66|18,102,166846,83372,0.000610968685,0.00122193737,pass,pass,7
41759,1743814081,22|42|72|130,22|20|30|58,130,166906,83388,0.000778275342,0.001556550684,pass,pass,29
41761,1743981121,10|16|36|42,10|6|20|6,42,167002,83480,0.000251430761,0.000502861522,pass,pass,1
41771,1744816441,16|120|130|196,16|104|10|66,196,166888,83346,0.001173062651,0.002346125302,pass,pass,11
41777,1745317729,18|24|42|64,18|6|18|22,64,167044,83490,0.000382985853,0.000765971707,pass,pass,17
41801,1747323601,6|22|36|70,6|16|14|34,70,167134,83532,0.000418650272,0.000837300543,pass,pass,11
41809,1747992481,16|48|58|60,16|32|10|2,60,167176,83558,0.000358774427,0.000717548853,pass,pass,19
41813,1748326969,72|124|180|190,72|52|56|10,190,167062,83436,0.001136010332,0.002272020663,pass,pass,23
41843,1750836649,18|22|24|30,18|4|2|6,30,167342,83656,0.00017924145,0.0003584829,pass,pass,23
41849,1751338801,6|10|46|78,6|4|36|32,78,167318,83620,0.000465960955,0.00093192191,pass,pass,29
41851,1751506201,46|90|96|102,46|44|6|6,102,167302,83600,0.000609304437,0.001218608874,pass,pass,1
41863,1752510769,18|42|58|64,18|24|16|6,64,167388,83662,0.000382199078,0.000764398156,pass,pass,13
41879,1753850641,46|126|148|210,46|80|22|62,210,167306,83548,0.001253611595,0.002507223191,pass,pass,29
41887,1754520769,4|42|52|94,4|38|10|42,94,167454,83680,0.000561033256,0.001122066512,pass,pass,7
41893,1755023449,12|18|22|58,12|6|4|36,58,167514,83728,0.000346119877,0.000692239754,pass,pass,13
41897,1755358609,28|30|64|88,28|2|34|24,88,167500,83706,0.000525097262,0.001050194525,pass,pass,17
41903,1755861409,4|18|42|84,4|14|24|42,84,167528,83722,0.000501157435,0.00100231487,pass,pass,23
41911,1756531921,60|70|72|78,60|10|2|6,78,167566,83744,0.000465271647,0.000930543294,pass,pass,1
41927,1757873329,4|24|28|70,4|20|4|42,70,167638,83784,0.000417392134,0.000834784268,pass,pass,17
41941,1759047481,6|22|28|46,6|16|6|18,46,167718,83836,0.000274194702,0.000548389404,pass,pass,1
41947,1759550809,22|24|52|78,22|2|28|26,78,167710,83816,0.000464872339,0.000929744678,pass,pass,7
41953,1760054209,30|58|82|84,30|28|24|2,84,167728,83822,0.000500560151,0.001001120301,pass,pass,13
41957,1760389849,18|40|60|64,18|22|20|4,64,167764,83850,0.000381342803,0.000762685607,pass,pass,17
41959,1760557681,10|16|22|70,10|6|6|48,70,167766,83848,0.00041707381,0.00083414762,pass,pass,19
41969,1761396961,30|46|108|112,30|16|62|4,112,167764,83826,0.000667159094,0.001334318187,pass,pass,29
41981,1762404361,12|16|40|48,12|4|24|8,48,167876,83914,0.000285843596,0.000571687192,pass,pass,11
41983,1762572289,10|30|48|52,10|20|18|4,52,167880,83914,0.000309649144,0.000619298287,pass,pass,13
41999,1763916001,18|30|40|42,18|12|10|2,42,167954,83956,0.000250005953,0.000500011905,pass,pass,29
42013,1765092169,40|70|78|114,40|30|8|36,114,167938,83912,0.00067836146,0.001356722919,pass,pass,13
42017,1765428289,4|84|198|210,4|80|114|12,210,167858,83824,0.001249494252,0.002498988505,pass,pass,17
42019,1765596361,28|70|72|96,28|42|2|24,96,167980,83942,0.000571170185,0.00114234037,pass,pass,19
42023,1765932529,40|130|144|148,40|90|14|4,148,167944,83898,0.000880470219,0.001760940437,pass,pass,23
42043,1767613849,58|70|102|124,58|12|32|22,124,168048,83962,0.000737340342,0.001474680684,pass,pass,13
42061,1769127721,12|48|58|72,12|36|10|14,72,168172,84050,0.000427949882,0.000855899765,pass,pass,1
42071,1769969041,88|150|166|172,88|62|16|6,172,168112,83970,0.001022081719,0.002044163438,pass,pass,11
42073,1770137329,34|60|120|130,34|26|60|10,130,168162,84016,0.000772466903,0.001544933806,pass,pass,13
42083,1770978889,10|30|60|64,10|20|30|4,64,168268,84102,0.000380201031,0.000760402063,pass,pass,23
42089,1771483921,18|58|70|72,18|40|12|2,72,168284,84106,0.000427665186,0.000855330371,pass,pass,29
42101,1772494201,30|60|118|130,30|30|58|12,130,168274,84072,0.00077195316,0.001543906321,pass,pass,11
42131,1775021161,16|18|30|40,16|2|12|10,40,168484,84222,0.000237354917,0.000474709834,pass,pass,11
42139,1775695321,12|22|88|96,12|10|66|8,96,168460,84182,0.000569543653,0.001139087306,pass,pass,19
42157,1777212649,94|102|112|114,94|8|10|2,114,168514,84200,0.000676044311,0.001352088621,pass,pass,7
42169,1778224561,28|60|70|112,28|32|10|42,112,168564,84226,0.000663994878,0.001327989756,pass,pass,19
42179,1779068041,10|22|66|100,10|12|44|34,100,168616,84258,0.000592712013,0.001185424026,pass,pass,29
42181,1779236761,12|16|42|46,12|4|26|4,46,168678,84316,0.000272634599,0.000545269197,pass,pass,1
42187,1779742969,4|12|30|54,4|8|18|24,54,168694,84320,0.000320003793,0.000640007585,pass,pass,7
42193,1780249249,4|22|34|42,4|18|12|8,42,168730,84344,0.000248856445,0.000497712891,pass,pass,13
42197,1780586809,4|24|40|52,4|20|16|12,52,168736,84342,0.000308078773,0.000616157547,pass,pass,17
42209,1781599681,42|60|72|78,42|18|12|6,78,168758,84340,0.00046198678,0.00092397356,pass,pass,29
42221,1782612841,28|76|106|126,28|48|30|20,126,168758,84316,0.000746074228,0.001492148457,pass,pass,11
42223,1782781729,18|24|42|58,18|6|18|16,58,168834,84388,0.000343414727,0.000686829453,pass,pass,13
42227,1783119529,34|58|88|100,34|24|30|12,100,168808,84354,0.000592038269,0.001184076539,pass,pass,17
42239,1784133121,16|18|28|78,16|2|10|50,78,168878,84400,0.000461658657,0.000923317313,pass,pass,29
42257,1785654049,12|22|40|54,12|10|18|14,54,168974,84460,0.000319473697,0.000638947393,pass,pass,17
42281,1787682961,18|72|126|148,18|54|54|22,148,168976,84414,0.000875097562,0.001750195123,pass,pass,11
42283,1787852089,24|58|60|108,24|34|2|48,108,169024,84458,0.000638554502,0.001277109004,pass,pass,13
42293,1788697849,4|22|60|78,4|18|38|18,78,169094,84508,0.000461069208,0.000922138415,pass,pass,23
42299,1789205401,22|90|106|112,22|68|16|6,112,169084,84486,0.000661954183,0.001323908367,pass,pass,29
42307,1789882249,28|30|70|72,28|2|40|2,72,169156,84542,0.000425461508,0.000850923015,pass,pass,7
42323,1791236329,4|42|54|108,4|38|12|54,108,169184,84538,0.000637950996,0.001275901992,pass,pass,23
42331,1791913561,12|36|60|72,12|24|24|12,72,169252,84590,0.000425220288,0.000850440575,pass,pass,1
42337,1792421569,4|58|60|100,4|54|2|40,100,169248,84574,0.000590500035,0.001181000071,pass,pass,7
42349,1793437801,28|58|60|70,28|30|2|10,70,169326,84628,0.000413232898,0.000826465796,pass,pass,19
42359,1794284881,6|36|42|90,6|30|6|48,90,169346,84628,0.000531174013,0.001062348025,pass,pass,29
42373,1795471129,12|18|22|34,12|6|4|12,34,169458,84712,0.000200599438,0.000401198877,pass,pass,13
42379,1795979641,18|40|46|88,18|22|6|42,88,169428,84670,0.000519125038,0.001038250077,pass,pass,19
42391,1796996881,16|28|30|66,16|12|2|36,66,169498,84716,0.000389233564,0.000778467127,pass,pass,1
42397,1797505609,22|54|64|70,22|32|10|6,70,169518,84724,0.000412765054,0.000825530108,pass,pass,7
42403,1798014409,48|52|100|118,48|4|48|18,118,169494,84688,0.000695705493,0.001391410985,pass,pass,13
42407,1798353649,24|70|78|82,24|46|8|4,82,169546,84732,0.000483410758,0.000966821515,pass,pass,17
42409,1798523281,16|42|76|90,16|26|34|14,90,169546,84728,0.000530547761,0.001061095522,pass,pass,19
42433,1800559489,54|72|100|114,54|18|28|14,114,169618,84752,0.000671647067,0.001343294134,pass,pass,13
42437,1800898969,18|22|28|108,18|4|6|80,108,169640,84766,0.000636237246,0.001272474492,pass,pass,17
42443,1801408249,12|42|60|70,12|30|18|10,70,169702,84816,0.000412317697,0.000824635393,pass,pass,23
42451,1802087401,28|46|52|90,28|18|6|38,90,169714,84812,0.00053002285,0.0010600457,pass,pass,1
42457,1802596849,42|78|82|84,42|36|4|2,84,169744,84830,0.000494618084,0.000989236168,pass,pass,7
42461,1802936521,18|78|88|100,18|60|10|12,100,169744,84822,0.000588775582,0.001177551165,pass,pass,11
42463,1803106369,10|22|52|54,10|12|30|2,54,169798,84872,0.00031792384,0.000635847679,pass,pass,13
42467,1803446089,58|90|112|142,58|32|22|30,142,169726,84792,0.000835943203,0.001671886406,pass,pass,17
42473,1803955729,34|58|64|90,34|24|6|26,90,169802,84856,0.000529748311,0.001059496621,pass,pass,23
42487,1805145169,24|28|60|94,24|4|32|34,94,169854,84880,0.000553110363,0.001106220726,pass,pass,7
42491,1805485081,10|36|66|96,10|26|30|30,96,169868,84886,0.000564825492,0.001129650985,pass,pass,11
42499,1806165001,18|40|46|72,18|22|6|26,72,169924,84926,0.000423539377,0.000847078755,pass,pass,19
42509,1807015081,16|28|36|42,16|12|8|6,42,169994,84976,0.000247006516,0.000494013033,pass,pass,29
42533,1809056089,60|100|114|120,60|40|14|6,120,170012,84946,0.000705334681,0.001410669363,pass,pass,23
42557,1811098249,24|28|58|60,24|4|30|2,60,170168,85054,0.000352468454,0.000704936908,pass,pass,17
42569,1812119761,12|18|22|40,12|6|4|18,40,170236,85098,0.00023491273,0.00046982546,pass,pass,29
42571,1812290041,16|22|72|108,16|6|50|36,108,170176,85034,0.000634234573,0.001268469146,pass,pass,1
42577,1812800929,10|58|70|130,10|48|12|60,130,170178,85024,0.000763322921,0.001526645842,pass,pass,7
42589,1813822921,28|72|100|108,28|44|28|8,108,170248,85070,0.000633966517,0.001267933034,pass,pass,19
42611,1815697321,12|22|36|76,12|10|14|40,76,170368,85146,0.000445894253,0.000891788505,pass,pass,11
42641,1818254881,46|48|72|100,46|2|24|28,100,170464,85182,0.00058629019,0.00117258038,pass,pass,11
42643,1818425449,10|12|58|60,10|2|46|2,60,170512,85226,0.000351757616,0.000703515231,pass,pass,13
42649,1818937201,30|46|48|58,30|16|2|10,58,170538,85240,0.000339984525,0.00067996905,pass,pass,19
42667,1820472889,28|48|82|138,28|20|34|56,138,170530,85196,0.000808587433,0.001617174866,pass,pass,7
42677,1821326329,12|30|34|42,12|18|4|8,42,170666,85312,0.000246034164,0.000492068327,pass,pass,17
42683,1821838489,28|48|72|102,28|20|24|30,102,170630,85264,0.000597427547,0.001194855095,pass,pass,23
42689,1822350721,6|10|48|52,6|4|38|4,52,170704,85326,0.000304528099,0.000609056197,pass,pass,29
42697,1823033809,18|28|42|48,18|10|14|6,48,170740,85346,0.000281050191,0.000562100382,pass,pass,7
42701,1823375401,16|18|58|66,16|2|40|8,66,170738,85336,0.000386407812,0.000772815625,pass,pass,11
42703,1823546209,24|60|64|72,24|36|4|8,72,170740,85334,0.000421516053,0.000843032105,pass,pass,13
42709,1824058681,16|22|30|58,16|6|8|28,58,170778,85360,0.000339506896,0.000679013791,pass,pass,19
42719,1824912961,18|42|70|72,18|24|28|2,72,170804,85366,0.000421358178,0.000842716356,pass,pass,29
42727,1825596529,4|18|28|52,4|14|10|24,52,170856,85402,0.000304257261,0.000608514522,pass,pass,7
42737,1826451169,12|22|72|100,12|10|50|28,100,170848,85374,0.000584973208,0.001169946416,pass,pass,17
42743,1826964049,18|30|54|82,18|12|24|28,82,170890,85404,0.000479610696,0.000959221393,pass,pass,23
42751,1827648001,6|36|72|78,6|30|36|6,78,170926,85424,0.000456129681,0.000912259362,pass,pass,1
42767,1829016289,18|22|24|64,18|4|2|40,64,171004,85470,0.000374120233,0.000748240466,pass,pass,17
42773,1829529529,24|34|78|88,24|10|44|10,88,171004,85458,0.00051434316,0.001028686321,pass,pass,23
42787,1830727369,4|42|48|58,4|38|6|10,58,171090,85516,0.00033888798,0.00067777596,pass,pass,7
42793,1831240849,60|64|102|124,60|4|38|22,124,171048,85462,0.000724417545,0.00144883509,pass,pass,13
42797,1831583209,18|24|42|54,18|6|18|12,54,171134,85540,0.000315442671,0.000630885342,pass,pass,17
42821,1833638041,46|72|102|112,46|26|30|10,112,171172,85530,0.000653884776,0.001307769552,pass,pass,11
42829,1834323241,6|18|22|88,6|12|4|66,88,171228,85570,0.000513670644,0.001027341287,pass,pass,19
42839,1835179921,18|42|60|70,18|24|18|10,70,171286,85608,0.000408506268,0.000817012535,pass,pass,29
42841,1835351281,40|58|88|100,40|18|30|12,100,171264,85582,0.000583553138,0.001167106277,pass,pass,1
42853,1836379609,4|10|28|54,4|6|18|26,54,171358,85652,0.000315030453,0.000630060906,pass,pass,13
42859,1836893881,12|18|36|60,12|6|18|24,60,171376,85658,0.000349984834,0.000699969668,pass,pass,19
42863,1837236769,30|42|54|82,30|12|12|28,82,171370,85644,0.00047826797,0.00095653594,pass,pass,23
42899,1840324201,42|60|100|102,42|18|40|2,102,171494,85696,0.00059441945,0.001188838901,pass,pass,29
42901,1840495801,6|48|58|72,6|42|10|14,72,171532,85730,0.000419570639,0.000839141279,pass,pass,1
42923,1842383929,70|150|168|180,70|80|18|12,180,171512,85666,0.001048388976,0.002096777951,pass,pass,23
42929,1842899041,16|22|36|42,16|6|14|6,42,171674,85816,0.000244589904,0.000489179809,pass,pass,29
42937,1843585969,108|112|114|142,108|4|2|28,142,171606,85732,0.000826792743,0.001653585486,pass,pass,7
42943,1844101249,28|34|40|64,28|6|6|24,64,171708,85822,0.000372586918,0.000745173835,pass,pass,13
42953,1844960209,4|72|82|112,4|68|10|30,112,171700,85794,0.000651875306,0.001303750611,pass,pass,23
42961,1845647521,76|78|90|112,76|2|12|22,112,171732,85810,0.000651753916,0.001303507833,pass,pass,1
42967,1846163089,28|42|64|114,28|14|22|50,114,171754,85820,0.000663299742,0.001326599483,pass,pass,7
42979,1847194441,22|36|66|72,22|14|30|6,72,171844,85886,0.000418809186,0.000837618372,pass,pass,19
42989,1848054121,6|16|30|90,6|10|14|60,90,171866,85888,0.000523389704,0.001046779409,pass,pass,29
43003,1849258009,4|18|48|58,4|14|30|10,58,171954,85948,0.000337185778,0.000674371555,pass,pass,13
43013,1850118169,4|12|18|28,4|8|6|10,28,172024,85998,0.000162741497,0.000325482994,pass,pass,23
43019,1850634361,6|36|58|66,6|30|22|8,66,172010,85972,0.000383551454,0.000767102908,pass,pass,29
43037,1852183369,18|58|82|88,18|40|24|6,88,172060,85986,0.000511188047,0.001022376095,pass,pass,17
43049,1853216401,12|18|36|58,12|6|18|22,58,172138,86040,0.000336825478,0.000673650956,pass,pass,29
43051,1853388601,18|72|78|100,18|54|6|22,100,172104,86002,0.000580706604,0.001161413208,pass,pass,1
43063,1854421969,28|82|102|130,28|54|20|28,130,172122,85996,0.000754708218,0.001509416436,pass,pass,13
43067,1854766489,34|42|52|70,34|8|10|18,70,172198,86064,0.000406343604,0.000812687208,pass,pass,17
43093,1857006649,12|42|60|88,12|30|18|28,88,172284,86098,0.000510523751,0.001021047502,pass,pass,13
43103,1857868609,10|58|60|84,10|48|2|24,84,172328,86122,0.000487205067,0.000974410134,pass,pass,23
43117,1859075689,34|70|72|84,34|36|2|12,84,172384,86150,0.000487046872,0.000974093745,pass,pass,7
43133,1860455689,4|22|54|58,4|18|32|4,58,172474,86208,0.000336169522,0.000672339044,pass,pass,23
43151,1862008801,16|102|108|126,16|86|6|18,126,172478,86176,0.00072999467,0.00145998934,pass,pass,11
43159,1862699281,6|42|78|100,6|36|36|22,100,172536,86218,0.000579253458,0.001158506916,pass,pass,19
43177,1864253329,72|94|112|138,72|22|18|26,138,172570,86216,0.000799036524,0.001598073048,pass,pass,7
43189,1865289721,16|18|40|66,16|2|22|26,66,172690,86312,0.000382041724,0.000764083447,pass,pass,19
43201,1866326401,16|46|58|90,16|30|12|32,90,172714,86312,0.000520821277,0.001041642555,pass,pass,1
43207,1866844849,24|42|48|58,24|18|6|10,58,172770,86356,0.00033559377,0.000671187539,pass,pass,7
43223,1868227729,30|88|114|120,30|58|26|6,120,172772,86326,0.000694074914,0.001388149828,pass,pass,23
43237,1869438169,22|34|88|148,22|12|54|60,148,172800,86326,0.000855748549,0.001711497097,pass,pass,7
43261,1871514121,36|126|136|142,36|90|10|6,142,172902,86380,0.000820600541,0.001641201082,pass,pass,1
43271,1872379441,36|48|52|190,36|12|4|138,190,172894,86352,0.001097732893,0.002195465785,pass,pass,11
43283,1873418089,30|54|70|90,30|24|16|20,90,173042,86476,0.000519834577,0.001039669154,pass,pass,23
43291,1874110681,18|28|42|60,18|10|14|18,60,173104,86522,0.000346492343,0.000692984685,pass,pass,1
43313,1876015969,22|24|58|78,22|2|34|20,78,173174,86548,0.000450211253,0.000900422506,pass,pass,23
43319,1876535761,6|16|36|52,6|10|20|16,52,173224,86586,0.000300099264,0.000600198527,pass,pass,29
43321,1876709041,6|48|76|88,6|42|28|12,88,173196,86554,0.000507836846,0.001015673692,pass,pass,1
43331,1877575561,16|36|60|72,16|20|24|12,72,173252,86590,0.000415406983,0.000830813967,pass,pass,11
43391,1882778881,60|76|102|106,60|16|26|4,106,173458,86676,0.000610725727,0.001221451453,pass,pass,11
43397,1883299609,10|64|70|78,10|54|6|8,78,173510,86716,0.000449339816,0.000898679632,pass,pass,17
43399,1883473201,16|22|58|108,16|6|36|50,108,173488,86690,0.000622134151,0.001244268301,pass,pass,19
43403,1883820409,18|28|58|60,18|10|30|2,60,173552,86746,0.000345598231,0.000691196461,pass,pass,23
43411,1884514921,16|72|76|78,16|56|4|2,78,173566,86744,0.000449194905,0.000898389809,pass,pass,1
43427,1885904329,58|70|88|162,58|12|18|74,162,173546,86692,0.000932599535,0.00186519907,pass,pass,17
43441,1887120481,16|30|36|42,16|14|6|6,42,173722,86840,0.000241707143,0.000483414286,pass,pass,1
43451,1887989401,12|18|88|112,12|6|70|24,112,173692,86790,0.000644404041,0.001288808083,pass,pass,11
43457,1888510849,10|12|18|70,10|2|6|52,70,173758,86844,0.000402696919,0.000805393838,pass,pass,17
43481,1890597361,48|70|148|160,48|22|78|12,160,173764,86802,0.000919942044,0.001839884087,pass,pass,11
43487,1891119169,42|64|114|130,42|22|50|16,130,173818,86844,0.000747349783,0.001494699565,pass,pass,17
43499,1892163001,36|40|60|66,36|4|20|6,66,173930,86932,0.000379319065,0.00075863813,pass,pass,29
43517,1893729289,48|58|60|78,48|10|2|18,78,173990,86956,0.000448100742,0.000896201484,pass,pass,17
43541,1895818681,12|16|70|82,12|4|54|12,82,174082,87000,0.000470820606,0.000941641212,pass,pass,11
43543,1895992849,24|34|48|90,24|10|14|42,90,174082,86996,0.000516730588,0.001033461176,pass,pass,13
43573,1898606329,12|70|100|102,12|58|30|2,102,174190,87044,0.000585224795,0.00117044959,pass,pass,13
43577,1898954929,4|34|48|60,4|30|14|12,60,174248,87094,0.00034421828,0.000688436561,pass,pass,17
43579,1899129241,22|36|58|76,22|14|22|18,76,174240,87082,0.000435989812,0.000871979623,pass,pass,19
43591,1900175281,72|78|96|190,72|6|18|94,190,174174,86992,0.001089674474,0.002179348948,pass,pass,1
43597,1900698409,10|30|60|70,10|20|30|10,70,174318,87124,0.000401403766,0.000802807533,pass,pass,7
43607,1901570449,70|84|88|130,70|14|4|42,130,174298,87084,0.000745293187,0.001490586374,pass,pass,17
43609,1901744881,10|36|102|106,10|26|66|4,106,174330,87112,0.000607672728,0.001215345456,pass,pass,19
43613,1902093769,112|114|142|190,112|2|28|48,190,174262,87036,0.001089124802,0.002178249604,pass,pass,23
43627,1903315129,28|52|88|108,28|24|36|20,108,174400,87146,0.000618882802,0.001237765604,pass,pass,7
43633,1903838689,58|64|84|142,58|6|20|58,142,174390,87124,0.000813604382,0.001627208764,pass,pass,13
43649,1905235201,6|18|22|102,6|12|4|80,102,174494,87196,0.000584205824,0.001168411647,pass,pass,29
43651,1905409801,16|40|66|70,16|24|26|4,70,174534,87232,0.000400907196,0.000801814391,pass,pass,1
43661,1906282921,46|76|78|130,46|30|2|52,130,174514,87192,0.000744371407,0.001488742814,pass,pass,11
43669,1906981561,36|42|70|88,36|6|28|18,88,174588,87250,0.000503789874,0.001007579748,pass,pass,19
43691,1908903481,28|66|70|78,28|38|4|8,78,174686,87304,0.000446316175,0.00089263235,pass,pass,11
43711,1910651521,6|130|148|160,6|124|18|12,160,174684,87262,0.000915101462,0.001830202924,pass,pass,1
43717,1911176089,12|18|54|58,12|6|36|4,58,174810,87376,0.000331678752,0.000663357504,pass,pass,7
43721,1911525841,46|102|106|150,46|56|4|44,150,174734,87292,0.000857711397,0.001715422795,pass,pass,11
43753,1914325009,10|18|28|48,10|8|10|20,48,174964,87458,0.000274266907,0.000548533815,pass,pass,13
43759,1914850081,40|42|46|60,40|2|4|14,60,174976,87458,0.000342786627,0.000685573254,pass,pass,19
43777,1916425729,22|40|60|82,22|18|20|22,82,175026,87472,0.000468282431,0.000936564863,pass,pass,7
43781,1916775961,18|28|36|42,18|10|8|6,42,175082,87520,0.000239830063,0.000479660127,pass,pass,11
43783,1916951089,30|60|88|114,30|30|28|26,114,175018,87452,0.000650937579,0.001301875157,pass,pass,13
43787,1917301369,34|48|64|70,34|14|16|6,70,175078,87504,0.000399662,0.000799324,pass,pass,17
43789,1917476521,36|48|90|108,36|12|42|18,108,175048,87470,0.000616593208,0.001233186417,pass,pass,19
43793,1917826849,12|28|42|54,12|16|14|12,54,175118,87532,0.000308268445,0.000616536889,pass,pass,23
43801,1918527601,16|90|100|102,16|74|10|2,102,175102,87500,0.000582178489,0.001164356978,pass,pass,1
43853,1923085609,22|54|60|78,22|32|6|18,78,175334,87628,0.000444667412,0.000889334823,pass,pass,23
43867,1924313689,12|18|30|64,12|6|12|34,64,175404,87670,0.00036473887,0.00072947774,pass,pass,7
43889,1926244321,16|22|42|46,16|6|20|4,46,175510,87732,0.000262024653,0.000524049306,pass,pass,29
43891,1926419881,70|88|100|138,70|18|12|38,138,175426,87644,0.00078603814,0.00157207628,pass,pass,1
43913,1928351569,4|28|82|84,4|24|54|2,84,175568,87742,0.000478218295,0.000956436591,pass,pass,23
43933,1930108489,18|22|24|30,18|4|2|6,30,175702,87836,0.000170714497,0.000341428994,pass,pass,13
43943,1930987249,24|28|48|102,24|4|20|54,102,175670,87784,0.000580297203,0.001160594406,pass,pass,23
43951,1931690401,6|28|70|166,6|22|42|96,166,175638,87736,0.000944233351,0.001888466702,pass,pass,1
43961,1932569521,58|102|130|148,58|44|28|18,148,175696,87774,0.000841655103,0.001683310207,pass,pass,11
43963,1932745369,22|90|102|112,22|68|12|10,112,175740,87814,0.000636899211,0.001273798421,pass,pass,13
43969,1933272961,12|42|78|88,12|30|36|10,88,175788,87850,0.000500352521,0.001000705042,pass,pass,19
43973,1933624729,12|22|24|102,12|10|2|78,102,175790,87844,0.000579901303,0.001159802606,pass,pass,23
43987,1934856169,24|42|78|88,24|18|36|10,88,175860,87886,0.000500147771,0.001000295542,pass,pass,7
43991,1935208081,16|42|88|100,16|26|46|12,100,175864,87882,0.000568298061,0.001136596122,pass,pass,11
43997,1935736009,30|138|142|154,30|108|4|12,154,175834,87840,0.000875059663,0.001750119326,pass,pass,17
44017,1937496289,10|58|60|190,10|48|2|130,190,175878,87844,0.001079128519,0.002158257037,pass,pass,7
44021,1937848441,12|16|18|58,12|4|2|40,58,176026,87984,0.000329388247,0.000658776493,pass,pass,11
44027,1938376729,24|34|100|132,24|10|66|32,132,175976,87922,0.000749540055,0.00149908011,pass,pass,17
44029,1938552841,10|18|30|58,10|8|12|28,58,176058,88000,0.000329328397,0.000658656794,pass,pass,19
44041,1939609681,28|70|78|106,28|42|8|28,106,176058,87976,0.000601712041,0.001203424082,pass,pass,1
44053,1940666809,4|22|34|42,4|18|12|8,42,176170,88064,0.000238349261,0.000476698522,pass,pass,13
44059,1941195481,36|78|82|106,36|42|4|24,106,176130,88012,0.000601466216,0.001202932432,pass,pass,19
44071,1942253041,40|42|120|126,40|2|78|6,126,176158,88016,0.000714755735,0.00142951147,pass,pass,1
44087,1943663569,64|72|82|112,64|8|10|30,112,176236,88062,0.000635107855,0.00127021571,pass,pass,17
44089,1943839921,28|126|150|160,28|98|24|10,160,176196,88018,0.000907255778,0.001814511556,pass,pass,19
44101,1944898201,16|22|30|60,16|6|8|30,60,176344,88142,0.000340128342,0.000680256684,pass,pass,1
44111,1945780321,30|36|66|70,30|6|30|4,70,176374,88152,0.00039672644,0.00079345288,pass,pass,11
44119,1946486161,6|28|46|48,6|22|18|2,48,176428,88190,0.000271991659,0.000543983318,pass,pass,19
44123,1946839129,22|28|30|54,22|6|2|24,54,176438,88192,0.000305962877,0.000611925753,pass,pass,23
44129,1947368641,10|52|58|66,10|42|6|8,66,176450,88192,0.000373903782,0.000747807564,pass,pass,29
44131,1947545161,72|108|126|136,72|36|18|10,136,176388,88126,0.000770433482,0.001540866964,pass,pass,1
44159,1950017281,58|60|66|72,58|2|6|6,72,176564,88246,0.000407617926,0.000815235852,pass,pass,29
44171,1951077241,16|18|36|66,16|2|18|30,66,176618,88276,0.000373548256,0.000747096511,pass,pass,11
44179,1951784041,12|16|28|58,12|4|12|30,58,176658,88300,0.000328210236,0.000656420471,pass,pass,19
44189,1952667721,12|16|28|58,12|4|12|30,58,176698,88320,0.000328135961,0.000656271923,pass,pass,29
44201,1953728401,58|70|72|88,58|12|2|16,88,176716,88314,0.000497726296,0.000995452592,pass,pass,11
44203,1953905209,28|34|40|58,28|6|6|18,58,176754,88348,0.000328032034,0.000656064068,pass,pass,13
44207,1954258849,4|48|60|72,4|44|12|12,72,176756,88342,0.000407175334,0.000814350668,pass,pass,17
44221,1955496841,36|96|132|148,36|60|36|16,148,176736,88294,0.000836706542,0.001673413084,pass,pass,1
44249,1957974001,12|16|18|22,12|4|2|4,22,176974,88476,0.000124296594,0.000248593189,pass,pass,29
44257,1958682049,24|42|58|60,24|18|16|2,60,176968,88454,0.000338929435,0.00067785887,pass,pass,7
44263,1959213169,58|70|78|102,58|12|8|24,102,176950,88424,0.000576101936,0.001152203872,pass,pass,13
44267,1959567289,4|40|60|72,4|36|20|12,72,176996,88462,0.000406623444,0.000813246888,pass,pass,17
44269,1959744361,12|46|60|66,12|34|14|6,66,177010,88472,0.000372721317,0.000745442635,pass,pass,19
44273,1960098529,4|22|30|70,4|18|8|40,70,177022,88476,0.000395274772,0.000790549545,pass,pass,23
44279,1960629841,58|112|120|172,58|54|8|52,172,176944,88386,0.000971114975,0.001942229951,pass,pass,29
44281,1960806961,16|28|46|100,16|12|18|54,100,177024,88462,0.000564576229,0.001129152458,pass,pass,1
44293,1961869849,10|78|112|162,10|68|34|50,162,177010,88424,0.000914365701,0.001828731402,pass,pass,13
44351,1967011201,22|28|36|46,22|6|8|10,46,177358,88656,0.000259295168,0.000518590336,pass,pass,11
44357,1967543449,4|70|172|190,4|66|102|18,190,177238,88524,0.001070856911,0.002141713822,pass,pass,17
44371,1968785641,12|88|102|106,12|76|14|4,106,177378,88636,0.000597236934,0.001194473868,pass,pass,1
44381,1969673161,22|30|40|52,22|8|10|12,52,177472,88710,0.000292918141,0.000585836281,pass,pass,11
44383,1969850689,22|42|48|88,22|20|6|40,88,177444,88678,0.000495685285,0.00099137057,pass,pass,13
44389,1970383321,78|82|102|148,78|4|20|46,148,177408,88630,0.000833539841,0.001667079682,pass,pass,19
44417,1972869889,4|40|48|64,4|36|8|16,64,177604,88770,0.000360222437,0.000720444875,pass,pass,17
44449,1975713601,30|42|58|70,30|12|16|12,70,177726,88828,0.000393709645,0.00078741929,pass,pass,19
44453,1976069209,4|24|52|78,4|20|28|26,78,177734,88828,0.000438665557,0.000877331114,pass,pass,23
44483,1978737289,12|34|40|64,12|22|6|24,64,177868,88902,0.000359687971,0.000719375941,pass,pass,23
44491,1979449081,10|16|22|70,10|6|6|48,70,177894,88912,0.000393337978,0.000786675957,pass,pass,1
44497,1979983009,30|58|60|78,30|28|2|18,78,177910,88916,0.000438231791,0.000876463582,pass,pass,7
44501,1980339001,12|18|82|106,12|6|64|24,106,177898,88896,0.000595492236,0.001190984472,pass,pass,11
44507,1980873049,4|24|30|60,4|20|6|30,60,177968,88954,0.000337025636,0.000674051273,pass,pass,17
44519,1981941361,12|28|36|60,12|16|8|24,60,178016,88978,0.000336934792,0.000673869584,pass,pass,29
44531,1983009961,10|22|28|30,10|12|6|2,30,178094,89032,0.000168421998,0.000336843996,pass,pass,11
44533,1983188089,4|12|22|58,4|8|10|36,58,178074,89008,0.00032560124,0.000651202479,pass,pass,13
44537,1983544369,88|174|184|198,88|86|10|14,198,177950,88876,0.001111435436,0.002222870871,pass,pass,17
44543,1984078849,22|48|58|60,22|26|10|2,60,178112,89026,0.00033675325,0.000673506499,pass,pass,23
44549,1984613401,16|46|52|82,16|30|6|30,82,178114,89016,0.000460167456,0.000920334912,pass,pass,29
44563,1985860969,42|60|82|94,42|18|22|12,94,178158,89032,0.000527343312,0.001054686623,pass,pass,13
44579,1987287241,42|106|118|156,42|64|12|38,156,178160,89002,0.000874851387,0.001749702775,pass,pass,29
44587,1988000569,24|34|90|114,24|10|56|24,114,178234,89060,0.000639199767,0.001278399533,pass,pass,7
44617,1990676689,18|22|24|28,18|4|2|4,28,178440,89206,0.000156890871,0.000313781742,pass,pass,7
44621,1991033641,48|60|70|106,48|12|10|36,106,178378,89136,0.000593890769,0.001187781538,pass,pass,11
44623,1991212129,34|40|112|142,34|6|72|30,142,178350,89104,0.000795553862,0.001591107725,pass,pass,13
44633,1992104689,12|24|28|58,12|12|4|30,58,178474,89208,0.000324871732,0.000649743463,pass,pass,23
44641,1992818881,6|22|28|76,6|16|6|48,76,178488,89206,0.000425617706,0.000851235411,pass,pass,1
44647,1993354609,52|64|120|154,52|12|56|34,154,178434,89140,0.000862319977,0.001724639953,pass,pass,7
44651,1993711801,22|48|70|90,22|26|22|20,90,178514,89212,0.000503908087,0.001007816174,pass,pass,11
44657,1994247649,42|58|108|154,42|16|50|46,154,178474,89160,0.000862126878,0.001724253756,pass,pass,17
44683,1996570489,18|34|40|78,18|16|6|38,78,178654,89288,0.000436407582,0.000872815165,pass,pass,13
44687,1996927969,10|28|78|108,10|18|50|30,108,178640,89266,0.000604202565,0.001208405129,pass,pass,17
44699,1998000601,60|78|106|112,60|18|28|6,112,178684,89286,0.000626412224,0.001252824448,pass,pass,29
44701,1998179401,18|22|58|108,18|4|36|50,108,178696,89294,0.000604013333,0.001208026666,pass,pass,1
44711,1999073521,18|42|106|112,18|24|64|6,112,178732,89310,0.000626244101,0.001252488202,pass,pass,11
44729,2000683441,16|28|40|52,16|12|12|12,52,178864,89406,0.000290639183,0.000581278365,pass,pass,29
44741,2001757081,16|48|88|100,16|32|40|12,100,178864,89382,0.000558771597,0.001117543193,pass,pass,11
44753,2002831009,48|54|78|82,48|6|24|4,82,178930,89424,0.00045806985,0.0009161397,pass,pass,23
44771,2004442441,58|60|66|72,58|2|6|6,72,179012,89470,0.000402045967,0.000804091935,pass,pass,11
44773,2004621529,10|18|42|84,10|8|24|42,84,179008,89462,0.000469032676,0.000938065352,pass,pass,13
44777,2004979729,4|34|58|82,4|30|24|24,82,179026,89472,0.000457824329,0.000915648659,pass,pass,17
44789,2006054521,42|48|70|72,42|6|22|2,72,179084,89506,0.000401884391,0.000803768783,pass,pass,29
44797,2006771209,4|10|24|42,4|6|14|18,42,179146,89552,0.000234390696,0.000468781392,pass,pass,7
44809,2007846481,18|28|106|112,18|10|78|6,112,179124,89506,0.000624874467,0.001249748934,pass,pass,19
44819,2008742761,16|42|48|58,16|26|6|10,58,179218,89580,0.000323523506,0.000647047011,pass,pass,29
44839,2010535921,6|16|28|66,6|10|12|38,66,179290,89612,0.000367983229,0.000735966458,pass,pass,19
44843,2010894649,18|24|30|40,18|6|6|10,40,179332,89646,0.000223000245,0.000446000491,pass,pass,23
44851,2011612201,16|40|42|46,16|24|2|4,46,179358,89656,0.000256404539,0.000512809079,pass,pass,1
44867,2013047689,22|30|64|72,22|8|34|8,72,179396,89662,0.000401185727,0.000802371453,pass,pass,17
44879,2014124641,28|60|112|156,28|32|52|44,156,179360,89602,0.00086900332,0.00173800664,pass,pass,29
44887,2014842769,24|42|60|78,24|18|18|18,78,179470,89696,0.000434424221,0.000868848442,pass,pass,7
44893,2015381449,48|54|72|138,48|6|18|66,138,179434,89648,0.000768493975,0.001536987949,pass,pass,13
44909,2016818281,10|22|150|156,10|12|128|6,156,179480,89662,0.000868422811,0.001736845621,pass,pass,29
44917,2017536889,54|60|70|78,54|6|10|8,78,179590,89756,0.00043413407,0.000868268139,pass,pass,7
44927,2018435329,4|10|70|84,4|6|60|14,84,179624,89770,0.000467424934,0.000934849868,pass,pass,17
44939,2019513721,10|16|30|46,10|6|14|16,46,179710,89832,0.000255902446,0.000511804891,pass,pass,29
44953,2020772209,4|52|58|148,4|48|6|90,148,179664,89758,0.000823081886,0.001646163771,pass,pass,13
44959,2021311681,22|30|72|90,22|8|42|18,90,179746,89828,0.000500455971,0.001000911942,pass,pass,19
44963,2021671369,60|100|130|138,60|40|30|8,138,179714,89788,0.000767297556,0.001534595112,pass,pass,23
44971,2022390841,18|28|42|70,18|10|14|28,70,179814,89872,0.000389139668,0.000778279336,pass,pass,1
44983,2023470289,12|22|64|70,12|10|42|6,70,179862,89896,0.000389035858,0.000778071716,pass,pass,13
44987,2023830169,34|72|100|132,34|38|28|32,132,179816,89842,0.000733545246,0.001467090493,pass,pass,17
45007,2025630049,42|48|102|150,42|6|54|48,150,179878,89864,0.000833203724,0.001666407448,pass,pass,7
45013,2026170169,24|28|48|60,24|4|20|12,60,179992,89966,0.000333237065,0.00066647413,pass,pass,13
45053,2029772809,4|54|88|108,4|50|34|20,108,180104,89998,0.000599294165,0.001198588329,pass,pass,23
45061,2030493721,22|36|40|60,22|14|4|20,60,180184,90062,0.000332882093,0.000665764186,pass,pass,1
45077,2031935929,28|30|88|100,28|2|58|12,100,180208,90054,0.000554606562,0.001109213124,pass,pass,17
45083,2032476889,18|58|78|94,18|40|20|16,94,180238,90072,0.000521260786,0.001042521571,pass,pass,23
45119,2035724161,22|100|126|142,22|78|26|16,142,180334,90096,0.000786808218,0.001573616437,pass,pass,29
45121,2035904641,30|102|112|168,30|72|10|56,168,180316,90074,0.000930830434,0.001861660867,pass,pass,1
45127,2036446129,18|28|48|70,18|10|20|22,70,180438,90184,0.000387794447,0.000775588894,pass,pass,7
45131,2036807161,46|48|60|82,46|2|12|22,82,180442,90180,0.000454233232,0.000908466464,pass,pass,11
45137,2037348769,22|60|100|120,22|38|40|20,120,180428,90154,0.000664643197,0.001329286395,pass,pass,17
45139,2037529321,10|16|58|88,10|6|42|30,88,180468,90190,0.000487383416,0.000974766831,pass,pass,19
45161,2039515921,16|18|70|76,16|2|52|6,76,180568,90246,0.00042071699,0.000841433981,pass,pass,11
45179,2041142041,52|58|60|72,52|6|2|12,72,180644,90286,0.000398415193,0.000796830386,pass,pass,29
45181,2041322761,76|90|100|102,76|14|10|2,102,180622,90260,0.000564396538,0.001128793077,pass,pass,1
45191,2042226481,10|40|66|88,10|30|26|22,88,180676,90294,0.000486822597,0.000973645195,pass,pass,11
45197,2042768809,48|58|64|90,48|10|6|26,90,180698,90304,0.000497820652,0.000995641304,pass,pass,17
45233,2046024289,12|22|24|88,12|10|2|64,88,180844,90378,0.00048637057,0.00097274114,pass,pass,23
45247,2047291009,30|54|64|78,30|24|10|14,78,180910,90416,0.000430967799,0.000861935598,pass,pass,7
45259,2048377081,28|36|66|76,28|8|30|10,76,180960,90442,0.000419806005,0.000839612011,pass,pass,19
45263,2048739169,24|42|54|58,24|18|12|4,58,180994,90468,0.000320349955,0.000640699909,pass,pass,23
45281,2050368961,16|40|58|112,16|24|18|54,112,181012,90450,0.000618360902,0.001236721804,pass,pass,11
45289,2051093521,10|12|22|78,10|2|10|56,78,181078,90500,0.000430568129,0.000861136258,pass,pass,19
45293,2051455849,28|34|42|70,28|6|8|28,70,181102,90516,0.00038637317,0.00077274634,pass,pass,23
45307,2052724249,70|72|118|192,70|2|46|74,192,181036,90422,0.001059438939,0.002118877878,pass,pass,7
45317,2053630489,22|30|52|58,22|8|22|6,58,181210,90576,0.000319968224,0.000639936448,pass,pass,17
45319,2053811761,16|36|46|66,16|20|10|20,66,181210,90572,0.000364085704,0.000728171407,pass,pass,19
45329,2054718241,10|52|88|90,10|42|36|2,90,181226,90568,0.000496370977,0.000992741953,pass,pass,29
45337,2055443569,12|18|28|34,12|6|10|6,34,181314,90640,0.000187484836,0.000374969672,pass,pass,7
45341,2055806281,12|22|48|70,12|10|26|22,70,181294,90612,0.000385964138,0.000771928277,pass,pass,11
45343,2055987649,48|72|94|102,48|24|22|8,102,181270,90584,0.000562380081,0.001124760161,pass,pass,13
45361,2057620321,52|66|100|150,52|14|34|50,150,181294,90572,0.000826701351,0.001653402703,pass,pass,1
45377,2059072129,10|22|30|48,10|12|8|18,48,181460,90706,0.000264451154,0.000528902307,pass,pass,17
45389,2060161321,52|96|138|166,52|44|42|28,166,181390,90612,0.000914318447,0.001828636894,pass,pass,29
45403,2061432409,4|40|70|78,4|36|30|8,78,181534,90728,0.000429487038,0.000858974077,pass,pass,13
45413,2062340569,4|60|90|102,4|56|30|12,102,181550,90724,0.000561513223,0.001123026446,pass,pass,23
45427,2063612329,4|18|22|52,4|14|4|30,52,181656,90802,0.000286173421,0.000572346842,pass,pass,7
45433,2064157489,42|78|108|130,42|36|30|22,130,181602,90736,0.000715339071,0.001430678141,pass,pass,13
45439,2064702721,16|72|76|78,16|56|4|2,78,181678,90800,0.000429146768,0.000858293536,pass,pass,19
45481,2068521361,18|30|36|58,18|12|6|22,58,181866,90904,0.00031881445,0.0006376289,pass,pass,1
45491,2069431081,18|40|42|102,18|22|2|60,102,181862,90880,0.000560550439,0.001121100877,pass,pass,11
45497,2069977009,18|58|70|84,18|40|12|14,84,181904,90910,0.000461568895,0.000923137789,pass,pass,17
45503,2070523009,10|18|22|42,10|8|4|20,42,181970,90964,0.000230754016,0.000461508032,pass,pass,23
45523,2072343529,12|48|60|64,12|36|12|4,64,182028,90982,0.000351470685,0.00070294137,pass,pass,13
45533,2073254089,12|30|34|82,12|18|4|48,82,182050,90984,0.000450222915,0.00090044583,pass,pass,23
45541,2073982681,42|60|96|136,42|18|36|40,136,182028,90946,0.000746580005,0.00149316001,pass,pass,1
45553,2075075809,4|10|118|120,4|6|108|2,120,182092,90986,0.00065857353,0.001317147059,pass,pass,13
45557,2075440249,4|64|72|88,4|60|8|16,88,182140,91026,0.000482911517,0.000965823035,pass,pass,17
45569,2076533761,22|40|42|52,22|18|2|10,52,182224,91086,0.000285281661,0.000570563322,pass,pass,29
45587,2078174569,58|60|94|148,58|2|34|54,148,182200,91026,0.000811634896,0.001623269792,pass,pass,17
45589,2078356921,36|40|90|102,36|4|50|12,102,182254,91076,0.000559345456,0.001118690912,pass,pass,19
45599,2079268801,22|30|42|46,22|8|12|4,46,182350,91152,0.000252198513,0.000504397026,pass,pass,29
45613,2080545769,18|52|54|60,18|34|2|6,60,182392,91166,0.000328853616,0.000657707233,pass,pass,13
45631,2082188161,6|16|40|88,6|10|24|48,88,182436,91174,0.000482128378,0.000964256755,pass,pass,1
45641,2083100881,30|66|70|156,30|36|4|86,156,182408,91126,0.000854494862,0.001708989724,pass,pass,11
45659,2084744281,6|16|88|112,6|10|72|24,112,182524,91206,0.000613241639,0.001226483278,pass,pass,29
45667,2085474889,12|18|64|84,12|6|46|20,84,182584,91250,0.000459850658,0.000919701316,pass,pass,7
45673,2086022929,4|18|30|42,4|14|12|12,42,182650,91304,0.000229895124,0.000459790248,pass,pass,13
45677,2086388329,48|60|84|130,48|12|24|46,130,182578,91224,0.000711517832,0.001423035663,pass,pass,17
45691,2087667481,12|16|40|42,12|4|24|2,42,182722,91340,0.000229804557,0.000459609113,pass,pass,1
45697,2088215809,12|54|64|102,12|42|10|38,102,182686,91292,0.000558023503,0.001116047005,pass,pass,7
45707,2089129849,22|34|52|58,22|12|18|6,58,182770,91356,0.00031723806,0.00063447612,pass,pass,17
45737,2091873169,28|52|72|88,28|24|20|16,88,182860,91386,0.000481010998,0.000962021995,pass,pass,17
45751,2093154001,22|72|78|108,22|50|6|30,108,182896,91394,0.000590151035,0.00118030207,pass,pass,1
45757,2093703049,34|42|54|58,34|8|12|4,58,182970,91456,0.000316891405,0.000633782809,pass,pass,7
45763,2094252169,18|34|42|48,18|16|8|6,48,183004,91478,0.000262220571,0.000524441142,pass,pass,13
45767,2094618289,12|24|30|40,12|12|6|10,40,183028,91494,0.000218498044,0.000436996089,pass,pass,17
45779,2095716841,18|22|40|52,18|4|18|12,52,183064,91506,0.000283973001,0.000567946001,pass,pass,29
45817,2099197489,4|28|34|42,4|24|6|8,42,183226,91592,0.000229172578,0.000458345156,pass,pass,7
45821,2099564041,40|42|70|120,40|2|28|50,120,183164,91522,0.000654721634,0.001309443268,pass,pass,11
45823,2099747329,10|28|40|52,10|18|12|12,52,183240,91594,0.000283700325,0.00056740065,pass,pass,13
45827,2100113929,28|64|72|78,28|36|8|6,78,183230,91576,0.000425513344,0.000851026687,pass,pass,17
45833,2100663889,90|100|120|168,90|10|20|48,168,183164,91498,0.000916370301,0.001832740602,pass,pass,23
45841,2101397281,12|16|46|96,12|4|30|50,96,183268,91586,0.000523548788,0.001047097576,pass,pass,1
45853,2102497609,10|24|58|72,10|14|34|14,72,183340,91634,0.000392558829,0.000785117659,pass,pass,13
45863,2103414769,18|30|54|78,18|12|24|24,78,183374,91648,0.000425179338,0.000850358677,pass,pass,23
45869,2103965161,12|22|46|70,12|10|24|24,70,183406,91668,0.000381521289,0.000763042578,pass,pass,29
45887,2105616769,12|28|40|54,12|16|12|14,54,183494,91720,0.000294200972,0.000588401944,pass,pass,17
45893,2106167449,40|42|78|84,40|2|36|6,84,183488,91702,0.000457586124,0.000915172248,pass,pass,23
45943,2110759249,34|48|88|124,34|14|40|36,124,183648,91762,0.000674749146,0.001349498291,pass,pass,13
45949,2111310601,22|36|52|66,22|14|16|14,66,183730,91832,0.000359093778,0.000718187556,pass,pass,19
45953,2111678209,42|60|78|168,42|18|18|90,168,183644,91738,0.000913977325,0.001827954649,pass,pass,23
45959,2112229681,6|16|30|46,6|10|14|16,46,183790,91872,0.000250223025,0.00050044605,pass,pass,29
45971,2113332841,6|36|46|78,6|30|10|32,78,183806,91864,0.000424180462,0.000848360923,pass,pass,11
45979,2114068441,60|112|196|238,60|52|84|42,238,183678,91720,0.001294069032,0.002588138063,pass,pass,19
45989,2114988121,12|16|22|30,12|4|6|8,30,183926,91948,0.000163082476,0.000326164952,pass,pass,29
46021,2117932441,18|28|36|66,18|10|8|30,66,184018,91976,0.000358531975,0.000717063949,pass,pass,1
46027,2118484729,34|40|58|82,34|6|18|24,82,184026,91972,0.000445390749,0.000890781498,pass,pass,7
46049,2120510401,36|48|88|102,36|12|40|14,102,184094,91996,0.000553757953,0.001107515907,pass,pass,29
46051,2120694601,46|48|58|72,46|2|10|14,72,184132,92030,0.000390870991,0.000781741982,pass,pass,1
46061,2121615721,36|66|82|88,36|30|16|6,88,184156,92034,0.000477627494,0.000955254988,pass,pass,11
46073,2122721329,22|58|70|88,22|36|12|18,88,184204,92058,0.000477503093,0.000955006186,pass,pass,23
46091,2124380281,28|36|60|70,28|8|24|10,70,184294,92112,0.000379683669,0.000759367339,pass,pass,11
46093,2124564649,4|70|102|130,4|66|32|28,130,184242,92056,0.000705096219,0.001410192437,pass,pass,13
46099,2125117801,10|22|42|46,10|12|20|4,46,184350,92152,0.000249463112,0.000498926224,pass,pass,19
46103,2125486609,10|82|94|102,10|72|12|8,102,184310,92104,0.000553109342,0.001106218684,pass,pass,23
46133,2128253689,28|48|84|102,28|20|36|18,102,184430,92164,0.000552749659,0.001105499317,pass,pass,23
46141,2128991881,30|58|78|120,30|28|20|42,120,184444,92162,0.000650180967,0.001300361934,pass,pass,1
46147,2129545609,24|48|58|70,24|24|10|12,70,184518,92224,0.000379222918,0.000758445836,pass,pass,7
46153,2130099409,48|78|154|162,48|30|76|8,162,184450,92144,0.000877516088,0.001755032176,pass,pass,13
46171,2131761241,10|22|60|100,10|12|38|40,100,184584,92242,0.000541465422,0.001082930844,pass,pass,1
46181,2132684761,22|36|82|96,22|14|46|14,96,184628,92266,0.000519694247,0.001039388493,pass,pass,11
46183,2132869489,58|84|102|148,58|26|18|46,148,184584,92218,0.0008011606,0.0016023212,pass,pass,13
46187,2133238969,12|54|82|102,12|42|28|20,102,184646,92272,0.000552103406,0.001104206811,pass,pass,17
46199,2134347601,22|88|96|106,22|66|8|10,106,184690,92292,0.000573605489,0.001147210979,pass,pass,29
46219,2136195961,16|60|72|76,16|44|12|4,76,184800,92362,0.00041108635,0.0008221727,pass,pass,19
46229,2137120441,10|30|36|58,10|20|6|22,58,184858,92400,0.00031365593,0.000627311861,pass,pass,29
46237,2137860169,40|48|78|102,40|8|30|24,102,184846,92372,0.000551506369,0.001103012739,pass,pass,7
46261,2140080121,40|58|72|78,40|18|14|6,78,184966,92444,0.000421521368,0.000843042736,pass,pass,1
46271,2141005441,28|46|58|66,28|18|12|8,66,185018,92476,0.000356594843,0.000713189687,pass,pass,11
46273,2141190529,10|30|34|48,10|20|4|14,48,185044,92498,0.000259330495,0.00051866099,pass,pass,13
46279,2141745841,28|48|72|76,28|20|24|4,76,185040,92482,0.000410553383,0.000821106765,pass,pass,19
46301,2143782601,6|90|108|120,6|84|18|12,120,185084,92482,0.00064793417,0.00129586834,pass,pass,11
46307,2144338249,18|30|48|78,18|12|18|30,78,185150,92536,0.000421102641,0.000842205282,pass,pass,17
46309,2144523481,18|28|36|48,18|10|8|12,48,185188,92570,0.000259128895,0.00051825779,pass,pass,19
46327,2146190929,12|24|42|58,12|12|18|16,58,185250,92596,0.000312992423,0.000625984847,pass,pass,7
46337,2147117569,48|58|88|100,48|10|30|12,100,185248,92574,0.000539525649,0.001079051298,pass,pass,17
46349,2148229801,16|22|40|42,16|6|18|2,42,185354,92656,0.000226542104,0.000453084209,pass,pass,29
46351,2148415201,36|58|70|108,36|22|12|38,108,185296,92594,0.000582511704,0.001165023408,pass,pass,1
46381,2151197161,22|36|58|106,22|14|22|48,106,185418,92656,0.00057135465,0.001142709299,pass,pass,1
46399,2152867201,46|70|72|130,46|24|2|58,130,185466,92668,0.00070044613,0.001400892261,pass,pass,19
46411,2153980921,28|30|58|66,28|2|28|8,66,185578,92756,0.000355519166,0.000711038331,pass,pass,1
46439,2156580721,12|18|22|28,12|6|4|6,28,185728,92850,0.000150735373,0.000301470747,pass,pass,29
46441,2156766481,6|52|106|132,6|46|54|26,132,185632,92750,0.000710579014,0.001421158028,pass,pass,1
46447,2157323809,34|102|120|148,34|68|18|28,148,185640,92746,0.000796606885,0.001593213771,pass,pass,7
46451,2157695401,28|46|88|102,28|18|42|14,102,185702,92800,0.000548965577,0.001097931153,pass,pass,11
46457,2158252849,4|22|70|90,4|18|48|20,90,185738,92824,0.000484318832,0.000968637665,pass,pass,17
46471,2159553841,30|42|76|78,30|12|34|2,78,185806,92864,0.000419616535,0.00083923307,pass,pass,1
46477,2160111529,52|78|88|94,52|26|10|6,94,185814,92860,0.000505626439,0.001011252878,pass,pass,7
46489,2161227121,36|40|106|130,36|4|66|24,130,185826,92848,0.000699090107,0.001398180215,pass,pass,19
46499,2162157001,6|36|42|46,6|30|6|4,46,185950,92952,0.000247317147,0.000494634293,pass,pass,29
46507,2162901049,30|52|78|84,30|22|26|6,84,185944,92930,0.000451544929,0.000903089857,pass,pass,7
46511,2163273121,6|60|72|88,6|54|12|16,88,185956,92934,0.000473006386,0.000946012771,pass,pass,11
46523,2164389529,30|52|64|84,30|22|12|20,84,186008,92962,0.000451389635,0.00090277927,pass,pass,23
46549,2166809401,66|72|120|138,66|6|48|18,138,186058,92960,0.000741154482,0.001482308965,pass,pass,19
46559,2167740481,58|100|102|118,58|42|2|16,118,186118,93000,0.000633604674,0.001267209347,pass,pass,29
46567,2168485489,58|60|84|100,58|2|24|16,100,186168,93034,0.000536860867,0.001073721734,pass,pass,7
46573,2169044329,30|40|82|84,30|10|42|2,84,186208,93062,0.000450905031,0.000901810062,pass,pass,13
46589,2170534921,10|58|60|66,10|48|2|6,66,186290,93112,0.000354160853,0.000708321707,pass,pass,29
46591,2170721281,36|60|70|78,36|24|10|8,78,186286,93104,0.000418535769,0.000837071537,pass,pass,1
46601,2171653201,42|76|102|132,42|34|26|30,132,186272,93070,0.00070813931,0.001416278621,pass,pass,11
46619,2173331161,30|40|52|58,30|10|12|6,58,186418,93180,0.000311031983,0.000622063965,pass,pass,29
46633,2174636689,42|52|54|82,42|10|2|28,82,186450,93184,0.000439602856,0.000879205713,pass,pass,13
46639,2175196321,6|36|58|60,6|30|22|2,60,186496,93218,0.000321619246,0.000643238491,pass,pass,19
46643,2175569449,18|48|54|78,18|30|6|24,78,186494,93208,0.000418069164,0.000836138327,pass,pass,23
46649,2176129201,28|58|96|102,28|30|38|6,102,186494,93196,0.000546635512,0.001093271024,pass,pass,29
46663,2177435569,12|24|70|88,12|12|46|18,88,186564,93238,0.000471465615,0.00094293123,pass,pass,13
46679,2178929041,78|102|120|130,78|24|18|10,130,186586,93228,0.000696244564,0.001392489128,pass,pass,29
46681,2179115761,28|30|60|70,28|2|30|10,70,186654,93292,0.000374884857,0.000749769714,pass,pass,1
46687,2179675969,28|34|52|58,28|6|18|6,58,186690,93316,0.000310578962,0.000621157924,pass,pass,7
46691,2180049481,10|30|46|78,10|20|16|32,78,186686,93304,0.000417639374,0.000835278748,pass,pass,11
46703,2181170209,4|12|28|64,4|8|16|36,64,186748,93342,0.000342590412,0.000685180824,pass,pass,23
46723,2183038729,28|48|78|114,28|20|30|36,114,186778,93332,0.000609977955,0.00121995591,pass,pass,13
46727,2183412529,12|48|70|82,12|36|22|12,82,186826,93372,0.000438718514,0.000877437028,pass,pass,17
46747,2185282009,10|54|88|100,10|44|34|12,100,186888,93394,0.000534793677,0.001069587353,pass,pass,7
46751,2185656001,18|40|48|90,18|22|8|42,90,186914,93412,0.000481273128,0.000962546256,pass,pass,11
46757,2186217049,90|142|150|168,90|52|8|18,168,186860,93346,0.000898261223,0.001796522446,pass,pass,17
46769,2187339361,28|48|96|120,28|20|48|24,120,186956,93418,0.000641450533,0.001282901067,pass,pass,29
46771,2187526441,36|48|66|90,36|12|18|24,90,186994,93452,0.000481067328,0.000962134656,pass,pass,1
46807,2190895249,12|34|48|54,12|22|14|6,54,187174,93560,0.000288418399,0.000576836798,pass,pass,7
46811,2191269721,60|72|76|130,60|12|4|54,130,187114,93492,0.000694281259,0.001388562517,pass,pass,11
46817,2191831489,28|30|52|70,28|2|22|18,70,187198,93564,0.000373795843,0.000747591687,pass,pass,17
46819,2192018761,28|36|52|66,28|8|16|14,66,187210,93572,0.000352421026,0.000704842051,pass,pass,19
46829,2192955241,12|28|46|58,12|16|18|12,58,187258,93600,0.000309637191,0.000619274381,pass,pass,29
46831,2193142561,10|46|88|126,10|36|42|38,126,187198,93536,0.000672631377,0.001345262753,pass,pass,1
46853,2195203609,34|60|70|100,34|26|10|30,100,187312,93606,0.000533583762,0.001067167524,pass,pass,23
46861,2195953321,18|42|52|60,18|24|10|8,60,187384,93662,0.000320095602,0.000640191204,pass,pass,1
46867,2196515689,12|18|60|70,12|6|42|10,70,187398,93664,0.00037339706,0.00074679412,pass,pass,7
46877,2197453129,28|78|88|112,28|50|10|24,112,187396,93642,0.000597307848,0.001194615696,pass,pass,17
46889,2198578321,16|36|66|106,16|20|30|40,106,187450,93672,0.000565164538,0.001130329075,pass,pass,29
46901,2199703801,10|96|100|126,10|86|4|26,126,187478,93676,0.000671627471,0.001343254941,pass,pass,11
46919,2201392561,36|70|90|142,36|34|20|52,142,187534,93696,0.000756623116,0.001513246233,pass,pass,29
46933,2202706489,54|58|78|100,54|4|20|22,100,187632,93766,0.000532674238,0.001065348475,pass,pass,13
46957,2204959849,72|82|100|108,72|10|18|8,108,187720,93806,0.000574994144,0.001149988287,pass,pass,7
46993,2208342049,64|72|82|90,64|8|10|8,90,187882,93896,0.000478794714,0.000957589428,pass,pass,13
46997,2208718009,40|42|58|114,40|2|16|56,114,187874,93880,0.000606421686,0.001212843373,pass,pass,17
47017,2210598289,4|28|34|58,4|24|6|24,58,188010,93976,0.00030839909,0.000616798179,pass,pass,7
47041,2212855681,36|40|70|72,36|4|30|2,72,188092,94010,0.000382644927,0.000765289854,pass,pass,1
47051,2213796601,18|22|30|70,18|4|8|40,70,188134,94032,0.000371936834,0.000743873669,pass,pass,11
47057,2214361249,18|34|48|52,18|16|14|4,52,188176,94062,0.000276260705,0.00055252141,pass,pass,17
47059,2214549481,36|40|58|72,36|4|18|14,72,188164,94046,0.000382498566,0.000764997131,pass,pass,19
47087,2217185569,4|22|30|40,4|18|8|10,40,188308,94134,0.000212372842,0.000424745684,pass,pass,17
47093,2217750649,4|58|100|114,4|54|42|14,114,188258,94072,0.000605185484,0.001210370968,pass,pass,23
47111,2219446321,10|28|102|186,10|18|74|84,186,188258,94036,0.00098703063,0.00197406126,pass,pass,11
47119,2220200161,6|36|58|70,6|30|22|12,70,188406,94168,0.000371400072,0.000742800144,pass,pass,19
47123,2220577129,12|88|102|114,12|76|14|12,114,188378,94132,0.000604800204,0.001209600407,pass,pass,23
47129,2221142641,40|46|48|70,40|6|2|22,70,188446,94188,0.000371321267,0.000742642534,pass,pass,29
47137,2221896769,4|28|42|58,4|24|14|16,58,188490,94216,0.000307613976,0.000615227953,pass,pass,7
47143,2222462449,34|42|48|54,34|8|6|6,54,188518,94232,0.000286362769,0.000572725537,pass,pass,13
47147,2222839609,18|40|42|48,18|22|2|6,48,188540,94246,0.000254523087,0.000509046175,pass,pass,17
47149,2223028201,16|18|42|66,16|2|24|24,66,188530,94232,0.0003499544,0.0006999088,pass,pass,19
47161,2224159921,16|22|36|90,16|6|14|54,90,188554,94232,0.00047708912,0.00095417824,pass,pass,1
47189,2226801721,30|60|70|126,30|30|10|56,126,188630,94252,0.000667528449,0.001335056899,pass,pass,29
47207,2228500849,22|42|70|82,22|20|28|12,82,188746,94332,0.000434257631,0.000868515263,pass,pass,17
47221,2229822841,22|58|96|100,22|36|38|4,100,188784,94342,0.000529425467,0.001058850935,pass,pass,1
47237,2231334169,22|58|60|70,22|36|2|10,70,188878,94404,0.000370472299,0.000740944599,pass,pass,17
47251,2232657001,28|40|46|60,28|12|6|14,60,188944,94442,0.000317453599,0.000634907198,pass,pass,1
47269,2234358361,6|22|42|46,6|16|20|4,46,189030,94492,0.000243288413,0.000486576826,pass,pass,19
47279,2235303841,18|28|52|60,18|10|24|8,60,189056,94498,0.000317265594,0.000634531187,pass,pass,29
47287,2236060369,4|72|90|112,4|68|18|22,112,189036,94462,0.000592128915,0.00118425783,pass,pass,7
47293,2236627849,4|18|30|60,4|14|12|30,60,189112,94526,0.000317171674,0.000634343349,pass,pass,13
47297,2237006209,58|84|88|100,58|26|4|12,100,189088,94494,0.000528574751,0.001057149502,pass,pass,17
47303,2237573809,30|58|64|108,30|28|6|44,108,189104,94498,0.000570788322,0.001141576644,pass,pass,23
47309,2238141481,28|58|60|72,28|30|2|12,72,189164,94546,0.000380477288,0.000760954575,pass,pass,29
47317,2238898489,28|60|64|70,28|32|4|6,70,189198,94564,0.000369845933,0.000739691866,pass,pass,7
47339,2240980921,22|36|60|106,22|14|24|46,106,189250,94572,0.000559792138,0.001119584275,pass,pass,29
47351,2242117201,42|60|76|90,42|18|16|14,90,189314,94612,0.000475174759,0.000950349517,pass,pass,11
47353,2242306609,34|88|90|102,34|54|2|12,102,189310,94604,0.000538508648,0.001077017296,pass,pass,13
47363,2243253769,58|108|124|150,58|50|16|26,150,189302,94576,0.000791757279,0.001583514558,pass,pass,23
47381,2244959161,156|168|180|186,156|12|12|6,186,189338,94576,0.000981406049,0.001962812098,pass,pass,11
47387,2245527769,30|58|84|90,30|28|26|6,90,189458,94684,0.000474813767,0.000949627535,pass,pass,17
47389,2245717321,16|18|40|46,16|2|22|6,46,189510,94732,0.00024267235,0.0004853447,pass,pass,19
47407,2247423649,28|42|58|94,28|14|16|36,94,189534,94720,0.000495707385,0.00099141477,pass,pass,7
47417,2248371889,22|124|144|150,22|102|20|6,150,189518,94684,0.0007908556,0.001581711201,pass,pass,17
47419,2248561561,28|30|36|60,28|2|6|24,60,189616,94778,0.000316328898,0.000632657795,pass,pass,19
47431,2249699761,12|22|40|52,12|10|18|12,52,189672,94810,0.000274082351,0.000548164702,pass,pass,1
47441,2250648481,12|30|46|48,12|18|16|2,48,189716,94834,0.000252945764,0.000505891528,pass,pass,11
47459,2252356681,18|28|40|82,18|10|12|42,82,189754,94836,0.00043195179,0.00086390358,pass,pass,29
47491,2255395081,10|16|18|46,10|6|2|28,46,189918,94936,0.000242151144,0.000484302289,pass,pass,1
47497,2255965009,18|22|30|102,18|4|8|72,102,189886,94892,0.000536876013,0.001073752026,pass,pass,7
47501,2256345001,22|40|52|66,22|18|12|14,66,189938,94936,0.000347361108,0.000694722216,pass,pass,11
47507,2256915049,30|34|58|70,30|4|24|12,70,189958,94944,0.000368366767,0.000736733534,pass,pass,17
47513,2257485169,10|52|102|112,10|42|50|10,112,189940,94914,0.000589312399,0.001178624797,pass,pass,23
47521,2258245441,6|18|22|30,6|12|4|8,30,190054,95012,0.000157824962,0.000315649923,pass,pass,1
47527,2258815729,30|70|102|132,30|40|32|30,132,189976,94922,0.000694342163,0.001388684327,pass,pass,7
47533,2259386089,34|52|58|94,34|18|6|36,94,190038,94972,0.000494393369,0.000988786738,pass,pass,13
47543,2260336849,40|58|60|64,40|18|2|4,64,190108,95022,0.00033653745,0.000673074901,pass,pass,23
47563,2262238969,28|30|58|100,28|2|28|42,100,190152,95026,0.000525618653,0.001051237306,pass,pass,13
47569,2262809761,10|28|36|60,10|18|8|24,60,190216,95078,0.000315331413,0.000630662827,pass,pass,19
47581,2263951561,28|48|76|112,28|20|28|36,112,190212,95050,0.000588470188,0.001176940375,pass,pass,1
47591,2264903281,40|42|46|58,40|2|4|12,58,190306,95124,0.000304679456,0.000609358912,pass,pass,11
47599,2265664801,10|12|102|108,10|2|90|6,108,190288,95090,0.000567238808,0.001134477615,pass,pass,19
47609,2266616881,36|58|88|118,36|22|30|30,118,190318,95100,0.000619630742,0.001239261484,pass,pass,29
47623,2267950129,22|34|48|64,22|12|14|16,64,190428,95182,0.000335972114,0.000671944229,pass,pass,13
47629,2268521641,42|46|58|72,42|4|12|14,72,190444,95186,0.000377921015,0.000755842029,pass,pass,19
47639,2269474321,36|70|72|88,36|34|2|16,88,190468,95190,0.000461806503,0.000923613006,pass,pass,29
47653,2270808409,4|72|148|162,4|68|76|14,162,190450,95144,0.000849894026,0.001699788051,pass,pass,13
47657,2271189649,4|18|54|60,4|14|36|6,60,190568,95254,0.000314749145,0.00062949829,pass,pass,17
47659,2271380281,18|66|100|108,18|48|34|8,108,190528,95210,0.000566524686,0.001133049372,pass,pass,19
47681,2273477761,36|48|58|66,36|12|10|8,66,190658,95296,0.000346049789,0.000692099578,pass,pass,11
47699,2275194601,10|12|18|66,10|2|6|48,66,190730,95332,0.000345919202,0.000691838403,pass,pass,29
47701,2275385401,18|46|76|102,18|28|30|26,102,190702,95300,0.000534579988,0.001069159976,pass,pass,1
47711,2276339521,52|96|150|156,52|44|54|6,156,190688,95266,0.000817421559,0.001634843118,pass,pass,11
47713,2276530369,10|24|28|54,10|14|4|26,54,190798,95372,0.000282941756,0.000565883512,pass,pass,13
47717,2276912089,34|72|84|112,34|38|12|28,112,190756,95322,0.000586792967,0.001173585934,pass,pass,17
47737,2278821169,34|60|70|88,34|26|10|18,88,190860,95386,0.000460858454,0.000921716907,pass,pass,7
47741,2279203081,16|28|36|58,16|12|8|22,58,190906,95424,0.000303722168,0.000607444335,pass,pass,11
47743,2279394049,4|18|30|58,4|14|12|28,58,190914,95428,0.000303709444,0.000607418889,pass,pass,13
47777,2282641729,18|42|58|120,18|24|16|62,120,190988,95434,0.000627917199,0.001255834397,pass,pass,17
47779,2282832841,16|22|76|100,16|6|54|24,100,191016,95458,0.000523242429,0.001046484857,pass,pass,19
47791,2283979681,12|36|48|76,12|24|12|28,76,191088,95506,0.000397564395,0.00079512879,pass,pass,1
47797,2284553209,22|52|54|94,22|30|2|40,94,191094,95500,0.000491662657,0.000983325313,pass,pass,7
47807,2285509249,18|22|60|64,18|4|38|4,64,191164,95550,0.000334679022,0.000669358044,pass,pass,17
47809,2285700481,16|18|36|58,16|2|18|22,58,191178,95560,0.000303290175,0.000606580351,pass,pass,19
47819,2286656761,12|16|48|72,12|4|32|24,72,191204,95566,0.000376419415,0.00075283883,pass,pass,29
47837,2288378569,42|52|54|94,42|10|2|40,94,191254,95580,0.000491251542,0.000982503083,pass,pass,17
47843,2288952649,12|22|48|54,12|10|26|6,54,191318,95632,0.000282172941,0.000564345881,pass,pass,23
47857,2290292449,42|58|84|90,42|16|26|6,90,191338,95624,0.000470150657,0.000940301314,pass,pass,7
47869,2291441161,18|28|52|70,18|10|24|18,70,191406,95668,0.000365581065,0.00073116213,pass,pass,19
47881,2292590161,82|96|120|162,82|14|24|42,162,191362,95600,0.000845846996,0.001691693991,pass,pass,1
47903,2294697409,12|30|64|112,12|18|34|48,112,191500,95694,0.00058451454,0.00116902908,pass,pass,23
47911,2295463921,6|18|72|100,6|12|54|28,100,191544,95722,0.000521800839,0.001043601678,pass,pass,1
47917,2296038889,30|40|42|48,30|10|2|6,48,191620,95786,0.00025043304,0.000500866081,pass,pass,7
47933,2297572489,18|94|130|192,18|76|36|62,192,191540,95674,0.001001397784,0.002002795569,pass,pass,23
47939,2298147721,18|60|78|126,18|42|18|48,126,191630,95752,0.000657085046,0.001314170091,pass,pass,29
47947,2298914809,22|48|58|64,22|26|10|6,64,191724,95830,0.000333701796,0.000667403591,pass,pass,7
47951,2299298401,22|58|60|72,22|36|2|12,72,191732,95830,0.000375383204,0.000750766407,pass,pass,11
47963,2300449369,4|22|40|52,4|18|18|12,52,191800,95874,0.000271042262,0.000542084523,pass,pass,23
47969,2301024961,6|30|48|72,6|24|18|24,72,191804,95866,0.000375242344,0.000750484688,pass,pass,29
47977,2301792529,10|28|54|60,10|18|26|6,60,191848,95894,0.000312649811,0.000625299623,pass,pass,7
47981,2302176361,72|88|90|108,72|16|2|18,108,191816,95854,0.000562722744,0.001125445489,pass,pass,11
48017,2305632289,28|78|88|94,28|50|10|6,94,191974,95940,0.000489410001,0.000978820001,pass,pass,17
48023,2306208529,4|10|18|42,4|6|8|24,42,192050,96004,0.000218645232,0.000437290465,pass,pass,23
48029,2306784841,6|12|72|88,6|6|60|16,88,192028,95970,0.000458056591,0.000916113182,pass,pass,29
48049,2308706401,16|18|22|52,16|2|4|30,52,192144,96046,0.00027055714,0.000541114279,pass,pass,19
48073,2311013329,58|72|100|108,58|14|28|8,108,192184,96038,0.00056164583,0.001123291661,pass,pass,13
48079,2311590241,10|16|28|30,10|6|12|2,30,192286,96128,0.000155993261,0.000311986522,pass,pass,19
48091,2312744281,16|60|108|126,16|44|48|18,126,192238,96056,0.000655008214,0.001310016427,pass,pass,1
48109,2314475881,6|12|42|46,6|6|30|4,46,192390,96172,0.000239040512,0.000478081024,pass,pass,19
48119,2315438161,18|36|40|102,18|18|4|62,102,192374,96136,0.0005299362,0.0010598724,pass,pass,29
48121,2315630641,18|22|30|46,18|4|8|16,46,192438,96196,0.000238980902,0.000477961805,pass,pass,1
48131,2316593161,12|16|46|70,12|4|30|24,70,192454,96192,0.000363591033,0.000727182066,pass,pass,11
48157,2319096649,22|28|48|94,22|6|20|46,94,192534,96220,0.000487987209,0.000975974417,pass,pass,7
48163,2319674569,28|88|94|108,28|60|6|14,108,192544,96218,0.000560596308,0.001121192617,pass,pass,13
48179,2321216041,22|36|40|106,22|14|4|66,106,192610,96252,0.000550032172,0.001100064343,pass,pass,29
48187,2321986969,12|30|40|54,12|18|10|14,54,192694,96320,0.000280158549,0.000560317098,pass,pass,7
48193,2322565249,54|78|82|88,54|24|4|6,88,192684,96298,0.000456497832,0.000912995663,pass,pass,13
48197,2322950809,18|48|84|138,18|30|36|54,138,192650,96256,0.000715812187,0.001431624375,pass,pass,17
48221,2325264841,6|12|42|60,6|6|30|18,60,192824,96382,0.000311067792,0.000622135584,pass,pass,11
48239,2327001121,16|18|58|60,16|2|40|2,60,192896,96418,0.00031095172,0.000621903439,pass,pass,29
48247,2327773009,4|22|24|30,4|18|2|6,30,192958,96464,0.00015545008,0.00031090016,pass,pass,7
48259,2328931081,12|36|72|96,12|24|36|24,96,192940,96422,0.000497316563,0.000994633125,pass,pass,19
48271,2330089441,28|40|42|58,28|12|2|16,58,193026,96484,0.000300387396,0.000600774792,pass,pass,1
48281,2331054961,46|96|130|156,46|50|34|26,156,192968,96406,0.000807771173,0.001615542346,pass,pass,11
48299,2332793401,28|42|46|60,28|14|4|14,60,193136,96538,0.000310565436,0.000621130872,pass,pass,29
48311,2333952721,6|28|52|90,6|22|24|38,90,193154,96532,0.000465732442,0.000931464884,pass,pass,11
48313,2334145969,24|42|52|58,24|18|10|6,58,193194,96568,0.00030012626,0.00060025252,pass,pass,13
48337,2336465569,42|58|124|144,42|16|66|20,144,193204,96530,0.000744771086,0.001489542173,pass,pass,7
48341,2336852281,22|52|130|150,22|30|78|20,150,193214,96532,0.000775739021,0.001551478041,pass,pass,11
48353,2338012609,30|52|58|64,30|22|6|6,64,193348,96642,0.000330899841,0.000661799682,pass,pass,23
48371,2339753641,18|40|52|108,18|22|12|56,108,193376,96634,0.00055818569,0.00111637138,pass,pass,11
48383,2340914689,12|28|42|54,12|16|14|12,54,193478,96712,0.000279023624,0.000558047248,pass,pass,23
48397,2342269609,18|28|58|72,18|10|30|14,72,193516,96722,0.00037192388,0.000743847759,pass,pass,7
48407,2343237649,12|58|78|102,12|46|20|24,102,193526,96712,0.000526783316,0.001053566633,pass,pass,17
48409,2343431281,22|28|88|118,22|6|60|30,118,193518,96700,0.000609390816,0.001218781632,pass,pass,19
48413,2343818569,4|10|22|52,4|6|12|30,52,193600,96774,0.000268522917,0.000537045835,pass,pass,23
48437,2346142969,30|100|102|150,30|70|2|48,150,193598,96724,0.00077420154,0.00154840308,pass,pass,17
48449,2347305601,6|12|76|102,6|6|64|26,102,193694,96796,0.000526326653,0.001052653306,pass,pass,29
48463,2348662369,4|22|54|60,4|18|32|6,60,193792,96866,0.000309514475,0.00061902895,pass,pass,13
48473,2349631729,30|58|78|112,30|28|20|34,112,193780,96834,0.000577641161,0.001155282322,pass,pass,23
48479,2350213441,10|66|70|76,10|56|4|6,76,193840,96882,0.000391922276,0.000783844551,pass,pass,29
48481,2350407361,12|40|52|66,12|28|12|14,66,193858,96896,0.000340339514,0.000680679029,pass,pass,1
48487,2350989169,64|100|114|130,64|36|14|16,130,193818,96844,0.000670282756,0.001340565512,pass,pass,7
48491,2351377081,6|58|76|96,6|52|18|20,96,193868,96886,0.000494937205,0.00098987441,pass,pass,11
48497,2351959009,10|24|30|54,10|14|6|24,54,193934,96940,0.000278367734,0.000556735468,pass,pass,17
48523,2354481529,12|28|82|88,12|16|54|6,88,194004,96958,0.000453393236,0.000906786472,pass,pass,13
48527,2354869729,24|28|58|70,24|4|30|12,70,194038,96984,0.000360623983,0.000721247965,pass,pass,17
48533,2355452089,58|70|78|90,58|12|8|12,90,194042,96976,0.000463602085,0.00092720417,pass,pass,23
48539,2356034521,42|66|112|136,42|24|46|24,136,194020,96942,0.000700467665,0.00140093533,pass,pass,29
48541,2356228681,30|42|48|58,30|12|6|10,58,194106,97024,0.000298716549,0.000597433098,pass,pass,1
48563,2358364969,10|34|64|72,10|24|30|8,72,194180,97054,0.000370652554,0.000741305109,pass,pass,23
48571,2359142041,18|28|60|72,18|10|32|12,72,194212,97070,0.000370591505,0.00074118301,pass,pass,1
48589,2360890921,22|30|46|48,22|8|16|2,48,194308,97130,0.000246969479,0.000493938957,pass,pass,19
48593,2361279649,60|72|84|112,60|12|12|28,112,194260,97074,0.000576214681,0.001152429362,pass,pass,23
48611,2363029321,28|42|76|108,28|14|34|32,108,194336,97114,0.000555429841,0.001110859682,pass,pass,11
48619,2363807161,30|46|48|58,30|16|2|10,58,194418,97180,0.000298237315,0.000596474629,pass,pass,19
48623,2364196129,52|64|78|94,52|12|14|16,94,194398,97152,0.000483310368,0.000966620735,pass,pass,23
48647,2366530609,58|120|132|144,58|62|12|12,144,194444,97150,0.000740025079,0.001480050157,pass,pass,17
48649,2366725201,16|36|40|42,16|20|4|2,42,194554,97256,0.000215831775,0.000431663549,pass,pass,19
48661,2367892921,42|60|78|130,42|18|18|52,130,194514,97192,0.000667885987,0.001335771973,pass,pass,1
48673,2369060929,54|58|88|102,54|4|30|14,102,194590,97244,0.000523904423,0.001047808847,pass,pass,13
48677,2369450329,12|22|24|28,12|10|2|4,28,194680,97326,0.000143805082,0.000287610165,pass,pass,17
48679,2369645041,36|58|78|82,36|22|20|4,82,194634,97276,0.000421126153,0.000842252306,pass,pass,19
48731,2374710361,36|90|108|118,36|54|18|10,118,194806,97344,0.000605364142,0.001210728284,pass,pass,11
48733,2374905289,54|60|64|70,54|6|4|6,70,194862,97396,0.000359099583,0.000718199167,pass,pass,13
48751,2376660001,16|46|58|72,16|30|12|14,72,194932,97430,0.000369223195,0.000738446391,pass,pass,1
48757,2377245049,34|40|70|78,34|6|30|8,78,194950,97436,0.000399942572,0.000799885145,pass,pass,7
48761,2377635121,36|66|96|130,36|30|30|34,130,194914,97392,0.000666516273,0.001333032547,pass,pass,11
48767,2378220289,30|48|142|144,30|18|94|2,144,194924,97390,0.000738204113,0.001476408227,pass,pass,17
48779,2379390841,22|36|42|60,22|14|6|18,60,195056,97498,0.000307509379,0.000615018758,pass,pass,29
48781,2379585961,16|30|168|228,16|14|138|60,228,194896,97334,0.001168487731,0.002336975462,pass,pass,1
48787,2380171369,4|28|60|90,4|24|32|30,90,195058,97484,0.000461188431,0.000922376863,pass,pass,7
48799,2381342401,22|70|76|102,22|48|6|26,102,195094,97496,0.000522551692,0.001045103383,pass,pass,19
48809,2382318481,6|12|22|28,6|6|10|6,28,195208,97590,0.000143416173,0.000286832346,pass,pass,29
48817,2383099489,24|52|82|94,24|28|30|12,94,195174,97540,0.00048138968,0.00096277936,pass,pass,7
48821,2383490041,6|60|66|72,6|54|6|6,72,195212,97570,0.0003686938,0.0007373876,pass,pass,11
48823,2383685329,4|12|42|60,4|8|30|18,60,195232,97586,0.000307232247,0.000614464494,pass,pass,13
48847,2386029409,4|58|64|112,4|54|6|48,112,195276,97582,0.000573218417,0.001146436833,pass,pass,7
48857,2387006449,10|22|24|58,10|12|2|34,58,195370,97656,0.000296784494,0.000593568987,pass,pass,17
48859,2387201881,28|42|58|70,28|14|16|12,70,195366,97648,0.00035817352,0.000716347039,pass,pass,19
48869,2388179161,70|96|130|156,70|26|34|26,156,195320,97582,0.000798051935,0.00159610387,pass,pass,29
48871,2388374641,6|42|90|102,6|36|48|12,102,195382,97640,0.000521781834,0.001043563668,pass,pass,1
48883,2389547689,48|78|130|154,48|30|52|24,154,195378,97612,0.000787594869,0.001575189739,pass,pass,13
48889,2390134321,12|16|18|22,12|4|2|4,22,195534,97756,0.000112499744,0.000224999489,pass,pass,19
48907,2391894649,28|40|42|60,28|12|2|18,60,195568,97754,0.000306704562,0.000613409123,pass,pass,7
48947,2395808809,30|34|94|114,30|4|60|20,114,195674,97780,0.000582262447,0.001164524894,pass,pass,17
48953,2396396209,30|42|60|82,30|12|18|22,82,195730,97824,0.000418769023,0.000837538047,pass,pass,23
48973,2398354729,4|24|28|40,4|20|4|12,40,195852,97906,0.000204194148,0.000408388296,pass,pass,13
48989,2399922121,18|48|76|78,18|30|28|2,78,195878,97900,0.000398048542,0.000796097083,pass,pass,29
48991,2400118081,6|12|130|142,6|6|118|12,142,195822,97840,0.00072462289,0.00144924578,pass,pass,1
49003,2401294009,48|58|70|102,48|10|12|32,102,195910,97904,0.000520376303,0.001040752607,pass,pass,13
49009,2401882081,16|22|36|42,16|6|14|6,42,195994,97976,0.000214246363,0.000428492726,pass,pass,19
49019,2402862361,28|76|100|120,28|48|24|20,120,195956,97918,0.000612007589,0.001224015178,pass,pass,29
49031,2404038961,48|60|120|150,48|12|60|30,150,195974,97912,0.000764822255,0.001529644511,pass,pass,11
49033,2404235089,18|54|58|64,18|36|4|6,64,196068,98002,0.000326310852,0.000652621704,pass,pass,13
49037,2404627369,60|82|132|154,60|22|50|22,154,195994,97920,0.000785121439,0.001570242878,pass,pass,17
49043,2405215849,4|10|12|24,4|6|2|12,24,196148,98062,0.000122341619,0.000244683237,pass,pass,23
49057,2406589249,4|30|52|78,4|26|22|26,78,196150,98036,0.000397496789,0.000794993579,pass,pass,7
49069,2407766761,22|66|96|102,22|44|30|6,102,196174,98036,0.000519676374,0.001039352748,pass,pass,19
49081,2408944561,6|36|48|52,6|30|12|4,52,196272,98110,0.000264868279,0.000529736558,pass,pass,1
49103,2411104609,12|28|60|72,12|16|32|12,72,196340,98134,0.00036657638,0.000733152761,pass,pass,23
49109,2411693881,22|36|60|70,22|14|24|10,70,196366,98148,0.00035635016,0.00071270032,pass,pass,29
49117,2412479689,42|60|88|102,42|18|28|14,102,196366,98132,0.000519168516,0.001038337032,pass,pass,7
49121,2412872641,36|60|90|126,36|24|30|36,126,196358,98116,0.00064127359,0.001282547179,pass,pass,11
49123,2413069129,4|18|52|60,4|14|34|8,60,196432,98186,0.000305355943,0.000610711886,pass,pass,13
49139,2414641321,30|52|60|112,30|22|8|52,112,196444,98166,0.000569812165,0.001139624331,pass,pass,29
49157,2416410649,4|48|90|118,4|44|42|28,118,196510,98196,0.000600117989,0.001200235979,pass,pass,17
49169,2417590561,12|16|42|46,12|4|26|4,46,196630,98292,0.000233887205,0.000467774411,pass,pass,29
49171,2417787241,16|28|30|52,16|12|2|22,52,196632,98290,0.000264383478,0.000528766956,pass,pass,1
49177,2418377329,54|64|78|90,54|10|14|12,90,196618,98264,0.00045753096,0.000915061919,pass,pass,7
49193,2419951249,24|48|58|84,24|24|10|26,84,196688,98302,0.000426890005,0.000853780009,pass,pass,23
49199,2420541601,22|46|48|60,22|24|2|12,60,196736,98338,0.000304884246,0.000609768491,pass,pass,29
49201,2420738401,12|70|112|118,12|58|42|6,118,196686,98284,0.000599581309,0.001199162619,pass,pass,1
49207,2421328849,42|52|60|114,42|10|8|54,114,196714,98300,0.000579185888,0.001158371776,pass,pass,7
49211,2421722521,10|58|96|106,10|48|38|10,106,196738,98316,0.00053849749,0.001076994981,pass,pass,11
49223,2422903729,10|12|42|82,10|2|30|40,82,196810,98364,0.000416471974,0.000832943949,pass,pass,23
49253,2425858009,12|28|54|58,12|16|26|4,58,196954,98448,0.000294398311,0.000588796622,pass,pass,23
49261,2426646121,6|18|70|82,6|12|52|12,82,196962,98440,0.000416150707,0.000832301415,pass,pass,1
49277,2428222729,78|84|118|148,78|6|34|30,148,196960,98406,0.000750857398,0.001501714796,pass,pass,17
49279,2428419841,28|112|156|162,28|84|44|6,162,196954,98396,0.000821851093,0.001643702186,pass,pass,19
49297,2430194209,24|34|60|108,24|10|26|48,108,197080,98486,0.000547700671,0.001095401343,pass,pass,7
49307,2431180249,4|10|12|18,4|6|2|6,18,197210,98596,9.1264932e-05,0.000182529864,pass,pass,17
49331,2433547561,12|22|40|60,12|10|18|20,60,197264,98602,0.000304068436,0.000608136871,pass,pass,11
49333,2433744889,10|24|58|120,10|14|34|62,120,197212,98546,0.000608112217,0.001216224434,pass,pass,13
49339,2434336921,52|58|78|100,52|6|20|22,100,197256,98578,0.000506698555,0.00101339711,pass,pass,19
49363,2436705769,10|54|58|70,10|44|4|12,70,197382,98656,0.000354516541,0.000709033081,pass,pass,13
49367,2437100689,18|24|28|48,18|6|4|20,48,197420,98686,0.000243077359,0.000486154719,pass,pass,17
49369,2437298161,30|58|72|78,30|28|14|6,78,197398,98660,0.000394984707,0.000789969414,pass,pass,19
49391,2439470881,18|40|70|78,18|22|30|8,78,197486,98704,0.000394808771,0.000789617542,pass,pass,11
49393,2439668449,10|30|52|54,10|20|22|2,54,197518,98732,0.000273318082,0.000546636163,pass,pass,13
49409,2441249281,28|58|76|106,28|30|18|30,106,197530,98712,0.000536339533,0.001072679067,pass,pass,29
49411,2441446921,18|36|58|82,18|18|22|24,82,197562,98740,0.000414887373,0.000829774747,pass,pass,1
49417,2442039889,18|48|120|160,18|30|72|40,160,197508,98674,0.000809438048,0.001618876095,pass,pass,7
49429,2443226041,18|40|60|78,18|22|20|18,78,197638,98780,0.00039450525,0.0007890105,pass,pass,19
49433,2443621489,4|22|52|58,4|18|30|6,58,197674,98808,0.00029332632,0.000586652641,pass,pass,23
49451,2445401401,6|10|18|28,6|4|8|10,28,197776,98874,0.000141554266,0.000283108532,pass,pass,11
49459,2446192681,22|28|58|76,22|6|30|18,76,197760,98842,0.000384156574,0.000768313148,pass,pass,19
49463,2446588369,12|60|88|102,12|48|28|14,102,197750,98824,0.000515536866,0.001031073732,pass,pass,23
49477,2447973529,4|58|82|100,4|54|24|18,100,197808,98854,0.000505285284,0.001010570568,pass,pass,7
49481,2448369361,16|40|42|58,16|24|2|16,58,197866,98904,0.000293041774,0.000586083547,pass,pass,11
49499,2450151001,28|36|46|96,28|8|10|50,96,197900,98902,0.00048485828,0.00096971656,pass,pass,29
49523,2452527529,18|60|70|72,18|42|10|2,72,198020,98974,0.00036346748,0.00072693496,pass,pass,23
49529,2453121841,30|46|58|118,30|16|12|60,118,197998,98940,0.000595610652,0.001191221305,pass,pass,29
49531,2453319961,22|88|96|102,22|66|8|6,102,198022,98960,0.000514829097,0.001029658194,pass,pass,1
49537,2453914369,12|34|40|64,12|22|6|24,64,198084,99010,0.000322990896,0.000645981791,pass,pass,7
49547,2454905209,18|30|54|64,18|12|24|10,64,198124,99030,0.000322925707,0.000645851414,pass,pass,17
49549,2455103401,22|58|76|90,22|36|18|14,90,198106,99008,0.000454095945,0.000908191891,pass,pass,19
49559,2456094481,60|100|136|142,60|40|36|6,142,198094,98976,0.000716317924,0.001432635848,pass,pass,29
49597,2459862409,102|120|130|148,102|18|10|18,148,198240,99046,0.000746012864,0.001492025727,pass,pass,7
49603,2460457609,4|12|24|30,4|8|12|6,30,198382,99176,0.000151200532,0.000302401064,pass,pass,13
49613,2461449769,94|102|108|120,94|8|6|12,120,198332,99106,0.000604680225,0.00120936045,pass,pass,23
49627,2462839129,4|28|70|84,4|24|42|14,84,198424,99170,0.000423156749,0.000846313499,pass,pass,7
49633,2463434689,28|78|84|100,28|50|6|16,100,198432,99166,0.000503697137,0.001007394274,pass,pass,13
49639,2464030321,18|48|96|130,18|30|48|34,130,198426,99148,0.00065472713,0.00130945426,pass,pass,19
49663,2466413569,54|58|112|118,54|4|54|6,118,198534,99208,0.000594003584,0.001188007168,pass,pass,13
49667,2466810889,4|78|100|144,4|74|22|44,144,198524,99190,0.00072482735,0.0014496547,pass,pass,17
49669,2467009561,18|30|46|58,18|12|16|12,58,198618,99280,0.000291932594,0.000583865188,pass,pass,19
49681,2468201761,18|28|72|102,18|10|44|30,102,198622,99260,0.000513274693,0.001026549385,pass,pass,1
49697,2469791809,18|30|34|72,18|12|4|38,72,198716,99322,0.000362194901,0.000724389802,pass,pass,17
49711,2471183521,6|16|30|36,6|10|14|6,36,198808,99386,0.000181046448,0.000362092897,pass,pass,1
49727,2472774529,12|24|42|78,12|12|18|36,78,198830,99376,0.00039214109,0.000784282181,pass,pass,17
49739,2473968121,6|18|30|36,6|12|12|6,36,198920,99442,0.00018094453,0.000361889061,pass,pass,29
49741,2474167081,58|70|126|130,58|12|56|4,130,198834,99352,0.000653384532,0.001306769064,pass,pass,1
49747,2474764009,22|64|72|82,22|42|8|10,82,198906,99412,0.000412085151,0.000824170302,pass,pass,7
49757,2475759049,4|12|40|52,4|8|28|12,52,198976,99462,0.000261269771,0.000522539542,pass,pass,17
49783,2478347089,4|28|30|52,4|24|2|22,52,199080,99514,0.000261133319,0.000522266637,pass,pass,13
49787,2478745369,42|52|94|102,42|10|42|8,102,199046,99472,0.000512181895,0.00102436379,pass,pass,17
49789,2478944521,58|60|72|88,58|2|12|16,88,199068,99490,0.000441864669,0.000883729338,pass,pass,19
49801,2480139601,30|70|76|108,30|40|6|32,108,199096,99494,0.000542157788,0.001084315576,pass,pass,1
49807,2480737249,48|64|84|118,48|16|20|34,118,199110,99496,0.000592286225,0.00118457245,pass,pass,7
49811,2481135721,10|18|72|100,10|8|54|28,100,199144,99522,0.000501897171,0.001003794343,pass,pass,11
49823,2482331329,4|22|24|34,4|18|2|10,34,199258,99612,0.000170603938,0.000341207876,pass,pass,23
49831,2483128561,28|30|88|162,28|2|58|74,162,199162,99500,0.000812747085,0.00162549417,pass,pass,1
49843,2484324649,24|34|48|72,24|10|14|24,72,199300,99614,0.000361133961,0.000722267921,pass,pass,13
49853,2485321609,60|84|94|148,60|24|10|54,148,199264,99558,0.000742182015,0.00148436403,pass,pass,23
49871,2487116641,10|52|76|106,10|42|24|30,106,199378,99636,0.000531370937,0.001062741874,pass,pass,11
49877,2487715129,4|12|18|28,4|8|6|10,28,199480,99726,0.000140345249,0.000280690499,pass,pass,17
49891,2489111881,16|22|36|40,16|6|14|4,40,199524,99742,0.000200436953,0.000400873905,pass,pass,1
49919,2491906561,6|30|46|48,6|24|16|2,48,199628,99790,0.000240389431,0.000480778862,pass,pass,29
49921,2492106241,16|48|52|60,16|32|4|8,60,199624,99782,0.00030047475,0.0006009495,pass,pass,1
49927,2492705329,4|130|144|168,4|126|14|24,168,199540,99686,0.000841228193,0.001682456386,pass,pass,7
49937,2493703969,12|42|58|60,12|30|16|2,60,199688,99814,0.000300378477,0.000600756954,pass,pass,17
49939,2493903721,22|30|100|112,22|8|70|12,112,199644,99766,0.000560684035,0.001121368069,pass,pass,19
49943,2494303249,28|34|40|54,28|6|6|14,54,199718,99832,0.000270308151,0.000540616303,pass,pass,23
49957,2495701849,4|58|60|64,4|54|2|4,64,199764,99850,0.000320275437,0.000640550874,pass,pass,7
49991,2499100081,36|46|52|70,36|10|6|18,70,199894,99912,0.000350063011,0.000700126023,pass,pass,11
49993,2499300049,4|28|30|102,4|24|2|72,102,199870,99884,0.00051007141,0.00102014282,pass,pass,13
49999,2499900001,22|40|42|58,22|18|2|16,58,199938,99940,0.0002900058,0.0005800116,pass,pass,19
50021,2502100441,10|58|126|130,10|48|68|4,130,199954,99912,0.000649727115,0.001299454229,pass,pass,11
50023,2502300529,18|40|58|70,18|22|18|12,70,200022,99976,0.000349839074,0.000699678148,pass,pass,13
50033,2503301089,4|18|22|34,4|14|4|12,34,200098,100032,0.000169887874,0.000339775748,pass,pass,23
50047,2504702209,10|34|42|60,10|24|8|18,60,200128,100034,0.000299718265,0.00059943653,pass,pass,7
50051,2505102601,30|82|148|156,30|52|66|8,156,200048,99946,0.000779205211,0.001558410421,pass,pass,11
50053,2505302809,22|34|58|88,22|12|24|30,88,200124,100018,0.000439534094,0.000879068188,pass,pass,13
50069,2506904761,40|48|70|96,40|8|22|26,96,200180,100042,0.000479338513,0.000958677026,pass,pass,29
50077,2507705929,18|24|124|204,18|6|100|80,204,200104,99950,0.001018431615,0.002036863231,pass,pass,7
50087,2508707569,4|54|70|84,4|50|16|14,84,200264,100090,0.000419270469,0.000838540939,pass,pass,17
50093,2509308649,24|40|58|70,24|16|18|12,70,200302,100116,0.000349350209,0.000698700417,pass,pass,23
50101,2510110201,36|58|60|70,36|22|2|10,70,200334,100132,0.000349294425,0.000698588851,pass,pass,1
50111,2511112321,18|22|70|82,18|4|48|12,82,200362,100140,0.000409091816,0.000818183632,pass,pass,11
50119,2511914161,18|28|30|52,18|10|2|22,52,200424,100186,0.000259382669,0.000518765338,pass,pass,19
50123,2512315129,22|34|42|60,22|12|8|18,60,200432,100186,0.000299263811,0.000598527622,pass,pass,23
50129,2512916641,28|76|102|118,28|48|26|16,118,200398,100140,0.000588481717,0.001176963434,pass,pass,29
50131,2513117161,18|48|100|142,18|30|52|42,142,200382,100120,0.000708144661,0.001416289322,pass,pass,1
50147,2514721609,12|52|64|70,12|40|12|6,70,200518,100224,0.000348974016,0.000697948033,pass,pass,17
50153,2515323409,22|34|58|60,22|12|24|2,60,200552,100246,0.000299084801,0.000598169601,pass,pass,23
50159,2515925281,6|28|42|46,6|22|14|4,46,200590,100272,0.000229270918,0.000458541837,pass,pass,29
50177,2517731329,10|18|22|28,10|8|4|6,28,200680,100326,0.000139506148,0.000279012296,pass,pass,17
50207,2520742849,58|60|72|84,58|2|12|12,84,200744,100330,0.000418268369,0.000836536738,pass,pass,17
50221,2522148841,10|16|18|28,10|6|2|10,28,200856,100414,0.000139383923,0.000278767846,pass,pass,1
50227,2522751529,12|48|58|84,12|36|10|26,84,200824,100370,0.000418101818,0.000836203635,pass,pass,7
50231,2523153361,10|60|72|82,10|50|12|10,82,200842,100380,0.000408114511,0.000816229022,pass,pass,11
50261,2526168121,46|60|96|130,46|14|36|34,130,200914,100392,0.000646624619,0.001293249239,pass,pass,11
50263,2526369169,24|30|58|78,24|6|28|20,78,200974,100448,0.000387959334,0.000775918668,pass,pass,13
50273,2527374529,54|64|70|72,54|10|6|2,72,201020,100474,0.000358045074,0.000716090148,pass,pass,23
50287,2528782369,18|22|42|64,18|4|20|22,64,201084,100510,0.000318173683,0.000636347366,pass,pass,7
50291,2529184681,6|36|58|66,6|30|22|8,66,201098,100516,0.000328090513,0.000656181026,pass,pass,11
50311,2531196721,6|22|60|78,6|16|38|18,78,201166,100544,0.000387589195,0.00077517839,pass,pass,1
50321,2532203041,18|30|96|112,18|12|66|16,112,201172,100530,0.000556427734,0.001112855468,pass,pass,11
50329,2533008241,52|58|66|78,52|6|8|12,78,201238,100580,0.000387450575,0.00077490115,pass,pass,19
50333,2533410889,28|42|84|100,28|14|42|16,100,201232,100566,0.000496692031,0.000993384062,pass,pass,23
50341,2534216281,36|42|46|76,36|6|4|30,76,201288,100606,0.000377425955,0.00075485191,pass,pass,1
50359,2536028881,12|28|46|66,12|16|18|20,66,201370,100652,0.000327647491,0.000655294982,pass,pass,19
50363,2536431769,22|88|114|130,22|66|26|16,130,201322,100596,0.000645315013,0.001290630026,pass,pass,23
50377,2537842129,4|30|34|40,4|26|4|6,40,201468,100714,0.000198503285,0.00039700657,pass,pass,7
50383,2538446689,28|78|100|102,28|50|22|2,102,201430,100664,0.000506123097,0.001012246194,pass,pass,13
50387,2538849769,22|40|70|100,22|18|30|30,100,201448,100674,0.000496159724,0.000992319447,pass,pass,17
50411,2541268921,10|28|48|72,10|18|20|24,72,201572,100750,0.000357064926,0.000714129853,pass,pass,11
50417,2541873889,10|48|64|78,10|38|16|14,78,201590,100756,0.000386774302,0.000773548605,pass,pass,17
50423,2542478929,22|72|78|90,22|50|6|12,90,201602,100756,0.000446224937,0.000892449874,pass,pass,23
50441,2544294481,18|28|100|106,18|10|72|6,106,201658,100776,0.00052536627,0.001050732539,pass,pass,11
50459,2546110681,22|52|78|118,22|30|26|40,118,201718,100800,0.000584633068,0.001169266137,pass,pass,29
50461,2546312521,18|36|70|76,18|18|34|6,76,201768,100846,0.000376528408,0.000753056816,pass,pass,1
50497,2549947009,22|42|78|100,22|20|36|22,100,201888,100894,0.000495078916,0.000990157831,pass,pass,7
50503,2550553009,28|34|54|60,28|6|20|6,60,201952,100946,0.000297012059,0.000594024117,pass,pass,13
50513,2551563169,24|70|150|184,24|46|80|34,184,201868,100842,0.000910656663,0.001821313325,pass,pass,23
50527,2552977729,18|24|70|112,18|6|46|42,112,201996,100942,0.000554159162,0.001108318325,pass,pass,7
50539,2554190521,16|88|100|106,16|72|12|6,106,202050,100972,0.000524347534,0.001048695067,pass,pass,19
50543,2554594849,4|24|28|78,4|20|4|50,78,202094,101008,0.000385810102,0.000771620205,pass,pass,23
50549,2555201401,12|16|18|22,12|4|2|4,22,202174,101076,0.000108805318,0.000217610635,pass,pass,29
50551,2555403601,22|66|72|90,22|44|6|18,90,202114,101012,0.000445095053,0.000890190105,pass,pass,1
50581,2558437561,12|18|28|42,12|6|10|14,42,202282,101120,0.000207587829,0.000415175659,pass,pass,1
50587,2559044569,4|48|70|72,4|44|22|2,72,202276,101102,0.000355822642,0.000711645284,pass,pass,7
50591,2559449281,12|58|96|100,12|46|38|4,100,202264,101082,0.00049415904,0.00098831808,pass,pass,11
50593,2559651649,24|114|120|132,24|90|6|12,132,202240,101054,0.000652264147,0.001304528294,pass,pass,13
50599,2560258801,6|18|42|60,6|12|24|18,60,202336,101138,0.000296448546,0.000592897093,pass,pass,19
50627,2563093129,10|22|58|72,10|12|36|14,72,202436,101182,0.000355541509,0.000711083019,pass,pass,17
50647,2565118609,30|54|58|88,30|24|4|30,88,202500,101206,0.000434379134,0.000868758268,pass,pass,7
50651,2565523801,16|36|40|42,16|20|4|2,42,202562,101260,0.000207300942,0.000414601883,pass,pass,11
50671,2567550241,36|58|76|106,36|22|18|30,106,202578,101236,0.000522981587,0.001045963174,pass,pass,1
50683,2568766489,18|42|48|78,18|24|6|30,78,202654,101288,0.000384744392,0.000769488783,pass,pass,13
50707,2571199849,10|30|40|54,10|20|10|14,54,202774,101360,0.000266235431,0.000532470862,pass,pass,7
50723,2572822729,10|22|42|100,10|12|20|58,100,202792,101346,0.000492873056,0.000985746111,pass,pass,23
50741,2574649081,28|82|96|102,28|54|14|6,102,202862,101380,0.000502552177,0.001005104353,pass,pass,11
50753,2575867009,18|24|42|84,18|6|18|42,84,202928,101422,0.000413768644,0.000827537288,pass,pass,23
50767,2577288289,52|90|112|130,52|38|22|18,130,202938,101404,0.000640179644,0.001280359289,pass,pass,7
50773,2577897529,34|84|114|154,34|50|30|40,154,202938,101392,0.000758277037,0.001516554074,pass,pass,13
50777,2578303729,24|42|60|72,24|18|18|12,72,203036,101482,0.000354491207,0.000708982413,pass,pass,17
50789,2579522521,30|66|88|108,30|36|22|20,108,203048,101470,0.000531611176,0.001063222351,pass,pass,29
50821,2582774041,28|40|46|52,28|12|6|6,52,203232,101590,0.000255799768,0.000511599536,pass,pass,1
50833,2583993889,22|28|94|112,22|6|66|18,112,203220,101554,0.000550823284,0.001101646568,pass,pass,13
50839,2584603921,6|16|76|100,6|10|60|24,100,203256,101578,0.000491748461,0.000983496922,pass,pass,19
50849,2585620801,36|52|58|60,36|16|6|2,60,203336,101638,0.000294991052,0.000589982104,pass,pass,29
50857,2586434449,18|22|60|84,18|4|38|24,84,203344,101630,0.000412922508,0.000825845016,pass,pass,7
50867,2587451689,18|54|70|78,18|36|16|8,78,203390,101656,0.000383352665,0.00076670533,pass,pass,17
50873,2588062129,28|30|42|64,28|2|12|22,64,203428,101682,0.000314508678,0.000629017357,pass,pass,23
50891,2589893881,60|72|78|108,60|12|6|30,108,203456,101674,0.000530545676,0.001061091352,pass,pass,11
50893,2590097449,58|108|144|154,58|50|36|10,154,203418,101632,0.000756489105,0.001512978209,pass,pass,13
50909,2591726281,16|18|42|82,16|2|24|40,82,203554,101736,0.00040267929,0.000805358581,pass,pass,29
50923,2593151929,12|18|54|78,12|6|36|24,78,203614,101768,0.000382931092,0.000765862184,pass,pass,13
50929,2593763041,16|28|36|60,16|12|8|24,60,203656,101798,0.000294527676,0.000589055352,pass,pass,19
50951,2596004401,6|18|28|58,6|12|10|30,58,203746,101844,0.000284587152,0.000569174305,pass,pass,11
50957,2596615849,22|34|48|90,22|12|14|42,90,203738,101824,0.000441548757,0.000883097514,pass,pass,17
50969,2597838961,18|40|72|90,18|22|32|18,90,203786,101848,0.0004414448,0.0008828896,pass,pass,29
50971,2598042841,66|70|72|130,66|4|2|58,130,203754,101812,0.000637617469,0.001275234938,pass,pass,1
50989,2599878121,10|22|52|120,10|12|30|68,120,203836,101858,0.000588362196,0.001176724392,pass,pass,19
50993,2600286049,22|40|72|100,22|18|32|28,100,203872,101886,0.000490263369,0.000980526739,pass,pass,23
51001,2601102001,10|18|46|60,10|8|28|14,60,203944,101942,0.00029411188,0.00058822376,pass,pass,1
51031,2604162961,12|28|30|36,12|16|2|6,36,204088,102026,0.000176363387,0.000352726774,pass,pass,1
51043,2605387849,12|22|28|30,12|10|6|2,30,204142,102056,0.000146934937,0.000293869874,pass,pass,13
51047,2605796209,30|34|60|100,30|4|26|40,100,204088,101994,0.000489744745,0.00097948949,pass,pass,17
51059,2607021481,10|18|82|142,10|8|64|60,142,204094,101976,0.000695274095,0.001390548189,pass,pass,29
51061,2607225721,28|130|148|262,28|102|18|114,262,203982,101860,0.001282779421,0.002565558841,pass,fail,1
51071,2608247041,10|66|70|96,10|56|4|26,96,204188,102046,0.000469934013,0.000939868027,pass,pass,11
51109,2612129881,6|30|48|72,6|24|18|24,72,204364,102146,0.00035218846,0.00070437692,pass,pass,19
51131,2614379161,6|30|130|142,6|24|100|12,142,204382,102120,0.000694295046,0.001388590092,pass,pass,11
51133,2614583689,48|54|102|148,48|6|48|46,148,204384,102118,0.000723603153,0.001447206305,pass,pass,13
51137,2614992769,22|30|34|60,22|8|4|26,60,204488,102214,0.000293329683,0.000586659366,pass,pass,17
51151,2616424801,6|16|18|58,6|10|2|40,58,204546,102244,0.000283474419,0.000566948838,pass,pass,1
51157,2617038649,24|54|58|78,24|30|4|20,78,204550,102236,0.000381179506,0.000762359012,pass,pass,7
51169,2618266561,18|28|82|100,18|10|54|18,100,204576,102238,0.000488577068,0.000977154136,pass,pass,19
51193,2620723249,4|22|40|58,4|18|18|18,58,204714,102328,0.000283241849,0.000566483699,pass,pass,13
51197,2621132809,10|18|72|94,10|8|54|22,94,204694,102300,0.00045901127,0.00091802254,pass,pass,17
51199,2621337601,28|42|46|72,28|14|4|26,72,204724,102326,0.000351569367,0.000703138733,pass,pass,19
51203,2621747209,4|42|54|58,4|38|12|4,58,204754,102348,0.000283186532,0.000566373064,pass,pass,23
51217,2623181089,12|28|42|48,12|16|14|6,48,204820,102386,0.000234297206,0.000468594412,pass,pass,7
51229,2624410441,30|58|60|90,30|28|2|30,90,204826,102368,0.000439204357,0.000878408714,pass,pass,19
51239,2625435121,52|58|72|126,52|6|14|54,126,204830,102352,0.000614766096,0.001229532192,pass,pass,29
51241,2625640081,22|30|78|82,22|8|48|4,82,204882,102400,0.000400070256,0.000800140512,pass,pass,1
51257,2627280049,60|102|150|160,60|42|48|10,160,204868,102354,0.000780381216,0.001560762432,pass,pass,17
51263,2627895169,48|58|78|82,48|10|20|4,82,204970,102444,0.000399898562,0.000799797125,pass,pass,23
51283,2629946089,40|78|114|124,40|38|36|10,124,205008,102442,0.000604488817,0.001208977634,pass,pass,13
51287,2630356369,4|58|90|112,4|54|32|22,112,205036,102462,0.000545947316,0.001091894632,pass,pass,17
51307,2632408249,18|30|48|64,18|12|18|16,64,205164,102550,0.000311848286,0.000623696572,pass,pass,7
51329,2634666241,36|78|82|88,36|42|4|6,88,205228,102570,0.00042860761,0.000857215219,pass,pass,29
51341,2635898281,58|70|120|142,58|12|50|22,142,205222,102540,0.000691455172,0.001382910345,pass,pass,11
51343,2636103649,4|12|22|48,4|8|10|26,48,205324,102638,0.000233722221,0.000467444442,pass,pass,13
51347,2636514409,22|28|58|60,22|6|30|2,60,205328,102634,0.000292130017,0.000584260035,pass,pass,17
51349,2636719801,6|18|60|100,6|12|42|40,100,205296,102598,0.000486864399,0.000973728797,pass,pass,19
51361,2637952321,28|46|82|118,28|18|36|36,118,205326,102604,0.000574365764,0.001148731528,pass,pass,1
51383,2640212689,24|28|34|58,24|4|6|24,58,205474,102708,0.0002821945,0.000564389,pass,pass,23
51407,2642679649,10|22|54|58,10|12|32|4,58,205570,102756,0.000282062754,0.000564125508,pass,pass,17
51413,2643296569,58|64|72|102,58|6|8|30,102,205550,102724,0.000495983506,0.000991967012,pass,pass,23
51419,2643913561,22|42|60|142,22|20|18|82,142,205534,102696,0.00069040627,0.00138081254,pass,pass,29
51421,2644119241,12|70|82|88,12|58|12|6,88,205596,102754,0.000427840765,0.000855681531,pass,pass,1
51427,2644736329,4|48|72|88,4|44|24|16,88,205620,102766,0.000427790849,0.000855581698,pass,pass,7
51431,2645147761,22|46|48|76,22|24|2|28,76,205648,102786,0.000369426999,0.000738853999,pass,pass,11
51437,2645764969,18|30|58|72,18|12|28|14,72,205676,102802,0.000349942648,0.000699885297,pass,pass,17
51439,2645970721,6|10|18|120,6|4|8|102,120,205636,102758,0.00058321507,0.001166430141,pass,pass,19
51449,2646999601,12|22|72|148,12|10|50|76,148,205648,102750,0.000719158779,0.001438317557,pass,pass,29
51461,2648234521,22|28|66|76,22|6|38|10,76,205768,102846,0.000369211636,0.000738423272,pass,pass,11
51473,2649469729,60|70|78|100,60|10|8|22,100,205792,102846,0.000485691528,0.000971383055,pass,pass,23
51479,2650087441,46|52|58|60,46|6|6|2,60,205856,102898,0.000291380951,0.000582761903,pass,pass,29
51481,2650293361,6|16|28|30,6|10|12|2,30,205894,102932,0.000145684816,0.000291369632,pass,pass,1
51487,2650911169,4|12|58|64,4|8|46|6,64,205884,102910,0.000310758055,0.000621516111,pass,pass,7
51503,2652559009,18|22|72|88,18|4|50|16,88,205924,102918,0.000427159583,0.000854319166,pass,pass,23
51511,2653383121,6|22|36|42,6|16|14|6,42,206002,102980,0.000203839957,0.000407679913,pass,pass,1
51517,2654001289,4|24|78|102,4|20|54|24,102,205966,102932,0.000494982239,0.000989964478,pass,pass,7
51521,2654413441,16|18|42|52,16|2|24|10,52,206032,102990,0.000252324295,0.00050464859,pass,pass,11
51539,2656268521,18|48|90|96,18|30|42|6,96,206060,102982,0.000465666777,0.000931333553,pass,pass,29
51551,2657505601,66|78|90|106,66|12|12|16,106,206098,102996,0.000514054044,0.001028108087,pass,pass,11
51563,2658742969,12|22|54|82,12|10|32|28,82,206170,103044,0.000397571902,0.000795143805,pass,pass,23
51577,2660186929,4|24|28|60,4|20|4|32,60,206248,103094,0.000290827307,0.000581654613,pass,pass,7
51581,2660599561,6|12|88|130,6|6|76|42,130,206194,103032,0.000630076966,0.001260153933,pass,pass,11
51593,2661837649,22|28|42|52,22|6|14|10,52,206320,103134,0.000251972167,0.000503944334,pass,pass,23
51599,2662456801,16|30|36|46,16|14|6|10,46,206350,103152,0.000222872536,0.000445745073,pass,pass,29
51607,2663282449,28|64|78|100,28|36|14|22,100,206328,103114,0.000484430407,0.000968860813,pass,pass,7
51613,2663901769,18|34|48|88,18|16|14|40,88,206364,103138,0.000426249201,0.000852498402,pass,pass,13
51631,2665760161,60|70|72|96,60|10|2|24,96,206428,103166,0.000464837017,0.000929674033,pass,pass,1
51637,2666379769,18|48|78|82,18|30|30|4,82,206466,103192,0.00039700215,0.000794004299,pass,pass,7
51647,2667412609,24|60|78|144,24|36|18|66,144,206444,103150,0.000697039518,0.001394079037,pass,pass,17
51659,2668652281,10|12|28|42,10|2|16|14,42,206594,103276,0.000203255967,0.000406511934,pass,pass,29
51673,2670098929,10|24|42|112,10|14|18|70,112,206580,103234,0.000541869061,0.001083738122,pass,pass,13
51679,2670719041,6|12|78|102,6|6|66|24,102,206614,103256,0.0004934306,0.000986861201,pass,pass,19
51683,2671132489,18|22|60|78,18|4|38|18,78,206654,103288,0.000377300079,0.000754600159,pass,pass,23
51691,2671959481,6|16|22|36,6|10|6|14,36,206728,103346,0.000174111547,0.000348223095,pass,pass,1
51713,2674234369,4|10|48|94,4|6|38|46,94,206758,103332,0.000454431188,0.000908862375,pass,pass,23
51719,2674854961,6|22|36|76,6|16|14|40,76,206800,103362,0.000367369825,0.000734739651,pass,pass,29
51721,2675061841,28|60|72|82,28|32|12|10,82,206802,103360,0.000396357379,0.000792714758,pass,pass,1
51749,2677959001,6|12|18|28,6|6|6|10,28,206968,103470,0.000135268314,0.000270536629,pass,pass,29
51767,2679822289,42|48|138|144,42|6|90|6,144,206924,103390,0.000695423726,0.001390847451,pass,pass,17
51769,2680029361,6|16|22|36,6|10|6|14,36,207040,103502,0.000173849215,0.00034769843,pass,pass,19
51787,2681893369,12|22|24|28,12|10|2|4,28,207120,103546,0.000135169058,0.000270338116,pass,pass,7
51797,2682929209,4|60|90|142,4|56|30|52,142,207046,103452,0.000685367878,0.001370735757,pass,pass,17
51803,2683550809,4|30|70|84,4|26|40|14,84,207128,103522,0.000405381928,0.000810763855,pass,pass,23
51817,2685001489,18|34|52|58,18|16|18|6,58,207210,103576,0.000279830944,0.000559661887,pass,pass,7
51827,2686037929,72|78|94|112,72|6|16|18,112,207196,103542,0.000540258938,0.001080517877,pass,pass,17
51829,2686245241,36|96|142|150,36|60|46|8,150,207166,103508,0.000723533157,0.001447066314,pass,pass,19
51839,2687281921,42|48|58|78,42|6|10|20,78,207278,103600,0.000376164664,0.000752329327,pass,pass,29
51853,2688733609,4|48|60|84,4|44|12|24,84,207328,103622,0.000404991032,0.000809982065,pass,pass,13
51859,2689355881,70|90|120|132,70|20|30|12,132,207304,103586,0.000636340847,0.001272681695,pass,pass,19
51869,2690393161,16|42|58|78,16|26|16|20,78,207398,103660,0.000375947097,0.000751894195,pass,pass,29
51871,2690600641,22|58|78|88,22|36|20|10,88,207396,103654,0.000424129089,0.000848258179,pass,pass,1
51893,2692883449,12|34|84|102,12|22|50|18,102,207470,103684,0.000491395757,0.000982791513,pass,pass,23
51899,2693506201,22|42|46|72,22|20|4|26,72,207524,103726,0.000346827492,0.000693654984,pass,pass,29
51907,2694336649,34|64|72|82,34|30|8|10,82,207546,103732,0.000394937099,0.000789874198,pass,pass,7
51913,2694959569,52|54|82|84,52|2|28|2,84,207568,103742,0.000404522952,0.000809045904,pass,pass,13
51929,2696621041,28|60|88|112,28|32|28|24,112,207604,103746,0.000539197751,0.001078395502,pass,pass,29
51941,2697867481,28|36|96|106,28|8|60|10,106,207658,103776,0.000510194259,0.001020388518,pass,pass,11
51949,2698698601,22|30|46|58,22|8|16|12,58,207738,103840,0.000279119906,0.000558239812,pass,pass,19
51971,2700984841,22|36|52|58,22|14|16|6,58,207826,103884,0.000279001751,0.000558003502,pass,pass,11
51973,2701192729,28|30|102|118,28|2|72|16,118,207774,103828,0.000567602409,0.001135204818,pass,pass,13
51977,2701608529,28|78|90|130,28|50|12|40,130,207778,103824,0.000625276565,0.001250553129,pass,pass,17
51991,2703064081,12|16|72|76,12|4|56|4,76,207888,103906,0.000365447866,0.000730895732,pass,pass,1
52009,2704936081,52|60|72|96,52|8|12|24,96,207940,103922,0.000461458594,0.000922917187,pass,pass,19
52021,2706184441,10|46|52|58,10|36|6|6,58,208026,103984,0.000278733588,0.000557467177,pass,pass,1
52027,2706808729,4|42|52|60,4|38|10|8,60,208048,103994,0.000288311838,0.000576623676,pass,pass,7
52051,2709306601,16|36|40|72,16|20|4|32,72,208132,104030,0.000345814682,0.000691629364,pass,pass,1
52057,2709931249,18|22|72|84,18|4|50|12,84,208144,104030,0.000403403961,0.000806807922,pass,pass,7
52067,2710972489,12|40|42|102,12|28|2|60,102,208166,104032,0.000489753587,0.000979507173,pass,pass,17
52069,2711180761,58|66|108|130,58|8|42|22,130,208146,104008,0.000624171772,0.001248343544,pass,pass,19
52081,2712430561,58|96|102|112,58|38|6|10,112,208212,104050,0.000537624086,0.001075248171,pass,pass,1
52103,2714722609,34|42|78|114,34|8|36|36,114,208298,104092,0.000546993455,0.001093986911,pass,pass,23
52121,2716598641,58|100|108|126,58|42|8|18,126,208358,104116,0.000604362925,0.001208725849,pass,pass,11
52127,2717224129,28|58|102|114,28|30|44|12,114,208394,104140,0.000546741612,0.001093483224,pass,pass,17
52147,2719309609,18|24|34|64,18|6|10|30,64,208524,104230,0.000306824937,0.000613649874,pass,pass,7
52153,2719935409,10|64|70|90,10|54|6|20,90,208522,104216,0.000431422929,0.000862845857,pass,pass,13
52163,2720978569,28|60|64|82,28|32|4|18,82,208570,104244,0.000392998869,0.000785997738,pass,pass,23
52177,2722439329,30|54|88|112,30|24|34|24,112,208596,104242,0.000536634916,0.001073269832,pass,pass,7
52181,2722856761,6|28|30|36,6|22|2|6,36,208688,104326,0.000172476572,0.000344953144,pass,pass,11
52183,2723065489,4|22|40|48,4|18|18|8,48,208684,104318,0.000229959949,0.000459919897,pass,pass,13
52189,2723691721,18|28|36|58,18|10|8|22,58,208698,104320,0.000277836326,0.000555672651,pass,pass,19
52201,2724944401,6|36|58|72,6|30|22|14,72,208732,104330,0.00034482098,0.000689641961,pass,pass,1
52223,2727241729,24|28|64|72,24|4|36|8,72,208820,104374,0.000344675718,0.000689351435,pass,pass,23
52237,2728704169,10|28|42|48,10|18|14|6,48,208900,104426,0.000229722228,0.000459444455,pass,pass,7
52249,2729958001,28|30|96|102,28|2|66|6,102,208894,104396,0.000488047618,0.000976095236,pass,pass,19
52253,2730376009,12|54|58|132,12|42|4|74,132,208880,104374,0.000631542687,0.001263085373,pass,pass,23
52259,2731003081,30|58|76|78,30|28|18|2,78,208958,104440,0.000373141468,0.000746282937,pass,pass,29
52267,2731839289,48|54|60|70,48|6|6|10,70,208998,104464,0.000334819293,0.000669638586,pass,pass,7
52289,2734139521,22|28|66|78,22|6|38|12,78,209078,104500,0.000372927384,0.000745854769,pass,pass,29
52291,2734348681,12|18|36|52,12|6|18|16,52,209112,104530,0.000248608747,0.000497217494,pass,pass,1
52301,2735394601,10|52|60|76,10|42|8|16,76,209128,104526,0.000363281773,0.000726563546,pass,pass,11
52313,2736649969,28|30|42|48,28|2|12|6,48,209204,104578,0.000229388489,0.000458776977,pass,pass,23
52321,2737487041,42|48|58|100,42|6|10|42,100,209184,104542,0.000477819614,0.000955639227,pass,pass,1
52361,2741674321,18|36|52|72,18|18|16|20,72,209372,104650,0.000343767308,0.000687534615,pass,pass,11
52363,2741883769,58|70|88|154,58|12|18|66,154,209298,104572,0.000735251991,0.001470503982,pass,pass,13
52369,2742512161,6|12|46|60,6|6|34|14,60,209416,104678,0.000286428994,0.000572857989,pass,pass,19
52379,2743559641,42|58|70|106,42|16|12|36,106,209410,104652,0.000505927948,0.001011855896,pass,pass,29
52387,2744397769,10|24|40|42,10|14|16|2,42,209506,104732,0.000200431405,0.000400862809,pass,pass,7
52391,2744816881,6|28|52|70,6|22|24|18,70,209494,104712,0.000334026837,0.000668053673,pass,pass,11
52433,2749219489,18|78|102|120,18|60|24|18,120,209612,104746,0.000572158755,0.00114431751,pass,pass,23
52453,2751317209,60|142|144|160,60|82|2|16,160,209652,104746,0.000762587459,0.001525174918,pass,pass,13
52457,2751736849,64|108|112|114,64|44|4|2,114,209714,104800,0.000543302133,0.001086604266,pass,pass,17
52489,2755095121,6|16|22|30,6|10|6|8,30,209926,104948,0.000142887081,0.000285774162,pass,pass,19
52501,2756355001,12|66|72|78,12|54|6|6,78,209926,104924,0.000371421497,0.000742842993,pass,pass,1
52511,2757405121,16|28|48|72,16|12|20|24,72,209972,104950,0.000342785321,0.000685570642,pass,pass,11
52517,2758035289,48|64|72|88,48|16|8|16,88,209980,104946,0.000418911971,0.000837823943,pass,pass,17
52529,2759295841,30|112|130|148,30|82|18|18,148,209968,104910,0.000704372823,0.001408745645,pass,pass,29
52541,2760556681,16|82|120|178,16|66|38|58,178,209986,104904,0.000846957614,0.001693915228,pass,pass,11
52543,2760766849,10|42|54|70,10|32|12|16,70,210102,105016,0.000333060541,0.000666121082,pass,pass,13
52553,2761817809,34|58|72|84,34|24|14|12,84,210128,105022,0.000399596598,0.000799193195,pass,pass,23
52561,2762658721,28|30|58|70,28|2|28|12,70,210174,105052,0.000332946481,0.000665892962,pass,pass,1
52567,2763289489,22|64|88|90,22|42|24|2,90,210178,105044,0.000428025187,0.000856050374,pass,pass,7
52571,2763710041,10|16|58|100,10|6|42|42,100,210184,105042,0.000475547355,0.00095109471,pass,pass,11
52579,2764551241,28|36|90|138,28|8|54|48,138,210178,105020,0.000656155499,0.001312310999,pass,pass,19
52583,2764971889,18|82|108|114,18|64|26|6,114,210218,105052,0.000542000266,0.001084000532,pass,pass,23
52609,2767706881,60|76|102|132,60|16|26|30,132,210304,105086,0.000627269098,0.001254538197,pass,pass,19
52627,2769601129,42|54|72|88,42|12|18|16,88,210420,105166,0.000418036369,0.000836072738,pass,pass,7
52631,2770022161,30|40|76|78,30|10|36|2,78,210446,105184,0.000370504076,0.000741008151,pass,pass,11
52639,2770864321,60|96|108|136,60|36|12|28,136,210420,105142,0.000645908927,0.001291817854,pass,pass,19
52667,2773812889,148|150|172|180,148|2|22|8,180,210488,105154,0.000854424972,0.001708849944,pass,pass,17
52673,2774444929,18|28|54|58,18|10|26|4,58,210634,105288,0.000275283352,0.000550566704,pass,pass,23
52691,2776341481,6|16|18|36,6|10|2|18,36,210728,105346,0.000170807159,0.000341614317,pass,pass,11
52697,2776973809,70|108|112|192,70|38|4|80,192,210596,105202,0.000910867791,0.001821735583,pass,pass,17
52709,2778238681,22|30|70|78,22|8|40|8,78,210758,105340,0.000369955795,0.00073991159,pass,pass,29
52711,2778449521,18|30|58|72,18|12|28|14,72,210772,105350,0.0003414847,0.000682969399,pass,pass,1
52721,2779503841,78|108|178|196,78|30|70|18,196,210688,105246,0.000929420914,0.001858841828,pass,pass,11
52727,2780136529,60|78|88|114,60|18|10|26,114,210794,105340,0.000540520037,0.001081040074,pass,pass,17
52733,2780769289,4|18|30|48,4|14|12|18,48,210884,105418,0.000227561489,0.000455122978,pass,pass,23
52747,2782246009,4|12|60|130,4|8|48|70,130,210858,105364,0.000616148786,0.001232297571,pass,pass,7
52757,2783301049,34|42|60|114,34|8|18|54,114,210914,105400,0.000540212673,0.001080425346,pass,pass,17
52769,2784567361,30|42|72|88,30|12|30|16,88,210988,105450,0.000416911444,0.000833822888,pass,pass,29
52783,2786045089,70|100|112|144,70|30|12|32,144,210988,105422,0.000682037777,0.001364075555,pass,pass,13
52807,2788579249,18|24|30|82,18|6|6|52,82,211146,105532,0.000388206109,0.000776412218,pass,pass,7
52813,2789212969,30|70|72|78,30|40|2|6,78,211174,105548,0.000369227274,0.000738454547,pass,pass,13
52817,2789635489,4|18|40|54,4|14|22|14,54,211214,105580,0.000255599523,0.000511199046,pass,pass,17
52837,2791748569,4|12|22|24,4|8|10|2,24,211324,105650,0.000113556788,0.000227113576,pass,pass,7
52859,2794073881,36|48|58|88,36|12|10|30,88,211348,105630,0.000416201593,0.000832403186,pass,pass,29
52861,2794285321,18|28|70|76,18|10|42|6,76,211368,105646,0.000359433231,0.000718866461,pass,pass,1
52879,2796188641,10|16|46|52,10|6|30|6,52,211464,105706,0.000245844286,0.000491688572,pass,pass,19
52883,2796611689,4|28|42|58,4|24|14|16,58,211474,105708,0.000274190193,0.000548380387,pass,pass,23
52889,2797246321,52|60|70|90,52|8|10|20,90,211466,105688,0.000425419274,0.000850838549,pass,pass,29
52901,2798515801,6|60|72|82,6|54|12|10,82,211522,105720,0.000387516304,0.000775032608,pass,pass,11
52903,2798727409,10|22|30|70,10|12|8|40,70,211542,105736,0.000330794095,0.00066158819,pass,pass,13
52919,2800420561,12|16|28|52,12|4|12|24,52,211624,105786,0.000245658459,0.000491316918,pass,pass,29
52937,2802325969,22|28|94|114,22|6|66|20,114,211634,105760,0.000538375805,0.00107675161,pass,pass,17
52951,2803808401,6|30|36|70,6|24|6|34,70,211734,105832,0.000330494231,0.000660988461,pass,pass,1
52957,2804443849,42|70|100|120,42|28|30|20,120,211708,105794,0.000566497347,0.001132994694,pass,pass,7
52963,2805079369,22|24|30|60,22|2|6|30,60,211792,105866,0.000283216585,0.00056643317,pass,pass,13
52967,2805503089,12|22|28|54,12|10|6|26,54,211814,105880,0.000254875677,0.000509751355,pass,pass,17
52973,2806138729,4|42|60|70,4|38|18|10,70,211822,105876,0.000330356974,0.000660713949,pass,pass,23
52981,2806986361,126|142|160|168,126|16|18|8,168,211756,105794,0.000792737019,0.001585474038,pass,pass,1
52999,2808894001,28|60|78|82,28|32|18|4,82,211914,105916,0.000386799751,0.000773599502,pass,pass,19
53003,2809318009,12|28|58|72,12|16|30|14,72,211940,105934,0.000339603419,0.000679206837,pass,pass,23
53017,2810802289,54|64|70|102,54|10|6|32,102,211966,105932,0.0004809778,0.000961955599,pass,pass,7
53047,2813984209,10|28|60|100,10|18|32|40,100,212088,105994,0.000471280185,0.000942560371,pass,pass,7
53051,2814408601,28|76|78|90,28|48|2|12,90,212114,106012,0.000424120186,0.000848240372,pass,pass,11
53069,2816318761,6|16|18|36,6|10|2|18,36,212240,106102,0.000169590533,0.000339181066,pass,pass,29
53077,2817167929,34|58|70|78,34|24|12|8,78,212230,106076,0.000367390772,0.000734781544,pass,pass,7
53087,2818229569,4|22|28|102,4|18|6|74,102,212246,106072,0.000480343587,0.000960687174,pass,pass,17
53089,2818441921,18|36|42|72,18|18|6|30,72,212284,106106,0.000339053288,0.000678106576,pass,pass,19
53093,2818866649,58|60|88|120,58|2|28|32,120,212252,106066,0.00056504624,0.001130092479,pass,pass,23
53101,2819716201,12|16|18|30,12|4|2|12,30,212374,106172,0.000141240278,0.000282480556,pass,pass,1
53113,2820990769,48|58|64|90,48|10|6|26,90,212362,106136,0.000423625101,0.000847250202,pass,pass,13
53117,2821415689,30|42|78|88,30|12|36|10,88,212380,106146,0.000414180018,0.000828360035,pass,pass,17
53129,2822690641,30|36|40|46,30|6|4|6,46,212470,106212,0.000216454291,0.000432908581,pass,pass,29
53147,2824603609,24|28|58|90,24|4|30|32,90,212498,106204,0.000423354093,0.000846708187,pass,pass,17
53149,2824816201,16|58|60|96,16|42|2|36,96,212500,106202,0.000451560707,0.000903121413,pass,pass,19
53161,2826091921,22|48|60|66,22|26|12|6,66,212578,106256,0.000310377909,0.000620755817,pass,pass,1
53171,2827155241,16|28|40|100,16|12|12|60,100,212584,106242,0.000470181114,0.000940362228,pass,pass,11
53173,2827367929,18|22|24|28,18|4|2|4,28,212664,106318,0.00013164576,0.00026329152,pass,pass,13
53189,2829069721,46|60|132|156,46|14|72|24,156,212600,106222,0.000733234315,0.001466468631,pass,pass,29
53197,2829920809,34|58|94|112,34|24|36|18,112,212676,106282,0.000526345471,0.001052690941,pass,pass,7
53201,2830346401,16|60|112|120,16|44|52|8,120,212684,106282,0.000563899175,0.00112779835,pass,pass,11
53231,2833539361,6|28|42|60,6|22|14|18,60,212864,106402,0.000281790686,0.000563581372,pass,pass,11
53233,2833752289,34|54|60|78,34|20|6|18,78,212854,106388,0.000366314128,0.000732628257,pass,pass,13
53239,2834391121,16|72|106|126,16|56|34|20,126,212830,106352,0.000591671519,0.001183343038,pass,pass,19
53267,2837373289,4|10|28|34,4|6|18|6,34,213034,106500,0.00015957347,0.000319146939,pass,pass,17
53269,2837586361,10|18|30|36,10|8|12|6,36,213040,106502,0.000168953801,0.000337907601,pass,pass,19
53279,2838651841,12|42|46|60,12|30|4|14,60,213056,106498,0.000281536816,0.000563073631,pass,pass,29
53281,2838864961,6|18|28|30,6|12|10|2,30,213094,106532,0.000140763124,0.000281526248,pass,pass,1
53299,2840783401,16|36|42|70,16|20|6|28,70,213126,106528,0.000328336367,0.000656672733,pass,pass,19
53309,2841849481,72|100|120|126,72|28|20|6,126,213110,106492,0.000590894596,0.001181789191,pass,pass,29
53323,2843342329,24|60|78|88,24|36|18|10,88,213204,106558,0.000412579937,0.000825159875,pass,pass,13
53327,2843768929,4|22|24|58,4|18|2|34,58,213250,106596,0.000271907289,0.000543814578,pass,pass,17
53353,2846542609,10|22|42|54,10|12|20|12,54,213358,106652,0.000253031695,0.000506063389,pass,pass,13
53359,2847182881,76|112|162|190,76|36|50|28,190,213246,106528,0.000890196593,0.001780393186,pass,pass,19
53377,2849104129,18|22|54|132,18|4|32|78,132,213376,106622,0.000618243813,0.001236487626,pass,pass,7
53381,2849531161,10|12|46|58,10|2|34|12,58,213466,106704,0.000271632229,0.000543264457,pass,pass,11
53401,2851666801,40|76|142|208,40|36|66|66,208,213396,106594,0.000973764536,0.001947529072,pass,pass,1
53407,2852307649,48|94|102|118,48|46|8|16,118,213510,106696,0.00055236205,0.0011047241,pass,pass,7
53411,2852734921,36|40|78|82,36|4|38|4,82,213562,106740,0.000383816068,0.000767632136,pass,pass,11
53419,2853589561,6|40|58|78,6|34|18|20,78,213598,106760,0.000365038657,0.000730077313,pass,pass,19
53437,2855512969,40|58|70|84,40|18|12|14,84,213664,106790,0.000392986133,0.000785972266,pass,pass,7
53441,2855940481,30|66|72|88,30|36|6|16,88,213676,106794,0.000411668943,0.000823337887,pass,pass,11
53453,2857223209,10|52|54|64,10|42|2|10,64,213748,106842,0.000299328382,0.000598656764,pass,pass,23
53479,2860003441,16|36|52|58,16|20|16|6,58,213858,106900,0.000271134464,0.000542268928,pass,pass,19
53503,2862571009,42|60|70|82,42|18|10|12,82,213930,106924,0.000383156085,0.000766312169,pass,pass,13
53507,2862999049,28|102|108|130,28|74|6|22,130,213898,106884,0.000607397163,0.001214794326,pass,pass,17
53527,2865139729,12|30|34|64,12|18|4|30,64,214044,106990,0.000298914566,0.000597829133,pass,pass,7
53549,2867495401,18|52|78|168,18|34|26|90,168,214028,106930,0.000784328372,0.001568656744,pass,pass,29
53551,2867709601,28|40|42|58,28|12|2|16,58,214146,107044,0.00027076992,0.000541539841,pass,pass,1
53569,2869637761,18|58|72|82,18|40|14|10,82,214194,107056,0.000382684015,0.00076536803,pass,pass,19
53591,2871995281,30|72|96|100,30|42|24|4,100,214264,107082,0.00046649624,0.00093299248,pass,pass,11
53593,2872209649,30|52|64|70,30|22|12|6,70,214302,107116,0.000326535182,0.000653070364,pass,pass,13
53597,2872638409,12|42|82|130,12|30|40|48,130,214258,107064,0.000606377223,0.001212754445,pass,pass,17
53609,2873924881,6|42|48|70,6|36|6|22,70,214366,107148,0.000326437725,0.00065287545,pass,pass,29
53611,2874139321,30|40|60|76,30|10|20|16,76,214368,107146,0.00035440488,0.000708809759,pass,pass,1
53617,2874782689,28|34|60|72,28|6|26|12,72,214396,107162,0.000335714419,0.000671428838,pass,pass,7
53623,2875426129,28|42|52|114,28|14|10|62,114,214378,107132,0.000531488354,0.001062976708,pass,pass,13
53629,2876069641,16|46|60|76,16|30|14|16,76,214440,107182,0.000354285927,0.000708571855,pass,pass,19
53633,2876498689,10|12|18|42,10|2|6|24,42,214490,107224,0.000195774989,0.000391549979,pass,pass,23
53639,2877142321,70|76|78|118,70|6|2|40,118,214438,107160,0.000549972967,0.001099945935,pass,pass,29
53653,2878644409,4|18|34|54,4|14|16|20,54,214558,107252,0.000251616871,0.000503233743,pass,pass,13
53657,2879073649,12|22|28|64,12|10|6|36,64,214564,107250,0.000298190357,0.000596380715,pass,pass,17
53681,2881649761,28|30|106|130,28|2|76|24,130,214594,107232,0.000605428364,0.001210856728,pass,pass,11
53693,2882938249,34|42|52|58,34|8|10|6,58,214714,107328,0.000270053825,0.000540107649,pass,pass,23
53699,2883582601,28|40|42|58,28|12|2|16,58,214738,107340,0.00027002365,0.000540047301,pass,pass,29
53717,2885516089,10|24|100|102,10|14|76|2,102,214766,107332,0.000474710055,0.000949420109,pass,pass,17
53719,2885730961,60|66|70|72,60|6|4|2,72,214804,107366,0.000335076975,0.000670153949,pass,pass,19
53731,2887020361,16|36|70|78,16|20|34|8,78,214846,107384,0.000362918985,0.000725837971,pass,pass,1
53759,2890030081,30|46|52|58,30|16|6|6,58,214978,107460,0.000269722279,0.000539444558,pass,pass,29
53773,2891535529,18|24|60|72,18|6|36|12,72,215020,107474,0.000334740483,0.000669480966,pass,pass,13
53777,2891965729,52|58|70|72,52|6|12|2,72,215036,107482,0.000334715585,0.000669431169,pass,pass,17
53783,2892611089,4|18|70|84,4|14|52|14,84,215048,107482,0.000390457951,0.000780915903,pass,pass,23
53791,2893471681,18|22|70|118,18|4|48|48,118,215046,107464,0.00054841888,0.001096837761,pass,pass,1
53813,2895838969,28|52|58|114,28|24|6|56,114,215138,107512,0.000529611804,0.001059223608,pass,pass,23
53819,2896484761,10|18|30|52,10|8|12|22,52,215224,107586,0.000241550382,0.000483100764,pass,pass,29
53831,2897776561,10|12|16|28,10|2|4|12,28,215296,107634,0.000130036596,0.000260073192,pass,pass,11
53849,2899714801,18|76|88|106,18|58|12|18,106,215290,107592,0.000492116845,0.000984233691,pass,pass,29
53857,2900576449,28|58|60|94,28|30|2|34,94,215334,107620,0.00043634068,0.00087268136,pass,pass,7
53861,2901007321,16|28|58|66,16|12|30|8,66,215378,107656,0.000306344108,0.000612688216,pass,pass,11
53881,2903162161,6|76|100|102,6|70|24|2,102,215422,107660,0.000473265158,0.000946530317,pass,pass,1
53887,2903808769,52|58|64|78,52|6|6|14,78,215470,107696,0.000361868354,0.000723736708,pass,pass,7
53891,2904239881,12|100|142|156,12|88|42|14,156,215408,107626,0.00072368299,0.001447365979,pass,pass,11
53897,2904886609,18|52|58|84,18|34|6|26,84,215504,107710,0.000389632076,0.000779264152,pass,pass,17
53899,2905102201,16|52|78|150,16|36|26|72,150,215446,107648,0.000695745747,0.001391491493,pass,pass,19
53917,2907042889,4|24|34|58,4|20|10|24,58,215610,107776,0.000268931877,0.000537863754,pass,pass,7
53923,2907689929,28|34|70|102,28|6|36|32,102,215590,107744,0.000472896538,0.000945793075,pass,pass,13
53927,2908121329,10|22|64|100,10|12|42|36,100,215608,107754,0.000463589668,0.000927179335,pass,pass,17
53939,2909415721,6|18|36|46,6|12|18|10,46,215710,107832,0.000213203804,0.000426407609,pass,pass,29
53951,2910710401,30|40|42|76,30|10|2|34,76,215728,107826,0.000352171415,0.00070434283,pass,pass,11
53959,2911573681,30|66|76|78,30|36|10|2,78,215758,107840,0.000361385496,0.000722770993,pass,pass,19
53987,2914596169,4|34|70|72,4|30|36|2,72,215876,107902,0.0003334136,0.000666827199,pass,pass,17
53993,2915244049,18|28|34|42,18|10|6|8,42,215930,107944,0.000194469653,0.000388939307,pass,pass,23
54001,2916108001,16|28|36|52,16|12|8|16,52,215952,107950,0.000240736283,0.000481472565,pass,pass,1
54011,2917188121,18|28|52|70,18|10|24|18,70,215974,107952,0.000324008072,0.000648016145,pass,pass,11
54013,2917404169,40|64|84|138,40|24|20|54,138,215914,107888,0.000638735119,0.001277470239,pass,pass,13
54037,2919997369,4|24|28|42,4|20|4|14,42,216106,108032,0.000194311305,0.00038862261,pass,pass,7
54049,2921294401,42|48|88|90,42|6|40|2,90,216106,108008,0.000416288923,0.000832577846,pass,pass,19
54059,2922375481,28|36|82|88,28|8|46|6,88,216148,108030,0.000406962763,0.000813925526,pass,pass,29
54083,2924970889,24|58|60|70,24|34|2|10,70,216262,108096,0.000323576725,0.000647153449,pass,pass,23
54091,2925836281,12|70|106|112,12|58|36|6,112,216252,108070,0.000517646189,0.001035292378,pass,pass,1
54101,2926918201,18|28|106|132,18|10|78|26,132,216272,108070,0.000609970241,0.001219940482,pass,pass,11
54121,2929082641,28|60|66|102,28|32|6|36,102,216382,108140,0.00047116646,0.000942332921,pass,pass,1
54133,2930381689,22|30|42|54,22|8|12|12,54,216478,108212,0.000249385772,0.000498771544,pass,pass,13
54139,2931031321,18|40|96|130,18|22|56|34,130,216426,108148,0.000600306618,0.001200613236,pass,pass,19
54151,2932330801,10|28|30|46,10|18|2|16,46,216558,108256,0.000212369116,0.000424738232,pass,pass,1
54163,2933630569,22|28|30|34,22|6|2|4,34,216618,108292,0.0001569337,0.0003138674,pass,pass,13
54167,2934063889,12|70|102|108,12|58|32|6,108,216560,108226,0.000498458471,0.000996916942,pass,pass,17
54181,2935580761,12|18|72|120,12|6|54|48,120,216604,108242,0.000553699636,0.001107399273,pass,pass,1
54193,2936881249,18|40|58|64,18|22|18|6,64,216708,108322,0.000295241083,0.000590482166,pass,pass,13
54217,2939483089,48|60|64|82,48|12|4|18,82,216786,108352,0.000378110187,0.000756220374,pass,pass,7
54251,2943171001,42|88|96|138,42|46|8|42,138,216866,108364,0.000635932978,0.001271865956,pass,pass,11
54269,2945124361,22|46|72|76,22|24|26|4,76,217000,108462,0.000350107796,0.000700215593,pass,pass,29
54277,2945992729,4|10|12|54,4|6|2|42,54,217054,108500,0.000248724137,0.000497448275,pass,pass,7
54287,2947078369,4|78|102|160,4|74|24|58,160,216988,108414,0.000736824654,0.001473649308,pass,pass,17
54293,2947729849,18|28|54|64,18|10|26|10,64,217108,108522,0.000294697291,0.000589394581,pass,pass,23
54311,2949684721,58|102|190|232,58|44|88|42,232,217012,108390,0.001067923625,0.00213584725,pass,pass,11
54319,2950553761,16|58|60|82,16|42|2|22,82,217194,108556,0.000377400173,0.000754800346,pass,pass,19
54323,2950988329,18|24|48|100,18|6|24|52,100,217192,108546,0.000460210224,0.000920420448,pass,pass,23
54331,2951857561,30|60|126|148,30|30|66|22,148,217176,108514,0.000681010841,0.001362021682,pass,pass,1
54347,2953596409,4|40|52|82,4|36|12|30,82,217306,108612,0.000377205734,0.000754411467,pass,pass,17
54361,2955118321,12|28|30|70,12|16|2|40,70,217374,108652,0.000321921966,0.000643843932,pass,pass,1
54367,2955770689,48|54|58|60,48|6|4|2,60,217408,108674,0.000275902662,0.000551805323,pass,pass,7
54371,2956205641,28|48|58|70,28|20|10|12,70,217414,108672,0.000321862758,0.000643725515,pass,pass,11
54377,2956858129,30|40|70|120,30|10|30|50,120,217388,108634,0.000551703845,0.001103407691,pass,pass,17
54401,2959468801,28|70|72|106,28|42|2|34,106,217498,108696,0.000487123398,0.000974246797,pass,pass,11
54403,2959686409,4|18|30|60,4|14|12|30,60,217552,108746,0.000275720089,0.000551440178,pass,pass,13
54409,2960339281,6|16|30|82,6|10|14|52,82,217554,108736,0.000376775901,0.000753551802,pass,pass,19
54413,2960774569,4|12|22|30,4|8|10|8,30,217622,108796,0.000137834709,0.000275669417,pass,pass,23
54419,2961427561,16|28|46|58,16|12|18|12,58,217618,108780,0.000266451056,0.000532902111,pass,pass,29
54421,2961645241,10|66|130|150,10|56|64|20,150,217534,108692,0.000689072233,0.001378144466,pass,pass,1
54437,2963386969,22|28|54|60,22|6|26|6,60,217688,108814,0.000275547881,0.000551095762,pass,pass,17
54443,2964040249,24|34|48|52,24|10|14|4,52,217720,108834,0.000238781845,0.00047756369,pass,pass,23
54449,2964693601,6|16|22|36,6|10|6|14,36,217760,108862,0.000165292292,0.000330584584,pass,pass,29
54469,2966871961,6|42|76|102,6|36|34|26,102,217774,108836,0.000468156199,0.000936312398,pass,pass,19
54493,2969487049,12|22|40|100,12|10|18|60,100,217872,108886,0.000458774521,0.000917549043,pass,pass,13
54497,2969923009,28|40|48|54,28|12|8|6,54,217934,108940,0.000247720058,0.000495440116,pass,pass,17
54499,2970141001,10|88|90|102,10|78|2|12,102,217894,108896,0.000467898494,0.000935796987,pass,pass,19
54503,2970577009,4|24|64|72,4|20|40|8,72,217940,108934,0.00033025705,0.0006605141,pass,pass,23
54517,2972103289,12|22|70|94,12|10|48|24,94,217974,108940,0.000431058202,0.000862116404,pass,pass,7
54521,2972539441,6|58|70|100,6|52|12|30,100,217984,108942,0.000458538912,0.000917077823,pass,pass,11
54539,2974502521,6|22|58|60,6|16|36|2,60,218096,109018,0.000275032546,0.000550065091,pass,pass,29
54541,2974720681,10|18|22|30,10|8|4|8,30,218134,109052,0.00013751123,0.00027502246,pass,pass,1
54547,2975375209,24|58|88|102,24|34|30|14,102,218086,108992,0.000467486755,0.000934973509,pass,pass,7
54559,2976684481,36|42|58|72,36|6|16|14,72,218164,109046,0.00032991807,0.000659836141,pass,pass,19
54563,2977120969,30|34|40|60,30|4|6|20,60,218192,109066,0.00027491157,0.00054982314,pass,pass,23
54577,2978648929,12|22|40|78,12|10|18|38,78,218230,109076,0.000357293365,0.000714586731,pass,pass,7
54581,2979085561,12|28|46|106,12|16|18|60,106,218218,109056,0.000485516938,0.000971033876,pass,pass,11
54583,2979303889,34|58|72|78,34|24|14|6,78,218254,109088,0.00035725409,0.00071450818,pass,pass,13
54601,2981269201,28|36|52|60,28|8|16|8,60,218344,109142,0.000274720243,0.000549440486,pass,pass,1
54617,2983016689,22|34|42|70,22|12|8|28,70,218398,109164,0.000320413058,0.000640826116,pass,pass,17
54623,2983672129,12|28|48|100,12|16|20|52,100,218392,109146,0.000457682661,0.000915365322,pass,pass,23
54629,2984327641,40|42|88|100,40|2|46|12,100,218416,109158,0.000457632393,0.000915264786,pass,pass,29
54631,2984546161,16|18|22|28,16|2|4|6,28,218496,109234,0.000128132379,0.000256264758,pass,pass,1
54647,2986294609,30|42|58|64,30|12|16|6,64,218524,109230,0.000292788259,0.000585576518,pass,pass,17
54667,2988480889,10|18|28|34,10|8|10|6,34,218634,109300,0.000155486857,0.000310973714,pass,pass,7
54673,2989136929,22|28|48|70,22|6|20|22,70,218622,109276,0.000320084868,0.000640169736,pass,pass,13
54679,2989793041,30|42|46|58,30|12|4|12,58,218658,109300,0.000265184074,0.000530368149,pass,pass,19
54709,2993074681,16|18|48|72,16|2|30|24,72,218764,109346,0.000329013508,0.000658027016,pass,pass,19
54713,2993512369,4|60|64|102,4|56|4|38,102,218750,109324,0.000466068393,0.000932136787,pass,pass,23
54721,2994387841,16|22|90|96,16|6|68|6,96,218788,109346,0.000438588476,0.000877176952,pass,pass,1
54727,2995044529,70|72|102|162,70|2|30|60,162,218746,109292,0.00074003691,0.001480073821,pass,pass,7
54751,2997672001,48|52|60|90,48|4|8|30,90,218914,109412,0.000410951398,0.000821902796,pass,pass,1
54767,2999424289,12|28|88|112,12|16|60|24,112,218956,109422,0.000511256779,0.001022513557,pass,pass,17
54773,3000081529,12|40|42|54,12|28|2|12,54,219038,109492,0.000246471802,0.000492943604,pass,pass,23
54779,3000738841,18|36|48|90,18|18|12|42,90,219026,109468,0.000410741342,0.000821482685,pass,pass,29
54787,3001615369,12|42|58|142,12|30|16|84,142,219006,109432,0.000647963933,0.001295927866,pass,pass,7
54799,3002930401,16|42|66|76,16|26|24|10,76,219120,109522,0.000346721656,0.000693443311,pass,pass,19
54829,3006219241,72|82|90|112,72|10|8|22,112,219204,109546,0.000510678655,0.001021357311,pass,pass,19
54833,3006657889,28|48|58|100,28|20|10|42,100,219232,109566,0.000455929823,0.000911859647,pass,pass,23
54851,3008632201,16|58|102|136,16|42|44|34,136,219268,109566,0.000619861078,0.001239722156,pass,pass,11
54869,3010607161,6|66|78|100,6|60|12|22,100,219376,109638,0.000455630684,0.000911261368,pass,pass,29
54877,3011485129,24|42|52|58,24|18|10|6,58,219450,109696,0.000264227272,0.000528454544,pass,pass,7
54881,3011924161,12|22|30|36,12|10|8|6,36,219488,109726,0.000163991181,0.000327982362,pass,pass,11
54907,3014778649,54|60|84|108,54|6|24|24,108,219520,109706,0.00049174058,0.000983481159,pass,pass,7
54917,3015876889,18|22|48|90,18|4|26|42,90,219578,109744,0.000409709198,0.000819418395,pass,pass,17
54919,3016096561,36|58|60|78,36|22|2|18,78,219598,109760,0.000355068373,0.000710136747,pass,pass,19
54941,3018513481,18|22|70|78,18|4|48|8,78,219686,109804,0.000354926194,0.000709852387,pass,pass,11
54949,3019392601,40|70|96|106,40|30|26|10,106,219690,109792,0.000482265373,0.000964530747,pass,pass,19
54959,3020491681,22|48|70|138,22|26|22|68,138,219698,109780,0.000627740679,0.001255481359,pass,pass,29
54973,3022030729,4|34|42|72,4|30|8|30,72,219820,109874,0.000327433467,0.000654866935,pass,pass,13
54979,3022690441,12|36|58|70,12|24|22|12,70,219846,109888,0.000318303352,0.000636606704,pass,pass,19
54983,3023130289,12|40|58|64,12|28|18|6,64,219868,109902,0.000290999036,0.000581998072,pass,pass,23
55001,3025110001,16|18|36|58,16|2|18|22,58,219946,109944,0.00026363157,0.000527263141,pass,pass,11
55009,3025990081,30|46|58|72,30|16|12|14,72,219964,109946,0.000327219182,0.000654438365,pass,pass,19
55021,3027310441,16|42|58|82,16|26|16|24,82,220002,109960,0.000372585013,0.000745170026,pass,pass,1
55049,3030392401,12|28|36|58,12|16|8|22,58,220138,110040,0.000263401697,0.000526803393,pass,pass,29
55051,3030612601,30|42|46|48,30|12|4|2,48,220156,110054,0.000217979692,0.000435959383,pass,pass,1
55057,3031273249,88|138|144|160,88|50|6|16,160,220068,109954,0.000726519789,0.001453039577,pass,pass,7
55061,3031713721,10|60|72|88,10|50|12|16,88,220156,110034,0.000399556855,0.00079911371,pass,pass,11
55073,3033035329,30|34|42|60,30|4|8|18,60,220232,110086,0.000272365769,0.000544731538,pass,pass,23
55079,3033696241,28|78|136|160,28|50|58|24,160,220156,109998,0.000726229597,0.001452459195,pass,pass,29
55103,3036340609,4|18|84|102,4|14|66|18,102,220310,110104,0.000462769722,0.000925539444,pass,pass,23
55109,3037001881,30|36|42|72,30|6|6|30,72,220364,110146,0.000326625415,0.00065325083,pass,pass,29
55117,3037883689,10|22|40|84,10|12|18|44,84,220384,110150,0.000381007675,0.000762015349,pass,pass,7
55127,3038986129,48|58|60|82,48|10|2|22,82,220426,110172,0.000371868594,0.000743737189,pass,pass,17
55147,3041191609,4|22|42|88,4|18|20|46,88,220500,110206,0.000398933759,0.000797867518,pass,pass,7
55163,3042956569,22|24|48|90,22|2|24|42,90,220562,110236,0.000407882095,0.00081576419,pass,pass,23
55171,3043839241,6|46|60|106,6|40|14|46,106,220578,110236,0.000480324808,0.000960649617,pass,pass,1
55201,3047150401,42|52|70|126,42|10|18|56,126,220678,110276,0.000570641836,0.001141283672,pass,pass,1
55207,3047812849,12|30|54|70,12|18|24|16,70,220758,110344,0.000316988788,0.000633977575,pass,pass,7
55213,3048475369,4|10|34|64,4|6|24|30,64,220788,110362,0.000289786826,0.000579573651,pass,pass,13
55217,3048917089,4|12|40|72,4|8|28|32,72,220796,110362,0.000325986562,0.000651973124,pass,pass,17
55219,3049137961,6|22|36|52,6|16|14|16,52,220824,110386,0.000235426212,0.000470852424,pass,pass,19
55229,3050242441,16|36|58|72,16|20|22|14,72,220844,110386,0.000325915733,0.000651831465,pass,pass,29
55243,3051789049,12|58|78|84,12|46|20|6,84,220888,110402,0.00038013866,0.00076027732,pass,pass,13
55249,3052452001,36|78|96|102,36|42|18|6,102,220894,110396,0.000461546815,0.000923093631,pass,pass,19
55259,3053557081,16|18|28|40,16|2|10|12,40,220996,110478,0.000180965996,0.000361931993,pass,pass,29
55291,3057094681,6|28|40|60,6|22|12|20,60,221104,110522,0.000271291892,0.000542583784,pass,pass,1
55313,3059527969,4|24|54|78,4|20|30|24,78,221174,110548,0.000352539186,0.000705078372,pass,pass,23
55331,3061519561,6|22|60|78,6|16|38|18,78,221246,110584,0.0003524245,0.000704849,pass,pass,11
55333,3061740889,12|34|48|60,12|22|14|12,60,221272,110606,0.00027108597,0.000542171941,pass,pass,13
55337,3062183569,12|18|54|82,12|6|36|28,82,221266,110592,0.000370457379,0.000740914759,pass,pass,17
55339,3062404921,6|10|30|42,6|4|20|12,42,221314,110636,0.000189739605,0.00037947921,pass,pass,19
55343,3062847649,52|94|114|130,52|42|20|16,130,221242,110556,0.000587246806,0.001174493613,pass,pass,23
55351,3063733201,18|28|78|102,18|10|50|24,102,221302,110600,0.000460696284,0.000921392567,pass,pass,1
55373,3066169129,28|34|64|78,28|6|30|14,78,221414,110668,0.000352157189,0.000704314377,pass,pass,23
55381,3067055161,18|36|66|108,18|18|30|42,108,221416,110654,0.000487531825,0.00097506365,pass,pass,1
55399,3069049201,40|60|96|130,40|20|36|34,130,221466,110668,0.000586653189,0.001173306377,pass,pass,19
55411,3070378921,22|42|60|78,22|20|18|18,78,221566,110744,0.000351915685,0.000703831369,pass,pass,1
55439,3073482721,36|40|60|66,36|4|20|6,66,221690,110812,0.000297624416,0.000595248832,pass,pass,29
55441,3073704481,16|46|60|70,16|30|14|10,70,221694,110812,0.000315650872,0.000631301744,pass,pass,1
55457,3075478849,24|28|88|94,24|4|60|6,94,221734,110820,0.000423751736,0.000847503471,pass,pass,17
55469,3076809961,36|40|78|108,36|4|38|30,108,221768,110830,0.00048675837,0.000973516739,pass,pass,29
55487,3078807169,54|58|64|72,54|4|6|8,72,221876,110902,0.00032440031,0.00064880062,pass,pass,17
55501,3080361001,12|22|78|90,12|10|56|12,90,221914,110912,0.000405398101,0.000810796202,pass,pass,1
55511,3081471121,18|70|88|106,18|52|18|18,106,221938,110916,0.000477382861,0.000954765722,pass,pass,11
55529,3083469841,28|82|96|100,28|54|14|4,100,222016,110958,0.000450215203,0.000900430406,pass,pass,29
55541,3084802681,6|46|52|70,6|40|6|18,70,222094,111012,0.000315082552,0.000630165103,pass,pass,11
55547,3085469209,40|70|142|154,40|30|72|12,154,222034,110940,0.000693106738,0.001386213477,pass,pass,17
55579,3089025241,16|78|96|106,16|62|18|10,106,222210,111052,0.000476798791,0.000953597582,pass,pass,19
55589,3090136921,6|22|40|58,6|16|18|18,58,222298,111120,0.000260842973,0.000521685945,pass,pass,29
55603,3091693609,30|72|78|82,30|42|6|4,82,222330,111124,0.000368685143,0.000737370286,pass,pass,13
55609,3092360881,10|52|96|102,10|42|44|6,102,222334,111116,0.000458558866,0.000917117733,pass,pass,19
55619,3093473161,16|72|88|106,16|56|16|18,106,222370,111132,0.000476455887,0.000952911775,pass,pass,29
55621,3093695641,18|36|78|82,18|18|42|4,82,222402,111160,0.000368565829,0.000737131659,pass,pass,1
55631,3094808161,16|30|58|96,16|14|28|38,96,222428,111166,0.00043141414,0.000862828279,pass,pass,11
55633,3095030689,88|90|112|144,88|2|22|32,144,222388,111122,0.000647097945,0.001294195891,pass,pass,13
55639,3095698321,36|52|70|100,36|16|18|30,100,222456,111178,0.000449325114,0.000898650227,pass,pass,19
55661,3098146921,6|18|28|30,6|12|10|2,30,222614,111292,0.000134744255,0.000269488511,pass,pass,11
55663,3098369569,22|42|78|124,22|20|36|46,124,222528,111202,0.000556922911,0.001113845822,pass,pass,13
55667,3098814889,52|60|100|102,52|8|40|2,102,222566,111232,0.000458081089,0.000916162179,pass,pass,17
55673,3099482929,58|90|100|102,58|32|10|2,102,222590,111244,0.000458031721,0.000916063442,pass,pass,23
55681,3100373761,60|72|78|106,60|12|6|28,106,222618,111256,0.000475925361,0.000951850721,pass,pass,1
55691,3101487481,22|46|66|70,22|24|20|4,70,222694,111312,0.000314233898,0.000628467796,pass,pass,11
55697,3102155809,18|22|100|102,18|4|78|2,102,222686,111292,0.000457834354,0.000915668707,pass,pass,17
55711,3103715521,22|58|78|106,22|36|20|28,106,222738,111316,0.000475669078,0.000951338156,pass,pass,1
55717,3104384089,10|22|28|30,10|12|6|2,30,222838,111404,0.000134608827,0.000269217653,pass,pass,7
55721,3104829841,18|42|66|72,18|24|24|6,72,222812,111370,0.000323037993,0.000646075986,pass,pass,11
55733,3106167289,24|58|82|124,24|34|24|42,124,222808,111342,0.000556223422,0.001112446845,pass,pass,23
55763,3109512169,12|18|30|52,12|6|12|22,52,223000,111474,0.000233129494,0.000466258989,pass,pass,23
55787,3112189369,22|28|72|78,22|6|44|6,78,223070,111496,0.000349543801,0.000699087601,pass,pass,17
55793,3112858849,48|72|88|114,48|24|16|26,114,223058,111472,0.000510816769,0.001021633538,pass,pass,23
55799,3113528401,12|90|106|118,12|78|16|12,118,223078,111480,0.00052868331,0.001057366619,pass,pass,29
55807,3114421249,30|84|148|184,30|54|64|36,184,223044,111430,0.000824269357,0.001648538714,pass,pass,7
55813,3115090969,34|40|60|168,34|6|20|108,168,223084,111458,0.000752512855,0.001505025711,pass,pass,13
55817,3115537489,54|58|78|94,54|4|20|16,94,223174,111540,0.000421018686,0.000842037372,pass,pass,17
55819,3115760761,28|120|130|136,28|92|10|6,136,223140,111502,0.000609111593,0.001218223186,pass,pass,19
55823,3116207329,4|34|82|118,4|30|48|36,118,223174,111528,0.000528456013,0.001056912026,pass,pass,23
55829,3116877241,52|106|108|148,52|54|2|40,148,223168,111510,0.000662738004,0.001325476007,pass,pass,29
55837,3117770569,34|40|84|130,34|6|44|46,130,223218,111544,0.000582051328,0.001164102656,pass,pass,7
55843,3118440649,60|130|172|174,60|70|42|2,174,223198,111512,0.000778969611,0.001557939222,pass,pass,13
55849,3119110801,6|10|42|58,6|4|32|16,58,223338,111640,0.000259628642,0.000519257283,pass,pass,19
55871,3121568641,28|48|52|58,28|20|4|6,58,223426,111684,0.000259526409,0.000519052818,pass,pass,11
55889,3123580321,10|12|30|78,10|2|18|48,78,223478,111700,0.000348905867,0.000697811734,pass,pass,29
55897,3124474609,12|42|72|90,12|30|30|18,90,223498,111704,0.000402526075,0.000805052149,pass,pass,7
55901,3124921801,18|22|30|36,18|4|8|6,36,223568,111766,0.000160998909,0.000321997818,pass,pass,11
55903,3125145409,12|100|114|144,12|88|14|30,144,223468,111662,0.000643972595,0.001287945191,pass,pass,13
55921,3127158241,12|18|42|48,12|6|24|6,48,223636,111794,0.000214588437,0.000429176875,pass,pass,1
55927,3127829329,28|30|48|60,28|2|18|12,60,223648,111794,0.00026820677,0.000536413539,pass,pass,7
55931,3128276761,10|18|52|96,10|8|34|44,96,223628,111766,0.000429100141,0.000858200282,pass,pass,11
55933,3128500489,4|22|30|142,4|18|8|112,142,223590,111724,0.00063468793,0.00126937586,pass,pass,13
55949,3130290601,16|18|42|58,16|2|24|16,58,223738,111840,0.000259164596,0.000518329193,pass,pass,29
55967,3132305089,34|58|64|70,34|24|6|6,70,223798,111864,0.00031268426,0.000625368521,pass,pass,17
55987,3134544169,4|12|18|58,4|8|6|40,58,223890,111916,0.000258988694,0.000517977388,pass,pass,7
55997,3135664009,4|10|18|24,4|6|8|6,24,223964,111970,0.000107148597,0.000214297194,pass,pass,17
56003,3136336009,10|30|58|70,10|20|28|12,70,223942,111936,0.00031248326,0.00062496652,pass,pass,23
56009,3137008081,18|36|70|72,18|18|34|2,72,223964,111946,0.000321376922,0.000642753843,pass,pass,29
56039,3140369521,46|48|58|66,46|2|10|8,66,224090,112012,0.000294437802,0.000588875604,pass,pass,29
56041,3140593681,10|58|60|78,10|48|2|18,78,224086,112004,0.00034795953,0.000695919059,pass,pass,1
56053,3141938809,58|72|78|114,58|14|6|36,114,224098,111992,0.000508447362,0.001016894725,pass,pass,13
56081,3145078561,16|28|36|78,16|12|8|42,78,224246,112084,0.000347711346,0.000695422692,pass,pass,11
56087,3145751569,4|10|24|42,4|6|14|18,42,224306,112132,0.000187209157,0.000374418314,pass,pass,17
56093,3146424649,12|82|84|112,12|70|2|28,112,224260,112074,0.00049917102,0.000998342039,pass,pass,23
56099,3147097801,22|58|72|78,22|36|14|6,78,224318,112120,0.000347599779,0.000695199558,pass,pass,29
56101,3147322201,102|108|112|130,102|6|4|18,130,224274,112072,0.000579312312,0.001158624623,pass,pass,1
56113,3148668769,10|28|88|108,10|18|60|20,108,224344,112118,0.000481171921,0.000962343842,pass,pass,13
56123,3149791129,18|28|34|58,18|10|6|24,58,224434,112188,0.0002583611,0.000516722199,pass,pass,23
56131,3150689161,6|22|28|58,6|16|6|30,58,224466,112204,0.000258324277,0.000516648554,pass,pass,1
56149,3152710201,16|40|88|112,16|24|48|24,112,224484,112186,0.000498673173,0.000997346346,pass,pass,19
56167,3154731889,4|12|52|64,4|8|40|12,64,224604,112270,0.000284864778,0.000569729557,pass,pass,7
56171,3155181241,6|18|66|70,6|12|48|4,70,224614,112272,0.000311548664,0.000623097328,pass,pass,11
56179,3156080041,6|10|28|36,6|4|18|8,36,224680,112322,0.000160202211,0.000320404422,pass,pass,19
56197,3158102809,30|64|78|114,30|34|14|36,114,224674,112280,0.000507144509,0.001014289019,pass,pass,7
56207,3159226849,18|30|42|52,18|12|12|10,52,224776,112362,0.000231287918,0.000462575836,pass,pass,17
56209,3159451681,12|28|40|42,12|16|12|2,42,224794,112376,0.000186802825,0.00037360565,pass,pass,19
56237,3162600169,24|40|54|72,24|16|14|18,72,224876,112402,0.000320073973,0.000640147945,pass,pass,17
56239,3162825121,46|58|66|82,46|12|8|16,82,224874,112396,0.000364515728,0.000729031455,pass,pass,19
56249,3163950001,6|10|16|28,6|4|6|12,28,224968,112470,0.000124446657,0.000248893314,pass,pass,29
56263,3165525169,4|34|72|94,4|30|38|22,94,224958,112432,0.000417681247,0.000835362494,pass,pass,13
56267,3165975289,22|60|114|180,22|38|54|66,180,224888,112354,0.000799758295,0.001599516591,pass,pass,17
56269,3166200361,100|102|120|130,100|2|18|10,130,224946,112408,0.000577582683,0.001155165366,pass,pass,19
56299,3169577401,12|18|42|48,12|6|24|6,48,225148,112550,0.000213147658,0.000426295316,pass,pass,19
56311,3170928721,6|16|30|120,6|10|14|90,120,225124,112502,0.000532755589,0.001065511179,pass,pass,1
56333,3173406889,4|30|58|112,4|26|28|54,112,225220,112554,0.000497044361,0.000994088722,pass,pass,23
56359,3176336881,6|12|16|28,6|6|4|12,28,225408,112690,0.000124203765,0.00024840753,pass,pass,19
56369,3177464161,16|18|72|78,16|2|54|6,78,225398,112660,0.000345934822,0.000691869645,pass,pass,29
56377,3178366129,4|58|72|108,4|54|14|36,108,225400,112646,0.000478918708,0.000957837416,pass,pass,7
56383,3179042689,28|30|34|58,28|2|4|24,58,225474,112708,0.000257169714,0.000514339429,pass,pass,13
56393,3180170449,54|78|82|84,54|24|4|2,84,225488,112702,0.000372386644,0.000744773287,pass,pass,23
56401,3181072801,12|18|22|36,12|6|4|14,36,225568,112766,0.000159571639,0.000319143278,pass,pass,1
56417,3182877889,24|60|90|94,24|36|30|4,94,225574,112740,0.000416541113,0.000833082227,pass,pass,17
56431,3184457761,28|30|36|58,28|2|6|22,58,225666,112804,0.000256950967,0.000513901933,pass,pass,1
56437,3185134969,24|30|60|64,24|6|30|4,64,225684,112810,0.000283501958,0.000567003916,pass,pass,7
56443,3185812249,12|54|90|130,12|42|36|40,130,225642,112756,0.000575802137,0.001151604273,pass,pass,13
56453,3186941209,4|84|162|180,4|80|78|18,180,225632,112726,0.000797123271,0.001594246541,pass,pass,23
56467,3188522089,30|34|48|58,30|4|14|10,58,225810,112876,0.00025678715,0.0005135743,pass,pass,7
56473,3189199729,22|52|58|60,22|30|6|2,60,225832,112886,0.000265613656,0.000531227312,pass,pass,13
56477,3189651529,4|18|28|30,4|14|10|2,30,225878,112924,0.000132797422,0.000265594844,pass,pass,17
56479,3189877441,6|28|36|66,6|22|8|30,66,225850,112892,0.000292143983,0.000584287965,pass,pass,19
56489,3191007121,18|40|82|102,18|22|42|20,102,225854,112876,0.00045141532,0.00090283064,pass,pass,29
56501,3192363001,10|16|18|46,10|6|2|28,46,225958,112956,0.000203536221,0.000407072441,pass,pass,11
56503,3192589009,18|22|88|102,18|4|66|14,102,225910,112904,0.000451303471,0.000902606941,pass,pass,13
56509,3193267081,6|58|70|90,6|52|12|20,90,225946,112928,0.000398166664,0.000796333327,pass,pass,19
56519,3194397361,18|22|46|52,18|4|24|6,52,226024,112986,0.000230011147,0.000460022293,pass,pass,29
56527,3195301729,70|100|120|130,70|30|20|10,130,225978,112924,0.000574946486,0.001149892972,pass,pass,7
56531,3195753961,10|22|28|58,10|12|6|30,58,226066,113004,0.000256496436,0.000512992871,pass,pass,11
56533,3195980089,40|42|52|70,40|2|10|18,70,226062,112996,0.000309553712,0.000619107424,pass,pass,13
56543,3197110849,4|60|64|102,4|56|4|38,102,226070,112984,0.000450984207,0.000901968413,pass,pass,23
56569,3200051761,12|22|60|76,12|10|38|16,76,226200,113062,0.000335873005,0.000671746009,pass,pass,19
56591,3202541281,58|76|106|118,58|18|30|12,118,226246,113064,0.000521284303,0.001042568606,pass,pass,11
56597,3203220409,54|64|88|114,54|10|24|26,114,226274,113080,0.000503560259,0.001007120519,pass,pass,17
56599,3203446801,16|18|22|36,16|2|4|14,36,226360,113162,0.00015901341,0.00031802682,pass,pass,19
56611,3204805321,12|48|102|112,12|36|54|10,112,226332,113110,0.000494603522,0.000989207045,pass,pass,1
56629,3206843641,22|28|36|42,22|6|8|6,42,226474,113216,0.000185417366,0.000370834731,pass,pass,19
56633,3207296689,4|28|88|94,4|24|60|6,94,226438,113172,0.000414952413,0.000829904826,pass,pass,23
56659,3210242281,10|28|42|108,10|18|14|66,108,226528,113210,0.000476535061,0.000953070121,pass,pass,19
56663,3210695569,12|22|48|54,12|10|26|6,54,226598,113272,0.00023825071,0.000476501421,pass,pass,23
56671,3211602241,18|30|46|52,18|12|16|6,52,226632,113290,0.000229394223,0.000458788446,pass,pass,1
56681,3212735761,72|96|132|160,72|24|36|28,160,226564,113202,0.000705703851,0.001411407703,pass,pass,11
56687,3213415969,10|18|40|58,10|8|22|18,58,226690,113316,0.000255790569,0.000511581139,pass,pass,17
56701,3215003401,46|60|82|106,46|14|22|24,106,226698,113296,0.000467363891,0.000934727783,pass,pass,1
56711,3216137521,10|58|76|78,10|48|18|2,78,226766,113344,0.000343848636,0.000687697272,pass,pass,11
56713,3216364369,4|12|78|102,4|8|66|24,102,226750,113324,0.000449632359,0.000899264719,pass,pass,13
56731,3218406361,22|42|52|58,22|20|10|6,58,226866,113404,0.000255592181,0.000511184361,pass,pass,1
56737,3219087169,18|42|60|64,18|24|18|4,64,226884,113410,0.000282002926,0.000564005852,pass,pass,7
56747,3220222009,4|34|42|60,4|30|8|18,60,226928,113434,0.000264331154,0.000528662308,pass,pass,17
56767,3222492289,48|112|130|132,48|64|18|2,132,226936,113402,0.000581323656,0.001162647313,pass,pass,7
56773,3223173529,28|60|72|88,28|32|12|16,88,227004,113458,0.000387508146,0.000775016293,pass,pass,13
56779,3223854841,6|12|58|88,6|6|46|30,88,227028,113470,0.000387467197,0.000774934395,pass,pass,19
56783,3224309089,40|70|94|100,40|30|24|6,100,227032,113466,0.000440272617,0.000880545234,pass,pass,23
56807,3227035249,12|28|64|88,12|16|36|24,88,227140,113526,0.000387276216,0.000774552432,pass,pass,17
56809,3227262481,6|16|28|48,6|10|12|20,48,227188,113570,0.000211234135,0.000422468271,pass,pass,19
56813,3227716969,12|52|64|94,12|40|12|30,94,227158,113532,0.000413637724,0.000827275448,pass,pass,23
56821,3228626041,72|112|148|168,72|40|36|20,168,227116,113474,0.000739163337,0.001478326675,pass,pass,1
56827,3229307929,4|30|58|64,4|26|28|6,64,227244,113590,0.000281556302,0.000563112605,pass,pass,7
56843,3231126649,18|48|58|148,18|30|10|90,148,227224,113538,0.00065091568,0.00130183136,pass,pass,23
56857,3232718449,10|28|34|42,10|18|6|8,42,227386,113672,0.000184673831,0.000369347662,pass,pass,7
56873,3234538129,18|60|82|84,18|42|22|2,84,227408,113662,0.000369243754,0.000738487507,pass,pass,23
56891,3236585881,22|42|78|100,22|20|36|22,100,227464,113682,0.000439436818,0.000878873636,pass,pass,11
56893,3236813449,28|42|48|58,28|14|6|10,58,227514,113728,0.000254864395,0.000509728789,pass,pass,13
56897,3237268609,60|82|124|130,60|22|42|6,130,227458,113664,0.000571207621,0.001142415242,pass,pass,17
56909,3238634281,42|46|58|88,42|4|12|30,88,227548,113730,0.000386582087,0.000773164174,pass,pass,29
56911,3238861921,10|42|88|96,10|32|46|8,96,227548,113726,0.000421711093,0.000843422186,pass,pass,1
56921,3240000241,18|90|100|106,18|72|10|6,106,227578,113736,0.000465557527,0.000931115054,pass,pass,11
56923,3240227929,12|28|30|60,12|16|2|30,60,227632,113786,0.00026351387,0.000527027739,pass,pass,13
56929,3240911041,12|46|60|118,12|34|14|58,118,227598,113740,0.000518189324,0.001036378647,pass,pass,19
56941,3242277481,6|46|60|76,6|40|14|16,76,227688,113806,0.00033367872,0.00066735744,pass,pass,1
56951,3243416401,18|30|40|42,18|12|10|2,42,227762,113860,0.000184369019,0.000368738038,pass,pass,11
56957,3244099849,4|12|30|48,4|8|18|18,48,227780,113866,0.000210685254,0.000421370508,pass,pass,17
56963,3244783369,22|24|34|58,22|2|10|24,58,227794,113868,0.0002545512,0.0005091024,pass,pass,23
56983,3247062289,30|48|52|58,30|18|4|6,58,227874,113908,0.000254461857,0.000508923714,pass,pass,13
56989,3247746121,36|58|76|78,36|22|18|2,78,227878,113900,0.000342171296,0.000684342592,pass,pass,19
56993,3248202049,10|60|70|124,10|50|10|54,124,227848,113862,0.000543926447,0.001087852894,pass,pass,23
56999,3248886001,12|22|28|40,12|10|6|12,40,227956,113958,0.000175441674,0.000350883349,pass,pass,29
57037,3253219369,4|12|52|88,4|8|40|36,88,228060,113986,0.000385714536,0.000771429072,pass,pass,7
57041,3253675681,6|18|46|60,6|12|28|14,60,228104,114022,0.000262968742,0.000525937484,pass,pass,11
57047,3254360209,18|24|28|34,18|6|4|6,34,228154,114060,0.000148999947,0.000297999895,pass,pass,17
57059,3255729481,6|60|88|96,6|54|28|8,96,228140,114022,0.000420617256,0.000841234512,pass,pass,29
57073,3257327329,12|22|34|54,12|10|12|20,54,228238,114092,0.000236539169,0.000473078338,pass,pass,13
57077,3257783929,112|144|148|168,112|32|4|20,168,228140,113986,0.000735848065,0.00147169613,pass,pass,17
57089,3259153921,22|52|58|66,22|30|6|8,66,228290,114112,0.000289022404,0.000578044807,pass,pass,29
57097,3260067409,18|22|48|58,18|4|26|10,58,228330,114136,0.000253953798,0.000507907596,pass,pass,7
57107,3261209449,12|60|78|94,12|48|18|16,94,228334,114120,0.000411508221,0.000823016443,pass,pass,17
57119,3262580161,60|88|96|148,60|28|8|52,148,228328,114090,0.000647770444,0.001295540888,pass,pass,29
57131,3263951161,16|48|70|106,16|32|22|36,106,228418,114156,0.000463846248,0.000927692496,pass,pass,11
57139,3264865321,48|58|60|70,48|10|2|10,70,228486,114208,0.000306270673,0.000612541347,pass,pass,19
57143,3265322449,4|12|88|130,4|8|76|42,130,228442,114156,0.000568748578,0.001137497156,pass,pass,23
57149,3266008201,18|22|30|42,18|4|8|12,42,228554,114256,0.000183730249,0.000367460498,pass,pass,29
57163,3267608569,10|40|52|64,10|30|12|12,64,228588,114262,0.000279901335,0.00055980267,pass,pass,13
57173,3268751929,18|22|28|48,18|4|6|20,48,228644,114298,0.000209889283,0.000419778567,pass,pass,23
57179,3269438041,28|30|46|58,28|2|16|12,58,228658,114300,0.000253589605,0.000507179209,pass,pass,29
57191,3270810481,12|52|60|70,12|40|8|10,70,228694,114312,0.000305992202,0.000611984403,pass,pass,11
57193,3271039249,24|52|88|100,24|28|36|12,100,228672,114286,0.00043711643,0.000874232861,pass,pass,13
57203,3272183209,12|22|28|54,12|10|6|26,54,228758,114352,0.000236001608,0.000472003217,pass,pass,23
57221,3274242841,18|48|70|78,18|30|22|8,78,228806,114364,0.000340783978,0.000681567956,pass,pass,11
57223,3274471729,12|64|78|102,12|52|14|24,102,228790,114344,0.000445625011,0.000891250022,pass,pass,13
57241,3276532081,12|18|28|36,12|6|10|8,36,228928,114446,0.000157229958,0.000314459915,pass,pass,1
57251,3277677001,16|46|112|130,16|30|66|18,130,228874,114372,0.000567675674,0.001135351348,pass,pass,11
57259,3278593081,30|36|52|70,30|6|16|18,70,228966,114448,0.000305628809,0.000611257619,pass,pass,19
57269,3279738361,6|28|30|70,6|22|2|40,70,229006,114468,0.000305575442,0.000611150884,pass,pass,29
57271,3279967441,10|60|66|78,10|50|6|12,78,229006,114464,0.000340486459,0.000680972918,pass,pass,1
57283,3281342089,12|18|22|28,12|6|4|6,28,229104,114538,0.000122200304,0.000244400608,pass,pass,13
57287,3281800369,18|24|52|78,18|6|28|26,78,229070,114496,0.000340391363,0.000680782726,pass,pass,17
57301,3283404601,22|58|70|102,22|36|12|32,102,229102,114500,0.000445018412,0.000890036823,pass,pass,1
57329,3286614241,10|16|22|30,10|6|6|8,30,229286,114628,0.000130823841,0.000261647683,pass,pass,29
57331,3286843561,66|72|82|108,66|6|10|26,108,229216,114554,0.000470949399,0.000941898798,pass,pass,1
57347,3288678409,4|48|60|112,4|44|12|52,112,229276,114582,0.000488255706,0.000976511413,pass,pass,17
57349,3288907801,18|22|28|78,18|4|6|50,78,229318,114620,0.000340023366,0.000680046731,pass,pass,19
57367,3290972689,34|42|60|102,34|8|18|42,102,229366,114632,0.000444506424,0.000889012847,pass,pass,7
57373,3291661129,54|58|120|124,54|4|62|4,124,229368,114622,0.000540323846,0.001080647691,pass,pass,13
57383,3292808689,18|22|24|60,18|4|2|36,60,229472,114706,0.00026140146,0.000522802921,pass,pass,23
57389,3293497321,46|58|130|132,46|12|72|2,132,229424,114646,0.000575023088,0.001150046176,pass,pass,29
57397,3294415609,24|84|130|154,24|60|46|24,154,229434,114640,0.000670766765,0.00134153353,pass,pass,7
57413,3296252569,42|78|84|88,42|36|6|4,88,229564,114738,0.000383188476,0.000766376953,pass,pass,23
57427,3297860329,22|24|58|112,22|2|34|54,112,229596,114742,0.000487575531,0.000975151061,pass,pass,7
57457,3301306849,10|12|24|54,10|2|12|30,54,229774,114860,0.000234958317,0.000469916633,pass,pass,7
57467,3302456089,4|10|22|30,4|6|12|8,30,229838,114904,0.000130509684,0.000261019368,pass,pass,17
57487,3304755169,24|34|60|78,24|10|26|18,78,229870,114896,0.000339207125,0.00067841425,pass,pass,7
57493,3305445049,22|48|54|64,22|26|6|10,64,229908,114922,0.000278294749,0.000556589498,pass,pass,13
57503,3306595009,34|40|54|112,34|6|14|58,112,229900,114894,0.000486931117,0.000973862233,pass,pass,23
57527,3309355729,4|28|40|58,4|24|12|18,58,230050,114996,0.000252055557,0.000504111113,pass,pass,17
57529,3309585841,42|52|58|70,42|10|6|12,70,230046,114988,0.000304194406,0.000608388813,pass,pass,19
57557,3312808249,48|58|70|72,48|10|12|2,72,230156,115042,0.000312733464,0.000625466928,pass,pass,17
57559,3313038481,36|48|78|100,36|12|30|22,100,230136,115018,0.000434336941,0.000868673882,pass,pass,19
57571,3314420041,10|48|52|58,10|38|4|6,58,230226,115084,0.000251862917,0.000503725834,pass,pass,1
57587,3316262569,12|22|42|48,12|10|20|6,48,230300,115126,0.000208380364,0.000416760727,pass,pass,17
57593,3316953649,34|94|132|148,34|60|38|16,148,230224,115038,0.000642439185,0.001284878371,pass,pass,23
57601,3317875201,12|28|88|186,12|16|60|98,186,230218,115016,0.000807277651,0.001614555303,pass,pass,1
57637,3322023769,4|28|120|142,4|24|92|22,142,230406,115132,0.000615923799,0.001231847598,pass,pass,7
57641,3322484881,6|22|30|72,6|16|8|42,72,230492,115210,0.000312277719,0.000624555438,pass,pass,11
57649,3323407201,6|22|52|72,6|16|30|20,72,230524,115226,0.000312234384,0.000624468768,pass,pass,19
57653,3323868409,4|10|24|54,4|6|14|30,54,230558,115252,0.000234159541,0.000468319081,pass,pass,23
57667,3325482889,18|22|28|82,18|4|6|54,82,230586,115252,0.000355489275,0.000710978549,pass,pass,7
57679,3326867041,46|66|72|78,46|20|6|6,78,230638,115280,0.000338077983,0.000676155967,pass,pass,19
57689,3328020721,6|36|42|48,6|30|6|6,48,230708,115330,0.000208011926,0.000416023852,pass,pass,29
57697,3328943809,42|52|72|94,42|10|20|22,94,230694,115300,0.000407300206,0.000814600412,pass,pass,7
57709,3330328681,18|58|60|106,18|40|2|46,106,230730,115312,0.000459200471,0.000918400943,pass,pass,19
57713,3330790369,22|58|60|88,22|36|2|28,88,230764,115338,0.000381196611,0.000762393222,pass,pass,23
57719,3331482961,28|30|66|70,28|2|36|4,70,230806,115368,0.000303193056,0.000606386112,pass,pass,29
57727,3332406529,18|22|28|34,18|4|6|6,34,230874,115420,0.00014724479,0.00029448958,pass,pass,7
57731,3332868361,28|30|40|58,28|2|10|18,58,230866,115404,0.000251164885,0.000502329771,pass,pass,11
57737,3333561169,4|12|30|70,4|8|18|40,70,230878,115404,0.000303098533,0.000606197066,pass,pass,17
57751,3335178001,16|22|28|106,16|6|6|78,106,230898,115396,0.000458866513,0.000917733026,pass,pass,1
57773,3337719529,18|28|30|48,18|10|2|18,48,231044,115498,0.000207709484,0.000415418967,pass,pass,23
57781,3338643961,6|42|66|76,6|36|24|10,76,231048,115486,0.000328827815,0.000657655631,pass,pass,1
57787,3339337369,42|60|102|112,42|18|42|10,112,231036,115462,0.000484538045,0.00096907609,pass,pass,7
57791,3339799681,12|18|30|58,12|6|12|28,58,231106,115524,0.00025090412,0.00050180824,pass,pass,11
57793,3340030849,18|22|24|28,18|4|2|4,28,231144,115558,0.000121121935,0.00024224387,pass,pass,13
57803,3341186809,34|64|100|112,34|30|36|12,112,231100,115494,0.000484403924,0.000968807847,pass,pass,23
57809,3341880481,52|60|78|90,52|8|18|12,90,231146,115528,0.000389212752,0.000778425505,pass,pass,29
57829,3344193241,30|36|58|76,30|6|22|18,76,231240,115582,0.000328554877,0.000657109755,pass,pass,19
57839,3345349921,6|12|28|30,6|6|16|2,30,231326,115648,0.000129670292,0.000259340583,pass,pass,29
57847,3346275409,10|54|58|64,10|44|4|6,64,231324,115630,0.000276591699,0.000553183398,pass,pass,7
57853,3346969609,12|58|84|130,12|46|26|46,130,231282,115576,0.00056176862,0.001123537241,pass,pass,13
57859,3347663881,46|78|118|130,46|32|40|12,130,231306,115588,0.000561710365,0.00112342073,pass,pass,19
57881,3350210161,42|48|72|126,42|6|24|54,126,231398,115636,0.000544220038,0.001088440075,pass,pass,11
57899,3352294201,16|60|130|168,16|44|70|38,168,231428,115630,0.00072540113,0.001450802259,pass,pass,29
57901,3352525801,28|36|70|72,28|8|34|2,72,231532,115730,0.00031087546,0.00062175092,pass,pass,1
57917,3354378889,54|112|114|124,54|58|2|10,124,231544,115710,0.000535248718,0.001070497436,pass,pass,17
57923,3355073929,28|30|58|84,28|2|28|26,84,231608,115762,0.000362550282,0.000725100565,pass,pass,23
57943,3357391249,18|72|78|88,18|54|6|10,88,231684,115798,0.000379683482,0.000759366964,pass,pass,13
57947,3357854809,18|24|40|88,18|6|16|48,88,231700,115806,0.000379657273,0.000759314546,pass,pass,17
57973,3360868729,4|28|58|70,4|24|30|12,70,231822,115876,0.000301864661,0.000603729322,pass,pass,13
57977,3361332529,34|48|58|90,34|14|10|32,90,231818,115864,0.00038808493,0.00077616986,pass,pass,17
57991,3362956081,16|30|36|60,16|14|6|24,60,231904,115922,0.000258660827,0.000517321653,pass,pass,1
58013,3365508169,22|24|30|52,22|2|6|22,52,232000,115974,0.000224087704,0.000448175409,pass,pass,23
58027,3367132729,4|22|24|48,4|18|2|24,48,232060,116006,0.000206800283,0.000413600565,pass,pass,7
58031,3367596961,46|58|78|82,46|12|20|4,82,232042,115980,0.000353259465,0.00070651893,pass,pass,11
58043,3368989849,4|10|12|18,4|6|2|6,18,232154,116068,7.7528729e-05,0.000155057457,pass,pass,23
58049,3369686401,12|28|90|130,12|16|62|40,130,232066,115968,0.000559871832,0.001119743665,pass,pass,29
58057,3370615249,4|24|102|112,4|20|78|10,112,232116,116002,0.000482284651,0.000964569303,pass,pass,7
58061,3371079721,28|42|72|150,28|14|30|78,150,232094,115972,0.000645872444,0.001291744889,pass,pass,11
58067,3371776489,22|70|72|82,22|48|2|10,82,232186,116052,0.000353040453,0.000706080907,pass,pass,17
58073,3372473329,58|64|108|112,58|6|44|4,112,232180,116034,0.000482151774,0.000964303549,pass,pass,23
58099,3375493801,18|40|42|52,18|22|2|10,52,232344,116146,0.000223756003,0.000447512005,pass,pass,19
58109,3376655881,16|18|22|48,16|2|4|26,48,232388,116170,0.000206508458,0.000413016916,pass,pass,29
58111,3376888321,6|16|36|70,6|10|20|34,70,232374,116152,0.000301147803,0.000602295607,pass,pass,1
58129,3378980641,10|36|60|78,10|26|24|18,78,232438,116180,0.000335460785,0.000670921571,pass,pass,19
58147,3381073609,72|78|88|90,72|6|10|2,90,232498,116204,0.000386950316,0.000773900631,pass,pass,7
58151,3381538801,18|28|60|70,18|10|32|10,70,232534,116232,0.000300940655,0.000601881309,pass,pass,11
58153,3381771409,30|42|48|70,30|12|6|22,70,232542,116236,0.000300930305,0.000601860609,pass,pass,13
58169,3383632561,22|36|78|102,22|14|42|24,102,232574,116236,0.00043837783,0.00087675566,pass,pass,29
58171,3383865241,12|58|60|66,12|46|2|6,66,232618,116276,0.000283646491,0.000567292981,pass,pass,1
58189,3385959721,60|96|102|172,60|36|6|70,172,232584,116206,0.000738971283,0.001477942566,pass,pass,19
58193,3386425249,4|18|42|54,4|14|24|12,54,232718,116332,0.000231986665,0.00046397333,pass,pass,23
58199,3387123601,16|46|78|82,16|30|32|4,82,232714,116316,0.000352239729,0.000704479458,pass,pass,29
58207,3388054849,28|40|58|64,28|12|18|6,64,232764,116350,0.000274881028,0.000549762056,pass,pass,7
58211,3388520521,12|22|28|40,12|10|6|12,40,232804,116382,0.000171788837,0.000343577674,pass,pass,11
58217,3389219089,28|34|48|58,28|6|14|10,58,232810,116376,0.000249068142,0.000498136283,pass,pass,17
58229,3390616441,36|46|58|60,36|10|12|2,60,232856,116398,0.0002576036,0.000515207199,pass,pass,29
58231,3390849361,18|40|42|72,18|22|2|30,72,232852,116390,0.000309113702,0.000618227405,pass,pass,1
58237,3391548169,10|70|84|132,10|60|14|48,132,232816,116342,0.000566650068,0.001133300136,pass,pass,7
58243,3392247049,28|34|94|120,28|6|60|26,120,232852,116366,0.000515083358,0.001030166715,pass,pass,13
58271,3395509441,22|78|88|112,22|56|10|24,112,232972,116430,0.000480513463,0.000961026926,pass,pass,11
58309,3399939481,82|100|126|142,82|18|26|16,142,233094,116476,0.000608825396,0.001217650791,pass,pass,19
58313,3400405969,4|24|30|48,4|20|6|18,48,233204,116578,0.000205786017,0.000411572034,pass,pass,23
58321,3401339041,16|18|22|28,16|2|4|6,28,233256,116614,0.000120025377,0.000240050754,pass,pass,1
58337,3403205569,10|12|18|30,10|2|6|12,30,233318,116644,0.000128563347,0.000257126695,pass,pass,17
58363,3406239769,60|84|88|142,60|24|4|54,142,233310,116584,0.000608262084,0.001216524168,pass,pass,13
58367,3406706689,24|40|52|60,24|16|12|8,60,233408,116674,0.000256994535,0.000513989069,pass,pass,17
58369,3406940161,36|60|70|76,36|24|10|6,76,233400,116662,0.000325515256,0.000651030513,pass,pass,19
58379,3408107641,30|60|72|78,30|30|12|6,78,233438,116680,0.000334024221,0.000668048442,pass,pass,29
58391,3409508881,16|132|162|168,16|116|30|6,168,233396,116614,0.000719288932,0.001438577863,pass,pass,11
58393,3409742449,10|28|58|70,10|18|30|12,70,233502,116716,0.000299693456,0.000599386913,pass,pass,13
58403,3410910409,18|22|40|54,18|4|18|14,54,233558,116752,0.000231152509,0.000462305019,pass,pass,23
58411,3411844921,6|18|30|42,6|12|12|12,42,233602,116780,0.000179760662,0.000359521323,pass,pass,1
58417,3412545889,22|34|54|64,22|12|20|10,64,233604,116770,0.000273892874,0.000547785747,pass,pass,7
58427,3413714329,28|42|48|54,28|14|6|6,54,233654,116800,0.000231057559,0.000462115118,pass,pass,17
58439,3415116721,66|78|120|126,66|12|42|6,126,233630,116752,0.000539023597,0.001078047195,pass,pass,29
58441,3415350481,28|30|82|90,28|2|52|8,90,233674,116792,0.000385003679,0.000770007358,pass,pass,1
58451,3416519401,10|36|58|66,10|26|22|8,66,233738,116836,0.000282287728,0.000564575456,pass,pass,11
58453,3416753209,22|42|58|60,22|20|16|2,60,233752,116846,0.000256616427,0.000513232854,pass,pass,13
58477,3419559529,12|58|94|102,12|46|36|8,102,233806,116852,0.000436068882,0.000872137764,pass,pass,7
58481,3420027361,10|22|48|58,10|12|26|10,58,233866,116904,0.000247943777,0.000495887553,pass,pass,11
58511,3423537121,30|46|72|102,30|16|26|30,102,233942,116920,0.000435815488,0.000871630975,pass,pass,11
58537,3426580369,24|58|60|78,24|34|2|18,78,234070,116996,0.00033312264,0.000666245281,pass,pass,7
58543,3427282849,4|48|72|78,4|44|24|6,78,234094,117008,0.000333088499,0.000666176998,pass,pass,13
58549,3427985401,10|18|22|42,10|8|4|20,42,234154,117056,0.000179336966,0.000358673931,pass,pass,19
58567,3430093489,28|40|84|130,28|12|44|46,130,234138,117004,0.000554920006,0.001109840012,pass,pass,7
58573,3430796329,30|48|58|64,30|18|10|6,64,234228,117082,0.000273163403,0.000546326806,pass,pass,13
58579,3431499241,22|52|102|106,22|30|50|4,106,234210,117052,0.000452380546,0.000904761092,pass,pass,19
58601,3434077201,16|18|42|48,16|2|24|6,48,234356,117154,0.000204774663,0.000409549325,pass,pass,11
58603,3434311609,4|28|54|70,4|24|26|16,70,234342,117136,0.000298619525,0.000597239049,pass,pass,13
58613,3435483769,18|40|102|112,18|22|62|10,112,234340,117114,0.000477709723,0.000955419446,pass,pass,23
58631,3437594161,18|36|52|78,18|18|16|26,78,234446,117184,0.000332588562,0.000665177125,pass,pass,11
58657,3440643649,10|24|28|58,10|14|4|30,58,234570,117256,0.000247199823,0.000494399645,pass,pass,7
58661,3441112921,28|58|82|102,28|30|24|20,102,234542,117220,0.000434701079,0.000869402158,pass,pass,11
58679,3443225041,22|36|76|90,22|14|40|14,90,234626,117268,0.000383442117,0.000766884235,pass,pass,29
58687,3444163969,4|10|28|52,4|6|18|24,52,234696,117322,0.000221514134,0.000443028269,pass,pass,7
58693,3444868249,40|54|114|120,40|14|60|6,120,234652,117266,0.000511134207,0.001022268414,pass,pass,13
58699,3445572601,28|58|66|76,28|30|8|10,76,234720,117322,0.000323685242,0.000647370483,pass,pass,19
58711,3446981521,48|60|76|112,48|12|16|36,112,234732,117310,0.000476912333,0.000953824667,pass,pass,1
58727,3448860529,22|64|70|88,22|42|6|18,88,234820,117366,0.000374614743,0.000749229486,pass,pass,17
58733,3449565289,4|48|70|84,4|44|22|14,84,234848,117382,0.00035755027,0.00071510054,pass,pass,23
58741,3450505081,6|18|48|58,6|12|30|10,58,234906,117424,0.000246846325,0.000493692651,pass,pass,1
58757,3452385049,22|58|70|72,22|36|12|2,72,234956,117442,0.000306346478,0.000612692956,pass,pass,17
58763,3453090169,40|70|78|112,40|30|8|34,112,234940,117414,0.000476490309,0.000952980617,pass,pass,23
58771,3454030441,12|112|120|138,12|100|8|18,138,234946,117404,0.000587024213,0.001174048425,pass,pass,1
58787,3455911369,54|102|108|130,54|48|6|22,130,235018,117444,0.000552843316,0.001105686631,pass,pass,17
58789,3456146521,36|66|90|100,36|30|24|10,100,235056,117478,0.000425249622,0.000850499243,pass,pass,19
58831,3461086561,6|18|58|70,6|12|40|12,70,235254,117592,0.000297462222,0.000594924445,pass,pass,1
58889,3467914321,28|48|58|72,28|20|10|14,72,235484,117706,0.000305659801,0.000611319601,pass,pass,29
58897,3468856609,82|88|100|138,82|6|12|38,138,235450,117656,0.000585768375,0.001171536751,pass,pass,7
58901,3469327801,36|66|78|106,36|30|12|28,106,235498,117696,0.000449907472,0.000899814944,pass,pass,11
58907,3470034649,12|48|58|78,12|36|10|20,78,235550,117736,0.000331030268,0.000662060536,pass,pass,17
58909,3470270281,58|78|112|118,58|20|34|6,118,235518,117700,0.000500772378,0.001001544755,pass,pass,19
58913,3470741569,10|22|28|52,10|12|6|24,52,235600,117774,0.000220664369,0.000441328739,pass,pass,23
58921,3471684241,22|58|88|100,22|36|30|12,100,235584,117742,0.00042429694,0.00084859388,pass,pass,1
58937,3473569969,42|60|78|100,42|18|18|22,100,235648,117774,0.000424181753,0.000848363507,pass,pass,17
58943,3474277249,28|48|84|192,28|20|36|108,192,235580,117694,0.000814346063,0.001628692126,pass,pass,23
58963,3476635369,42|48|82|88,42|6|34|6,88,235764,117838,0.000373115344,0.000746230687,pass,pass,13
58967,3477107089,10|22|24|40,10|12|2|16,40,235828,117894,0.000169586379,0.000339172758,pass,pass,17
58979,3478522441,18|30|42|60,18|12|12|18,60,235856,117898,0.000254327812,0.000508655623,pass,pass,29
58991,3479938081,6|12|28|36,6|6|16|8,36,235928,117946,0.000152565646,0.000305131291,pass,pass,11
58997,3480646009,10|64|84|114,10|54|20|30,114,235874,117880,0.000483075411,0.000966150821,pass,pass,17
59009,3482062081,18|28|42|60,18|10|14|18,60,235976,117958,0.000254198512,0.000508397024,pass,pass,29
59011,3482298121,106|126|130|136,106|20|4|6,136,235908,117886,0.000576163766,0.001152327532,pass,pass,1
59021,3483478441,16|66|120|136,16|50|54|16,136,235948,117906,0.000576066146,0.001152132292,pass,pass,11
59023,3483714529,28|64|78|124,28|36|14|46,124,235968,117922,0.000525218982,0.001050437965,pass,pass,13
59029,3484422841,16|28|42|48,16|12|14|6,48,236068,118010,0.000203289908,0.000406579817,pass,pass,19
59051,3487020601,10|58|60|72,10|48|2|12,72,236132,118030,0.000304821256,0.000609642512,pass,pass,11
59053,3487256809,4|10|28|84,4|6|18|56,84,236128,118022,0.000355612755,0.000711225509,pass,pass,13
59063,3488437969,24|42|70|84,24|18|28|14,84,236168,118042,0.000355552546,0.000711105091,pass,pass,23
59069,3489146761,6|16|36|48,6|10|20|12,48,236228,118090,0.000203152246,0.000406304491,pass,pass,29
59077,3490091929,58|60|88|102,58|2|28|14,102,236206,118052,0.000431640063,0.000863280126,pass,pass,7
59083,3490800889,28|52|58|64,28|24|6|6,64,236268,118102,0.000270805477,0.000541610954,pass,pass,13
59093,3491982649,12|28|30|82,12|16|2|52,82,236290,118104,0.000346910802,0.000693821603,pass,pass,23
59107,3493637449,18|40|70|82,18|22|30|12,82,236346,118132,0.000346828633,0.000693657266,pass,pass,7
59113,3494346769,12|70|88|138,12|58|18|50,138,236314,118088,0.000583627967,0.001167255934,pass,pass,13
59119,3495056161,6|28|42|46,6|22|14|4,46,236430,118192,0.000194522911,0.000389045823,pass,pass,19
59123,3495529129,4|10|58|112,4|6|48|54,112,236380,118134,0.000473588959,0.000947177917,pass,pass,23
59141,3497657881,6|18|42|70,6|12|24|28,70,236494,118212,0.000295903011,0.000591806023,pass,pass,11
59149,3498604201,16|28|46|58,16|12|18|12,58,236538,118240,0.00024514362,0.000490287241,pass,pass,19
59159,3499787281,6|12|22|40,6|6|10|18,40,236596,118278,0.000169035988,0.000338071976,pass,pass,29
59167,3500733889,28|30|34|48,28|2|4|14,48,236620,118286,0.000202815759,0.000405631518,pass,pass,7
59183,3502627489,18|64|84|114,18|46|20|30,114,236618,118252,0.000481557204,0.000963114408,pass,pass,23
59197,3504284809,12|60|70|78,12|48|10|8,78,236710,118316,0.000329408585,0.00065881717,pass,pass,7
59207,3505468849,12|58|94|102,12|46|36|8,102,236726,118312,0.000430692317,0.000861384634,pass,pass,17
59209,3505705681,48|58|76|90,48|10|18|14,90,236746,118328,0.000380009796,0.000760019592,pass,pass,19
59219,3506889961,16|18|70|78,16|2|52|8,78,236798,118360,0.000329286209,0.000658572418,pass,pass,29
59221,3507126841,10|52|60|210,10|42|8|150,210,236674,118232,0.000886509853,0.001773019706,pass,pass,1
59233,3508548289,4|22|54|82,4|18|32|28,82,236850,118384,0.000346090862,0.000692181723,pass,pass,13
59239,3509259121,42|60|82|88,42|18|22|6,88,236868,118390,0.000371376964,0.000742753929,pass,pass,19
59243,3509733049,12|34|60|70,12|22|26|10,70,236902,118416,0.000295393549,0.000590787097,pass,pass,23
59263,3512103169,18|40|70|108,18|22|30|38,108,236944,118418,0.00045559624,0.000911192481,pass,pass,13
59273,3513288529,4|22|48|60,4|18|26|12,60,237032,118486,0.00025306632,0.00050613264,pass,pass,23
59281,3514236961,60|76|100|112,60|16|24|12,112,237012,118450,0.000472326715,0.00094465343,pass,pass,1
59333,3520404889,72|84|114|124,72|12|30|10,124,237208,118542,0.000522474845,0.001044949691,pass,pass,23
59341,3521354281,18|40|48|58,18|22|8|10,58,237306,118624,0.000244350449,0.000488700898,pass,pass,1
59351,3522541201,12|72|82|112,12|60|10|30,112,237292,118590,0.000471769642,0.000943539283,pass,pass,11
59357,3523253449,4|24|34|52,4|20|10|18,52,237376,118662,0.000219013764,0.000438027528,pass,pass,17
59359,3523490881,16|66|106|130,16|50|40|24,130,237306,118588,0.000547515962,0.001095031924,pass,pass,19
59369,3524678161,16|36|58|76,16|20|22|18,76,237400,118662,0.00032003234,0.00064006468,pass,pass,29
59377,3525628129,22|58|60|70,22|36|2|10,70,237438,118684,0.000294726914,0.000589453829,pass,pass,7
59387,3526815769,54|78|102|130,54|24|24|28,130,237418,118644,0.000547257817,0.001094515635,pass,pass,17
59393,3527528449,4|42|48|58,4|38|6|10,58,237514,118728,0.000244136514,0.000488273029,pass,pass,23
59399,3528241201,66|90|102|112,66|24|12|10,112,237484,118686,0.000471388407,0.000942776814,pass,pass,29
59407,3529191649,18|58|124|130,18|40|66|6,130,237498,118684,0.000547073577,0.001094147154,pass,pass,7
59417,3530379889,40|54|72|78,40|14|18|6,78,237590,118756,0.000328188902,0.000656377804,pass,pass,17
59419,3530617561,6|16|30|66,6|10|14|36,66,237610,118772,0.000277688955,0.000555377909,pass,pass,19
59441,3533232481,16|36|48|58,16|20|12|10,58,237706,118824,0.000243939368,0.000487878737,pass,pass,11
59443,3533470249,22|30|52|108,22|8|22|56,108,237664,118778,0.000454216645,0.000908433289,pass,pass,13
59447,3533945809,18|52|58|108,18|34|6|50,108,237680,118786,0.000454186082,0.000908372163,pass,pass,17
59453,3534659209,22|28|54|58,22|6|26|4,58,237754,118848,0.000243890132,0.000487780263,pass,pass,23
59467,3536324089,22|60|64|72,22|38|4|8,72,237796,118862,0.000302688886,0.000605377773,pass,pass,7
59471,3536799841,22|40|42|46,22|18|2|4,46,237838,118896,0.000193371559,0.000386743118,pass,pass,11
59473,3537037729,30|40|82|88,30|10|42|6,88,237804,118858,0.00036991576,0.00073983152,pass,pass,13
59497,3539893009,34|90|94|100,34|56|4|6,100,237888,118894,0.000420189253,0.000840378506,pass,pass,7
59509,3541321081,22|30|42|46,22|8|12|4,46,237990,118972,0.00019324808,0.00038649616,pass,pass,19
59513,3541797169,10|22|60|72,10|12|38|12,72,237980,118954,0.000302454926,0.000604909852,pass,pass,23
59539,3544892521,22|36|48|58,22|14|12|10,58,238098,119020,0.000243537849,0.000487075698,pass,pass,19
59557,3547036249,58|60|78|94,58|2|18|16,94,238134,119020,0.000394579982,0.000789159964,pass,pass,7
59561,3547512721,48|58|112|132,48|10|54|20,132,238112,118990,0.000554053827,0.001108107654,pass,pass,11
59567,3548227489,4|24|30|42,4|20|6|12,42,238226,119092,0.000176272097,0.000352544194,pass,pass,17
59581,3549895561,6|16|28|42,6|10|12|14,42,238282,119120,0.000176230678,0.000352461355,pass,pass,1
59611,3553471321,66|102|112|130,66|36|10|18,130,238314,119092,0.000545201389,0.001090402778,pass,pass,1
59617,3554186689,4|18|28|84,4|14|10|56,84,238384,119150,0.00035224852,0.000704497039,pass,pass,7
59621,3554663641,12|16|36|70,12|4|20|34,70,238414,119172,0.000293520739,0.000587041479,pass,pass,11
59627,3555379129,12|24|30|60,12|12|6|30,60,238448,119194,0.000251563889,0.000503127778,pass,pass,17
59629,3555617641,6|16|52|58,6|10|36|6,58,238458,119200,0.000243170269,0.000486340539,pass,pass,19
59651,3558241801,6|22|36|60,6|16|14|24,60,238544,119242,0.000251462675,0.000502925349,pass,pass,11
59659,3559196281,42|46|78|90,42|4|32|12,90,238546,119228,0.000377143432,0.000754286864,pass,pass,19
59663,3559673569,28|72|90|202,28|44|18|112,202,238450,119124,0.00084642073,0.00169284146,pass,pass,23
59669,3560389561,40|46|70|100,40|6|24|30,100,238576,119238,0.000418978029,0.000837956058,pass,pass,29
59671,3560628241,58|60|66|70,58|2|6|4,70,238614,119272,0.00029327479,0.00058654958,pass,pass,1
59693,3563254249,52|58|84|90,52|6|26|6,90,238682,119296,0.000376928618,0.000753857236,pass,pass,23
59699,3563970601,10|22|48|52,10|12|26|4,52,238744,119346,0.000217759091,0.000435518183,pass,pass,29
59707,3564925849,94|102|108|112,94|8|6|4,112,238716,119302,0.000468956739,0.000937913477,pass,pass,7
59723,3566836729,4|18|58|60,4|14|40|2,60,238832,119386,0.00025115952,0.00050231904,pass,pass,23
59729,3567553441,58|70|112|156,58|12|42|44,156,238760,119302,0.000652949154,0.001305898307,pass,pass,29
59743,3569226049,30|130|138|180,30|100|8|42,180,238792,119306,0.000753226319,0.001506452639,pass,pass,13
59747,3569704009,18|22|28|42,18|4|6|14,42,238946,119452,0.000175741041,0.000351482083,pass,pass,17
59753,3570421009,4|18|24|78,4|14|6|54,78,238934,119428,0.000326343447,0.000652686894,pass,pass,23
59771,3572572441,6|72|88|100,6|66|16|12,100,238984,119442,0.000418263037,0.000836526075,pass,pass,11
59779,3573528841,12|78|100|106,12|66|22|6,106,239010,119452,0.000443299486,0.000886598973,pass,pass,19
59791,3574963681,18|22|28|48,18|4|6|20,48,239116,119534,0.000200699102,0.000401398204,pass,pass,1
59797,3575681209,24|48|100|148,24|24|52|48,148,239040,119446,0.000618760138,0.001237520277,pass,pass,7
59809,3577116481,16|22|30|78,16|6|8|48,78,239158,119540,0.000326037887,0.000652075775,pass,pass,19
59833,3579987889,60|64|78|114,60|4|14|36,114,239218,119552,0.000476325773,0.000952651547,pass,pass,13
59863,3583578769,30|52|60|70,30|22|8|10,70,239382,119656,0.000292334163,0.000584668326,pass,pass,13
59879,3585494641,10|36|42|58,10|26|6|16,58,239458,119700,0.000242155013,0.000484310025,pass,pass,29
59887,3586452769,4|30|100|142,4|26|70|42,142,239406,119632,0.000592783075,0.00118556615,pass,pass,7
59921,3590526241,12|22|30|40,12|10|8|10,40,239644,119802,0.0001668864,0.000333772801,pass,pass,11
59929,3591485041,28|40|58|60,28|12|18|2,60,239656,119798,0.000250296184,0.000500592368,pass,pass,19
59951,3594122401,28|88|90|102,28|60|2|12,102,239702,119800,0.000425347367,0.000850694734,pass,pass,11
59957,3594841849,4|18|40|42,4|14|22|2,42,239786,119872,0.000175125507,0.000350251013,pass,pass,17
59971,3596520841,30|70|78|88,30|40|8|10,88,239796,119854,0.000366843975,0.000733687949,pass,pass,1
59981,3597720361,16|76|120|126,16|60|44|6,126,239798,119836,0.000525166303,0.001050332605,pass,pass,11
59999,3599880001,12|18|22|42,12|6|4|20,42,239954,119956,0.000175002917,0.000350005833,pass,pass,29
60013,3601560169,28|48|54|60,28|20|6|6,60,239992,119966,0.000249945845,0.00049989169,pass,pass,13
60017,3602040289,64|72|78|82,64|8|6|4,82,239986,119952,0.000341569889,0.000683139777,pass,pass,17
60029,3603480841,10|46|52|76,10|36|6|24,76,240040,119982,0.000316513685,0.00063302737,pass,pass,29
60037,3604441369,22|28|34|40,22|6|6|6,40,240108,120034,0.000166563952,0.000333127904,pass,pass,7
60041,3604921681,6|22|72|118,6|16|50|46,118,240046,119964,0.000491330924,0.000982661848,pass,pass,11
60077,3609245929,4|48|60|78,4|44|12|18,78,240230,120076,0.000324583451,0.000649166902,pass,pass,17
60083,3609966889,18|42|48|84,18|24|6|36,84,240248,120082,0.000349516502,0.000699033004,pass,pass,23
60089,3610687921,22|78|102|112,22|56|24|10,112,240244,120066,0.00046597547,0.000931950939,pass,pass,29
60091,3610928281,42|46|76|130,42|4|30|54,130,240234,120052,0.000540846383,0.001081692766,pass,pass,1
60101,3612130201,10|58|82|96,10|48|24|14,96,240308,120106,0.000399327798,0.000798655596,pass,pass,11
60103,3612370609,64|82|102|144,64|18|20|42,144,240268,120062,0.000598971765,0.00119794353,pass,pass,13
60107,3612851449,12|34|42|48,12|22|8|6,48,240380,120166,0.000199643968,0.000399287937,pass,pass,17
60127,3615256129,34|60|72|114,34|26|12|42,114,240394,120140,0.000473996707,0.000947993414,pass,pass,7
60133,3615977689,22|88|90|100,22|66|2|10,100,240432,120166,0.000415745098,0.000831490197,pass,pass,13
60139,3616699321,28|46|72|78,28|18|26|6,78,240478,120200,0.000324248824,0.000648497647,pass,pass,19
60149,3617902201,6|18|28|36,6|12|10|8,36,240560,120262,0.000149628423,0.000299256846,pass,pass,29
60161,3619345921,6|10|48|76,6|4|38|28,76,240568,120246,0.000315819218,0.000631638437,pass,pass,11
60167,3620067889,28|42|48|60,28|14|6|12,60,240608,120274,0.000249306098,0.000498612196,pass,pass,17
60169,3620308561,42|70|72|78,42|28|2|6,78,240598,120260,0.000324087155,0.000648174309,pass,pass,19
60209,3625123681,12|18|40|58,12|6|22|18,58,240778,120360,0.000240827783,0.000481655566,pass,pass,29
60217,3626087089,18|108|114|160,18|90|6|46,160,240708,120274,0.000664264244,0.001328528489,pass,pass,7
60223,3626809729,12|60|70|78,12|48|10|8,78,240814,120368,0.000323796556,0.000647593112,pass,pass,13
60251,3630183001,12|18|30|58,12|6|12|28,58,240946,120444,0.000240659906,0.000481319812,pass,pass,11
60257,3630906049,18|24|52|70,18|6|28|18,70,240958,120444,0.000290422689,0.000580845379,pass,pass,17
60259,3631147081,18|48|58|60,18|30|10|2,60,240976,120458,0.000248925472,0.000497850943,pass,pass,19
60271,3632593441,16|22|28|42,16|6|6|14,42,241042,120500,0.000174213137,0.000348426275,pass,pass,1
60289,3634763521,22|82|168|190,22|60|86|22,190,240966,120388,0.000787871751,0.001575743502,pass,pass,19
60293,3635245849,70|72|114|138,70|2|42|24,138,241034,120448,0.000572205729,0.001144411457,pass,pass,23
60317,3638140489,18|34|48|54,18|16|14|6,54,241214,120580,0.000223817498,0.000447634995,pass,pass,17
60331,3639829561,12|46|58|70,12|34|12|12,70,241254,120592,0.000290066467,0.000580132933,pass,pass,1
60337,3640553569,24|42|70|174,24|18|28|104,174,241174,120500,0.00072095066,0.001441901321,pass,pass,7
60343,3641277649,10|28|64|72,10|18|36|8,72,241300,120614,0.000298294748,0.000596589497,pass,pass,13
60353,3642484609,12|18|24|30,12|6|6|6,30,241382,120676,0.000124268885,0.000248537769,pass,pass,23
60373,3644899129,58|72|78|112,58|14|6|34,112,241380,120634,0.000463783479,0.000927566959,pass,pass,13
60383,3646106689,30|40|42|54,30|10|2|12,54,241478,120712,0.00022357286,0.00044714572,pass,pass,23
60397,3647797609,4|10|58|84,4|6|48|26,84,241504,120710,0.000347699389,0.000695398778,pass,pass,7
60413,3649730569,58|70|72|90,58|12|2|18,90,241562,120736,0.000372436396,0.000744872792,pass,pass,23
60427,3651422329,22|24|42|48,22|2|18|6,48,241660,120806,0.000198586724,0.000397173449,pass,pass,7
60443,3653356249,12|28|90|112,12|16|62|22,112,241660,120774,0.000463246364,0.000926492729,pass,pass,23
60449,3654081601,16|36|70|88,16|20|34|18,88,241708,120810,0.000363943159,0.000727886317,pass,pass,29
60457,3655048849,22|28|34|40,22|6|6|6,40,241788,120874,0.000165406818,0.000330813636,pass,pass,7
60493,3659403049,18|40|58|64,18|22|18|6,64,241908,120922,0.000264493412,0.000528986825,pass,pass,13
60497,3659887009,10|64|102|108,10|54|38|6,108,241880,120886,0.000446303122,0.000892606245,pass,pass,17
60509,3661339081,28|46|58|88,28|18|12|30,88,241948,120930,0.000363582277,0.000727164554,pass,pass,29
60521,3662791441,18|22|52|66,18|4|30|14,66,242018,120976,0.00027263264,0.00054526528,pass,pass,11
60527,3663517729,22|82|88|112,22|60|6|24,112,241996,120942,0.000462603466,0.000925206932,pass,pass,17
60539,3664970521,10|58|66|76,10|48|8|10,76,242080,121002,0.000313847272,0.000627694544,pass,pass,29
60589,3671026921,18|30|48|60,18|12|18|12,60,242296,121118,0.000247569691,0.000495139382,pass,pass,19
60601,3672481201,36|42|48|58,36|6|6|10,58,242346,121144,0.000239269979,0.000478539958,pass,pass,1
60607,3673208449,4|18|22|60,4|14|4|38,60,242368,121154,0.000247496164,0.000494992328,pass,pass,7
60611,3673693321,16|22|46|48,16|6|24|2,48,242396,121174,0.000197983864,0.000395967729,pass,pass,11
60617,3674420689,24|34|52|70,24|10|18|18,70,242398,121164,0.00028869789,0.00057739578,pass,pass,17
60623,3675148129,4|22|28|52,4|18|6|24,52,242440,121194,0.000214440064,0.000428880128,pass,pass,23
60631,3676118161,22|28|30|70,22|6|2|40,70,242454,121192,0.000288631228,0.000577262456,pass,pass,1
60637,3676845769,22|58|72|84,22|36|14|12,84,242464,121190,0.000346323202,0.000692646404,pass,pass,7
60647,3678058609,24|54|60|64,24|30|6|4,64,242524,121230,0.000263821788,0.000527643577,pass,pass,17
60649,3678301201,108|142|150|178,108|34|8|28,178,242418,121120,0.000733730152,0.001467460304,pass,pass,19
60659,3679514281,22|112|150|160,22|90|38|10,160,242476,121158,0.000659423993,0.001318847986,pass,pass,29
60661,3679756921,12|18|36|58,12|6|18|22,58,242586,121264,0.000239033316,0.000478066633,pass,pass,1
60679,3681941041,16|22|28|52,16|6|6|24,52,242664,121306,0.00021424216,0.000428484319,pass,pass,19
60689,3683154721,60|70|72|100,60|10|2|28,100,242656,121278,0.000411936265,0.00082387253,pass,pass,29
60703,3684854209,24|78|108|142,24|54|30|34,142,242670,121264,0.000584814589,0.001169629178,pass,pass,13
60719,3686796961,12|58|100|106,12|46|42|6,106,242770,121332,0.0004364367,0.0008728734,pass,pass,29
60727,3687768529,18|30|34|64,18|12|4|30,64,242844,121390,0.000263474237,0.000526948474,pass,pass,7
60733,3688497289,10|42|54|78,10|32|12|24,78,242854,121388,0.000321077503,0.000642155006,pass,pass,13
60737,3688983169,4|42|58|100,4|38|16|42,100,242848,121374,0.000411610715,0.00082322143,pass,pass,17
60757,3691413049,18|24|48|52,18|6|24|4,52,242976,121462,0.000213967115,0.00042793423,pass,pass,7
60761,3691899121,16|28|108|166,16|12|80|58,166,242878,121356,0.000683003901,0.001366007801,pass,pass,11
60763,3692142169,24|100|108|112,24|76|8|4,112,242940,121414,0.000460806741,0.000921613482,pass,pass,13
60773,3693357529,4|28|54|78,4|24|26|24,78,243014,121468,0.000320866174,0.000641732348,pass,pass,23
60779,3694086841,12|16|46|58,12|4|30|12,58,243058,121500,0.000238569243,0.000477138485,pass,pass,29
60793,3695788849,4|12|18|54,4|8|6|36,54,243118,121532,0.00022206504,0.000444130081,pass,pass,13
60811,3697977721,6|28|36|42,6|22|8|6,42,243202,121580,0.000172666129,0.000345332259,pass,pass,1
60821,3699194041,46|48|58|76,46|2|10|18,76,243208,121566,0.000312392101,0.000624784203,pass,pass,11
60859,3703817881,52|108|190|192,52|56|82|2,192,243244,121526,0.000788708326,0.001577416652,pass,pass,19
60869,3705035161,42|70|76|88,42|28|6|12,88,243388,121650,0.000361431928,0.000722863855,pass,pass,29
60887,3707226769,82|100|120|130,82|18|20|10,130,243418,121644,0.000533775683,0.001067551366,pass,pass,17
60889,3707470321,22|36|48|52,22|14|12|4,52,243504,121726,0.00021350326,0.00042700652,pass,pass,19
60899,3708688201,30|40|70|72,30|10|30|2,72,243524,121726,0.000295571356,0.000591142712,pass,pass,29
60901,3708931801,18|22|82|120,18|4|60|38,120,243484,121682,0.000492602749,0.000985205497,pass,pass,1
60913,3710393569,4|42|60|70,4|38|18|10,70,243582,121756,0.000287294995,0.000574589989,pass,pass,13
60917,3710880889,28|52|60|118,28|24|8|58,118,243550,121716,0.000484265476,0.000968530952,pass,pass,17
60919,3711124561,6|22|30|36,6|16|8|6,36,243640,121802,0.000147737159,0.000295474318,pass,pass,19
60923,3711611929,18|42|70|72,18|24|28|2,72,243620,121774,0.000295454919,0.000590909837,pass,pass,23
60937,3713317969,34|58|82|88,34|24|24|6,88,243660,121786,0.000361028603,0.000722057207,pass,pass,7
60943,3714049249,42|70|72|82,42|28|2|10,82,243690,121804,0.000336379896,0.000672759792,pass,pass,13
60953,3715268209,24|28|42|52,24|4|14|10,52,243760,121854,0.000213279084,0.000426558168,pass,pass,23
60961,3716243521,6|28|42|48,6|22|14|6,48,243796,121874,0.000196847165,0.000393694329,pass,pass,1
61001,3721122001,10|16|18|28,10|6|2|10,28,243976,121974,0.000114752217,0.000229504434,pass,pass,11
61007,3721854049,18|78|84|124,18|60|6|40,124,243904,121890,0.00050813841,0.001016276821,pass,pass,17
61027,3724294729,58|70|78|84,58|12|8|6,84,244024,121970,0.000344109984,0.000688219968,pass,pass,7
61031,3724782961,6|12|42|96,6|6|30|54,96,244028,121966,0.000393242778,0.000786485557,pass,pass,11
61043,3726247849,4|24|64|90,4|20|40|26,90,244082,121996,0.000368592631,0.000737185263,pass,pass,23
61051,3727224601,88|100|102|202,88|12|2|100,202,244002,121900,0.000827177278,0.001654354556,pass,pass,1
61057,3727957249,24|84|102|130,24|60|18|28,130,244098,121984,0.0005322895,0.001064579,pass,pass,7
61091,3732110281,12|18|42|48,12|6|24|6,48,244316,122134,0.000196428279,0.000392856558,pass,pass,11
61099,3733087801,10|28|48|72,10|18|20|24,72,244324,122126,0.00029460384,0.000589207679,pass,pass,19
61121,3735776641,112|132|136|142,112|20|4|6,142,244342,122100,0.000580815104,0.001161630209,pass,pass,11
61129,3736754641,48|72|120|142,48|24|48|22,142,244374,122116,0.000580739093,0.001161478185,pass,pass,19
61141,3738221881,16|30|52|76,16|14|22|24,76,244488,122206,0.000310757102,0.000621514205,pass,pass,1
61151,3739444801,28|36|60|88,28|8|24|28,88,244516,122214,0.000359765171,0.000719530343,pass,pass,11
61153,3739689409,22|40|42|112,22|18|2|70,112,244500,122194,0.000457867971,0.000915735941,pass,pass,13
61169,3741646561,22|78|90|112,22|56|12|22,112,244564,122226,0.000457748206,0.000915496412,pass,pass,29
61211,3746786521,22|108|112|136,22|86|4|24,136,244708,122286,0.000555455719,0.001110911437,pass,pass,11
61223,3748255729,30|40|54|82,30|10|14|28,82,244810,122364,0.000334841481,0.000669682962,pass,pass,23
61231,3749235361,16|22|28|48,16|6|6|20,48,244876,122414,0.000195979161,0.000391958322,pass,pass,1
61253,3751930009,24|58|70|100,24|34|12|30,100,244912,122406,0.000408143275,0.000816286549,pass,pass,23
61261,3752910121,28|30|48|60,28|2|18|12,60,244984,122462,0.000244853985,0.000489707971,pass,pass,1
61283,3755606089,34|54|70|114,34|20|16|44,114,245018,122452,0.000465055562,0.000930111124,pass,pass,23
61291,3756586681,12|16|58|78,12|4|42|20,78,245086,122504,0.000318154378,0.000636308757,pass,pass,1
61297,3757322209,12|28|84|90,12|16|56|6,90,245098,122504,0.000367065272,0.000734130545,pass,pass,7
61331,3761491561,58|142|148|198,58|84|6|50,198,245126,122464,0.000807095922,0.001614191844,pass,pass,11
61333,3761736889,4|10|22|78,4|6|12|56,78,245254,122588,0.000317936511,0.000635873021,pass,pass,13
61339,3762472921,6|16|28|48,6|10|12|20,48,245308,122630,0.000195634099,0.000391268198,pass,pass,19
61343,3762963649,18|48|54|58,18|30|6|4,58,245314,122628,0.000236375789,0.000472751577,pass,pass,23
61357,3764681449,100|124|148|162,100|24|24|14,162,245266,122552,0.000660071385,0.001320142771,pass,pass,7
61363,3765417769,54|60|94|112,54|6|34|18,112,245340,122614,0.000456301028,0.000912602057,pass,pass,13
61379,3767381641,48|70|102|112,48|22|32|10,112,245404,122646,0.000456182082,0.000912364164,pass,pass,29
61381,3767627161,16|58|60|72,16|42|2|12,72,245452,122690,0.000293250354,0.000586500709,pass,pass,1
61403,3770328409,4|24|28|64,4|20|4|36,64,245548,122742,0.000260573588,0.000521147175,pass,pass,23
61409,3771065281,12|16|76|90,12|4|60|14,90,245546,122728,0.000366395805,0.00073279161,pass,pass,29
61417,3772047889,12|60|64|78,12|48|4|14,78,245590,122756,0.000317501669,0.000635003338,pass,pass,7
61441,3774996481,12|36|58|148,12|24|22|90,148,245616,122734,0.00060220374,0.00120440748,pass,pass,1
61463,3777700369,48|100|114|132,48|52|14|18,132,245720,122794,0.000536908384,0.001073816768,pass,pass,23
61469,3778437961,36|48|58|100,36|12|10|42,100,245776,122838,0.000406709073,0.000813418146,pass,pass,29
61471,3778683841,30|36|66|76,30|6|30|10,76,245808,122866,0.000309088839,0.000618177677,pass,pass,1
61483,3780159289,22|70|114|118,22|48|44|4,118,245814,122848,0.000479807426,0.000959614853,pass,pass,13
61487,3780651169,12|22|40|42,12|10|18|2,42,245906,122932,0.000170767805,0.000341535609,pass,pass,17
61493,3781389049,28|60|78|100,28|32|18|22,100,245872,122886,0.000406550339,0.000813100678,pass,pass,23
61507,3783111049,28|34|42|58,28|6|8|16,58,245970,122956,0.000235745525,0.00047149105,pass,pass,7
61511,3783603121,28|58|70|72,28|30|12|2,72,245972,122950,0.000292630586,0.000585261173,pass,pass,11
61519,3784587361,42|58|60|106,42|16|2|46,106,245970,122932,0.000430761228,0.000861522456,pass,pass,19
61543,3787540849,28|30|54|58,28|2|24|4,58,246114,123028,0.000235607624,0.000471215248,pass,pass,13
61547,3788033209,28|30|34|72,28|2|4|38,72,246116,123022,0.000292459421,0.000584918843,pass,pass,17
61553,3788771809,4|54|60|114,4|50|6|54,114,246098,122992,0.000463015613,0.000926031225,pass,pass,23
61559,3789510481,16|28|58|78,16|12|30|20,78,246158,123040,0.000316769278,0.000633538557,pass,pass,29
61561,3789756721,28|48|66|70,28|20|18|4,70,246174,123052,0.000284270886,0.000568541772,pass,pass,1
61583,3792465889,10|24|58|84,10|14|34|26,84,246248,123082,0.000341003199,0.000682006398,pass,pass,23
61603,3794929609,18|28|64|72,18|10|36|8,72,246340,123134,0.000292193562,0.000584387124,pass,pass,13
61609,3795668881,76|90|96|112,76|14|6|16,112,246324,123106,0.000454479053,0.000908958107,pass,pass,19
61613,3796161769,4|24|28|102,4|20|4|74,102,246350,123124,0.000413873695,0.000827747391,pass,pass,23
61627,3797887129,12|24|28|40,12|12|4|12,40,246468,123214,0.000162266539,0.000324533078,pass,pass,7
61631,3798380161,30|60|72|76,30|30|12|4,76,246448,123186,0.000308286414,0.000616572829,pass,pass,11
61637,3799119769,4|54|112|144,4|50|58|32,144,246404,123130,0.000584064766,0.001168129533,pass,pass,17
61643,3799859449,18|28|40|52,18|10|12|12,52,246520,123234,0.000210891748,0.000421783495,pass,pass,23
61651,3800845801,46|48|70|76,46|2|22|6,76,246528,123226,0.000308186404,0.000616372808,pass,pass,1
61657,3801585649,12|24|28|54,12|12|4|26,54,246574,123260,0.000218953241,0.000437906483,pass,pass,7
61667,3802818889,52|70|90|108,52|18|20|18,108,246560,123226,0.000437835471,0.000875670942,pass,pass,17
61673,3803558929,4|58|100|102,4|54|42|2,102,246590,123244,0.000413471049,0.000826942098,pass,pass,23
61681,3804545761,18|48|52|66,18|30|4|14,66,246658,123296,0.000267505391,0.000535010781,pass,pass,1
61687,3805285969,18|24|34|70,18|6|10|36,70,246678,123304,0.000283690243,0.000567380485,pass,pass,7
61703,3807260209,22|34|154|162,22|12|120|8,162,246650,123244,0.000656370031,0.001312740061,pass,pass,23
61717,3808988089,18|22|30|60,18|4|8|30,60,246808,123374,0.000243044866,0.000486089732,pass,pass,7
61723,3809728729,10|22|28|60,10|12|6|32,60,246832,123386,0.00024302124,0.00048604248,pass,pass,13
61729,3810469441,36|58|76|136,36|22|18|60,136,246780,123322,0.000550794602,0.001101589204,pass,pass,19
61751,3813186001,6|10|58|72,6|4|48|14,72,246932,123430,0.000291493255,0.00058298651,pass,pass,11
61757,3813927049,70|100|102|114,70|30|2|12,114,246914,123400,0.000461486147,0.000922972295,pass,pass,17
61781,3816891961,12|22|28|78,12|10|6|50,78,247046,123484,0.000315631019,0.000631262038,pass,pass,11
61813,3820846969,18|24|34|42,18|6|10|8,42,247210,123584,0.00016986718,0.00033973436,pass,pass,13
61819,3821588761,22|28|58|60,22|6|30|2,60,247216,123578,0.000242643847,0.000485287695,pass,pass,19
61837,3823814569,18|70|100|102,18|52|30|2,102,247246,123572,0.000412374468,0.000824748937,pass,pass,7
61843,3824556649,12|28|84|90,12|16|56|6,90,247282,123596,0.000363824523,0.000727649047,pass,pass,13
61861,3826783321,36|70|72|106,36|34|2|34,106,247338,123616,0.000428379755,0.000856759509,pass,pass,1
61871,3828020641,12|18|42|48,12|6|24|6,48,247436,123694,0.000193951932,0.000387903864,pass,pass,11
61879,3829010641,40|58|78|100,40|18|20|22,100,247416,123658,0.000404014286,0.000808028572,pass,pass,19
61909,3832724281,12|16|42|72,12|4|26|30,72,247564,123746,0.000290749326,0.000581498651,pass,pass,19
61927,3834953329,58|70|172|174,58|12|102|2,174,247534,123680,0.00070243997,0.001404879939,pass,pass,7
61933,3835696489,18|58|78|94,18|40|20|16,94,247638,123772,0.000379442301,0.000758884601,pass,pass,13
61949,3837678601,12|18|22|30,12|6|4|8,30,247766,123868,0.00012106733,0.000242134659,pass,pass,29
61961,3839165521,6|28|42|78,6|22|14|36,78,247766,123844,0.000314714094,0.000629428189,pass,pass,11
61967,3839909089,34|42|52|100,34|8|10|48,100,247768,123834,0.000403440541,0.000806881082,pass,pass,17
61979,3841396441,28|78|82|108,28|50|4|26,108,247808,123850,0.000435631424,0.000871262847,pass,pass,29
61981,3841644361,70|90|126|132,70|20|36|6,132,247792,123830,0.000532421226,0.001064842452,pass,pass,1
61987,3842388169,28|34|64|114,28|6|30|50,114,247834,123860,0.000459773824,0.000919547647,pass,pass,7
61991,3842884081,58|70|108|112,58|12|38|4,112,247852,123870,0.000451678469,0.000903356939,pass,pass,11
62003,3844372009,10|24|48|100,10|14|24|52,100,247912,123906,0.000403206296,0.000806412593,pass,pass,23
62011,3845364121,22|30|40|46,22|8|10|6,46,247998,123976,0.000185450968,0.000370901937,pass,pass,1
62017,3846108289,24|48|58|60,24|24|10|2,60,248008,123974,0.000241869165,0.00048373833,pass,pass,7
62039,3848837521,16|18|36|40,16|2|18|4,40,248116,124038,0.00016118893,0.000322377859,pass,pass,29
62047,3849830209,12|24|30|52,12|12|6|22,52,248136,124042,0.000209518591,0.000419037181,pass,pass,7
62053,3850574809,28|30|34|54,28|2|4|20,54,248158,124052,0.00021755596,0.00043511192,pass,pass,13
62057,3851071249,4|54|90|114,4|50|36|24,114,248114,124000,0.000459255201,0.000918510402,pass,pass,17
62071,3852809041,6|22|28|58,6|16|6|30,58,248226,124084,0.000233603454,0.000467206908,pass,pass,1
62081,3854050561,22|72|82|190,22|50|10|108,190,248134,123972,0.000765129428,0.001530258855,pass,pass,11
62099,3856285801,12|18|40|58,12|6|22|18,58,248338,124140,0.000233498124,0.000466996248,pass,pass,29
62119,3858770161,42|52|60|78,42|10|8|18,78,248398,124160,0.000313913617,0.000627827235,pass,pass,19
62129,3860012641,42|52|60|78,42|10|8|18,78,248438,124180,0.000313863091,0.000627726183,pass,pass,29
62131,3860261161,22|42|58|100,22|20|16|42,100,248424,124162,0.000402375626,0.000804751251,pass,pass,1
62137,3861006769,12|70|72|78,12|58|2|6,78,248470,124196,0.000313822682,0.000627645364,pass,pass,7
62141,3861503881,16|30|58|112,16|14|28|54,112,248452,124170,0.000450588178,0.000901176357,pass,pass,11
62143,3861752449,58|112|114|130,58|54|2|16,130,248442,124156,0.000522987303,0.001045974607,pass,pass,13
62171,3865233241,6|18|28|72,6|12|10|44,72,248612,124270,0.000289524055,0.000579048109,pass,pass,11
62189,3867471721,16|36|66|78,16|20|30|12,78,248678,124300,0.000313560276,0.000627120552,pass,pass,29
62191,3867720481,16|30|42|100,16|14|12|58,100,248664,124282,0.000401987426,0.000803974852,pass,pass,1
62201,3868964401,16|18|40|52,16|2|22|12,52,248752,124350,0.000208999855,0.000417999711,pass,pass,11
62207,3869710849,30|58|102|130,30|28|44|28,130,248698,124284,0.000522449242,0.001044898484,pass,pass,17
62213,3870457369,4|18|34|148,4|14|16|114,148,248704,124278,0.000594731005,0.00118946201,pass,pass,23
62219,3871203961,10|18|28|66,10|8|10|38,66,248810,124372,0.000265192305,0.000530384609,pass,pass,29
62233,3872946289,10|42|64|70,10|32|22|6,70,248862,124396,0.000281201292,0.000562402584,pass,pass,13
62273,3877926529,12|94|120|148,12|82|26|28,148,248944,124398,0.000594157982,0.001188315964,pass,pass,23
62297,3880916209,30|78|100|112,30|48|22|12,112,249076,124482,0.000449459846,0.000898919691,pass,pass,17
62299,3881165401,12|18|36|46,12|6|18|10,46,249150,124552,0.000184593653,0.000369187306,pass,pass,19
62303,3881663809,22|28|48|52,22|6|20|4,52,249160,124554,0.000208657689,0.000417315378,pass,pass,23
62311,3882660721,36|58|78|88,36|22|20|10,88,249156,124534,0.000353067677,0.000706135353,pass,pass,1
62323,3884156329,18|30|42|82,18|12|12|40,82,249210,124564,0.000328931534,0.000657863068,pass,pass,13
62327,3884654929,18|24|42|64,18|6|18|22,64,249244,124590,0.000256710575,0.00051342115,pass,pass,17
62347,3887148409,22|84|114|162,22|62|30|48,162,249226,124532,0.000649590197,0.001299180394,pass,pass,7
62351,3887647201,6|12|22|36,6|6|10|14,36,249368,124666,0.000144344116,0.000288688233,pass,pass,11
62383,3891638689,4|12|24|54,4|8|12|30,54,249478,124712,0.00021640511,0.000432810221,pass,pass,13
62401,3893884801,36|48|72|132,36|12|24|60,132,249472,124670,0.000528837679,0.001057675358,pass,pass,1
62417,3895881889,4|22|40|42,4|18|18|2,42,249626,124792,0.000168223401,0.000336446801,pass,pass,17
62423,3896630929,60|70|100|148,60|10|30|48,148,249544,124698,0.000592730244,0.001185460487,pass,pass,23
62459,3901126681,6|12|18|22,6|6|6|4,22,249814,124896,8.8057766e-05,0.000176115532,pass,pass,29
62467,3902126089,10|54|60|102,10|44|6|42,102,249766,124832,0.000408215538,0.000816431076,pass,pass,7
62473,3902875729,34|82|130|148,34|48|48|18,148,249744,124798,0.000592255855,0.001184511709,pass,pass,13
62477,3903375529,22|28|48|60,22|6|20|12,60,249848,124894,0.000240088353,0.000480176705,pass,pass,17
62483,3904125289,22|42|52|54,22|20|10|2,54,249878,124912,0.000216058768,0.000432117536,pass,pass,23
62497,3905875009,4|12|18|82,4|8|6|64,82,249906,124912,0.000328015745,0.00065603149,pass,pass,7
62501,3906375001,18|28|36|40,18|10|8|4,40,249964,124962,0.00015999744,0.00031999488,pass,pass,11
62507,3907125049,22|28|60|78,22|6|32|18,78,249950,124936,0.00031196506,0.00062393012,pass,pass,17
62533,3910376089,54|72|78|112,54|18|6|34,112,250020,124954,0.000447763581,0.000895527162,pass,pass,13
62539,3911126521,46|78|102|168,46|32|24|66,168,249988,124910,0.000671580933,0.001343161867,pass,pass,19
62549,3912377401,28|36|52|70,28|8|16|18,70,250126,125028,0.000279780652,0.000559561304,pass,pass,29
62563,3914128969,18|28|34|48,18|10|6|14,48,250204,125078,0.000191806659,0.000383613318,pass,pass,13
62581,3916381561,46|96|112|166,46|50|16|54,166,250158,124996,0.00066314057,0.00132628114,pass,pass,1
62591,3917633281,18|48|130|148,18|30|82|18,148,250216,125034,0.000591139301,0.001182278602,pass,pass,11
62597,3918384409,4|30|52|70,4|26|22|18,70,250318,125124,0.000279566113,0.000559132227,pass,pass,17
62603,3919135609,30|58|70|88,30|28|12|18,88,250324,125118,0.000351420858,0.000702841717,pass,pass,23
62617,3920888689,4|18|28|34,4|14|10|6,34,250434,125200,0.000135745884,0.000271491767,pass,pass,7
62627,3922141129,12|18|54|64,12|6|36|10,64,250444,125190,0.000255480863,0.000510961726,pass,pass,17
62633,3922892689,34|42|58|70,34|8|16|12,70,250462,125196,0.000279405425,0.000558810851,pass,pass,23
62639,3923644321,46|76|112|120,46|30|36|8,120,250436,125158,0.000478934849,0.000957869698,pass,pass,29
62653,3925398409,64|84|88|102,64|20|4|14,102,250510,125204,0.000407003655,0.00081400731,pass,pass,13
62659,3926150281,18|78|82|102,18|60|4|20,102,250534,125216,0.000406964682,0.000813929364,pass,pass,19
62683,3929158489,22|40|48|64,22|18|8|16,64,250668,125302,0.00025525262,0.000510505241,pass,pass,13
62687,3929659969,34|60|70|88,34|26|10|18,88,250660,125286,0.000350949958,0.000701899915,pass,pass,17
62701,3931415401,16|72|138|156,16|56|66|18,156,250648,125246,0.000621999649,0.001243999298,pass,pass,1
62723,3934174729,102|108|114|130,102|6|6|16,130,250762,125316,0.000518151236,0.001036302473,pass,pass,23
62731,3935178361,60|66|88|90,60|6|22|2,90,250834,125372,0.00035867434,0.000717348679,pass,pass,1
62743,3936684049,28|42|72|82,28|14|30|10,82,250890,125404,0.000326729675,0.00065345935,pass,pass,13
62753,3937939009,54|82|102|118,54|28|20|16,118,250894,125388,0.000470097047,0.000940194094,pass,pass,23
62761,3938943121,12|36|72|126,12|24|36|54,126,250918,125396,0.000501904049,0.001003808097,pass,pass,1
62773,3940449529,22|42|60|90,22|20|18|30,90,251002,125456,0.000358434359,0.000716868717,pass,pass,13
62791,3942709681,42|58|72|82,42|16|14|10,82,251082,125500,0.00032647991,0.000652959819,pass,pass,1
62801,3943965601,16|28|66|102,16|12|38|36,102,251102,125500,0.00040604449,0.000812088979,pass,pass,11
62819,3946226761,36|46|60|72,36|10|14|12,72,251204,125566,0.000286537513,0.000573075025,pass,pass,29
62827,3947231929,58|72|82|88,58|14|10|6,88,251220,125566,0.000350167921,0.000700335843,pass,pass,7
62851,3950248201,6|22|40|48,6|16|18|8,48,251356,125654,0.00019092775,0.0003818555,pass,pass,1
62861,3951505321,30|40|102|108,30|10|62|6,108,251336,125614,0.000429519098,0.000859038195,pass,pass,11
62869,3952511161,48|82|96|102,48|34|14|6,102,251374,125636,0.000405605306,0.000811210613,pass,pass,19
62873,3953014129,4|30|64|88,4|26|34|24,88,251404,125658,0.000349911727,0.000699823454,pass,pass,23
62897,3956032609,40|72|112|124,40|32|40|12,124,251464,125670,0.000492869294,0.000985738588,pass,pass,17
62903,3956787409,18|58|70|72,18|40|12|2,72,251540,125734,0.000286154873,0.000572309747,pass,pass,23
62921,3959052241,16|30|42|60,16|14|12|18,60,251624,125782,0.000238394177,0.000476788354,pass,pass,11
62927,3959807329,34|60|102|108,34|26|42|6,108,251600,125746,0.000429068603,0.000858137207,pass,pass,17
62929,3960059041,52|70|120|126,52|18|50|6,126,251590,125732,0.000500564128,0.001001128256,pass,pass,19
62939,3961317721,18|28|36|76,18|10|8|40,76,251680,125802,0.000301879598,0.000603759195,pass,pass,29
62969,3965094961,22|58|88|126,22|36|30|38,126,251750,125812,0.000500246153,0.001000492306,pass,pass,29
62971,3965346841,22|40|58|96,22|18|18|38,96,251788,125846,0.000381127821,0.000762255641,pass,pass,1
62981,3966606361,40|48|72|78,40|8|24|6,78,251846,125884,0.000309617186,0.000619234372,pass,pass,11
62983,3966858289,42|88|94|118,42|46|6|24,118,251814,125848,0.000468380357,0.000936760713,pass,pass,13
62987,3967362169,40|70|78|82,40|30|8|4,82,251866,125892,0.000325463985,0.000650927969,pass,pass,17
62989,3967614121,6|30|42|48,6|24|12|6,48,251908,125930,0.000190509454,0.000381018908,pass,pass,19
63029,3972654841,18|58|100|106,18|40|42|6,106,252010,125952,0.000420441384,0.000840882768,pass,pass,29
63031,3972906961,30|46|48|72,30|16|2|24,72,252052,125990,0.000285573765,0.000571147531,pass,pass,1
63059,3976437481,30|48|60|78,30|18|12|18,78,252158,126040,0.000309234209,0.000618468418,pass,pass,29
63067,3977446489,4|24|30|58,4|20|6|28,58,252210,126076,0.000229914218,0.000459828436,pass,pass,7
63073,3978203329,24|28|58|64,24|4|30|6,64,252228,126082,0.000253674314,0.000507348628,pass,pass,13
63079,3978960241,28|70|76|102,28|42|6|26,102,252214,126056,0.000404254982,0.000808509964,pass,pass,19
63097,3981231409,18|60|108|112,18|42|48|4,112,252276,126082,0.000443761193,0.000887522386,pass,pass,7
63103,3981988609,18|30|42|54,18|12|12|12,54,252358,126152,0.000213935946,0.000427871892,pass,pass,13
63113,3983250769,10|18|24|28,10|8|6|4,28,252424,126198,0.000110912173,0.000221824347,pass,pass,23
63127,3985018129,10|82|124|148,10|72|42|24,148,252360,126106,0.000586120044,0.001172240087,pass,pass,7
63131,3985523161,12|16|48|72,12|4|32|24,72,252452,126190,0.000285121414,0.000570242828,pass,pass,11
63149,3987796201,12|60|70|88,12|48|10|18,88,252508,126210,0.000348382397,0.000696764794,pass,pass,29
63179,3991586041,10|58|66|100,10|48|8|34,100,252616,126258,0.000395701103,0.000791402206,pass,pass,29
63197,3993860809,24|30|58|130,24|6|28|72,130,252658,126264,0.000514264918,0.001028529835,pass,pass,17
63199,3994113601,10|88|100|112,10|78|12|12,112,252684,126286,0.000443044985,0.00088608997,pass,pass,19
63211,3995630521,82|150|192|208,82|68|42|16,208,252636,126214,0.000822641629,0.001645283258,pass,pass,1
63241,3999424081,22|46|48|60,22|24|2|12,60,252904,126422,0.0002371879,0.000474375801,pass,pass,1
63247,4000183009,40|42|84|142,40|2|42|58,142,252846,126352,0.000561291445,0.001122582889,pass,pass,7
63277,4003978729,4|58|60|70,4|54|2|10,70,253038,126484,0.000276561784,0.000553123568,pass,pass,7
63281,4004484961,42|58|72|96,42|16|14|24,96,253028,126466,0.000379260758,0.000758521515,pass,pass,11
63299,4006763401,42|46|70|78,42|4|24|8,78,253118,126520,0.000308061739,0.000616123477,pass,pass,29
63311,4008282721,6|22|66|72,6|16|44|6,72,253172,126550,0.000284310783,0.000568621567,pass,pass,11
63313,4008535969,28|40|48|58,28|12|8|10,58,253194,126568,0.000229020896,0.000458041792,pass,pass,13
63317,4009042489,28|34|78|114,28|6|44|36,114,253154,126520,0.000450116083,0.000900232165,pass,pass,17
63331,4010815561,18|48|76|78,18|30|28|2,78,253246,126584,0.000307906081,0.000615812162,pass,pass,1
63337,4011575569,22|24|72|130,22|2|48|58,130,253218,126544,0.000513128187,0.001026256375,pass,pass,7
63347,4012842409,30|58|142|148,30|28|84|6,148,253240,126546,0.000584084487,0.001168168974,pass,pass,17
63353,4013602609,4|22|48|52,4|18|26|4,52,253360,126654,0.000205199438,0.000410398876,pass,pass,23
63361,4014616321,6|16|18|48,6|10|2|30,48,253396,126674,0.00018939095,0.000378781901,pass,pass,1
63367,4015376689,10|18|52|70,10|8|34|18,70,253398,126664,0.000276168984,0.000552337968,pass,pass,7
63377,4016644129,24|28|54|72,24|4|26|18,72,253436,126682,0.000284014706,0.000568029411,pass,pass,17
63389,4018165321,30|48|58|60,30|18|10|2,60,253496,126718,0.000236634116,0.000473268233,pass,pass,29
63391,4018418881,28|36|42|66,28|8|6|24,66,253498,126716,0.000260289316,0.000520578631,pass,pass,1
63397,4019179609,30|48|70|100,30|18|22|30,100,253488,126694,0.000394340426,0.000788680852,pass,pass,7
63409,4020701281,18|22|60|72,18|4|38|12,72,253564,126746,0.000283871375,0.000567742749,pass,pass,19
63419,4021969561,22|60|70|96,22|38|10|26,96,253580,126742,0.000378435485,0.000756870969,pass,pass,29
63421,4022223241,10|40|78|82,10|30|38|4,82,253602,126760,0.000323236783,0.000646473566,pass,pass,1
63439,4024506721,6|28|42|46,6|22|14|4,46,253710,126832,0.000181276502,0.000362553004,pass,pass,19
63443,4025014249,12|22|28|40,12|10|6|12,40,253732,126846,0.000157621802,0.000315243604,pass,pass,23
63463,4027552369,22|52|100|112,22|30|48|12,112,253740,126814,0.00044120196,0.00088240392,pass,pass,13
63467,4028060089,58|60|70|72,58|2|10|2,72,253796,126862,0.000283611956,0.000567223912,pass,pass,17
63473,4028821729,28|30|34|64,28|2|4|30,64,253828,126882,0.000252075686,0.000504151371,pass,pass,23
63487,4030599169,18|58|70|84,18|40|12|14,84,253864,126890,0.000330776379,0.000661552759,pass,pass,7
63493,4031361049,22|100|144|202,22|78|44|58,202,253770,126784,0.000795363268,0.001590726537,pass,pass,13
63499,4032123001,36|58|60|162,36|22|2|102,162,253834,126836,0.00063780532,0.00127561064,pass,pass,19
63521,4034917441,16|76|100|112,16|60|24|12,112,253972,126930,0.000440799106,0.000881598212,pass,pass,11
63527,4035679729,12|54|82|148,12|42|28|66,148,253960,126906,0.000582429518,0.001164859036,pass,pass,17
63533,4036442089,4|30|60|64,4|26|30|4,64,254068,127002,0.000251837628,0.000503675255,pass,pass,23
63541,4037458681,22|48|168|216,22|26|120|48,216,253948,126866,0.000849844982,0.001699689964,pass,pass,1
63559,4039746481,28|30|36|40,28|2|6|4,40,254196,127078,0.00015733413,0.000314668261,pass,pass,19
63577,4042034929,22|58|100|130,22|36|42|30,130,254178,127024,0.000511191154,0.001022382308,pass,pass,7
63587,4043306569,4|24|52|54,4|20|28|2,54,254294,127120,0.000212307547,0.000424615094,pass,pass,17
63589,4043560921,30|46|58|82,30|16|12|24,82,254274,127096,0.000322382802,0.000644765604,pass,pass,19
63599,4044832801,10|16|22|28,10|6|6|6,28,254368,127170,0.000110064624,0.000220129247,pass,pass,29
63601,4045087201,28|36|60|72,28|8|24|12,72,254332,127130,0.000283014418,0.000566028836,pass,pass,1
63607,4045850449,78|84|88|102,78|6|4|14,102,254326,127112,0.000400899272,0.000801798544,pass,pass,7
63611,4046359321,28|58|118|120,28|30|60|2,120,254324,127102,0.000471616544,0.000943233089,pass,pass,11
63617,4047122689,10|18|24|52,10|8|6|28,52,254416,127182,0.000204347894,0.000408695789,pass,pass,17
63629,4048649641,10|18|58|70,10|8|40|12,70,254446,127188,0.000275031825,0.00055006365,pass,pass,29
63647,4050940609,22|42|78|88,22|20|36|10,88,254500,127206,0.000345656512,0.000691313023,pass,pass,17
63649,4051195201,42|72|100|130,42|30|28|30,130,254466,127168,0.000510612893,0.001021225785,pass,pass,19
63659,4052468281,30|36|58|72,30|6|22|14,72,254564,127246,0.000282756562,0.000565513125,pass,pass,29
63667,4053486889,12|18|58|78,12|6|40|20,78,254590,127256,0.000306281119,0.000612562238,pass,pass,7
63671,4053996241,10|12|16|40,10|2|4|24,40,254644,127302,0.000157057373,0.000314114746,pass,pass,11
63689,4056288721,16|58|60|102,16|42|2|42,102,254654,127276,0.000400383112,0.000800766223,pass,pass,29
63691,4056543481,42|46|118|138,42|4|72|20,138,254626,127244,0.000541677788,0.001083355576,pass,pass,1
63697,4057307809,58|70|88|100,58|12|18|12,100,254688,127294,0.000392483162,0.000784966325,pass,pass,7
63703,4058072209,70|90|94|130,70|20|4|36,130,254682,127276,0.000510180054,0.001020360109,pass,pass,13
63709,4058836681,6|40|102|106,6|34|62|4,106,254730,127312,0.00041595379,0.00083190758,pass,pass,19
63719,4060110961,18|40|60|88,18|22|20|28,88,254788,127350,0.000345265933,0.000690531866,pass,pass,29
63727,4061130529,4|30|40|54,4|26|10|14,54,254854,127400,0.000211841135,0.00042368227,pass,pass,7
63737,4062405169,40|42|138|142,40|2|96|4,142,254806,127332,0.000556976325,0.001113952649,pass,pass,17
63743,4063170049,4|52|54|94,4|48|2|40,94,254878,127392,0.000368667932,0.000737335864,pass,pass,23
63761,4065465121,12|40|60|82,12|28|20|22,82,254962,127440,0.000321513151,0.000643026301,pass,pass,11
63773,4066995529,22|48|64|78,22|26|16|14,78,255014,127468,0.000305772035,0.00061154407,pass,pass,23
63781,4068015961,10|100|118|120,10|90|18|2,120,255004,127442,0.000470359511,0.000940719023,pass,pass,1
63793,4069546849,18|30|82|84,18|12|52|2,84,255088,127502,0.000329189723,0.000658379446,pass,pass,13
63799,4070312401,78|88|108|126,78|10|20|18,126,255070,127472,0.000493738146,0.000987476293,pass,pass,19
63803,4070822809,40|58|60|84,40|18|2|24,84,255128,127522,0.000329138128,0.000658276257,pass,pass,23
63809,4071588481,16|28|48|88,16|12|20|40,88,255148,127530,0.00034477895,0.000689557899,pass,pass,29
63823,4073375329,4|18|30|90,4|14|12|60,90,255202,127556,0.000352537486,0.000705074973,pass,pass,13
63839,4075417921,12|40|60|72,12|28|20|12,72,255284,127606,0.000281959304,0.000563918608,pass,pass,29
63841,4075673281,36|70|96|108,36|34|26|12,108,255256,127574,0.000422925706,0.000845851412,pass,pass,1
63853,4077205609,22|24|42|58,22|2|18|16,58,255354,127648,0.000227084084,0.000454168168,pass,pass,13
63857,4077716449,58|88|154|228,58|30|66|74,228,255200,127486,0.000892619447,0.001785238893,pass,pass,17
63863,4078482769,12|40|58|70,12|28|18|12,70,255382,127656,0.000274024083,0.000548048166,pass,pass,23
63901,4083337801,12|72|76|78,12|60|4|2,78,255526,127724,0.000305159544,0.000610319087,pass,pass,1
63907,4084104649,4|30|34|58,4|26|4|24,58,255570,127756,0.000226892203,0.000453784405,pass,pass,7
63913,4084871569,18|58|60|72,18|40|2|12,72,255580,127754,0.000281632845,0.000563265689,pass,pass,13
63929,4086917041,6|22|36|48,6|16|14|12,48,255668,127810,0.000187708239,0.000375416478,pass,pass,29
63949,4089474601,6|102|106|112,6|96|4|6,112,255684,127786,0.000437848911,0.000875697822,pass,pass,19
63977,4093056529,18|24|28|30,18|6|4|2,30,255878,127924,0.000117229629,0.000234459259,pass,pass,17
63997,4095616009,28|42|52|84,28|14|10|32,84,255904,127910,0.000328140382,0.000656280763,pass,pass,7
64007,4096896049,4|72|120|130,4|68|48|10,130,255898,127884,0.000507756964,0.001015513928,pass,pass,17
64013,4097664169,40|60|100|118,40|20|40|18,118,255934,127908,0.000460843891,0.000921687782,pass,pass,23
64019,4098432361,90|118|156|226,90|28|38|70,226,255850,127812,0.000882550493,0.001765100986,pass,pass,29
64033,4100225089,64|90|130|142,64|26|40|12,142,255990,127924,0.000554401637,0.001108803273,pass,pass,13
64037,4100737369,18|22|28|54,18|4|6|26,54,256094,128020,0.000210815622,0.000421631244,pass,pass,17
64063,4104067969,58|82|84|88,58|24|2|4,88,256164,128038,0.000343411954,0.000686823908,pass,pass,13
64067,4104580489,28|48|52|60,28|20|4|8,60,256208,128074,0.000234129895,0.000468259791,pass,pass,17
64081,4106374561,18|22|48|136,18|4|26|88,136,256188,128026,0.000530578487,0.001061156973,pass,pass,1
64091,4107656281,36|58|72|82,36|22|14|10,82,256282,128100,0.000319857702,0.000639715405,pass,pass,11
64109,4109963881,6|66|90|102,6|60|24|12,102,256334,128116,0.000397760065,0.00079552013,pass,pass,29
64123,4111759129,48|60|90|102,48|12|30|12,102,256390,128144,0.000397673222,0.000795346444,pass,pass,13
64151,4115350801,6|16|52|90,6|10|36|38,90,256514,128212,0.000350734985,0.000701469969,pass,pass,11
64153,4115607409,18|28|30|40,18|10|2|10,40,256572,128266,0.000155877356,0.000311754711,pass,pass,13
64157,4116120649,28|54|58|82,28|26|4|24,82,256546,128232,0.000319528656,0.000639057313,pass,pass,17
64171,4117917241,28|36|48|70,28|8|12|22,70,256614,128272,0.000272708856,0.000545417712,pass,pass,1
64187,4119970969,4|30|48|64,4|26|18|16,64,256684,128310,0.000249271659,0.000498543319,pass,pass,17
64189,4120227721,18|60|108|142,18|42|48|34,142,256614,128236,0.000553054262,0.001106108523,pass,pass,19
64217,4123823089,12|70|78|94,12|58|8|16,94,256774,128340,0.000365946712,0.000731893424,pass,pass,17
64223,4124593729,18|34|58|70,18|16|24|12,70,256822,128376,0.000272488049,0.000544976099,pass,pass,23
64231,4125621361,58|66|78|102,58|8|12|24,102,256822,128360,0.000397004562,0.000794009123,pass,pass,1
64237,4126392169,60|70|78|118,60|10|8|40,118,256830,128356,0.000459236888,0.000918473777,pass,pass,7
64271,4130761441,6|36|48|52,6|30|12|4,52,257032,128490,0.000202268519,0.000404537038,pass,pass,11
64279,4131789841,18|22|28|46,18|4|6|18,46,257070,128512,0.000178907575,0.00035781515,pass,pass,19
64283,4132304089,18|58|60|64,18|40|2|4,64,257068,128502,0.000248899398,0.000497798796,pass,pass,23
64301,4134618601,10|18|40|58,10|8|22|18,58,257146,128544,0.000225501936,0.000451003872,pass,pass,11
64303,4134875809,52|54|88|94,52|2|34|6,94,257118,128512,0.000365457288,0.000730914576,pass,pass,13
64319,4136933761,6|30|36|42,6|24|6|6,42,257234,128596,0.000163248807,0.000326497613,pass,pass,29
64327,4137962929,22|34|88|100,22|12|54|12,100,257208,128554,0.000388639296,0.000777278592,pass,pass,7
64333,4138734889,100|108|130|174,100|8|22|44,174,257158,128492,0.000676169307,0.001352338613,pass,pass,13
64373,4143883129,58|60|70|78,58|2|10|8,78,257414,128668,0.000302922033,0.000605844065,pass,pass,23
64381,4144913161,6|12|46|70,6|6|34|24,70,257454,128692,0.000271819326,0.000543638651,pass,pass,1
64399,4147231201,28|58|148|150,28|30|90|2,150,257446,128648,0.000582307179,0.001164614357,pass,pass,19
64403,4147746409,30|34|102|112,30|4|68|10,112,257500,128694,0.000434762356,0.000869524712,pass,pass,23
64433,4151611489,58|70|82|100,58|12|12|18,100,257632,128766,0.000387999938,0.000775999876,pass,pass,23
64439,4152384721,6|46|60|88,6|40|14|28,88,257668,128790,0.000341408153,0.000682816307,pass,pass,29
64451,4153931401,6|12|70|88,6|6|58|18,88,257716,128814,0.000341344587,0.000682689175,pass,pass,11
64453,4154189209,52|58|88|154,52|6|30|66,154,257658,128752,0.000597334492,0.001194668984,pass,pass,13
64483,4158057289,52|58|70|88,52|6|12|18,88,257844,128878,0.000341175193,0.000682350387,pass,pass,13
64489,4158831121,16|18|42|76,16|2|24|34,76,257880,128902,0.000294623889,0.000589247779,pass,pass,19
64499,4160121001,12|22|28|60,12|10|6|32,60,257936,128938,0.000232561745,0.00046512349,pass,pass,29
64513,4161927169,100|112|144|154,100|12|32|10,154,257898,128872,0.000596778944,0.001193557888,pass,pass,13
64553,4167089809,12|22|54|64,12|10|32|10,64,258148,129042,0.000247858349,0.000495716698,pass,pass,23
64567,4168897489,30|42|60|180,30|12|18|120,180,258088,128954,0.000696950455,0.001393900909,pass,pass,7
64577,4170188929,34|64|88|114,34|30|24|26,114,258194,129040,0.000441333602,0.000882667203,pass,pass,17
64579,4170447241,6|22|70|76,6|16|48|6,76,258240,129082,0.000294213289,0.000588426578,pass,pass,19
64591,4171997281,6|30|36|46,6|24|6|10,46,258318,129136,0.000178043381,0.000356086761,pass,pass,1
64601,4173289201,90|138|142|232,90|48|4|90,232,258172,128970,0.000897818919,0.001795637838,pass,pass,11
64609,4174322881,16|58|66|256,16|42|8|190,256,258180,128962,0.000990574069,0.001981148137,pass,pass,19
64613,4174839769,34|60|84|94,34|26|24|10,94,258358,129132,0.000363703899,0.000727407797,pass,pass,23
64621,4175873641,30|70|76|88,30|40|6|12,88,258396,129154,0.000340446604,0.000680893208,pass,pass,1
64627,4176649129,28|30|34|42,28|2|4|8,42,258466,129212,0.000162470794,0.000324941588,pass,pass,7
64633,4177424689,12|18|22|28,12|6|4|6,28,258504,129238,0.000108303808,0.000216607615,pass,pass,13
64661,4181044921,30|42|58|100,30|12|16|42,100,258544,129222,0.000386631818,0.000773263637,pass,pass,11
64663,4181303569,34|42|72|88,34|8|30|16,88,258564,129238,0.000340225477,0.000680450953,pass,pass,13
64667,4181820889,10|28|42|60,10|18|14|18,60,258608,129274,0.000231957567,0.000463915134,pass,pass,17
64679,4183373041,16|18|22|82,16|2|4|60,82,258634,129276,0.00031694986,0.00063389972,pass,pass,29
64693,4185184249,54|58|60|64,54|4|2|4,64,258708,129322,0.000247321967,0.000494643934,pass,pass,13
64709,4187254681,22|82|120|150,22|60|38|30,150,258686,129268,0.000579517532,0.001159035065,pass,pass,29
64717,4188290089,54|70|78|102,54|16|8|24,102,258766,129332,0.000394023209,0.000788046417,pass,pass,7
64747,4192174009,4|30|52|78,4|26|22|26,78,258910,129416,0.000301172255,0.00060234451,pass,pass,7
64763,4194246169,60|64|84|114,60|4|20|30,114,258938,129412,0.000440066087,0.000880132174,pass,pass,23
64781,4196577961,28|46|72|76,28|18|26|4,76,259048,129486,0.000293295874,0.000586591748,pass,pass,11
64783,4196837089,4|12|22|30,4|8|10|8,30,259102,129536,0.000115771113,0.000231542226,pass,pass,13
64793,4198132849,18|40|82|138,18|22|42|56,138,259034,129448,0.000532464927,0.001064929854,pass,pass,23
64811,4200465721,6|28|40|48,6|22|12|8,48,259196,129574,0.000185153755,0.00037030751,pass,pass,11
64817,4201243489,10|42|48|72,10|32|6|24,72,259196,129562,0.000277704923,0.000555409846,pass,pass,17
64849,4205392801,46|60|96|126,46|14|36|30,126,259270,129572,0.000485743805,0.00097148761,pass,pass,19
64853,4205911609,4|12|34|70,4|8|22|36,70,259342,129636,0.000269841025,0.00053968205,pass,pass,23
64871,4208246641,18|58|60|76,18|40|2|16,76,259408,129666,0.000292888964,0.000585777929,pass,pass,11
64877,4209025129,22|58|70|84,22|36|12|14,84,259424,129670,0.000323689443,0.000647378886,pass,pass,17
64879,4209284641,48|58|66|72,48|10|8|6,72,259444,129686,0.000277439541,0.000554879083,pass,pass,19
64891,4210841881,22|36|42|88,22|14|6|46,88,259476,129694,0.000339030066,0.000678060132,pass,pass,1
64901,4212139801,6|18|88|100,6|12|70|12,100,259504,129702,0.000385202077,0.000770404154,pass,pass,11
64919,4214476561,10|42|66|96,10|32|24|30,96,259580,129742,0.000369691462,0.000739382923,pass,pass,29
64921,4214736241,18|36|58|66,18|18|22|8,66,259618,129776,0.00025415505,0.0005083101,pass,pass,1
64927,4215515329,58|78|114|132,58|20|36|18,132,259576,129722,0.000508263126,0.001016526253,pass,pass,7
64937,4216813969,12|18|30|64,12|6|12|34,64,259684,129810,0.000246392657,0.000492785315,pass,pass,17
64951,4218632401,16|18|36|76,16|2|18|40,76,259728,129826,0.000292528214,0.000585056427,pass,pass,1
64969,4220970961,16|48|58|96,16|32|10|38,96,259780,129842,0.000369406948,0.000738813896,pass,pass,19
64997,4224610009,60|120|138|142,60|60|18|4,142,259846,129852,0.000546179054,0.001092358109,pass,pass,17
65003,4225390009,52|78|88|124,52|26|10|36,124,259888,129882,0.000476901066,0.000953802132,pass,pass,23
65011,4226430121,16|40|58|82,16|24|18|24,82,259962,129940,0.000315331252,0.000630662503,pass,pass,1
65027,4228510729,72|100|114|130,72|28|14|16,130,259978,129924,0.000499792394,0.000999584788,pass,pass,17
65029,4228770841,10|36|40|42,10|26|4|2,42,260074,130016,0.000161466423,0.000322932845,pass,pass,19
65033,4229291089,18|30|52|58,18|12|22|6,58,260074,130008,0.000222963726,0.000445927452,pass,pass,23
65053,4231892809,40|42|58|82,40|2|16|24,82,260130,130024,0.000315127665,0.00063025533,pass,pass,13
65063,4233193969,12|42|54|138,12|30|12|84,138,260114,129988,0.000530255291,0.001060510582,pass,pass,23
65071,4234235041,88|106|112|126,88|18|6|14,126,260158,130016,0.000484086613,0.000968173226,pass,pass,1
65089,4236577921,6|16|60|66,6|10|44|6,66,260290,130112,0.000253499055,0.00050699811,pass,pass,19
65099,4237879801,12|16|46|52,12|4|30|6,52,260344,130146,0.000199695848,0.000399391696,pass,pass,29
65101,4238140201,28|36|52|60,28|8|16|8,60,260344,130142,0.000230411207,0.000460822414,pass,pass,1
65111,4239442321,28|46|58|60,28|18|12|2,60,260384,130162,0.00023037582,0.00046075164,pass,pass,11
65119,4240484161,58|60|70|96,58|2|10|26,96,260380,130142,0.000368556028,0.000737112056,pass,pass,19
65123,4241005129,12|30|34|54,12|18|4|20,54,260438,130192,0.000207300032,0.000414600064,pass,pass,23
65129,4241786641,16|46|70|78,16|30|24|8,78,260438,130180,0.000299405795,0.000598811589,pass,pass,29
65141,4243349881,30|66|72|78,30|36|6|6,78,260486,130204,0.000299350639,0.000598701279,pass,pass,11
65147,4244131609,18|64|72|90,18|46|8|18,90,260498,130204,0.000345372772,0.000690745545,pass,pass,17
65167,4246737889,60|70|72|88,60|10|2|16,88,260580,130246,0.000337594181,0.000675188362,pass,pass,7
65171,4247259241,30|46|66|78,30|16|20|12,78,260606,130264,0.00029921284,0.00059842568,pass,pass,11
65173,4247519929,52|58|90|112,52|6|32|22,112,260580,130234,0.000429625765,0.000859251531,pass,pass,13
65179,4248302041,36|96|126|130,36|60|30|4,130,260586,130228,0.000498626858,0.000997253717,pass,pass,19
65183,4248823489,42|52|72|130,42|10|20|58,130,260602,130236,0.00049859626,0.00099719252,pass,pass,23
65203,4251431209,28|48|78|114,28|20|30|36,114,260698,130292,0.000437096453,0.000874192905,pass,pass,13
65213,4252735369,12|78|88|100,12|66|10|12,100,260752,130326,0.000383359146,0.000766718292,pass,pass,23
65239,4256127121,16|58|78|112,16|42|20|34,112,260844,130366,0.000429191128,0.000858382256,pass,pass,19
65257,4258476049,18|22|60|90,18|4|38|30,90,260938,130424,0.000344790597,0.000689581194,pass,pass,7
65267,4259781289,10|12|22|40,10|2|10|18,40,261028,130494,0.000153216786,0.000306433573,pass,pass,17
65269,4260042361,28|42|78|102,28|14|36|24,102,260974,130436,0.000390690833,0.000781381667,pass,pass,19
65287,4262392369,22|28|82|114,22|6|54|32,114,261034,130460,0.000436534073,0.000873068145,pass,pass,7
65293,4263175849,28|34|58|60,28|6|24|2,60,261112,130526,0.000229733662,0.000459467324,pass,pass,13
65309,4265265481,10|16|70|72,10|6|54|2,72,261164,130546,0.000275612856,0.000551225712,pass,pass,29
65323,4267094329,10|12|42|54,10|2|30|12,54,261238,130592,0.00020666534,0.00041333068,pass,pass,13
65327,4267616929,42|58|90|114,42|16|32|24,114,261194,130540,0.000436266781,0.000872533562,pass,pass,17
65353,4271014609,10|24|70|78,10|14|46|8,78,261334,130628,0.000298379569,0.000596759139,pass,pass,13
65357,4271537449,22|54|60|78,22|32|6|18,78,261350,130636,0.000298361308,0.000596722616,pass,pass,17
65371,4273367641,6|102|118|132,6|96|16|14,132,261352,130610,0.000504811002,0.001009622004,pass,pass,1
65381,4274675161,12|100|102|108,12|88|2|6,108,261416,130654,0.000412964011,0.000825928022,pass,pass,11
65393,4276244449,10|12|58|102,10|2|46|44,102,261470,130684,0.000389949995,0.000779899989,pass,pass,23
65407,4278075649,12|42|82|94,12|30|40|12,94,261534,130720,0.000359288761,0.000718577522,pass,pass,7
65413,4278860569,18|40|54|58,18|22|14|4,58,261594,130768,0.000221668476,0.000443336951,pass,pass,13
65419,4279645561,16|36|60|90,16|20|24|30,90,261586,130748,0.000343936777,0.000687873554,pass,pass,19
65423,4280168929,58|60|64|72,58|2|4|8,72,261620,130774,0.000275132599,0.000550265197,pass,pass,23
65437,4282000969,4|12|24|58,4|8|12|34,58,261690,130816,0.000221587175,0.000443174351,pass,pass,7
65447,4283309809,4|10|18|30,4|6|8|12,30,261758,130864,0.000114596544,0.000229193088,pass,pass,17
65449,4283571601,12|18|28|52,12|6|10|24,52,261744,130846,0.000198627939,0.000397255879,pass,pass,19
65479,4287499441,12|36|40|156,12|24|4|116,156,261760,130802,0.000595610807,0.001191221613,pass,pass,19
65497,4289857009,42|48|64|84,42|6|16|20,84,261904,130910,0.000320625372,0.000641250744,pass,pass,7
65519,4292739361,58|60|66|72,58|2|6|6,72,262004,130966,0.000274729468,0.000549458936,pass,pass,29
65521,4293001441,28|36|58|88,28|8|22|30,88,261996,130954,0.000335770211,0.000671540422,pass,pass,1
65537,4295098369,34|52|70|94,34|18|18|24,94,262054,130980,0.000358576072,0.000717152143,pass,pass,17
65539,4295360521,30|58|60|82,30|28|2|22,82,262074,130996,0.000312790857,0.000625581715,pass,pass,19
65543,4295884849,22|34|64|120,22|12|30|56,120,262052,130966,0.000457714783,0.000915429565,pass,pass,23
65551,4296933601,28|30|36|46,28|2|6|10,46,262158,131056,0.00017543592,0.00035087184,pass,pass,1
65557,4297720249,4|12|118|132,4|8|106|14,132,262096,130982,0.000503378739,0.001006757478,pass,pass,7
65563,4298506969,18|54|82|142,18|36|28|60,142,262110,130984,0.000541463935,0.001082927871,pass,pass,13
65579,4300605241,18|30|58|118,18|12|28|60,118,262198,131040,0.000449839125,0.000899678251,pass,pass,29
65581,4300867561,42|58|70|100,42|16|12|30,100,262224,131062,0.000381207972,0.000762415944,pass,pass,1
65587,4301654569,70|108|112|120,70|38|4|8,120,262228,131054,0.000457407718,0.000914815436,pass,pass,7
65599,4303228801,36|42|48|76,36|6|6|28,76,262320,131122,0.000289638562,0.000579277123,pass,pass,19
65609,4304540881,6|16|102|106,6|10|86|4,106,262330,131112,0.000403908,0.000807816001,pass,pass,29
65617,4305590689,54|70|112|154,54|16|42|42,154,262314,131080,0.000586738193,0.001173476386,pass,pass,7
65629,4307165641,6|16|52|70,6|10|36|18,70,262446,131188,0.000266650414,0.000533300827,pass,pass,19
65633,4307690689,40|54|64|78,40|14|10|14,78,262454,131188,0.000297106638,0.000594213277,pass,pass,23
65647,4309528609,18|40|52|58,18|22|12|6,58,262530,131236,0.000220878334,0.000441756668,pass,pass,7
65651,4310053801,6|58|82|88,6|52|24|6,88,262516,131214,0.00033510533,0.000670210659,pass,pass,11
65657,4310841649,24|64|132|142,24|40|68|10,142,262486,131172,0.000540688731,0.001081377462,pass,pass,17
65677,4313468329,24|30|58|60,24|6|28|2,60,262648,131294,0.000228390456,0.000456780913,pass,pass,7
65687,4314781969,10|28|40|42,10|18|12|2,42,262706,131332,0.000159848981,0.000319697962,pass,pass,17
65699,4316358601,46|60|112|120,46|14|52|8,120,262676,131278,0.000456627955,0.00091325591,pass,pass,29
65701,4316621401,28|30|60|88,28|2|30|28,88,262716,131314,0.000334850307,0.000669700613,pass,pass,1
65707,4317409849,60|78|100|114,60|18|22|14,114,262714,131300,0.000433743741,0.000867487482,pass,pass,7
65713,4318198369,58|70|78|90,58|12|8|12,90,262762,131336,0.000342398003,0.000684796007,pass,pass,13
65717,4318724089,4|30|64|130,4|26|34|66,130,262738,131304,0.000494544791,0.000989089581,pass,pass,17
65719,4318986961,6|18|46|48,6|12|28|2,48,262828,131390,0.000182595596,0.000365191193,pass,pass,19
65729,4320301441,10|18|40|42,10|8|22|2,42,262874,131416,0.000159746839,0.000319493679,pass,pass,29
65731,4320564361,28|66|102|126,28|38|36|24,126,262798,131336,0.000479225936,0.000958451872,pass,pass,1
65761,4324509121,18|48|58|66,18|30|10|8,66,262978,131456,0.000250908593,0.000501817186,pass,pass,1
65777,4326613729,12|22|34|58,12|10|12|24,58,263050,131496,0.000220441796,0.000440883592,pass,pass,17
65789,4328192521,52|58|60|66,52|6|2|6,66,263090,131512,0.000250801806,0.000501603612,pass,pass,29
65809,4330824481,42|90|118|126,42|48|28|8,126,263110,131492,0.000478657934,0.000957315869,pass,pass,19
65827,4333193929,18|54|108|130,18|36|54|22,130,263178,131524,0.000493718383,0.000987436766,pass,pass,7
65831,4333720561,18|30|112|118,18|12|82|6,118,263206,131544,0.000448117148,0.000896234297,pass,pass,11
65837,4334510569,22|64|90|102,22|42|26|12,102,263246,131572,0.0003873202,0.0007746404,pass,pass,17
65839,4334773921,10|18|36|48,10|8|18|12,48,263308,131630,0.000182262793,0.000364525585,pass,pass,19
65843,4335300649,18|28|52|94,18|10|24|42,94,263278,131592,0.000356909618,0.000713819237,pass,pass,23
65851,4336354201,12|18|28|40,12|6|10|12,40,263364,131662,0.000151857982,0.000303715965,pass,pass,1
65867,4338461689,18|30|84|100,18|12|54|16,100,263368,131634,0.000379552735,0.00075910547,pass,pass,17
65881,4340306161,52|58|70|132,52|6|12|62,132,263392,131630,0.000500903144,0.001001806287,pass,pass,1
65899,4342678201,10|12|16|72,10|2|4|56,72,263524,131726,0.000273145268,0.000546290536,pass,pass,19
65921,4345578241,6|12|28|96,6|6|16|68,96,263588,131746,0.000364072147,0.000728144294,pass,pass,11
65927,4346369329,30|42|52|100,30|12|10|48,100,263608,131754,0.000379207305,0.00075841461,pass,pass,17
65929,4346633041,6|70|108|142,6|64|38|34,142,263574,131716,0.000538458038,0.001076916076,pass,pass,19
65951,4349534401,18|28|60|66,18|10|32|6,66,263738,131836,0.000250185744,0.000500371488,pass,pass,11
65957,4350325849,28|48|52|58,28|20|4|6,58,263770,131856,0.000219840199,0.000439680398,pass,pass,17
65963,4351117369,34|118|120|124,34|84|2|4,124,263728,131802,0.000469960432,0.000939920865,pass,pass,23
65981,4353492361,30|36|58|70,30|6|22|12,70,263854,131892,0.000265227869,0.000530455737,pass,pass,11
65983,4353756289,12|24|28|42,12|12|4|14,42,263890,131924,0.000159131898,0.000318263795,pass,pass,13
65993,4355076049,30|48|52|132,30|18|4|80,132,263840,131854,0.000500053036,0.001000106072,pass,pass,23
66029,4359828841,36|120|142|180,36|84|22|38,180,263936,131878,0.000681518727,0.001363037453,pass,pass,29
66037,4360885369,24|58|70|78,24|34|12|8,78,264070,131996,0.000295289005,0.000590578009,pass,pass,7
66041,4361413681,42|106|118|136,42|64|12|18,136,264028,131946,0.000514831695,0.001029663391,pass,pass,11
66047,4362206209,18|28|58|82,18|10|30|24,82,264106,132012,0.000310385029,0.000620770058,pass,pass,17
66067,4364848489,78|114|172|180,78|36|58|8,180,264088,131954,0.000681126735,0.00136225347,pass,pass,7
66071,4365377041,16|36|46|48,16|20|10|2,48,264236,132094,0.0001816228,0.000363245599,pass,pass,11
66083,4366962889,64|72|90|144,64|8|18|54,144,264188,132022,0.000544769457,0.001089538913,pass,pass,23
66089,4367755921,6|16|18|28,6|10|2|10,28,264328,132150,0.000105917778,0.000211835555,pass,pass,29
66103,4369606609,54|60|64|82,54|6|4|18,82,264330,132124,0.000310122082,0.000620244164,pass,pass,13
66107,4370135449,18|30|58|82,18|12|28|24,82,264346,132132,0.000310103317,0.000620206635,pass,pass,17
66109,4370399881,16|42|60|96,16|26|18|36,96,264340,132122,0.000363036803,0.000726073606,pass,pass,19
66137,4374102769,12|22|24|54,12|10|2|30,54,264494,132220,0.000204121747,0.000408243495,pass,pass,17
66161,4377277921,16|46|60|70,16|30|14|10,70,264574,132252,0.00026450628,0.00052901256,pass,pass,11
66169,4378336561,18|30|40|58,18|12|10|18,58,264618,132280,0.000219135849,0.000438271698,pass,pass,19
66173,4378865929,12|18|84|130,12|6|66|46,130,264562,132216,0.000491136869,0.000982273737,pass,pass,23
66179,4379660041,18|40|42|60,18|22|2|18,60,264656,132298,0.000226658003,0.000453316007,pass,pass,29
66191,4381248481,16|18|22|46,16|2|4|24,46,264718,132336,0.000173739632,0.000347479265,pass,pass,11
66221,4385220841,18|148|172|198,18|130|24|26,198,264686,132244,0.000747497018,0.001494994035,pass,pass,11
66239,4387605121,6|16|40|96,6|10|24|56,96,264860,132382,0.00036232431,0.000724648621,pass,pass,29
66271,4391845441,48|100|112|118,48|52|12|6,118,264966,132424,0.000445141917,0.000890283835,pass,pass,1
66293,4394761849,10|22|30|52,10|12|8|22,52,265120,132534,0.000196099136,0.000392198271,pass,pass,23
66301,4395822601,42|46|48|100,42|4|2|52,100,265104,132502,0.000377068219,0.000754136438,pass,pass,1
66337,4400597569,34|60|82|120,34|26|22|38,120,265228,132554,0.000452236309,0.000904472617,pass,pass,7
66343,4401393649,24|28|48|58,24|4|20|10,58,265314,132628,0.000218561114,0.000437122228,pass,pass,13
66347,4401924409,22|54|138|150,22|32|84|12,150,265238,132544,0.000565210183,0.001130420366,pass,pass,17
66359,4403516881,36|66|130|148,36|30|64|18,148,265288,132570,0.0005575732,0.001115146401,pass,pass,29
66361,4403782321,16|52|58|60,16|36|6|2,60,265384,132662,0.000226036377,0.000452072754,pass,pass,1
66373,4405375129,42|64|72|100,42|22|8|28,100,265392,132646,0.000376659184,0.000753318367,pass,pass,13
66377,4405906129,28|118|130|190,28|90|12|60,190,265318,132564,0.000715609323,0.001431218645,pass,pass,17
66383,4406702689,4|34|58|60,4|30|24|2,60,265472,132706,0.000225961466,0.000451922932,pass,pass,23
66403,4409358409,10|22|54|58,10|12|32|4,58,265554,132748,0.000218363628,0.000436727256,pass,pass,13
66413,4410686569,24|28|58|94,24|4|30|36,94,265558,132732,0.000353846385,0.000707692771,pass,pass,23
66431,4413077761,22|42|108|126,22|20|66|18,126,265598,132736,0.000474176213,0.000948352426,pass,pass,11
66449,4415469601,12|30|46|48,12|18|16|2,48,265748,132850,0.000180589625,0.00036117925,pass,pass,29
66457,4416532849,4|22|40|172,4|18|18|132,172,265656,132742,0.000647034925,0.00129406985,pass,pass,7
66463,4417330369,12|48|82|84,12|36|34|2,84,265768,132842,0.000315965274,0.000631930548,pass,pass,13
66467,4417862089,72|78|88|90,72|6|10|2,90,265778,132844,0.000338513849,0.000677027698,pass,pass,17
66491,4421053081,48|58|96|118,48|10|38|22,118,265846,132864,0.000443669068,0.000887338136,pass,pass,11
66499,4422117001,30|42|70|96,30|12|28|26,96,265900,132902,0.000360907683,0.000721815366,pass,pass,19
66509,4423447081,16|22|58|72,16|6|36|14,72,265964,132946,0.000270640064,0.000541280128,pass,pass,29
66523,4425309529,34|58|88|114,34|24|30|26,114,265978,132932,0.000428423252,0.000856846504,pass,pass,13
66529,4426107841,12|36|46|148,12|24|10|102,148,265968,132910,0.000556148447,0.001112296893,pass,pass,19
66533,4426640089,54|58|124|138,54|4|66|14,138,265994,132928,0.000518539672,0.001037079344,pass,pass,23
66541,4427704681,12|28|46|60,12|16|18|14,60,266104,133022,0.000225424926,0.000450849852,pass,pass,1
66553,4429301809,18|70|88|114,18|52|18|26,114,266098,132992,0.000428230132,0.000856460265,pass,pass,13
66569,4431431761,12|28|58|60,12|16|30|2,60,266216,133078,0.000225330109,0.000450660217,pass,pass,29
66571,4431698041,40|42|46|60,40|2|4|14,60,266224,133082,0.000225323339,0.000450646678,pass,pass,1
66587,4433828569,34|52|60|172,34|18|8|112,172,266176,133002,0.000645771697,0.001291543394,pass,pass,17
66593,4434627649,40|48|112|118,40|8|64|6,118,266254,133068,0.000442989503,0.000885979007,pass,pass,23
66601,4435693201,70|118|120|150,70|48|2|30,150,266254,133052,0.000563054609,0.001126109218,pass,pass,1
66617,4437824689,12|28|30|64,12|16|2|34,64,266404,133170,0.000240178933,0.000480357867,pass,pass,17
66629,4439423641,28|48|58|70,28|20|10|12,70,266446,133188,0.000262648396,0.000525296793,pass,pass,29
66643,4441289449,22|58|64|70,22|36|6|6,70,266502,133216,0.000262593221,0.000525186441,pass,pass,13
66653,4442622409,12|30|60|64,12|18|30|4,64,266548,133242,0.00024004921,0.00048009842,pass,pass,23
66683,4446622489,24|40|52|60,24|16|12|8,60,266672,133306,0.000224944889,0.000449889777,pass,pass,23
66697,4448489809,12|18|30|102,12|6|12|72,102,266686,133292,0.000382326042,0.000764652083,pass,pass,7
66701,4449023401,6|18|76|82,6|12|58|6,82,266722,133320,0.000307341719,0.000614683438,pass,pass,11
66713,4450624369,10|64|88|102,10|54|24|14,102,266750,133324,0.000382234347,0.000764468694,pass,pass,23
66721,4451691841,6|10|22|28,6|4|12|6,28,266856,133414,0.000104914495,0.000209828989,pass,pass,1
66733,4453293289,30|40|48|54,30|10|8|6,54,266878,133412,0.000202298713,0.000404597426,pass,pass,13
66739,4454094121,10|72|100|138,10|62|28|38,138,266818,133340,0.000516939121,0.001033878242,pass,pass,19
66749,4455429001,22|66|100|130,22|44|34|30,130,266866,133368,0.00048689868,0.00097379736,pass,pass,29
66751,4455696001,18|52|126|168,18|34|74|42,168,266836,133334,0.000629204057,0.001258408114,pass,pass,1
66763,4457298169,22|60|78|90,22|38|18|12,90,266962,133436,0.000337013016,0.000674026032,pass,pass,13
66791,4461037681,16|46|48|90,16|30|2|42,90,267074,133492,0.000336871734,0.000673743468,pass,pass,11
66797,4461839209,10|22|24|42,10|12|2|18,42,267146,133552,0.000157192688,0.000314385377,pass,pass,17
66809,4463442481,28|40|42|88,28|12|2|46,88,267148,133530,0.000329296951,0.000658593902,pass,pass,29
66821,4465046041,40|46|70|78,40|6|24|8,78,267206,133564,0.000291824426,0.000583648853,pass,pass,11
66841,4467719281,12|22|58|70,12|10|36|12,70,267294,133612,0.000261815353,0.000523630706,pass,pass,1
66851,4469056201,16|18|46|58,16|2|28|12,58,267346,133644,0.000216900271,0.000433800542,pass,pass,11
66853,4469323609,10|18|48|58,10|8|30|10,58,267354,133648,0.000216893782,0.000433787564,pass,pass,13
66863,4470660769,4|40|78|120,4|36|38|42,120,267332,133606,0.000448678641,0.000897357283,pass,pass,23
66877,4472533129,18|54|82|94,18|36|28|12,94,267414,133660,0.00035139136,0.000702782721,pass,pass,7
66883,4473335689,12|28|34|58,12|16|6|24,58,267474,133708,0.000216796495,0.000433592991,pass,pass,13
66889,4474138321,16|60|78|118,16|44|18|40,118,267438,133660,0.000441029168,0.000882058335,pass,pass,19
66919,4478152561,10|78|88|108,10|68|10|20,108,267568,133730,0.000403472855,0.00080694571,pass,pass,19
66923,4478687929,4|18|24|30,4|14|6|6,30,267662,133816,0.000112069094,0.000224138189,pass,pass,23
66931,4479758761,36|76|102|106,36|40|26|4,106,267618,133756,0.000395930137,0.000791860274,pass,pass,1
66943,4481365249,12|72|88|102,12|60|16|14,102,267670,133784,0.000380921082,0.000761842164,pass,pass,13
66947,4481900809,28|60|64|78,28|32|4|14,78,267710,133816,0.000291275188,0.000582550376,pass,pass,17
66949,4482168601,36|58|72|106,36|22|14|34,106,267690,133792,0.000395823687,0.000791647373,pass,pass,19
66959,4483507681,28|76|90|126,28|48|14|36,126,267710,133792,0.000470437133,0.000940874266,pass,pass,29
66973,4485382729,42|84|112|114,42|42|28|2,114,267778,133832,0.000425544622,0.000851089245,pass,pass,13
66977,4485918529,24|30|54|58,24|6|24|4,58,267850,133896,0.000216492229,0.000432984457,pass,pass,17
67003,4489402009,10|22|28|60,10|12|6|32,60,267952,133946,0.000223870573,0.000447741146,pass,pass,13
67021,4491814441,52|66|142|148,52|14|76|6,148,267936,133894,0.00055206577,0.001104131541,pass,pass,1
67033,4493423089,22|42|60|72,22|20|18|12,72,268060,133994,0.000268524458,0.000537048916,pass,pass,13
67043,4494763849,70|72|118|142,70|2|46|24,142,268030,133944,0.000529510911,0.001059021822,pass,pass,23
67049,4495568401,10|48|60|88,10|38|12|28,88,268108,134010,0.000328118242,0.000656236484,pass,pass,29
67057,4496641249,18|28|84|94,18|10|56|10,94,268134,134020,0.000350448126,0.000700896252,pass,pass,7
67061,4497177721,36|70|82|130,36|34|12|48,130,268114,133992,0.000484633393,0.000969266787,pass,pass,11
67073,4498787329,24|54|112|138,24|30|58|26,138,268154,134008,0.000514364946,0.001028729891,pass,pass,23
67079,4499592241,18|36|58|96,18|18|22|38,96,268220,134062,0.000357787087,0.000715574174,pass,pass,29
67103,4502812609,12|54|58|60,12|42|4|2,60,268352,134146,0.000223536951,0.000447073901,pass,pass,23
67121,4505228641,30|58|118|130,30|28|60|12,130,268354,134112,0.000484200176,0.000968400352,pass,pass,11
67129,4506302641,10|16|36|58,10|6|20|22,58,268458,134200,0.000216002026,0.000432004052,pass,pass,19
67139,4507645321,6|18|36|58,6|12|18|22,58,268498,134220,0.000215969854,0.000431939707,pass,pass,29
67141,4507913881,28|52|66|120,28|24|14|54,120,268444,134162,0.00044682087,0.000893641739,pass,pass,1
67153,4509525409,34|54|60|100,34|20|6|40,100,268512,134206,0.000372284187,0.000744568374,pass,pass,13
67157,4510062649,42|52|72|82,42|10|20|10,82,268546,134232,0.000305254851,0.000610509701,pass,pass,17
67169,4511674561,6|10|52|66,6|4|42|14,66,268610,134272,0.000245649035,0.000491298069,pass,pass,29
67181,4513286761,12|16|60|100,12|4|44|40,100,268624,134262,0.000372129025,0.000744258049,pass,pass,11
67187,4514092969,52|64|84|88,52|12|20|4,88,268660,134286,0.000327444297,0.000654888595,pass,pass,17
67189,4514361721,16|18|22|36,16|2|4|14,36,268720,134342,0.000133950498,0.000267900996,pass,pass,19
67211,4517318521,6|58|60|108,6|52|2|48,108,268736,134314,0.000401719957,0.000803439913,pass,pass,11
67213,4517587369,10|12|18|28,10|2|6|10,28,268824,134398,0.000104146519,0.000208293039,pass,pass,13
67217,4518125089,10|24|34|112,10|14|10|78,112,268756,134322,0.000416561287,0.000833122573,pass,pass,17
67219,4518393961,12|42|46|70,12|30|4|24,70,268806,134368,0.000260343058,0.000520686116,pass,pass,19
67231,4520007361,16|22|28|72,16|6|6|44,72,268852,134390,0.000267733635,0.00053546727,pass,pass,1
67247,4522159009,34|54|58|84,34|20|4|26,84,268904,134410,0.000312281589,0.000624563178,pass,pass,17
67261,4524042121,22|40|46|100,22|18|6|54,100,268944,134422,0.000371686416,0.000743372831,pass,pass,1
67271,4525387441,28|42|82|106,28|14|40|24,106,268978,134436,0.000393929033,0.000787858067,pass,pass,11
67273,4525656529,58|70|102|108,58|12|32|6,108,268984,134438,0.000401349724,0.000802699449,pass,pass,13
67289,4527809521,16|46|120|132,16|30|74|12,132,269024,134446,0.000490421911,0.000980843823,pass,pass,29
67307,4530232249,30|60|64|142,30|30|4|78,142,269086,134472,0.000527433996,0.001054867993,pass,pass,17
67339,4534540921,18|70|82|88,18|52|12|6,88,269268,134590,0.000326705178,0.000653410357,pass,pass,19
67343,4535079649,42|48|64|72,42|6|16|8,72,269300,134614,0.00026728836,0.000534576719,pass,pass,23
67349,4535887801,12|18|42|70,12|6|24|28,70,269326,134628,0.000259840532,0.000519681064,pass,pass,29
67369,4538582161,12|16|36|78,12|4|20|42,78,269398,134660,0.000289450638,0.000578901275,pass,pass,19
67391,4541546881,18|60|78|138,18|42|18|60,138,269426,134644,0.000511937796,0.001023875592,pass,pass,11
67399,4542625201,52|102|142|156,52|50|40|14,156,269440,134642,0.0005786436,0.0011572872,pass,pass,19
67409,4543973281,28|46|70|102,28|18|24|32,102,269534,134716,0.000378287766,0.000756575531,pass,pass,29
67411,4544242921,30|72|78|82,30|42|6|4,82,269562,134740,0.000304104671,0.000608209343,pass,pass,1
67421,4545591241,6|22|60|66,6|16|38|6,66,269618,134776,0.00024473087,0.00048946174,pass,pass,11
67427,4546400329,42|78|100|102,42|36|22|2,102,269606,134752,0.00037818678,0.00075637356,pass,pass,17
67429,4546670041,6|16|28|30,6|10|12|2,30,269686,134828,0.000111228107,0.000222456213,pass,pass,19
67433,4547209489,30|40|54|58,30|10|14|4,58,269674,134808,0.00021502825,0.000430056501,pass,pass,23
67447,4549097809,28|54|70|114,28|26|16|44,114,269674,134780,0.000422554005,0.000845108011,pass,pass,7
67453,4549907209,4|40|52|64,4|36|12|12,64,269748,134842,0.0002372022,0.0004744044,pass,pass,13
67477,4553145529,4|60|78|114,4|56|18|36,114,269794,134840,0.00042236614,0.000844732279,pass,pass,7
67481,4553685361,10|30|36|58,10|20|6|22,58,269866,134904,0.000214875298,0.000429750596,pass,pass,11
67489,4554765121,40|76|96|102,40|36|20|6,102,269854,134876,0.000377839352,0.000755678703,pass,pass,19
67493,4555305049,10|28|54|78,10|18|26|24,78,269894,134908,0.000288918851,0.000577837702,pass,pass,23
67499,4556115001,16|18|28|40,16|2|10|12,40,269956,134958,0.000148150343,0.000296300686,pass,pass,29
67511,4557735121,30|58|66|118,30|28|8|52,118,269926,134904,0.000436965828,0.000873931656,pass,pass,11
67523,4559355529,4|40|54|58,4|36|14|4,58,270034,134988,0.000214741644,0.000429483287,pass,pass,23
67531,4560435961,12|28|100|102,12|16|72|2,102,270022,134960,0.000377604359,0.000755208719,pass,pass,1
67537,4561246369,84|114|124|130,84|30|10|6,130,270018,134944,0.000481217703,0.000962435406,pass,pass,7
67547,4562597209,60|70|84|118,60|10|14|34,118,270070,134976,0.000436732942,0.000873465883,pass,pass,17
67559,4564218481,6|58|60|76,6|52|2|16,76,270160,135042,0.000281235661,0.000562471321,pass,pass,29
67567,4565299489,18|28|34|60,18|10|6|26,60,270208,135074,0.000222001865,0.00044400373,pass,pass,7
67577,4566650929,10|18|88|144,10|8|70|56,144,270164,135010,0.000532725632,0.001065451263,pass,pass,17
67579,4566921241,10|28|78|82,10|18|50|4,82,270234,135076,0.000303348673,0.000606697347,pass,pass,19
67589,4568272921,6|36|66|102,6|30|30|36,102,270254,135076,0.000377280327,0.000754560653,pass,pass,29
67601,4569895201,16|42|46|58,16|26|4|12,58,270346,135144,0.000214493868,0.000428987737,pass,pass,11
67607,4570706449,4|72|100|112,4|68|28|12,112,270316,135102,0.000414158297,0.000828316594,pass,pass,17
67619,4572329161,66|130|156|178,66|64|26|22,178,270298,135060,0.000658099055,0.00131619811,pass,pass,29
67631,4573952161,10|18|36|106,10|8|18|70,106,270418,135156,0.000391832148,0.000783664296,pass,pass,11
67651,4576657801,6|30|46|70,6|24|16|24,70,270534,135232,0.000258680581,0.000517361162,pass,pass,1
67679,4580447041,10|16|22|42,10|6|6|20,42,270674,135316,0.000155144136,0.000310288273,pass,pass,29
67699,4583154601,28|42|90|112,28|14|48|22,112,270684,135286,0.000413595474,0.000827190948,pass,pass,19
67709,4584508681,48|78|82|90,48|30|4|8,90,270746,135328,0.00033230442,0.000664608841,pass,pass,29
67723,4586404729,22|54|88|102,22|32|34|14,102,270790,135344,0.000376533822,0.000753067643,pass,pass,13
67733,4587759289,10|12|84|102,10|2|72|18,102,270830,135364,0.000376478231,0.000752956461,pass,pass,23
67741,4588843081,28|30|58|70,28|2|28|12,70,270894,135412,0.000258336901,0.000516673802,pass,pass,1
67751,4590198001,6|16|42|60,6|10|26|18,60,270944,135442,0.000221398946,0.000442797892,pass,pass,11
67757,4591011049,4|58|88|100,4|54|30|12,100,270928,135414,0.000368965568,0.000737931136,pass,pass,17
67759,4591282081,12|16|18|88,12|4|2|70,88,270948,135430,0.000324680116,0.000649360233,pass,pass,19
67763,4591824169,10|70|88|162,10|60|18|74,162,270890,135364,0.000597671296,0.001195342591,pass,pass,23
67777,4593721729,4|18|28|150,4|14|10|122,150,270958,135404,0.000553285038,0.001106570075,pass,pass,7
67783,4594535089,34|124|130|138,34|90|6|8,138,270994,135428,0.000508977177,0.001017954354,pass,pass,13
67789,4595348521,66|78|82|106,66|12|4|24,106,271050,135472,0.000390918881,0.000781837761,pass,pass,19
67801,4596975601,82|138|208|226,82|56|70|18,226,270978,135376,0.000833321042,0.001666642085,pass,pass,1
67807,4597789249,18|40|42|48,18|22|2|6,48,271180,135566,0.000176972879,0.000353945758,pass,pass,7
67819,4599416761,10|18|46|52,10|8|28|6,52,271224,135586,0.000191686695,0.000383373391,pass,pass,19
67829,4600773241,28|58|126|142,28|30|68|16,142,271174,135516,0.000523374958,0.001046749915,pass,pass,29
67843,4602672649,4|12|42|148,4|8|30|106,148,271224,135538,0.000545376826,0.001090753652,pass,pass,13
67853,4604029609,4|112|132|138,4|108|20|6,138,271274,135568,0.000508452095,0.00101690419,pass,pass,23
67867,4605929689,34|70|78|84,34|36|8|6,84,271384,135650,0.000309428736,0.000618857471,pass,pass,7
67883,4608101689,42|52|58|70,42|10|6|12,70,271462,135696,0.000257796503,0.000515593006,pass,pass,23
67891,4609187881,12|42|88|126,12|30|46|38,126,271438,135656,0.000463979025,0.00092795805,pass,pass,1
67901,4610545801,28|36|60|102,28|8|24|42,102,271502,135700,0.000375546752,0.000751093504,pass,pass,11
67927,4614077329,42|52|70|78,42|10|18|8,78,271630,135776,0.000287072887,0.000574145774,pass,pass,7
67931,4614620761,60|66|88|102,60|6|22|14,102,271622,135760,0.000375380901,0.000750761802,pass,pass,11
67933,4614892489,22|54|60|120,22|32|6|60,120,271612,135746,0.000441611588,0.000883223176,pass,pass,13
67939,4615707721,6|16|18|28,6|10|2|10,28,271728,135850,0.000103033604,0.000206067207,pass,pass,19
67943,4616251249,30|54|58|112,30|24|4|54,112,271660,135774,0.000412110151,0.000824220302,pass,pass,23
67957,4618153849,30|60|88|114,30|30|28|26,114,271714,135800,0.000419382845,0.00083876569,pass,pass,7
67961,4618697521,6|22|42|70,6|16|20|28,70,271774,135852,0.000257500625,0.000515001251,pass,pass,11
67967,4619513089,10|28|48|52,10|18|20|4,52,271816,135882,0.000191269292,0.000382538585,pass,pass,17
67979,4621144441,16|60|72|132,16|44|12|60,132,271784,135826,0.000485444034,0.000970888068,pass,pass,29
67987,4622232169,34|60|64|90,34|26|4|26,90,271858,135884,0.000330945622,0.000661891244,pass,pass,7
67993,4623048049,28|60|64|102,28|32|4|38,102,271870,135884,0.000375038607,0.000750077214,pass,pass,13
68023,4627128529,4|18|22|30,4|14|4|8,30,272062,136016,0.000110256825,0.00022051365,pass,pass,13
68041,4629577681,18|28|58|60,18|10|30|2,60,272104,136022,0.000220455314,0.000440910627,pass,pass,1
68053,4631210809,18|24|58|78,18|6|34|20,78,272134,136028,0.000286541372,0.000573082744,pass,pass,13
68059,4632027481,22|60|120|126,22|38|60|6,126,272110,135992,0.000462833718,0.000925667436,pass,pass,19
68071,4633661041,18|48|60|72,18|30|12|12,72,272212,136070,0.000264429787,0.000528859573,pass,pass,1
68087,4635839569,28|54|72|78,28|26|18|6,78,272270,136096,0.000286398285,0.000572796569,pass,pass,17
68099,4637473801,6|22|36|88,6|16|14|52,88,272308,136110,0.000323059076,0.000646118152,pass,pass,29
68111,4639108321,58|66|82|100,58|8|16|18,100,272344,136122,0.000367047907,0.000734095814,pass,pass,11
68113,4639380769,22|60|118|154,22|38|58|36,154,272298,136072,0.000565237179,0.001130474359,pass,pass,13
68141,4643195881,52|70|100|132,52|18|30|32,132,272432,136150,0.000484289928,0.000968579856,pass,pass,11
68147,4644013609,54|58|102|112,54|4|44|10,112,272476,136182,0.000410876488,0.000821752975,pass,pass,17
68161,4645921921,18|42|46|78,18|24|4|32,78,272566,136244,0.000286087352,0.000572174704,pass,pass,1
68171,4647285241,30|36|60|82,30|6|24|22,82,272602,136260,0.00030071438,0.00060142876,pass,pass,11
68207,4652194849,12|30|64|70,12|18|34|6,70,272758,136344,0.000256571906,0.000513143812,pass,pass,17
68209,4652467681,36|66|88|108,36|30|22|20,108,272728,136310,0.000395842191,0.000791684382,pass,pass,19
68213,4653013369,30|70|78|82,30|40|8|4,82,272770,136344,0.000300529225,0.000601058449,pass,pass,23
68219,4653831961,10|28|36|60,10|18|8|24,60,272816,136378,0.000219880092,0.000439760184,pass,pass,29
68227,4654923529,54|58|64|90,54|4|6|26,90,272818,136364,0.000329781465,0.00065956293,pass,pass,7
68239,4656561121,28|46|58|70,28|18|12|12,70,272886,136408,0.000256451589,0.000512903179,pass,pass,19
68261,4659564121,28|36|42|90,28|8|6|48,90,272954,136432,0.000329617205,0.000659234409,pass,pass,11
68279,4662021841,10|12|42|66,10|2|30|24,66,273050,136492,0.00024165556,0.000483311121,pass,pass,29
68281,4662294961,18|60|112|130,18|42|52|18,130,272994,136432,0.000475974283,0.000951948565,pass,pass,1
68311,4666392721,6|12|42|90,6|6|30|48,90,273154,136532,0.000329375942,0.000658751885,pass,pass,1
68329,4668852241,28|36|88|106,28|8|52|18,106,273210,136552,0.000387829472,0.000775658944,pass,pass,19
68351,4671859201,6|52|106|118,6|46|54|12,118,273286,136584,0.000431595734,0.000863191468,pass,pass,11
68371,4674593641,46|58|60|78,46|12|2|18,78,273406,136664,0.000285208641,0.000570417282,pass,pass,1
68389,4677055321,72|100|120|156,72|28|20|36,156,273400,136622,0.000570267148,0.001140534296,pass,pass,19
68399,4678423201,22|46|58|102,22|24|12|44,102,273494,136696,0.000372812468,0.000745624936,pass,pass,29
68437,4683622969,54|58|70|72,54|4|12|2,72,273676,136802,0.00026301562,0.00052603124,pass,pass,7
68443,4684444249,4|42|64|102,4|38|22|38,102,273670,136784,0.000372572798,0.000745145596,pass,pass,13
68447,4684991809,12|24|40|42,12|12|16|2,42,273746,136852,0.000153403363,0.000306806726,pass,pass,17
68449,4685265601,16|18|48|52,16|2|30|4,52,273744,136846,0.000189922424,0.000379844848,pass,pass,19
68473,4688551729,4|24|60|70,4|20|36|10,70,273822,136876,0.00025557519,0.00051115038,pass,pass,13
68477,4689099529,22|30|70|78,22|8|40|8,78,273830,136876,0.000284767148,0.000569534296,pass,pass,17
68483,4689921289,22|30|42|48,22|8|12|6,48,273884,136918,0.000175225968,0.000350451937,pass,pass,23
68489,4690743121,22|36|58|60,22|14|22|2,60,273896,136918,0.000219013272,0.000438026544,pass,pass,29
68491,4691017081,18|70|78|90,18|52|8|12,90,273874,136892,0.000328510315,0.00065702063,pass,pass,1
68501,4692387001,22|42|46|52,22|20|4|6,52,273952,136950,0.000189778251,0.000379556503,pass,pass,11
68507,4693209049,28|40|48|100,28|12|8|52,100,273928,136914,0.000364926212,0.000729852424,pass,pass,17
68521,4695127441,12|16|120|130,12|4|104|10,130,273954,136912,0.000474307147,0.000948614293,pass,pass,1
68531,4696497961,30|46|112|138,30|16|66|26,138,273986,136924,0.000503421809,0.001006843618,pass,pass,11
68539,4697594521,28|100|126|142,28|72|26|16,142,274014,136936,0.000517953282,0.001035906564,pass,pass,19
68543,4698142849,64|82|184|234,64|18|102|50,234,273938,136852,0.000853478838,0.001706957676,pass,pass,23
68567,4701433489,4|12|42|90,4|8|30|48,90,274178,137044,0.000328146193,0.000656292386,pass,pass,17
68581,4703353561,18|40|58|78,18|22|18|20,78,274246,137084,0.000284335312,0.000568670623,pass,pass,1
68597,4705548409,22|42|48|52,22|20|6|4,52,274336,137142,0.000189512661,0.000379025322,pass,pass,17
68611,4707469321,10|22|46|70,10|12|24|24,70,274374,137152,0.000255061142,0.000510122284,pass,pass,1
68633,4710488689,4|60|64|82,4|56|4|18,82,274450,137184,0.000298690134,0.000597380269,pass,pass,23
68639,4711312321,18|30|46|60,18|12|16|14,60,274496,137218,0.000218534652,0.000437069305,pass,pass,29
68659,4714058281,36|66|70|106,36|30|4|36,106,274530,137212,0.000385965423,0.000771930847,pass,pass,19
68669,4715431561,40|58|96|106,40|18|38|10,106,274570,137232,0.000385909217,0.000771818433,pass,pass,29
68683,4717354489,22|30|58|78,22|8|28|20,78,274654,137288,0.00028391305,0.0005678261,pass,pass,13
68687,4717903969,28|30|64|130,28|2|34|66,130,274618,137244,0.00047316086,0.00094632172,pass,pass,17
68699,4719552601,12|18|46|60,12|6|28|14,60,274736,137338,0.00021834379,0.000436687579,pass,pass,29
68711,4721201521,10|18|58|78,10|8|40|20,78,274766,137344,0.000283797354,0.000567594708,pass,pass,11
68713,4721476369,12|54|70|82,12|42|16|12,82,274770,137344,0.000298342381,0.000596684761,pass,pass,13
68729,4723675441,6|16|46|66,6|10|30|20,66,274850,137392,0.000240073331,0.000480146663,pass,pass,29
68737,4724775169,4|28|34|52,4|24|6|18,52,274896,137422,0.000189126671,0.000378253342,pass,pass,7
68743,4725600049,4|58|88|192,4|54|30|104,192,274780,137294,0.000698252913,0.001396505826,pass,pass,13
68749,4726425001,30|36|48|72,30|6|12|24,72,274924,137426,0.00026182199,0.00052364398,pass,pass,19
68767,4728900289,22|28|42|54,22|6|14|12,54,275014,137480,0.000196315093,0.000392630186,pass,pass,7
68771,4729450441,16|72|108|126,16|56|36|18,126,274958,137416,0.000458041907,0.000916083814,pass,pass,11
68777,4730275729,22|40|54|58,22|18|14|4,58,275050,137496,0.000210826294,0.000421652587,pass,pass,17
68791,4732201681,28|30|36|70,28|2|6|34,70,275094,137512,0.000254393743,0.000508787487,pass,pass,1
68813,4735228969,18|28|78|102,18|10|50|24,102,275150,137524,0.000370569514,0.000741139029,pass,pass,23
68819,4736054761,6|28|40|48,6|22|12|8,48,275228,137590,0.00017437045,0.0003487409,pass,pass,29
68821,4736330041,6|18|46|70,6|12|28|24,70,275214,137572,0.00025428285,0.000508565699,pass,pass,1
68863,4742112769,10|28|60|64,10|18|32|4,64,275388,137662,0.000232345381,0.000464690763,pass,pass,13
68879,4744316641,18|52|78|126,18|34|26|48,126,275390,137632,0.000457323713,0.000914647425,pass,pass,29
68881,4744592161,12|36|46|58,12|24|10|12,58,275466,137704,0.000210507978,0.000421015955,pass,pass,1
68891,4745969881,6|46|58|60,6|40|12|2,60,275504,137722,0.000217735263,0.000435470526,pass,pass,11
68897,4746796609,24|58|60|64,24|34|2|4,64,275524,137730,0.000232230721,0.000464461442,pass,pass,17
68899,4747072201,6|28|40|48,6|22|12|8,48,275548,137750,0.000174167985,0.00034833597,pass,pass,19
68903,4747623409,18|34|72|78,18|16|38|6,78,275534,137728,0.000283006545,0.000566013091,pass,pass,23
68909,4748450281,70|100|148|198,70|30|48|50,198,275438,137620,0.000718338679,0.001436677357,pass,pass,29
68917,4749552889,4|30|42|58,4|26|12|16,58,275610,137776,0.000210398015,0.00042079603,pass,pass,7
68927,4750931329,28|60|102|112,28|32|42|10,112,275596,137742,0.000406226878,0.000812453755,pass,pass,17
68947,4753688809,28|64|78|108,28|36|14|30,108,275680,137786,0.000391605146,0.000783210292,pass,pass,7
68963,4755895369,10|24|30|60,10|14|6|30,60,275792,137866,0.000217507939,0.000435015878,pass,pass,23
68993,4760034049,18|40|88|94,18|22|48|6,94,275878,137892,0.000340614265,0.00068122853,pass,pass,23
69001,4761138001,12|42|48|60,12|30|6|12,60,275944,137942,0.000217388154,0.000434776308,pass,pass,1
69011,4762518121,12|30|36|58,12|18|6|22,58,275986,137964,0.000210111432,0.000420222863,pass,pass,11
69019,4763622361,10|18|108|136,10|8|90|28,136,275940,137902,0.000492617975,0.00098523595,pass,pass,19
69029,4765002841,40|42|70|96,40|2|28|26,96,276020,137962,0.000347679961,0.000695359921,pass,pass,29
69031,4765278961,18|42|72|102,18|24|30|30,102,276022,137960,0.000369399255,0.000738798511,pass,pass,1
69061,4769421721,10|78|96|130,10|68|18|34,130,276114,137992,0.000470598456,0.000941196913,pass,pass,1
69067,4770250489,70|90|124|132,70|20|34|8,132,276136,138002,0.000477796922,0.000955593844,pass,pass,7
69073,4771079329,52|58|70|78,52|6|12|8,78,276214,138068,0.00028231002,0.00056462004,pass,pass,13
69109,4776053881,36|42|46|58,36|6|4|12,58,276378,138160,0.000209813483,0.000419626966,pass,pass,19
69119,4777436161,12|16|36|58,12|4|20|22,58,276418,138180,0.000209783128,0.000419566255,pass,pass,29
69127,4778542129,18|30|54|102,18|12|24|48,102,276406,138152,0.000368886253,0.000737772506,pass,pass,7
69143,4780754449,22|70|102|144,22|48|32|42,144,276428,138142,0.000520660081,0.001041320163,pass,pass,23
69149,4781584201,6|28|30|102,6|22|2|72,102,276494,138196,0.00036876889,0.000737537781,pass,pass,29
69151,4781860801,28|120|126|132,28|92|6|6,132,276472,138170,0.000477216526,0.000954433052,pass,pass,1
69163,4783520569,18|22|28|34,18|4|6|6,34,276618,138292,0.000122898081,0.000245796163,pass,pass,13
69191,4787394481,28|58|72|88,28|30|14|16,88,276676,138294,0.000317960428,0.000635920857,pass,pass,11
69193,4787671249,18|58|88|118,18|40|30|30,118,276654,138268,0.000426343705,0.000852687411,pass,pass,13
69197,4788224809,12|40|42|88,12|28|2|46,88,276700,138306,0.000317932858,0.000635865717,pass,pass,17
69203,4789055209,28|42|60|82,28|14|18|22,82,276730,138324,0.000296229932,0.000592459864,pass,pass,23
69221,4791546841,6|12|16|46,6|6|4|30,46,276838,138396,0.000166134555,0.000332269109,pass,pass,11
69233,4793208289,22|30|42|58,22|8|12|16,58,276874,138408,0.000209437696,0.000418875392,pass,pass,23
69239,4794039121,6|18|22|28,6|12|4|6,28,276928,138450,0.000101099092,0.000202198183,pass,pass,29
69247,4795147009,22|24|34|72,22|2|10|38,72,276916,138422,0.000259939059,0.000519878117,pass,pass,7
69257,4796532049,40|58|64|108,40|18|6|44,108,276920,138406,0.000389852289,0.000779704579,pass,pass,17
69259,4796809081,18|30|72|78,18|12|42|6,78,276958,138440,0.000281551856,0.000563103712,pass,pass,19
69263,4797363169,18|22|30|34,18|4|8|4,34,277018,138492,0.000122720644,0.000245441289,pass,pass,23
69313,4804291969,28|72|114|124,28|44|42|10,124,277128,138502,0.000447246548,0.000894493097,pass,pass,13
69317,4804846489,18|48|84|94,18|30|36|10,94,277174,138540,0.000339022173,0.000678044347,pass,pass,17
69337,4807619569,4|30|42|60,4|26|12|18,60,277288,138614,0.000216334713,0.000432669426,pass,pass,7
69341,4808174281,10|16|36|60,10|6|20|24,60,277304,138622,0.000216322234,0.000432644467,pass,pass,11
69371,4812335641,36|42|102|130,36|6|60|28,130,277354,138612,0.000468495481,0.000936990962,pass,pass,11
69379,4813445641,12|42|46|60,12|30|4|14,60,277456,138698,0.00021620375,0.000432407501,pass,pass,19
69383,4814000689,4|54|102|124,4|50|48|22,124,277408,138642,0.000446795325,0.000893590649,pass,pass,23
69389,4814833321,6|16|28|36,6|10|12|8,36,277520,138742,0.000129703555,0.000259407111,pass,pass,29
69401,4816498801,10|48|72|88,10|38|24|16,88,277516,138714,0.000316998314,0.000633996628,pass,pass,11
69403,4816776409,58|90|102|168,58|32|12|66,168,277444,138638,0.00060516116,0.00121032232,pass,pass,13
69427,4820108329,4|12|60|112,4|8|48|52,112,277596,138742,0.000403301309,0.000806602619,pass,pass,7
69431,4820663761,6|30|36|88,6|24|6|52,88,277636,138774,0.000316861344,0.000633722689,pass,pass,11
69439,4821774721,18|46|58|60,18|28|12|2,60,277696,138818,0.000216016936,0.000432033871,pass,pass,19
69457,4824274849,30|42|58|88,30|12|16|30,88,277740,138826,0.000316742733,0.000633485466,pass,pass,7
69463,4825108369,22|34|48|54,22|12|14|6,54,277798,138872,0.00019434807,0.00038869614,pass,pass,13
69467,4825664089,4|42|52|54,4|38|10|2,54,277814,138880,0.000194336879,0.000388673759,pass,pass,17
69473,4826497729,18|28|30|48,18|10|2|18,48,277844,138898,0.000172728974,0.000345457948,pass,pass,23
69481,4827609361,18|46|60|70,18|28|14|10,70,277854,138892,0.000251867417,0.000503734834,pass,pass,1
69491,4828999081,30|40|70|76,30|10|30|6,76,277888,138906,0.000273416701,0.000546833403,pass,pass,11
69493,4829277049,22|34|94|108,22|12|60|14,108,277864,138878,0.000388528341,0.000777056682,pass,pass,13
69497,4829833009,4|22|28|30,4|18|6|2,30,277958,138964,0.000107918327,0.000215836655,pass,pass,17
69499,4830111001,18|30|60|70,18|12|30|10,70,277926,138928,0.000251802184,0.000503604368,pass,pass,19
69539,4835672521,16|36|52|102,16|20|16|50,102,278054,138976,0.0003667007,0.000733401401,pass,pass,29
69557,4838176249,4|40|60|78,4|36|20|18,78,278150,139036,0.000280345616,0.000560691232,pass,pass,17
69593,4843185649,12|52|70|82,12|40|18|12,82,278290,139104,0.000294569856,0.000589139712,pass,pass,23
69623,4847362129,52|54|60|82,52|2|6|22,82,278410,139164,0.000294442928,0.000588885857,pass,pass,23
69653,4851540409,42|70|72|84,42|28|2|12,84,278528,139222,0.000301494552,0.000602989103,pass,pass,23
69661,4852654921,6|28|58|70,6|22|30|12,70,278574,139252,0.000251216606,0.000502433212,pass,pass,1
69677,4854884329,10|40|42|52,10|30|2|10,52,278656,139302,0.000186575197,0.000373150394,pass,pass,17
69691,4856835481,16|60|70|82,16|44|10|12,82,278682,139300,0.00029415563,0.00058831126,pass,pass,1
69697,4857671809,4|40|48|60,4|36|8|12,60,278728,139334,0.000215217298,0.000430434595,pass,pass,7
69709,4859344681,6|10|28|46,6|4|18|18,46,278790,139372,0.000164971524,0.000329943049,pass,pass,19
69737,4863249169,18|70|72|78,18|52|2|6,78,278870,139396,0.000279622008,0.000559244017,pass,pass,17
69739,4863528121,28|46|48|102,28|18|2|54,102,278854,139376,0.000365649063,0.000731298126,pass,pass,19
69761,4866597121,22|28|52|60,22|6|24|8,60,278984,139462,0.000215019853,0.000430039707,pass,pass,11
69763,4866876169,22|28|64|112,22|6|36|48,112,278940,139414,0.000401358887,0.000802717773,pass,pass,13
69767,4867434289,4|22|40|64,4|18|18|24,64,279004,139470,0.000229334786,0.000458669572,pass,pass,17
69779,4869108841,10|18|42|78,10|8|24|36,78,279038,139480,0.000279453704,0.000558907408,pass,pass,29
69809,4873296481,16|58|60|88,16|42|2|28,88,279148,139530,0.000315145612,0.000630291223,pass,pass,29
69821,4874972041,10|16|42|46,10|6|26|4,46,279238,139596,0.000164706893,0.000329413787,pass,pass,11
69827,4875809929,58|82|90|130,58|24|8|40,130,279178,139524,0.000465436006,0.000930872012,pass,pass,17
69829,4876089241,18|118|130|150,18|100|12|20,150,279166,139508,0.000537026164,0.001074052328,pass,pass,19
69833,4876647889,10|72|124|198,10|62|52|74,198,279134,139468,0.000708833932,0.001417667865,pass,pass,23
69847,4878603409,42|52|54|60,42|10|2|6,60,279328,139634,0.000214755108,0.000429510215,pass,pass,7
69857,4880000449,30|60|64|84,30|30|4|20,84,279344,139630,0.000300614112,0.000601228223,pass,pass,17
69859,4880279881,10|12|36|58,10|2|24|22,58,279378,139660,0.000207560944,0.000415121888,pass,pass,19
69877,4882795129,18|24|102|120,18|6|78|18,120,279388,139634,0.000429325815,0.000858651631,pass,pass,7
69899,4885870201,10|58|70|102,10|48|12|32,102,279494,139696,0.000364812086,0.000729624172,pass,pass,29
69911,4887547921,6|12|28|48,6|6|16|20,48,279596,139774,0.000171646808,0.000343293616,pass,pass,11
69929,4890065041,10|12|42|88,10|2|30|46,88,279628,139770,0.000314604813,0.000629209627,pass,pass,29
69931,4890344761,16|66|100|120,16|50|34|20,120,279604,139742,0.000428994294,0.000857988589,pass,pass,1
69941,4891743481,36|58|60|66,36|22|2|6,66,279698,139816,0.000235913127,0.000471826254,pass,pass,11
69959,4894261681,12|22|28|46,12|10|6|18,46,279790,139872,0.000164381995,0.00032876399,pass,pass,29
69991,4898740081,48|102|112|186,48|54|10|74,186,279778,139796,0.000664371133,0.001328742267,pass,pass,1
69997,4899580009,10|48|60|114,10|38|12|54,114,279874,139880,0.000407160307,0.000814320614,pass,pass,7
70001,4900140001,12|42|58|82,12|30|16|24,82,279922,139920,0.000292852959,0.000585705918,pass,pass,11
70003,4900420009,18|52|64|132,18|34|12|68,132,279880,139874,0.000471408368,0.000942816736,pass,pass,13
70009,4901260081,22|28|82|186,22|6|54|104,186,279850,139832,0.000664200317,0.001328400634,pass,pass,19
70019,4902660361,30|78|82|96,30|48|4|14,96,279980,139942,0.000342764107,0.000685528214,pass,pass,29
70039,4905461521,36|48|90|112,36|12|42|22,112,280044,139966,0.000399777267,0.000799554534,pass,pass,19
70051,4907142601,22|28|58|60,22|6|30|2,60,280144,140042,0.000214129706,0.000428259411,pass,pass,1
70061,4908543721,48|90|96|138,48|42|6|42,138,280106,139984,0.000492428027,0.000984856054,pass,pass,11
70067,4909384489,22|58|72|84,22|36|14|12,84,280184,140050,0.000299713132,0.000599426263,pass,pass,17
70079,4911066241,30|70|76|112,30|40|6|36,112,280204,140046,0.00039954908,0.000799098161,pass,pass,29
70099,4913869801,36|52|96|100,36|16|44|4,100,280296,140098,0.000356638468,0.000713276937,pass,pass,19
70111,4915552321,10|16|36|60,10|6|20|24,60,280384,140162,0.000213946456,0.000427892913,pass,pass,1
70117,4916393689,22|82|114|124,22|60|32|10,124,280344,140110,0.000442118174,0.000884236348,pass,pass,7
70121,4916954641,40|46|60|78,40|6|14|18,78,280406,140164,0.000278090729,0.000556181458,pass,pass,11
70123,4917235129,48|70|94|108,48|22|24|14,108,280384,140138,0.000385037719,0.000770075439,pass,pass,13
70139,4919479321,58|72|106|108,58|14|34|2,108,280448,140170,0.000384949885,0.00076989977,pass,pass,29
70141,4919759881,10|36|58|66,10|26|22|8,66,280498,140216,0.000235240444,0.000470480888,pass,pass,1
70157,4922004649,4|34|42|48,4|30|8|6,48,280580,140266,0.000171044942,0.000342089884,pass,pass,17
70163,4922846569,28|34|40|70,28|6|6|30,70,280582,140256,0.00024941921,0.000498838419,pass,pass,23
70177,4924811329,54|60|70|72,54|6|10|2,72,280636,140282,0.000256494293,0.000512988586,pass,pass,7
70181,4925372761,12|30|46|58,12|18|16|12,58,280666,140304,0.000206608626,0.000413217253,pass,pass,11
70183,4925653489,18|22|40|52,18|4|18|12,52,280680,140314,0.000185230041,0.000370460083,pass,pass,13
70199,4927899601,10|22|28|108,10|12|6|80,108,280688,140290,0.000384620864,0.000769241727,pass,pass,29
70201,4928180401,16|30|70|132,16|14|40|62,132,280672,140270,0.000470078774,0.000940157548,pass,pass,1
70207,4929022849,10|22|78|84,10|12|56|6,84,280744,140330,0.000299115473,0.000598230946,pass,pass,7
70223,4931269729,40|42|112|144,40|2|70|32,144,280748,140302,0.00051265255,0.001025305099,pass,pass,23
70229,4932112441,16|18|48|88,16|2|30|40,88,280828,140370,0.000313260904,0.000626521807,pass,pass,29
70237,4933236169,10|30|58|60,10|20|28|2,60,280888,140414,0.000213562652,0.000427125304,pass,pass,7
70241,4933798081,16|36|66|70,16|20|30|4,70,280894,140412,0.000249142239,0.000498284478,pass,pass,11
70249,4934922001,6|10|16|70,6|4|6|54,70,280926,140428,0.000249113866,0.000498227733,pass,pass,19
70271,4938013441,12|18|22|28,12|6|4|6,28,281056,140514,9.961435e-05,0.0001992287,pass,pass,11
70289,4940543521,6|18|28|36,6|12|10|8,36,281120,140542,0.000128042795,0.000256085589,pass,pass,29
70297,4941668209,52|60|70|78,52|8|10|8,78,281110,140516,0.000277394483,0.000554788967,pass,pass,7
70309,4943355481,10|16|28|58,10|6|12|30,58,281178,140560,0.000206232488,0.000412464976,pass,pass,19
70313,4943917969,4|34|48|82,4|30|14|34,82,281170,140544,0.000291553482,0.000583106965,pass,pass,23
70321,4945043041,66|70|78|102,66|4|8|24,102,281182,140540,0.00036262283,0.000725245659,pass,pass,1
70327,4945886929,18|22|34|70,18|4|12|36,70,281238,140584,0.000248837573,0.000497675146,pass,pass,7
70351,4949263201,12|18|58|72,12|6|40|14,72,281332,140630,0.000255859902,0.000511719805,pass,pass,1
70373,4952359129,64|90|100|120,64|26|10|20,120,281372,140626,0.000426299859,0.000852599719,pass,pass,23
70379,4953203641,18|66|72|78,18|48|6|6,78,281438,140680,0.000277071285,0.000554142571,pass,pass,29
70381,4953485161,10|30|42|60,10|20|12|18,60,281464,140702,0.000213125702,0.000426251403,pass,pass,1
70393,4955174449,4|12|30|40,4|8|18|10,40,281532,140746,0.00014205958,0.00028411916,pass,pass,13
70423,4959398929,30|42|58|130,30|12|16|72,130,281562,140716,0.000461496954,0.000922993908,pass,pass,13
70429,4960244041,12|70|96|100,12|58|26|4,100,281616,140758,0.000354967414,0.000709934828,pass,pass,19
70439,4961652721,16|36|76|132,16|20|40|56,132,281624,140746,0.000468490467,0.000936980934,pass,pass,29
70451,4963343401,58|100|148|150,58|42|48|2,150,281654,140752,0.00053228485,0.001064569701,pass,pass,11
70457,4964188849,12|42|114|124,12|30|72|10,124,281704,140790,0.000439984672,0.000879969343,pass,pass,17
70459,4964470681,18|22|36|70,18|4|14|34,70,281766,140848,0.000248371393,0.000496742787,pass,pass,19
70481,4967571361,96|102|120|180,96|6|18|60,180,281744,140782,0.000638469942,0.001276939885,pass,pass,11
70487,4968417169,4|22|24|78,4|18|2|54,78,281870,140896,0.000276646758,0.000553293515,pass,pass,17
70489,4968699121,46|106|166|178,46|60|60|12,178,281778,140800,0.000631304175,0.00126260835,pass,pass,19
70501,4970391001,16|28|36|52,16|12|8|16,52,281952,140950,0.000184394548,0.000368789095,pass,pass,1
70507,4971237049,18|30|70|78,18|12|40|8,78,281950,140936,0.000276568284,0.000553136568,pass,pass,7
70529,4974339841,30|58|72|78,30|28|14|6,78,282038,140980,0.000276482014,0.000552964029,pass,pass,29
70537,4975468369,48|78|100|114,48|30|22|14,114,282034,140960,0.000404043268,0.000808086536,pass,pass,7
70549,4977161401,10|18|42|76,10|8|24|34,76,282120,141022,0.000269316362,0.000538632723,pass,pass,19
70571,4980266041,6|28|46|48,6|22|18|2,48,282236,141094,0.000170041518,0.000340083037,pass,pass,11
70573,4980548329,12|18|30|42,12|6|12|12,42,282250,141104,0.000148782112,0.000297564224,pass,pass,13
70583,4981959889,12|18|60|70,12|6|42|10,70,282262,141096,0.000247935055,0.00049587011,pass,pass,23
70589,4982806921,16|28|46|66,16|12|18|20,66,282290,141112,0.000233747468,0.000467494935,pass,pass,29
70607,4985348449,12|22|58|70,12|10|36|12,70,282358,141144,0.00024785078,0.000495701559,pass,pass,17
70619,4987043161,18|28|150|192,18|10|122|42,192,282284,141046,0.000679703762,0.001359407525,pass,pass,29
70621,4987325641,18|60|88|130,18|42|28|42,130,282354,141112,0.000460203056,0.000920406111,pass,pass,1
70627,4988173129,34|52|64|70,34|18|12|6,70,282438,141184,0.000247780594,0.000495561188,pass,pass,7
70639,4989868321,58|76|88|96,58|18|12|8,96,282460,141182,0.000339755659,0.000679511318,pass,pass,19
70657,4992411649,4|10|64|172,4|6|54|108,172,282456,141142,0.000608573814,0.001217147629,pass,pass,7
70663,4993259569,42|48|60|70,42|6|12|10,70,282582,141256,0.000247654359,0.000495308719,pass,pass,13
70667,4993824889,34|118|120|130,34|84|2|10,130,282538,141204,0.000459903491,0.000919806982,pass,pass,17
70687,4996651969,12|22|24|52,12|10|2|28,52,282696,141322,0.000183909347,0.000367818694,pass,pass,7
70709,4999762681,6|36|46|78,6|30|10|32,78,282758,141340,0.000275778189,0.000551556379,pass,pass,29
70717,5000894089,10|22|58|142,10|12|36|84,142,282726,141292,0.000502000933,0.001004001867,pass,pass,7
70729,5002591441,60|78|96|100,60|18|18|4,100,282816,141358,0.000353461805,0.00070692361,pass,pass,19
70753,5005987009,4|22|64|100,4|18|42|36,100,282912,141406,0.000353341908,0.000706683816,pass,pass,13
70769,5008251361,10|18|28|58,10|8|10|30,58,283018,141480,0.000204891972,0.000409783945,pass,pass,29
70783,5010233089,4|154|192|232,4|150|38|40,232,282900,141334,0.00081940579,0.001638811579,pass,pass,13
70793,5011648849,28|30|48|54,28|2|18|6,54,283118,141532,0.00019069682,0.000381393641,pass,pass,23
70823,5015897329,18|24|28|108,18|6|4|80,108,283184,141538,0.000381232086,0.000762464171,pass,pass,23
70841,5018447281,18|46|78|136,18|28|32|58,136,283228,141546,0.000479948053,0.000959896105,pass,pass,11
70843,5018730649,10|22|30|64,10|12|8|34,64,283308,141622,0.000225851531,0.000451703062,pass,pass,13
70849,5019580801,30|46|60|78,30|16|14|18,78,283318,141620,0.000275233243,0.000550466485,pass,pass,19
70853,5020147609,10|24|54|64,10|14|30|10,64,283348,141642,0.000225819655,0.00045163931,pass,pass,23
70867,5022131689,18|42|82|84,18|24|40|2,84,283384,141650,0.000296329744,0.000592659489,pass,pass,7
70877,5023549129,40|54|88|100,40|14|34|12,100,283408,141654,0.000352723733,0.000705447465,pass,pass,17
70879,5023832641,10|22|46|70,10|12|24|24,70,283446,141688,0.000246899646,0.000493799292,pass,pass,19
70891,5025533881,12|58|96|106,12|46|38|10,106,283458,141676,0.000373813319,0.000747626638,pass,pass,1
70901,5026951801,40|58|72|82,40|18|14|10,82,283522,141720,0.000289135555,0.00057827111,pass,pass,11
70913,5028653569,4|58|78|84,4|54|20|6,84,283568,141742,0.000296137521,0.000592275041,pass,pass,23
70919,5029504561,70|90|102|246,70|20|12|144,246,283430,141592,0.000867186509,0.001734373017,pass,pass,29
70921,5029788241,18|22|36|46,18|4|14|10,46,283638,141796,0.000162152254,0.000324304508,pass,pass,1
70937,5032057969,24|30|42|58,24|6|12|16,58,283690,141816,0.000204406727,0.000408813454,pass,pass,17
70949,5033760601,130|132|136|156,130|2|4|20,156,283640,141742,0.000549690623,0.001099381246,pass,pass,29
70951,5034044401,12|18|28|100,12|6|10|72,100,283704,141802,0.000352355851,0.000704711702,pass,pass,1
70957,5034895849,40|54|60|70,40|14|6|10,70,283758,141844,0.00024662824,0.000493256479,pass,pass,7
70969,5036598961,10|16|18|42,10|6|2|24,42,283834,141896,0.000147951923,0.000295903845,pass,pass,19
70979,5038018441,10|78|102|112,10|68|24|10,112,283804,141846,0.000394482875,0.00078896575,pass,pass,29
70981,5038302361,42|46|58|72,42|4|12|14,72,283852,141890,0.000253588989,0.000507177977,pass,pass,1
70991,5039722081,72|106|142|148,72|34|36|6,148,283816,141834,0.000521192827,0.001042385655,pass,pass,11
70997,5040574009,52|64|132|142,52|12|68|10,142,283846,141852,0.000500021128,0.001000042255,pass,pass,17
70999,5040858001,46|76|78|82,46|30|2|4,82,283914,141916,0.000288736461,0.000577472922,pass,pass,19
71011,5042562121,72|76|90|108,72|4|14|18,108,283936,141914,0.000380222782,0.000760445565,pass,pass,1
71023,5044266529,24|40|78|102,24|16|38|24,102,283990,141944,0.000359038621,0.000718077243,pass,pass,13
71039,5046539521,90|100|190|202,90|10|90|12,202,283954,141876,0.000710877124,0.001421754248,pass,pass,29
71059,5049381481,36|42|58|100,36|6|16|42,100,284136,142018,0.000351820318,0.000703640637,pass,pass,19
71069,5050802761,42|58|70|76,42|16|12|6,76,284200,142062,0.000267345819,0.000534691638,pass,pass,29
71081,5052508561,16|22|90|102,16|6|68|12,102,284222,142060,0.000358745656,0.000717491313,pass,pass,11
71089,5053645921,10|22|58|70,10|12|36|12,70,284286,142108,0.000246170294,0.000492340587,pass,pass,19
71119,5057912161,16|52|58|70,16|36|6|12,70,284406,142168,0.000246066452,0.000492132904,pass,pass,19
71129,5059334641,18|22|30|72,18|4|8|42,72,284444,142186,0.000253061339,0.000506122679,pass,pass,29
71143,5061326449,4|28|34|40,4|24|6|6,40,284532,142246,0.000140561967,0.000281123933,pass,pass,13
71147,5061895609,40|78|84|130,40|38|6|46,130,284458,142164,0.000456800708,0.000913601417,pass,pass,17
71153,5062749409,18|48|82|84,18|30|34|2,84,284528,142222,0.000295138645,0.00059027729,pass,pass,23
71161,5063887921,36|42|52|60,36|6|10|8,60,284584,142262,0.000210789618,0.000421579236,pass,pass,1
71167,5064741889,22|34|100|120,22|12|66|20,120,284548,142214,0.000421543693,0.000843087386,pass,pass,7
71171,5065311241,18|30|70|102,18|12|40|32,102,284582,142240,0.000358292001,0.000716584002,pass,pass,11
71191,5068158481,18|58|66|126,18|40|8|60,126,284638,142256,0.000442471661,0.000884943321,pass,pass,1
71209,5070721681,88|166|190|202,88|78|24|12,202,284634,142216,0.000709180019,0.001418360039,pass,pass,19
71233,5074140289,4|12|30|78,4|8|18|48,78,284854,142388,0.000273749526,0.000547499052,pass,pass,13
71237,5074710169,18|22|42|48,18|4|20|6,48,284900,142426,0.000168451788,0.000336903575,pass,pass,17
71249,5076420001,6|28|52|66,6|22|24|14,66,284930,142432,0.000231582198,0.000463164395,pass,pass,29
71257,5077560049,18|34|48|58,18|16|14|10,58,284970,142456,0.00020348878,0.00040697756,pass,pass,7
71261,5078130121,10|16|22|82,10|6|6|60,82,284962,142440,0.000287674885,0.000575349771,pass,pass,11
71263,5078415169,24|42|60|94,24|18|18|34,94,284958,142432,0.000329764394,0.000659528788,pass,pass,13
71287,5081836369,24|30|54|58,24|6|24|4,58,285090,142516,0.000203403145,0.00040680629,pass,pass,7
71293,5082691849,22|34|48|72,22|12|14|24,72,285100,142514,0.000252479206,0.000504958411,pass,pass,13
71317,5086114489,54|60|84|100,54|6|24|16,100,285168,142534,0.000350547555,0.000701095111,pass,pass,7
71327,5087540929,22|52|70|78,22|30|18|8,78,285230,142576,0.000273388759,0.000546777518,pass,pass,17
71329,5087826241,28|36|66|70,28|8|30|4,70,285246,142588,0.000245342007,0.000490684014,pass,pass,19
71333,5088396889,10|30|42|60,10|20|12|18,60,285272,142606,0.000210281356,0.000420562713,pass,pass,23
71339,5089252921,16|46|58|100,16|30|12|42,100,285256,142578,0.000350439451,0.000700878902,pass,pass,29
71341,5089538281,6|76|112|120,6|70|36|8,120,285244,142562,0.000420515552,0.000841031104,pass,pass,1
71347,5090394409,42|52|60|100,42|10|8|40,100,285288,142594,0.000350400157,0.000700800314,pass,pass,7
71353,5091250609,54|78|84|100,54|24|6|16,100,285312,142606,0.000350370692,0.000700741384,pass,pass,13
71359,5092106881,52|58|78|82,52|6|20|4,82,285354,142636,0.000287279811,0.000574559621,pass,pass,19
71363,5092677769,28|54|130|174,28|26|76|44,174,285278,142552,0.000609559576,0.001219119151,pass,pass,23
71387,5096103769,40|54|78|84,40|14|24|6,84,285464,142690,0.000294171208,0.000588342415,pass,pass,17
71389,5096389321,36|90|118|132,36|54|28|14,132,285424,142646,0.00046225609,0.00092451218,pass,pass,19
71399,5097817201,22|46|60|100,22|24|14|40,100,285496,142698,0.00035014496,0.00070028992,pass,pass,29
71411,5099530921,16|58|70|148,16|42|12|78,148,285496,142674,0.000518127459,0.001036254919,pass,pass,11
71413,5099816569,22|64|78|82,22|42|14|4,82,285570,142744,0.00028706258,0.000574125159,pass,pass,13
71419,5100673561,12|36|46|60,12|24|10|14,60,285616,142778,0.000210028144,0.000420056288,pass,pass,19
71429,5102102041,10|28|58|70,10|18|30|12,70,285646,142788,0.00024499853,0.00048999706,pass,pass,29
71437,5103244969,54|60|64|72,54|6|4|8,72,285676,142802,0.000251970268,0.000503940535,pass,pass,7
71443,5104102249,12|64|78|102,12|52|14|24,102,285670,142784,0.000356927901,0.000713855801,pass,pass,13
71453,5105531209,18|34|60|70,18|16|26|10,70,285742,142836,0.000244916239,0.000489832477,pass,pass,23
71471,5108103841,22|40|60|126,22|18|20|66,126,285758,142816,0.000440738202,0.000881476403,pass,pass,11
71473,5108389729,24|72|112|130,24|48|40|18,130,285762,142816,0.000454717166,0.000909434332,pass,pass,13
71479,5109247441,28|58|70|78,28|30|12|8,78,285838,142880,0.000272807398,0.000545614796,pass,pass,19
71483,5109819289,120|150|154|168,120|30|4|14,168,285764,142798,0.000587552285,0.00117510457,pass,pass,23
71503,5112679009,22|48|64|102,22|26|16|38,102,285910,142904,0.000356628393,0.000713256786,pass,pass,13
71527,5116111729,28|40|102|114,28|12|62|12,114,285994,142940,0.000398450935,0.000796901869,pass,pass,7
71537,5117542369,30|78|88|154,30|48|10|66,154,285994,142920,0.000538183038,0.001076366076,pass,pass,17
71549,5119259401,16|42|48|58,16|26|6|10,58,286138,143040,0.000202658318,0.000405316636,pass,pass,29
71551,5119545601,16|102|126|148,16|86|24|22,148,286056,142954,0.000517113667,0.001034227334,pass,pass,1
71563,5121262969,42|114|120|124,42|72|6|4,124,286128,143002,0.000433184746,0.000866369493,pass,pass,13
71569,5122121761,28|30|58|82,28|2|28|24,82,286194,143056,0.000286436865,0.00057287373,pass,pass,19
71593,5125557649,4|42|58|88,4|38|16|30,88,286284,143098,0.000307292612,0.000614585225,pass,pass,13
71597,5126130409,22|28|78|112,22|6|50|34,112,286276,143082,0.000391077838,0.000782155677,pass,pass,17
71633,5131286689,28|58|70|112,28|30|12|42,112,286420,143154,0.000390881298,0.000781762595,pass,pass,23
71647,5133292609,54|84|100|120,54|30|16|20,120,286468,143174,0.000418719556,0.000837439111,pass,pass,7
71663,5135585569,10|24|30|52,10|14|6|22,52,286600,143274,0.00018140463,0.00036280926,pass,pass,23
71671,5136732241,28|82|130|142,28|54|48|12,142,286542,143200,0.000495318888,0.000990637775,pass,pass,1
71693,5139886249,108|130|144|198,108|22|14|54,198,286574,143188,0.000690443976,0.001380887953,pass,pass,23
71699,5140746601,18|60|72|90,18|42|12|18,90,286706,143308,0.000313811908,0.000627623816,pass,pass,29
71707,5141893849,4|24|28|138,4|20|4|110,138,286690,143276,0.000481124576,0.000962249153,pass,pass,7
71711,5142467521,48|88|90|130,48|40|2|40,130,286714,143292,0.000453208016,0.000906416031,pass,pass,11
71713,5142754369,12|30|58|64,12|18|28|6,64,286788,143362,0.00022311157,0.000446223139,pass,pass,13
71719,5143614961,46|66|118|148,46|20|52|30,148,286728,143290,0.000515902341,0.001031804682,pass,pass,19
71741,5146771081,22|60|88|102,22|38|28|14,102,286862,143380,0.000355445282,0.000710890565,pass,pass,11
71761,5149641121,16|48|58|60,16|32|10|2,60,286984,143462,0.000209027187,0.000418054375,pass,pass,1
71777,5151937729,52|58|60|78,52|6|2|18,78,287030,143476,0.00027167477,0.000543349541,pass,pass,17
71789,5153660521,18|22|42|126,18|4|20|84,126,287030,143452,0.000438785886,0.000877571773,pass,pass,29
71807,5156245249,12|30|52|58,12|18|22|6,58,287170,143556,0.000201930174,0.000403860348,pass,pass,17
71809,5156532481,6|28|52|102,6|22|24|50,102,287134,143516,0.000355108691,0.000710217382,pass,pass,19
71821,5158256041,60|78|96|100,60|18|18|4,100,287184,143542,0.000348087607,0.000696175213,pass,pass,1
71837,5160554569,18|52|78|84,18|34|26|6,84,287264,143590,0.000292328466,0.000584656932,pass,pass,17
71843,5161416649,4|12|58|78,4|8|46|20,78,287294,143608,0.000271425191,0.000542850382,pass,pass,23
71849,5162278801,28|40|66|88,28|12|26|22,88,287308,143610,0.00030619772,0.00061239544,pass,pass,29
71861,5164003321,46|60|66|72,46|14|6|6,72,287372,143650,0.000250483572,0.000500967145,pass,pass,11
71867,5164865689,60|64|84|100,60|4|20|16,100,287368,143634,0.000347864806,0.000695729612,pass,pass,17
71879,5166590641,28|66|70|106,28|38|4|36,106,287410,143652,0.000368675135,0.000737350269,pass,pass,29
71881,5166878161,46|78|90|118,46|32|12|28,118,287406,143644,0.000410400523,0.000820801046,pass,pass,1
71887,5167740769,34|60|64|72,34|26|4|8,72,287476,143702,0.000250392978,0.000500785956,pass,pass,7
71899,5169466201,18|28|30|42,18|10|2|12,42,287554,143756,0.000146038192,0.000292076385,pass,pass,19
71909,5170904281,30|58|60|70,30|28|2|10,70,287566,143748,0.00024336314,0.000486726279,pass,pass,29
71917,5172054889,28|42|58|100,28|14|16|42,100,287568,143734,0.000347622954,0.000695245908,pass,pass,7
71933,5174356489,22|84|120|180,22|62|36|60,180,287552,143686,0.000625582139,0.001251164278,pass,pass,23
71941,5175507481,30|58|70|88,30|28|12|18,88,287676,143794,0.000305806147,0.000611612293,pass,pass,1
71947,5176370809,4|12|82|124,4|8|70|42,124,287664,143770,0.000430872726,0.000861745452,pass,pass,7
71963,5178673369,4|22|72|78,4|18|50|6,78,287774,143848,0.000270972583,0.000541945166,pass,pass,23
71971,5179824841,6|16|48|58,6|10|32|10,58,287826,143884,0.000201470037,0.000402940073,pass,pass,1
71983,5181552289,18|28|82|90,18|10|54|8,90,287842,143876,0.000312573802,0.000625147604,pass,pass,13
71987,5182128169,28|82|84|88,28|54|2|4,88,287860,143886,0.000305610735,0.000611221471,pass,pass,17
71993,5182992049,120|144|154|160,120|24|10|6,160,287812,143826,0.000555609573,0.001111219146,pass,pass,23
71999,5183856001,58|60|76|112,58|2|16|36,112,287884,143886,0.00038889429,0.00077778858,pass,pass,29
72019,5186736361,46|60|66|76,46|14|6|10,76,288000,143962,0.00026381927,0.00052763854,pass,pass,19
72031,5188464961,12|16|18|36,12|4|2|18,36,288088,144026,0.000124946204,0.000249892407,pass,pass,1
72043,5190193849,10|18|60|100,10|8|42|40,100,288072,143986,0.000347014977,0.000694029954,pass,pass,13
72047,5190770209,4|34|72|120,4|30|38|48,120,288068,143974,0.000416394853,0.000832789707,pass,pass,17
72053,5191634809,4|28|180|238,4|24|152|58,238,287974,143868,0.000825781022,0.001651562045,pass,pass,23
72073,5194517329,30|60|84|94,30|30|24|10,94,288198,144052,0.000326058302,0.000652116604,pass,pass,13
72077,5195093929,12|18|64|72,12|6|46|8,72,288236,144082,0.000249732925,0.000499465849,pass,pass,17
72089,5196823921,22|42|100|108,22|20|58|8,108,288248,144070,0.000374537031,0.000749074061,pass,pass,29
72091,5197112281,60|82|106|148,60|22|24|42,148,288216,144034,0.00051324021,0.001026480421,pass,pass,1
72101,5198554201,12|148|162|190,12|136|14|28,190,288214,144012,0.000658798075,0.00131759615,pass,pass,11
72103,5198842609,10|24|30|90,10|14|6|60,90,288322,144116,0.00031205359,0.00062410718,pass,pass,13
72109,5199707881,18|78|90|96,18|60|12|6,96,288340,144122,0.000332829467,0.000665658933,pass,pass,19
72139,5204035321,36|42|46|52,36|6|4|6,52,288504,144226,0.000180207655,0.000360415309,pass,pass,19
72161,5207209921,30|46|70|82,30|16|24|12,82,288562,144240,0.000284086972,0.000568173944,pass,pass,11
72167,5208075889,52|90|162|198,52|38|72|36,198,288470,144136,0.000685909072,0.001371818144,pass,pass,17
72169,5208364561,10|28|58|66,10|18|30|8,66,288610,144272,0.000228630021,0.000457260042,pass,pass,19
72173,5208941929,10|24|60|64,10|14|36|4,64,288628,144282,0.000221689551,0.000443379103,pass,pass,23
72211,5214428521,46|52|58|66,46|6|6|8,66,288778,144356,0.000228497043,0.000456994087,pass,pass,1
72221,5215872841,46|48|78|126,46|2|30|48,126,288758,144316,0.000436161227,0.000872322455,pass,pass,11
72223,5216161729,4|18|48|88,4|14|30|40,88,288804,144358,0.000304612104,0.000609224208,pass,pass,13
72227,5216739529,60|70|78|94,60|10|8|16,94,288814,144360,0.000325363091,0.000650726183,pass,pass,17
72229,5217028441,48|60|66|78,48|12|6|12,78,288838,144380,0.000269974664,0.000539949328,pass,pass,19
72251,5220207001,18|22|72|76,18|4|50|4,76,288928,144426,0.000262972139,0.000525944278,pass,pass,11
72253,5220496009,18|58|70|114,18|40|12|44,114,288898,144392,0.000394447289,0.000788894579,pass,pass,13
72269,5222808361,12|58|70|78,12|46|12|8,78,288998,144460,0.000269825236,0.000539650473,pass,pass,29
72271,5223097441,6|16|60|66,6|10|44|6,66,289018,144476,0.000228307343,0.000456614686,pass,pass,1
72277,5223964729,34|84|88|124,34|50|4|36,124,288984,144430,0.000428905461,0.000857810922,pass,pass,7
72287,5225410369,4|58|60|78,4|54|2|18,78,289070,144496,0.000269758048,0.000539516096,pass,pass,17
72307,5228302249,10|22|42|52,10|12|20|10,52,289176,144562,0.000179788955,0.000359577911,pass,pass,7
72313,5229169969,28|52|58|88,28|24|6|30,88,289164,144538,0.000304232987,0.000608465974,pass,pass,13
72337,5232641569,4|18|72|108,4|14|54|36,108,289240,144566,0.000373252969,0.000746505937,pass,pass,7
72341,5233220281,16|18|46|58,16|2|28|12,58,289306,144624,0.000200439585,0.000400879169,pass,pass,11
72353,5234956609,64|72|114|142,64|8|42|28,142,289270,144564,0.000490650008,0.000981300015,pass,pass,23
72367,5236982689,4|24|42|52,4|20|18|10,52,289416,144682,0.000179639891,0.000359279782,pass,pass,7
72379,5238719641,30|60|78|106,30|30|18|28,106,289410,144652,0.000366128297,0.000732256594,pass,pass,19
72383,5239298689,22|30|48|52,22|8|18|4,52,289480,144714,0.000179600182,0.000359200365,pass,pass,23
72421,5244801241,28|30|96|106,28|2|66|10,106,289578,144736,0.000365915964,0.000731831927,pass,pass,1
72431,5246249761,18|36|70|96,18|18|34|26,96,289628,144766,0.000331349836,0.000662699673,pass,pass,11
72461,5250596521,30|46|58|60,30|16|12|2,60,289784,144862,0.000207007908,0.000414015815,pass,pass,11
72467,5251466089,24|30|48|78,24|6|18|30,78,289790,144856,0.000269087999,0.000538175997,pass,pass,17
72469,5251755961,28|36|58|70,28|8|22|12,70,289806,144868,0.000241482565,0.00048296513,pass,pass,19
72481,5253495361,6|10|30|46,6|4|20|16,46,289878,144916,0.00015866227,0.00031732454,pass,pass,1
72493,5255235049,10|58|70|72,10|48|12|2,72,289900,144914,0.000248299836,0.000496599672,pass,pass,13
72497,5255815009,34|48|54|70,34|14|6|16,70,289918,144924,0.000241389299,0.000482778598,pass,pass,17
72503,5256685009,24|28|42|102,24|4|14|60,102,289910,144904,0.000351709584,0.000703419169,pass,pass,23
72533,5261036089,4|12|24|28,4|8|12|4,28,290104,145038,9.6507796e-05,0.000193015593,pass,pass,23
72547,5263067209,12|22|54|64,12|10|32|10,64,290124,145030,0.00022054668,0.00044109336,pass,pass,7
72551,5263647601,10|46|58|120,10|36|12|62,120,290084,144982,0.000413502226,0.000827004452,pass,pass,11
72559,5264808481,58|66|78|142,58|8|12|64,142,290094,144976,0.000489257018,0.000978514037,pass,pass,19
72577,5267420929,58|84|94|108,58|26|10|14,108,290200,145046,0.000372018684,0.000744037367,pass,pass,7
72613,5272647769,64|72|82|102,64|8|10|20,102,290350,145124,0.000351176787,0.000702353573,pass,pass,13
72617,5273228689,24|78|82|84,24|54|4|2,84,290384,145150,0.000289188482,0.000578376964,pass,pass,17
72623,5274100129,4|18|34|58,4|14|16|24,58,290434,145188,0.000199661264,0.000399322529,pass,pass,23
72643,5277005449,18|28|48|108,18|10|20|60,108,290464,145178,0.000371680685,0.00074336137,pass,pass,13
72647,5277586609,12|18|28|72,12|6|10|44,72,290516,145222,0.00024777348,0.00049554696,pass,pass,17
72649,5277877201,6|18|22|36,6|12|4|14,36,290560,145262,0.000123883329,0.000247766659,pass,pass,19
72661,5279620921,12|18|28|66,12|6|10|38,66,290578,145256,0.000227081928,0.000454163857,pass,pass,1
72671,5281074241,46|72|76|108,46|26|4|32,108,290576,145234,0.000371537477,0.000743074954,pass,pass,11
72673,5281364929,22|40|42|54,22|18|2|12,54,290638,145292,0.000185763626,0.000371527252,pass,pass,13
72679,5282237041,6|28|30|58,6|22|2|28,58,290658,145300,0.000199507423,0.000399014846,pass,pass,19
72689,5283690721,18|28|30|46,18|10|2|16,46,290710,145332,0.000158208257,0.000316416514,pass,pass,29
72701,5285435401,16|52|60|108,16|36|8|48,108,290696,145294,0.000371384163,0.000742768325,pass,pass,11
72707,5286307849,34|54|84|114,34|20|30|30,114,290714,145300,0.000391984266,0.000783968531,pass,pass,17
72719,5288052961,6|10|22|28,6|4|12|6,28,290848,145410,9.626095e-05,0.000192521899,pass,pass,29
72727,5289216529,28|64|90|112,28|36|26|22,112,290796,145342,0.000385001444,0.000770002888,pass,pass,7
72733,5290089289,4|42|60|90,4|38|18|30,90,290842,145376,0.000309350639,0.000618701277,pass,pass,13
72739,5290962121,58|78|100|106,58|20|22|6,106,290850,145372,0.000364316254,0.000728632508,pass,pass,19
72763,5294454169,28|30|58|78,28|2|28|20,78,290974,145448,0.000267993348,0.000535986697,pass,pass,13
72767,5295036289,28|54|64|82,28|26|10|18,82,290986,145452,0.00028172111,0.00056344222,pass,pass,17
72797,5299403209,28|52|60|78,28|24|8|18,78,291110,145516,0.000267868181,0.000535736363,pass,pass,17
72817,5302315489,30|60|64|94,30|30|4|30,94,291174,145540,0.000322726836,0.000645453672,pass,pass,7
72823,5303189329,28|48|58|64,28|20|10|6,64,291228,145582,0.000219710806,0.000439421611,pass,pass,13
72859,5308433881,28|58|66|72,28|30|8|6,72,291364,145646,0.000247052526,0.000494105052,pass,pass,19
72869,5309891161,18|72|82|100,18|54|10|18,100,291376,145638,0.00034308142,0.00068616284,pass,pass,29
72871,5310182641,36|60|102|136,36|24|42|34,136,291348,145606,0.000466577925,0.000933155851,pass,pass,1
72883,5311931689,12|54|60|72,12|42|6|12,72,291460,145694,0.000246971173,0.000493942346,pass,pass,13
72889,5312806321,12|28|40|72,12|16|12|32,72,291484,145706,0.000246950843,0.000493901686,pass,pass,19
72893,5313389449,4|40|70|84,4|36|30|14,84,291488,145702,0.000288093507,0.000576187014,pass,pass,23
72901,5314555801,10|16|22|48,10|6|6|26,48,291556,145754,0.000164606796,0.000329213591,pass,pass,1
72907,5315430649,12|34|48|64,12|22|14|16,64,291564,145750,0.000219457665,0.00043891533,pass,pass,7
72911,5316013921,10|28|58|60,10|18|30|2,60,291584,145762,0.000205730274,0.000411460548,pass,pass,11
72923,5317763929,22|24|78|90,22|2|54|12,90,291602,145756,0.000308544629,0.000617089259,pass,pass,23
72931,5318930761,28|36|40|70,28|8|4|30,70,291654,145792,0.000239952832,0.000479905664,pass,pass,1
72937,5319805969,4|10|24|100,4|6|14|76,100,291648,145774,0.000342761561,0.000685523123,pass,pass,7
72949,5321556601,6|58|60|106,6|52|2|46,106,291690,145792,0.000363267488,0.000726534976,pass,pass,19
72953,5322140209,18|40|88|112,18|22|48|24,112,291700,145794,0.000383808754,0.000767617507,pass,pass,23
72959,5323015681,36|48|58|76,36|12|10|18,76,291760,145842,0.000260420236,0.000520840472,pass,pass,29
72973,5325058729,12|22|28|48,12|10|6|20,48,291844,145898,0.000164444384,0.000328888767,pass,pass,13
72977,5325642529,4|30|54|64,4|26|24|10,64,291844,145890,0.00021924716,0.00043849432,pass,pass,17
72997,5328562009,24|82|108|114,24|58|26|6,114,291874,145880,0.000390427004,0.000780854008,pass,pass,7
73009,5330314081,22|72|78|136,22|50|6|58,136,291900,145882,0.00046569601,0.00093139202,pass,pass,19
73013,5330898169,72|88|90|94,72|16|2|4,94,291958,145932,0.000321860491,0.000643720981,pass,pass,23
73019,5331774361,28|58|82|172,28|30|24|90,172,291904,145866,0.000588887824,0.001177775647,pass,pass,29
73037,5334403369,42|58|64|138,42|16|6|74,138,292010,145936,0.000472363323,0.000944726645,pass,pass,17
73039,5334695521,18|78|96|108,18|60|18|12,108,292048,145970,0.000369665521,0.000739331042,pass,pass,19
73043,5335279849,40|42|60|118,40|2|18|58,118,292054,145968,0.000403871692,0.000807743384,pass,pass,23
73061,5337909721,18|22|30|48,18|4|8|18,48,292196,146074,0.000164246315,0.000328492629,pass,pass,11
73063,5338201969,24|48|58|64,24|24|10|6,64,292188,146062,0.000218989092,0.000437978183,pass,pass,13
73079,5340540241,66|88|150|178,66|22|62|28,178,292138,145980,0.000608930062,0.001217860124,pass,pass,29
73091,5342294281,30|36|42|46,30|6|6|4,46,292318,146136,0.000157338113,0.000314676226,pass,pass,11
73121,5346680641,40|102|106|108,40|62|4|2,108,292376,146134,0.000369250968,0.000738501935,pass,pass,11
73127,5347558129,30|40|72|78,30|10|32|6,78,292430,146176,0.000266659373,0.000533318747,pass,pass,17
73133,5348435689,42|48|88|90,42|6|40|2,90,292442,146176,0.000307658649,0.000615317299,pass,pass,23
73141,5349605881,28|76|96|100,28|48|20|4,100,292464,146182,0.000341805554,0.000683611107,pass,pass,1
73181,5355458761,6|28|60|70,6|22|32|10,70,292654,146292,0.000239133108,0.000478266217,pass,pass,11
73189,5356629721,10|16|46|48,10|6|30|2,48,292708,146330,0.000163959065,0.00032791813,pass,pass,19
73237,5363658169,4|28|52|64,4|24|24|12,64,292884,146410,0.000218468807,0.000436937614,pass,pass,7
73243,5364537049,4|22|28|112,4|18|6|84,112,292860,146374,0.000382289092,0.000764578185,pass,pass,13
73259,5366881081,22|42|102|112,22|20|60|10,112,292924,146406,0.000382205599,0.000764411199,pass,pass,29
73277,5369518729,24|42|94|100,24|18|52|6,100,293008,146454,0.000341171172,0.000682342345,pass,pass,17
73291,5371570681,16|36|46|70,16|20|10|24,70,293094,146512,0.000238774201,0.000477548403,pass,pass,1
73303,5373329809,22|60|78|100,22|38|18|22,100,293112,146506,0.000341050162,0.000682100323,pass,pass,13
73309,5374209481,12|58|82|132,12|46|24|50,132,293104,146486,0.000450149368,0.000900298735,pass,pass,19
73327,5376848929,34|58|70|88,34|24|12|18,88,293220,146566,0.000300025911,0.000600051823,pass,pass,7
73331,5377435561,40|58|60|72,40|18|2|12,72,293252,146590,0.000245462356,0.000490924711,pass,pass,11
73351,5380369201,22|48|60|70,22|26|12|10,70,293334,146632,0.000238578888,0.000477157776,pass,pass,1
73361,5381836321,10|16|30|36,10|6|14|6,36,293408,146686,0.000122680989,0.000245361977,pass,pass,11
73363,5382129769,30|42|48|90,30|12|6|42,90,293362,146636,0.00030669411,0.00061338822,pass,pass,13
73369,5383010161,18|36|40|78,18|18|4|38,78,293398,146660,0.000265779825,0.000531559651,pass,pass,19
73379,5384477641,28|48|88|100,28|20|40|12,100,293416,146658,0.00034069693,0.000681393859,pass,pass,29
73387,5385651769,4|28|72|78,4|24|44|6,78,293470,146696,0.000265714636,0.000531429272,pass,pass,7
73417,5390055889,4|58|72|108,4|54|14|36,108,293560,146726,0.000367762235,0.00073552447,pass,pass,7
73421,5390643241,58|100|118|120,58|42|18|2,120,293564,146722,0.000408602443,0.000817204887,pass,pass,11
73433,5392405489,18|22|30|52,18|4|8|22,52,293680,146814,0.000177032125,0.000354064249,pass,pass,23
73453,5395343209,40|58|60|88,40|18|2|28,88,293724,146818,0.000299511252,0.000599022504,pass,pass,13
73459,5396224681,16|28|42|58,16|12|14|16,58,293778,146860,0.00019738902,0.000394778039,pass,pass,19
73471,5397987841,22|46|100|120,22|24|54|20,120,293764,146822,0.000408324373,0.000816648746,pass,pass,1
73477,5398869529,18|34|40|48,18|16|6|8,48,293860,146906,0.000163316412,0.000326632824,pass,pass,7
73483,5399751289,28|60|100|118,28|32|40|18,118,293814,146848,0.000401453397,0.000802906795,pass,pass,13
73517,5404749289,30|52|64|84,30|22|12|20,84,293984,146950,0.000285648217,0.000571296435,pass,pass,17
73523,5405631529,4|60|82|90,4|56|22|8,90,294002,146956,0.000306026686,0.000612053371,pass,pass,23
73529,5406513841,10|16|78|82,10|6|62|4,82,294034,146976,0.000278801561,0.000557603123,pass,pass,29
73547,5409161209,4|40|70|84,4|36|30|14,84,294104,147010,0.000285531701,0.000571063402,pass,pass,17
73553,5410043809,4|34|52|70,4|30|18|18,70,294142,147036,0.000237923674,0.000475847348,pass,pass,23
73561,5411220721,60|70|76|82,60|10|6|6,82,294162,147040,0.000278680279,0.000557360558,pass,pass,1
73571,5412692041,16|28|30|78,16|12|2|48,78,294206,147064,0.000265050088,0.000530100175,pass,pass,11
73583,5414457889,24|42|58|130,24|18|16|72,130,294202,147036,0.000441678105,0.00088335621,pass,pass,23
73589,5415340921,60|82|100|106,60|22|18|6,106,294250,147072,0.000360108168,0.000720216337,pass,pass,29
73597,5416518409,12|64|70|82,12|52|6|12,82,294306,147112,0.000278543962,0.000557087925,pass,pass,7
73607,5417990449,28|54|60|82,28|26|6|22,82,294346,147132,0.00027850612,0.000557012241,pass,pass,17
73609,5418284881,60|70|72|78,60|10|2|6,78,294358,147140,0.000264913258,0.000529826516,pass,pass,19
73613,5418873769,40|70|72|138,40|30|2|66,138,294314,147088,0.000468667219,0.000937334438,pass,pass,23
73637,5422407769,10|58|72|100,10|48|14|28,100,294448,147174,0.000339503239,0.000679006478,pass,pass,17
73643,5423291449,10|64|108|130,10|54|44|22,130,294442,147156,0.000441318252,0.000882636503,pass,pass,23
73651,5424469801,28|48|58|66,28|20|10|8,66,294538,147236,0.000224029545,0.000448059089,pass,pass,1
73673,5427710929,42|64|132|174,42|22|68|42,174,294518,147172,0.000590446975,0.00118089395,pass,pass,23
73679,5428595041,22|42|46|106,22|20|4|60,106,294610,147252,0.000359668291,0.000719336582,pass,pass,29
73681,5428889761,16|28|70|78,16|12|42|8,78,294646,147284,0.000264654389,0.000529308777,pass,pass,1
73693,5430658249,24|34|58|70,24|10|24|12,70,294702,147316,0.000237471673,0.000474943346,pass,pass,13
73699,5431542601,6|28|108|118,6|22|80|10,118,294678,147280,0.000400276802,0.000800553603,pass,pass,19
73709,5433016681,60|82|112|192,60|22|30|80,192,294644,147226,0.000651209486,0.001302418972,pass,pass,29
73721,5434785841,30|42|60|156,30|12|18|96,156,294728,147286,0.000529021581,0.001058043163,pass,pass,11
73727,5435670529,22|28|60|70,22|6|32|10,70,294838,147384,0.00023736216,0.000474724321,pass,pass,17
73751,5439210001,52|66|82|112,52|14|16|30,112,294892,147390,0.000379655869,0.000759311738,pass,pass,11
73757,5440095049,54|70|72|112,54|16|2|40,112,294916,147402,0.000379624985,0.000759249969,pass,pass,17
73771,5442160441,6|16|70|100,6|10|54|30,100,294984,147442,0.000338886554,0.000677773109,pass,pass,1
73783,5443931089,24|58|60|72,24|34|2|12,72,295060,147494,0.000243958635,0.000487917271,pass,pass,13
73819,5449244761,42|46|48|70,42|4|2|22,70,295206,147568,0.000237066338,0.000474132676,pass,pass,19
73823,5449835329,28|52|60|64,28|24|8|4,64,295228,147582,0.000216734622,0.000433469244,pass,pass,23
73847,5453379409,24|30|60|112,24|6|30|52,112,295276,147582,0.000379162322,0.000758324644,pass,pass,17
73849,5453674801,12|40|46|72,12|28|6|26,72,295324,147626,0.000243740606,0.000487481212,pass,pass,19
73859,5455151881,6|22|28|36,6|16|6|8,36,295400,147682,0.000121853803,0.000243707605,pass,pass,29
73867,5456333689,4|10|48|78,4|6|38|30,78,295390,147656,0.000263987978,0.000527975957,pass,pass,7
73877,5457811129,18|52|58|112,18|34|6|54,112,295396,147642,0.000379008352,0.000758016703,pass,pass,17
73883,5458697689,4|18|22|34,4|14|4|12,34,295498,147732,0.000115046763,0.000230093526,pass,pass,23
73897,5460766609,28|60|114|130,28|32|54|16,130,295458,147664,0.000439801345,0.00087960269,pass,pass,7
73907,5462244649,24|30|60|102,24|6|30|42,102,295526,147712,0.000345028211,0.000690056422,pass,pass,17
73939,5466975721,36|78|88|120,36|42|10|32,120,295636,147758,0.000405739867,0.000811479733,pass,pass,19
73943,5467567249,28|34|58|82,28|6|24|24,82,295690,147804,0.000277240577,0.000554481154,pass,pass,23
73951,5468750401,6|22|52|112,6|16|30|60,112,295692,147790,0.000378629092,0.000757258184,pass,pass,1
73961,5470229521,12|16|28|52,12|4|12|24,52,295792,147870,0.00017576831,0.000351536621,pass,pass,11
73973,5472004729,24|58|60|72,24|34|2|12,72,295820,147874,0.000243332027,0.000486664053,pass,pass,23
73999,5475852001,16|48|100|118,16|32|52|18,118,295878,147880,0.000398654036,0.000797308072,pass,pass,19
74017,5478516289,12|24|58|70,12|12|34|12,70,295998,147964,0.000236432171,0.000472864342,pass,pass,7
74021,5479108441,16|22|28|136,16|6|6|108,136,295948,147906,0.000459329109,0.000918658219,pass,pass,11
74027,5479996729,18|22|28|54,18|4|6|26,54,296054,148000,0.000182365894,0.000364731787,pass,pass,17
74047,5482958209,54|78|82|100,54|24|4|18,100,296088,147994,0.000337623401,0.000675246803,pass,pass,7
74051,5483550601,40|42|46|48,40|2|4|2,48,296156,148054,0.000162050479,0.000324100957,pass,pass,11
74071,5486513041,70|88|118|126,70|18|30|8,126,296158,148016,0.000425267649,0.000850535297,pass,pass,1
74077,5487401929,18|42|100|118,18|24|58|18,118,296190,148036,0.00039823427,0.000796468539,pass,pass,7
74093,5489772649,28|30|40|48,28|2|10|8,48,296324,148138,0.00016195862,0.000323917239,pass,pass,23
74099,5490661801,6|60|118|148,6|54|58|30,148,296248,148050,0.000499331975,0.00099866395,pass,pass,29
74101,5490958201,16|36|40|46,16|20|4|6,46,296358,148156,0.000155193587,0.000310387174,pass,pass,1
74131,5495405161,52|102|112|120,52|50|10|8,120,296404,148142,0.000404688997,0.000809377993,pass,pass,1
74143,5497184449,22|40|52|54,22|18|12|2,54,296518,148232,0.000182080574,0.000364161148,pass,pass,13
74149,5498074201,6|46|112|118,6|40|66|6,118,296478,148180,0.000397847577,0.000795695154,pass,pass,19
74159,5499557281,36|40|52|58,36|4|12|6,58,296578,148260,0.00019552583,0.000391051659,pass,pass,29
74161,5499853921,6|30|46|118,6|24|16|72,118,296526,148204,0.000397783201,0.000795566403,pass,pass,1
74167,5500743889,40|42|60|82,40|2|18|22,82,296586,148252,0.000276403252,0.000552806504,pass,pass,7
74177,5502227329,22|30|34|58,22|8|4|24,58,296650,148296,0.000195478383,0.000390956766,pass,pass,17
74189,5504007721,18|36|60|66,18|18|24|6,66,296690,148312,0.000222404939,0.000444809877,pass,pass,29
74197,5505194809,70|88|90|168,70|18|2|78,168,296620,148226,0.000566060622,0.001132121245,pass,pass,7
74201,5505788401,10|22|66|112,10|12|44|46,112,296692,148290,0.000377353405,0.00075470681,pass,pass,11
74203,5506085209,42|48|58|70,42|6|10|12,70,296742,148336,0.000235839521,0.000471679043,pass,pass,13
74209,5506975681,12|22|72|76,12|10|50|4,76,296760,148342,0.000256033635,0.000512067269,pass,pass,19
74219,5508459961,12|78|132|138,12|66|54|6,138,296738,148300,0.000464840539,0.000929681079,pass,pass,29
74231,5510241361,16|48|58|88,16|32|10|30,88,296836,148374,0.000296372136,0.000592744271,pass,pass,11
74257,5514102049,40|52|78|112,40|12|26|34,112,296916,148402,0.000377068829,0.000754137657,pass,pass,7
74279,5517369841,42|58|70|78,42|16|12|8,78,297038,148480,0.000262523728,0.000525047456,pass,pass,29
74287,5518558369,4|64|84|100,4|60|20|16,100,297048,148474,0.000336532637,0.000673065274,pass,pass,7
74293,5519449849,12|58|64|72,12|46|6|8,72,297100,148514,0.00024228393,0.00048456786,pass,pass,13
74297,5520044209,12|18|40|42,12|6|22|2,42,297146,148552,0.000141324683,0.000282649367,pass,pass,17
74311,5522124721,10|102|106|112,10|92|4|6,112,297132,148510,0.000376794822,0.000753589644,pass,pass,1
74317,5523016489,84|90|102|112,84|6|12|10,112,297156,148522,0.000376764401,0.000753528802,pass,pass,7
74323,5523908329,10|18|30|58,10|8|12|28,58,297234,148588,0.000195094385,0.000390188771,pass,pass,13
74353,5528368609,22|52|58|82,22|30|6|24,82,297330,148624,0.000275711807,0.000551423614,pass,pass,13
74357,5528963449,10|18|34|48,10|8|16|14,48,297380,148666,0.000161383595,0.000322767191,pass,pass,17
74363,5529855769,28|72|100|114,28|44|28|14,114,297338,148612,0.000383255113,0.000766510227,pass,pass,23
74377,5531938129,22|34|48|84,22|12|14|36,84,297424,148670,0.000282345349,0.000564690697,pass,pass,7
74381,5532533161,12|18|58|78,12|6|40|20,78,297446,148684,0.000262163725,0.000524327449,pass,pass,11
74383,5532830689,40|70|84|102,40|30|14|18,102,297430,148664,0.000342820268,0.000685640536,pass,pass,13
74411,5536996921,16|22|36|106,16|6|14|70,106,297538,148716,0.000356130142,0.000712260284,pass,pass,11
74413,5537294569,4|24|34|88,4|20|10|54,88,297564,148738,0.000295647266,0.000591294532,pass,pass,13
74419,5538187561,12|18|40|46,12|6|22|6,46,297630,148792,0.000154530429,0.000309060858,pass,pass,19
74441,5541462481,10|16|36|58,10|6|20|22,58,297706,148824,0.000194785132,0.000389570264,pass,pass,11
74449,5542653601,16|30|36|60,16|14|6|24,60,297736,148838,0.000201480208,0.000402960416,pass,pass,19
74453,5543249209,78|82|84|112,78|4|2|28,112,297700,148794,0.000376076182,0.000752152365,pass,pass,23
74471,5545929841,30|36|96|112,30|6|60|16,112,297772,148830,0.000375985283,0.000751970566,pass,pass,11
74489,5548611121,22|36|40|70,22|14|4|30,70,297886,148908,0.000234934017,0.000469868034,pass,pass,29
74507,5551293049,4|40|42|60,4|36|2|18,60,297968,148954,0.000201323366,0.000402646731,pass,pass,17
74509,5551591081,10|12|46|58,10|2|34|12,58,297978,148960,0.000194607363,0.000389214726,pass,pass,19
74521,5553379441,30|52|58|126,30|22|6|68,126,297958,148916,0.000422699642,0.000845399283,pass,pass,1
74527,5554273729,4|12|28|42,4|8|16|14,42,298066,149012,0.000140888537,0.000281777074,pass,pass,7
74531,5554869961,60|72|120|130,60|12|48|10,130,297994,148932,0.000436060163,0.000872120326,pass,pass,11
74551,5557851601,12|16|22|148,12|4|6|126,148,298056,148954,0.000496304543,0.000992609086,pass,pass,1
74561,5559342721,10|22|30|36,10|12|8|6,36,298208,149086,0.000120706536,0.000241413071,pass,pass,11
74567,5560237489,28|34|58|112,28|6|24|54,112,298156,149022,0.000375501227,0.000751002454,pass,pass,17
74573,5561132329,4|42|54|58,4|38|12|4,58,298234,149088,0.000194440347,0.000388880694,pass,pass,23
74587,5563220569,22|40|60|70,22|18|20|10,70,298278,149104,0.000234625337,0.000469250674,pass,pass,7
74597,5564712409,18|40|58|60,18|22|18|2,60,298328,149134,0.000201080472,0.000402160945,pass,pass,17
74609,5566502881,16|42|76|88,16|26|34|12,88,298348,149130,0.000294870592,0.000589741184,pass,pass,29
74611,5566801321,16|60|70|76,16|44|10|6,76,298368,149146,0.000254654139,0.000509308279,pass,pass,1
74623,5568592129,28|34|48|64,28|6|14|16,64,298428,149182,0.000214411106,0.000428822213,pass,pass,13
74653,5573070409,4|22|70|78,4|18|48|8,78,298534,149228,0.000261208525,0.00052241705,pass,pass,13
74687,5578147969,18|42|58|94,18|24|16|36,94,298654,149280,0.000314646458,0.000629292916,pass,pass,17
74699,5579940601,6|30|48|72,6|24|18|24,72,298724,149326,0.000240967081,0.000481934162,pass,pass,29
74707,5581135849,48|90|100|108,48|42|10|8,108,298720,149306,0.000361411916,0.000722823832,pass,pass,7
74713,5582032369,42|58|78|102,42|16|20|24,102,298750,149324,0.000341306065,0.000682612129,pass,pass,13
74717,5582630089,22|24|28|40,22|2|4|12,40,298828,149394,0.00013383835,0.0002676767,pass,pass,17
74719,5582928961,22|30|42|70,22|8|12|28,70,298806,149368,0.000234210843,0.000468421687,pass,pass,19
74729,5584423441,6|22|36|78,6|16|14|42,78,298838,149380,0.000260942874,0.000521885747,pass,pass,29
74731,5584722361,10|12|18|36,10|2|6|18,36,298888,149426,0.000120431949,0.000240863899,pass,pass,1
74747,5587114009,72|102|130|142,72|30|28|12,142,298846,149352,0.000474935449,0.000949870898,pass,pass,17
74759,5588908081,18|42|58|66,18|24|16|8,66,298970,149452,0.000220709212,0.000441418425,pass,pass,29
74761,5589207121,12|16|18|36,12|4|2|18,36,299008,149486,0.000120383622,0.000240767245,pass,pass,1
74771,5590702441,48|52|70|76,48|4|18|6,76,299008,149466,0.000254109213,0.000508218427,pass,pass,11
74779,5591898841,36|42|46|60,36|6|4|14,60,299056,149498,0.000200591075,0.00040118215,pass,pass,19
74797,5594591209,12|54|58|82,12|42|4|24,82,299106,149512,0.000274075163,0.000548150327,pass,pass,7
74821,5598182041,6|30|46|102,6|24|16|56,102,299182,149540,0.000340813408,0.000681626816,pass,pass,1
74827,5599079929,34|42|72|84,34|8|30|12,84,299224,149570,0.00028064736,0.00056129472,pass,pass,7
74831,5599678561,12|16|58|78,12|4|42|20,78,299246,149584,0.00026058719,0.00052117438,pass,pass,11
74843,5601474649,18|64|78|94,18|46|14|16,94,299278,149592,0.00031399062,0.000627981241,pass,pass,23
74857,5603570449,58|70|72|138,58|12|2|66,138,299290,149576,0.000460878742,0.000921757484,pass,pass,7
74861,5604169321,6|10|22|28,6|4|12|6,28,299416,149694,9.3506632e-05,0.000187013265,pass,pass,11
74869,5605367161,10|18|36|58,10|8|18|22,58,299418,149680,0.000193671613,0.000387343226,pass,pass,19
74873,5605966129,12|18|24|30,12|6|6|6,30,299462,149716,0.000100169621,0.000200339241,pass,pass,23
74887,5608062769,28|52|58|60,28|24|6|2,60,299488,149714,0.000200301788,0.000400603576,pass,pass,7
74891,5608661881,30|36|42|58,30|6|6|16,58,299506,149724,0.00019361472,0.00038722944,pass,pass,11
74897,5609560609,28|70|90|100,28|42|20|10,100,299488,149694,0.000333791741,0.000667583481,pass,pass,17
74903,5610459409,22|24|78|88,22|2|54|10,88,299524,149718,0.000293713202,0.000587426405,pass,pass,23
74923,5613455929,112|118|130|142,112|6|12|12,142,299550,149704,0.000473819788,0.000947639577,pass,pass,13
74929,5614355041,10|22|28|40,10|12|6|12,40,299676,149818,0.000133459675,0.00026691935,pass,pass,19
74933,5614954489,4|18|28|58,4|14|10|30,58,299674,149808,0.000193506199,0.000387012398,pass,pass,23
74941,5616153481,16|30|46|72,16|14|16|26,72,299692,149810,0.000240188949,0.000480377897,pass,pass,1
74959,5618851681,10|16|76|78,10|6|60|2,78,299758,149840,0.000260142211,0.000520284422,pass,pass,19
75011,5626650121,10|42|58|72,10|32|16|14,72,299972,149950,0.000239964805,0.00047992961,pass,pass,11
75013,5626950169,22|144|192|198,22|122|48|6,198,299854,149828,0.00065988562,0.00131977124,pass,pass,13
75017,5627550289,28|48|60|64,28|20|12|4,64,300004,149970,0.000213284989,0.000426569977,pass,pass,17
75029,5629350841,28|36|70|108,28|8|34|38,108,300008,149950,0.000359860854,0.000719721708,pass,pass,29
75037,5630551369,4|10|34|48,4|6|24|14,48,300100,150026,0.000159921106,0.000319842211,pass,pass,7
75041,5631151681,16|22|30|70,16|6|8|40,70,300094,150012,0.000233205847,0.000466411695,pass,pass,11
75079,5636856241,58|76|132|150,58|18|56|18,150,300166,150008,0.000499473888,0.000998947775,pass,pass,19
75083,5637456889,4|22|28|42,4|18|6|14,42,300290,150124,0.000139845238,0.000279690476,pass,pass,23
75109,5641361881,12|16|30|52,12|4|14|22,52,300384,150166,0.000173081788,0.000346163576,pass,pass,19
75133,5644967689,12|48|54|58,12|36|6|4,58,300474,150208,0.000192991096,0.000385982192,pass,pass,13
75149,5647372201,48|108|118|126,48|60|10|8,126,300470,150172,0.000419167254,0.000838334509,pass,pass,29
75161,5649175921,12|72|130|132,12|60|58|2,132,300512,150190,0.00043905749,0.00087811498,pass,pass,11
75167,5650077889,22|30|42|52,22|8|12|10,52,300616,150282,0.000172948235,0.000345896471,pass,pass,17
75169,5650378561,6|22|46|66,6|16|24|20,66,300610,150272,0.000219505381,0.000439010762,pass,pass,19
75181,5652182761,16|40|46|52,16|24|6|6,52,300672,150310,0.000172916029,0.000345832059,pass,pass,1
75193,5653987249,4|60|82|114,4|56|22|32,114,300658,150272,0.000379024643,0.000758049287,pass,pass,13
75209,5656393681,28|42|52|100,28|14|10|48,100,300736,150318,0.000332407026,0.000664814052,pass,pass,29
75211,5656694521,60|126|136|190,60|66|10|54,190,300654,150232,0.000631556554,0.001263113108,pass,pass,1
75217,5657597089,18|28|42|70,18|10|14|28,70,300798,150364,0.00023266017,0.00046532034,pass,pass,7
75223,5658499729,10|42|58|60,10|32|16|2,60,300832,150386,0.000199407096,0.000398814192,pass,pass,13
75227,5659101529,4|54|58|138,4|50|4|80,138,300770,150316,0.000458611935,0.000917223869,pass,pass,17
75239,5660907121,22|28|48|60,22|6|20|12,60,300896,150418,0.000199364691,0.000398729382,pass,pass,29
75253,5663014009,24|30|70|102,24|6|40|32,102,300910,150404,0.000338856923,0.000677713845,pass,pass,13
75269,5665422361,16|58|76|82,16|42|18|6,82,300994,150456,0.000272356481,0.000544712963,pass,pass,29
75277,5666626729,24|64|100|108,24|40|36|8,108,301000,150446,0.000358675293,0.000717350585,pass,pass,7
75289,5668433521,6|46|48|58,6|40|2|10,58,301098,150520,0.000192591215,0.00038518243,pass,pass,19
75307,5671144249,40|84|112|150,40|44|28|38,150,301078,150464,0.000497961677,0.000995923354,pass,pass,7
75323,5673554329,4|60|108|114,4|56|48|6,114,301178,150532,0.000378370484,0.000756740969,pass,pass,23
75329,5674458241,18|22|46|48,18|4|24|2,48,301268,150610,0.000159301199,0.000318602397,pass,pass,29
75337,5675663569,58|64|114|130,58|6|50|16,130,301218,150544,0.000431394932,0.000862789864,pass,pass,7
75347,5677170409,18|60|70|72,18|42|10|2,72,301316,150622,0.000238894714,0.000477789428,pass,pass,17
75353,5678074609,30|48|54|70,30|18|6|16,70,301342,150636,0.000232240256,0.000464480512,pass,pass,23
75367,5680184689,18|22|54|72,18|4|32|18,72,301396,150662,0.000238831319,0.000477662637,pass,pass,7
75377,5681692129,28|42|64|70,28|14|22|6,70,301438,150684,0.000232166311,0.000464332621,pass,pass,17
75389,5683501321,18|28|58|60,18|10|30|2,60,301496,150718,0.000198968019,0.000397936038,pass,pass,29
75391,5683802881,16|22|58|66,16|6|36|8,66,301498,150716,0.000218859015,0.00043771803,pass,pass,1
75401,5685310801,18|76|88|102,18|58|12|14,102,301502,150700,0.000338191801,0.000676383602,pass,pass,11
75403,5685612409,24|52|100|180,24|28|48|80,180,301432,150626,0.000596793231,0.001193586462,pass,pass,13
75407,5686215649,24|28|30|112,24|4|2|82,112,301516,150702,0.000371318313,0.000742636625,pass,pass,17
75431,5689835761,12|22|58|70,12|10|36|12,70,301654,150792,0.000232000106,0.000464000212,pass,pass,11
75437,5690740969,12|118|144|148,12|106|26|4,148,301600,150726,0.000490475496,0.000980950992,pass,pass,17
75479,5697079441,6|22|42|60,6|16|20|18,60,301856,150898,0.000198730773,0.000397461546,pass,pass,29
75503,5700703009,22|30|40|60,22|8|10|20,60,301952,150946,0.000198667603,0.000397335205,pass,pass,23
75511,5701911121,18|22|48|60,18|4|26|12,60,301984,150962,0.000198646555,0.00039729311,pass,pass,1
75521,5703421441,16|18|28|48,16|2|10|20,48,302036,150994,0.000158896201,0.000317792402,pass,pass,11
75527,5704327729,22|84|100|114,22|62|16|14,114,301994,150940,0.000377348498,0.000754696996,pass,pass,17
75533,5705234089,90|112|162|174,90|22|50|12,174,301958,150892,0.000575907219,0.001151814439,pass,pass,23
75539,5706140521,30|58|76|96,30|28|18|20,96,302060,150982,0.000317716676,0.000635433352,pass,pass,29
75541,5706442681,60|76|118|120,60|16|42|2,120,302044,150962,0.00039713533,0.000794270661,pass,pass,1
75553,5708255809,40|48|54|58,40|8|6|4,58,302154,151048,0.000191918256,0.000383836512,pass,pass,13
75557,5708860249,22|54|82|112,22|32|28|30,112,302116,151002,0.000370581151,0.000741162301,pass,pass,17
75571,5710976041,16|46|70|72,16|30|24|2,72,302212,151070,0.000238186606,0.000476373212,pass,pass,1
75577,5711882929,42|48|58|88,42|6|10|30,88,302220,151066,0.000291093851,0.000582187703,pass,pass,7
75583,5712789889,48|58|78|114,48|10|20|36,114,302218,151052,0.000377068918,0.000754137835,pass,pass,13
75611,5717023321,6|16|28|88,6|10|12|60,88,302356,151134,0.000290962955,0.00058192591,pass,pass,11
75617,5717930689,34|42|72|100,34|8|30|28,100,302368,151134,0.000330613486,0.000661226973,pass,pass,17
75619,5718233161,28|36|58|102,28|8|22|44,102,302374,151136,0.000337216837,0.000674433674,pass,pass,19
75629,5719745641,12|60|82|100,12|48|22|18,100,302416,151158,0.000330561028,0.000661122056,pass,pass,29
75641,5721560881,12|22|36|88,12|10|14|52,88,302476,151194,0.000290847556,0.000581695112,pass,pass,11
75653,5723376409,90|132|202|204,90|42|70|2,204,302408,151102,0.00067413057,0.00134826114,pass,pass,23
75659,5724284281,6|22|30|36,6|16|8|6,36,302600,151282,0.000118954784,0.000237909568,pass,pass,29
75679,5727311041,6|12|18|46,6|6|6|28,46,302670,151312,0.00015195761,0.000303915221,pass,pass,19
75683,5727916489,58|72|94|138,58|14|22|44,138,302594,151228,0.000455848737,0.000911697475,pass,pass,23
75689,5728824721,36|70|96|120,36|34|26|24,120,302636,151258,0.000396358784,0.000792717568,pass,pass,29
75703,5730944209,40|48|58|70,40|8|10|12,70,302742,151336,0.000231166532,0.000462333065,pass,pass,13
75707,5731549849,42|72|78|84,42|30|6|6,84,302744,151330,0.000277385182,0.000554770365,pass,pass,17
75709,5731852681,18|42|70|76,18|24|28|6,76,302760,151342,0.000250960916,0.000501921832,pass,pass,19
75721,5733669841,6|16|18|30,6|10|2|12,30,302854,151412,9.904782e-05,0.000198095641,pass,pass,1
75731,5735184361,12|46|60|82,12|34|14|22,82,302842,151380,0.00027069496,0.00054138992,pass,pass,11
75743,5737002049,10|22|28|64,10|12|6|36,64,302908,151422,0.000211240643,0.000422481285,pass,pass,23
75767,5740638289,52|60|72|78,52|8|12|6,78,302990,151456,0.000257367983,0.000514735967,pass,pass,17
75773,5741547529,48|54|70|138,48|6|16|68,138,302954,151408,0.000455307299,0.000910614599,pass,pass,23
75781,5742759961,72|96|136|138,72|24|40|2,138,302986,151424,0.000455259234,0.000910518468,pass,pass,1
75787,5743669369,18|28|72|124,18|10|44|52,124,303024,151450,0.000409041128,0.000818082257,pass,pass,7
75793,5744578849,18|42|60|64,18|24|18|4,64,303108,151522,0.000211101289,0.000422202578,pass,pass,13
75797,5745185209,12|22|124|142,12|10|102|18,142,303046,151452,0.000468356267,0.000936712535,pass,pass,17
75821,5748824041,48|52|58|60,48|4|6|2,60,303224,151582,0.000197834373,0.000395668746,pass,pass,11
75833,5750643889,4|34|84|90,4|30|50|6,90,303242,151576,0.000296704601,0.000593409202,pass,pass,23
75853,5753677609,10|40|54|64,10|30|14|10,64,303348,151642,0.000210934307,0.000421868614,pass,pass,13
75869,5756105161,22|48|60|108,22|26|12|48,108,303368,151630,0.000355876577,0.000711753153,pass,pass,29
75883,5758229689,70|72|78|84,70|2|6|6,84,303448,151682,0.000276741826,0.000553483652,pass,pass,13
75913,5762783569,22|34|70|100,22|12|36|30,100,303552,151726,0.000329324358,0.000658648716,pass,pass,13
75931,5765516761,36|58|70|78,36|22|12|8,78,303646,151784,0.000256812106,0.000513624211,pass,pass,1
75937,5766427969,4|18|24|52,4|14|6|28,52,303696,151822,0.000171194543,0.000342389086,pass,pass,7
75941,5767035481,22|36|60|78,22|14|24|18,78,303686,151804,0.000256778288,0.000513556577,pass,pass,11
75967,5770985089,48|60|64|72,48|12|4|8,72,303796,151862,0.000236944989,0.000473889979,pass,pass,7
75979,5772808441,12|36|60|78,12|24|24|18,78,303838,151880,0.000256649864,0.000513299728,pass,pass,19
75983,5773416289,4|54|60|90,4|50|6|30,90,303842,151876,0.000296118869,0.000592237737,pass,pass,23
75989,5774328121,52|112|150|160,52|60|38|10,160,303796,151818,0.000526391978,0.001052783956,pass,pass,29
75991,5774632081,12|28|40|70,12|16|12|30,70,303894,151912,0.000230290429,0.000460580858,pass,pass,1
75997,5775544009,144|148|180|198,144|4|32|18,198,303790,151796,0.0006513415,0.001302683001,pass,pass,7
76001,5776152001,6|16|42|46,6|10|26|4,46,303958,151956,0.000151313799,0.000302627597,pass,pass,11
76003,5776456009,4|24|42|64,4|20|18|22,64,303948,151942,0.000210518006,0.000421036012,pass,pass,13
76031,5780712961,6|28|48|52,6|22|20|4,52,304072,152010,0.000170982889,0.000341965777,pass,pass,11
76039,5781929521,12|40|60|78,12|28|20|18,78,304078,152000,0.000256447349,0.000512894699,pass,pass,19
76079,5788014241,78|102|126|148,78|24|24|22,148,304168,152010,0.000486336571,0.000972673142,pass,pass,29
76081,5788318561,6|12|18|46,6|6|6|28,46,304278,152116,0.00015115469,0.000302309381,pass,pass,1
76091,5789840281,10|30|36|42,10|20|6|6,42,304322,152140,0.000137992667,0.000275985333,pass,pass,11
76099,5791057801,16|40|46|72,16|24|6|26,72,304324,152126,0.000236533989,0.000473067977,pass,pass,19
76103,5791666609,24|54|70|78,24|30|16|8,78,304334,152128,0.000256231686,0.000512463372,pass,pass,23
76123,5794711129,4|28|34|60,4|24|6|26,60,304432,152186,0.000197049512,0.000394099024,pass,pass,13
76129,5795624641,16|30|48|72,16|14|18|24,72,304444,152186,0.000236440778,0.000472881556,pass,pass,19
76147,5798365609,4|28|40|58,4|24|12|18,58,304530,152236,0.000190421159,0.000380842318,pass,pass,7
76157,5799888649,18|58|150|172,18|40|92|22,172,304456,152142,0.000564623081,0.001129246163,pass,pass,17
76159,5800193281,12|82|88|100,12|70|6|12,100,304536,152218,0.000328260613,0.000656521225,pass,pass,19
76163,5800802569,22|48|78|172,22|26|30|94,172,304480,152154,0.000564578601,0.001129157202,pass,pass,23
76207,5807506849,60|124|130|138,60|64|6|8,138,304690,152276,0.000452714318,0.000905428635,pass,pass,7
76213,5808421369,58|88|114|130,58|30|26|16,130,304722,152296,0.000426436435,0.000852872869,pass,pass,13
76231,5811165361,40|52|70|72,40|12|18|2,72,304852,152390,0.000236124411,0.000472248823,pass,pass,1
76243,5812995049,4|72|78|82,4|68|6|4,82,304890,152404,0.000268877143,0.000537754286,pass,pass,13
76249,5813910001,6|22|28|102,6|16|6|74,102,304894,152396,0.000334430615,0.000668861231,pass,pass,19
76253,5814520009,12|42|60|82,12|30|18|22,82,304930,152424,0.000268841882,0.000537683763,pass,pass,23
76259,5815435081,10|16|22|52,10|6|6|30,52,304984,152466,0.000170471682,0.000340943364,pass,pass,29
76261,5815740121,10|28|36|48,10|18|8|12,48,304996,152474,0.000157354349,0.000314708698,pass,pass,1
76283,5819096089,88|100|112|132,88|12|12|20,132,305000,152434,0.000432599662,0.000865199324,pass,pass,23
76289,5820011521,10|76|106|108,10|66|30|2,108,305048,152470,0.000353917341,0.000707834681,pass,pass,29
76303,5822147809,4|10|22|64,4|6|12|42,64,305148,152542,0.000209690314,0.000419380627,pass,pass,13
76333,5826726889,40|48|64|84,40|8|16|20,84,305248,152582,0.000275110372,0.000550220743,pass,pass,13
76343,5828253649,64|70|72|100,64|6|2|28,100,305272,152586,0.000327469447,0.000654938894,pass,pass,23
76367,5831918689,10|18|24|28,10|8|6|4,28,305440,152706,9.1662629e-05,0.000183325258,pass,pass,17
76369,5832224161,10|22|46|66,10|12|24|20,66,305410,152672,0.000216056253,0.000432112506,pass,pass,19
76379,5833751641,60|106|112|196,60|46|6|84,196,305320,152562,0.000641537595,0.001283075191,pass,pass,29
76387,5834973769,4|10|42|58,4|6|32|16,58,305490,152716,0.000189822876,0.000379645751,pass,pass,7
76403,5837418409,18|34|64|72,18|16|30|8,72,305540,152734,0.000235592843,0.000471185686,pass,pass,23
76421,5840169241,18|30|36|82,18|12|6|46,82,305602,152760,0.000268250873,0.000536501747,pass,pass,11
76423,5840474929,24|42|64|84,24|18|22|20,84,305608,152762,0.000274786386,0.000549572773,pass,pass,13
76441,5843226481,10|28|82|96,10|18|54|14,96,305668,152786,0.000313967635,0.00062793527,pass,pass,1
76463,5846590369,54|60|64|90,54|6|4|26,90,305762,152836,0.000294259969,0.000588519938,pass,pass,23
76471,5847813841,18|28|48|70,18|10|20|22,70,305814,152872,0.000228844922,0.000457689843,pass,pass,1
76481,5849343361,16|60|96|196,16|44|36|100,196,305728,152766,0.000640681999,0.001281363999,pass,pass,11
76487,5850261169,34|48|82|102,34|14|34|20,102,305846,152872,0.000333389988,0.000666779976,pass,pass,17
76493,5851179049,4|22|24|30,4|18|2|6,30,305942,152956,9.8048187e-05,0.000196096375,pass,pass,23
76507,5853321049,28|42|88|94,28|14|46|6,94,305934,152920,0.000307161436,0.000614322872,pass,pass,7
76511,5853933121,78|106|108|196,78|28|2|88,196,305848,152826,0.000640430788,0.001280861575,pass,pass,11
76519,5855157361,16|22|60|100,16|6|38|40,100,305976,152938,0.00032671624,0.000653432481,pass,pass,19
76537,5857912369,12|18|24|30,12|6|6|6,30,306118,153044,9.7991821e-05,0.000195983642,pass,pass,7
76541,5858524681,28|66|76|136,28|38|10|60,136,306028,152946,0.000444206373,0.000888412746,pass,pass,11
76543,5858830849,18|28|42|60,18|10|14|18,60,306112,153026,0.000195968279,0.000391936559,pass,pass,13
76561,5861586721,18|40|42|48,18|22|2|6,48,306196,153074,0.000156737765,0.000313475529,pass,pass,1
76579,5864343241,30|58|60|72,30|28|2|12,72,306244,153086,0.000235051385,0.00047010277,pass,pass,19
76597,5867100409,10|18|24|58,10|8|6|34,58,306330,153136,0.000189302453,0.000378604906,pass,pass,7
76603,5868019609,4|12|22|34,4|8|10|12,34,306378,153172,0.000110961712,0.000221923423,pass,pass,13
76607,5868632449,28|40|42|54,28|12|2|12,54,306374,153160,0.000176224105,0.00035244821,pass,pass,17
76631,5872310161,28|112|156|168,28|84|44|12,168,306356,153094,0.000548081064,0.001096162128,pass,pass,11
76649,5875069201,36|42|46|58,36|6|4|12,58,306538,153240,0.000189174027,0.000378348054,pass,pass,29
76651,5875375801,22|40|66|126,22|18|26|60,126,306478,153176,0.000410953543,0.000821907085,pass,pass,1
76667,5877828889,4|48|52|70,4|44|4|18,70,306598,153264,0.000228259877,0.000456519754,pass,pass,17
76673,5878748929,28|60|82|102,28|32|22|20,102,306590,153244,0.000332581222,0.000665162443,pass,pass,23
76679,5879669041,12|22|28|36,12|10|6|8,36,306680,153322,0.000117372423,0.000234744845,pass,pass,29
76697,5882429809,18|102|112|202,18|84|10|90,202,306586,153192,0.000658435141,0.001316870282,pass,pass,17
76717,5885498089,34|64|100|142,34|30|36|42,142,306726,153292,0.00046273968,0.000925479359,pass,pass,7
76733,5887953289,4|22|54|64,4|18|32|10,64,306868,153402,0.000208515241,0.000417030482,pass,pass,23
76753,5891023009,58|102|112|172,58|44|10|60,172,306840,153334,0.000560238688,0.001120477375,pass,pass,13
76757,5891637049,42|60|72|78,42|18|12|6,78,306950,153436,0.000254048491,0.000508096981,pass,pass,17
76771,5893786441,6|22|36|48,6|16|14|12,48,307036,153494,0.000156309023,0.000312618046,pass,pass,1
76777,5894707729,18|54|58|78,18|36|4|20,78,307030,153476,0.000253982312,0.000507964625,pass,pass,7
76781,5895321961,6|96|118|138,6|90|22|20,138,306986,153424,0.000449329912,0.000898659825,pass,pass,11
76801,5898393601,22|28|58|72,22|6|30|14,72,307132,153530,0.000234371948,0.000468743897,pass,pass,1
76819,5901158761,16|36|130|150,16|20|94|20,150,307126,153488,0.000488160481,0.000976320962,pass,pass,19
76829,5902695241,58|70|78|88,58|12|8|10,88,307228,153570,0.000286350206,0.000572700413,pass,pass,29
76831,5903002561,36|42|58|66,36|6|16|8,66,307258,153596,0.000214757064,0.000429514128,pass,pass,1
76837,5903924569,12|60|72|82,12|48|12|10,82,307266,153592,0.000266798548,0.000533597095,pass,pass,7
76847,5905461409,4|18|24|52,4|14|6|28,52,307336,153642,0.000169167306,0.000338334613,pass,pass,17
76871,5909150641,6|16|18|106,6|10|2|88,106,307378,153636,0.000344733385,0.000689466769,pass,pass,11
76873,5909458129,4|12|42|60,4|8|30|18,60,307432,153686,0.000195127028,0.000390254055,pass,pass,13
76883,5910995689,30|34|48|70,30|4|14|22,70,307462,153696,0.000227618589,0.000455237179,pass,pass,23
76907,5914686649,4|34|58|60,4|30|24|2,60,307568,153754,0.000195040764,0.000390081527,pass,pass,17
76913,5915609569,30|52|78|150,30|22|26|72,150,307502,153676,0.000487563871,0.000975127742,pass,pass,23
76919,5916532561,10|42|88|120,10|32|46|32,120,307556,153718,0.000390020671,0.000780041342,pass,pass,29
76943,5920225249,24|52|54|60,24|28|2|6,60,307712,153826,0.000194949508,0.000389899016,pass,pass,23
76949,5921148601,12|40|58|78,12|28|18|20,78,307718,153820,0.000253414599,0.000506829199,pass,pass,29
76961,5922995521,6|18|22|46,6|12|4|24,46,307798,153876,0.000149426333,0.000298852666,pass,pass,11
76963,5923303369,22|42|58|64,22|20|16|6,64,307788,153862,0.000207892104,0.000415784208,pass,pass,13
76991,5927614081,28|46|76|78,28|18|30|2,78,307886,153904,0.000253276357,0.000506552714,pass,pass,11
77003,5929462009,42|58|64|94,42|16|6|30,94,307918,153912,0.000305182915,0.00061036583,pass,pass,23
77017,5931618289,4|24|28|60,4|20|4|32,60,308008,153974,0.000194762195,0.000389524391,pass,pass,7
77023,5932542529,12|70|84|90,12|58|14|6,90,308002,153956,0.000292120535,0.000584241071,pass,pass,13
77029,5933466841,40|46|60|102,40|6|14|42,102,308014,153956,0.000331044152,0.000662088304,pass,pass,19
77041,5935315681,52|58|66|70,52|6|8|4,70,308094,154012,0.000227151776,0.000454303553,pass,pass,1
77047,5936240209,4|78|82|84,4|74|4|2,84,308104,154010,0.000272560904,0.000545121809,pass,pass,7
77069,5939630761,28|52|60|120,28|24|8|60,120,308156,154018,0.000389261571,0.000778523142,pass,pass,29
77081,5941480561,16|22|60|66,16|6|38|6,66,308258,154096,0.000214060534,0.000428121067,pass,pass,11
77093,5943330649,18|28|54|58,18|10|26|4,58,308314,154128,0.000188084521,0.000376169043,pass,pass,23
77101,5944564201,28|36|60|78,28|8|24|18,78,308326,154124,0.000252915008,0.000505830015,pass,pass,1
77137,5950116769,24|34|94|108,24|10|60|14,108,308440,154166,0.000350026576,0.000700053152,pass,pass,7
77141,5950733881,16|46|52|72,16|30|6|20,72,308492,154210,0.000233338951,0.000466677902,pass,pass,11
77153,5952585409,24|72|102|112,24|48|30|10,112,308500,154194,0.000362915246,0.000725830493,pass,pass,23
77167,5954745889,4|10|24|94,4|6|14|70,94,308574,154240,0.000304534322,0.000609068643,pass,pass,7
77171,5955363241,18|22|36|70,18|4|14|34,70,308614,154272,0.000226769123,0.000453538246,pass,pass,11
77191,5958450481,16|22|48|58,16|6|26|10,58,308706,154324,0.000187845733,0.000375691467,pass,pass,1
77201,5959994401,58|100|102|118,58|42|2|16,118,308686,154284,0.000382119403,0.000764238805,pass,pass,11
77213,5961847369,4|18|22|34,4|14|4|12,34,308818,154392,0.000110085089,0.000220170179,pass,pass,23
77237,5965554169,22|58|94|102,22|36|36|8,102,308846,154372,0.000330152647,0.000660305294,pass,pass,17
77239,5965863121,10|36|70|102,10|26|34|32,102,308854,154376,0.000330144098,0.000660288196,pass,pass,19
77243,5966481049,28|48|58|72,28|20|10|14,72,308900,154414,0.000233030825,0.00046606165,pass,pass,23
77249,5967408001,18|42|46|52,18|24|4|6,52,308944,154446,0.000168286968,0.000336573936,pass,pass,29
77261,5969262121,6|40|118|132,6|34|78|14,132,308912,154390,0.000427123646,0.000854247292,pass,pass,11
77263,5969571169,4|24|42|48,4|20|18|6,48,309004,154478,0.000155313669,0.000310627338,pass,pass,13
77267,5970189289,10|58|94|102,10|48|36|8,102,308966,154432,0.000330024461,0.000660048921,pass,pass,17
77269,5970498361,10|48|70|76,10|38|22|6,76,309000,154462,0.000245894214,0.000491788427,pass,pass,19
77279,5972043841,30|52|96|102,30|22|44|6,102,309014,154456,0.000329973214,0.000659946428,pass,pass,29
77291,5973898681,66|76|100|136,66|10|24|36,136,309028,154446,0.000439895978,0.000879791955,pass,pass,11
77317,5977918489,28|60|64|70,28|32|4|6,70,309198,154564,0.000226340908,0.000452681816,pass,pass,7
77323,5978846329,18|24|40|78,18|6|16|38,78,309214,154568,0.00025218887,0.00050437774,pass,pass,13
77339,5981320921,60|76|112|120,60|16|36|8,120,309236,154558,0.000387902611,0.000775805221,pass,pass,29
77347,5982558409,28|64|70|78,28|36|6|8,78,309310,154616,0.000252110618,0.000504221237,pass,pass,7
77351,5983177201,46|82|96|106,46|36|14|10,106,309298,154596,0.000342594149,0.000685188298,pass,pass,11
77359,5984414881,12|42|60|78,12|30|18|18,78,309358,154640,0.000252071511,0.000504143021,pass,pass,19
77369,5985962161,36|40|48|90,36|4|8|42,90,309386,154648,0.00029081415,0.000581628301,pass,pass,29
77377,5987200129,18|22|54|82,18|4|32|28,82,309426,154672,0.000264936609,0.000529873218,pass,pass,7
77383,5988128689,30|34|54|88,30|4|20|34,88,309444,154678,0.000284300169,0.000568600339,pass,pass,13
77417,5993391889,60|94|108|154,60|34|14|46,154,309514,154680,0.000497306793,0.000994613586,pass,pass,17
77419,5993701561,28|46|70|102,28|18|24|32,102,309574,154736,0.00032937651,0.000658753019,pass,pass,19
77431,5995559761,10|36|46|58,10|26|10|12,58,309666,154804,0.000187263499,0.000374526998,pass,pass,1
77447,5998037809,18|52|144|178,18|34|92|34,178,309610,154716,0.000574586491,0.001149172983,pass,pass,17
77471,6001755841,46|96|100|118,46|50|4|18,118,309766,154824,0.00038078765,0.000761575299,pass,pass,11
77477,6002685529,10|52|54|64,10|42|2|10,64,309844,154890,0.000206512901,0.000413025801,pass,pass,17
77479,6002995441,72|78|88|130,72|6|10|42,130,309786,154828,0.000419468501,0.000838937002,pass,pass,19
77489,6004545121,78|108|126|136,78|30|18|10,136,309820,154842,0.000438771955,0.000877543909,pass,pass,29
77491,6004855081,10|42|58|66,10|32|16|8,66,309898,154916,0.000212927953,0.000425855906,pass,pass,1
77509,6007645081,16|18|28|48,16|2|10|20,48,309988,154970,0.00015482073,0.000309641461,pass,pass,19
77513,6008265169,12|18|34|78,12|6|16|44,78,309974,154948,0.000251570704,0.000503141409,pass,pass,23
77521,6009505441,76|78|88|90,76|2|10|2,90,309994,154952,0.000290243934,0.000580487868,pass,pass,1
77527,6010435729,18|34|90|112,18|16|56|22,112,309996,154942,0.000361164498,0.000722328995,pass,pass,7
77543,6012916849,64|114|150|154,64|50|36|4,154,310018,154932,0.000496498717,0.000992997434,pass,pass,23
77549,6013847401,100|148|178|190,100|48|30|12,190,310006,154908,0.000612515958,0.001225031915,pass,pass,29
77551,6014157601,6|28|58|60,6|22|30|2,60,310144,155042,0.000193421104,0.000386842207,pass,pass,1
77557,6015088249,4|48|52|78,4|44|4|26,78,310150,155036,0.000251427982,0.000502855964,pass,pass,7
77563,6016018969,78|90|102|130,78|12|12|28,130,310122,154996,0.000419014221,0.000838028441,pass,pass,13
77569,6016949761,28|40|60|70,28|12|20|10,70,310206,155068,0.00022560559,0.00045121118,pass,pass,19
77573,6017570329,28|52|88|124,28|24|36|36,124,310168,155022,0.00039962358,0.000799247161,pass,pass,23
77587,6019742569,22|60|64|78,22|38|4|14,78,310270,155096,0.000251330764,0.000502661528,pass,pass,7
77591,6020363281,18|22|36|102,18|4|14|66,102,310262,155080,0.000328646364,0.000657292727,pass,pass,11
77611,6023467321,6|28|72|76,6|22|44|4,76,310368,155146,0.000244810658,0.000489621317,pass,pass,1
77617,6024398689,18|40|52|58,18|22|12|6,58,310410,155176,0.000186814744,0.000373629488,pass,pass,7
77621,6025019641,42|90|106|132,42|48|16|26,132,310352,155110,0.00042514268,0.000850285361,pass,pass,11
77641,6028124881,76|78|106|130,76|2|28|24,130,310434,155152,0.000418593269,0.000837186538,pass,pass,1
77647,6029056609,10|28|30|42,10|18|2|12,42,310546,155252,0.000135227375,0.00027045475,pass,pass,7
77659,6030920281,36|96|112|138,36|60|16|26,138,310498,155180,0.000444249862,0.000888499723,pass,pass,19
77681,6034337761,36|60|102|118,36|24|42|16,118,310606,155244,0.000379758242,0.000759516484,pass,pass,11
77687,6035269969,10|40|72|108,10|30|32|36,108,310640,155266,0.000347548496,0.000695096992,pass,pass,17
77689,6035580721,18|30|36|42,18|12|6|6,42,310714,155336,0.000135154269,0.000270308538,pass,pass,19
77699,6037134601,18|42|46|70,18|24|4|24,70,310726,155328,0.000225228124,0.000450456248,pass,pass,29
77711,6038999521,42|46|60|66,42|4|14|6,66,310778,155356,0.000212325153,0.000424650307,pass,pass,11
77713,6039310369,58|70|72|94,58|12|2|22,94,310758,155332,0.000302394709,0.000604789417,pass,pass,13
77719,6040242961,16|18|30|96,16|2|12|66,96,310780,155342,0.000308804797,0.000617609594,pass,pass,19
77723,6040864729,4|12|34|42,4|8|22|8,42,310850,155404,0.000135095146,0.000270190291,pass,pass,23
77731,6042108361,18|48|66|108,18|30|18|42,108,310816,155354,0.000347351764,0.000694703529,pass,pass,1
77743,6043974049,12|40|54|58,12|28|14|4,58,310914,155428,0.000186511969,0.000373023938,pass,pass,13
77747,6044596009,12|64|102|130,12|52|38|28,130,310858,155364,0.00041802256,0.000836045121,pass,pass,17
77761,6046773121,70|100|166|186,70|30|66|20,186,310858,155336,0.000597986137,0.001195972274,pass,pass,1
77773,6048639529,28|100|214|262,28|72|114|48,262,310830,155284,0.000842194592,0.001684389184,pass,fail,13
77783,6050195089,12|42|52|64,12|30|10|12,64,311068,155502,0.000205700474,0.000411400949,pass,pass,23
77797,6052373209,18|22|24|42,18|4|2|18,42,311146,155552,0.000134966644,0.000269933288,pass,pass,7
77801,6052995601,16|30|52|58,16|14|22|6,58,311146,155544,0.000186372926,0.000372745852,pass,pass,11
77813,6054862969,28|42|58|60,28|14|16|2,60,311192,155566,0.000192769846,0.000385539691,pass,pass,23
77839,6058909921,28|36|42|88,28|8|6|46,88,311268,155590,0.000282634669,0.000565269338,pass,pass,19
77849,6060466801,6|22|28|46,6|16|6|18,46,311350,155652,0.000147721872,0.000295443744,pass,pass,29
77863,6062646769,84|114|142|204,84|30|28|62,204,311248,155522,0.000654996597,0.001309993193,pass,pass,13
77867,6063269689,10|22|24|28,10|12|2|4,28,311440,155706,8.9896875e-05,0.000179793751,pass,pass,17
77893,6067319449,42|52|58|88,42|10|6|30,88,311484,155698,0.00028243873,0.00056487746,pass,pass,13
77899,6068254201,6|16|28|48,6|10|12|20,48,311548,155750,0.000154045623,0.000308091246,pass,pass,19
77929,6072929041,60|76|100|106,60|16|24|6,106,311610,155752,0.000340053125,0.000680106251,pass,pass,19
77933,6073552489,4|42|88|90,4|38|46|2,90,311642,155776,0.000288709533,0.000577419065,pass,pass,23
77951,6076358401,18|36|58|60,18|18|22|2,60,311744,155842,0.000192428577,0.000384857154,pass,pass,11
77969,6079164961,16|42|52|90,16|26|10|38,90,311786,155848,0.000288576229,0.000577152458,pass,pass,29
77977,6080412529,58|118|130|144,58|60|12|14,144,311764,155810,0.000461674596,0.000923349193,pass,pass,7
77983,6081348289,60|100|132|184,60|40|32|52,184,311748,155782,0.000589872152,0.001179744303,pass,pass,13
77999,6083844001,30|36|70|78,30|6|34|8,78,311918,155920,0.000250003205,0.00050000641,pass,pass,29
78007,6085092049,60|70|112|142,60|10|42|30,142,311886,155872,0.000455087364,0.000910174728,pass,pass,7
78017,6086652289,12|54|58|64,12|42|4|6,64,312004,155970,0.000205083507,0.000410167015,pass,pass,17
78031,6088836961,6|12|22|30,6|6|10|8,30,312094,156032,9.6115646e-05,0.000192231293,pass,pass,1
78041,6090397681,16|18|46|90,16|2|28|44,90,312074,155992,0.000288309991,0.000576619982,pass,pass,11
78049,6091646401,42|46|58|60,42|4|12|2,60,312136,156038,0.000192186959,0.000384373919,pass,pass,19
78059,6093207481,48|70|78|96,48|22|8|18,96,312140,156022,0.000307459742,0.000614919484,pass,pass,29
78079,6096330241,22|66|72|136,22|44|6|64,136,312180,156022,0.000435456397,0.000870912793,pass,pass,19
78101,6099766201,6|90|118|168,6|84|28|50,168,312236,156034,0.000537765201,0.001075530403,pass,pass,11
78121,6102890641,12|22|28|42,12|10|6|14,42,312442,156200,0.000134406882,0.000268813763,pass,pass,1
78137,6105390769,34|84|88|100,34|50|4|12,100,312448,156174,0.000319950856,0.000639901711,pass,pass,17
78139,6105703321,18|40|48|60,18|22|8|12,60,312496,156218,0.0001919656,0.0003839312,pass,pass,19
78157,6108516649,22|70|130|138,22|48|60|8,138,312490,156176,0.000441419195,0.000882838389,pass,pass,7
78163,6109454569,28|40|58|70,28|12|18|12,70,312582,156256,0.000223891099,0.000447782199,pass,pass,13
78167,6110079889,4|28|60|64,4|24|32|4,64,312604,156270,0.000204689959,0.000409379917,pass,pass,17
78173,6111017929,22|48|108|130,22|26|60|22,130,312562,156216,0.000415744567,0.000831489133,pass,pass,23
78179,6111956041,48|58|60|126,48|10|2|66,126,312590,156232,0.000402921501,0.000805843001,pass,pass,29
78191,6113832481,22|28|52|102,22|6|24|50,102,312662,156280,0.00032612449,0.00065224898,pass,pass,11
78193,6114145249,24|28|58|90,24|4|30|32,90,312682,156296,0.000287749543,0.000575499086,pass,pass,13
78203,6115709209,4|10|54|78,4|6|44|24,78,312734,156328,0.000249351048,0.000498702096,pass,pass,23
78229,6119776441,16|18|36|72,16|2|18|36,72,312844,156386,0.000230093699,0.000460187399,pass,pass,19
78233,6120402289,30|40|72|94,30|10|32|22,94,312838,156372,0.000300384748,0.000600769496,pass,pass,23
78241,6121654081,30|48|60|72,30|18|12|12,72,312892,156410,0.000230058409,0.000460116819,pass,pass,1
78259,6124471081,22|40|60|120,22|18|20|60,120,312916,156398,0.000383342491,0.000766684982,pass,pass,19
78277,6127288729,24|42|60|132,24|18|18|72,132,312976,156422,0.000421579774,0.000843159549,pass,pass,7
78283,6128228089,22|42|84|90,22|20|42|6,90,313042,156476,0.000287418724,0.000574837449,pass,pass,13
78301,6131046601,40|58|60|66,40|18|2|6,66,313138,156536,0.000210725278,0.000421450556,pass,pass,1
78307,6131986249,4|42|48|54,4|38|6|6,54,313174,156560,0.000172398381,0.000344796761,pass,pass,7
78311,6132612721,16|36|78|100,16|20|42|22,100,313144,156522,0.000319239954,0.000638479907,pass,pass,11
78317,6133552489,22|28|52|72,22|6|24|20,72,313196,156562,0.000229835157,0.000459670314,pass,pass,17
78341,6137312281,48|66|100|102,48|18|34|2,102,313262,156580,0.000325500057,0.000651000115,pass,pass,11
78347,6138252409,28|64|70|102,28|36|6|32,102,313286,156592,0.00032547513,0.00065095026,pass,pass,17
78367,6141386689,22|34|48|54,22|12|14|6,54,313414,156680,0.000172266388,0.000344532775,pass,pass,7
78401,6146716801,30|106|130|142,30|76|24|12,142,313462,156660,0.000452800347,0.000905600694,pass,pass,11
78427,6150794329,30|58|72|142,30|28|14|70,142,313566,156712,0.000452650235,0.000905300471,pass,pass,7
78437,6152362969,42|60|78|82,42|18|18|4,82,313666,156792,0.000261356248,0.000522712495,pass,pass,17
78439,6152676721,6|48|66|70,6|42|18|4,70,313686,156808,0.000223103303,0.000446206606,pass,pass,19
78467,6157070089,24|70|112|114,24|46|42|2,114,313754,156820,0.000363210012,0.000726420024,pass,pass,17
78479,6158953441,6|40|76|88,6|34|36|12,88,313828,156870,0.00028032977,0.000560659539,pass,pass,29
78487,6160209169,4|10|108|144,4|6|98|36,144,313804,156830,0.000458674685,0.00091734937,pass,pass,7
78497,6161779009,24|40|70|78,24|16|30|8,78,313910,156916,0.000248417137,0.000496834274,pass,pass,17
78509,6163663081,36|58|120|136,36|22|62|16,136,313900,156882,0.000433071368,0.000866142735,pass,pass,29
78511,6163977121,22|136|150|156,22|114|14|6,156,313888,156866,0.000496745679,0.000993491358,pass,pass,1
78517,6164919289,12|34|112|118,12|22|78|6,118,313950,156916,0.000375714813,0.000751429627,pass,pass,7
78539,6168374521,12|28|52|58,12|16|24|6,58,314098,157020,0.000184621653,0.000369243306,pass,pass,29
78541,6168688681,36|58|60|82,36|22|2|22,82,314082,157000,0.000261010173,0.000522020346,pass,pass,1
78553,6170573809,10|54|58|60,10|44|4|2,60,314152,157046,0.000190953878,0.000381907757,pass,pass,13
78569,6173087761,58|78|88|100,58|20|10|12,100,314176,157038,0.000318191653,0.000636383306,pass,pass,29
78571,6173402041,46|58|148|156,46|12|90|8,156,314128,156986,0.000496366344,0.000992732688,pass,pass,1
78577,6174344929,18|22|30|58,18|4|8|28,58,314250,157096,0.00018453237,0.000369064739,pass,pass,7
78583,6175287889,52|60|114|138,52|8|54|24,138,314194,157028,0.000439026252,0.000878052505,pass,pass,13
78593,6176859649,4|48|58|112,4|44|10|54,112,314260,157074,0.000356265825,0.00071253165,pass,pass,23
78607,6179060449,58|70|90|94,58|12|20|4,94,314334,157120,0.000298955564,0.000597911128,pass,pass,7
78623,6181576129,28|58|72|78,28|30|14|6,78,314414,157168,0.000248019028,0.000496038055,pass,pass,23
78643,6184721449,18|30|64|90,18|12|34|26,90,314482,157196,0.000286103023,0.000572206045,pass,pass,13
78649,6185665201,22|48|78|102,22|26|30|24,102,314494,157196,0.000324225356,0.000648450711,pass,pass,19
78653,6186294409,12|28|58|70,12|16|30|12,70,314542,157236,0.000222496281,0.000444992562,pass,pass,23
78691,6192273481,52|78|118|148,52|26|40|30,148,314616,157234,0.000470193542,0.000940387084,pass,pass,1
78697,6193217809,10|30|48|58,10|20|18|10,58,314730,157336,0.000184250988,0.000368501976,pass,pass,7
78707,6194791849,30|70|94|100,30|40|24|6,100,314728,157314,0.000317633756,0.000635267511,pass,pass,17
78713,6195736369,88|130|172|180,88|42|42|8,180,314672,157246,0.000571697178,0.001143394357,pass,pass,23
78721,6196995841,46|72|82|106,46|26|10|24,106,314778,157336,0.000336631903,0.000673263805,pass,pass,1
78737,6199515169,12|24|60|64,12|12|36|4,64,314884,157410,0.000203208149,0.000406416297,pass,pass,17
78779,6206130841,28|42|52|58,28|14|10|6,58,315058,157500,0.000184059204,0.000368118407,pass,pass,29
78781,6206445961,6|28|48|58,6|22|20|10,58,315066,157504,0.000184054531,0.000368109062,pass,pass,1
78787,6207391369,12|18|34|58,12|6|16|24,58,315090,157516,0.000184040514,0.000368081029,pass,pass,7
78791,6208021681,60|82|102|138,60|22|20|36,138,315026,157444,0.000437867269,0.000875734538,pass,pass,11
78797,6208967209,12|18|40|48,12|6|22|8,48,315140,157546,0.000152290062,0.000304580124,pass,pass,17
78803,6209912809,24|34|64|78,24|10|30|14,78,315134,157528,0.000247452508,0.000494905016,pass,pass,23
78809,6210858481,16|18|58|66,16|2|40|8,66,315170,157552,0.00020936695,0.000418733901,pass,pass,29
78823,6213065329,22|30|52|60,22|8|22|8,60,315232,157586,0.000190299786,0.000380599571,pass,pass,13
78839,6215587921,6|22|60|78,6|16|38|18,78,315278,157600,0.000247339515,0.000494679029,pass,pass,29
78853,6217795609,4|28|42|60,4|24|14|18,60,315352,157646,0.000190227385,0.00038045477,pass,pass,13
78857,6218426449,28|42|58|72,28|14|16|14,72,315356,157642,0.000228261283,0.000456522566,pass,pass,17
78877,6221581129,22|60|70|100,22|38|10|30,100,315408,157654,0.000316949174,0.000633898348,pass,pass,7
78887,6223158769,22|24|88|142,22|2|64|54,142,315406,157632,0.000450010775,0.00090002155,pass,pass,17
78889,6223474321,42|52|58|60,42|10|6|2,60,315496,157718,0.000190140577,0.000380281155,pass,pass,19
78893,6224105449,72|94|100|112,72|22|6|12,112,315460,157674,0.000354911082,0.000709822164,pass,pass,23
78901,6225367801,48|66|76|90,48|18|10|14,90,315514,157712,0.000285167488,0.000570334977,pass,pass,1
78919,6228208561,12|28|40|112,12|16|12|72,112,315564,157726,0.000354794156,0.000709588312,pass,pass,19
78929,6229787041,18|46|52|76,18|28|6|24,76,315640,157782,0.000240722675,0.00048144535,pass,pass,29
78941,6231681481,6|28|76|100,6|22|48|24,100,315664,157782,0.000316692213,0.000633384426,pass,pass,11
78977,6237366529,52|58|64|72,52|6|6|8,72,315836,157882,0.000227914456,0.000455828912,pass,pass,17
78979,6237682441,6|18|130|132,6|12|112|2,132,315784,157826,0.000417832588,0.000835665177,pass,pass,19
78989,6239262121,16|22|28|42,16|6|6|14,42,315914,157936,0.000132929902,0.000265859803,pass,pass,29
79031,6245898961,18|96|100|102,18|78|4|2,102,316022,157960,0.000322658197,0.000645316395,pass,pass,11
79039,6247163521,30|46|58|102,30|16|12|44,102,316054,157976,0.000322625539,0.000645251079,pass,pass,19
79043,6247795849,42|60|72|78,42|18|12|6,78,316094,158008,0.000246701163,0.000493402325,pass,pass,23
79063,6250957969,42|72|88|138,42|30|16|50,138,316114,157988,0.000436360877,0.000872721754,pass,pass,13
79087,6254753569,4|28|60|82,4|24|32|22,82,316266,158092,0.000259208214,0.000518416427,pass,pass,7
79103,6257284609,34|88|112|118,34|54|24|6,118,316294,158088,0.000372931494,0.000745862989,pass,pass,23
79111,6258550321,18|46|106|190,18|28|60|84,190,316254,158032,0.000600422192,0.001200844383,pass,pass,1
79133,6262031689,28|42|82|118,28|14|40|36,118,316414,158148,0.000372790113,0.000745580226,pass,pass,23
79139,6262981321,10|16|48|130,10|6|32|82,130,316426,158148,0.000410669834,0.000821339668,pass,pass,29
79147,6264247609,48|70|90|112,48|22|20|22,112,316476,158182,0.000353772095,0.00070754419,pass,pass,7
79151,6264880801,6|18|40|58,6|12|22|18,58,316546,158244,0.000183194148,0.000366388296,pass,pass,11
79153,6265197409,34|52|58|100,34|18|6|42,100,316512,158206,0.000315843998,0.000631687997,pass,pass,13
79159,6266147281,6|16|28|42,6|10|12|14,42,316594,158276,0.000132644425,0.000265288849,pass,pass,19
79181,6269630761,10|66|70|102,10|56|4|32,102,316622,158260,0.000322046956,0.000644093911,pass,pass,11
79187,6270580969,4|22|64|78,4|18|42|14,78,316670,158296,0.000246252541,0.000492505083,pass,pass,17
79193,6271531249,34|48|58|78,34|14|10|20,78,316694,158308,0.000246233884,0.000492467769,pass,pass,23
79201,6272798401,16|48|60|160,16|32|12|100,160,316644,158242,0.000505044128,0.001010088256,pass,pass,1
79229,6277234441,46|52|88|100,46|6|36|12,100,316816,158358,0.000315541027,0.000631082053,pass,pass,29
79231,6277551361,12|22|70|120,12|10|48|50,120,316804,158342,0.000378639674,0.000757279348,pass,pass,1
79241,6279136081,28|58|72|100,28|30|14|28,100,316864,158382,0.000315493242,0.000630986484,pass,pass,11
79259,6281989081,18|30|42|70,18|12|12|28,70,316966,158448,0.000220795115,0.00044159023,pass,pass,29
79273,6284208529,4|60|130|154,4|56|70|24,154,316938,158392,0.000485663467,0.000971326934,pass,pass,13
79279,6285159841,16|22|52|76,16|6|30|24,76,317040,158482,0.000239659935,0.00047931987,pass,pass,19
79283,6285794089,18|24|102|108,18|6|78|6,108,317024,158458,0.000340552199,0.000681104398,pass,pass,23
79301,6288648601,6|16|28|76,6|10|12|48,76,317128,158526,0.000239593448,0.000479186895,pass,pass,11
79309,6289917481,16|28|40|42,16|12|12|2,42,317194,158576,0.000132393549,0.000264787099,pass,pass,19
79319,6291503761,12|36|48|102,12|24|12|54,102,317174,158536,0.000321486655,0.00064297331,pass,pass,29
79333,6293724889,28|40|58|84,28|12|18|26,84,317248,158582,0.000264706995,0.000529413989,pass,pass,13
79337,6294359569,4|24|54|70,4|20|30|16,70,317278,158604,0.000220578041,0.000441156081,pass,pass,17
79349,6296263801,6|10|48|60,6|4|38|12,60,317336,158638,0.000189038299,0.000378076598,pass,pass,29
79357,6297533449,4|12|48|58,4|8|36|10,58,317370,158656,0.000182718601,0.000365437202,pass,pass,7
79367,6299120689,12|24|28|52,12|12|4|24,52,317416,158682,0.000163796036,0.000327592072,pass,pass,17
79379,6301025641,72|88|108|120,72|16|20|12,120,317396,158638,0.00037793371,0.000755867421,pass,pass,29
79393,6303248449,10|18|40|78,10|8|22|38,78,317494,158708,0.000245613593,0.000491227186,pass,pass,13
79397,6303883609,34|64|78|118,34|30|14|40,118,317470,158676,0.000371550562,0.000743101125,pass,pass,17
79399,6304201201,16|22|36|46,16|6|14|10,46,317550,158752,0.000144838096,0.000289676192,pass,pass,19
79411,6306106921,66|112|126|132,66|46|14|6,132,317512,158690,0.000415559557,0.000831119114,pass,pass,1
79423,6308012929,18|28|58|130,18|10|30|72,130,317562,158716,0.000409201365,0.00081840273,pass,pass,13
79427,6308648329,12|18|34|60,12|6|16|26,60,317648,158794,0.000188852657,0.000377705314,pass,pass,17
79433,6309601489,10|24|60|64,10|14|36|4,64,317668,158802,0.000201427618,0.000402855236,pass,pass,23
79451,6312461401,10|16|22|52,10|6|6|30,52,317752,158850,0.000163622862,0.000327245724,pass,pass,11
79481,6317229361,16|58|72|88,16|42|14|16,88,317836,158874,0.000276795712,0.000553591424,pass,pass,11
79493,6319137049,60|78|88|108,60|18|10|20,108,317864,158878,0.000339652548,0.000679305096,pass,pass,23
79531,6325179961,52|72|78|102,52|20|6|24,102,318022,158960,0.000320629692,0.000641259383,pass,pass,1
79537,6326134369,24|42|84|112,24|18|42|28,112,318036,158962,0.000352037417,0.000704074833,pass,pass,7
79549,6328043401,30|40|58|96,30|10|18|38,96,318100,159002,0.000301700838,0.000603401677,pass,pass,19
79559,6329634481,18|22|52|102,18|4|30|50,102,318134,159016,0.000320516849,0.000641033698,pass,pass,29
79561,6329952721,22|58|60|70,22|36|2|10,70,318174,159052,0.000219957014,0.000439914028,pass,pass,1
79579,6332817241,76|88|90|100,76|12|2|10,100,318216,159058,0.000314153231,0.000628306463,pass,pass,19
79589,6334408921,36|58|66|136,36|22|8|70,136,318220,159042,0.000427194713,0.000854389426,pass,pass,29
79601,6336319201,16|46|72|120,16|30|26|48,120,318284,159082,0.000376879687,0.000753759375,pass,pass,11
79609,6337592881,46|48|58|78,46|2|10|20,78,318358,159140,0.000244947179,0.000489894359,pass,pass,19
79613,6338229769,40|70|72|78,40|30|2|6,78,318374,159148,0.000244934872,0.000489869745,pass,pass,23
79621,6339503641,30|58|72|78,30|28|14|6,78,318406,159164,0.000244910262,0.000489820525,pass,pass,1
79627,6340459129,58|64|88|132,58|6|24|44,132,318376,159122,0.000414432291,0.000828864581,pass,pass,7
79631,6341096161,10|12|28|58,10|2|16|30,58,318466,159204,0.00018208989,0.000364179779,pass,pass,11
79633,6341414689,4|102|190|208,4|98|88|18,208,318324,159058,0.000652995617,0.001305991235,pass,pass,13
79657,6345237649,24|78|84|112,24|54|6|28,112,318516,159202,0.000351507087,0.000703014173,pass,pass,7
79669,6347149561,12|18|42|58,12|6|24|16,58,318618,159280,0.000182003038,0.000364006075,pass,pass,19
79687,6350017969,10|12|70|78,10|2|58|8,78,318670,159296,0.000244707418,0.000489414836,pass,pass,7
79691,6350655481,16|18|22|48,16|2|4|26,48,318716,159334,0.000150581622,0.000301163243,pass,pass,11
79693,6350974249,34|48|72|78,34|14|24|6,78,318694,159308,0.000244688994,0.000489377988,pass,pass,13
79697,6351611809,28|64|82|90,28|36|18|8,90,318698,159304,0.000282319284,0.000564638569,pass,pass,17
79699,6351930601,60|100|130|132,60|40|30|2,132,318664,159266,0.000414057893,0.000828115786,pass,pass,19
79757,6361179049,30|54|58|64,30|24|4|6,64,318964,159450,0.000200609351,0.000401218702,pass,pass,17
79769,6363093361,6|18|42|48,6|12|24|6,48,319028,159490,0.000150434379,0.000300868759,pass,pass,29
79777,6364369729,4|82|90|132,4|78|8|42,132,318976,159422,0.000413653058,0.000827306116,pass,pass,7
79801,6368199601,12|52|102|112,12|40|50|10,112,319092,159490,0.000350872796,0.000701745592,pass,pass,1
79811,6369795721,28|46|48|66,28|18|2|18,66,319178,159556,0.00020673842,0.000413476839,pass,pass,11
79813,6370114969,10|52|72|84,10|42|20|12,84,319168,159542,0.000263115031,0.000526230063,pass,pass,13
79817,6370753489,22|42|70|88,22|20|28|18,88,319180,159546,0.000275630505,0.00055126101,pass,pass,17
79823,6371711329,70|124|172|184,70|54|48|12,184,319108,159462,0.000576275008,0.001152550017,pass,pass,23
79829,6372669241,16|22|28|60,16|6|6|32,60,319256,159598,0.00018790164,0.00037580328,pass,pass,29
79841,6374585281,18|22|60|78,18|4|38|18,78,319286,159604,0.000244235418,0.000488470836,pass,pass,11
79843,6374904649,40|58|144|148,40|18|86|4,148,319224,159538,0.000463409441,0.000926818882,pass,pass,13
79847,6375543409,4|22|78|100,4|18|56|22,100,319288,159594,0.000313098801,0.000626197603,pass,pass,17
79861,6377779321,16|18|28|36,16|2|10|8,36,319408,159686,0.000112695809,0.000225391618,pass,pass,1
79867,6378737689,4|18|24|64,4|14|6|40,64,319404,159670,0.000200333054,0.000400666107,pass,pass,7
79873,6379696129,4|24|58|60,4|20|34|2,60,319432,159686,0.00018779813,0.000375596259,pass,pass,13
79889,6382252321,30|48|90|96,30|18|42|6,96,319460,159682,0.000300416828,0.000600833657,pass,pass,29
79901,6384169801,6|10|60|88,6|4|50|28,88,319516,159714,0.000275340734,0.000550681468,pass,pass,11
79903,6384489409,4|18|30|64,4|14|12|34,64,319548,159742,0.000200242794,0.000400485589,pass,pass,13
79907,6385128649,12|22|48|58,12|10|26|10,58,319570,159756,0.000181460948,0.000362921897,pass,pass,17
79939,6390243721,12|28|42|52,12|16|14|10,52,319704,159826,0.000162624001,0.000325248002,pass,pass,19
79943,6390883249,28|34|102|108,28|6|68|6,108,319664,159778,0.00033774064,0.00067548128,pass,pass,23
79967,6394721089,4|28|40|64,4|24|12|24,64,319804,159870,0.000200082534,0.000400165068,pass,pass,17
79973,6395680729,18|48|54|78,18|30|6|24,78,319814,159868,0.000243832293,0.000487664587,pass,pass,23
79979,6396640441,6|16|148|162,6|10|132|14,162,319754,159796,0.000506382926,0.001012765851,pass,pass,29
79987,6397920169,12|18|34|54,12|6|16|20,54,319894,159920,0.000168777426,0.000337554853,pass,pass,7
79997,6399520009,4|18|22|58,4|14|4|36,58,319930,159936,0.000181256797,0.000362513594,pass,pass,17
79999,6399840001,106|130|132|156,106|24|2|24,156,319840,159842,0.000487506094,0.000975012188,pass,pass,19
80021,6403360441,10|18|22|60,10|8|4|38,60,320024,159982,0.000187450794,0.000374901588,pass,pass,11
80039,6406241521,16|52|72|96,16|36|20|24,96,320060,159982,0.000299853821,0.000599707643,pass,pass,29
80051,6408162601,106|112|130|168,106|6|18|38,168,320036,159934,0.000524665526,0.001049331051,pass,pass,11
80071,6411365041,82|96|162|198,82|14|66|36,198,320086,159944,0.000618201346,0.001236402693,pass,pass,1
80077,6412325929,42|48|58|142,42|6|10|84,142,320166,160012,0.000443323301,0.000886646603,pass,pass,7
80107,6417131449,4|24|58|120,4|20|34|62,120,320308,160094,0.000374499107,0.000748998215,pass,pass,7
80111,6417772321,16|52|58|72,16|36|6|14,72,320372,160150,0.000224688245,0.00044937649,pass,pass,11
80141,6422579881,22|40|60|70,22|18|20|10,70,320494,160212,0.000218365131,0.000436730263,pass,pass,11
80147,6423541609,58|60|84|88,58|2|24|4,88,320500,160206,0.000274495614,0.000548991229,pass,pass,17
80149,6423862201,12|16|18|28,12|4|2|10,28,320568,160270,8.7337334e-05,0.000174674668,pass,pass,19
80153,6424503409,10|24|58|84,10|14|34|26,84,320528,160222,0.000261998927,0.000523997854,pass,pass,23
80167,6426747889,22|34|58|70,22|12|24|12,70,320598,160264,0.000218294311,0.000436588621,pass,pass,7
80173,6427709929,12|102|114|142,12|90|12|28,142,320550,160204,0.000442792461,0.000885584923,pass,pass,13
80177,6428351329,24|28|54|64,24|4|26|10,64,320644,160290,0.000199558477,0.000399116954,pass,pass,17
80191,6430596481,28|36|40|66,28|8|4|26,66,320698,160316,0.000205758751,0.000411517502,pass,pass,1
80207,6433162849,18|64|120|142,18|46|56|22,142,320686,160272,0.00044260476,0.00088520952,pass,pass,17
80209,6433483681,6|58|126|132,6|52|68|6,132,320704,160286,0.000411425152,0.000822850304,pass,pass,19
80221,6435408841,28|46|58|66,28|18|12|8,66,320818,160376,0.000205681804,0.000411363608,pass,pass,1
80231,6437013361,58|102|120|148,58|44|18|28,148,320776,160314,0.000461168376,0.000922336753,pass,pass,11
80233,6437334289,52|58|102|112,52|6|44|10,112,320820,160354,0.000348983585,0.000697967171,pass,pass,13
80239,6438297121,12|18|46|60,12|6|28|14,60,320896,160418,0.000186941512,0.000373883024,pass,pass,19
80251,6440223001,6|42|58|88,6|36|16|30,88,320916,160414,0.000274139886,0.000548279772,pass,pass,1
80263,6442149169,24|30|40|82,24|6|10|42,82,320970,160444,0.000255410339,0.000510820677,pass,pass,13
80273,6443754529,4|24|58|88,4|20|34|30,88,321004,160458,0.000274064754,0.000548129508,pass,pass,23
80279,6444717841,16|102|106|118,16|86|4|12,118,320998,160440,0.000367468454,0.000734936908,pass,pass,29
80287,6446002369,30|48|58|100,30|18|10|42,100,321048,160474,0.000311382914,0.000622765828,pass,pass,7
80309,6449535481,36|82|100|102,36|46|18|2,102,321134,160516,0.000317523565,0.00063504713,pass,pass,29
80317,6450820489,54|84|130|138,54|30|46|8,138,321130,160496,0.000429547916,0.000859095833,pass,pass,7
80329,6452748241,46|66|90|136,46|20|24|46,136,321180,160522,0.000423259346,0.000846518692,pass,pass,19
80341,6454676281,18|22|28|76,18|4|6|48,76,321288,160606,0.000236491953,0.000472983906,pass,pass,1
80347,6455640409,40|148|150|184,40|108|2|34,184,321204,160510,0.000572516709,0.001145033418,pass,pass,7
80363,6458211769,10|130|142|150,10|120|12|8,150,321302,160576,0.000466632654,0.000933265309,pass,pass,23
80369,6459176161,58|60|72|78,58|2|12|6,78,321398,160660,0.000242630865,0.00048526173,pass,pass,29
80387,6462069769,12|94|112|114,12|82|18|2,114,321434,160660,0.000354534937,0.000709069874,pass,pass,17
80407,6465285649,4|30|64|82,4|26|34|18,82,321546,160732,0.000254952927,0.000509905854,pass,pass,7
80429,6468824041,12|18|28|40,12|6|10|12,40,321676,160818,0.000124333263,0.000248666526,pass,pass,29
80447,6471719809,10|52|60|64,10|42|8|4,64,321724,160830,0.000198888709,0.000397777419,pass,pass,17
80449,6472041601,6|18|36|42,6|12|18|6,42,321754,160856,0.000130517471,0.000261034941,pass,pass,19
80471,6475581841,88|108|120|156,88|20|12|36,156,321728,160786,0.000484646643,0.000969293286,pass,pass,11
80473,6475903729,58|78|114|120,58|20|36|6,120,321772,160826,0.000372795845,0.000745591689,pass,pass,13
80489,6478479121,60|78|90|118,60|18|12|28,118,321838,160860,0.000366509709,0.000733019419,pass,pass,29
80491,6478801081,16|30|42|48,16|14|12|6,48,321916,160934,0.000149084991,0.000298169982,pass,pass,1
80513,6482343169,4|24|30|40,4|20|6|10,40,322012,160986,0.000124203545,0.00024840709,pass,pass,23
80527,6484597729,4|42|52|60,4|38|10|8,60,322048,160994,0.000186272927,0.000372545854,pass,pass,7
80537,6486208369,12|64|84|88,12|52|20|4,88,322060,160986,0.000273166371,0.000546332741,pass,pass,17
80557,6489430249,52|54|60|70,52|2|6|10,70,322158,161044,0.000217237484,0.000434474968,pass,pass,7
80567,6491041489,22|30|34|64,22|8|4|30,64,322204,161070,0.000198592476,0.000397184952,pass,pass,17
80599,6496198801,22|28|46|60,22|6|18|14,60,322336,161138,0.000186106527,0.000372213055,pass,pass,19
80603,6496843609,12|34|42|54,12|22|8|12,54,322358,161152,0.000167487562,0.000334975125,pass,pass,23
80611,6498133321,10|52|60|88,10|42|8|28,88,322356,161134,0.000272915607,0.000545831214,pass,pass,1
80621,6499745641,6|12|30|48,6|6|18|18,48,322436,161194,0.000148844594,0.000297689188,pass,pass,11
80627,6500713129,22|60|72|84,22|38|12|12,84,322424,161170,0.000260458655,0.000520917311,pass,pass,17
80629,6501035641,22|28|72|78,22|6|44|6,78,322438,161180,0.000241848466,0.000483696933,pass,pass,19
80651,6504583801,18|36|88|100,18|18|52|12,100,322504,161202,0.000309977558,0.000619955115,pass,pass,11
80657,6505551649,18|42|58|60,18|24|16|2,60,322568,161254,0.000185972699,0.000371945398,pass,pass,17
80669,6507487561,46|82|100|136,46|36|18|36,136,322540,161202,0.000421475412,0.000842950824,pass,pass,29
80671,6507810241,22|36|60|70,22|14|24|10,70,322614,161272,0.000216930495,0.000433860991,pass,pass,1
80677,6508778329,22|34|58|70,22|12|24|12,70,322638,161284,0.000216914362,0.000433828724,pass,pass,7
80681,6509423761,12|18|96|102,12|6|78|6,102,322622,161260,0.000316059543,0.000632119086,pass,pass,11
80683,6509746489,10|12|28|30,10|2|16|2,30,322702,161336,9.2956385e-05,0.00018591277,pass,pass,13
80687,6510391969,4|12|28|42,4|8|16|14,42,322706,161332,0.000130132487,0.000260264975,pass,pass,17
80701,6512651401,16|46|48|76,16|30|2|28,76,322728,161326,0.000235436983,0.000470873967,pass,pass,1
80713,6514588369,48|60|64|84,48|12|4|20,84,322768,161342,0.000260181136,0.000520362271,pass,pass,13
80737,6518463169,4|70|82|88,4|66|12|6,88,322860,161386,0.000272489689,0.000544979377,pass,pass,7
80747,6520078009,18|100|112|118,18|82|12|6,118,322870,161376,0.00036533865,0.000730677301,pass,pass,17
80749,6520401001,58|60|90|100,58|2|30|10,100,322896,161398,0.000309601357,0.000619202715,pass,pass,19
80761,6522339121,46|58|70|82,46|12|12|12,82,322962,161440,0.000253835391,0.000507670782,pass,pass,1
80777,6524923729,4|10|18|34,4|6|8|16,34,323074,161520,0.000105227973,0.000210455947,pass,pass,17
80779,6525246841,16|22|58|88,16|6|36|30,88,323028,161470,0.000272348011,0.000544696022,pass,pass,19
80783,6525893089,18|34|52|58,18|16|18|6,58,323074,161508,0.00017949321,0.00035898642,pass,pass,23
80789,6526862521,12|48|58|70,12|36|10|12,70,323086,161508,0.000216613648,0.000433227296,pass,pass,29
80803,6529124809,28|34|42|54,28|6|8|12,54,323158,161552,0.000167073005,0.000334146009,pass,pass,13
80809,6530094481,58|96|102|108,58|38|6|6,108,323128,161510,0.000334121199,0.000668242399,pass,pass,19
80819,6531710761,6|28|78|108,6|22|50|30,108,323168,161530,0.000334079857,0.000668159715,pass,pass,29
80831,6533650561,6|28|40|72,6|22|12|32,72,323252,161590,0.00022268684,0.000445373681,pass,pass,11
80833,6533973889,10|34|48|70,10|24|14|22,70,323262,161596,0.000216495738,0.000432991476,pass,pass,13
80849,6536560801,12|28|36|46,12|16|8|10,46,323350,161652,0.000142240473,0.000284480946,pass,pass,29
80863,6538824769,12|22|28|72,12|10|6|44,72,323380,161654,0.000222598716,0.000445197433,pass,pass,13
80897,6544324609,30|40|42|60,30|10|2|18,60,323528,161734,0.000185420967,0.000370841935,pass,pass,17
80909,6546266281,10|16|22|42,10|6|6|20,42,323594,161776,0.000129775427,0.000259550853,pass,pass,29
80911,6546589921,6|22|40|58,6|16|18|18,58,323586,161764,0.000179209255,0.000358418509,pass,pass,1
80917,6547560889,4|24|30|52,4|20|6|22,52,323616,161782,0.000160658452,0.000321316905,pass,pass,7
80923,6548531929,18|60|64|78,18|42|4|14,78,323614,161768,0.000240969811,0.000481939622,pass,pass,13
80929,6549503041,6|30|70|118,6|24|40|48,118,323598,161740,0.000364517046,0.000729034092,pass,pass,19
80933,6550150489,24|28|42|54,24|4|14|12,54,323678,161812,0.000166804641,0.000333609282,pass,pass,23
80953,6553388209,18|30|54|82,18|12|24|28,82,323730,161824,0.000253233358,0.000506466715,pass,pass,13
80963,6555007369,10|30|42|88,10|20|12|46,88,323764,161838,0.000271729061,0.000543458123,pass,pass,23
80989,6559218121,40|46|78|82,40|6|32|4,82,323874,161896,0.000253120794,0.000506241588,pass,pass,19
81001,6561162001,6|28|66|106,6|22|38|40,106,323898,161896,0.000327156455,0.00065431291,pass,pass,1
81013,6563106169,12|28|70|102,12|16|42|32,102,323950,161924,0.000314764297,0.000629528594,pass,pass,13
81017,6563754289,28|30|58|70,28|2|28|12,70,323998,161964,0.000216004049,0.000432008097,pass,pass,17
81019,6564078361,22|40|70|88,22|18|30|18,88,323988,161950,0.000271541243,0.000543082487,pass,pass,19
81023,6564726529,4|18|48|54,4|14|30|6,54,324038,161992,0.000166619355,0.00033323871,pass,pass,23
81031,6566022961,12|28|66|82,12|16|38|16,82,324042,161980,0.000252989597,0.000505979193,pass,pass,1
81041,6567643681,16|22|46|58,16|6|24|12,58,324106,162024,0.00017892178,0.000357843561,pass,pass,11
81043,6567967849,4|58|72|100,4|54|14|28,100,324072,161986,0.000308478215,0.000616956431,pass,pass,13
81047,6568616209,60|88|102|114,60|28|14|12,114,324074,161980,0.000351647809,0.000703295619,pass,pass,17
81049,6568940401,30|52|156|202,30|22|104|46,202,323994,161896,0.000623079865,0.001246159731,pass,pass,19
81071,6572507041,18|22|28|42,18|4|6|14,42,324242,162100,0.000129516103,0.000259032206,pass,pass,11
81077,6573479929,4|30|34|78,4|26|4|44,78,324230,162076,0.000240512106,0.000481024212,pass,pass,17
81083,6574452889,12|34|58|78,12|22|24|20,78,324254,162088,0.000240494308,0.000480988617,pass,pass,23
81097,6576723409,12|18|54|58,12|6|36|4,58,324330,162136,0.000178798229,0.000357596459,pass,pass,7
81101,6577372201,58|78|156|186,58|20|78|30,186,324218,162016,0.000573359145,0.00114671829,pass,pass,11
81119,6580292161,6|18|28|66,6|12|10|38,66,324410,162172,0.000203404874,0.000406809749,pass,pass,29
81131,6582239161,12|40|42|58,12|28|2|16,58,324466,162204,0.000178723299,0.000357446599,pass,pass,11
81157,6586458649,18|24|42|72,18|6|18|30,72,324556,162242,0.000221792328,0.000443584657,pass,pass,7
81163,6587432569,12|22|28|40,12|10|6|12,40,324612,162286,0.000123208851,0.000246417703,pass,pass,13
81173,6589055929,24|58|60|124,24|34|2|64,124,324568,162222,0.000381900386,0.000763800771,pass,pass,23
81181,6590354761,12|18|42|90,12|6|24|48,90,324634,162272,0.000277158448,0.000554316897,pass,pass,1
81197,6592952809,10|22|24|28,10|12|2|4,28,324760,162366,8.6210082e-05,0.000172420163,pass,pass,17
81199,6593277601,16|52|100|106,16|36|48|6,106,324690,162292,0.000326358699,0.000652717398,pass,pass,19
81203,6593927209,18|22|58|60,18|4|36|2,60,324752,162346,0.000184722239,0.000369444479,pass,pass,23
81223,6597175729,4|28|30|40,4|24|2|10,40,324852,162406,0.000123117836,0.000246235672,pass,pass,13
81233,6598800289,22|54|78|82,22|32|24|4,82,324850,162384,0.000252360494,0.000504720988,pass,pass,23
81239,6599775121,30|76|142|156,30|46|66|14,156,324800,162322,0.000480064993,0.000960129987,pass,pass,29
81281,6606600961,28|46|60|76,28|18|14|16,76,325048,162486,0.000233756967,0.000467513933,pass,pass,11
81283,6606926089,4|54|64|84,4|50|10|20,84,325048,162482,0.000258356606,0.000516713212,pass,pass,13
81293,6608551849,18|102|120|130,18|84|18|10,130,325042,162456,0.00039978842,0.000799576839,pass,pass,23
81299,6609527401,36|58|70|78,36|22|12|8,78,325118,162520,0.000239855349,0.000479710698,pass,pass,29
81307,6610828249,22|54|70|82,22|32|16|12,82,325146,162532,0.000252130813,0.000504261626,pass,pass,7
81331,6614731561,6|58|100|102,6|52|42|2,102,325222,162560,0.000313533585,0.00062706717,pass,pass,1
81343,6616683649,72|90|144|160,72|18|54|16,160,325212,162526,0.000491744834,0.000983489667,pass,pass,13
81349,6617659801,12|78|82|96,12|66|4|14,96,325300,162602,0.000295025139,0.000590050277,pass,pass,19
81353,6618310609,18|28|82|84,18|10|54|2,84,325328,162622,0.000258134304,0.000516268607,pass,pass,23
81359,6619286881,16|48|60|82,16|32|12|22,82,325354,162636,0.000251969665,0.000503939331,pass,pass,29
81371,6621239641,22|30|42|58,22|8|12|16,58,325426,162684,0.000178196163,0.000356392327,pass,pass,11
81373,6621565129,18|34|82|84,18|16|48|2,84,325408,162662,0.000258070859,0.000516141718,pass,pass,13
81401,6626122801,18|28|42|88,18|10|14|46,88,325516,162714,0.00027026695,0.0005405339,pass,pass,11
81409,6627425281,10|12|46|66,10|2|34|20,66,325570,162752,0.000202680293,0.000405360587,pass,pass,19
81421,6629379241,18|36|60|66,18|18|24|6,66,325618,162776,0.000202650422,0.000405300844,pass,pass,1
81439,6632310721,40|100|136|142,40|60|36|6,142,325614,162736,0.000435909085,0.000871818171,pass,pass,19
81457,6635242849,48|82|88|102,48|34|6|14,102,325726,162812,0.000313048602,0.000626097205,pass,pass,7
81463,6636220369,4|22|28|30,4|18|6|2,30,325822,162896,9.2066337e-05,0.000184132674,pass,pass,13
81509,6643717081,52|72|88|126,52|20|16|38,126,325910,162892,0.000386460391,0.000772920782,pass,pass,29
81517,6645021289,4|34|58|70,4|30|24|12,70,325998,162964,0.000214679147,0.000429358293,pass,pass,7
81527,6646651729,12|64|70|100,12|52|6|30,100,326008,162954,0.000306646878,0.000613293755,pass,pass,17
81533,6647630089,24|48|58|64,24|24|10|6,64,326068,163002,0.000196239559,0.000392479119,pass,pass,23
81547,6649913209,10|42|60|120,10|32|18|60,120,326068,162974,0.000367886004,0.000735772009,pass,pass,7
81551,6650565601,12|36|40|60,12|24|4|20,60,326144,163042,0.00018393398,0.00036786796,pass,pass,11
81553,6650891809,22|28|42|58,22|6|14|16,58,326154,163048,0.000177798487,0.000355596974,pass,pass,13
81559,6651870481,46|48|60|72,46|2|12|12,72,326164,163046,0.000220699126,0.000441398252,pass,pass,19
81563,6652522969,4|54|72|78,4|50|18|6,78,326174,163048,0.000239078994,0.000478157988,pass,pass,23
81569,6653501761,96|106|142|180,96|10|36|38,180,326096,162958,0.000551680173,0.001103360345,pass,pass,29
81611,6660355321,6|22|28|36,6|16|6|8,36,326408,163186,0.000110279252,0.000220558503,pass,pass,11
81619,6661661161,100|112|130|136,100|12|18|6,136,326340,163102,0.000416569671,0.000833139343,pass,pass,19
81629,6663293641,58|112|120|130,58|54|8|10,130,326386,163128,0.000398142817,0.000796285634,pass,pass,29
81637,6664599769,88|100|102|168,88|12|2|66,168,326380,163106,0.000514472604,0.001028945209,pass,pass,7
81647,6666232609,10|12|24|28,10|2|12|4,28,326560,163266,8.5734932e-05,0.000171469864,pass,pass,17
81649,6666559201,18|42|100|102,18|24|58|2,102,326494,163196,0.000312312459,0.000624624919,pass,pass,19
81667,6669498889,22|40|60|82,22|18|20|22,82,326586,163252,0.000251019384,0.000502038767,pass,pass,7
81671,6670152241,16|22|46|60,16|6|24|14,60,326624,163282,0.000183663724,0.000367327448,pass,pass,11
81677,6671132329,10|24|42|64,10|14|18|22,64,326644,163290,0.000195893581,0.000391787162,pass,pass,17
81689,6673092721,16|28|36|40,16|12|8|4,40,326716,163338,0.000122415503,0.000244831005,pass,pass,29
81701,6675053401,30|70|78|100,30|40|8|22,100,326704,163302,0.000305993807,0.000611987613,pass,pass,11
81703,6675380209,18|28|58|60,18|10|30|2,60,326752,163346,0.00018359179,0.00036718358,pass,pass,13
81707,6676033849,18|24|30|52,18|6|6|22,52,326776,163362,0.000159105095,0.00031821019,pass,pass,17
81727,6679302529,40|42|60|70,40|2|18|10,70,326838,163384,0.000214127522,0.000428255044,pass,pass,7
81737,6680937169,4|12|22|34,4|8|10|12,34,326914,163440,0.000103992072,0.000207984144,pass,pass,17
81749,6682899001,28|36|42|48,28|8|6|6,48,326948,163450,0.000146790786,0.000293581573,pass,pass,29
81761,6684861121,58|70|180|186,58|12|110|6,186,326858,163336,0.000568730813,0.001137461626,pass,pass,11
81769,6686169361,18|42|70|88,18|24|28|18,88,326988,163450,0.000269050618,0.000538101236,pass,pass,19
81773,6686823529,24|60|72|78,24|36|12|6,78,327014,163468,0.000238465019,0.000476930038,pass,pass,23
81799,6691076401,36|52|58|72,36|16|6|14,72,327124,163526,0.00022005159,0.00044010318,pass,pass,19
81817,6694021489,22|30|58|70,22|8|28|12,70,327198,163564,0.000213891978,0.000427783957,pass,pass,7
81839,6697621921,6|42|70|96,6|36|28|26,96,327260,163582,0.000293258715,0.000586517431,pass,pass,29
81847,6698931409,30|78|88|112,30|48|10|24,112,327276,163582,0.000342101726,0.000684203453,pass,pass,7
81853,6699913609,22|58|90|114,22|36|32|24,114,327298,163592,0.000348185161,0.000696370322,pass,pass,13
81869,6702533161,36|46|48|88,36|10|2|40,88,327388,163650,0.000268721983,0.000537443965,pass,pass,29
81883,6704825689,4|48|52|90,4|44|4|38,90,327442,163676,0.000274782311,0.000549564623,pass,pass,13
81899,6707446201,18|60|100|108,18|42|40|8,108,327488,163690,0.000329674355,0.00065934871,pass,pass,29
81901,6707773801,16|18|40|46,16|2|22|6,46,327558,163756,0.000140413426,0.000280826852,pass,pass,1
81919,6710722561,30|60|78|102,30|30|18|24,102,327574,163736,0.000311283097,0.000622566193,pass,pass,19
81929,6712361041,12|28|72|126,12|16|44|54,126,327590,163732,0.000384479244,0.000768958488,pass,pass,29
81931,6712688761,28|30|52|60,28|2|22|8,60,327664,163802,0.000183080885,0.00036616177,pass,pass,1
81937,6713671969,4|12|34|60,4|8|22|26,60,327688,163814,0.000183067479,0.000366134957,pass,pass,7
81943,6714655249,12|52|64|84,12|40|12|20,84,327688,163802,0.000256275704,0.000512551408,pass,pass,13
81953,6716294209,22|60|108|118,22|38|48|10,118,327694,163788,0.000359962417,0.000719924835,pass,pass,23
81967,6718589089,10|28|64|112,10|18|36|48,112,327756,163822,0.000341600888,0.000683201776,pass,pass,7
81971,6719244841,18|78|96|112,18|60|18|16,112,327772,163830,0.000341584219,0.000683168438,pass,pass,11
81973,6719572729,4|34|42|52,4|30|8|10,52,327840,163894,0.000158588804,0.000317177607,pass,pass,13
82003,6724492009,4|30|34|48,4|26|4|14,48,327964,163958,0.00014633611,0.000292672219,pass,pass,13
82007,6725148049,12|22|58|60,12|10|36|2,60,327968,163954,0.000182911215,0.00036582243,pass,pass,17
82009,6725476081,36|60|102|120,36|24|42|18,120,327916,163898,0.000365813508,0.000731627017,pass,pass,19
82013,6726132169,58|70|72|84,58|12|2|12,84,327968,163942,0.000256056967,0.000512113933,pass,pass,23
82021,6727444441,46|48|102|190,46|2|54|88,190,327894,163852,0.000579119981,0.001158239963,pass,pass,1
82031,6729084961,22|60|76|102,22|38|16|26,102,328022,163960,0.00031085809,0.00062171618,pass,pass,11
82037,6730069369,88|114|130|154,88|26|16|24,154,327994,163920,0.000469300438,0.000938600875,pass,pass,17
82039,6730397521,30|40|66|96,30|10|26|30,96,328060,163982,0.00029254379,0.00058508758,pass,pass,19
82051,6732366601,22|42|76|162,22|20|34|86,162,328042,163940,0.000493595447,0.000987190893,pass,pass,1
82067,6734992489,64|84|108|130,64|20|24|22,130,328138,164004,0.000396017888,0.000792035776,pass,pass,17
82073,6735977329,4|22|30|90,4|18|8|60,90,328202,164056,0.000274146187,0.000548292374,pass,pass,23
82129,6745172641,6|22|48|60,6|16|26|12,60,328456,164198,0.000182639506,0.000365279012,pass,pass,19
82139,6746815321,120|130|136|138,120|10|6|2,138,328418,164140,0.000420019723,0.000840039445,pass,pass,29
82141,6747143881,18|52|58|88,18|34|6|30,88,328476,164194,0.000267832142,0.000535664285,pass,pass,1
82153,6749115409,40|54|58|88,40|14|4|30,88,328524,164218,0.00026779302,0.000535586041,pass,pass,13
82163,6750758569,24|58|88|90,24|34|30|2,90,328562,164236,0.000273845892,0.000547691783,pass,pass,23
82171,6752073241,16|18|40|42,16|2|22|2,42,328642,164300,0.000127782308,0.000255564615,pass,pass,1
82183,6754045489,22|48|118|144,22|26|70|26,144,328588,164222,0.000438046798,0.000876093596,pass,pass,13
82189,6755031721,12|22|36|40,12|10|14|4,40,328716,164338,0.000121670783,0.000243341566,pass,pass,19
82193,6755689249,24|58|100|108,24|34|42|8,108,328664,164278,0.000328495127,0.000656990255,pass,pass,23
82207,6757990849,4|12|54|58,4|8|42|4,58,328770,164356,0.000176384006,0.000352768012,pass,pass,7
82217,6759635089,12|34|58|72,12|22|24|14,72,328796,164362,0.000218932824,0.000437865648,pass,pass,17
82219,6759963961,46|48|58|66,46|2|10|8,66,328810,164372,0.00020068354,0.000401367081,pass,pass,19
82223,6760621729,10|64|82|102,10|54|18|20,102,328790,164344,0.000310132201,0.000620264403,pass,pass,23
82231,6761937361,12|40|60|82,12|28|20|22,82,328842,164380,0.00024929771,0.00049859542,pass,pass,1
82237,6762924169,18|58|82|130,18|40|24|48,130,328818,164344,0.000395199241,0.000790398482,pass,pass,7
82241,6763582081,18|70|130|132,18|52|60|2,132,328832,164350,0.000401259712,0.000802519425,pass,pass,11
82261,6766872121,6|16|36|58,6|10|20|22,58,328986,164464,0.000176268219,0.000352536439,pass,pass,1
82267,6767859289,24|60|72|100,24|36|12|28,100,328968,164434,0.000303888558,0.000607777116,pass,pass,7
82279,6769833841,40|72|78|112,40|32|6|34,112,329004,164446,0.000340305546,0.000680611092,pass,pass,19
82301,6773454601,30|36|58|70,30|6|22|12,70,329134,164532,0.000212634111,0.000425268223,pass,pass,11
82307,6774442249,24|28|40|54,24|4|12|14,54,329174,164560,0.000164020071,0.000328040142,pass,pass,17
82339,6779710921,12|16|36|70,12|4|20|34,70,329286,164608,0.000212535979,0.000425071959,pass,pass,19
82349,6781357801,12|18|30|36,12|6|12|6,36,329360,164662,0.000109290945,0.000218581889,pass,pass,29
82351,6781687201,18|22|48|72,18|4|26|24,72,329332,164630,0.000218576581,0.000437153161,pass,pass,1
82361,6783334321,10|30|46|142,10|20|16|96,142,329302,164580,0.000431029249,0.000862058499,pass,pass,11
82373,6785311129,18|24|48|60,18|6|24|12,60,329432,164686,0.000182098503,0.000364197006,pass,pass,23
82387,6787617769,70|88|100|102,70|18|12|2,102,329446,164672,0.000309514851,0.000619029701,pass,pass,7
82393,6788606449,34|48|58|70,34|14|10|12,70,329502,164716,0.000212396684,0.000424793368,pass,pass,13
82421,6793221241,28|30|52|58,28|2|22|6,58,329626,164784,0.000175926038,0.000351852077,pass,pass,11
82457,6799156849,4|52|58|60,4|48|6|2,60,329768,164854,0.000181912997,0.000363825994,pass,pass,17
82463,6800146369,24|30|60|64,24|6|30|4,64,329788,164862,0.000194026412,0.000388052824,pass,pass,23
82469,6801135961,16|42|46|48,16|26|4|2,48,329828,164890,0.000145509222,0.000291018443,pass,pass,29
82471,6801465841,16|42|46|76,16|26|4|30,76,329808,164866,0.000230384014,0.000460768028,pass,pass,1
82483,6803445289,4|28|34|78,4|24|6|44,78,329854,164888,0.000236412352,0.000472824703,pass,pass,13
82487,6804105169,30|52|54|72,30|22|2|18,72,329876,164902,0.000218216204,0.000436432408,pass,pass,17
82493,6805095049,48|82|90|102,48|34|8|12,102,329870,164884,0.000309117137,0.000618234274,pass,pass,23
82499,6806085001,16|58|70|78,16|42|12|8,78,329918,164920,0.000236366501,0.000472733003,pass,pass,29
82507,6807405049,4|12|34|42,4|8|22|8,42,329986,164972,0.000127261929,0.000254523859,pass,pass,7
82529,6811035841,16|82|108|156,16|66|26|48,156,329960,164902,0.00047256116,0.000945122321,pass,pass,29
82531,6811365961,28|36|88|96,28|8|52|8,96,330028,164966,0.000290799821,0.000581599641,pass,pass,1
82549,6814337401,28|100|102|106,28|72|2|4,106,330090,164992,0.000321021454,0.000642042908,pass,pass,19
82559,6815988481,18|58|112|168,18|40|54|56,168,330068,164950,0.000508727092,0.001017454184,pass,pass,29
82561,6816318721,58|66|102|132,58|8|36|30,132,330112,164990,0.000399704461,0.000799408922,pass,pass,1
82567,6817309489,18|28|48|58,18|10|20|10,58,330210,165076,0.000175614955,0.00035122991,pass,pass,7
82571,6817970041,12|18|28|46,12|6|10|18,46,330238,165096,0.000139274079,0.000278548159,pass,pass,11
82591,6821273281,6|12|18|36,6|6|6|18,36,330328,165146,0.000108970711,0.000217941422,pass,pass,1
82601,6822925201,36|46|60|70,36|10|14|10,70,330334,165132,0.000211861842,0.000423723684,pass,pass,11
82609,6824246881,18|90|106|126,18|72|16|20,126,330310,165092,0.000381314385,0.000762628769,pass,pass,19
82613,6824907769,40|42|64|102,40|2|22|38,102,330350,165124,0.000308668127,0.000617336255,pass,pass,23
82619,6825899161,30|48|82|102,30|18|34|20,102,330374,165136,0.000308645711,0.000617291422,pass,pass,29
82633,6828212689,12|28|42|82,12|16|14|40,82,330450,165184,0.000248084906,0.000496169811,pass,pass,13
82651,6831187801,78|232|256|312,78|154|24|56,312,330292,164990,0.000943727239,0.001887454477,pass,fail,1
82657,6832179649,12|58|64|78,12|46|6|14,78,330550,165236,0.000235914684,0.000471829367,pass,pass,7
82699,6839124601,36|60|82|102,36|24|22|20,102,330694,165296,0.000308347138,0.000616694277,pass,pass,19
82721,6842763841,30|90|202|216,30|60|112|14,216,330668,165226,0.000652796751,0.001305593501,pass,pass,11
82723,6843094729,4|22|42|100,4|18|20|58,100,330792,165346,0.000302213411,0.000604426822,pass,pass,13
82727,6843756529,58|64|108|112,58|6|44|4,112,330796,165342,0.000338462654,0.000676925309,pass,pass,17
82729,6844087441,6|16|46|72,6|10|30|26,72,330844,165386,0.000217577875,0.000435155749,pass,pass,19
82757,6848721049,22|58|102|112,22|36|44|10,112,330916,165402,0.000338339959,0.000676679918,pass,pass,17
82759,6849052081,18|22|36|40,18|4|14|4,40,330996,165478,0.00012083278,0.000241665559,pass,pass,19
82763,6849714169,30|58|60|64,30|28|2|4,64,330988,165462,0.000193323103,0.000386646207,pass,pass,23
82781,6852693961,12|66|88|142,12|54|22|54,142,330982,165420,0.000428842367,0.000857684734,pass,pass,11
82787,6853687369,34|58|64|78,34|24|6|14,78,331070,165496,0.000235544228,0.000471088456,pass,pass,17
82793,6854680849,18|24|48|84,18|6|24|36,84,331088,165502,0.000253644632,0.000507289264,pass,pass,23
82799,6855674401,28|70|78|118,28|42|8|40,118,331078,165480,0.000356284496,0.000712568992,pass,pass,29
82811,6857661721,16|30|36|72,16|14|6|36,72,331172,165550,0.000217362428,0.000434724855,pass,pass,11
82813,6857992969,64|70|72|78,64|6|2|6,78,331174,165548,0.000235470276,0.000470940553,pass,pass,13
82837,6861968569,22|24|40|78,22|2|16|38,78,331270,165596,0.000235402055,0.000470804109,pass,pass,7
82847,6863625409,12|18|40|72,12|6|22|32,72,331316,165622,0.000217267976,0.000434535952,pass,pass,17
82883,6869591689,24|30|42|52,24|6|12|10,52,331480,165714,0.000156847604,0.000313695209,pass,pass,23
82889,6870586321,40|48|70|120,40|8|22|50,120,331436,165658,0.00036192981,0.000723859619,pass,pass,29
82891,6870917881,36|76|88|90,36|40|12|2,90,331474,165692,0.000271440808,0.000542881616,pass,pass,1
82903,6872907409,58|84|162|208,58|26|78|46,208,331404,165598,0.000627239063,0.001254478125,pass,pass,13
82913,6874565569,28|60|100|190,28|32|40|90,190,331462,165636,0.000572889655,0.001145779311,pass,pass,23
82939,6878877721,16|30|36|46,16|14|6|10,46,331710,165832,0.000138656121,0.000277312242,pass,pass,19
82963,6882859369,18|28|58|70,18|10|30|12,70,331782,165856,0.000210937406,0.000421874812,pass,pass,13
82981,6885846361,132|142|148|160,132|10|6|12,160,331764,165802,0.000482038057,0.000964076114,pass,pass,1
82997,6888502009,30|48|88|90,30|18|40|2,90,331898,165904,0.000271094136,0.000542188272,pass,pass,17
83003,6889498009,58|60|130|154,58|2|70|24,154,331858,165852,0.000463838656,0.000927677313,pass,pass,23
83009,6890494081,16|18|28|58,16|2|10|30,58,331978,165960,0.000174679854,0.000349359708,pass,pass,29
83023,6892818529,4|10|24|102,4|6|14|78,102,331990,165944,0.000307143804,0.000614287607,pass,pass,13
83047,6896804209,18|28|42|52,18|10|14|10,52,332136,166042,0.000156537864,0.000313075728,pass,pass,7
83059,6898797481,6|58|60|66,6|52|2|6,66,332170,166052,0.000198653969,0.000397307938,pass,pass,19
83063,6899461969,4|54|60|78,4|50|6|18,78,332174,166048,0.000234761567,0.000469523133,pass,pass,23
83071,6900791041,42|60|82|148,42|18|22|66,148,332136,165994,0.000445402126,0.000890804252,pass,pass,1
83077,6901787929,18|28|54|70,18|10|26|16,70,332238,166084,0.000210647953,0.000421295906,pass,pass,7
83089,6903781921,28|58|60|66,28|30|2|6,66,332290,166112,0.000198582243,0.000397164486,pass,pass,19
83093,6904446649,22|34|58|70,22|12|24|12,70,332302,166116,0.000210607392,0.000421214783,pass,pass,23
83101,6905776201,16|90|132|142,16|74|42|10,142,332262,166060,0.000427191009,0.000854382017,pass,pass,1
83117,6908435689,22|24|30|70,22|2|6|40,70,332398,166164,0.000210546579,0.000421093158,pass,pass,17
83137,6911760769,4|12|30|42,4|8|18|12,42,332506,166232,0.000126297557,0.000252595114,pass,pass,7
83177,6918413329,42|90|100|168,42|48|10|68,168,332540,166186,0.000504947281,0.001009894562,pass,pass,17
83203,6922739209,24|58|70|88,24|34|12|18,88,332724,166318,0.000264413543,0.000528827086,pass,pass,13
83207,6923404849,28|34|48|54,28|6|14|6,54,332774,166360,0.000162245965,0.00032449193,pass,pass,17
83219,6925401961,10|36|60|70,10|26|24|10,70,332806,166368,0.000210288516,0.000420577032,pass,pass,29
83221,6925734841,12|28|48|60,12|16|20|12,60,332824,166382,0.000180242968,0.000360485935,pass,pass,1
83227,6926733529,4|58|72|108,4|54|14|36,108,332800,166346,0.000324413952,0.000648827904,pass,pass,7
83231,6927399361,18|60|70|78,18|42|10|8,78,332846,166384,0.000234287705,0.000468575411,pass,pass,11
83233,6927732289,130|132|144|174,130|2|12|30,174,332758,166292,0.000522629246,0.001045258491,pass,pass,13
83243,6929397049,40|54|112|124,40|14|58|12,124,332848,166362,0.000372403686,0.000744807371,pass,pass,23
83257,6931728049,10|52|100|114,10|42|48|14,114,332914,166400,0.000342313559,0.000684627118,pass,pass,7
83267,6933393289,4|18|120|130,4|14|102|10,130,332938,166404,0.000390310687,0.000780621375,pass,pass,17
83269,6933726361,30|108|150|156,30|78|42|6,156,332920,166382,0.000468361575,0.00093672315,pass,pass,19
83273,6934392529,10|52|64|82,10|42|12|18,82,333010,166464,0.000246178233,0.000492356466,pass,pass,23
83299,6938723401,12|46|70|100,12|34|24|30,100,333096,166498,0.000300123651,0.000600247302,pass,pass,19
83311,6940722721,10|48|78|88,10|38|30|10,88,333156,166534,0.000264070771,0.000528141542,pass,pass,1
83339,6945388921,48|58|66|72,48|10|8|6,72,333284,166606,0.000215985313,0.000431970626,pass,pass,29
83341,6945722281,42|66|72|78,42|24|6|6,78,333286,166604,0.000233978474,0.000467956948,pass,pass,1
83357,6948389449,4|40|42|52,4|36|2|10,52,333376,166662,0.000155955709,0.000311911417,pass,pass,17
83383,6952724689,18|40|60|72,18|22|20|12,72,333460,166694,0.000215871341,0.000431742681,pass,pass,13
83389,6953725321,6|46|60|78,6|40|14|18,78,333478,166700,0.000233843792,0.000467687585,pass,pass,19
83399,6955393201,28|30|52|78,28|2|22|26,78,333518,166720,0.000233815753,0.000467631506,pass,pass,29
83401,6955726801,6|18|46|58,6|12|28|12,58,333546,166744,0.000173858827,0.000347717653,pass,pass,1
83407,6956727649,18|42|58|82,18|24|16|24,82,333546,166732,0.000245782728,0.000491565456,pass,pass,7
83417,6958395889,22|42|70|102,22|20|28|32,102,333566,166732,0.000305693084,0.000611386168,pass,pass,17
83423,6959396929,28|30|64|72,28|2|34|8,72,333620,166774,0.000215767834,0.000431535668,pass,pass,23
83431,6960731761,22|36|42|46,22|14|6|4,46,333678,166816,0.000137838453,0.000275676907,pass,pass,1
83437,6961732969,24|58|60|90,24|34|2|30,90,333658,166784,0.000269664537,0.000539329075,pass,pass,7
83443,6962734249,4|42|58|72,4|38|16|14,72,333700,166814,0.000215716118,0.000431432235,pass,pass,13
83449,6963735601,12|42|88|96,12|30|46|8,96,333700,166802,0.00028760081,0.00057520162,pass,pass,19
83459,6965404681,6|30|36|46,6|24|6|10,46,333790,166872,0.000137792209,0.000275584419,pass,pass,29
83471,6967407841,52|66|120|130,52|14|54|10,130,333754,166812,0.000389356783,0.000778713565,pass,pass,11
83477,6968409529,82|118|124|132,82|36|6|8,132,333776,166822,0.000395318471,0.000790636942,pass,pass,17
83497,6971749009,30|40|54|102,30|10|14|48,102,333886,166892,0.000305400194,0.000610800388,pass,pass,7
83537,6978430369,42|58|72|138,42|16|14|66,138,334010,166936,0.000412990651,0.000825981302,pass,pass,17
83557,6981772249,34|48|90|100,34|14|42|10,100,334128,167014,0.000299196955,0.000598393911,pass,pass,7
83561,6982440721,48|58|70|76,48|10|12|6,76,334168,167046,0.000227378801,0.000454757602,pass,pass,11
83563,6982774969,58|60|70|108,58|2|10|38,108,334144,167018,0.00032310951,0.00064621902,pass,pass,13
83579,6985449241,16|18|42|82,16|2|24|40,82,334234,167076,0.000245276924,0.000490553847,pass,pass,29
83591,6987455281,16|22|36|46,16|6|14|10,46,334318,167136,0.000137574619,0.000275149239,pass,pass,11
83597,6988458409,22|30|34|52,22|8|4|18,52,334336,167142,0.000155507973,0.000311015946,pass,pass,17
83609,6990464881,10|70|148|192,10|60|78|44,192,334244,167026,0.000574100874,0.001148201749,pass,pass,29
83617,6991802689,54|58|60|70,54|4|2|10,70,334398,167164,0.000209287585,0.00041857517,pass,pass,7
83621,6992471641,16|28|46|58,16|12|18|12,58,334426,167184,0.000173401418,0.000346802837,pass,pass,11
83639,6995482321,10|22|36|48,10|12|14|12,48,334508,167230,0.000143473738,0.000286947477,pass,pass,29
83641,6995816881,18|30|42|96,18|12|12|54,96,334468,167186,0.000286940615,0.00057388123,pass,pass,1
83653,6997824409,34|72|78|90,34|38|6|12,90,334522,167216,0.000268968238,0.000537936476,pass,pass,13
83663,6999497569,10|18|28|30,10|8|10|2,30,334622,167296,8.9645363e-05,0.000179290726,pass,pass,23
83689,7003848721,42|88|106|108,42|46|18|2,108,334648,167270,0.000322623045,0.00064524609,pass,pass,19
83701,7005857401,6|12|60|100,6|6|48|40,100,334704,167302,0.000298682214,0.000597364428,pass,pass,1
83717,7008536089,64|90|112|118,64|26|22|6,118,334750,167316,0.000352377653,0.000704755307,pass,pass,17
83719,7008870961,10|58|120|190,10|48|62|70,190,334686,167248,0.000567374192,0.001134748384,pass,pass,19
83737,7011885169,18|48|58|78,18|30|10|20,78,334870,167396,0.000232871968,0.000465743936,pass,pass,7
83761,7015905121,12|18|40|42,12|6|22|2,42,335002,167480,0.00012535667,0.000250713339,pass,pass,1
83773,7017915529,4|18|58|70,4|14|40|12,70,335022,167476,0.000208897855,0.00041779571,pass,pass,13
83777,7018585729,18|22|52|102,18|4|30|50,102,335006,167452,0.000304379484,0.000608758967,pass,pass,17
83791,7020931681,12|40|60|70,12|28|20|10,70,335094,167512,0.000208852979,0.000417705959,pass,pass,1
83813,7024618969,4|18|30|40,4|14|12|10,40,335212,167586,0.000119313233,0.000238626466,pass,pass,23
83833,7027971889,28|52|58|60,28|24|6|2,60,335272,167606,0.000178927153,0.000357854306,pass,pass,13
83843,7029648649,4|34|48|52,4|30|14|4,52,335320,167634,0.000155051704,0.000310103408,pass,pass,23
83857,7031996449,4|10|78|100,4|6|68|22,100,335328,167614,0.000298126573,0.000596253145,pass,pass,7
83869,7034009161,6|46|58|70,6|40|12|12,70,335406,167668,0.000208658742,0.000417317483,pass,pass,19
83873,7034680129,52|54|58|78,52|2|4|20,78,335414,167668,0.000232494366,0.000464988733,pass,pass,23
83891,7037699881,60|66|76|88,60|6|10|12,88,335476,167694,0.000262245056,0.000524490112,pass,pass,11
83903,7039713409,84|88|112|144,84|4|24|32,144,335468,167662,0.000429066899,0.000858133797,pass,pass,23
83911,7041055921,18|78|82|96,18|60|4|14,96,335548,167726,0.000286017328,0.000572034656,pass,pass,1
83921,7042734241,48|58|118|126,48|10|60|8,126,335558,167716,0.000375353011,0.000750706021,pass,pass,11
83933,7044748489,28|30|42|48,28|2|12|6,48,335684,167818,0.000142971179,0.000285942359,pass,pass,23
83939,7045755721,6|42|58|72,6|36|16|14,72,335684,167806,0.00021444144,0.000428882879,pass,pass,29
83969,7050792961,10|90|102|108,10|80|12|6,108,335768,167830,0.000321547238,0.000643094475,pass,pass,29
83983,7053144289,24|34|78|88,24|10|44|10,88,335844,167878,0.000261957777,0.000523915554,pass,pass,13
83987,7053816169,24|54|114|124,24|30|60|10,124,335824,167850,0.000369104742,0.000738209485,pass,pass,17
84011,7057848121,22|52|90|142,22|30|38|52,142,335902,167880,0.000422563712,0.000845127424,pass,pass,11
84017,7058856289,4|60|90|102,4|56|30|12,102,335966,167932,0.000303510004,0.000607020008,pass,pass,17
84047,7063898209,40|54|60|64,40|14|6|4,64,336124,168030,0.000190369674,0.000380739348,pass,pass,17
84053,7064906809,30|34|102|108,30|4|68|6,108,336104,167998,0.000321225893,0.000642451786,pass,pass,23
84059,7065915481,22|58|76|78,22|36|18|2,78,336158,168040,0.000231979919,0.000463959838,pass,pass,29
84061,7066251721,36|48|58|78,36|12|10|20,78,336166,168044,0.0002319744,0.000463948799,pass,pass,1
84067,7067260489,48|70|160|198,48|22|90|38,198,336070,167936,0.000588816063,0.001177632127,pass,pass,7
84089,7070959921,12|48|60|88,12|36|12|28,88,336268,168090,0.000261627561,0.000523255123,pass,pass,29
84121,7076342641,30|40|78|148,30|10|38|70,148,336336,168094,0.000439842608,0.000879685215,pass,pass,1
84127,7077352129,12|18|24|52,12|6|6|28,52,336456,168202,0.000154528273,0.000309056545,pass,pass,7
84131,7078025161,48|58|70|88,48|10|12|18,88,336436,168174,0.000261496951,0.000522993902,pass,pass,11
84137,7079034769,4|28|30|34,4|24|2|4,34,336514,168240,0.000101025708,0.000202051416,pass,pass,17
84143,7080044449,48|112|114|118,48|64|2|4,118,336454,168168,0.000350593632,0.000701187265,pass,pass,23
84163,7083410569,70|118|130|190,70|48|12|60,190,336462,168136,0.000564381023,0.001128762045,pass,pass,13
84179,7086104041,16|66|112|136,16|50|46|24,136,336580,168222,0.000403901211,0.000807802421,pass,pass,29
84181,7086440761,10|52|58|180,10|42|6|122,180,336544,168182,0.000534562431,0.001069124862,pass,pass,1
84191,7088124481,12|18|28|60,12|6|10|32,60,336704,168322,0.000178166312,0.000356332625,pass,pass,11
84199,7089471601,6|28|46|58,6|22|18|12,58,336738,168340,0.000172211071,0.000344422143,pass,pass,19
84211,7091492521,16|60|78|100,16|44|18|22,100,336744,168322,0.00029687333,0.00059374666,pass,pass,1
84221,7093176841,6|48|58|100,6|42|10|42,100,336784,168342,0.000296838081,0.000593676162,pass,pass,11
84223,7093513729,12|30|40|120,12|18|10|80,120,336772,168326,0.000356197238,0.000712394477,pass,pass,13
84229,7094524441,46|78|90|102,46|32|12|12,102,336814,168356,0.000302746085,0.00060549217,pass,pass,19
84239,7096209121,28|30|36|40,28|2|6|4,40,336916,168438,0.000118709861,0.000237419722,pass,pass,29
84247,7097557009,22|124|138|148,22|102|14|10,148,336840,168346,0.000439184778,0.000878369556,pass,pass,7
84263,7100253169,28|42|58|64,28|14|16|6,64,336988,168462,0.00018988168,0.00037976336,pass,pass,23
84299,7106321401,12|58|70|78,12|46|12|8,78,337118,168520,0.00023131947,0.00046263894,pass,pass,29
84307,7107670249,4|30|124|130,4|26|94|6,130,337098,168484,0.000385495866,0.000770991733,pass,pass,7
84313,7108681969,34|58|78|88,34|24|20|10,88,337164,168538,0.000260932478,0.000521864956,pass,pass,13
84317,7109356489,4|54|88|118,4|50|34|30,118,337150,168516,0.000349870133,0.000699740266,pass,pass,17
84319,7109693761,18|36|60|76,18|18|24|16,76,337200,168562,0.000225334741,0.000450669481,pass,pass,19
84347,7114416409,34|42|72|118,34|8|30|46,118,337270,168576,0.000349745693,0.000699491387,pass,pass,17
84349,7114753801,52|100|108|148,52|48|8|40,148,337248,168550,0.000438653689,0.000877307378,pass,pass,19
84377,7119478129,18|60|78|124,18|42|18|46,124,337384,168630,0.000367398699,0.000734797397,pass,pass,17
84389,7121503321,18|58|66|76,18|40|8|10,76,337480,168702,0.000225147827,0.000450295655,pass,pass,29
84391,7121840881,22|100|108|150,22|78|8|42,150,337414,168632,0.000444360181,0.000888720361,pass,pass,1
84401,7123528801,6|12|36|46,6|6|24|10,46,337558,168756,0.00013625431,0.00027250862,pass,pass,11
84407,7124541649,18|24|70|78,18|6|46|8,78,337550,168736,0.000231023493,0.000462046987,pass,pass,17
84421,7126905241,18|46|88|102,18|28|42|14,102,337582,168740,0.000302057545,0.00060411509,pass,pass,1
84431,7128593761,16|18|46|66,16|2|28|20,66,337658,168796,0.000195425851,0.000390851701,pass,pass,11
84437,7129606969,70|78|112|130,70|8|34|18,130,337618,168744,0.000384902353,0.000769804706,pass,pass,17
84443,7130620249,58|60|100|168,58|2|40|68,168,337604,168718,0.000497376929,0.000994753858,pass,pass,23
84449,7131633601,10|22|58|60,10|12|36|2,60,337736,168838,0.000177621997,0.000355243993,pass,pass,29
84457,7132984849,4|12|132|138,4|8|120|6,138,337690,168776,0.000408491895,0.000816983791,pass,pass,7
84463,7133998369,54|72|108|144,54|18|36|36,144,337708,168782,0.000426222133,0.000852444266,pass,pass,13
84467,7134674089,4|12|22|34,4|8|10|12,34,337834,168900,0.000100631016,0.000201262031,pass,pass,17
84481,7137039361,18|28|36|82,18|10|8|46,82,337842,168880,0.000242658112,0.000485316225,pass,pass,1
84499,7140081001,18|22|28|36,18|4|6|8,36,337960,168962,0.000106510136,0.000213020272,pass,pass,19
84503,7140757009,24|60|72|94,24|36|12|22,94,337918,168912,0.000278096636,0.000556193271,pass,pass,23
84509,7141771081,12|16|40|42,12|4|24|2,42,337994,168976,0.000124247122,0.000248494243,pass,pass,29
84521,7143799441,28|48|70|72,28|20|22|2,72,338012,168970,0.000212964825,0.000425929651,pass,pass,11
84523,7144137529,22|70|78|100,22|48|8|22,100,337992,168946,0.000295777481,0.000591554961,pass,pass,13
84533,7145828089,22|52|58|88,22|30|6|30,88,338044,168978,0.000260253392,0.000520506784,pass,pass,23
84551,7148871601,28|40|72|100,28|12|32|28,100,338104,169002,0.000295679531,0.000591359061,pass,pass,11
84559,7150224481,22|30|36|46,22|8|6|10,46,338190,169072,0.000135999716,0.000271999432,pass,pass,19
84589,7155298921,12|28|30|40,12|16|2|10,40,338316,169138,0.000118218681,0.000236437362,pass,pass,19
84629,7162067641,22|36|66|102,22|14|30|36,102,338414,169156,0.000301315152,0.000602630304,pass,pass,29
84631,7162406161,10|28|36|42,10|18|8|6,42,338482,169220,0.000124068013,0.000248136026,pass,pass,1
84649,7165453201,12|30|46|48,12|18|16|2,48,338548,169250,0.000141761864,0.000283523727,pass,pass,19
84653,7166130409,18|22|64|120,18|4|42|56,120,338492,169186,0.000354387913,0.000708775826,pass,pass,23
84659,7167146281,12|18|42|96,12|6|24|54,96,338540,169222,0.000283490237,0.000566980475,pass,pass,29
84673,7169516929,4|22|40|64,4|18|18|24,64,338628,169282,0.000188962243,0.000377924486,pass,pass,13
84691,7172565481,72|78|148|156,72|6|70|8,156,338608,169226,0.000460497574,0.000920995147,pass,pass,1
84697,7173581809,4|52|78|94,4|48|26|16,94,338694,169300,0.00027745965,0.000554919301,pass,pass,7
84701,7174259401,30|78|88|100,30|48|10|12,100,338704,169302,0.000295155901,0.000590311803,pass,pass,11
84713,7176292369,4|28|70|78,4|24|42|8,78,338774,169348,0.000230188991,0.000460377982,pass,pass,23
84719,7177308961,40|58|76|82,40|18|18|6,82,338794,169356,0.000241976416,0.000483952832,pass,pass,29
84731,7179342361,6|46|48|58,6|40|2|10,58,338866,169404,0.000171129811,0.000342259622,pass,pass,11
84737,7180359169,18|42|60|70,18|24|18|10,70,338878,169404,0.000206521354,0.000413042709,pass,pass,17
84751,7182732001,18|46|70|78,18|28|24|8,78,338926,169424,0.000230085781,0.000460171561,pass,pass,1
84761,7184427121,6|18|28|46,6|12|10|18,46,338998,169476,0.000135675606,0.000271351211,pass,pass,11
84787,7188835369,28|60|70|112,28|32|10|42,112,339036,169462,0.000330239306,0.000660478611,pass,pass,7
84793,7189852849,40|54|58|84,40|14|4|26,84,339088,169502,0.000247661953,0.000495323906,pass,pass,13
84809,7192566481,6|90|102|112,6|84|12|10,112,339124,169506,0.000330153639,0.000660307279,pass,pass,29
84811,7192905721,16|18|22|96,16|2|4|74,96,339148,169526,0.00028298216,0.000565964321,pass,pass,1
84827,7195619929,10|40|64|94,10|30|24|30,94,339214,169560,0.000277034435,0.00055406887,pass,pass,17
84857,7200710449,22|28|52|150,22|6|24|98,150,339278,169564,0.000441919936,0.000883839872,pass,pass,17
84859,7201049881,12|36|126|148,12|24|90|22,148,339288,169570,0.000436017394,0.000872034787,pass,pass,19
84869,7202747161,10|16|78|82,10|6|62|4,82,339394,169656,0.00024154874,0.00048309748,pass,pass,29
84871,7203086641,46|48|112|126,46|2|64|14,126,339358,169616,0.000371151512,0.000742303025,pass,pass,1
84913,7210217569,10|48|84|118,10|38|36|34,118,339534,169708,0.000347414412,0.000694828825,pass,pass,13
84919,7211236561,6|40|42|72,6|34|2|30,72,339604,169766,0.000211966698,0.000423933395,pass,pass,19
84947,7215992809,4|18|42|48,4|14|24|6,48,339740,169846,0.000141264553,0.000282529106,pass,pass,17
84961,7218371521,12|48|70|96,12|36|22|26,96,339748,169826,0.000282482551,0.000564965102,pass,pass,1
84967,7219391089,30|54|58|88,30|24|4|30,88,339780,169846,0.000258924053,0.000517848106,pass,pass,7
84977,7221090529,22|30|64|94,22|8|34|30,94,339814,169860,0.000276545418,0.000553090836,pass,pass,17
84979,7221430441,66|96|108|136,66|30|12|28,136,339780,169822,0.000400098848,0.000800197696,pass,pass,19
84991,7223470081,6|16|58|66,6|10|42|8,66,339898,169916,0.000194138203,0.000388276406,pass,pass,1
85009,7226530081,12|52|60|70,12|40|8|10,70,339966,169948,0.000205860556,0.000411721112,pass,pass,19
85021,7228570441,46|58|82|112,46|12|24|30,112,339972,169930,0.000329330401,0.000658660801,pass,pass,1
85027,7229590729,48|102|124|130,48|54|22|6,130,339978,169924,0.000382231526,0.000764463053,pass,pass,7
85037,7231291369,18|22|60|78,18|4|38|18,78,340070,169996,0.000229311947,0.000458623893,pass,pass,17
85049,7233332401,40|58|72|78,40|18|14|6,78,340118,170020,0.000229279592,0.000458559184,pass,pass,29
85061,7235373721,16|46|76|78,16|30|30|2,78,340166,170044,0.000229247246,0.000458494492,pass,pass,11
85081,7238776561,42|66|100|106,42|24|34|6,106,340218,170056,0.000311467895,0.000622935791,pass,pass,1
85087,7239797569,12|42|78|88,12|30|36|10,88,340260,170086,0.000258558887,0.000517117774,pass,pass,7
85091,7240478281,10|18|22|36,10|8|4|14,36,340328,170146,0.000105769118,0.000211538236,pass,pass,11
85093,7240818649,28|60|78|94,28|32|18|16,94,340278,170092,0.000276168427,0.000552336855,pass,pass,13
85103,7242520609,42|52|70|78,42|10|18|8,78,340334,170128,0.000229134108,0.000458268216,pass,pass,23
85109,7243541881,10|58|60|66,10|48|2|6,66,340370,170152,0.000193869039,0.000387738077,pass,pass,29
85121,7245584641,36|60|66|70,36|24|6|4,70,340414,170172,0.00020558969,0.00041117938,pass,pass,11
85133,7247627689,18|30|52|60,18|12|22|8,60,340472,170206,0.000176194895,0.00035238979,pass,pass,23
85147,7250011609,10|42|52|54,10|32|10|2,54,340534,170240,0.000158549332,0.000317098665,pass,pass,7
85159,7252055281,6|28|60|118,6|22|32|58,118,340518,170200,0.000346410832,0.000692821663,pass,pass,19
85193,7257847249,24|28|102|132,24|4|74|30,132,340640,170254,0.000387355769,0.000774711537,pass,pass,23
85199,7258869601,18|102|106|148,18|84|4|42,148,340648,170250,0.000434277398,0.000868554795,pass,pass,29
85201,7259210401,102|130|132|186,102|28|2|54,186,340618,170216,0.000545768242,0.001091536484,pass,pass,1
85213,7261255369,30|64|102|112,30|34|38|10,112,340740,170314,0.000328588361,0.000657176722,pass,pass,13
85223,7262959729,70|84|100|180,70|14|16|80,180,340712,170266,0.000528026472,0.001056052943,pass,pass,23
85229,7263982441,6|30|48|58,6|24|18|10,58,340858,170400,0.000170129885,0.000340259771,pass,pass,29
85237,7265346169,4|28|42|54,4|24|14|12,54,340894,170420,0.000158381923,0.000316763847,pass,pass,7
85243,7266369049,18|34|42|64,18|16|8|22,64,340908,170422,0.000187698697,0.000375397393,pass,pass,13
85247,7267051009,10|12|30|52,10|2|18|22,52,340936,170442,0.000152498035,0.00030499607,pass,pass,17
85259,7269097081,16|22|112|126,16|6|90|14,126,340910,170392,0.000369462461,0.000738924923,pass,pass,29
85297,7275578209,48|64|100|132,48|16|36|32,132,341056,170462,0.000386883478,0.000773766955,pass,pass,7
85303,7276601809,22|28|58|60,22|6|30|2,60,341152,170546,0.000175843757,0.000351687514,pass,pass,13
85313,7278307969,34|64|84|114,34|30|20|30,114,341138,170512,0.000334063976,0.000668127952,pass,pass,23
85331,7281379561,18|66|96|126,18|48|30|30,126,341198,170536,0.000369150719,0.000738301438,pass,pass,11
85333,7281720889,42|48|72|84,42|6|24|12,84,341248,170582,0.000246094711,0.000492189423,pass,pass,13
85361,7286500321,66|112|118|156,66|46|6|38,156,341288,170566,0.00045688312,0.00091376624,pass,pass,11
85363,7286841769,4|12|30|64,4|8|18|34,64,341388,170662,0.000187434837,0.000374869674,pass,pass,13
85369,7287866161,58|90|132|142,58|32|42|10,142,341334,170596,0.000415841816,0.000831683632,pass,pass,19
85381,7289915161,6|16|46|72,6|10|30|26,72,341452,170690,0.000210819737,0.000421639475,pass,pass,1
85411,7295038921,16|30|58|60,16|14|28|2,60,341584,170762,0.000175621407,0.000351242814,pass,pass,1
85427,7297772329,22|40|52|72,22|18|12|20,72,341636,170782,0.000210706217,0.000421412434,pass,pass,17
85429,7298114041,10|12|88|96,10|2|76|8,96,341620,170762,0.000280935045,0.000561870091,pass,pass,19
85439,7299822721,6|36|46|48,6|30|10|2,48,341708,170830,0.000140451082,0.000280902164,pass,pass,29
85447,7301189809,4|12|30|84,4|8|18|54,84,341704,170810,0.000245766381,0.000491532763,pass,pass,7
85451,7301873401,18|78|82|172,18|60|4|90,172,341632,170730,0.000503212367,0.001006424735,pass,pass,11
85453,7302215209,18|60|70|84,18|42|10|14,84,341728,170822,0.000245749125,0.000491498251,pass,pass,13
85469,7304949961,18|28|40|60,18|10|12|20,60,341816,170878,0.000175502229,0.000351004458,pass,pass,29
85487,7308027169,48|84|88|132,48|36|4|44,132,341816,170842,0.000386023606,0.000772047212,pass,pass,17
85513,7312473169,4|24|30|72,4|20|6|42,72,341980,170954,0.000210494311,0.000420988622,pass,pass,13
85517,7313157289,22|28|58|78,22|6|30|20,78,341990,170956,0.000228024837,0.000456049674,pass,pass,17
85523,7314183529,24|28|58|72,24|4|30|14,72,342020,170974,0.000210469698,0.000420939396,pass,pass,23
85531,7315551961,28|40|48|76,28|12|8|28,76,342048,170986,0.00022214168,0.000444283359,pass,pass,1
85549,7318631401,6|48|100|102,6|42|52|2,102,342094,170996,0.000298074788,0.000596149575,pass,pass,19
85571,7322396041,6|10|72|88,6|4|62|16,88,342196,171054,0.000257096446,0.000514192892,pass,pass,11
85577,7323422929,4|12|30|72,4|8|18|42,72,342236,171082,0.00021033689,0.000420673779,pass,pass,17
85597,7326846409,12|18|22|42,12|6|4|20,42,342346,171152,0.000122667851,0.000245335701,pass,pass,7
85601,7327531201,48|60|102|160,48|12|42|58,160,342244,171042,0.000467284261,0.000934568521,pass,pass,11
85607,7328558449,42|112|132|150,42|70|20|18,150,342278,171064,0.00043804829,0.000876096581,pass,pass,17
85619,7330613161,16|28|76|78,16|12|48|2,78,342398,171160,0.000227753186,0.000455506371,pass,pass,29
85621,7330955641,6|10|18|60,6|4|8|42,60,342424,171182,0.000175190666,0.000350381332,pass,pass,1
85627,7331983129,22|28|34|84,22|6|6|50,84,342424,171170,0.000245249746,0.000490499492,pass,pass,7
85639,7334038321,10|18|58|88,10|8|40|30,88,342468,171190,0.000256892304,0.000513784607,pass,pass,19
85643,7334723449,40|48|82|88,40|8|34|6,88,342484,171198,0.000256880305,0.000513760611,pass,pass,23
85661,7337806921,12|22|40|42,12|10|18|2,42,342602,171280,0.000122576202,0.000245152403,pass,pass,11
85667,7338834889,24|40|42|70,24|16|2|28,70,342598,171264,0.000204279361,0.000408558722,pass,pass,17
85669,7339177561,16|22|30|48,16|6|8|18,48,342628,171290,0.000140074006,0.000280148012,pass,pass,19
85691,7342947481,16|30|90|136,16|14|60|46,136,342628,171246,0.000396774457,0.000793548914,pass,pass,11
85703,7345004209,4|30|48|112,4|26|18|64,112,342700,171294,0.000326709683,0.000653419367,pass,pass,23
85711,7346375521,16|18|52|102,16|2|34|50,102,342742,171320,0.000297511405,0.000595022809,pass,pass,1
85717,7347404089,22|28|60|64,22|6|32|4,64,342804,171370,0.000186660756,0.000373321511,pass,pass,7
85733,7350147289,4|42|72|90,4|38|30|18,90,342842,171376,0.0002624427,0.0005248854,pass,pass,23
85751,7353234001,12|36|40|72,12|24|4|32,72,342932,171430,0.000209910089,0.000419820177,pass,pass,11
85781,7358379961,6|18|36|48,6|12|18|12,48,343076,171514,0.000139891118,0.000279782236,pass,pass,11
85793,7360438849,4|70|150|190,4|66|80|40,190,342982,171396,0.000553658224,0.001107316448,pass,pass,23
85817,7364557489,28|64|72|130,28|36|8|58,130,343138,171504,0.000378712842,0.000757425685,pass,pass,17
85819,7364900761,28|30|72|78,28|2|42|6,78,343198,171560,0.00022722241,0.00045444482,pass,pass,19
85829,7366617241,16|22|58|102,16|6|36|44,102,343214,171556,0.000297102378,0.000594204756,pass,pass,29
85831,7366960561,28|36|42|46,28|8|6|4,46,343278,171616,0.000133984225,0.00026796845,pass,pass,1
85837,7367990569,4|30|42|90,4|26|12|48,90,343258,171584,0.000262124725,0.00052424945,pass,pass,7
85843,7369020649,4|30|34|40,4|26|4|6,40,343332,171646,0.000116491735,0.00023298347,pass,pass,13
85847,7369707409,12|28|30|54,12|16|2|24,54,343334,171640,0.000157256514,0.000314513029,pass,pass,17
85853,7370737609,28|30|58|60,28|2|28|2,60,343352,171646,0.000174717249,0.000349434499,pass,pass,23
85889,7376920321,40|82|108|150,40|42|26|42,150,343406,171628,0.000436610043,0.000873220086,pass,pass,29
85903,7379325409,24|40|70|84,24|16|30|14,84,343528,171722,0.000244461777,0.000488923553,pass,pass,13
85909,7380356281,16|28|96|102,16|12|68|6,102,343534,171716,0.000296825711,0.000593651422,pass,pass,19
85931,7384136761,28|36|82|88,28|8|46|6,88,343636,171774,0.000256019364,0.000512038729,pass,pass,11
85933,7384480489,52|58|184|204,52|6|126|20,204,343528,171662,0.000593485623,0.001186971245,pass,pass,13
85991,7394452081,46|58|108|126,46|12|50|18,126,343838,171856,0.000366317405,0.000732634811,pass,pass,11
85999,7395828001,46|58|66|72,46|12|8|6,72,343924,171926,0.000209304759,0.000418609519,pass,pass,19
86011,7397892121,6|28|96|102,6|22|68|6,102,343942,171920,0.000296473707,0.000592947414,pass,pass,1
86017,7398924289,4|52|108|148,4|48|56|40,148,343920,171886,0.000430147529,0.000860295058,pass,pass,7
86027,7400644729,10|24|30|48,10|14|6|18,48,344060,172006,0.00013949109,0.00027898218,pass,pass,17
86029,7400988841,22|70|96|102,22|48|26|6,102,344014,171956,0.000296411675,0.00059282335,pass,pass,19
86069,7407872761,6|42|72|76,6|36|30|4,76,344200,172062,0.000220753117,0.000441506233,pass,pass,29
86077,7409249929,12|22|30|58,12|10|8|28,58,344250,172096,0.000168453826,0.000336907652,pass,pass,7
86083,7410282889,18|42|52|64,18|24|10|12,64,344268,172102,0.000185867128,0.000371734256,pass,pass,13
86111,7415104321,6|58|76|130,6|52|18|54,130,344314,172092,0.000377419842,0.000754839684,pass,pass,11
86113,7415448769,40|58|82|84,40|18|24|2,84,344368,172142,0.000243865618,0.000487731237,pass,pass,13
86117,7416137689,48|58|130|132,48|10|72|2,132,344336,172102,0.000383199601,0.000766399201,pass,pass,17
86131,7418549161,18|46|58|66,18|28|12|8,66,344458,172196,0.000191568657,0.000383137314,pass,pass,1
86137,7419582769,48|54|82|114,48|6|28|32,114,344434,172160,0.000330868268,0.000661736536,pass,pass,7
86143,7420616449,24|42|54|58,24|18|12|4,58,344514,172228,0.000168324762,0.000336649525,pass,pass,13
86161,7423717921,16|76|100|102,16|60|24|2,102,344542,172220,0.000295957568,0.000591915136,pass,pass,1
86171,7425441241,10|18|22|60,10|8|4|38,60,344624,172282,0.000174072484,0.000348144968,pass,pass,11
86179,7426820041,16|36|60|76,16|20|24|16,76,344640,172282,0.000220471345,0.000440942689,pass,pass,19
86183,7427509489,30|52|54|64,30|22|2|10,64,344668,172302,0.000185651463,0.000371302925,pass,pass,23
86197,7429922809,4|18|72|148,4|14|54|76,148,344640,172246,0.000429249278,0.000858498556,pass,pass,7
86201,7430612401,10|16|18|28,10|6|2|10,28,344776,172374,8.1205554e-05,0.000162411109,pass,pass,11
86209,7431991681,22|28|66|142,22|6|38|76,142,344694,172276,0.000411789952,0.000823579905,pass,pass,19
86239,7437165121,18|46|60|102,18|28|14|42,102,344854,172376,0.000295689885,0.00059137977,pass,pass,19
86243,7437855049,4|48|88|108,4|44|40|20,108,344864,172378,0.000313068887,0.000626137774,pass,pass,23
86249,7438890001,6|30|60|82,6|24|30|22,82,344914,172416,0.000237683915,0.00047536783,pass,pass,29
86257,7440270049,4|64|70|94,4|60|6|24,94,344934,172420,0.000272441657,0.000544883314,pass,pass,7
86263,7441305169,4|28|42|58,4|24|14|16,58,344994,172468,0.000168090607,0.000336181213,pass,pass,13
86269,7442340361,36|102|130|136,36|66|28|6,136,344940,172402,0.000394116079,0.000788232158,pass,pass,19
86287,7445446369,18|40|138|154,18|22|98|16,154,344994,172420,0.000446185405,0.000892370809,pass,pass,7
86291,7446136681,22|36|78|96,22|14|42|18,96,345068,172486,0.000278128658,0.000556257315,pass,pass,11
86293,7446481849,10|88|100|190,10|78|12|90,190,344982,172396,0.00055045021,0.001100900421,pass,pass,13
86297,7447172209,10|54|144|148,10|44|90|4,148,345040,172446,0.000428751869,0.000857503737,pass,pass,17
86311,7449588721,16|58|60|112,16|42|2|52,112,345132,172510,0.000324408245,0.000648816489,pass,pass,1
86323,7451660329,12|24|64|72,12|12|40|8,72,345220,172574,0.000208519166,0.000417038333,pass,pass,13
86341,7454768281,28|48|60|78,28|20|12|18,78,345286,172604,0.00022584867,0.00045169734,pass,pass,1
86351,7456495201,36|52|78|102,36|16|26|24,102,345302,172600,0.000295306366,0.000590612732,pass,pass,11
86353,7456840609,4|10|22|28,4|6|12|6,28,345384,172678,8.1062615e-05,0.00016212523,pass,pass,13
86357,7457531449,64|70|112|114,64|6|42|2,114,345314,172600,0.00033002536,0.00066005072,pass,pass,17
86369,7459604161,16|42|52|60,16|26|10|8,60,345416,172678,0.000173673424,0.000347346849,pass,pass,29
86371,7459949641,18|22|28|46,18|4|6|18,46,345438,172696,0.000133146542,0.000266293084,pass,pass,1
86381,7461677161,60|72|96|130,60|12|24|34,130,345394,172632,0.000376240145,0.000752480291,pass,pass,11
86389,7463059321,6|12|72|100,6|6|60|28,100,345456,172678,0.000289388695,0.000578777391,pass,pass,19
86399,7464787201,18|22|46|48,18|4|24|2,48,345548,172750,0.000138890496,0.000277780993,pass,pass,29
86413,7467206569,72|82|84|118,72|10|2|34,118,345534,172708,0.00034138382,0.000682767639,pass,pass,13
86423,7468934929,4|10|42|82,4|6|32|40,82,345610,172764,0.000237205374,0.000474410747,pass,pass,23
86441,7472046481,16|60|70|126,16|44|10|56,126,345638,172756,0.000364410407,0.000728820814,pass,pass,11
86453,7474121209,18|22|24|52,18|4|2|28,52,345760,172854,0.000150370722,0.000300741443,pass,pass,23
86461,7475504521,46|60|70|72,46|14|10|2,72,345772,172850,0.00020818635,0.0004163727,pass,pass,1
86467,7476542089,18|30|48|52,18|12|18|4,52,345816,172882,0.000150346375,0.00030069275,pass,pass,7
86477,7478271529,4|54|72|78,4|50|18|6,78,345830,172876,0.000225493484,0.000450986968,pass,pass,17
86491,7480693081,16|46|52|70,16|30|6|18,70,345894,172912,0.000202333191,0.000404666381,pass,pass,1
86501,7482423001,16|48|72|102,16|32|24|30,102,345902,172900,0.00029479428,0.00058958856,pass,pass,11
86509,7483807081,6|22|36|90,6|16|14|54,90,345946,172928,0.000260088546,0.000520177091,pass,pass,19
86531,7487613961,22|42|58|88,22|20|16|30,88,346036,172974,0.000254244144,0.000508488287,pass,pass,11
86533,7487960089,10|24|54|82,10|14|30|28,82,346050,172984,0.00023690384,0.00047380768,pass,pass,13
86539,7488998521,70|76|118|160,70|6|42|42,160,345996,172918,0.000462219346,0.000924438692,pass,pass,19
86561,7492806721,22|52|60|96,22|30|8|36,96,346148,173026,0.000277261122,0.000554522244,pass,pass,11
86573,7494884329,28|30|58|64,28|2|28|6,64,346228,173082,0.000184815127,0.000369630254,pass,pass,23
86579,7495923241,10|48|58|126,10|38|10|68,126,346190,173032,0.000363829566,0.000727659132,pass,pass,29
86587,7497308569,34|48|64|72,34|14|16|8,72,346276,173102,0.000207883401,0.000415766801,pass,pass,7
86599,7499386801,18|40|82|100,18|22|42|18,100,346296,173098,0.000288686936,0.000577373873,pass,pass,19
86627,7504237129,30|72|82|102,30|42|10|20,102,346406,173152,0.000294365498,0.000588730996,pass,pass,17
86629,7504583641,16|18|48|60,16|2|30|12,60,346456,173198,0.000173152178,0.000346304355,pass,pass,19
86677,7512902329,64|78|108|204,64|14|30|96,204,346504,173150,0.000588391384,0.001176782768,pass,pass,7
86689,7514982721,22|36|60|82,22|14|24|22,82,346674,173296,0.000236477523,0.000472955046,pass,pass,19
86693,7515676249,4|34|64|72,4|30|30|8,72,346700,173314,0.00020762922,0.000415258441,pass,pass,23
86711,7518797521,36|58|72|112,36|22|14|40,112,346732,173310,0.000322911741,0.000645823483,pass,pass,11
86719,7520184961,22|70|90|106,22|48|20|16,106,346770,173332,0.000305584705,0.000611169409,pass,pass,19
86729,7521919441,10|18|70|126,10|8|52|56,126,346790,173332,0.000363200314,0.000726400627,pass,pass,29
86743,7524348049,10|30|58|70,10|20|28|12,70,346902,173416,0.000201745386,0.000403490772,pass,pass,13
86753,7526083009,34|58|82|84,34|24|24|2,84,346928,173422,0.000242066557,0.000484133114,pass,pass,23
86767,7528512289,48|64|72|124,48|16|8|52,124,346944,173410,0.000357278689,0.000714557378,pass,pass,7
86771,7529206441,18|52|66|96,18|34|14|30,96,346988,173446,0.000276590105,0.00055318021,pass,pass,11
86783,7531289089,22|34|70|84,22|12|36|14,84,347048,173482,0.000241982877,0.000483965754,pass,pass,23
86813,7536496969,4|24|28|82,4|20|4|54,82,347170,173544,0.000236139749,0.000472279497,pass,pass,23
86837,7540664569,18|22|28|100,18|4|6|72,100,347248,173574,0.000287895713,0.000575791425,pass,pass,17
86843,7541706649,24|94|102|112,24|70|8|10,112,347260,173574,0.000322420921,0.000644841841,pass,pass,23
86851,7543096201,12|58|90|130,12|46|32|40,130,347274,173572,0.000374204097,0.000748408193,pass,pass,1
86857,7544138449,22|24|28|42,22|2|4|14,42,347386,173672,0.000120888357,0.000241776713,pass,pass,7
86861,7544833321,58|76|102|112,58|18|26|10,112,347332,173610,0.000322354106,0.000644708212,pass,pass,11
86869,7546223161,10|46|52|58,10|36|6|6,58,347418,173680,0.000166918003,0.000333836006,pass,pass,19
86923,7555607929,88|90|174|282,88|2|84|108,282,347410,173564,0.000811062665,0.001622125329,pass,fail,13
86927,7556303329,24|40|42|64,24|16|2|22,64,347644,173790,0.000184062489,0.000368124978,pass,pass,17
86929,7556651041,10|16|102|148,10|6|86|46,148,347568,173710,0.000425634713,0.000851269427,pass,pass,19
86939,7558389721,46|60|82|88,46|14|22|6,88,347668,173790,0.00025305099,0.00050610198,pass,pass,29
86951,7560476401,30|60|66|88,30|30|6|22,88,347716,173814,0.000253016067,0.000506032133,pass,pass,11
86959,7561867681,82|118|162|190,82|36|44|28,190,347646,173728,0.000546234432,0.001092468865,pass,pass,19
86969,7563606961,28|66|82|88,28|38|16|6,88,347788,173850,0.0002529637,0.000505927399,pass,pass,29
86981,7565694361,40|46|60|88,40|6|14|28,88,347836,173874,0.000252928801,0.000505857601,pass,pass,11
86993,7567782049,64|72|94|100,64|8|22|6,100,347872,173886,0.000287379444,0.000574758889,pass,pass,23
87011,7570914121,12|30|36|58,12|18|6|22,58,347986,173964,0.000166645597,0.000333291193,pass,pass,11
87013,7571262169,4|18|28|48,4|14|10|20,48,348004,173978,0.000137910427,0.000275820854,pass,pass,13
87037,7575439369,4|12|40|58,4|8|28|18,58,348090,174016,0.000166595816,0.000333191631,pass,pass,7
87041,7576135681,6|22|52|90,6|16|30|38,90,348074,173992,0.000258498868,0.000516997737,pass,pass,11
87049,7577528401,42|48|70|108,42|6|22|38,108,348088,173990,0.000310170134,0.000620340268,pass,pass,19
87071,7581359041,6|12|22|46,6|6|10|24,46,348238,174096,0.000132076122,0.000264152244,pass,pass,11
87083,7583448889,18|70|102|118,18|52|32|16,118,348214,174048,0.000338757278,0.000677514555,pass,pass,23
87103,7586932609,40|48|54|64,40|8|6|10,64,348348,174142,0.000183690573,0.000367381146,pass,pass,13
87107,7587629449,52|54|72|78,52|2|18|6,78,348350,174136,0.000223862606,0.000447725212,pass,pass,17
87119,7589720161,28|48|72|106,28|20|24|34,106,348370,174132,0.000304181637,0.000608363273,pass,pass,29
87121,7590068641,22|36|58|82,22|14|22|24,82,348402,174160,0.000235304921,0.000470609841,pass,pass,1
87133,7592159689,10|24|64|90,10|14|40|26,90,348442,174176,0.00025822593,0.000516451861,pass,pass,13
87149,7594948201,10|12|16|40,10|2|4|24,40,348556,174258,0.00011474601,0.000229492019,pass,pass,29
87151,7595296801,36|46|52|60,36|10|6|8,60,348544,174242,0.000172115065,0.000344230129,pass,pass,1
87179,7600178041,18|30|52|60,18|12|22|8,60,348656,174298,0.000172059785,0.00034411957,pass,pass,29
87181,7600526761,16|28|36|46,16|12|8|10,46,348678,174316,0.000131909476,0.000263818951,pass,pass,1
87187,7601572969,4|48|78|118,4|44|30|40,118,348630,174256,0.000338353195,0.00067670639,pass,pass,7
87211,7605758521,6|30|36|40,6|24|6|4,40,348804,174382,0.000114664435,0.000229328869,pass,pass,1
87221,7607502841,16|28|58|60,16|12|30|2,60,348824,174382,0.000171976932,0.000343953864,pass,pass,11
87223,7607851729,10|22|48|58,10|12|26|10,58,348834,174388,0.000166240556,0.000332481112,pass,pass,13
87251,7612737001,30|42|58|60,30|12|16|2,60,348944,174442,0.0001719178,0.000343835601,pass,pass,11
87253,7613086009,12|58|78|102,12|46|20|24,102,348910,174404,0.000292253561,0.000584507123,pass,pass,13
87257,7613784049,40|58|84|112,40|18|26|28,112,348916,174402,0.000320891161,0.000641782321,pass,pass,17
87277,7617274729,12|18|30|54,12|6|12|24,54,349054,174500,0.000154679927,0.000309359854,pass,pass,7
87281,7617972961,40|46|102|118,40|6|56|16,118,349006,174444,0.000337988795,0.00067597759,pass,pass,11
87293,7620067849,10|72|88|94,10|62|16|6,94,349078,174492,0.000269208298,0.000538416597,pass,pass,23
87299,7621115401,60|72|76|100,60|12|4|24,100,349096,174498,0.000286372123,0.000572744247,pass,pass,29
87313,7623559969,18|28|34|58,18|10|6|24,58,349194,174568,0.000166069199,0.000332138399,pass,pass,13
87317,7624258489,4|30|40|52,4|26|10|12,52,349216,174582,0.000148882806,0.000297765613,pass,pass,17
87323,7625306329,40|64|70|78,40|24|6|8,78,349214,174568,0.000223308865,0.00044661773,pass,pass,23
87337,7627751569,18|48|58|84,18|30|10|26,84,349264,174590,0.00024044792,0.00048089584,pass,pass,7
87359,7631594881,42|78|88|106,42|36|10|18,106,349330,174612,0.000303345963,0.000606691926,pass,pass,29
87383,7635788689,18|28|58|70,18|10|30|12,70,349462,174696,0.000200267787,0.000400535573,pass,pass,23
87403,7639284409,18|72|108|142,18|54|36|34,142,349470,174664,0.000406164548,0.000812329096,pass,pass,13
87407,7639983649,12|30|58|64,12|18|28|6,64,349564,174750,0.000183051701,0.000366103401,pass,pass,17
87421,7642431241,16|22|78|90,16|6|56|12,90,349594,174752,0.00025737523,0.00051475046,pass,pass,1
87427,7643480329,4|42|60|72,4|38|18|12,72,349636,174782,0.000205886054,0.000411772107,pass,pass,7
87433,7644529489,4|28|42|60,4|24|14|18,60,349672,174806,0.000171559937,0.000343119875,pass,pass,13
87443,7646278249,54|84|124|148,54|30|40|24,148,349624,174738,0.000423132784,0.000846265567,pass,pass,23
87473,7651525729,22|108|138|154,22|86|30|16,154,349738,174792,0.000440135813,0.000880271627,pass,pass,23
87481,7652925361,22|48|76|96,22|26|28|20,96,349828,174866,0.000274345286,0.000548690573,pass,pass,1
87491,7654675081,6|42|76|78,6|36|34|2,78,349886,174904,0.000222880068,0.000445760135,pass,pass,11
87509,7657825081,12|78|90|186,12|66|12|96,186,349850,174832,0.000531373916,0.001062747832,pass,pass,29
87511,7658175121,16|28|46|88,16|12|18|42,88,349956,174934,0.000251396967,0.000502793934,pass,pass,1
87517,7659225289,18|22|24|60,18|4|2|36,60,350008,174974,0.000171395272,0.000342790544,pass,pass,7
87523,7660275529,4|12|18|22,4|8|6|4,22,350070,175024,6.2840625e-05,0.00012568125,pass,pass,13
87539,7663076521,16|18|42|58,16|2|24|16,58,350098,175020,0.000165640457,0.000331280915,pass,pass,29
87541,7663426681,30|58|82|100,30|28|24|18,100,350064,174982,0.000285580471,0.000571160942,pass,pass,1
87547,7664477209,60|64|72|82,60|4|8|10,82,350106,175012,0.000234159937,0.000468319874,pass,pass,7
87553,7665527809,10|24|88|130,10|14|64|42,130,350082,174976,0.000371203728,0.000742407456,pass,pass,13
87557,7666228249,10|18|60|64,10|8|42|4,64,350164,175050,0.000182738102,0.000365476204,pass,pass,17
87559,7666578481,6|30|58|70,6|24|28|12,70,350166,175048,0.000199865234,0.000399730467,pass,pass,19
87583,7670781889,4|18|24|28,4|14|6|4,28,350304,175138,7.9924186e-05,0.000159848372,pass,pass,13
87587,7671482569,34|58|64|108,34|24|6|44,108,350240,175066,0.000308264925,0.00061652985,pass,pass,17
87589,7671832921,22|58|102|232,22|36|44|130,232,350124,174946,0.000662183608,0.001324367215,pass,pass,19
87613,7676037769,4|12|30|58,4|8|18|28,58,350394,175168,0.000165500554,0.000331001107,pass,pass,13
87623,7677790129,34|42|48|58,34|8|6|10,58,350434,175188,0.000165481666,0.000330963332,pass,pass,23
87629,7678841641,52|58|142|186,52|6|84|44,186,350330,175072,0.000530646247,0.001061292494,pass,pass,29
87631,7679192161,6|12|36|76,6|6|24|40,76,350448,175186,0.000216818249,0.000433636498,pass,pass,1
87641,7680944881,58|60|106|112,58|2|46|6,112,350452,175170,0.000319485172,0.000638970345,pass,pass,11
87643,7681295449,64|70|90|100,64|6|20|10,100,350472,175186,0.000285248109,0.000570496218,pass,pass,13
87649,7682347201,16|18|22|36,16|2|4|14,36,350560,175262,0.00010268229,0.000205364579,pass,pass,19
87671,7686204241,58|60|66|72,58|2|6|6,72,350612,175270,0.000205313045,0.000410626091,pass,pass,11
87679,7687607041,46|66|72|76,46|20|6|4,76,350640,175282,0.000216699552,0.000433399104,pass,pass,19
87683,7688308489,4|10|58|60,4|6|48|2,60,350672,175306,0.000171070789,0.000342141578,pass,pass,23
87691,7689711481,12|90|118|132,12|78|28|14,132,350632,175250,0.000376321401,0.000752642803,pass,pass,1
87697,7690763809,4|54|70|72,4|50|16|2,72,350716,175322,0.000205252175,0.00041050435,pass,pass,7
87701,7691465401,36|60|70|90,36|24|10|20,90,350714,175312,0.000256553517,0.000513107034,pass,pass,11
87719,7694622961,46|58|70|102,46|12|12|32,102,350774,175336,0.000290700988,0.000581401977,pass,pass,29
87721,7694973841,36|142|150|258,36|106|8|108,258,350626,175184,0.000735285735,0.001470571471,pass,fail,1
87739,7698132121,70|120|142|150,70|50|22|8,150,350806,175328,0.000427404005,0.00085480801,pass,pass,19
87743,7698834049,34|60|84|90,34|26|24|6,90,350882,175396,0.000256430712,0.000512861425,pass,pass,23
87751,7700238001,18|22|36|40,18|4|14|4,40,350964,175462,0.000113958815,0.000227917631,pass,pass,1
87767,7703046289,30|42|60|82,30|12|18|22,82,350986,175452,0.000233572983,0.000467145966,pass,pass,17
87793,7707610849,4|24|28|100,4|20|4|72,100,351072,175486,0.000284760744,0.000569521488,pass,pass,13
87797,7708313209,18|22|28|64,18|4|6|36,64,351124,175530,0.000182238573,0.000364477146,pass,pass,17
87803,7709366809,28|82|84|88,28|54|2|4,88,351124,175518,0.000250560915,0.00050112183,pass,pass,23
87811,7710771721,16|70|72|76,16|54|2|4,76,351168,175546,0.000216373803,0.000432747606,pass,pass,1
87833,7714635889,4|10|28|42,4|6|18|14,42,351290,175624,0.000119545046,0.000239090091,pass,pass,23
87853,7718149609,22|24|58|84,22|2|34|26,84,351328,175622,0.000239035662,0.000478071324,pass,pass,13
87869,7720961161,6|12|58|72,6|6|46|14,72,351404,175666,0.000204850402,0.000409700805,pass,pass,29
87877,7722367129,22|54|130|168,22|32|76|38,168,351340,175586,0.000477940758,0.000955881516,pass,pass,7
87881,7723070161,30|52|58|70,30|22|6|12,70,351454,175692,0.000199132918,0.000398265837,pass,pass,11
87887,7724124769,12|28|34|60,12|16|6|26,60,351488,175714,0.000170673706,0.000341347412,pass,pass,17
87911,7728343921,12|16|28|46,12|4|12|18,46,351598,175776,0.000130814119,0.000261628238,pass,pass,11
87917,7729398889,34|72|88|90,34|38|16|2,90,351578,175744,0.0002559232,0.000511846401,pass,pass,17
87931,7731860761,10|22|30|72,10|12|8|42,72,351652,175790,0.000204705963,0.000409411925,pass,pass,1
87943,7733971249,4|72|114|118,4|68|42|4,118,351654,175768,0.000335444549,0.000670889099,pass,pass,13
87959,7736785681,30|70|76|78,30|40|6|2,78,351758,175840,0.000221694198,0.000443388397,pass,pass,29
87961,7737137521,18|22|28|36,18|4|6|8,36,351808,175886,0.000102318073,0.000204636146,pass,pass,1
87973,7739248729,108|112|144|154,108|4|32|10,154,351738,175792,0.000437634274,0.000875268548,pass,pass,13
87977,7739952529,12|24|52|58,12|12|28|6,58,351850,175896,0.000164815804,0.000329631608,pass,pass,17
87991,7742416081,36|58|102|156,36|22|44|54,156,351808,175826,0.000443227148,0.000886454296,pass,pass,1
88001,7744176001,6|16|66|70,6|10|50|4,70,351934,175932,0.000198861377,0.000397722753,pass,pass,11
88003,7744528009,12|40|148|154,12|28|108|6,154,351858,175852,0.000437485086,0.000874970171,pass,pass,13
88007,7745232049,24|70|102|112,24|46|32|10,112,351916,175902,0.00031815651,0.000636313021,pass,pass,17
88019,7747344361,28|40|78|208,28|12|38|130,208,351868,175830,0.000590781536,0.001181563072,pass,pass,29
88037,7750513369,18|102|114|120,18|84|12|6,120,352028,175954,0.000340765814,0.000681531629,pass,pass,17
88069,7756148761,12|78|118|160,12|66|40|42,160,352116,175978,0.000454189329,0.000908378658,pass,pass,19
88079,7757910241,6|12|42|90,6|6|30|48,90,352226,176068,0.000255452492,0.000510904983,pass,pass,29
88093,7760376649,22|42|48|120,22|20|6|72,120,352252,176066,0.000340549192,0.000681098385,pass,pass,13
88117,7764605689,10|24|52|64,10|14|28|12,64,352404,176170,0.000181576767,0.000363153535,pass,pass,7
88129,7766720641,36|58|70|82,36|22|12|12,82,352434,176176,0.000232613555,0.00046522711,pass,pass,19
88169,7773772561,18|22|60|78,18|4|38|18,78,352598,176260,0.00022116617,0.000442332339,pass,pass,29
88177,7775183329,4|18|58|60,4|14|40|2,60,352648,176294,0.000170112388,0.000340224775,pass,pass,7
88211,7781180521,6|46|48|70,6|40|2|22,70,352774,176352,0.000198387956,0.000396775912,pass,pass,11
88223,7783297729,28|54|114|162,28|26|60|48,162,352730,176284,0.000459063963,0.000918127926,pass,pass,23
88237,7785768169,4|22|48|58,4|18|26|10,58,352890,176416,0.000164330156,0.000328660313,pass,pass,7
88241,7786474081,28|72|78|96,28|44|6|18,96,352868,176386,0.000271982412,0.000543964824,pass,pass,11
88259,7789651081,6|36|42|66,6|30|6|24,66,352970,176452,0.000186949773,0.000373899546,pass,pass,29
88261,7790004121,6|28|30|58,6|22|2|28,58,352986,176464,0.000164285471,0.000328570943,pass,pass,1
88289,7794947521,36|40|48|70,36|4|8|22,70,353086,176508,0.000198212688,0.000396425376,pass,pass,29
88301,7797066601,18|156|192|210,18|138|36|18,210,352994,176392,0.000594557253,0.001189114506,pass,pass,11
88321,7800599041,6|16|28|46,6|10|12|18,46,353238,176596,0.000130206859,0.000260413718,pass,pass,1
88327,7801658929,30|42|52|70,30|12|10|18,70,353238,176584,0.000198127413,0.000396254826,pass,pass,7
88337,7803425569,34|42|64|90,34|8|22|26,90,353258,176584,0.000254706408,0.000509412817,pass,pass,17
88339,7803778921,16|22|42|52,16|6|20|10,52,353304,176626,0.000147160371,0.000294320742,pass,pass,19
88379,7810847641,6|46|72|106,6|40|26|34,106,353410,176652,0.000299844986,0.000599689972,pass,pass,29
88397,7814029609,12|22|24|64,12|10|2|40,64,353524,176730,0.000181001618,0.000362003235,pass,pass,17
88411,7816504921,18|36|106|112,18|18|70|6,112,353532,176710,0.000316702673,0.000633405345,pass,pass,1
88423,7818626929,24|42|60|84,24|18|18|24,84,353608,176762,0.000237494769,0.000474989539,pass,pass,13
88427,7819334329,4|10|34|52,4|6|24|18,52,353656,176802,0.000147013921,0.000294027842,pass,pass,17
88463,7825702369,30|42|72|102,30|12|30|30,102,353750,176824,0.000288256107,0.000576512214,pass,pass,23
88469,7826763961,18|22|46|58,18|4|24|12,58,353818,176880,0.000163899219,0.000327798438,pass,pass,29
88471,7827117841,28|60|78|88,28|32|18|10,88,353796,176854,0.000248669055,0.000497338111,pass,pass,1
88493,7831011049,12|28|60|88,12|16|32|28,88,353884,176898,0.000248607234,0.000497214469,pass,pass,23
88499,7832073001,16|22|102|112,16|6|80|10,112,353884,176886,0.000316387756,0.000632775512,pass,pass,29
88513,7834551169,64|70|102|124,64|6|32|22,124,353928,176902,0.00035023104,0.000700462079,pass,pass,13
88523,7836321529,10|24|28|58,10|14|4|30,58,354034,176988,0.000163799239,0.000327598477,pass,pass,23
88547,7840571209,22|48|52|64,22|26|4|12,64,354124,177030,0.000180694998,0.000361389996,pass,pass,17
88589,7848010921,10|36|60|70,10|26|24|10,70,354286,177108,0.000197541455,0.000395082911,pass,pass,29
88591,7848365281,12|28|30|58,12|16|2|28,58,354306,177124,0.000163673511,0.000327347022,pass,pass,1
88607,7851200449,4|28|54|100,4|24|26|46,100,354328,177114,0.000282144752,0.000564289503,pass,pass,17
88609,7851554881,10|16|58|66,10|6|42|8,66,354370,177152,0.000186211333,0.000372422666,pass,pass,19
88643,7857581449,18|28|34|90,18|10|6|56,90,354482,177196,0.000253827149,0.000507654299,pass,pass,23
88651,7858999801,16|46|66|70,16|30|20|4,70,354534,177232,0.000197403301,0.000394806601,pass,pass,1
88657,7860063649,18|40|78|88,18|22|38|10,88,354540,177226,0.000248147354,0.000496294709,pass,pass,7
88661,7860772921,16|60|72|112,16|44|12|40,112,354532,177210,0.000315809657,0.000631619314,pass,pass,11
88663,7861127569,94|124|130|150,94|30|6|20,150,354502,177176,0.000422949821,0.000845899642,pass,pass,13
88667,7861836889,4|30|54|58,4|26|24|4,58,354610,177276,0.00016353322,0.00032706644,pass,pass,17
88681,7864319761,6|16|48|132,6|10|32|84,132,354592,177230,0.000372120296,0.000744240593,pass,pass,1
88721,7871415841,6|18|22|42,6|12|4|20,42,354842,177400,0.000118348531,0.000236697062,pass,pass,11
88729,7872835441,22|58|60|78,22|36|2|18,78,354838,177380,0.000219770312,0.000439540624,pass,pass,19
88741,7874965081,46|70|100|142,46|24|30|42,142,354822,177340,0.000400040567,0.000800081135,pass,pass,1
88747,7876030009,22|28|30|42,22|6|2|12,42,354946,177452,0.000118313858,0.000236627717,pass,pass,7
88771,7880290441,6|22|60|66,6|16|38|6,66,355018,177476,0.000185871512,0.000371743024,pass,pass,1
88789,7883486521,18|40|52|78,18|22|12|26,78,355078,177500,0.0002196218,0.0004392436,pass,pass,19
88793,7884196849,18|34|102|112,18|16|68|10,112,355060,177474,0.000315340173,0.000630680346,pass,pass,23
88799,7885262401,18|48|66|112,18|30|18|46,112,355084,177486,0.000315318866,0.000630637732,pass,pass,29
88801,7885617601,28|112|142|190,28|84|30|48,190,355014,177412,0.000534903886,0.001069807772,pass,pass,1
88807,7886683249,4|22|34|54,4|18|12|20,54,355174,177560,0.000152015044,0.000304030088,pass,pass,7
88811,7887393721,6|18|30|58,6|12|12|28,58,355186,177564,0.000163268064,0.000326536127,pass,pass,11
88813,7887748969,24|70|72|100,24|46|2|28,100,355152,177526,0.000281490322,0.000562980645,pass,pass,13
88817,7888459489,18|22|40|42,18|4|18|2,42,355226,177592,0.000118220611,0.000236441222,pass,pass,17
88819,7888814761,42|60|76|102,42|18|16|26,102,355174,177536,0.000287100733,0.000574201466,pass,pass,19
88843,7893078649,42|54|60|70,42|12|6|10,70,355302,177616,0.000196976689,0.000393953378,pass,pass,13
88853,7894855609,28|42|54|102,28|14|12|48,102,355310,177604,0.000286990873,0.000573981745,pass,pass,23
88861,7896277321,6|60|70|88,6|54|10|18,88,355356,177634,0.000247577677,0.000495155355,pass,pass,1
88867,7897343689,30|48|70|102,30|18|22|32,102,355366,177632,0.00028694566,0.000573891321,pass,pass,7
88873,7898410129,10|12|18|24,10|2|6|6,24,355468,177722,6.7512068e-05,0.000135024136,pass,pass,13
88883,7900187689,34|52|60|108,34|18|8|48,108,355424,177658,0.000303770125,0.00060754025,pass,pass,23
88897,7902676609,10|58|64|72,10|48|6|8,72,355516,177722,0.000202481524,0.000404963047,pass,pass,7
88903,7903743409,48|90|100|102,48|42|10|2,102,355510,177704,0.000286829466,0.000573658932,pass,pass,13
88919,7906588561,28|78|102|166,28|50|24|64,166,355510,177672,0.0004667169,0.000933433799,pass,pass,29
88937,7909789969,12|48|78|82,12|36|30|4,82,355666,177792,0.000230500242,0.000461000483,pass,pass,17
88951,7912280401,12|22|78|100,12|10|56|22,100,355704,177802,0.000281053614,0.000562107228,pass,pass,1
88969,7915482961,52|96|112|150,52|44|16|38,150,355726,177788,0.000421495128,0.000842990255,pass,pass,19
88993,7919754049,54|72|78|88,54|18|6|10,88,355884,177898,0.000247210455,0.00049442091,pass,pass,13
88997,7920466009,22|60|70|82,22|38|10|12,82,355906,177912,0.000230344843,0.000460689686,pass,pass,17
89003,7921534009,30|70|78|102,30|40|8|24,102,355910,177904,0.000286507196,0.000573014393,pass,pass,23
89009,7922602081,6|10|28|36,6|4|18|8,36,356000,177982,0.000101113371,0.000202226741,pass,pass,29
89017,7924026289,22|48|82|84,22|26|34|2,84,355984,177950,0.000235909995,0.000471819989,pass,pass,7
89021,7924738441,28|58|76|88,28|30|18|12,88,355996,177954,0.000247132699,0.000494265398,pass,pass,11
89041,7928299681,16|42|100|126,16|26|58|26,126,356038,177956,0.000353769612,0.000707539224,pass,pass,1
89051,7930080601,36|46|48|106,36|10|2|58,106,356098,177996,0.000297582284,0.000595164569,pass,pass,11
89057,7931149249,24|48|78|84,24|24|30|6,84,356144,178030,0.000235804036,0.000471608071,pass,pass,17
89069,7933286761,22|36|46|58,22|14|10|12,58,356218,178080,0.000162795136,0.000325590273,pass,pass,29
89071,7933643041,10|16|48|70,10|6|32|22,70,356214,178072,0.000196472477,0.000392944954,pass,pass,1
89083,7935780889,40|58|70|72,40|18|12|2,72,356260,178094,0.000202058754,0.000404117508,pass,pass,13
89087,7936493569,4|12|34|54,4|8|22|20,54,356294,178120,0.000151537261,0.000303074523,pass,pass,17
89101,7938988201,6|40|48|60,6|34|8|12,60,356344,178142,0.000168348279,0.000336696558,pass,pass,1
89107,7940057449,42|120|154|174,42|78|34|20,174,356254,178040,0.000488177135,0.000976354271,pass,pass,7
89113,7941126769,60|64|112|114,60|4|48|2,114,356338,178112,0.000319818657,0.000639637314,pass,pass,13
89119,7942196161,12|18|58|72,12|6|40|14,72,356404,178166,0.000201977132,0.000403954263,pass,pass,19
89123,7942909129,12|24|30|70,12|12|6|40,70,356422,178176,0.000196357843,0.000392715685,pass,pass,23
89137,7945404769,22|60|102|120,22|38|42|18,120,356428,178154,0.000336560575,0.000673121151,pass,pass,7
89153,7948257409,10|30|54|72,10|20|24|18,72,356540,178234,0.000201900104,0.000403800209,pass,pass,23
89189,7954677721,42|100|126|168,42|58|26|42,168,356588,178210,0.00047091009,0.00094182018,pass,pass,29
89203,7957175209,40|84|114|142,40|44|30|28,142,356670,178264,0.000397968678,0.000795937356,pass,pass,13
89209,7958245681,16|40|46|72,16|24|6|26,72,356764,178346,0.000201773364,0.000403546727,pass,pass,19
89213,7958959369,18|40|48|58,18|22|8|10,58,356794,178368,0.000162532366,0.000325064733,pass,pass,23
89227,7961457529,28|42|60|90,28|14|18|30,90,356818,178364,0.000252165824,0.000504331648,pass,pass,7
89231,7962171361,18|22|60|78,18|4|38|18,78,356846,178384,0.000218533918,0.000437067835,pass,pass,11
89237,7963242169,4|54|64|84,4|50|10|20,84,356864,178390,0.000235328395,0.00047065679,pass,pass,17
89261,7967526121,10|58|60|76,10|48|2|16,76,356968,178446,0.000212858919,0.000425717839,pass,pass,11
89269,7968954361,18|90|106|118,18|72|16|12,118,356958,178420,0.000330461862,0.000660923725,pass,pass,19
89273,7969668529,42|54|58|64,42|12|4|6,64,357028,178482,0.000179225522,0.000358451043,pass,pass,23
89293,7973239849,22|40|42|58,22|18|2|16,58,357114,178528,0.000162386749,0.000324773498,pass,pass,13
89303,7975025809,18|90|100|112,18|72|10|12,112,357100,178494,0.000313539299,0.000627078598,pass,pass,23
89317,7977526489,4|18|48|108,4|14|30|60,108,357160,178526,0.000302294076,0.000604588152,pass,pass,7
89329,7979670241,12|28|36|70,12|16|8|34,70,357246,178588,0.000195905025,0.00039181005,pass,pass,19
89363,7985745769,22|58|60|72,22|36|2|12,72,357380,178654,0.000201425646,0.000402851292,pass,pass,23
89371,7987175641,16|22|46|48,16|6|24|2,48,357436,178694,0.000134271744,0.000268543487,pass,pass,1
89381,7988963161,6|72|112|126,6|66|40|14,126,357398,178636,0.000352423893,0.000704847786,pass,pass,11
89387,7990035769,28|58|78|100,28|30|20|22,100,357448,178674,0.000279682728,0.000559365456,pass,pass,17
89393,7991108449,24|48|58|78,24|24|10|20,78,357494,178708,0.000218137886,0.000436275771,pass,pass,23
89399,7992181201,12|96|132|138,12|84|36|6,138,357458,178660,0.000385910357,0.000771820714,pass,pass,29
89413,7994684569,28|82|120|124,28|54|38|4,124,357528,178702,0.000346705736,0.000693411473,pass,pass,13
89417,7995399889,24|28|60|72,24|4|32|12,72,357596,178762,0.000201304003,0.000402608005,pass,pass,17
89431,7997903761,16|30|42|58,16|14|12|16,58,357666,178804,0.000162136172,0.000324272344,pass,pass,1
89443,8000050249,22|28|42|72,22|6|14|30,72,357700,178814,0.000201245486,0.000402490972,pass,pass,13
89449,8001123601,18|22|72|148,18|4|50|76,148,357648,178750,0.000413643529,0.000827287057,pass,pass,19
89459,8002912681,18|82|88|96,18|64|6|8,96,357740,178822,0.000268279323,0.000536558647,pass,pass,29
89477,8006133529,4|52|132|142,4|48|80|10,142,357766,178812,0.000396750003,0.000793500006,pass,pass,17
89491,8008639081,10|16|36|100,10|6|20|64,100,357864,178882,0.000279357701,0.000558715402,pass,pass,1
89501,8010429001,16|22|58|112,16|6|36|54,112,357892,178890,0.000312845667,0.000625691333,pass,pass,11
89513,8012577169,28|34|84|94,28|6|50|10,94,357958,178932,0.000262531699,0.000525063399,pass,pass,23
89519,8013651361,6|48|88|108,6|42|40|20,108,357968,178930,0.000301611948,0.000603223897,pass,pass,29
89521,8014009441,12|22|28|70,12|10|6|42,70,358014,178972,0.000195484858,0.000390969717,pass,pass,1
89527,8015083729,22|48|52|70,22|26|4|18,70,358038,178984,0.000195471757,0.000390943514,pass,pass,7
89533,8016158089,52|64|78|120,52|12|14|42,120,358012,178946,0.000335071985,0.000670143969,pass,pass,13
89561,8021172721,28|106|118|148,28|78|12|30,148,358096,178974,0.000413126249,0.000826252498,pass,pass,11
89563,8021530969,18|34|60|64,18|16|26|4,64,358188,179062,0.000178645199,0.000357290399,pass,pass,13
89567,8022247489,12|64|70|78,12|52|6|8,78,358190,179056,0.000217714113,0.000435428227,pass,pass,17
89591,8026547281,58|70|82|126,58|12|12|44,126,358238,179056,0.000351597817,0.000703195633,pass,pass,11
89597,8027622409,28|94|114|144,28|66|20|30,144,358244,179050,0.000401799167,0.000803598335,pass,pass,17
89599,8027980801,10|16|18|36,10|6|2|18,36,358360,179162,0.00010044755,0.000200895099,pass,pass,19
89603,8028697609,10|60|78|88,10|50|18|10,88,358324,179118,0.000245527493,0.000491054987,pass,pass,23
89611,8030131321,58|70|88|90,58|12|18|2,90,358354,179132,0.000251085246,0.000502170492,pass,pass,1
89627,8032999129,12|58|72|78,12|46|14|6,78,358430,179176,0.000217568367,0.000435136733,pass,pass,17
89633,8034074689,12|18|40|148,12|6|22|108,148,358384,179118,0.000412794395,0.00082558879,pass,pass,23
89653,8037660409,4|34|48|52,4|30|14|4,52,358560,179254,0.000145003514,0.000290007027,pass,pass,13
89657,8038377649,12|18|40|42,12|6|22|2,42,358586,179272,0.000117112997,0.000234225995,pass,pass,17
89659,8038736281,28|30|46|60,28|2|16|14,60,358576,179258,0.00016730055,0.0003346011,pass,pass,19
89669,8040529561,18|30|36|42,18|12|6|6,42,358634,179296,0.000117097325,0.000234194649,pass,pass,29
89671,8040888241,36|58|70|126,36|22|12|56,126,358558,179216,0.000351284139,0.000702568277,pass,pass,1
89681,8042681761,10|90|112|126,10|80|22|14,126,358598,179236,0.000351244968,0.000702489937,pass,pass,11
89689,8044116721,16|46|58|60,16|30|12|2,60,358696,179318,0.00016724459,0.000334489179,pass,pass,19
89753,8055601009,22|78|82|88,22|56|4|6,88,358924,179418,0.000245117155,0.00049023431,pass,pass,23
89759,8056678081,22|30|58|60,22|8|28|2,60,358976,179458,0.000167114161,0.000334228323,pass,pass,29
89767,8058114289,52|58|60|64,52|6|2|4,64,359004,179470,0.000178239219,0.000356478439,pass,pass,7
89779,8060268841,36|58|100|162,36|22|42|62,162,358954,179396,0.00045110772,0.00090221544,pass,pass,19
89783,8060987089,60|72|84|94,60|12|12|10,94,359038,179472,0.000261742201,0.000523484401,pass,pass,23
89797,8063501209,12|30|78|88,12|18|48|10,88,359100,179506,0.000244997049,0.000489994098,pass,pass,7
89809,8065656481,12|36|70|126,12|24|34|56,126,359110,179492,0.000350744357,0.000701488715,pass,pass,19
89819,8067452761,36|46|112|130,36|10|66|18,130,359146,179508,0.000361838809,0.000723677618,pass,pass,29
89821,8067812041,6|18|42|46,6|12|24|4,46,359238,179596,0.00012803242,0.00025606484,pass,pass,1
89833,8069967889,22|34|54|114,22|12|20|60,114,359218,179552,0.000317255352,0.000634510703,pass,pass,13
89839,8071045921,12|52|108|120,12|40|56|12,120,359236,179558,0.000333930698,0.000667861396,pass,pass,19
89849,8072842801,6|28|70|78,6|22|42|8,78,359318,179620,0.000217030796,0.000434061592,pass,pass,29
89867,8076077689,28|40|64|72,28|12|24|8,72,359396,179662,0.000200295993,0.000400591986,pass,pass,17
89891,8080391881,42|48|58|78,42|6|10|20,78,359486,179704,0.000216929392,0.000433858785,pass,pass,11
89897,8081470609,24|34|58|114,24|10|24|56,114,359474,179680,0.000317029489,0.000634058979,pass,pass,17
89899,8081830201,16|22|46|48,16|6|24|2,48,359548,179750,0.000133483131,0.000266966262,pass,pass,19
89909,8083628281,22|46|72|102,22|24|26|30,102,359534,179716,0.000283620105,0.00056724021,pass,pass,29
89917,8085066889,28|78|82|100,28|50|4|18,100,359568,179734,0.000278034187,0.000556068374,pass,pass,7
89923,8086145929,28|58|144|162,28|30|86|18,162,359530,179684,0.00045038533,0.000900770659,pass,pass,13
89939,8089023721,18|30|36|58,18|12|6|22,58,359698,179820,0.000161220383,0.000322440765,pass,pass,29
89959,8092621681,6|70|96|112,6|64|26|16,112,359724,179806,0.000311252904,0.000622505808,pass,pass,19
89963,8093341369,12|18|60|64,12|6|42|4,64,359788,179862,0.000177850894,0.000355701789,pass,pass,23
89977,8095860529,12|28|30|64,12|16|2|34,64,359844,179890,0.000177823221,0.000355646443,pass,pass,7
89983,8096940289,22|28|60|70,22|6|32|10,70,359862,179896,0.00019448118,0.00038896236,pass,pass,13
89989,8098020121,6|10|22|42,6|4|12|20,42,359914,179936,0.000116680928,0.000233361855,pass,pass,19
90001,8100180001,6|12|28|58,6|6|16|30,58,359946,179944,0.000161109321,0.000322218642,pass,pass,1
90007,8101260049,10|42|54|94,10|32|12|40,94,359934,179920,0.000261090804,0.000522181608,pass,pass,7
90011,8101980121,6|36|60|76,6|30|24|16,76,359968,179946,0.000211085312,0.000422170624,pass,pass,11
90017,8103060289,42|60|102|114,42|18|42|12,114,359954,179920,0.000316606863,0.000633213726,pass,pass,17
90019,8103420361,22|66|72|100,22|44|6|28,100,359976,179938,0.000277719148,0.000555438296,pass,pass,19
90023,8104140529,28|34|58|84,28|6|24|26,84,360008,179962,0.000233273719,0.000466547438,pass,pass,23
90031,8105580961,18|60|78|102,18|42|18|24,102,360022,179960,0.000283235774,0.000566471549,pass,pass,1
90053,8109542809,64|82|88|118,64|18|6|30,118,360094,179988,0.000327584867,0.000655169733,pass,pass,23
90059,8110623481,6|28|58|72,6|22|30|14,72,360164,180046,0.000199868975,0.00039973795,pass,pass,29
90067,8112064489,12|34|40|60,12|22|6|20,60,360208,180074,0.000166542685,0.00033308537,pass,pass,7
90071,8112785041,28|40|72|96,28|12|32|24,96,360188,180046,0.000266456462,0.000532912924,pass,pass,11
90073,8113145329,22|24|42|58,22|2|18|16,58,360234,180088,0.000160980538,0.000321961076,pass,pass,13
90089,8116027921,16|46|60|72,16|30|14|12,72,360284,180106,0.000199802418,0.000399604835,pass,pass,29
90107,8119271449,18|34|58|60,18|16|24|2,60,360368,180154,0.000166468754,0.000332937508,pass,pass,17
90121,8121794641,6|48|88|90,6|42|40|2,90,360394,180152,0.00024966434,0.00049932868,pass,pass,1
90127,8122876129,18|40|54|58,18|22|14|4,58,360450,180196,0.000160884086,0.000321768172,pass,pass,7
90149,8126842201,22|36|46|66,22|14|10|20,66,360530,180232,0.000183030316,0.000366060633,pass,pass,29
90163,8129366569,18|24|42|52,18|6|18|10,52,360600,180274,0.000144183312,0.000288366625,pass,pass,13
90173,8131169929,28|54|64|124,28|26|10|60,124,360568,180222,0.000343783616,0.000687567232,pass,pass,23
90187,8133694969,4|22|102|108,4|18|80|6,108,360640,180266,0.000299377959,0.000598755918,pass,pass,7
90191,8134416481,16|48|78|102,16|32|30|24,102,360662,180280,0.00028273331,0.000565466621,pass,pass,11
90197,8135498809,28|54|70|84,28|26|16|14,84,360704,180310,0.000232823708,0.000465647416,pass,pass,17
90199,8135859601,22|30|60|72,22|8|30|12,72,360724,180326,0.000199558753,0.000399117507,pass,pass,19
90203,8136581209,18|30|70|108,18|12|40|38,108,360704,180298,0.000299324856,0.000598649712,pass,pass,23
90217,8139107089,22|42|58|88,22|20|16|30,88,360780,180346,0.000243856479,0.000487712959,pass,pass,7
90227,8140911529,28|34|64|78,28|6|30|14,78,360830,180376,0.00021612156,0.00043224312,pass,pass,17
90239,8143077121,48|82|100|102,48|34|18|2,102,360854,180376,0.000282582919,0.000565165837,pass,pass,29
90247,8144521009,34|60|78|108,34|26|18|30,108,360880,180386,0.00029917892,0.00059835784,pass,pass,7
90263,8147409169,18|42|48|64,18|24|6|16,64,360988,180462,0.000177259785,0.000354519571,pass,pass,23
90271,8148853441,28|40|60|88,28|12|20|28,88,360996,180454,0.000243710605,0.000487421209,pass,pass,1
90281,8150658961,30|70|90|106,30|40|20|16,106,361018,180456,0.000293527985,0.00058705597,pass,pass,11
90289,8152103521,22|42|46|58,22|20|4|12,58,361098,180520,0.000160595421,0.000321190843,pass,pass,19
90313,8156437969,10|138|184|238,10|128|46|54,238,361014,180388,0.000658819882,0.001317639764,pass,pass,13
90353,8163664609,22|28|52|60,22|6|24|8,60,361352,180646,0.000166015517,0.000332031034,pass,pass,23
90359,8164748881,6|22|48|60,6|16|26|12,60,361376,180658,0.000166004493,0.000332008986,pass,pass,29
90371,8166917641,36|58|72|82,36|22|14|10,82,361402,180660,0.000226842682,0.000453685364,pass,pass,11
90373,8167279129,22|58|94|100,22|36|36|6,100,361392,180646,0.000276631295,0.000553262589,pass,pass,13
90379,8168363641,12|72|106|120,12|60|34|14,120,361396,180638,0.000331935516,0.000663871032,pass,pass,19
90397,8171617609,22|24|28|52,22|2|4|24,52,361536,180742,0.000143810082,0.000287620164,pass,pass,7
90401,8172340801,30|72|100|118,30|42|28|18,118,361486,180684,0.000326323824,0.000652647648,pass,pass,11
90403,8172702409,22|28|34|54,22|6|6|20,54,361558,180752,0.000149331328,0.000298662655,pass,pass,13
90407,8173425649,42|72|112|130,42|30|40|18,130,361498,180684,0.000359485438,0.000718970876,pass,pass,17
90437,8178850969,4|58|70|72,4|54|12|2,72,361676,180802,0.000199033581,0.000398067163,pass,pass,17
90439,8179212721,10|12|28|52,10|2|16|24,52,361704,180826,0.000143743297,0.000287486593,pass,pass,19
90469,8184639961,16|42|72|136,16|26|30|64,136,361740,180802,0.000375819341,0.000751638683,pass,pass,19
90473,8185363729,4|48|64|114,4|44|16|50,114,361778,180832,0.000315011108,0.000630022217,pass,pass,23
90481,8186811361,16|18|102|126,16|2|84|24,126,361798,180836,0.000348139388,0.000696278777,pass,pass,1
90499,8190069001,76|100|126|130,76|24|26|4,130,361866,180868,0.00035911999,0.000718239981,pass,pass,19
90511,8192241121,18|52|58|106,18|34|6|48,106,361938,180916,0.000292782093,0.000585564186,pass,pass,1
90523,8194413529,4|12|54|102,4|8|42|48,102,361990,180944,0.000281696364,0.000563392729,pass,pass,13
90527,8195137729,48|58|94|148,48|10|36|54,148,361960,180906,0.000408717841,0.000817435682,pass,pass,17
90529,8195499841,42|60|102|118,42|18|42|16,118,361998,180940,0.000325862431,0.000651724862,pass,pass,19
90533,8196224089,18|42|54|70,18|24|12|16,70,362062,180996,0.000193299681,0.000386599362,pass,pass,23
90547,8198759209,28|58|70|72,28|30|12|2,72,362116,181022,0.000198791788,0.000397583575,pass,pass,7
90583,8205279889,4|22|28|42,4|18|6|14,42,362290,181124,0.00011591579,0.00023183158,pass,pass,13
90599,8208178801,28|30|58|76,28|2|28|18,76,362320,181122,0.000209715339,0.000419430678,pass,pass,29
90617,8211440689,22|34|90|118,22|12|56|28,118,362350,181116,0.000325545979,0.000651091958,pass,pass,17
90619,8211803161,6|28|30|52,6|22|2|22,52,362424,181186,0.000143457774,0.000286915548,pass,pass,19
90631,8213978161,12|28|42|70,12|16|14|28,70,362454,181192,0.000193090664,0.000386181329,pass,pass,1
90641,8215790881,18|60|78|82,18|42|18|4,82,362482,181200,0.000226166966,0.000452333933,pass,pass,11
90647,8216878609,10|52|78|112,10|42|26|34,112,362476,181182,0.000308890531,0.000617781063,pass,pass,17
90659,8219054281,16|40|42|58,16|24|2|16,58,362578,181260,0.000159939995,0.00031987999,pass,pass,29
90677,8222318329,24|60|78|102,24|36|18|24,102,362606,181252,0.000281217949,0.000562435899,pass,pass,17
90679,8222681041,18|66|72|78,18|48|6|6,78,362638,181280,0.000215044277,0.000430088554,pass,pass,19
90697,8225945809,4|34|112|118,4|30|78|6,118,362670,181276,0.000325258829,0.000650517658,pass,pass,7
90703,8227034209,30|42|52|108,30|12|10|56,108,362704,181298,0.000297674829,0.000595349658,pass,pass,13
90709,8228122681,6|16|18|28,6|10|2|10,28,362808,181390,7.7169851e-05,0.000154339702,pass,pass,19
90731,8232114361,48|58|72|120,48|10|14|48,120,362804,181342,0.000330647739,0.000661295478,pass,pass,11
90749,8235381001,28|58|102|130,28|30|44|28,130,362866,181368,0.000358130668,0.000716261336,pass,pass,29
90787,8242279369,34|52|90|100,34|18|38|10,100,363048,181474,0.000275369822,0.000550739643,pass,pass,7
90793,8243368849,34|60|94|102,34|26|34|8,102,363070,181484,0.000280858657,0.000561717313,pass,pass,13
90803,8245184809,24|130|180|192,24|106|50|12,192,363020,181414,0.000528616896,0.001057233792,pass,pass,23
90821,8248454041,6|16|22|42,6|10|6|20,42,363242,181600,0.000115612028,0.000231224056,pass,pass,11
90823,8248817329,34|58|84|102,34|24|26|18,102,363190,181544,0.000280765885,0.000561531771,pass,pass,13
90833,8250633889,18|24|28|54,18|6|4|26,54,363278,181612,0.000148624399,0.000297248797,pass,pass,23
90841,8252087281,6|18|28|58,6|12|10|30,58,363306,181624,0.000159619555,0.00031923911,pass,pass,1
90847,8253177409,72|94|100|112,72|22|6|12,112,363276,181582,0.000308210508,0.000616421016,pass,pass,7
90863,8256084769,88|118|148|154,88|30|30|6,154,363298,181572,0.000423714823,0.000847429647,pass,pass,23
90887,8260446769,24|84|100|124,24|60|16|24,124,363424,181650,0.000341082883,0.000682165766,pass,pass,17
90901,8262991801,52|82|120|130,52|30|38|10,130,363474,181672,0.00035753182,0.000715063641,pass,pass,1
90907,8264082649,28|78|114|120,28|50|36|6,120,363508,181694,0.00033000759,0.00066001518,pass,pass,7
90911,8264809921,18|36|78|102,18|18|42|24,102,363542,181720,0.00028049411,0.000560988219,pass,pass,11
90917,8265900889,4|12|22|58,4|8|10|36,58,363610,181776,0.000159486125,0.000318972249,pass,pass,17
90931,8268446761,18|22|28|78,18|4|6|50,78,363646,181784,0.000214448318,0.000428896636,pass,pass,1
90947,8271356809,18|22|24|34,18|4|2|10,34,363754,181860,9.3461027e-05,0.000186922054,pass,pass,17
90971,8275722841,16|22|96|138,16|6|74|42,138,363746,181804,0.000379241736,0.000758483473,pass,pass,11
90977,8276814529,18|22|54|64,18|4|32|10,64,363844,181890,0.000175868626,0.000351737252,pass,pass,17
90989,8278998121,16|30|36|76,16|14|6|40,76,363880,181902,0.00020881645,0.000417632901,pass,pass,29
90997,8280454009,60|70|88|114,60|10|18|26,114,363874,181880,0.000313197138,0.000626394277,pass,pass,7
91009,8282638081,46|70|76|82,46|24|6|6,82,363954,181936,0.000225252448,0.000450504895,pass,pass,19
91019,8284458361,48|60|72|76,48|12|12|4,76,364000,181962,0.000208747624,0.000417495248,pass,pass,29
91033,8287007089,12|40|48|130,12|28|8|82,130,364002,181936,0.000357013391,0.000714026781,pass,pass,13
91079,8295384241,40|42|48|60,40|2|6|12,60,364256,182098,0.00016469219,0.000329384381,pass,pass,29
91081,8295748561,6|18|28|48,6|12|10|20,48,364276,182114,0.000131750859,0.000263501718,pass,pass,1
91097,8298663409,54|82|84|108,54|28|2|24,108,364280,182086,0.000296387367,0.000592774735,pass,pass,17
91099,8299027801,58|82|108|130,58|24|26|22,130,364266,182068,0.000356754739,0.000713509479,pass,pass,19
91121,8303036641,22|28|40|58,22|6|12|18,58,364426,182184,0.00015912907,0.00031825814,pass,pass,11
91127,8304130129,28|54|60|78,28|26|6|18,78,364430,182176,0.000213987073,0.000427974146,pass,pass,17
91129,8304494641,10|42|48|66,10|32|6|18,66,364450,182192,0.000181062011,0.000362124022,pass,pass,19
91139,8306317321,12|18|46|70,12|6|28|24,70,364486,182208,0.000192014396,0.000384028791,pass,pass,29
91141,8306681881,16|36|42|60,16|20|6|18,60,364504,182222,0.000164580156,0.000329160312,pass,pass,1
91151,8308504801,58|90|120|156,58|32|30|36,156,364448,182146,0.000427861461,0.000855722921,pass,pass,11
91153,8308869409,10|18|40|58,10|8|22|18,58,364554,182248,0.000159073207,0.000318146413,pass,pass,13
91159,8309963281,22|36|58|78,22|14|22|20,78,364558,182240,0.000213911956,0.000427823912,pass,pass,19
91163,8310692569,22|28|58|78,22|6|30|20,78,364574,182248,0.00021390257,0.00042780514,pass,pass,23
91183,8314339489,10|18|22|24,10|8|4|2,24,364708,182342,6.5801739e-05,0.000131603479,pass,pass,13
91193,8316163249,10|18|28|108,10|8|10|80,108,364664,182278,0.000296075357,0.000592150713,pass,pass,23
91199,8317257601,52|58|72|78,52|6|14|6,78,364718,182320,0.000213818134,0.000427636268,pass,pass,29
91229,8322730441,42|48|58|72,42|6|10|14,72,364844,182386,0.000197305681,0.000394611363,pass,pass,29
91237,8324190169,114|130|150|162,114|16|20|12,162,364786,182312,0.000443898857,0.000887797714,pass,pass,7
91243,8325285049,12|48|60|90,12|36|12|30,90,364882,182396,0.000246594259,0.000493188519,pass,pass,13
91249,8326380001,30|46|76|90,30|16|30|14,90,364906,182408,0.000246578045,0.000493156089,pass,pass,19
91253,8327110009,12|18|28|54,12|6|10|26,54,364958,182452,0.000147940342,0.000295880683,pass,pass,23
91283,8332586089,10|34|48|88,10|24|14|40,88,365044,182478,0.000241008731,0.000482017462,pass,pass,23
91291,8334046681,102|112|120|156,102|10|8|36,156,365008,182426,0.00042720531,0.000854410621,pass,pass,1
91297,8335142209,10|18|30|78,10|8|12|48,78,365110,182516,0.000213588617,0.000427177235,pass,pass,7
91303,8336237809,28|30|40|42,28|2|10|2,42,365170,182564,0.000115001698,0.000230003395,pass,pass,13
91309,8337333481,16|42|66|72,16|26|24|6,72,365164,182546,0.000197132813,0.000394265626,pass,pass,19
91331,8341351561,22|76|90|126,22|54|14|36,126,365198,182536,0.000344899322,0.000689798644,pass,pass,11
91367,8347928689,34|70|78|102,34|36|8|24,102,365366,182632,0.000279094203,0.000558188405,pass,pass,17
91369,8348294161,6|18|22|30,6|12|4|8,30,365446,182708,8.2084733e-05,0.000164169467,pass,pass,19
91373,8349025129,18|40|58|60,18|22|18|2,60,365432,182686,0.00016416228,0.00032832456,pass,pass,23
91381,8350487161,76|118|142|172,76|42|24|30,172,365352,182590,0.000470557337,0.000941114674,pass,pass,1
91387,8351583769,72|118|130|198,72|46|12|68,198,365350,182576,0.000541652533,0.001083305065,pass,pass,7
91393,8352680449,22|88|100|138,22|66|12|38,138,365434,182648,0.000377490617,0.000754981235,pass,pass,13
91397,8353411609,4|28|30|112,4|24|2|82,112,365476,182682,0.000306355788,0.000612711577,pass,pass,17
91411,8355970921,12|18|22|36,12|6|4|14,36,365608,182786,9.8456422e-05,0.000196912844,pass,pass,1
91423,8358164929,10|64|72|78,10|54|8|6,78,365614,182768,0.000213294248,0.000426588495,pass,pass,13
91433,8359993489,12|60|82|150,12|48|22|68,150,365582,182716,0.000410136384,0.000820272768,pass,pass,23
91453,8363651209,12|42|82|118,12|30|40|36,118,365694,182788,0.000322570063,0.000645140127,pass,pass,13
91457,8364382849,4|40|78|88,4|36|38|10,88,365740,182826,0.000240550204,0.000481100408,pass,pass,17
91459,8364748681,66|90|106|108,66|24|16|2,108,365728,182810,0.000295214249,0.000590428498,pass,pass,19
91463,8365480369,22|52|58|94,22|30|6|36,94,365758,182832,0.000256934498,0.000513868996,pass,pass,23
91493,8370969049,24|48|70|174,24|24|22|104,174,365798,182812,0.000475446209,0.000950892418,pass,pass,23
91499,8372067001,28|30|132|148,28|2|102|16,148,365848,182850,0.000404376004,0.000808752008,pass,pass,29
91513,8374629169,18|22|54|58,18|4|32|4,58,365994,182968,0.000158447434,0.000316894867,pass,pass,13
91529,8377557841,6|28|46|48,6|22|18|2,48,366068,183010,0.000131105988,0.000262211977,pass,pass,29
91541,8379754681,48|78|90|126,48|30|12|36,126,366038,182956,0.000344108105,0.000688216209,pass,pass,11
91571,8385248041,18|30|60|66,18|12|30|6,66,366218,183076,0.000180188051,0.000360376102,pass,pass,11
91573,8385614329,54|58|60|82,54|4|2|22,82,366210,183064,0.000223865113,0.000447730226,pass,pass,13
91577,8386346929,52|72|78|90,52|20|6|12,90,366218,183064,0.00024569488,0.000491389759,pass,pass,17
91583,8387445889,54|58|64|78,54|4|6|14,78,366254,183088,0.000212921612,0.000425843224,pass,pass,23
91591,8388911281,18|22|72|108,18|4|50|36,108,366256,183074,0.000294788789,0.000589577579,pass,pass,1
91621,8394407641,12|46|70|88,12|34|24|18,88,366396,183154,0.000240119623,0.000480239246,pass,pass,1
91631,8396240161,12|28|52|58,12|16|24|6,58,366466,183204,0.000158243389,0.000316486778,pass,pass,11
91639,8397706321,12|30|36|60,12|18|6|24,60,366496,183218,0.000163685767,0.000327371534,pass,pass,19
91673,8403938929,12|18|24|28,12|6|6|4,28,366664,183318,7.6358361e-05,0.000152716721,pass,pass,23
91691,8407239481,40|46|60|78,40|6|14|18,78,366686,183304,0.000212670818,0.000425341637,pass,pass,11
91703,8409440209,10|24|30|70,10|14|6|40,70,366742,183336,0.000190833451,0.000381666903,pass,pass,23
91711,8410907521,16|60|90|100,16|44|30|10,100,366744,183322,0.000272595436,0.000545190871,pass,pass,1
91733,8414943289,30|58|60|124,30|28|2|64,124,366808,183342,0.000337937274,0.000675874549,pass,pass,23
91753,8418613009,4|22|30|42,4|18|8|12,42,366970,183464,0.000114437675,0.00022887535,pass,pass,13
91757,8419347049,24|58|88|94,24|34|30|6,94,366934,183420,0.00025611125,0.000512222501,pass,pass,17
91771,8421916441,28|42|58|100,28|14|16|42,100,366984,183442,0.000272417212,0.000544834425,pass,pass,1
91781,8423751961,6|16|22|36,6|10|6|14,36,367088,183526,9.8059511e-05,0.000196119022,pass,pass,11
91801,8427423601,22|60|72|90,22|38|12|18,90,367114,183512,0.000245095369,0.000490190739,pass,pass,1
91807,8428525249,22|30|42|78,22|8|12|36,78,367150,183536,0.000212402104,0.000424804209,pass,pass,7
91811,8429259721,36|42|58|88,36|6|16|30,88,367156,183534,0.000239622703,0.000479245406,pass,pass,11
91813,8429626969,64|88|168|178,64|24|80|10,178,367074,183448,0.000484680819,0.000969361637,pass,pass,13
91823,8431463329,48|70|72|78,48|22|2|6,78,367214,183568,0.000212365094,0.000424730187,pass,pass,23
91837,8434034569,10|30|70|72,10|20|40|2,72,367276,183602,0.000195999434,0.000391998868,pass,pass,7
91841,8434769281,22|28|30|52,22|6|2|22,52,367312,183630,0.000141548981,0.000283097963,pass,pass,11
91867,8439545689,12|18|40|42,12|6|22|2,42,367426,183692,0.000114295667,0.000228591333,pass,pass,7
91873,8440648129,4|30|58|64,4|26|28|6,64,367428,183682,0.000174153451,0.000348306902,pass,pass,13
91909,8447264281,18|96|136|156,18|78|40|20,156,367480,183662,0.000424332764,0.000848665528,pass,pass,19
91921,8449470241,78|106|108|112,78|28|2|4,112,367572,183730,0.000304609393,0.000609218786,pass,pass,1
91939,8452779721,52|66|78|88,52|14|12|10,88,367668,183790,0.000239289094,0.000478578188,pass,pass,19
91943,8453515249,4|54|64|82,4|50|10|18,82,367690,183804,0.000222964228,0.000445928456,pass,pass,23
91951,8454986401,28|42|66|70,28|14|24|4,70,367734,183832,0.000190318757,0.000380637513,pass,pass,1
91957,8456089849,12|42|70|72,12|30|28|2,72,367756,183842,0.000195743663,0.000391487326,pass,pass,7
91961,8456825521,6|22|58|60,6|16|36|2,60,367784,183862,0.000163112624,0.000326225248,pass,pass,11
91967,8457929089,4|10|12|18,4|6|2|6,18,367850,183916,4.8930595e-05,9.7861189e-05,pass,pass,17
91969,8458296961,6|76|78|112,6|70|2|34,112,367764,183826,0.000304450413,0.000608900825,pass,pass,19
91997,8463448009,22|24|48|100,22|2|24|52,100,367888,183894,0.000271747992,0.000543495984,pass,pass,17
92003,8464552009,34|58|64|72,34|24|6|8,72,367940,183934,0.000195645794,0.000391291588,pass,pass,23
92009,8465656081,10|28|46|70,10|18|18|24,70,367966,183948,0.000190198785,0.00038039757,pass,pass,29
92033,8470073089,4|24|30|52,4|20|6|22,52,368080,184014,0.000141253681,0.000282507361,pass,pass,23
92041,8471545681,78|82|88|100,78|4|6|12,100,368064,183982,0.000271618083,0.000543236166,pass,pass,1
92051,8473386601,36|40|58|66,36|4|18|8,66,368138,184036,0.00017924846,0.00035849692,pass,pass,11
92077,8478173929,4|12|18|52,4|8|6|34,52,368256,184102,0.000141186181,0.000282372362,pass,pass,7
92083,8479278889,4|22|72|124,4|18|50|52,124,368208,184042,0.000336652802,0.000673305605,pass,pass,13
92107,8483699449,18|58|60|64,18|40|2|4,64,368364,184150,0.00017371101,0.00034742202,pass,pass,7
92111,8484436321,6|12|22|40,6|6|10|18,40,368404,184182,0.000108564667,0.000217129333,pass,pass,11
92119,8485910161,10|16|42|88,10|6|26|46,88,368388,184150,0.000238821524,0.000477643049,pass,pass,19
92143,8490332449,18|40|100|102,18|22|60|2,102,368470,184184,0.000276743757,0.000553487514,pass,pass,13
92153,8492175409,4|22|58|78,4|18|36|20,78,368534,184228,0.000211604614,0.000423209228,pass,pass,23
92173,8495861929,10|52|64|90,10|42|12|26,90,368602,184256,0.000244106192,0.000488212383,pass,pass,13
92177,8496599329,40|58|78|84,40|18|20|6,84,368624,184270,0.000227822559,0.000455645118,pass,pass,17
92179,8496968041,18|28|100|102,18|10|72|2,102,368614,184256,0.000276635676,0.000553271352,pass,pass,19
92189,8498811721,12|22|28|60,12|10|6|32,60,368696,184318,0.000162709217,0.000325418434,pass,pass,29
92203,8501393209,84|154|192|220,84|70|38|28,220,368592,184186,0.000596509875,0.00119301975,pass,pass,13
92219,8504343961,10|16|18|36,10|6|2|18,36,368840,184402,9.7593771e-05,0.000195187543,pass,pass,29
92221,8504712841,10|66|72|76,10|56|6|4,76,368808,184366,0.000206026827,0.000412053654,pass,pass,1
92227,8505819529,12|42|70|124,12|30|28|54,124,368784,184330,0.000336127164,0.000672254329,pass,pass,7
92233,8506926289,28|42|54|58,28|14|12|4,58,368874,184408,0.000157210543,0.000314421086,pass,pass,13
92237,8507664169,4|64|102|124,4|60|38|22,124,368824,184350,0.000336090723,0.000672181446,pass,pass,17
92243,8508771049,10|30|78|94,10|20|48|16,94,368878,184392,0.000254761879,0.000509523758,pass,pass,23
92251,8510247001,36|58|76|100,36|22|18|24,100,368904,184402,0.000270999772,0.000541999545,pass,pass,1
92269,8513568361,12|22|58|60,12|10|36|2,60,369016,184478,0.000162568143,0.000325136286,pass,pass,19
92297,8518736209,34|40|54|78,34|6|14|24,78,369110,184516,0.000211274473,0.000422548945,pass,pass,17
92311,8521320721,30|46|78|82,30|16|32|4,82,369162,184540,0.000222075376,0.000444150751,pass,pass,1
92317,8522428489,12|28|40|42,12|16|12|2,42,369226,184592,0.000113738531,0.000227477063,pass,pass,7
92333,8525382889,22|48|60|70,22|26|12|10,70,369262,184596,0.00018953137,0.00037906274,pass,pass,23
92347,8527968409,34|48|72|90,34|14|24|18,90,369298,184604,0.000243646247,0.000487292495,pass,pass,7
92353,8529076609,22|84|100|114,22|62|16|14,114,369298,184592,0.00030859853,0.000617197059,pass,pass,13
92357,8529815449,28|42|58|82,28|14|16|24,82,369346,184632,0.000221964767,0.000443929534,pass,pass,17
92363,8530923769,4|34|70|82,4|30|36|12,82,369370,184644,0.000221950348,0.000443900696,pass,pass,23
92369,8532032161,16|30|58|60,16|14|28|2,60,369416,184678,0.000162392145,0.000324784289,pass,pass,29
92377,8533510129,60|72|100|130,60|12|28|30,130,369378,184624,0.000351819176,0.000703638352,pass,pass,7
92381,8534249161,36|40|58|60,36|4|18|2,60,369464,184702,0.00016237105,0.000324742101,pass,pass,11
92383,8534618689,4|18|48|78,4|14|30|30,78,369454,184688,0.000211077796,0.000422155591,pass,pass,13
92387,8535357769,58|60|82|124,58|2|22|42,124,369424,184650,0.000335545044,0.000671090088,pass,pass,17
92399,8537575201,30|36|70|100,30|6|34|30,100,369496,184698,0.000270565699,0.000541131398,pass,pass,29
92401,8537944801,12|18|40|42,12|6|22|2,42,369562,184760,0.000113635134,0.000227270268,pass,pass,1
92413,8540162569,12|28|60|94,12|16|32|34,94,369558,184732,0.000254293227,0.000508586454,pass,pass,13
92419,8541271561,78|88|120|166,78|10|32|46,166,369510,184672,0.000449041864,0.000898083727,pass,pass,19
92431,8543489761,16|36|58|76,16|20|22|18,76,369648,184786,0.000205558741,0.000411117482,pass,pass,1
92459,8548666681,36|78|102|106,36|42|24|4,106,369730,184812,0.000286613526,0.000573227052,pass,pass,29
92461,8549036521,12|18|58|76,12|6|40|18,76,369768,184846,0.000205492045,0.000410984091,pass,pass,1
92467,8550146089,4|34|42|64,4|30|8|22,64,369804,184870,0.000173034704,0.000346069409,pass,pass,7
92479,8552365441,12|22|28|36,12|10|6|8,36,369880,184922,9.7319391e-05,0.000194638783,pass,pass,19
92489,8554215121,6|28|40|46,6|22|12|6,46,369910,184932,0.000124339111,0.000248678221,pass,pass,29
92503,8556805009,4|18|48|54,4|14|30|6,54,369958,184952,0.000145941213,0.000291882425,pass,pass,13
92507,8557545049,18|40|48|82,18|22|8|34,82,369946,184932,0.000221604852,0.000443209703,pass,pass,17
92551,8565687601,18|70|78|102,18|52|8|24,102,370102,185000,0.000275523765,0.000551047531,pass,pass,1
92557,8566798249,18|58|64|78,18|40|6|14,78,370150,185036,0.000210680986,0.000421361972,pass,pass,7
92567,8568649489,4|22|24|58,4|18|2|34,58,370210,185076,0.000156643296,0.000313286592,pass,pass,17
92569,8569019761,16|30|78|82,16|14|48|4,82,370194,185056,0.000221456427,0.000442912854,pass,pass,19
92581,8571241561,12|36|70|72,12|24|34|2,72,370252,185090,0.000194424342,0.000388848684,pass,pass,1
92593,8573463649,4|10|18|22,4|6|8|4,22,370350,185164,5.9399739e-05,0.000118799477,pass,pass,13
92623,8579020129,12|40|52|60,12|28|12|8,60,370432,185186,0.000161946817,0.000323893633,pass,pass,13
92627,8579761129,42|52|60|84,42|10|8|24,84,370424,185170,0.000226715752,0.000453431505,pass,pass,17
92639,8581984321,82|126|162|172,82|44|36|10,172,370384,185106,0.000464167359,0.000928334719,pass,pass,29
92641,8582354881,22|52|66|70,22|30|14|4,70,370494,185212,0.000188901242,0.000377802485,pass,pass,1
92647,8583466609,22|40|64|70,22|18|24|6,70,370518,185224,0.000188889009,0.000377778018,pass,pass,7
92657,8585319649,18|48|88|124,18|30|40|36,124,370504,185190,0.000334567275,0.00066913455,pass,pass,17
92669,8587543561,6|18|48|60,6|12|30|12,60,370616,185278,0.000161866428,0.000323732856,pass,pass,29
92671,8587914241,22|36|40|48,22|14|4|8,48,370636,185294,0.000129490348,0.000258980695,pass,pass,1
92681,8589767761,22|46|70|130,22|24|24|60,130,370594,185232,0.000350665185,0.00070133037,pass,pass,11
92683,8590138489,22|30|48|72,22|8|18|24,72,370660,185294,0.000194210373,0.000388420746,pass,pass,13
92693,8591992249,24|40|70|172,24|16|30|102,172,370600,185214,0.00046389695,0.0009277939,pass,pass,23
92699,8593104601,16|28|58|70,16|12|30|12,70,370726,185328,0.000188783051,0.000377566101,pass,pass,29
92707,8594587849,4|58|72|94,4|54|14|22,94,370734,185320,0.000253486792,0.000506973583,pass,pass,7
92717,8596442089,88|102|114|184,88|14|12|70,184,370684,185250,0.000496133395,0.00099226679,pass,pass,17
92723,8597554729,18|40|64|82,18|22|24|18,82,370810,185364,0.000221088619,0.000442177238,pass,pass,23
92737,8600151169,18|42|52|70,18|24|10|18,70,370878,185404,0.000188705695,0.000377411389,pass,pass,7
92753,8603119009,60|90|114|132,60|30|24|18,132,370880,185374,0.00035578364,0.000711567281,pass,pass,23
92761,8604603121,6|22|30|36,6|16|8|6,36,371008,185486,9.7023534e-05,0.000194047067,pass,pass,1
92767,8605716289,4|22|34|70,4|18|12|36,70,370998,185464,0.000188644669,0.000377289338,pass,pass,7
92779,8607942841,18|28|40|58,18|10|12|18,58,371058,185500,0.000156285366,0.000312570733,pass,pass,19
92789,8609798521,48|100|102|106,48|52|2|4,106,371050,185472,0.000285594198,0.000571188395,pass,pass,29
92791,8610169681,16|58|78|88,16|42|20|10,88,371076,185494,0.000237091959,0.000474183919,pass,pass,1
92801,8612025601,22|72|78|90,22|50|6|12,90,371114,185512,0.000242454284,0.000484908568,pass,pass,11
92809,8613510481,36|42|88|108,36|6|46|20,108,371128,185510,0.000290920062,0.000581840123,pass,pass,19
92821,8615738041,10|30|36|58,10|20|6|22,58,371226,185584,0.00015621465,0.000312429299,pass,pass,1
92831,8617594561,6|16|30|72,6|10|14|42,72,371252,185590,0.000193900744,0.000387801489,pass,pass,11
92849,8620936801,10|36|52|58,10|26|16|6,58,371338,185640,0.000156167541,0.000312335082,pass,pass,29
92857,8622422449,78|88|112|130,78|10|24|18,130,371298,185584,0.000350000538,0.000700001077,pass,pass,7
92861,8623165321,18|106|156|196,18|88|50|40,196,371248,185526,0.000527670389,0.001055340778,pass,pass,11
92863,8623536769,64|70|82|112,64|6|12|30,112,371340,185614,0.000301519443,0.000603038885,pass,pass,13
92867,8624279689,54|72|84|100,54|18|12|16,100,371368,185634,0.000269202192,0.000538404385,pass,pass,17
92893,8629109449,24|48|112|204,24|24|64|92,204,371368,185582,0.000549018764,0.001098037527,pass,pass,13
92899,8630224201,40|76|96|186,40|36|20|90,186,371410,185612,0.000500543601,0.001001087202,pass,pass,19
92921,8634312241,10|46|76|78,10|36|30|2,78,371606,185764,0.000209855684,0.000419711368,pass,pass,11
92927,8635427329,12|84|90|144,12|72|6|54,144,371564,185710,0.000387400863,0.000774801726,pass,pass,17
92941,8638029481,6|16|72|112,6|10|56|40,112,371652,185770,0.000301266395,0.00060253279,pass,pass,1
92951,8639888401,36|72|88|96,36|36|16|8,96,371708,185806,0.000258200557,0.000516401115,pass,pass,11
92957,8641003849,4|18|24|70,4|14|6|46,70,371758,185844,0.000188259088,0.000376518175,pass,pass,17
92959,8641375681,22|70|72|78,22|48|2|6,78,371758,185840,0.000209769899,0.000419539797,pass,pass,19
92987,8646582169,12|114|130|154,12|102|16|24,154,371794,185820,0.000414036371,0.000828072741,pass,pass,17
92993,8647698049,28|90|102|162,28|62|12|60,162,371810,185824,0.000435516652,0.000871033304,pass,pass,23
93001,8649186001,88|166|180|190,88|78|14|10,190,371814,185812,0.000510747196,0.001021494393,pass,pass,1
93047,8657744209,30|34|48|52,30|4|14|4,52,372136,186042,0.000139714338,0.000279428676,pass,pass,17
93053,8658860809,30|54|58|82,30|24|4|24,82,372130,186024,0.000220304558,0.000440609115,pass,pass,23
93059,8659977481,12|28|82|126,12|16|54|44,126,372110,185992,0.000338494933,0.000676989867,pass,pass,29
93077,8663327929,48|88|90|100,48|40|2|10,100,372208,186054,0.000268594819,0.000537189639,pass,pass,17
93083,8664444889,18|22|48|70,18|4|26|22,70,372262,186096,0.000188004254,0.000376008509,pass,pass,23
93089,8665561921,18|30|48|60,18|12|18|12,60,372296,186118,0.000161136117,0.000322272234,pass,pass,29
93097,8667051409,24|30|42|52,24|6|12|10,52,372336,186142,0.000139639301,0.000279278602,pass,pass,7
93103,8668168609,28|60|70|72,28|32|10|2,72,372340,186134,0.000193334264,0.000386668528,pass,pass,13
93113,8670030769,10|54|60|70,10|44|6|10,70,372382,186156,0.000187943681,0.000375887363,pass,pass,23
93131,8673383161,16|78|102|108,16|62|24|6,108,372416,186154,0.000289914207,0.000579828414,pass,pass,11
93133,8673755689,4|84|100|144,4|80|16|44,144,372388,186122,0.000386543975,0.000773087949,pass,pass,13
93139,8674873321,30|46|66|70,30|16|20|4,70,372486,186208,0.000187891216,0.000375782433,pass,pass,19
93151,8677108801,36|48|76|82,36|12|28|6,82,372522,186220,0.000220072785,0.00044014557,pass,pass,1
93169,8680462561,16|88|136|148,16|72|48|12,148,372528,186190,0.0003971278,0.0007942556,pass,pass,19
93179,8682326041,12|36|70|72,12|24|34|2,72,372644,186286,0.000193176574,0.000386353148,pass,pass,29
93187,8683816969,22|58|60|78,22|36|2|18,78,372670,186296,0.000209256656,0.000418513312,pass,pass,7
93199,8686053601,52|108|120|220,52|56|12|100,220,372576,186178,0.000590135087,0.001180270175,pass,pass,19
93229,8691646441,36|66|78|90,36|30|12|12,90,372826,186368,0.000241341214,0.000482682427,pass,pass,19
93239,8693511121,18|120|138|150,18|102|18|12,150,372806,186328,0.000402192216,0.000804384431,pass,pass,29
93241,8693884081,58|78|82|100,58|20|4|18,100,372864,186382,0.000268122393,0.000536244785,pass,pass,1
93251,8695749001,30|46|52|70,30|16|6|18,70,372934,186432,0.000187665548,0.000375331096,pass,pass,11
93253,8696122009,28|42|60|100,28|14|18|40,100,372912,186406,0.00026808789,0.00053617578,pass,pass,13
93257,8696868049,22|30|34|52,22|8|4|18,52,372976,186462,0.000139399723,0.000278799447,pass,pass,17
93263,8697987169,4|22|34|60,4|18|12|26,60,372992,186466,0.000160835487,0.000321670973,pass,pass,23
93281,8701344961,12|78|96|106,12|66|18|10,106,373018,186456,0.000284087864,0.000568175727,pass,pass,11
93283,8701718089,28|54|58|64,28|26|4|6,64,373068,186502,0.00017152107,0.000343042141,pass,pass,13
93287,8702464369,18|40|70|84,18|22|30|14,84,373064,186490,0.000225111752,0.000450223504,pass,pass,17
93307,8706196249,4|64|70|78,4|60|6|8,78,373150,186536,0.000208987536,0.000417975072,pass,pass,7
93319,8708435761,42|46|58|112,42|4|12|54,112,373164,186526,0.000300046079,0.000600092157,pass,pass,19
93323,8709182329,58|64|94|148,58|6|30|54,148,373144,186498,0.000396472467,0.000792944933,pass,pass,23
93329,8710302241,6|28|40|46,6|22|12|6,46,373270,186612,0.000123220007,0.000246440013,pass,pass,29
93337,8711795569,28|42|64|114,28|14|22|50,114,373234,186560,0.000305345147,0.000610690294,pass,pass,7
93371,8718143641,12|16|18|28,12|4|2|10,28,373456,186714,7.4969744e-05,0.000149939489,pass,pass,11
93377,8719264129,4|24|30|90,4|20|6|60,90,373418,186664,0.000240958694,0.000481917389,pass,pass,17
93383,8720384689,4|42|52|100,4|38|10|48,100,373432,186666,0.00026771468,0.000535429361,pass,pass,23
93407,8724867649,24|40|64|70,24|16|24|6,70,373558,186744,0.000187352126,0.000374704251,pass,pass,17
93419,8727109561,42|58|102|148,42|16|44|46,148,373528,186690,0.00039606504,0.000792130081,pass,pass,29
93427,8728604329,4|18|54|100,4|14|36|46,100,373608,186754,0.000267588599,0.000535177197,pass,pass,7
93463,8735332369,30|40|84|124,30|10|44|40,124,373728,186802,0.000331682056,0.000663364112,pass,pass,13
93479,8738323441,22|42|46|58,22|20|4|12,58,373858,186900,0.000155115053,0.000310230105,pass,pass,29
93481,8738697361,6|16|66|70,6|10|50|4,70,373854,186892,0.000187203817,0.000374407634,pass,pass,1
93487,8739819169,30|34|58|70,30|4|24|12,70,373878,186904,0.000187191802,0.000374383604,pass,pass,7
93491,8740567081,22|42|70|82,22|20|28|12,82,373882,186900,0.000219272443,0.000438544887,pass,pass,11
93493,8740941049,10|54|58|60,10|44|4|2,60,373912,186926,0.000160439819,0.000320879638,pass,pass,13
93497,8741689009,18|54|58|60,18|36|4|2,60,373928,186934,0.000160432955,0.00032086591,pass,pass,17
93503,8742811009,64|100|102|108,64|36|2|6,108,373904,186898,0.000288760788,0.000577521577,pass,pass,23
93523,8746551529,4|24|34|42,4|20|10|8,42,374050,187004,0.000112271848,0.000224543695,pass,pass,13
93529,8747673841,82|90|96|112,82|8|6|16,112,374004,186946,0.000299372387,0.000598744774,pass,pass,19
93553,8752163809,60|70|100|138,60|10|30|38,138,374074,186968,0.000368774919,0.000737549838,pass,pass,13
93557,8752912249,22|42|54|58,22|20|12|4,58,374170,187056,0.000154985731,0.000309971461,pass,pass,17
93559,8753286481,36|46|60|66,36|10|14|6,66,374170,187052,0.000176359303,0.000352718605,pass,pass,19
93563,8754034969,54|58|70|72,54|4|12|2,72,374180,187054,0.000192383741,0.000384767483,pass,pass,23
93581,8757403561,22|30|36|70,22|8|6|34,70,374254,187092,0.000187003772,0.000374007544,pass,pass,11
93601,8761147201,28|48|58|88,28|20|10|30,88,374316,187114,0.000235040224,0.000470080448,pass,pass,1
93607,8762270449,10|18|34|84,10|8|16|50,84,374344,187130,0.000224342197,0.000448684393,pass,pass,7
93629,8766389641,52|78|100|132,52|26|22|32,132,374384,187126,0.000352454902,0.000704909804,pass,pass,29
93637,8767887769,18|34|78|82,18|16|44|4,82,374466,187192,0.000218930551,0.000437861102,pass,pass,7
93683,8776504489,4|12|42|48,4|8|30|6,48,374684,187318,0.000128091543,0.000256183086,pass,pass,23
93701,8779877401,16|18|52|60,16|2|34|8,60,374744,187342,0.00016008367,0.000320167341,pass,pass,11
93703,8780252209,18|60|72|88,18|42|12|16,88,374724,187318,0.000234784372,0.000469568744,pass,pass,13
93719,8783250961,18|36|52|136,18|18|16|84,136,374740,187302,0.000362786628,0.000725573256,pass,pass,29
93739,8787000121,12|60|70|72,12|48|10|2,72,374884,187406,0.000192022531,0.000384045061,pass,pass,19
93761,8791125121,6|58|132|186,6|52|74|54,186,374858,187336,0.000495941809,0.000991883619,pass,pass,11
93763,8791500169,40|60|78|82,40|20|18|4,82,374970,187444,0.000218636349,0.000437272698,pass,pass,13
93787,8796001369,4|18|24|52,4|14|6|28,52,375096,187522,0.000138611961,0.000277223922,pass,pass,7
93809,8800128481,16|46|82|112,16|30|36|30,112,375124,187506,0.000298478824,0.000596957648,pass,pass,29
93811,8800503721,18|48|120|132,18|30|72|12,132,375112,187490,0.000351771114,0.000703542229,pass,pass,1
93827,8803505929,22|54|58|60,22|32|4|2,60,375248,187594,0.000159868695,0.000319737389,pass,pass,17
93851,8808010201,6|28|42|58,6|22|14|16,58,375346,187644,0.000154500218,0.000309000437,pass,pass,11
93871,8811764641,16|40|60|102,16|24|20|42,102,375382,187640,0.000271649391,0.000543298782,pass,pass,1
93887,8814768769,4|24|34|72,4|20|10|38,72,375476,187702,0.000191719833,0.000383439667,pass,pass,17
93889,8815144321,16|88|96|100,16|72|8|4,100,375456,187678,0.000266271874,0.000532543748,pass,pass,19
93893,8815895449,4|12|18|22,4|8|6|4,22,375550,187764,5.8577317e-05,0.000117154633,pass,pass,23
93901,8817397801,16|18|42|66,16|2|24|24,66,375538,187736,0.000175716979,0.000351433957,pass,pass,1
93911,8819275921,36|46|52|70,36|10|6|18,70,375574,187752,0.000186346647,0.000372693295,pass,pass,11
93913,8819651569,54|78|84|100,54|24|6|16,100,375552,187726,0.000266203827,0.000532407654,pass,pass,13
93923,8821529929,58|88|102|108,58|30|14|6,108,375584,187738,0.000287469523,0.000574939046,pass,pass,23
93937,8824159969,28|34|48|84,28|6|14|36,84,375664,187790,0.000223554084,0.000447108168,pass,pass,7
93941,8824911481,28|40|42|72,28|12|2|30,72,375692,187810,0.000191609627,0.000383219255,pass,pass,11
93949,8826414601,16|72|76|120,16|56|4|44,120,375676,187778,0.000319322185,0.000638644371,pass,pass,19
93967,8829797089,12|22|60|124,12|10|38|64,124,375744,187810,0.000329903051,0.000659806102,pass,pass,7
93971,8830548841,22|28|70|72,22|6|42|2,72,375812,187870,0.000191548456,0.000383096913,pass,pass,11
93979,8832052441,28|58|72|90,28|30|14|18,90,375826,187868,0.000239415188,0.000478830377,pass,pass,19
93983,8832804289,4|24|30|100,4|20|6|70,100,375832,187866,0.000266005554,0.000532011108,pass,pass,23
93997,8835436009,24|58|70|88,24|34|12|18,88,375900,187906,0.000234050023,0.000468100046,pass,pass,7
94007,8837316049,18|34|58|78,18|16|24|20,78,375950,187936,0.000207431361,0.000414862723,pass,pass,17
94009,8837692081,12|22|36|40,12|10|14|4,40,375996,187978,0.000106372794,0.000212745588,pass,pass,19
94033,8842205089,18|42|58|90,18|24|16|32,90,376042,187976,0.0002392777,0.000478555401,pass,pass,13
94049,8845214401,30|48|72|100,30|18|24|28,100,376096,187998,0.000265818882,0.000531637763,pass,pass,29
94057,8846719249,12|30|42|64,12|18|12|22,64,376164,188050,0.000170109614,0.000340219229,pass,pass,7
94063,8847847969,4|22|28|58,4|18|6|30,58,376194,188068,0.000154152005,0.000308304009,pass,pass,13
94079,8850858241,12|36|42|66,12|24|6|24,66,376250,188092,0.000175384517,0.000350769035,pass,pass,29
94099,8854621801,6|48|78|100,6|42|30|22,100,376296,188098,0.000265677637,0.000531355275,pass,pass,19
94109,8856503881,30|36|70|136,30|6|34|66,136,376300,188082,0.000361283193,0.000722566386,pass,pass,29
94111,8856880321,18|46|48|70,18|28|2|22,70,376374,188152,0.000185950633,0.000371901266,pass,pass,1
94117,8858009689,28|42|70|100,28|14|28|30,100,376368,188134,0.000265626826,0.000531253652,pass,pass,7
94121,8858762641,18|28|36|40,18|10|8|4,40,376444,188202,0.000106246215,0.00021249243,pass,pass,11
94151,8864410801,10|16|28|58,10|6|12|30,58,376546,188244,0.000154007923,0.000308015847,pass,pass,11
94153,8864787409,10|30|48|52,10|20|18|4,52,376560,188254,0.000138073136,0.000276146273,pass,pass,13
94169,8867800561,6|16|46|48,6|10|30|2,48,376628,188290,0.000127430471,0.000254860941,pass,pass,29
94201,8873828401,42|70|72|76,42|28|2|4,76,376728,188326,0.000201696373,0.000403392745,pass,pass,1
94207,8874958849,4|30|40|54,4|26|10|14,54,376774,188360,0.000143301453,0.000286602906,pass,pass,7
94219,8877219961,10|18|22|30,10|8|4|8,30,376846,188408,7.9601779e-05,0.000159203558,pass,pass,19
94229,8879104441,6|76|106|120,6|70|30|14,120,376796,188338,0.000318373325,0.000636746649,pass,pass,29
94253,8883628009,70|88|112|132,70|18|24|20,132,376880,188374,0.000350121482,0.000700242963,pass,pass,23
94261,8885136121,30|36|58|60,30|6|22|2,60,376984,188462,0.000159132621,0.000318265242,pass,pass,1
94273,8887398529,10|34|78|88,10|24|44|10,88,377004,188458,0.000233364802,0.000466729604,pass,pass,13
94291,8890792681,12|16|18|28,12|4|2|10,28,377136,188554,7.4238262e-05,0.000148476525,pass,pass,1
94307,8893810249,18|78|88|100,18|60|10|12,100,377128,188514,0.000265091669,0.000530183337,pass,pass,17
94309,8894187481,12|22|40|102,12|10|18|62,102,377134,188516,0.000270387768,0.000540775536,pass,pass,19
94321,8896451041,36|52|66|76,36|16|14|10,76,377208,188566,0.000201439764,0.000402879528,pass,pass,1
94327,8897582929,22|70|102|118,22|48|32|16,118,377190,188536,0.000312741845,0.00062548369,pass,pass,7
94331,8898337561,12|66|70|106,12|54|4|36,106,377218,188556,0.000280925677,0.000561851353,pass,pass,11
94343,8900601649,30|58|64|84,30|28|6|20,84,377288,188602,0.000222592031,0.000445184062,pass,pass,23
94349,8901733801,10|28|52|58,10|18|24|6,58,377338,188640,0.000153684724,0.000307369447,pass,pass,29
94351,8902111201,40|42|88|112,40|2|46|24,112,377292,188590,0.00029676421,0.00059352842,pass,pass,1
94379,8907395641,6|18|48|58,6|12|30|10,58,377458,188700,0.000153635872,0.000307271745,pass,pass,29
94397,8910793609,4|12|60|64,4|8|48|4,64,377524,188730,0.000169496912,0.000338993824,pass,pass,17
94399,8911171201,10|18|60|72,10|8|42|12,72,377524,188726,0.000190679986,0.000381359972,pass,pass,19
94421,8915325241,18|30|88|120,18|12|58|32,120,377564,188722,0.00031772593,0.000635451859,pass,pass,11
94427,8916458329,58|84|100|168,58|26|16|68,168,377540,188686,0.000444788037,0.000889576075,pass,pass,17
94433,8917591489,4|22|34|70,4|18|12|36,70,377662,188796,0.000185316574,0.000370633147,pass,pass,23
94439,8918724721,30|40|58|60,30|10|18|2,60,377696,188818,0.000158832686,0.000317665371,pass,pass,29
94441,8919102481,16|48|78|102,16|32|30|24,102,377662,188780,0.000270009847,0.000540019695,pass,pass,1
94447,8920235809,4|18|78|88,4|14|60|10,88,377700,188806,0.000232934874,0.000465869747,pass,pass,7
94463,8923258369,48|54|58|60,48|6|4|2,60,377792,188866,0.000158792331,0.000317584663,pass,pass,23
94477,8925903529,12|48|58|60,12|36|10|2,60,377848,188894,0.000158768801,0.000317537602,pass,pass,7
94483,8927037289,4|10|30|48,4|6|20|18,48,377884,188918,0.000127006975,0.00025401395,pass,pass,13
94513,8932707169,12|24|162|190,12|12|138|28,190,377862,188836,0.000502576365,0.00100515273,pass,pass,13
94529,8935731841,12|36|46|66,12|24|10|20,66,378050,188992,0.000174549609,0.000349099218,pass,pass,29
94531,8936109961,10|28|30|70,10|18|2|40,70,378054,188992,0.000185124457,0.000370248913,pass,pass,1
94541,8938000681,36|46|96|100,36|10|50|4,100,378064,188982,0.000264435536,0.000528871072,pass,pass,11
94543,8938378849,28|54|58|72,28|26|4|14,72,378100,189014,0.000190389558,0.000380779116,pass,pass,13
94547,8939135209,42|82|132|184,42|40|50|52,184,378004,188910,0.000486530509,0.000973061017,pass,pass,17
94559,8941404481,18|48|70|88,18|30|22|18,88,378148,189030,0.000232658975,0.00046531795,pass,pass,29
94561,8941782721,6|16|76|100,6|10|60|24,100,378144,189022,0.000264379607,0.000528759214,pass,pass,1
94573,8944052329,4|10|94|108,4|6|84|14,108,378184,189038,0.000285493746,0.000570987491,pass,pass,13
94583,8945943889,10|22|78|88,10|12|56|10,88,378244,189078,0.000232599939,0.000465199877,pass,pass,23
94597,8948592409,12|30|70|82,12|18|40|12,82,378306,189112,0.000216708775,0.00043341755,pass,pass,7
94603,8949727609,40|54|60|78,40|14|6|18,78,378334,189128,0.000206124542,0.000412249083,pass,pass,13
94613,8951619769,82|88|112|130,82|6|24|18,130,378322,189096,0.000343504592,0.000687009185,pass,pass,23
94621,8953133641,6|36|48|58,6|30|12|10,58,378426,189184,0.000153242938,0.000306485875,pass,pass,1
94649,8958433201,12|40|46|82,12|28|6|36,82,378514,189216,0.000216589716,0.000433179431,pass,pass,29
94651,8958811801,16|42|52|66,16|26|10|14,66,378538,189236,0.000174324624,0.000348649248,pass,pass,1
94687,8965627969,18|28|72|102,18|10|44|30,102,378646,189272,0.000269308353,0.000538616706,pass,pass,7
94693,8966764249,22|24|58|72,22|2|34|14,72,378700,189314,0.000190087968,0.000380175937,pass,pass,13
94709,8969794681,12|16|22|42,12|4|6|20,42,378794,189376,0.000110865916,0.000221731831,pass,pass,29
94723,8972446729,4|24|54|60,4|20|30|6,60,378832,189386,0.000158356471,0.000316712942,pass,pass,13
94727,8973204529,48|64|78|94,48|16|14|16,94,378814,189360,0.000248081328,0.000496162657,pass,pass,17
94747,8976994009,12|54|58|64,12|42|4|6,64,378924,189430,0.000168870782,0.000337741564,pass,pass,7
94771,8981542441,36|58|78|106,36|22|20|28,106,378978,189436,0.000279621403,0.000559242806,pass,pass,1
94777,8982679729,28|34|48|58,28|6|14|10,58,379050,189496,0.000152990704,0.000305981409,pass,pass,7
94781,8983437961,18|36|40|78,18|18|4|38,78,379046,189484,0.000205737437,0.000411474874,pass,pass,11
94789,8984954521,46|48|60|70,46|2|12|10,70,379086,189508,0.000184620578,0.000369241157,pass,pass,19
94793,8985712849,22|24|28|64,22|2|4|36,64,379108,189522,0.000168788835,0.000337577669,pass,pass,23
94811,8989125721,10|58|60|76,10|48|2|16,76,379168,189546,0.000200398688,0.000400797376,pass,pass,11
94819,8990642761,28|48|66|106,28|20|18|40,106,379170,189532,0.000279479851,0.000558959702,pass,pass,19
94823,8991401329,30|52|58|72,30|22|6|14,72,379220,189574,0.000189827363,0.000379654725,pass,pass,23
94837,8994056569,10|18|54|72,10|8|36|18,72,379276,189602,0.00018979934,0.00037959868,pass,pass,7
94841,8994815281,28|70|102|112,28|42|32|10,112,379252,189570,0.000295230966,0.000590461931,pass,pass,11
94847,8995953409,42|108|148|150,42|66|40|2,150,379238,189544,0.000395373602,0.000790747203,pass,pass,17
94849,8996332801,42|52|88|112,42|10|36|24,112,379284,189586,0.000295206064,0.000590412129,pass,pass,19
94873,9000886129,54|60|72|102,54|6|12|30,102,379390,189644,0.00026878037,0.000537560739,pass,pass,13
94889,9003922321,16|52|72|102,16|36|20|30,102,379454,189676,0.000268735048,0.000537470097,pass,pass,29
94903,9006579409,10|22|132|154,10|12|110|22,154,379458,189652,0.000405677376,0.000811354752,pass,pass,13
94907,9007338649,12|28|60|64,12|16|32|4,64,379564,189750,0.00016858609,0.000337172179,pass,pass,17
94933,9012274489,64|102|108|124,64|38|6|16,124,379608,189742,0.00032654609,0.000653092181,pass,pass,13
94949,9015312601,10|12|28|42,10|2|16|14,42,379754,189856,0.000110585683,0.000221171366,pass,pass,29
94951,9015692401,18|28|42|48,18|10|14|6,48,379756,189854,0.000126380975,0.000252761951,pass,pass,1
94961,9017591521,22|30|58|72,22|8|28|14,72,379772,189850,0.0001895515,0.000379103,pass,pass,11
94993,9023670049,10|34|52|114,10|24|18|62,114,379858,189872,0.000300022107,0.000600044214,pass,pass,13
94999,9024810001,30|88|100|102,30|58|12|2,102,379894,189896,0.000268423878,0.000536847756,pass,pass,19
95003,9025570009,24|40|54|112,24|16|14|58,112,379900,189894,0.000294727535,0.00058945507,pass,pass,23
95009,9026710081,28|48|82|100,28|20|34|18,100,379936,189918,0.000263132966,0.000526265933,pass,pass,29
95021,9028990441,6|22|70|78,6|16|48|8,78,380006,189964,0.000205217794,0.000410435588,pass,pass,11
95027,9030130729,54|72|100|114,54|18|28|14,114,379994,189940,0.000299914761,0.000599829522,pass,pass,17
95063,9036973969,100|108|112|160,100|8|4|48,160,380092,189966,0.000420773592,0.000841547184,pass,pass,23
95071,9038495041,30|42|66|72,30|12|24|6,72,380212,190070,0.000189332183,0.000378664367,pass,pass,1
95083,9040776889,40|48|58|60,40|8|10|2,60,380272,190106,0.000157756907,0.000315513814,pass,pass,13
95087,9041537569,54|64|70|82,54|10|6|12,82,380266,190092,0.000215592037,0.000431184074,pass,pass,17
95089,9041917921,18|46|102|126,18|28|56|24,126,380230,190052,0.000331268601,0.000662537202,pass,pass,19
95093,9042678649,58|64|88|114,58|6|24|26,114,380258,190072,0.000299706603,0.000599413206,pass,pass,23
95101,9044200201,18|22|58|66,18|4|36|8,66,380338,190136,0.000173499753,0.000346999506,pass,pass,1
95107,9045341449,28|82|102|112,28|54|20|10,112,380316,190102,0.000294405249,0.000588810498,pass,pass,7
95111,9046102321,46|72|130|210,46|26|58|80,210,380234,190012,0.000551986626,0.001103973252,pass,pass,11
95131,9049907161,40|52|96|102,40|12|44|6,102,380422,190160,0.000268051424,0.000536102848,pass,pass,1
95143,9052190449,12|54|60|70,12|42|6|10,70,380502,190216,0.000183933658,0.000367867316,pass,pass,13
95153,9054093409,28|58|70|82,28|30|12|12,82,380530,190224,0.000215442498,0.000430884996,pass,pass,23
95177,9058661329,4|22|48|54,4|18|26|6,54,380654,190300,0.000141840991,0.000283681982,pass,pass,17
95189,9060945721,6|48|136|142,6|42|88|6,142,380614,190236,0.000372942252,0.000745884503,pass,pass,29
95191,9061326481,30|36|42|58,30|6|6|16,58,380706,190324,0.000152325325,0.00030465065,pass,pass,1
95203,9063611209,22|48|90|168,22|26|42|78,168,380644,190238,0.000441162568,0.000882325137,pass,pass,13
95213,9065515369,72|82|88|114,72|10|6|26,114,380738,190312,0.000299328873,0.000598657746,pass,pass,23
95219,9066657961,6|18|60|96,6|12|42|36,96,380780,190342,0.000252050536,0.000504101072,pass,pass,29
95231,9068943361,36|66|100|108,36|30|34|8,108,380816,190354,0.000283521122,0.000567042245,pass,pass,11
95233,9069324289,18|54|58|82,18|36|4|24,82,380850,190384,0.000215261516,0.000430523033,pass,pass,13
95239,9070467121,18|70|130|150,18|52|60|20,150,380806,190328,0.000393746259,0.000787492519,pass,pass,19
95257,9073896049,10|40|58|70,10|30|18|12,70,380958,190444,0.000183713533,0.000367427066,pass,pass,7
95261,9074658121,22|28|78|106,22|6|50|28,106,380938,190416,0.000278183097,0.000556366194,pass,pass,11
95267,9075801289,24|42|48|60,24|18|6|12,60,381008,190474,0.000157452213,0.000314904427,pass,pass,17
95273,9076944529,28|34|108|220,28|6|74|112,220,380872,190326,0.000577288424,0.001154576848,pass,pass,23
95279,9078087841,6|12|148|160,6|6|136|12,160,380956,190398,0.000419819687,0.000839639375,pass,pass,29
95287,9079612369,10|48|58|70,10|38|10|12,70,381078,190504,0.000183655693,0.000367311386,pass,pass,7
95311,9084186721,12|60|70|102,12|48|10|32,102,381142,190520,0.000267545194,0.000535090388,pass,pass,1
95317,9085330489,48|72|112|114,48|24|40|2,114,381154,190520,0.000299002277,0.000598004553,pass,pass,7
95327,9087236929,82|88|172|184,82|6|84|12,184,381124,190470,0.00048254954,0.00096509908,pass,pass,17
95339,9089524921,16|66|78|156,16|50|12|78,156,381200,190522,0.000409066594,0.000818133188,pass,pass,29
95369,9095246161,52|66|72|78,52|14|6|6,78,381398,190660,0.000204468957,0.000408937915,pass,pass,29
95383,9097916689,4|58|130|138,4|54|72|8,138,381394,190628,0.000361699674,0.000723399348,pass,pass,13
95393,9099824449,48|60|70|72,48|12|10|2,72,381500,190714,0.000188693091,0.000377386181,pass,pass,23
95401,9101350801,28|30|78|102,28|2|48|24,102,381502,190700,0.000267292796,0.000534585591,pass,pass,1
95413,9103640569,24|28|30|60,24|4|2|30,60,381592,190766,0.000157211281,0.000314422563,pass,pass,13
95419,9104785561,42|48|72|100,42|6|24|28,100,381576,190738,0.000262002327,0.000524004653,pass,pass,19
95429,9106694041,22|30|40|58,22|8|10|18,58,381658,190800,0.000151945425,0.000303890851,pass,pass,29
95441,9108984481,10|16|18|36,10|6|2|18,36,381728,190846,9.4299096e-05,0.000188598192,pass,pass,11
95443,9109366249,58|70|90|124,58|12|20|34,124,381648,190762,0.00032480119,0.00064960238,pass,pass,13
95461,9112802521,18|60|82|130,18|42|22|48,130,381714,190792,0.000340453169,0.000680906339,pass,pass,1
95467,9113948089,52|120|138|180,52|68|18|42,180,381688,190754,0.000471367069,0.000942734138,pass,pass,7
95471,9114711841,48|70|82|120,48|22|12|38,120,381764,190822,0.000314231547,0.000628463094,pass,pass,11
95479,9116239441,18|40|96|100,18|22|56|4,100,381816,190858,0.000261837682,0.000523675363,pass,pass,19
95483,9117003289,10|18|28|64,10|8|10|36,64,381868,190902,0.000167569096,0.000335138192,pass,pass,23
95507,9121587049,18|22|58|94,18|4|36|36,94,381934,190920,0.000246055263,0.000492110526,pass,pass,17
95527,9125407729,22|40|42|48,22|18|2|6,48,382060,191006,0.000125618935,0.00025123787,pass,pass,7
95531,9126171961,22|30|46|48,22|8|16|2,48,382076,191014,0.000125613675,0.00025122735,pass,pass,11
95539,9127700521,66|88|90|102,66|22|2|12,102,382054,190976,0.000266906708,0.000533813417,pass,pass,19
95549,9129611401,36|40|58|60,36|4|18|2,60,382136,191038,0.000156987514,0.000313975029,pass,pass,29
95561,9131904721,36|106|112|136,36|70|6|24,136,382108,190986,0.000355793682,0.000711587363,pass,pass,11
95569,9133433761,12|22|28|58,12|10|6|30,58,382218,191080,0.000151722839,0.000303445678,pass,pass,19
95581,9135727561,16|28|52|90,16|12|24|38,90,382234,191072,0.000235402434,0.000470804867,pass,pass,1
95597,9138786409,60|70|78|130,60|10|8|52,130,382258,191064,0.000339968827,0.000679937655,pass,pass,17
95603,9139933609,24|34|48|52,24|10|14|4,52,382360,191154,0.000135978996,0.000271957993,pass,pass,23
95617,9142610689,94|108|112|132,94|14|4|20,132,382336,191102,0.000345126913,0.000690253825,pass,pass,7
95621,9143375641,10|46|96|102,10|36|50|6,102,382382,191140,0.000266677822,0.000533355644,pass,pass,11
95629,9144905641,6|60|112|126,6|54|52|14,126,382390,191132,0.000329397986,0.000658795972,pass,pass,19
95633,9145670689,52|60|100|102,52|8|40|2,102,382430,191164,0.000266644359,0.000533288718,pass,pass,23
95651,9149113801,42|48|66|76,42|6|18|10,76,382528,191226,0.000198638801,0.000397277603,pass,pass,11
95701,9158681401,16|52|90|132,16|36|38|42,132,382672,191270,0.000344823983,0.000689647966,pass,pass,1
95707,9159829849,18|52|190|234,18|34|138|44,234,382594,191180,0.000611240557,0.001222481114,pass,pass,7
95713,9160978369,64|72|102|124,64|8|30|22,124,382728,191302,0.000323884948,0.000647769895,pass,pass,13
95717,9161744089,24|40|64|78,24|16|24|14,78,382790,191356,0.000203725566,0.000407451132,pass,pass,17
95723,9162892729,42|78|90|118,42|36|12|28,118,382774,191328,0.000308180897,0.000616361794,pass,pass,23
95731,9164424361,16|58|60|82,16|42|2|22,82,382842,191380,0.00021414171,0.000428283419,pass,pass,1
95737,9165573169,18|48|54|64,18|30|6|10,64,382884,191410,0.000167124518,0.000334249036,pass,pass,7
95747,9167488009,10|28|52|54,10|18|24|2,54,382934,191440,0.000140996585,0.000281993169,pass,pass,17
95773,9172467529,4|42|112|124,4|38|70|12,124,382968,191422,0.00032368204,0.00064736408,pass,pass,13
95783,9174383089,58|70|78|114,58|12|8|36,114,383018,191452,0.000297547582,0.000595095163,pass,pass,23
95789,9175532521,46|60|70|78,46|14|10|8,78,383078,191500,0.000203572435,0.00040714487,pass,pass,29
95791,9175915681,10|60|88|106,10|50|28|18,106,383058,191476,0.000276643944,0.000553287887,pass,pass,1
95801,9177831601,12|22|28|30,12|10|6|2,30,383174,191572,7.8287283e-05,0.000156574566,pass,pass,11
95803,9178214809,12|64|84|100,12|52|20|16,100,383112,191506,0.000260952162,0.000521904324,pass,pass,13
95813,9180130969,10|94|102|114,10|84|8|12,114,383138,191512,0.000297454416,0.000594908833,pass,pass,23
95819,9181280761,6|16|30|46,6|10|14|16,46,383230,191592,0.000120017951,0.000240035901,pass,pass,29
95857,9188564449,4|12|78|84,4|8|66|6,84,383344,191630,0.000219076332,0.000438152665,pass,pass,7
95869,9190865161,18|36|78|88,18|18|42|10,88,383388,191650,0.000229479811,0.000458959622,pass,pass,19
95873,9191632129,10|40|42|54,10|30|2|12,54,383438,191692,0.000140811282,0.000281622563,pass,pass,23
95881,9193166161,18|40|60|70,18|22|20|10,70,383454,191692,0.000182517913,0.000365035826,pass,pass,1
95891,9195083881,22|70|102|106,22|48|32|4,106,383458,191676,0.000276355445,0.00055271089,pass,pass,11
95911,9198919921,72|100|112|126,72|28|12|14,126,383518,191696,0.000328429481,0.000656858963,pass,pass,1
95917,9200070889,58|120|154|190,58|62|34|36,190,383478,191644,0.000495219825,0.000990439651,pass,pass,7
95923,9201221929,34|40|48|58,34|6|8|10,58,383634,191788,0.000151162912,0.000302325824,pass,pass,13
95929,9202373041,10|42|58|60,10|32|16|2,60,383656,191798,0.000156365645,0.000312731291,pass,pass,19
95947,9205826809,4|18|40|100,4|14|22|60,100,383688,191794,0.000260560518,0.000521121036,pass,pass,7
95957,9207745849,18|30|54|58,18|12|24|4,58,383770,191856,0.000151109351,0.000302218702,pass,pass,17
95959,9208129681,22|76|88|102,22|54|12|14,102,383734,191816,0.000265738492,0.000531476985,pass,pass,19
95971,9210432841,10|12|30|46,10|2|18|16,46,383838,191896,0.000119827865,0.000239655729,pass,pass,1
95987,9213504169,42|52|100|102,42|10|48|2,102,383846,191872,0.000265660975,0.00053132195,pass,pass,17
95989,9213888121,6|60|72|76,6|54|12|4,76,383880,191902,0.000197939347,0.000395878694,pass,pass,19
96001,9216192001,16|18|66|108,16|2|48|42,108,383896,191894,0.00028124707,0.000562494141,pass,pass,1
96013,9218496169,12|18|24|58,12|6|6|34,58,383994,191968,0.000151021216,0.000302042432,pass,pass,13
96017,9219264289,22|34|138|190,22|12|104|52,190,383878,191844,0.000494704063,0.000989408126,pass,pass,17
96043,9224257849,42|94|108|114,42|52|14|6,114,384058,191972,0.000296742084,0.000593484169,pass,pass,13
96053,9226178809,28|30|70|84,28|2|40|14,84,384128,192022,0.000218629298,0.000437258597,pass,pass,23
96059,9227331481,42|90|102|130,42|48|12|28,130,384106,191988,0.000338333732,0.000676667465,pass,pass,29
96079,9231174241,18|42|46|70,18|24|4|24,70,384246,192088,0.000182141779,0.000364283558,pass,pass,19
96097,9234633409,24|28|78|88,24|4|50|10,88,384300,192106,0.000228935347,0.000457870693,pass,pass,7
96137,9242322769,12|58|82|84,12|46|24|2,84,384464,192190,0.00021843827,0.000436876541,pass,pass,17
96149,9244630201,6|10|16|46,6|4|6|30,46,384550,192252,0.000119606028,0.000239212056,pass,pass,29
96157,9246168649,28|58|64|78,28|30|6|14,78,384550,192236,0.000202793348,0.000405586697,pass,pass,7
96167,9248091889,4|72|82|84,4|68|10|2,84,384584,192250,0.000218370127,0.000436740254,pass,pass,17
96179,9250400041,10|72|78|88,10|62|6|10,88,384628,192270,0.000228740162,0.000457480323,pass,pass,29
96181,9250784761,22|28|36|40,22|6|8|4,40,384684,192322,0.000103970639,0.000207941277,pass,pass,1
96199,9254247601,30|40|48|70,30|10|8|22,70,384726,192328,0.000181914573,0.000363829146,pass,pass,19
96211,9256556521,36|102|120|130,36|66|18|10,130,384714,192292,0.000337799212,0.000675598424,pass,pass,1
96221,9258480841,42|60|100|102,42|18|40|2,102,384782,192340,0.000265014914,0.000530029827,pass,pass,11
96223,9258865729,18|40|54|60,18|22|14|6,60,384832,192386,0.000155887885,0.000311775771,pass,pass,13
96233,9260790289,10|64|70|78,10|54|6|8,78,384854,192388,0.000202633192,0.000405266385,pass,pass,23
96259,9265795081,22|28|58|130,22|6|30|72,130,384906,192388,0.000337630767,0.000675261534,pass,pass,19
96263,9266565169,54|58|78|108,54|4|20|30,108,384944,192418,0.000280481597,0.000560963195,pass,pass,23
96269,9267720361,48|58|96|102,48|10|38|6,102,384974,192436,0.000264882776,0.000529765553,pass,pass,29
96281,9270030961,48|52|66|72,48|4|14|6,72,385052,192490,0.000186952774,0.000373905547,pass,pass,11
96289,9271571521,60|66|72|78,60|6|6|6,78,385078,192500,0.000202515344,0.000405030689,pass,pass,19
96293,9272341849,4|12|40|102,4|8|28|62,102,385070,192484,0.000264816757,0.000529633514,pass,pass,23
96323,9278120329,52|108|112|142,52|56|4|30,142,385150,192504,0.000368551644,0.000737103288,pass,pass,23
96329,9279276241,28|72|88|100,28|44|16|12,100,385216,192558,0.000259527245,0.00051905449,pass,pass,29
96331,9279661561,10|58|60|126,10|48|2|66,126,385198,192536,0.00032699754,0.000653995079,pass,pass,1
96337,9280817569,52|60|70|72,52|8|10|2,72,385276,192602,0.000186844099,0.000373688199,pass,pass,7
96353,9283900609,34|48|78|112,34|14|30|34,112,385300,192594,0.000290598113,0.000581196226,pass,pass,23
96377,9288526129,4|124|168|192,4|120|44|24,192,385316,192562,0.000498044139,0.000996088278,pass,pass,17
96401,9293152801,10|30|52|60,10|20|22|8,60,385544,192742,0.000155600046,0.000311200091,pass,pass,11
96419,9296623561,52|66|108|130,52|14|42|22,130,385546,192708,0.000337070494,0.000674140989,pass,pass,29
96431,9298937761,42|58|72|100,42|16|14|28,100,385624,192762,0.00025925273,0.00051850546,pass,pass,11
96443,9301252249,34|48|70|78,34|14|22|8,78,385694,192808,0.000202191968,0.000404383937,pass,pass,23
96451,9302795401,16|28|42|48,16|12|14|6,48,385756,192854,0.000124415506,0.000248831013,pass,pass,1
96457,9303952849,24|28|52|60,24|4|24|8,60,385768,192854,0.000155509709,0.000311019418,pass,pass,7
96461,9304724521,10|30|36|58,10|20|6|22,58,385786,192864,0.000150319818,0.000300639637,pass,pass,11
96469,9306267961,42|46|72|82,42|4|26|10,82,385794,192856,0.000212503499,0.000425006997,pass,pass,19
96479,9308197441,12|60|70|72,12|48|10|2,72,385844,192886,0.000186569098,0.000373138196,pass,pass,29
96487,9309741169,10|72|84|102,10|62|12|18,102,385846,192872,0.000264284308,0.000528568615,pass,pass,7
96493,9310899049,22|58|60|70,22|36|2|10,70,385902,192916,0.000181360306,0.000362720612,pass,pass,13
96497,9311671009,34|72|82|130,34|38|10|48,130,385858,192864,0.000336798035,0.00067359607,pass,pass,17
96517,9315531289,30|70|82|88,30|40|12|6,88,385980,192946,0.00022793912,0.000455878239,pass,pass,7
96527,9317461729,4|34|60|90,4|30|26|30,90,386018,192964,0.000233095403,0.000466190807,pass,pass,17
96553,9322481809,18|40|60|102,18|22|20|42,102,386110,193004,0.000264103653,0.000528207306,pass,pass,13
96557,9323254249,4|12|24|58,4|8|12|34,58,386170,193056,0.000150170366,0.000300340731,pass,pass,17
96581,9327889561,28|46|72|90,28|18|26|18,90,386234,193072,0.000232965076,0.000465930152,pass,pass,11
96587,9329048569,58|112|114|154,58|54|2|40,154,386194,193020,0.000398604367,0.000797208734,pass,pass,17
96589,9329434921,48|58|66|72,48|10|8|6,72,386284,193106,0.000186356624,0.000372713249,pass,pass,19
96601,9331753201,12|40|42|72,12|28|2|30,72,386332,193130,0.000186333475,0.00037266695,pass,pass,1
96643,9339869449,22|28|40|42,22|6|12|2,42,386530,193244,0.00010864729,0.000217294579,pass,pass,13
96661,9343348921,30|48|60|96,30|18|12|36,96,386548,193226,0.000248290417,0.000496580834,pass,pass,1
96667,9344508889,18|22|30|52,18|4|8|22,52,386616,193282,0.000134482295,0.00026896459,pass,pass,7
96671,9345282241,10|40|78|100,10|30|38|22,100,386584,193242,0.000258609097,0.000517218194,pass,pass,11
96697,9350309809,18|70|88|112,18|52|18|24,112,386676,193282,0.000289564309,0.000579128618,pass,pass,7
96703,9351470209,22|54|58|90,22|32|4|32,90,386722,193316,0.000232671168,0.000465342337,pass,pass,13
96731,9356886361,12|30|42|58,12|18|12|16,58,386866,193404,0.000149900239,0.000299800478,pass,pass,11
96737,9358047169,18|58|72|84,18|40|14|12,84,386864,193390,0.000217083432,0.000434166865,pass,pass,17
96739,9358434121,18|28|60|100,18|10|32|40,100,386856,193378,0.000258427315,0.000516854629,pass,pass,19
96749,9360369001,12|36|70|78,12|24|34|8,78,386918,193420,0.000201552471,0.000403104942,pass,pass,29
96757,9361917049,18|58|64|102,18|40|6|38,102,386926,193412,0.000263546823,0.000527093647,pass,pass,7
96763,9363078169,4|12|48|54,4|8|36|6,54,386998,193472,0.000139516137,0.000279032275,pass,pass,13
96769,9364239361,46|88|130|136,46|42|42|6,136,386940,193402,0.000351352189,0.000702704378,pass,pass,19
96779,9366174841,18|28|36|66,18|10|8|30,66,387050,193492,0.000170491532,0.000340983065,pass,pass,29
96787,9367723369,4|28|34|58,4|24|6|24,58,387090,193516,0.000149813508,0.000299627016,pass,pass,7
96797,9369659209,28|60|100|124,28|32|40|24,124,387064,193470,0.000320257859,0.000640515718,pass,pass,17
96799,9370046401,30|66|106|150,30|36|40|44,150,387046,193448,0.000387400696,0.000774801393,pass,pass,19
96821,9374306041,22|28|58|70,22|6|30|12,70,387214,193572,0.000180745913,0.000361491825,pass,pass,11
96823,9374693329,22|78|124|130,22|56|46|6,130,387162,193516,0.000335664047,0.000671328094,pass,pass,13
96827,9375467929,18|22|24|28,18|4|2|4,28,387280,193626,7.2293885e-05,0.00014458777,pass,pass,17
96847,9379341409,88|100|124|142,88|12|24|18,142,387246,193552,0.00036655756,0.00073311512,pass,pass,7
96851,9380116201,18|36|46|60,18|18|10|14,60,387344,193642,0.000154877079,0.000309754158,pass,pass,11
96857,9381278449,28|60|102|132,28|32|42|30,132,387296,193582,0.000340708467,0.000681416934,pass,pass,17
96893,9388253449,22|28|72|82,22|6|44|10,82,387490,193704,0.000211573591,0.000423147183,pass,pass,23
96907,9390966649,10|52|60|64,10|42|8|4,64,387564,193750,0.000165106752,0.000330213504,pass,pass,7
96911,9391741921,48|58|108|160,48|10|50|52,160,387484,193662,0.000412749843,0.000825499685,pass,pass,11
96931,9395618761,12|16|60|90,12|4|44|30,90,387634,193772,0.000232123882,0.000464247764,pass,pass,1
96953,9399884209,4|84|88|108,4|80|4|20,108,387704,193798,0.000278485452,0.000556970903,pass,pass,23
96959,9401047681,6|18|22|28,6|12|4|6,28,387808,193890,7.2195464e-05,0.000144390928,pass,pass,29
96973,9403762729,30|64|114|168,30|34|50|54,168,387724,193778,0.000433110247,0.000866220494,pass,pass,13
96979,9404926441,30|42|58|106,30|12|16|48,106,387810,193852,0.000273255035,0.000546510069,pass,pass,19
96989,9406866121,16|22|70|90,16|6|48|20,90,387866,193888,0.00023198507,0.000463970141,pass,pass,29
96997,9408418009,18|64|90|100,18|46|26|10,100,387888,193894,0.00025773993,0.00051547986,pass,pass,7
97001,9409194001,6|12|18|22,6|6|6|4,22,387982,193980,5.6700446e-05,0.000113400893,pass,pass,11
97003,9409582009,28|90|130|142,28|62|40|12,142,387870,193864,0.000365968063,0.000731936126,pass,pass,13
97007,9410358049,4|30|70|72,4|26|40|2,72,387956,193942,0.00018555362,0.00037110724,pass,pass,17
97021,9413074441,18|28|36|40,18|10|8|4,40,388044,194002,0.000103070469,0.000206140939,pass,pass,1
97039,9416567521,30|72|82|130,30|42|10|48,130,388026,193948,0.000334916889,0.000669833778,pass,pass,19
97073,9423167329,10|24|70|112,10|14|46|42,112,388180,194034,0.000288442718,0.000576885437,pass,pass,23
97081,9424720561,6|16|18|48,6|10|2|30,48,388276,194114,0.000123608121,0.000247216242,pass,pass,1
97103,9428992609,12|28|58|124,12|16|30|66,124,388288,194082,0.000319248633,0.000638497266,pass,pass,23
97117,9431711689,58|78|112|148,58|20|34|36,148,388320,194086,0.000380983762,0.000761967524,pass,pass,7
97127,9433654129,54|58|84|102,54|4|26|18,102,388406,194152,0.000262542856,0.000525085713,pass,pass,17
97151,9438316801,6|30|40|72,6|24|10|32,72,388532,194230,0.000185278587,0.000370557174,pass,pass,11
97157,9439482649,24|28|60|70,24|4|32|10,70,388558,194244,0.000180120835,0.000360241671,pass,pass,17
97159,9439871281,10|16|70|78,10|6|54|8,78,388558,194240,0.000200701942,0.000401403884,pass,pass,19
97169,9441814561,72|100|126|142,72|28|26|16,142,388534,194196,0.000365342856,0.000730685713,pass,pass,29
97171,9442203241,22|42|58|60,22|20|16|2,60,388624,194282,0.000154367044,0.000308734087,pass,pass,1
97177,9443369329,52|70|118|144,52|18|48|26,144,388564,194210,0.00037045803,0.00074091606,pass,pass,7
97187,9445312969,24|28|94|102,24|4|66|8,102,388646,194272,0.000262380771,0.000524761542,pass,pass,17
97213,9450367369,24|130|132|148,24|106|2|16,148,388704,194278,0.000380607532,0.000761215064,pass,pass,13
97231,9453867361,16|96|136|156,16|80|40|20,156,388768,194306,0.000401106643,0.000802213286,pass,pass,1
97241,9455812081,6|28|30|46,6|22|2|16,46,388918,194436,0.000118262873,0.000236525745,pass,pass,11
97259,9459313081,10|12|18|22,10|2|6|4,22,389014,194496,5.6550037e-05,0.000113100073,pass,pass,29
97283,9463982089,18|22|24|58,18|4|2|34,58,389074,194508,0.00014904968,0.00029809936,pass,pass,23
97301,9467484601,16|106|126|168,16|90|20|42,168,389036,194434,0.00043165024,0.00086330048,pass,pass,11
97303,9467873809,34|42|72|114,34|8|30|42,114,389098,194492,0.0002928995,0.000585798999,pass,pass,13
97327,9472544929,4|12|22|40,4|8|10|18,40,389268,194614,0.000102746412,0.000205492823,pass,pass,7
97367,9480332689,90|114|150|168,90|24|36|18,168,389300,194566,0.000431357647,0.000862715294,pass,pass,17
97369,9480722161,16|22|30|72,16|6|8|42,72,389404,194666,0.000184863766,0.000369727531,pass,pass,19
97373,9481501129,24|48|70|84,24|24|22|14,84,389408,194662,0.000215665534,0.000431331067,pass,pass,23
97379,9482669641,18|40|96|126,18|22|56|30,126,389390,194632,0.000323478368,0.000646956736,pass,pass,29
97381,9483059161,10|16|52|66,10|6|36|14,66,389458,194696,0.00016943757,0.00033887514,pass,pass,1
97387,9484227769,42|52|60|78,42|10|8|18,78,389470,194696,0.000200232064,0.000400464128,pass,pass,7
97397,9486175609,30|42|54|78,30|12|12|24,78,389510,194716,0.000200211505,0.000400423011,pass,pass,17
97423,9491240929,4|100|102|112,4|96|2|10,112,389580,194734,0.000287406465,0.000574812929,pass,pass,13
97429,9492410041,60|142|156|168,60|82|14|12,168,389548,194690,0.000431083148,0.000862166295,pass,pass,19
97441,9494748481,100|102|148|162,100|2|46|14,162,389602,194720,0.000415636129,0.000831272257,pass,pass,1
97453,9497087209,30|102|108|120,30|72|6|12,120,389692,194786,0.000307840703,0.000615681405,pass,pass,13
97459,9498256681,46|58|60|70,46|12|2|10,70,389766,194848,0.000179562688,0.000359125376,pass,pass,19
97463,9499036369,58|60|102|120,58|2|42|18,120,389732,194806,0.000307809117,0.000615618235,pass,pass,23
97499,9506055001,10|16|48|102,10|6|32|54,102,389894,194896,0.000261541144,0.000523082288,pass,pass,29
97501,9506445001,36|58|96|120,36|22|38|24,120,389884,194882,0.000307689152,0.000615378304,pass,pass,1
97511,9508395121,12|88|102|120,12|76|14|18,120,389924,194902,0.000307657598,0.000615315195,pass,pass,11
97523,9510735529,12|58|64|94,12|46|6|30,94,389998,194952,0.000240968797,0.000481937594,pass,pass,23
97547,9515417209,28|48|112|138,28|20|64|26,138,390050,194956,0.000353675664,0.000707351328,pass,pass,17
97549,9515807401,6|36|66|72,6|30|30|6,72,390124,195026,0.00018452265,0.0003690453,pass,pass,19
97553,9516587809,28|54|88|120,28|26|34|32,120,390092,194986,0.00030752514,0.00061505028,pass,pass,23
97561,9518148721,16|70|78|82,16|54|8|4,82,390162,195040,0.000210124947,0.000420249895,pass,pass,1
97571,9520100041,6|22|30|82,6|16|8|52,82,390202,195060,0.000210103412,0.000420206824,pass,pass,11
97577,9521270929,4|18|24|30,4|14|6|6,30,390278,195124,7.6862375e-05,0.000153724751,pass,pass,17
97579,9521661241,36|58|60|112,36|22|2|52,112,390204,195046,0.000286946987,0.000573893973,pass,pass,19
97583,9522441889,4|24|48|60,4|20|24|12,60,390272,195106,0.000153715299,0.000307430598,pass,pass,23
97607,9527126449,40|52|58|64,40|12|6|6,64,390364,195150,0.000163922669,0.000327845339,pass,pass,17
97609,9527516881,10|58|126|130,10|48|68|4,130,390306,195088,0.0003329611,0.0006659222,pass,pass,19
97613,9528297769,12|48|60|64,12|36|12|4,64,390388,195162,0.000163912594,0.000327825187,pass,pass,23
97649,9535327201,96|180|190|210,96|84|10|20,210,390386,195088,0.000537639914,0.001075279829,pass,pass,29
97651,9535717801,16|78|96|100,16|62|18|4,100,390504,195202,0.000256013763,0.000512027527,pass,pass,1
97673,9540014929,48|58|82|90,48|10|24|8,90,390602,195256,0.000230360489,0.000460720977,pass,pass,23
97687,9542749969,22|70|82|90,22|48|12|8,90,390658,195284,0.000230327474,0.000460654949,pass,pass,7
97711,9547439521,22|58|72|96,22|36|14|24,96,390748,195326,0.000245622294,0.000491244589,pass,pass,1
97729,9550957441,6|16|70|76,6|10|54|6,76,390840,195382,0.000194415168,0.000388830337,pass,pass,19
97771,9559168441,28|58|82|96,28|30|24|14,96,390988,195446,0.000245471561,0.000490943122,pass,pass,1
97777,9560341729,12|52|54|64,12|40|2|10,64,391044,195490,0.000163637665,0.000327275331,pass,pass,7
97787,9562297369,72|84|100|120,72|12|16|20,120,391028,195454,0.000306789246,0.000613578492,pass,pass,17
97789,9562688521,12|58|72|88,12|46|14|16,88,391068,195490,0.000224974179,0.000449948358,pass,pass,19
97813,9567382969,4|22|30|48,4|18|8|18,48,391204,195578,0.000122683079,0.000245366158,pass,pass,13
97829,9570513241,6|42|102|108,6|36|60|6,108,391208,195550,0.000275991782,0.000551983563,pass,pass,29
97841,9572861281,12|36|58|96,12|24|22|38,96,391268,195586,0.000245295939,0.000490591879,pass,pass,11
97843,9573252649,42|48|52|58,42|6|4|6,58,391314,195628,0.000148196601,0.000296393201,pass,pass,13
97847,9574035409,4|12|22|30,4|8|10|8,30,391358,195664,7.6650281e-05,0.000153300561,pass,pass,17
97849,9574426801,10|16|46|58,10|6|30|12,58,391338,195640,0.000148187513,0.000296375027,pass,pass,19
97859,9576383881,78|108|120|180,78|30|12|60,180,391256,195538,0.000459845288,0.000919690575,pass,pass,29
97861,9576775321,40|130|136|142,40|90|6|6,142,391302,195580,0.000362759424,0.000725518848,pass,pass,1
97871,9578732641,36|48|52|60,36|12|4|8,60,391424,195682,0.000153262969,0.000306525937,pass,pass,11
97879,9580298641,12|16|18|28,12|4|2|10,28,391488,195730,7.1516873e-05,0.000143033746,pass,pass,19
97883,9581081689,28|58|78|84,28|30|20|6,84,391448,195682,0.000214541851,0.000429083702,pass,pass,23
97919,9588130561,6|58|60|66,6|52|2|6,66,391610,195772,0.000168506623,0.000337013246,pass,pass,29
97927,9589697329,10|24|28|42,10|14|4|14,42,391666,195812,0.000107222727,0.000214445454,pass,pass,7
97931,9590480761,136|138|190|210,136|2|52|20,210,391514,195652,0.000536091738,0.001072183476,pass,pass,11
97943,9592831249,18|24|30|40,18|6|6|10,40,391732,195846,0.000102100201,0.000204200402,pass,pass,23
97961,9596357521,22|46|88|112,22|24|42|24,112,391732,195810,0.000285828034,0.000571656067,pass,pass,11
97967,9597533089,22|28|34|42,22|6|6|8,42,391826,195892,0.000107178948,0.000214357896,pass,pass,17
97973,9598708729,4|10|42|58,4|6|32|16,58,391834,195888,0.000147999959,0.000295999918,pass,pass,23
97987,9601452169,24|40|78|150,24|16|38|72,150,391798,195824,0.000382703828,0.000765407656,pass,pass,7
98009,9605764081,78|118|156|190,78|40|38|34,190,391846,195828,0.000484649369,0.000969298738,pass,pass,29
98011,9606156121,18|48|60|118,18|30|12|58,118,391926,195904,0.000300986624,0.000601973248,pass,pass,1
98017,9607332289,10|48|52|84,10|38|4|32,84,391984,195950,0.000214248549,0.000428497097,pass,pass,7
98041,9612037681,16|58|96|112,16|42|38|16,112,392052,195970,0.000285594802,0.000571189604,pass,pass,1
98047,9613214209,34|48|132|144,34|14|84|12,144,392044,195950,0.000367170847,0.000734341693,pass,pass,7
98057,9615175249,40|42|60|154,40|2|18|94,154,392074,195960,0.000392628777,0.000785257554,pass,pass,17
98081,9619882561,70|150|156|160,70|80|6|4,160,392164,196002,0.000407826184,0.000815652369,pass,pass,11
98101,9623806201,18|28|42|70,18|10|14|28,70,392334,196132,0.00017838758,0.00035677516,pass,pass,1
98123,9628123129,10|88|108|172,10|78|20|64,172,392320,196074,0.000438225492,0.000876450985,pass,pass,23
98129,9629300641,6|28|42|48,6|22|14|6,48,392468,196210,0.000122288009,0.000244576017,pass,pass,29
98143,9632048449,18|28|34|72,18|10|6|38,72,392500,196214,0.000183405847,0.000366811693,pass,pass,13
98179,9639116041,22|90|106|112,22|68|16|6,112,392604,196246,0.000285193371,0.000570386743,pass,pass,19
98207,9644614849,4|24|48|70,4|20|24|22,70,392758,196344,0.000178195037,0.000356390074,pass,pass,17
98213,9645793369,10|78|94|144,10|68|16|50,144,392708,196282,0.000366550253,0.000733100506,pass,pass,23
98221,9647364841,28|108|136|142,28|80|28|6,142,392742,196300,0.000361429837,0.000722859674,pass,pass,1
98227,9648543529,30|34|58|70,30|4|24|12,70,392838,196384,0.000178158755,0.000356317509,pass,pass,7
98251,9653259001,16|60|66|102,16|44|6|36,102,392902,196400,0.000259539343,0.000519078686,pass,pass,1
98257,9654438049,54|102|130|138,54|48|28|8,138,392890,196376,0.000351120022,0.000702240044,pass,pass,7
98269,9656796361,6|60|70|78,6|54|10|8,78,392998,196460,0.000198434908,0.000396869817,pass,pass,19
98297,9662300209,22|24|72|84,22|2|48|12,84,393104,196510,0.00021363826,0.000427276519,pass,pass,17
98299,9662693401,12|22|28|36,12|10|6|8,36,393160,196562,9.1557391e-05,0.000183114782,pass,pass,19
98317,9666232489,4|18|30|34,4|14|12|4,34,393234,196600,8.6455038e-05,0.000172910077,pass,pass,7
98321,9667019041,28|42|58|102,28|14|16|44,102,393182,196540,0.000259354563,0.000518709126,pass,pass,11
98323,9667412329,4|24|28|40,4|20|4|12,40,393252,196606,0.000101705603,0.000203411206,pass,pass,13
98327,9668198929,4|12|22|60,4|8|10|38,60,393248,196594,0.000152552198,0.000305104397,pass,pass,17
98347,9672132409,4|130|144|190,4|126|14|46,190,393198,196504,0.000482983721,0.000965967442,pass,pass,7
98369,9676460161,12|18|102|106,12|6|84|4,106,393370,196632,0.000269393813,0.000538787626,pass,pass,29
98377,9678034129,18|22|24|54,18|4|2|30,54,393454,196700,0.000137227197,0.000274454395,pass,pass,7
98387,9680001769,12|22|42|64,12|10|20|22,64,393484,196710,0.000162623111,0.000325246222,pass,pass,17
98389,9680395321,48|58|72|100,48|10|14|28,100,393456,196678,0.000254093445,0.000508186891,pass,pass,19
98407,9683937649,18|28|42|52,18|10|14|10,52,393576,196762,0.000132104423,0.000264208847,pass,pass,7
98411,9684724921,60|72|76|78,60|12|4|2,78,393566,196744,0.000198148581,0.000396297162,pass,pass,11
98419,9686299561,28|30|60|78,28|2|30|18,78,393598,196760,0.000198132474,0.000396264949,pass,pass,19
98429,9688268041,18|36|48|112,18|18|12|64,112,393604,196746,0.000284469008,0.000568938016,pass,pass,29
98443,9691024249,4|90|118|124,4|86|28|6,124,393648,196762,0.00031490304,0.000629806081,pass,pass,13
98453,9692993209,28|48|64|72,28|20|16|8,72,393740,196834,0.000182828355,0.000365656709,pass,pass,23
98459,9694174681,16|28|48|72,16|12|20|24,72,393764,196846,0.000182817213,0.000365634427,pass,pass,29
98467,9695750089,12|28|54|60,12|16|26|6,60,393808,196874,0.0001523353,0.0003046706,pass,pass,7
98473,9696931729,58|90|112|150,58|32|22|38,150,393742,196796,0.000380815046,0.000761630091,pass,pass,13
98479,9698113441,16|18|76|78,16|2|58|2,78,393838,196880,0.000198011759,0.000396023518,pass,pass,19
98491,9700477081,10|60|100|106,10|50|40|6,106,393858,196876,0.000269060117,0.000538120234,pass,pass,1
98507,9703629049,28|52|64|118,28|24|12|54,118,393910,196896,0.000299471104,0.000598942207,pass,pass,17
98519,9705993361,10|12|16|58,10|2|4|42,58,394018,196980,0.000147179732,0.000294359464,pass,pass,29
98533,9708752089,4|10|102|148,4|6|92|46,148,393984,196918,0.000375508713,0.000751017426,pass,pass,13
98543,9710722849,34|42|84|130,34|8|42|46,130,394042,196956,0.000329805263,0.000659610525,pass,pass,23
98561,9714270721,36|52|72|156,36|16|20|84,156,394088,196966,0.000395694037,0.000791388074,pass,pass,11
98563,9714664969,22|60|70|72,22|38|10|2,72,394180,197054,0.000182624311,0.000365248623,pass,pass,13
98573,9716636329,22|24|28|60,22|2|4|32,60,394232,197086,0.000152171487,0.000304342974,pass,pass,23
98597,9721368409,70|88|90|112,70|18|2|22,112,394276,197082,0.0002839843,0.000567968599,pass,pass,17
98621,9726101641,16|70|100|130,16|54|30|30,130,394354,197112,0.000329544418,0.000659088835,pass,pass,11
98627,9727285129,48|64|100|102,48|16|36|2,102,394406,197152,0.00025854989,0.00051709978,pass,pass,17
98639,9729652321,12|42|48|78,12|30|6|30,78,394478,197200,0.000197690569,0.000395381137,pass,pass,29
98641,9730046881,18|22|52|58,18|4|30|6,58,394506,197224,0.000146997699,0.000293995397,pass,pass,1
98663,9734387569,12|48|90|144,12|36|42|54,144,394508,197182,0.000364878425,0.000729756849,pass,pass,23
98669,9735571561,100|112|130|132,100|12|18|2,132,394544,197206,0.00033445155,0.0006689031,pass,pass,29
98689,9739518721,6|22|28|72,6|16|6|44,72,394684,197306,0.000182391148,0.000364782296,pass,pass,19
98711,9743861521,16|18|30|52,16|2|12|22,52,394792,197370,0.000131697582,0.000263395164,pass,pass,11
98713,9744256369,4|42|84|94,4|38|42|10,94,394758,197332,0.000238063882,0.000476127764,pass,pass,13
98717,9745046089,4|34|58|60,4|30|24|2,60,394808,197374,0.000151949512,0.000303899024,pass,pass,17
98729,9747415441,18|22|78|148,18|4|56|70,148,394768,197310,0.000374763241,0.000749526482,pass,pass,29
98731,9747810361,6|58|78|130,6|52|20|52,130,394794,197332,0.000329177259,0.000658354519,pass,pass,1
98737,9748995169,60|64|130|160,60|4|66|30,160,394788,197314,0.000405116623,0.000810233246,pass,pass,7
98773,9756105529,4|18|30|84,4|14|12|54,84,395008,197462,0.000212608709,0.000425217418,pass,pass,13
98779,9757290841,16|30|42|60,16|14|12|18,60,395056,197498,0.000151854139,0.000303708278,pass,pass,19
98801,9761637601,16|28|30|36,16|12|2|6,36,395168,197566,9.1092195e-05,0.000182184391,pass,pass,11
98807,9762823249,4|12|54|58,4|8|42|4,58,395170,197556,0.000146750736,0.000293501473,pass,pass,17
98809,9763218481,48|58|76|78,48|10|18|2,78,395158,197540,0.000197350444,0.000394700888,pass,pass,19
98837,9768752569,24|34|52|64,24|10|18|12,64,395284,197610,0.000161882696,0.000323765392,pass,pass,17
98849,9771124801,28|48|72|106,28|20|24|34,106,395290,197592,0.000268085666,0.000536171332,pass,pass,29
98867,9774683689,12|18|40|78,12|6|22|38,78,395390,197656,0.000197234669,0.000394469338,pass,pass,17
98869,9775079161,16|22|40|96,16|6|18|56,96,395380,197642,0.000242745451,0.000485490902,pass,pass,19
98873,9775870129,12|60|72|148,12|48|12|76,148,395344,197598,0.00037421743,0.000748434861,pass,pass,23
98887,9778638769,34|48|58|60,34|14|10|2,60,395488,197714,0.000151688291,0.000303376581,pass,pass,7
98893,9779825449,94|144|172|234,94|50|28|62,234,395338,197552,0.000591548441,0.001183096882,pass,pass,13
98897,9780616609,10|12|22|24,10|2|10|2,24,395564,197770,6.0669181e-05,0.000121338362,pass,pass,17
98899,9781012201,28|30|46|48,28|2|16|2,48,395548,197750,0.000121335908,0.000242671817,pass,pass,19
98909,9782990281,30|72|82|96,30|42|10|14,96,395540,197722,0.000242647282,0.000485294564,pass,pass,29
98911,9783385921,12|28|30|58,12|16|2|28,58,395586,197764,0.000146596435,0.00029319287,pass,pass,1
98927,9786551329,22|58|84|90,22|36|26|6,90,395618,197764,0.000227440436,0.000454880872,pass,pass,17
98929,9786947041,6|48|72|88,6|42|24|16,88,395628,197770,0.000222381708,0.000444763416,pass,pass,19
98939,9788925721,18|28|42|120,18|10|14|78,120,395636,197758,0.000303217134,0.000606434268,pass,pass,29
98947,9790508809,34|42|78|100,34|8|36|22,100,395688,197794,0.000252660515,0.00050532103,pass,pass,7
98953,9791696209,12|28|64|78,12|16|36|14,78,395734,197828,0.000197063252,0.000394126505,pass,pass,13
98963,9793675369,48|112|144|154,48|64|32|10,154,395698,197772,0.000389034286,0.000778068571,pass,pass,23
98981,9797238361,10|66|78|88,10|56|12|10,88,395836,197874,0.000222264879,0.000444529758,pass,pass,11
98993,9799614049,40|58|102|142,40|18|44|40,142,395830,197844,0.000358611215,0.00071722243,pass,pass,23
98999,9800802001,6|30|42|48,6|24|12|6,48,395948,197950,0.000121213346,0.000242426691,pass,pass,29
99013,9803574169,4|28|34|58,4|24|6|24,58,395994,197968,0.000146445416,0.000292890833,pass,pass,13
99017,9804366289,34|54|64|102,34|20|10|38,102,395966,197932,0.000257531535,0.00051506307,pass,pass,17
99023,9805554529,40|42|52|72,40|2|10|20,72,396020,197974,0.000181775951,0.000363551902,pass,pass,23
99041,9809119681,30|48|70|82,30|18|22|12,82,396082,198000,0.000206984986,0.000413969972,pass,pass,11
99053,9811496809,30|34|102|108,30|4|68|6,108,396104,197998,0.000272581345,0.000545162691,pass,pass,23
99079,9816648241,10|12|28|58,10|2|16|30,58,396258,198100,0.000146347864,0.000292695728,pass,pass,19
99083,9817440889,12|40|60|64,12|28|20|4,64,396268,198102,0.000161480779,0.000322961557,pass,pass,23
99089,9818629921,70|72|78|126,70|2|6|48,126,396230,198052,0.000317896033,0.000635792066,pass,pass,29
99103,9821404609,48|52|60|78,48|4|8|18,78,396334,198128,0.000196764982,0.000393529964,pass,pass,13
99109,9822593881,18|28|46|78,18|10|18|32,78,396358,198140,0.00019675307,0.00039350614,pass,pass,19
99119,9824576161,10|12|30|52,10|2|18|22,52,396424,198186,0.00013115548,0.00026231096,pass,pass,29
99131,9826955161,66|70|102|108,66|4|32|6,108,396416,198154,0.000272366868,0.000544733736,pass,pass,11
99133,9827351689,12|18|28|30,12|6|10|2,30,396502,198236,7.5655937e-05,0.000151311874,pass,pass,13
99137,9828144769,4|10|22|28,4|6|12|6,28,396520,198246,7.0609359e-05,0.000141218718,pass,pass,17
99139,9828541321,22|36|46|58,22|14|10|12,58,396498,198220,0.000146259293,0.000292518585,pass,pass,19
99149,9830524201,10|28|40|58,10|18|12|18,58,396538,198240,0.000146244541,0.000292489082,pass,pass,29
99173,9835283929,28|34|48|64,28|6|14|16,64,396628,198282,0.000161334234,0.000322668468,pass,pass,23
99181,9836870761,58|60|156|168,58|2|96|12,168,396556,198194,0.000423468205,0.000846936409,pass,pass,1
99191,9838854481,40|42|78|106,40|2|36|28,106,396658,198276,0.000267161335,0.00053432267,pass,pass,11
99223,9845203729,18|48|54|72,18|30|6|18,72,396820,198374,0.000181409552,0.000362819104,pass,pass,13
99233,9847188289,70|72|102|130,70|2|30|28,130,396802,198336,0.000327512017,0.000655024034,pass,pass,23
99241,9848776081,6|36|42|46,6|30|6|4,46,396918,198436,0.000115879526,0.000231759051,pass,pass,1
99251,9850761001,16|28|76|78,16|12|48|2,78,396926,198424,0.000196471572,0.000392943144,pass,pass,11
99257,9851952049,78|90|102|112,78|12|12|10,112,396916,198402,0.000282095973,0.000564191946,pass,pass,17
99259,9852349081,46|66|72|106,46|20|6|34,106,396930,198412,0.000266978309,0.000533956619,pass,pass,19
99277,9855922729,24|48|60|108,24|24|12|48,108,397000,198446,0.000271966316,0.000543932633,pass,pass,7
99289,9858305521,12|16|18|28,12|4|2|10,28,397128,198550,7.0501264e-05,0.000141002528,pass,pass,19
99317,9863866489,10|12|24|54,10|2|12|30,54,397214,198580,0.000135928391,0.000271856782,pass,pass,17
99347,9869826409,28|34|160|172,28|6|126|12,172,397216,198522,0.000432826356,0.000865652712,pass,pass,17
99349,9870223801,18|42|48|106,18|24|6|58,106,397290,198592,0.000266736454,0.000533472909,pass,pass,19
99367,9873800689,4|54|84|88,4|50|30|4,88,397380,198646,0.000221401471,0.000442802943,pass,pass,7
99371,9874595641,10|52|106|126,10|42|54|20,126,397358,198616,0.000316993892,0.000633987783,pass,pass,11
99377,9875788129,4|28|34|64,4|24|6|30,64,397444,198690,0.000161003049,0.000322006098,pass,pass,17
99391,9878570881,22|36|76|90,22|14|40|14,90,397474,198692,0.000226378646,0.000452757292,pass,pass,1
99397,9879763609,48|130|162|174,48|82|32|12,174,397414,198620,0.000437638963,0.000875277926,pass,pass,7
99401,9880558801,12|16|18|28,12|4|2|10,28,397576,198774,7.0421827e-05,0.000140843653,pass,pass,11
99409,9882149281,12|46|58|90,12|34|12|32,90,397546,198728,0.000226337656,0.000452675311,pass,pass,19
99431,9886523761,70|100|126|130,70|30|26|4,130,397594,198732,0.000326859832,0.000653719665,pass,pass,11
99439,9888114721,6|18|28|42,6|12|10|14,42,397714,198836,0.000105592373,0.000211184746,pass,pass,19
99469,9894081961,52|66|142|162,52|14|76|20,162,397714,198776,0.00040716203,0.000814324061,pass,pass,19
99487,9897663169,18|64|72|78,18|46|8|6,78,397870,198896,0.000196005508,0.000392011017,pass,pass,7
99497,9899653009,10|24|42|60,10|14|18|18,60,397928,198934,0.000150758314,0.000301516629,pass,pass,17
99523,9904827529,10|28|34|64,10|18|6|30,64,398028,198982,0.000160766858,0.000321533716,pass,pass,13
99527,9905623729,18|24|60|78,18|6|36|18,78,398030,198976,0.000195926733,0.000391853467,pass,pass,17
99529,9906021841,52|70|112|118,52|18|42|6,118,397998,198940,0.000296396025,0.000592792051,pass,pass,19
99551,9910401601,18|28|36|72,18|10|8|36,72,398132,199030,0.000180811845,0.00036162369,pass,pass,11
99559,9911994481,22|42|72|96,22|20|30|24,96,398140,199022,0.000241063088,0.000482126176,pass,pass,19
99563,9912790969,28|70|112|118,28|42|42|6,118,398134,199008,0.000296294808,0.000592589617,pass,pass,23
99571,9914384041,6|18|46|48,6|12|28|2,48,398236,199094,0.000120517018,0.000241034036,pass,pass,1
99577,9915578929,22|40|54|90,22|18|14|36,90,398218,199064,0.000225955793,0.000451911586,pass,pass,7
99581,9916375561,28|58|82|130,28|30|24|48,130,398194,199032,0.00032636748,0.000652734959,pass,pass,11
99607,9921554449,42|118|160|178,42|76|42|18,178,398250,199036,0.00044675575,0.0008935115,pass,pass,7
99611,9922351321,10|16|22|36,10|6|6|14,36,398408,199186,9.0351467e-05,0.000180702934,pass,pass,11
99623,9924742129,4|12|18|58,4|8|6|40,58,398434,199188,0.000145548719,0.000291097437,pass,pass,23
99643,9928727449,4|58|64|88,4|54|6|24,88,398484,199198,0.000220788214,0.000441576428,pass,pass,13
99661,9932314921,6|28|58|60,6|22|30|2,60,398584,199262,0.00015051023,0.000301020459,pass,pass,1
99667,9933510889,42|54|82|144,42|12|28|62,144,398524,199190,0.000361202805,0.000722405611,pass,pass,7
99679,9935903041,78|82|130|136,78|4|48|6,136,398580,199222,0.000341094915,0.000682189829,pass,pass,19
99689,9937896721,12|70|78|88,12|58|8|10,88,398668,199290,0.000220686335,0.000441372669,pass,pass,29
99707,9941485849,22|28|52|78,22|6|24|26,78,398750,199336,0.000195573029,0.000391146058,pass,pass,17
99709,9941884681,46|88|100|102,46|42|12|2,102,398734,199316,0.000255744216,0.000511488431,pass,pass,19
99713,9942682369,54|58|118|148,54|4|60|30,148,398704,199278,0.000371064956,0.000742129913,pass,pass,23
99719,9943878961,22|70|106|136,22|48|36|30,136,398740,199302,0.000340958092,0.000681916184,pass,pass,29
99721,9944277841,18|40|58|108,18|22|18|50,108,398776,199334,0.000270755408,0.000541510815,pass,pass,1
99733,9946671289,18|22|42|60,18|4|20|18,60,398872,199406,0.000150401572,0.000300803144,pass,pass,13
99761,9952257121,46|48|102|108,46|2|54|6,108,398936,199414,0.000270646846,0.000541293692,pass,pass,11
99767,9953454289,4|10|28|30,4|6|18|2,30,399038,199504,7.5175158e-05,0.000150350316,pass,pass,17
99787,9957445369,22|40|124|154,22|18|84|30,154,398994,199420,0.0003858218,0.000771643601,pass,pass,7
99793,9958642849,12|28|82|88,12|16|54|6,88,399084,199498,0.000220456345,0.000440912689,pass,pass,13
99809,9961836481,42|48|76|78,42|6|28|2,78,399158,199540,0.000195373163,0.000390746325,pass,pass,29
99817,9963433489,58|64|72|118,58|6|8|46,118,399150,199516,0.00029554084,0.000591081679,pass,pass,7
99823,9964631329,24|42|72|90,24|18|30|18,90,399202,199556,0.000225398956,0.000450797912,pass,pass,13
99829,9965829241,18|96|112|118,18|78|16|6,118,399198,199540,0.000295505314,0.000591010628,pass,pass,19
99833,9966627889,28|30|40|60,28|2|10|20,60,399272,199606,0.000150250919,0.000300501838,pass,pass,23
99839,9967825921,18|36|48|60,18|18|12|12,60,399296,199618,0.000150241889,0.000300483779,pass,pass,29
99859,9971819881,22|36|100|106,22|14|64|6,106,399330,199612,0.000265374178,0.000530748355,pass,pass,19
99871,9974216641,22|28|42|100,22|6|14|58,100,399384,199642,0.000250322917,0.000500645833,pass,pass,1
99877,9975415129,12|60|70|72,12|48|10|2,72,399436,199682,0.000180221673,0.000360443345,pass,pass,7
99881,9976214161,18|42|88|90,18|24|46|2,90,399434,199672,0.000225268069,0.000450536138,pass,pass,11
99901,9980209801,46|48|66|78,46|2|18|12,78,399526,199724,0.000195193241,0.000390386483,pass,pass,1
99907,9981408649,18|60|120|142,18|42|60|22,142,399486,199672,0.000355330457,0.000710660915,pass,pass,7
99923,9984605929,4|28|58|84,4|24|30|26,84,399608,199762,0.000210161825,0.000420323649,pass,pass,23
99929,9985805041,28|58|132|136,28|30|74|4,136,399580,199722,0.000340241572,0.000680483143,pass,pass,29
99961,9992201521,78|120|130|136,78|42|10|6,136,399708,199786,0.000340132652,0.000680265303,pass,pass,1
99971,9994200841,22|30|42|48,22|8|12|6,48,399836,199894,0.00012003481,0.00024006962,pass,pass,11
99989,9997800121,30|36|58|96,30|6|22|38,96,399860,199882,0.000240026403,0.000480052806,pass,pass,29
99991,9998200081,6|36|52|58,6|30|16|6,58,399906,199924,0.000145013051,0.000290026102,pass,pass,1
