scale,q,q_mod30,candidate,candidate_mod30,peeled_factor_residue_path,residue_path_shape,third_remainder,third_remainder_mod30,third_remainder_family,third_remainder_signature
10000000,9942539,29,9942541,1,7->7->7,repeated_7,28987,7,multi_prime_family,7*41*101
10000000,9930191,11,9930193,13,7->7->7,repeated_7,28951,1,multi_prime_family,13*17*131
10000000,9911669,29,9911671,1,7->7->7,repeated_7,28897,7,multi_prime_family,11*37*71
10000000,9860219,29,9860221,1,7->7->7,repeated_7,28747,7,multi_prime_family,17*19*89
100000000,99990329,29,99990331,1,7->7->7,repeated_7,291517,7,multi_prime_family,19*67*229
100000000,99968867,17,99968869,19,7->7->11,mixed,185471,11,multi_prime_family,11*13*1297
100000000,99949169,29,99949171,1,7->7->7,repeated_7,291397,7,multi_prime_family,17*61*281
100000000,99936821,11,99936823,13,7->7->7,repeated_7,291361,1,multi_prime_family,7*107*389
100000000,99875081,11,99875083,13,7->7->7,repeated_7,291181,1,multi_prime_family,11*103*257
100000000,99861851,11,99861853,13,7->7->13,mixed,156769,19,multi_prime_family,19*37*223
100000000,99830729,29,99830731,1,7->11->13,mixed,99731,11,multi_prime_family,19*29*181
100000000,99829217,17,99829219,19,7->7->17,mixed,119843,23,multi_prime_family,37*41*79
100000000,99817859,29,99817861,1,11->11->13,mixed,63457,7,multi_prime_family,23*31*89
100000000,99805991,11,99805993,13,7->7->19,mixed,107203,13,multi_prime_family,23*59*79
1000000000,999996149,29,999996151,1,7->11->11,mixed,1180633,13,multi_prime_family,17*37*1877
1000000000,999992537,17,999992539,19,7->7->13,mixed,1569847,7,multi_prime_family,47*127*263
1000000000,999991067,17,999991069,19,7->7->11,mixed,1855271,11,multi_prime_family,11*227*743
1000000000,999978887,17,999978889,19,7->13->23,mixed,477773,23,multi_prime_family,41*43*271
1000000000,999939029,29,999939031,1,7->7->13,mixed,1569763,13,multi_prime_family,13*17*7103
1000000000,999919919,29,999919921,1,7->7->11,mixed,1855139,29,multi_prime_family,11*13*12973
1000000000,999895271,11,999895273,13,13->17->19,mixed,238127,17,multi_prime_family,19*83*151
1000000000,999877289,29,999877291,1,7->7->11,mixed,497699,29,multi_prime_family,41*61*199
1000000000,999855239,29,999855241,1,7->7->11,mixed,1855019,29,multi_prime_family,23*59*1367
1000000000,999850829,29,999850831,1,7->7->7,repeated_7,2915017,7,multi_prime_family,7*89*4679
1000000000,999839069,29,999839071,1,7->7->11,mixed,1854989,29,multi_prime_family,17*19*5743
1000000000,999833357,17,999833359,19,7->17->17,mixed,494233,13,multi_prime_family,31*107*149
1000000000,999782639,29,999782641,1,11->13->19,mixed,367973,23,multi_prime_family,19*107*181
10000000000,9999988451,11,9999988453,13,7->7->13,mixed,15698569,19,multi_prime_family,43*67*5449
10000000000,9999973187,17,9999973189,19,17->23->23,mixed,1111973,23,multi_prime_family,47*59*401
10000000000,9999966149,29,9999966151,1,7->17->17,mixed,4943137,7,multi_prime_family,23*29*7411
10000000000,9999960227,17,9999960229,19,7->7->7,repeated_7,29154403,13,multi_prime_family,41*251*2833
10000000000,9999946409,29,9999946411,1,7->7->13,mixed,15698503,13,multi_prime_family,19*571*1447
10000000000,9999937589,29,9999937591,1,7->7->7,repeated_7,29154337,7,multi_prime_family,17*257*6673
10000000000,9999934271,11,9999934273,13,7->23->13,mixed,1444451,11,multi_prime_family,47*73*421
10000000000,9999927299,29,9999927301,1,7->7->7,repeated_7,29154307,7,multi_prime_family,7*13*320377
10000000000,9999912011,11,9999912013,13,7->7->13,mixed,15698449,19,multi_prime_family,13*41*29453
10000000000,9999893627,17,9999893629,19,11->11->17,mixed,4861397,17,multi_prime_family,19*331*773
10000000000,9999867617,17,9999867619,19,7->7->7,repeated_7,29154133,13,multi_prime_family,17*23*173*431
10000000000,9999867491,11,9999867493,13,7->11->11,mixed,11806219,19,multi_prime_family,29*37*11003
10000000000,9999848297,17,9999848299,19,7->23->11,mixed,1514899,19,multi_prime_family,53*101*283
10000000000,9999847037,17,9999847039,19,7->7->7,repeated_7,29154073,13,multi_prime_family,13*311*7211
10000000000,9999835259,29,9999835261,1,13->19->1,mixed,1305973,13,multi_prime_family,41*53*601
10000000000,9999832841,11,9999832843,13,7->11->13,mixed,9989843,23,multi_prime_family,23*31*14011
10000000000,9999818519,29,9999818521,1,7->7->11,mixed,18552539,29,multi_prime_family,31*563*1063
10000000000,9999791471,11,9999791473,13,7->7->7,repeated_7,29153911,1,multi_prime_family,41*67*10613
10000000000,9999759089,29,9999759091,1,7->17->29,mixed,2897641,1,multi_prime_family,43*79*853
100000000000,99999991661,11,99999991663,13,11->13->13,mixed,53792357,17,multi_prime_family,67*283*2837
100000000000,99999973379,29,99999973381,1,7->11->11,mixed,118063723,13,multi_prime_family,41*137*21019
100000000000,99999971699,29,99999971701,1,7->7->7,repeated_7,291545107,7,multi_prime_family,7*739*56359
100000000000,99999963941,11,99999963943,13,11->11->11,repeated_11,75131453,23,multi_prime_family,19*1511*2617
100000000000,99999959351,11,99999959353,13,7->7->7,repeated_7,291545071,1,multi_prime_family,223*1019*1283
100000000000,99999941039,29,99999941041,1,7->11->13,mixed,99900041,11,multi_prime_family,17*29*202637
100000000000,99999932849,29,99999932851,1,7->13->13,mixed,84530797,7,multi_prime_family,13*1571*4139
100000000000,99999930539,29,99999930541,1,7->7->7,repeated_7,291544987,7,multi_prime_family,19*23*31*21521
100000000000,99999929951,11,99999929953,13,7->7->11,mixed,185528627,17,multi_prime_family,59*157*20029
100000000000,99999927779,29,99999927781,1,13->13->17,mixed,34806797,17,multi_prime_family,23*83*18233
100000000000,99999924209,29,99999924211,1,11->17->17,mixed,31456409,29,multi_prime_family,17*479*3863
100000000000,99999913271,11,99999913273,13,13->7->7,mixed,1713589,19,multi_prime_family,79*109*199
100000000000,99999899669,29,99999899671,1,7->7->7,repeated_7,291544897,7,multi_prime_family,7*163*255517
100000000000,99999892067,17,99999892069,19,7->11->11,mixed,118063627,7,multi_prime_family,11*347*30931
100000000000,99999887447,17,99999887449,19,7->11->19,mixed,68352623,23,multi_prime_family,29*71*89*373
100000000000,99999882617,17,99999882619,19,7->7->13,mixed,156985687,7,multi_prime_family,47*331*10091
100000000000,99999878669,29,99999878671,1,7->11->19,mixed,68352617,17,multi_prime_family,41*47*79*449
100000000000,99999877547,17,99999877549,19,11->11->13,mixed,63572713,13,multi_prime_family,23*1291*2141
100000000000,99999875561,11,99999875563,13,7->7->23,mixed,18060299,29,multi_prime_family,137*241*547
100000000000,99999868967,17,99999868969,19,7->11->13,mixed,99899969,29,multi_prime_family,13*367*20939
100000000000,99999868109,29,99999868111,1,11->11->11,repeated_11,75131381,11,multi_prime_family,13*17*73*4657
100000000000,99999860567,17,99999860569,19,7->7->7,repeated_7,291544783,13,multi_prime_family,59*251*19687
100000000000,99999846329,29,99999846331,1,7->11->11,mixed,118063573,13,multi_prime_family,89*211*6287
100000000000,99999845867,17,99999845869,19,7->7->11,mixed,185528471,11,multi_prime_family,37*983*5101
100000000000,99999839399,29,99999839401,1,7->7->11,mixed,185528459,29,multi_prime_family,31*379*15791
100000000000,99999826379,29,99999826381,1,7->13->13,mixed,84530707,7,multi_prime_family,31*53*51449
100000000000,99999826001,11,99999826003,13,7->11->11,mixed,118063549,19,multi_prime_family,19*1117*5563
100000000000,99999825521,11,99999825523,13,13->23->23,mixed,14541199,19,multi_prime_family,59*193*1277
100000000000,99999819047,17,99999819049,19,13->17->19,mixed,23815151,11,multi_prime_family,19*823*1523
100000000000,99999807647,17,99999807649,19,7->7->19,mixed,107411179,19,multi_prime_family,61*227*7757
100000000000,99999806051,11,99999806053,13,7->19->19,mixed,39572539,19,multi_prime_family,59*173*3877
100000000000,99999802901,11,99999802903,13,7->11->13,mixed,99899903,23,multi_prime_family,41*509*4787
100000000000,99999782177,17,99999782179,19,11->29->23,mixed,5914697,17,multi_prime_family,173*179*191
100000000000,99999782111,11,99999782113,13,7->11->19,mixed,68352551,11,multi_prime_family,31*103*21407
100000000000,99999774131,11,99999774133,13,7->7->7,repeated_7,291544531,1,multi_prime_family,19*71*216119
100000000000,99999759221,11,99999759223,13,7->13->11,mixed,15477443,23,multi_prime_family,79*107*1831
100000000000,99999758867,17,99999758869,19,17->23->23,mixed,11119733,23,multi_prime_family,41*367*739
100000000000,99999751829,29,99999751831,1,7->17->23,mixed,36536263,13,multi_prime_family,103*229*1549
100000000000,99999751487,17,99999751489,19,11->11->17,mixed,4717637,17,multi_prime_family,83*113*503
100000000000,99999743237,17,99999743239,19,11->11->19,mixed,43497061,1,multi_prime_family,19*31*73849
100000000000,99999735977,17,99999735979,19,11->11->13,mixed,63572623,13,multi_prime_family,37*47*139*263
100000000000,99999733979,29,99999733981,1,7->17->29,mixed,28977031,1,multi_prime_family,37*67*11689
1000000000000,999999999611,11,999999999613,13,17->19->11,mixed,75511591,1,multi_prime_family,53*223*6389
1000000000000,999999999269,29,999999999271,1,7->13->13,mixed,845308537,7,multi_prime_family,19*61*73*97*103
1000000000000,999999997397,17,999999997399,19,13->29->29,mixed,91466203,13,multi_prime_family,29*41*43*1789
1000000000000,999999994817,17,999999994819,19,7->17->1,mixed,271076171,11,multi_prime_family,37*43*67*2543
1000000000000,999999979991,11,999999979993,13,7->7->17,mixed,434216231,11,multi_prime_family,179*1291*1879
1000000000000,999999976589,29,999999976591,1,7->11->1,mixed,418935893,23,multi_prime_family,419*467*2141
1000000000000,999999971111,11,999999971113,13,11->13->19,mixed,368052989,29,multi_prime_family,101*191*19079
1000000000000,999999968147,17,999999968149,19,7->13->19,mixed,578368981,1,multi_prime_family,47*2663*4621
1000000000000,999999967289,29,999999967291,1,13->1->7,mixed,67064581,1,multi_prime_family,83*139*5813
1000000000000,999999965417,17,999999965419,19,7->13->11,mixed,268024649,29,multi_prime_family,163*211*7793
1000000000000,999999962219,29,999999962221,1,13->19->23,mixed,176025341,11,multi_prime_family,41*1579*2719
1000000000000,999999955667,17,999999955669,19,11->13->13,mixed,537923591,11,multi_prime_family,59*941*9689
1000000000000,999999953111,11,999999953113,13,7->23->19,mixed,44684747,17,multi_prime_family,139*563*571
1000000000000,999999948197,17,999999948199,19,7->19->19,mixed,395726137,7,multi_prime_family,37*41*260861
1000000000000,999999944711,11,999999944713,13,7->7->11,mixed,1855287467,17,multi_prime_family,11*181*931837
1000000000000,999999943109,29,999999943111,1,13->29->1,mixed,85565153,23,multi_prime_family,71*227*5309
1000000000000,999999941807,17,999999941809,19,11->11->1,mixed,266595559,19,multi_prime_family,61*313*13963
1000000000000,999999938537,17,999999938539,19,7->7->17,mixed,434216213,23,multi_prime_family,67*2161*2999
1000000000000,999999934127,17,999999934129,19,7->7->7,repeated_7,2915451703,13,multi_prime_family,17*2699*63541
1000000000000,999999916991,11,999999916993,13,7->11->17,mixed,763941877,7,multi_prime_family,83^2*173*641
1000000000000,999999911789,29,999999911791,1,17->29->7,mixed,54821551,1,multi_prime_family,41*659*2029
1000000000000,999999902711,11,999999902713,13,7->17->19,mixed,442282133,23,multi_prime_family,19*43*541349
1000000000000,999999897521,11,999999897523,13,11->11->29,mixed,284981447,17,multi_prime_family,41*61*113947
1000000000000,999999893891,11,999999893893,13,7->11->11,mixed,1180637419,19,multi_prime_family,13*6779*13397
1000000000000,999999875561,11,999999875563,13,13->13->13,repeated_13,455166079,19,multi_prime_family,61*157*47527
1000000000000,999999874151,11,999999874153,13,7->7->17,mixed,1200480041,11,multi_prime_family,17*41*101*17053
1000000000000,999999872387,17,999999872389,19,7->7->7,repeated_7,2915451523,13,multi_prime_family,19^2*421*19183
1000000000000,999999869867,17,999999869869,19,7->11->13,mixed,999000869,29,multi_prime_family,17*53*547*2027
1000000000000,999999864407,17,999999864409,19,7->13->13,mixed,845308423,13,multi_prime_family,19*631*70507
1000000000000,999999856529,29,999999856531,1,13->13->1,mixed,29326369,19,multi_prime_family,67*167*2621
1000000000000,999999853487,17,999999853489,19,7->13->11,mixed,268024619,29,multi_prime_family,181*743*1993
1000000000000,999999848531,11,999999848533,13,7->13->7,mixed,34250089,19,multi_prime_family,109*199*1579
1000000000000,999999844457,17,999999844459,19,7->7->11,mixed,1855287281,11,multi_prime_family,19*97*101*9967
1000000000000,999999840761,11,999999840763,13,7->11->29,mixed,145921471,1,multi_prime_family,269*457*1187
1000000000000,999999839837,17,999999839839,19,7->11->13,mixed,999000839,29,multi_prime_family,47*73*291169
1000000000000,999999825599,29,999999825601,1,7->17->17,mixed,494315287,7,multi_prime_family,23*937*22937
1000000000000,999999809177,17,999999809179,19,7->7->17,mixed,1200479963,23,multi_prime_family,23*73*397*1801
1000000000000,999999806279,29,999999806281,1,7->23->17,mixed,132152743,13,multi_prime_family,59*67*101*331
1000000000000,999999785717,17,999999785719,19,11->11->17,mixed,486144767,17,multi_prime_family,17*23*1243337
1000000000000,999999775661,11,999999775663,13,7->7->7,repeated_7,2915451241,1,multi_prime_family,439*829*8011
1000000000000,999999757931,11,999999757933,13,11->19->23,mixed,90277129,19,multi_prime_family,73*463*2671
1000000000000,999999752057,17,999999752059,19,7->11->17,mixed,763941751,1,multi_prime_family,29*239*110221
1000000000000,999999750839,29,999999750841,1,7->13->13,mixed,845308327,7,multi_prime_family,29*37*751*1049
1000000000000,999999748427,17,999999748429,19,11->13->11,mixed,29776963,13,multi_prime_family,97*373*823
1000000000000,999999744791,11,999999744793,13,7->7->7,repeated_7,2915451151,1,multi_prime_family,73*281*311*457
1000000000000,999999737579,29,999999737581,1,13->1->23,mixed,46818659,29,multi_prime_family,61*743*1033
1000000000000,999999734501,11,999999734503,13,7->7->7,repeated_7,2915451121,1,multi_prime_family,11*7919*33469
1000000000000,999999723089,29,999999723091,1,17->7->17,mixed,33826057,7,multi_prime_family,59*359*1597
1000000000000,999999718037,17,999999718039,19,7->7->7,repeated_7,2915451073,13,multi_prime_family,151*2917*6619
1000000000000,999999717449,29,999999717451,1,7->7->11,mixed,497759939,29,multi_prime_family,47*61*173617
1000000000000,999999704219,29,999999704221,1,7->7->17,mixed,1200479837,17,multi_prime_family,17*37*487*3919
10000000000000,9999999998579,29,9999999998581,1,19->19->13,mixed,268940107,7,multi_prime_family,103*397*6577
10000000000000,9999999994241,11,9999999994243,13,7->17->13,mixed,1954270079,29,multi_prime_family,73*3691*7253
10000000000000,9999999990881,11,9999999990883,13,7->7->23,mixed,3850596839,29,multi_prime_family,83*131*354143
10000000000000,9999999989411,11,9999999989413,13,7->7->19,mixed,2583311803,13,multi_prime_family,139*821*22637
10000000000000,9999999989117,17,9999999989119,19,7->7->19,mixed,10741138549,19,multi_prime_family,41*1609*162821
10000000000000,9999999988529,29,9999999988531,1,7->7->7,repeated_7,29154518917,7,multi_prime_family,17*23*71*1050197
10000000000000,9999999983417,17,9999999983419,19,19->19->11,mixed,390152549,29,multi_prime_family,223*401*4363
10000000000000,9999999973829,29,9999999973831,1,7->7->7,repeated_7,5515719787,7,multi_prime_family,101*193*282959
10000000000000,9999999949769,29,9999999949771,1,13->17->1,mixed,1459640921,11,multi_prime_family,31*199*236609
10000000000000,9999999945017,17,9999999945019,19,7->7->29,mixed,7037297639,29,multi_prime_family,47*1801*83137
10000000000000,9999999943631,11,9999999943633,13,7->19->1,mixed,2425418371,1,multi_prime_family,277*1093*8011
10000000000000,9999999942077,17,9999999942079,19,7->7->23,mixed,2458814837,17,multi_prime_family,89*149*157*1181
10000000000000,9999999932459,29,9999999932461,1,7->11->11,mixed,11806375363,13,multi_prime_family,19*59*10532003
10000000000000,9999999923351,11,9999999923353,13,11->17->1,mixed,876654679,19,multi_prime_family,71*389*31741
10000000000000,9999999920447,17,9999999920449,19,7->11->11,mixed,462171277,7,multi_prime_family,349*821*1613
10000000000000,9999999917867,17,9999999917869,19,13->19->1,mixed,268118077,7,multi_prime_family,257*557*1873
10000000000000,9999999915701,11,9999999915703,13,7->17->19,mixed,4422821723,23,multi_prime_family,157*317*88867
10000000000000,9999999914441,11,9999999914443,13,7->7->7,repeated_7,29154518701,1,multi_prime_family,7*11*101*3748813
10000000000000,9999999913979,29,9999999913981,1,7->11->11,mixed,1829156743,13,multi_prime_family,127*3677*3917
10000000000000,9999999911939,29,9999999911941,1,13->19->19,mixed,2130833137,7,multi_prime_family,23*43*2154533
10000000000000,9999999904529,29,9999999904531,1,7->13->19,mixed,5783689939,19,multi_prime_family,107*149*499*727
10000000000000,9999999897347,17,9999999897349,19,7->11->19,mixed,6835269923,23,multi_prime_family,131*3557*14669
10000000000000,9999999896759,29,9999999896761,1,7->23->1,mixed,2003606471,11,multi_prime_family,83*673*35869
10000000000000,9999999896129,29,9999999896131,1,7->7->11,mixed,941708249,29,multi_prime_family,67*73*192539
10000000000000,9999999895037,17,9999999895039,19,7->7->11,mixed,18552875501,11,multi_prime_family,197*1009*93337
10000000000000,9999999884747,17,9999999884749,19,7->7->7,repeated_7,2103934333,13,multi_prime_family,101*191*109063
10000000000000,9999999884669,29,9999999884671,1,1->17->23,mixed,129498451,1,multi_prime_family,53*59*41413
10000000000000,9999999883571,11,9999999883573,13,7->7->7,repeated_7,29154518611,1,multi_prime_family,17*499*3436817
10000000000000,9999999876557,17,9999999876559,19,7->11->11,mixed,11806375297,7,multi_prime_family,193*997*61357
10000000000000,9999999868451,11,9999999868453,13,7->23->1,mixed,441871763,23,multi_prime_family,97*193*23603
10000000000000,9999999867779,29,9999999867781,1,7->11->23,mixed,5646527311,1,multi_prime_family,101*347*367*439
10000000000000,9999999867119,29,9999999867121,1,11->11->11,repeated_11,1164008831,11,multi_prime_family,79*3499*4211
10000000000000,9999999861707,17,9999999861709,19,11->13->23,mixed,3040437781,1,multi_prime_family,23*4621*28607
10000000000000,9999999849011,11,9999999849013,13,19->23->23,mixed,994925863,13,multi_prime_family,151*2543*2591
10000000000000,9999999847199,29,9999999847201,1,7->13->13,mixed,8453085247,7,multi_prime_family,151*227*246611
10000000000000,9999999846527,17,9999999846529,19,7->7->7,repeated_7,29154518503,13,multi_prime_family,11*23*2939*39209
10000000000000,9999999845837,17,9999999845839,19,23->23->29,mixed,651847979,29,multi_prime_family,227*337*8521
10000000000000,9999999844469,29,9999999844471,1,7->7->7,repeated_7,29154518497,7,multi_prime_family,13*41*83*659023
10000000000000,9999999841739,29,9999999841741,1,7->13->7,mixed,2970002923,13,multi_prime_family,53*617*90823
10000000000000,9999999838541,11,9999999838543,13,11->13->1,mixed,2255808671,11,multi_prime_family,127*163*108971
10000000000000,9999999834449,29,9999999834451,1,11->11->1,mixed,2665955701,1,multi_prime_family,31*101*851471
10000000000000,9999999830357,17,9999999830359,19,7->7->11,mixed,18552875381,11,multi_prime_family,31*8839*67709
10000000000000,9999999821831,11,9999999821833,13,7->7->7,repeated_7,29154518431,1,multi_prime_family,103*151*1874527
10000000000000,9999999820949,29,9999999820951,1,7->7->29,mixed,3459010661,11,multi_prime_family,137*557*45329
10000000000000,9999999820127,17,9999999820129,19,11->17->1,mixed,1725030157,7,multi_prime_family,137*1823*6907
10000000000000,9999999816299,29,9999999816301,1,11->11->11,repeated_11,7513147871,11,multi_prime_family,53*11239*12613
10000000000000,9999999815657,17,9999999815659,19,7->7->7,repeated_7,29154518413,13,multi_prime_family,277*2221*47389
10000000000000,9999999806081,11,9999999806083,13,7->29->7,mixed,361389173,23,multi_prime_family,109*1063*3119
10000000000000,9999999791549,29,9999999791551,1,7->7->11,mixed,18552875309,29,multi_prime_family,29*103*211*29437
10000000000000,9999999788507,17,9999999788509,19,17->1->17,mixed,403730461,1,multi_prime_family,367*829*1327
10000000000000,9999999777821,11,9999999777823,13,11->11->23,mixed,1559332571,11,multi_prime_family,431*1693*2137
10000000000000,9999999777227,17,9999999777229,19,7->11->17,mixed,2763194191,1,multi_prime_family,157*167*105389
10000000000000,9999999763037,17,9999999763039,19,11->13->13,mixed,5379236021,11,multi_prime_family,23*1637*142871
10000000000000,9999999761267,17,9999999761269,19,7->7->13,mixed,4746084367,7,multi_prime_family,103*3109*14821
10000000000000,9999999758747,17,9999999758749,19,7->11->13,mixed,9990009749,29,multi_prime_family,31*2441*132019
10000000000000,9999999748919,29,9999999748921,1,7->7->13,mixed,15698586733,13,multi_prime_family,19*29*661*43103
10000000000000,9999999747671,11,9999999747673,13,13->29->1,mixed,213734579,29,multi_prime_family,79*103*26267
10000000000000,9999999737687,17,9999999737689,19,13->13->13,repeated_13,4551661237,7,multi_prime_family,677*1013*6637
10000000000000,9999999732539,29,9999999732541,1,7->13->23,mixed,4777830737,17,multi_prime_family,41*139*838363
10000000000000,9999999729221,11,9999999729223,13,7->7->7,repeated_7,29154518161,1,multi_prime_family,569*811*63179
10000000000000,9999999727727,17,9999999727729,19,11->11->13,mixed,1921968043,13,multi_prime_family,271*1907*3719
10000000000000,9999999724811,11,9999999724813,13,7->7->23,mixed,8873114219,29,multi_prime_family,1327*1459*4583
10000000000000,9999999723929,29,9999999723931,1,7->7->11,mixed,4977600659,29,multi_prime_family,47*239*443123
10000000000000,9999999719861,11,9999999719863,13,17->29->7,mixed,548215543,13,multi_prime_family,103*787*6763
10000000000000,9999999717641,11,9999999717643,13,13->1->7,mixed,670645813,13,multi_prime_family,67*151^2*439
10000000000000,9999999713009,29,9999999713011,1,7->11->19,mixed,6835269797,17,multi_prime_family,197*263*131927
10000000000000,9999999712481,11,9999999712483,13,11->11->11,repeated_11,7513147793,23,multi_prime_family,71*1831*57793
10000000000000,9999999711287,17,9999999711289,19,7->7->23,mixed,8873114207,17,multi_prime_family,107*127*157*4159
10000000000000,9999999702317,17,9999999702319,19,11->11->17,mixed,4861448567,17,multi_prime_family,23*13421*15749
10000000000000,9999999700241,11,9999999700243,13,7->19->17,mixed,1599743993,23,multi_prime_family,191*431*19433
10000000000000,9999999698849,29,9999999698851,1,17->11->19,mixed,104873467,7,multi_prime_family,103*313*3253
10000000000000,9999999698687,17,9999999698689,19,7->11->11,mixed,11806375087,7,multi_prime_family,13*163*5571673
10000000000000,9999999697361,11,9999999697363,13,13->11->29,mixed,104814109,19,multi_prime_family,257*617*661
10000000000000,9999999684167,17,9999999684169,19,11->11->19,mixed,4349717131,1,multi_prime_family,47*139*809*823
10000000000000,9999999683039,29,9999999683041,1,17->17->17,repeated_17,116968637,17,multi_prime_family,163*167*4297
10000000000000,9999999682121,11,9999999682123,13,11->17->7,mixed,1445295517,7,multi_prime_family,37*83*470627
10000000000000,9999999678029,29,9999999678031,1,11->23->17,mixed,236680781,11,multi_prime_family,173*179*7643
10000000000000,9999999673739,29,9999999673741,1,7->11->1,mixed,2129018453,23,multi_prime_family,239*1523*5849
100000000000000,99999999999821,11,99999999999823,13,7->7->11,mixed,185528756957,17,multi_prime_family,2879*4729*13627
100000000000000,99999999996467,17,99999999996469,19,19->23->1,mixed,7381708127,17,multi_prime_family,31*131*1817707
100000000000000,99999999994529,29,99999999994531,1,7->7->13,mixed,156985871263,13,multi_prime_family,13*19*53*1663*7211
100000000000000,99999999992891,11,99999999992893,13,7->11->11,mixed,118063754419,19,multi_prime_family,13*1741*5216443
100000000000000,99999999986891,11,99999999986893,13,19->19->29,mixed,9552010697,17,multi_prime_family,1279*1283*5821
100000000000000,99999999984617,17,99999999984619,19,7->7->17,mixed,2818250993,23,multi_prime_family,139*397*51071
100000000000000,99999999984197,17,99999999984199,19,7->17->17,mixed,49431537313,13,multi_prime_family,17*67*43399067
100000000000000,99999999982331,11,99999999982333,13,11->19->1,mixed,15434480627,17,multi_prime_family,41*9173*41039
100000000000000,99999999978569,29,99999999978571,1,7->11->19,mixed,68352699917,17,multi_prime_family,67*307*3323093
100000000000000,99999999977291,11,99999999977293,13,13->13->7,mixed,15992323681,1,multi_prime_family,587*4283*6361
100000000000000,99999999970127,17,99999999970129,19,7->7->29,mixed,34590107219,29,multi_prime_family,67*401*1287457
100000000000000,99999999966599,29,99999999966601,1,7->7->7,repeated_7,291545189407,7,multi_prime_family,19*131*773*151531
100000000000000,99999999962777,17,99999999962779,19,7->7->17,mixed,120048019163,23,multi_prime_family,113*15413*68927
100000000000000,99999999955997,17,99999999955999,19,11->13->13,mixed,53792361461,11,multi_prime_family,19*113*25054663
100000000000000,99999999952361,11,99999999952363,13,7->13->23,mixed,1263216401,11,multi_prime_family,557*1193*1901
100000000000000,99999999948539,29,99999999948541,1,7->11->23,mixed,11492931841,1,multi_prime_family,181*7879*8059
100000000000000,99999999947417,17,99999999947419,19,11->13->29,mixed,2925944347,7,multi_prime_family,991*1291*2287
100000000000000,99999999943751,11,99999999943753,13,7->13->23,mixed,47778308621,11,multi_prime_family,61*139*1021*5519
100000000000000,99999999941741,11,99999999941743,13,11->11->23,mixed,4183575281,11,multi_prime_family,211*397*49943
100000000000000,99999999939551,11,99999999939553,13,7->7->1,mixed,65832784687,7,multi_prime_family,37*1511*1177541
100000000000000,99999999932831,11,99999999932833,13,7->11->13,mixed,99900099833,23,multi_prime_family,47*137*15514847
100000000000000,99999999929729,29,99999999929731,1,11->11->17,mixed,48614487083,23,multi_prime_family,47*19927*51907
100000000000000,99999999928967,17,99999999928969,19,7->7->19,mixed,25833118039,19,multi_prime_family,251*557*184777
100000000000000,99999999928709,29,99999999928711,1,17->17->23,mixed,15044380913,23,multi_prime_family,59*7369*34603
100000000000000,99999999927077,17,99999999927079,19,7->17->13,mixed,19542700787,17,multi_prime_family,101*137*1412351
100000000000000,99999999925901,11,99999999925903,13,7->11->19,mixed,68352699881,11,multi_prime_family,431*4643*34157
100000000000000,99999999925811,11,99999999925813,13,13->23->17,mixed,3125683741,1,multi_prime_family,127*4363*5641
100000000000000,99999999925439,29,99999999925441,1,7->7->7,repeated_7,291545189287,7,multi_prime_family,11*33829*783473
100000000000000,99999999925229,29,99999999925231,1,7->1->7,mixed,2935219699,19,multi_prime_family,271*521*20789
100000000000000,99999999923921,11,99999999923923,13,11->11->11,repeated_11,75131480033,23,multi_prime_family,709*2131*49727
100000000000000,99999999918089,29,99999999918091,1,7->7->13,mixed,156985871143,13,multi_prime_family,59*4271*622987
100000000000000,99999999913937,17,99999999913939,19,17->29->19,mixed,219323737,7,multi_prime_family,131*241*6947
100000000000000,99999999911579,29,99999999911581,1,7->11->11,mixed,118063754323,13,multi_prime_family,37*131*24358109
100000000000000,99999999906761,11,99999999906763,13,11->23->29,mixed,2907230279,29,multi_prime_family,127*4229*5413
100000000000000,99999999906497,17,99999999906499,19,7->11->11,mixed,118063754317,7,multi_prime_family,743*3313*47963
100000000000000,99999999896171,11,99999999896173,13,13->13->17,mixed,34806822101,11,multi_prime_family,47*61*71*101*1693
100000000000000,99999999893069,29,99999999893071,1,19->17->17,mixed,1046561521,1,multi_prime_family,151*1409*4919
100000000000000,99999999880961,11,99999999880963,13,7->13->13,mixed,84530853661,1,multi_prime_family,23*31*503*235699
100000000000000,99999999867161,11,99999999867163,13,11->23->11,mixed,1270922561,11,multi_prime_family,499*1231*2069
100000000000000,99999999865631,11,99999999865633,13,7->13->13,mixed,537683551,1,multi_prime_family,223*487*4951
100000000000000,99999999863327,17,99999999863329,19,17->7->1,mixed,192189791,11,multi_prime_family,353*443*1229
100000000000000,99999999861617,17,99999999861619,19,11->13->1,mixed,22558087043,23,multi_prime_family,73*109*223*12713
100000000000000,99999999855719,29,99999999855721,1,7->13->29,mixed,930847349,29,multi_prime_family,233*1571*2543
100000000000000,99999999851981,11,99999999851983,13,7->11->23,mixed,56465273773,13,multi_prime_family,73*107*7228943
100000000000000,99999999843479,29,99999999843481,1,19->23->23,mixed,377585041,1,multi_prime_family,593*599*1063
100000000000000,99999999839507,17,99999999839509,19,7->11->7,mixed,13388673161,11,multi_prime_family,157*563*151471
100000000000000,99999999837827,17,99999999837829,19,7->7->13,mixed,156985871017,7,multi_prime_family,17*23879*386719
100000000000000,99999999836207,17,99999999836209,19,11->29->11,mixed,7645844471,11,multi_prime_family,199*601*63929
100000000000000,99999999834131,11,99999999834133,13,7->19->17,mixed,15997440383,23,multi_prime_family,211*239*317227
100000000000000,99999999833501,11,99999999833503,13,7->11->11,mixed,31675641379,19,multi_prime_family,41*769*1004651
100000000000000,99999999826109,29,99999999826111,1,7->11->7,mixed,35100035039,29,multi_prime_family,79*311*1428631
100000000000000,99999999822539,29,99999999822541,1,7->7->7,repeated_7,291545188987,7,multi_prime_family,13*51487*435577
100000000000000,99999999819311,11,99999999819313,13,11->19->23,mixed,9027715069,19,multi_prime_family,61*2591*57119
100000000000000,99999999812249,29,99999999812251,1,7->7->7,repeated_7,291545188957,7,multi_prime_family,11*71*373297297
100000000000000,99999999812117,17,99999999812119,19,11->11->11,repeated_11,75131479949,29,multi_prime_family,337*431*517267
100000000000000,99999999800291,11,99999999800293,13,17->11->17,mixed,3052596227,17,multi_prime_family,149*1997*10259
100000000000000,99999999799019,29,99999999799021,1,7->7->19,mixed,107411385391,1,multi_prime_family,83*1277*1013401
100000000000000,99999999798137,17,99999999798139,19,7->7->7,repeated_7,55157197903,13,multi_prime_family,349*6829*23143
100000000000000,99999999792227,17,99999999792229,19,23->1->11,mixed,1003885033,13,multi_prime_family,419*631*3797
100000000000000,99999999789317,17,99999999789319,19,7->7->19,mixed,4989770959,19,multi_prime_family,499*2683*3727
100000000000000,99999999788531,11,99999999788533,13,13->19->29,mixed,13960630991,11,multi_prime_family,43*113*2873149
100000000000000,99999999787847,17,99999999787849,19,7->7->17,mixed,120048018953,23,multi_prime_family,19*229*27590903
100000000000000,99999999787217,17,99999999787219,19,7->1->7,mixed,6878052121,1,multi_prime_family,233*467*63211
100000000000000,99999999778607,17,99999999778609,19,7->23->11,mixed,2668730479,19,multi_prime_family,353*1049*7207
100000000000000,99999999777047,17,99999999777049,19,23->29->7,mixed,4052028031,1,multi_prime_family,149*409*66491
100000000000000,99999999774617,17,99999999774619,19,7->7->23,mixed,24588148457,17,multi_prime_family,719*1381*24763
100000000000000,99999999773477,17,99999999773479,19,13->13->11,mixed,14432096951,11,multi_prime_family,151*1433*66697
100000000000000,99999999770291,11,99999999770293,13,7->19->19,mixed,39572615659,19,multi_prime_family,31*89*14343101
100000000000000,99999999769181,11,99999999769183,13,17->17->23,mixed,15044380889,29,multi_prime_family,43*389*619*1453
100000000000000,99999999767897,17,99999999767899,19,7->11->19,mixed,68352699773,23,multi_prime_family,277*7699*32051
100000000000000,99999999754289,29,99999999754291,1,7->13->17,mixed,64641240953,23,multi_prime_family,41*359*4391687
100000000000000,99999999752567,17,99999999752569,19,7->7->7,repeated_7,291545188783,13,multi_prime_family,41*4007*1774609
100000000000000,99999999748631,11,99999999748633,13,19->19->7,mixed,7486711069,19,multi_prime_family,41*3389*53881
100000000000000,99999999742277,17,99999999742279,19,7->7->7,repeated_7,291545188753,13,multi_prime_family,7*13*3203793283
100000000000000,99999999738299,29,99999999738301,1,13->1->11,mixed,6052169687,17,multi_prime_family,103*199*295271
100000000000000,99999999731531,11,99999999731533,13,11->11->19,mixed,43497172567,7,multi_prime_family,59*73*569*17749
100000000000000,99999999728627,17,99999999728629,19,7->11->11,mixed,118063754107,7,multi_prime_family,13*31*292962169
100000000000000,99999999717161,11,99999999717163,13,7->13->17,mixed,64641240929,29,multi_prime_family,17*107*179*198529
100000000000000,99999999705527,17,99999999705529,19,7->7->11,mixed,185528756411,11,multi_prime_family,149*151*1187*6947
100000000000000,99999999705149,29,99999999705151,1,7->13->23,mixed,47778308507,17,multi_prime_family,53*631*1428649
100000000000000,99999999703217,17,99999999703219,19,7->11->11,mixed,118063754077,7,multi_prime_family,23*379*13544081
100000000000000,99999999698129,29,99999999698131,1,13->19->19,mixed,5124788587,7,multi_prime_family,103*541*91969
100000000000000,99999999691667,17,99999999691669,19,7->11->19,mixed,5671184693,23,multi_prime_family,419*1877*7211
100000000000000,99999999690827,17,99999999690829,19,7->7->7,repeated_7,291545188603,13,multi_prime_family,503*4933*117497
100000000000000,99999999687989,29,99999999687991,1,13->17->29,mixed,7669299769,19,multi_prime_family,431*683*26053
100000000000000,99999999687971,11,99999999687973,13,7->11->11,mixed,118063754059,19,multi_prime_family,757*7247*21521
100000000000000,99999999687521,11,99999999687523,13,13->1->7,mixed,3703566523,13,multi_prime_family,89^2*499*937
100000000000000,99999999686219,29,99999999686221,1,29->1->29,mixed,1885333981,1,multi_prime_family,401*631*7451
100000000000000,99999999679067,17,99999999679069,19,7->7->23,mixed,88731144347,17,multi_prime_family,257*1667*207113
100000000000000,99999999678911,11,99999999678913,13,17->29->11,mixed,2856897971,11,multi_prime_family,191*3433*4357
100000000000000,99999999677411,11,99999999677413,13,11->23->11,mixed,1406608241,11,multi_prime_family,439*1013*3163
100000000000000,99999999670247,17,99999999670249,19,7->7->7,repeated_7,291545188543,13,multi_prime_family,7^2*47917*124171
100000000000000,99999999667787,17,99999999667789,19,13->13->1,mixed,2932637311,1,multi_prime_family,239*1009*12161
100000000000000,99999999666131,11,99999999666133,13,7->7->7,repeated_7,291545188531,1,multi_prime_family,31*71*132460331
100000000000000,99999999659369,29,99999999659371,1,7->7->19,mixed,107411385241,1,multi_prime_family,61*3251*541631
100000000000000,99999999659327,17,99999999659329,19,7->11->17,mixed,76394193781,1,multi_prime_family,653*9293*12589
1000000000000000,999999999996149,29,999999999996151,1,7->11->7,mixed,351000350999,29,multi_prime_family,173*18301*110863
1000000000000000,999999999993377,17,999999999993379,19,7->7->11,mixed,1855287569561,11,multi_prime_family,131*17419*813049
1000000000000000,999999999988907,17,999999999988909,19,23->23->1,mixed,30989494561,1,multi_prime_family,61*16063*31627
1000000000000000,999999999987389,29,999999999987391,1,13->13->17,mixed,348068221367,17,multi_prime_family,23*11177*1353977
1000000000000000,999999999985517,17,999999999985519,19,13->11->17,mixed,4286124529,19,multi_prime_family,229*2659*7039
1000000000000000,999999999985247,17,999999999985249,19,17->29->17,mixed,43157395019,29,multi_prime_family,61*1571*450349
1000000000000000,999999999984581,11,999999999984583,13,13->19->11,mixed,98745926729,29,multi_prime_family,53*383*4864571
1000000000000000,999999999983969,29,999999999983971,1,7->7->7,repeated_7,2915451894997,7,multi_prime_family,283*17033*604823
1000000000000000,999999999981617,17,999999999981619,19,7->7->13,mixed,1569858712687,7,multi_prime_family,19*173*223*2141687
1000000000000000,999999999972497,17,999999999972499,19,17->19->23,mixed,58414627021,1,multi_prime_family,83*541*1300907
1000000000000000,999999999968891,11,999999999968893,13,7->11->29,mixed,447828034021,1,multi_prime_family,47*2069*4605247
1000000000000000,999999999967757,17,999999999967759,19,7->1->7,mixed,29352197011,1,multi_prime_family,607*953*50741
1000000000000000,999999999967109,29,999999999967111,1,11->13->13,mixed,537923614829,29,multi_prime_family,1093*3739*131627
1000000000000000,999999999962507,17,999999999962509,19,7->7->13,mixed,1569858712657,7,multi_prime_family,3719*17713*23831
1000000000000000,999999999958391,11,999999999958393,13,7->7->17,mixed,148964695361,11,multi_prime_family,191*10039*77689
1000000000000000,999999999956879,29,999999999956881,1,7->11->11,mixed,1180637544223,13,multi_prime_family,19*2269*27385993
1000000000000000,999999999955511,11,999999999955513,13,19->23->7,mixed,14575347257,17,multi_prime_family,619*1277*18439
1000000000000000,999999999955097,17,999999999955099,19,11->13->23,mixed,304043782291,1,multi_prime_family,277*5023*218521
1000000000000000,999999999953099,29,999999999953101,1,7->7->7,repeated_7,2915451894907,7,multi_prime_family,47*53^2*1231*17939
1000000000000000,999999999945161,11,999999999945163,13,7->7->17,mixed,1200480192011,11,multi_prime_family,17^2*23*180604813
1000000000000000,999999999942539,29,999999999942541,1,13->23->29,mixed,56686128901,1,multi_prime_family,101*251*2236051
1000000000000000,999999999940919,29,999999999940921,1,7->19->13,mixed,102997219069,19,multi_prime_family,211*271*383*4703
1000000000000000,999999999940751,11,999999999940753,13,7->7->7,repeated_7,2915451894871,1,multi_prime_family,4259*4337*157837
1000000000000000,999999999938987,17,999999999938989,19,7->7->29,mixed,35866719269,29,multi_prime_family,1423*3251*7753
1000000000000000,999999999937157,17,999999999937159,19,13->19->19,mixed,213083315563,13,multi_prime_family,23*86869*106649
1000000000000000,999999999930461,11,999999999930463,13,7->7->7,repeated_7,2915451894841,1,multi_prime_family,41*236399*300799
1000000000000000,999999999924521,11,999999999924523,13,13->13->29,mixed,204039991823,23,multi_prime_family,29*599*1019*11527
1000000000000000,999999999924209,29,999999999924211,1,11->11->13,mixed,635727908407,7,multi_prime_family,131*353*13747549
1000000000000000,999999999913559,29,999999999913561,1,19->23->29,mixed,78907914457,7,multi_prime_family,2161*2833*12889
1000000000000000,999999999899591,11,999999999899593,13,7->7->7,repeated_7,2915451894751,1,multi_prime_family,11*34543*7672787
1000000000000000,999999999895307,17,999999999895309,19,7->11->23,mixed,24241836559,19,multi_prime_family,307*863*91499
1000000000000000,999999999892031,11,999999999892033,13,7->23->7,mixed,167869733069,29,multi_prime_family,163*241*4273343
1000000000000000,999999999890417,17,999999999890419,19,11->19->29,mixed,164989275679,19,multi_prime_family,1399*2039*57839
1000000000000000,999999999889589,29,999999999889591,1,7->7->13,mixed,3784767823,13,multi_prime_family,449*677*12451
1000000000000000,999999999889031,11,999999999889033,13,11->13->13,mixed,537923614787,17,multi_prime_family,13*7499*5517901
1000000000000000,999999999887909,29,999999999887911,1,11->11->19,mixed,434971726789,19,multi_prime_family,53*15107*543259
1000000000000000,999999999883229,29,999999999883231,1,11->11->13,mixed,3649595077,7,multi_prime_family,331*359*30713
1000000000000000,999999999880727,17,999999999880729,19,19->11->11,mixed,5159452891,1,multi_prime_family,239*397*54377
1000000000000000,999999999880187,17,999999999880189,19,7->7->11,mixed,1855287569351,11,multi_prime_family,17*659*937*176741
1000000000000000,999999999879599,29,999999999879601,1,7->7->7,repeated_7,551571980077,7,multi_prime_family,73*349*2129*10169
1000000000000000,999999999875801,11,999999999875803,13,17->17->29,mixed,119317503863,23,multi_prime_family,857*2447*56897
1000000000000000,999999999875189,29,999999999875191,1,7->7->17,mixed,1200480191927,17,multi_prime_family,53*53899*420241
1000000000000000,999999999869099,29,999999999869101,1,7->11->19,mixed,683526999227,17,multi_prime_family,89*4177*1838659
1000000000000000,999999999864017,17,999999999864019,19,7->7->11,mixed,1855287569321,11,multi_prime_family,23*661*5851*20857
1000000000000000,999999999860489,29,999999999860491,1,7->7->7,repeated_7,2915451894637,7,multi_prime_family,29*127*383*2066833
1000000000000000,999999999858767,17,999999999858769,19,7->13->17,mixed,646412411027,17,multi_prime_family,199*23743*136811
1000000000000000,999999999855491,11,999999999855493,13,7->7->13,mixed,1569858712489,19,multi_prime_family,1087*2351*614297
1000000000000000,999999999848939,29,999999999848941,1,7->13->13,mixed,150534397087,7,multi_prime_family,151*1993*500209
1000000000000000,999999999848309,29,999999999848311,1,7->11->29,mixed,447828033967,7,multi_prime_family,811*5507*100271
1000000000000000,999999999848159,29,999999999848161,1,13->17->1,mixed,145964092811,11,multi_prime_family,53*44699*61613
1000000000000000,999999999845801,11,999999999845803,13,11->11->23,mixed,359324469941,11,multi_prime_family,61*673*8752697
1000000000000000,999999999844589,29,999999999844591,1,17->17->19,mixed,182116190101,1,multi_prime_family,2939*7817*7927
1000000000000000,999999999844487,17,999999999844489,19,7->17->7,mixed,66168199553,23,multi_prime_family,269*13451*18287
1000000000000000,999999999844361,11,999999999844363,13,7->19->11,mixed,183385292471,11,multi_prime_family,1847*5417*18329
1000000000000000,999999999841607,17,999999999841609,19,13->17->23,mixed,627989623,13,multi_prime_family,587*641*1669
1000000000000000,999999999840719,29,999999999840721,1,11->11->1,mixed,266595574471,1,multi_prime_family,31*2111*4073831
1000000000000000,999999999840581,11,999999999840583,13,7->13->17,mixed,70686364589,29,multi_prime_family,67*1277*826171
1000000000000000,999999999834389,29,999999999834391,1,17->29->13,mixed,47172036409,19,multi_prime_family,71*89*7465111
1000000000000000,999999999833537,17,999999999833539,19,11->11->1,mixed,2274997099,19,multi_prime_family,179*317*40093
1000000000000000,999999999829829,29,999999999829831,1,7->11->11,mixed,1180637544073,13,multi_prime_family,13*107*848768903
1000000000000000,999999999827099,29,999999999827101,1,7->13->7,mixed,113288773063,13,multi_prime_family,271*1627*256939
1000000000000000,999999999817097,17,999999999817099,19,23->1->11,mixed,13886381623,13,multi_prime_family,1069*1511*8597
1000000000000000,999999999815009,29,999999999815011,1,13->13->17,mixed,348068221307,17,multi_prime_family,181*3457*556271
1000000000000000,999999999811889,29,999999999811891,1,13->1->1,mixed,80044825087,7,multi_prime_family,37*41*52765211
1000000000000000,999999999810887,17,999999999810889,19,7->11->23,mixed,564652738459,19,multi_prime_family,151*1619*2309711
1000000000000000,999999999810377,17,999999999810379,19,29->19->17,mixed,1922866147,7,multi_prime_family,347*2287*2423
1000000000000000,999999999800807,17,999999999800809,19,7->7->7,repeated_7,2915451894463,13,multi_prime_family,29*131*20771*36947
1000000000000000,999999999799901,11,999999999799903,13,19->7->19,mixed,10233633859,19,multi_prime_family,257*3307*12041
1000000000000000,999999999797621,11,999999999797623,13,11->19->11,mixed,116699731567,7,multi_prime_family,2381*5197*9431
1000000000000000,999999999796367,17,999999999796369,19,11->13->19,mixed,368052999557,17,multi_prime_family,19*997*19429499
1000000000000000,999999999786107,17,999999999786109,19,7->7->19,mixed,1074113855839,19,multi_prime_family,439*821*2980181
1000000000000000,999999999779699,29,999999999779701,1,23->7->29,mixed,19916747989,19,multi_prime_family,1013*1723*11411
1000000000000000,999999999779051,11,999999999779053,13,7->7->13,mixed,1569858712369,19,multi_prime_family,139*227*49753073
1000000000000000,999999999774137,17,999999999774139,19,7->13->19,mixed,578368999291,1,multi_prime_family,97*50069*119087
1000000000000000,999999999773927,17,999999999773929,19,7->11->11,mixed,1180637544007,7,multi_prime_family,37*1109*28772879
1000000000000000,999999999768599,29,999999999768601,1,13->17->7,mixed,122294239913,23,multi_prime_family,43*4363*651857
1000000000000000,999999999766337,17,999999999766339,19,11->13->13,mixed,537923614721,11,multi_prime_family,251*421*5090551
1000000000000000,999999999763139,29,999999999763141,1,13->23->29,mixed,13993646881,1,multi_prime_family,313*1459*30643
1000000000000000,999999999760859,29,999999999760861,1,11->11->13,mixed,192196809487,7,multi_prime_family,199*16603*58171
1000000000000000,999999999755441,11,999999999755443,13,17->19->13,mixed,71999423987,17,multi_prime_family,43*613*2731493
1000000000000000,999999999750881,11,999999999750883,13,19->19->1,mixed,89357519413,13,multi_prime_family,41*919*937*2531
1000000000000000,999999999747887,17,999999999747889,19,7->7->7,repeated_7,60558347953,13,multi_prime_family,383*2411*65581
1000000000000000,999999999743699,29,999999999743701,1,11->19->7,mixed,71413268567,17,multi_prime_family,503*10457*13577
1000000000000000,999999999736061,11,999999999736063,13,17->19->7,mixed,46208585543,23,multi_prime_family,283*439*371939
1000000000000000,999999999730247,17,999999999730249,19,7->7->17,mixed,1200480191753,23,multi_prime_family,19*1733*36458839
1000000000000000,999999999725249,29,999999999725251,1,7->7->17,mixed,1200480191747,17,multi_prime_family,97*12329*1003819
1000000000000000,999999999721739,29,999999999721741,1,23->19->11,mixed,1372463173,13,multi_prime_family,443*1153*2687
1000000000000000,999999999716429,29,999999999716431,1,7->7->7,repeated_7,2915451894217,7,multi_prime_family,37*164419*479239
1000000000000000,999999999715547,17,999999999715549,19,7->7->29,mixed,703729767569,29,multi_prime_family,839*2707*309853
1000000000000000,999999999709709,29,999999999709711,1,7->11->13,mixed,999000998711,11,multi_prime_family,191*401*487*26783
1000000000000000,999999999702317,17,999999999702319,19,7->7->11,mixed,1855287569021,11,multi_prime_family,19*6203*15741853
1000000000000000,999999999697109,29,999999999697111,1,7->23->11,mixed,26687304841,1,multi_prime_family,101*103*2565347
1000000000000000,999999999695651,11,999999999695653,13,11->17->19,mixed,6112357351,1,multi_prime_family,409*907*16477
1000000000000000,999999999694967,17,999999999694969,19,7->7->13,mixed,1569858712237,7,multi_prime_family,23*149731*455849
1000000000000000,999999999690431,11,999999999690433,13,7->1->23,mixed,86948960933,23,multi_prime_family,1373*1627*38923
1000000000000000,999999999683507,17,999999999683509,19,11->19->17,mixed,101801893483,13,multi_prime_family,251*1103*367711
1000000000000000,999999999673637,17,999999999673639,19,17->11->17,mixed,30525962321,11,multi_prime_family,1201*1433*17737
1000000000000000,999999999668921,11,999999999668923,13,11->7->13,mixed,33657567893,23,multi_prime_family,199*12289*13763
1000000000000000,999999999664979,29,999999999664981,1,7->7->7,repeated_7,2915451894067,7,multi_prime_family,73*857*46601747
1000000000000000,999999999660569,29,999999999660571,1,7->7->13,mixed,1569858712183,13,multi_prime_family,433*3847*942433
1000000000000000,999999999659051,11,999999999659053,13,17->17->17,repeated_17,17564505641,11,multi_prime_family,773*3917*5801
1000000000000000,999999999658691,11,999999999658693,13,11->13->17,mixed,44982232003,13,multi_prime_family,1949*2777*8311
1000000000000000,999999999650177,17,999999999650179,19,11->17->13,mixed,124362641419,19,multi_prime_family,127*433*2261509
1000000000000000,999999999646457,17,999999999646459,19,7->7->7,repeated_7,2915451894013,13,multi_prime_family,19*977*157057151
1000000000000000,999999999643391,11,999999999643393,13,7->7->19,mixed,16860278863,13,multi_prime_family,929*1901*9547
1000000000000000,999999999639617,17,999999999639619,19,11->11->19,mixed,434971726681,1,multi_prime_family,37*8461*1389433
1000000000000000,999999999639161,11,999999999639163,13,17->19->29,mixed,106757766589,19,multi_prime_family,59*827*2187973
1000000000000000,999999999633347,17,999999999633349,19,11->13->17,mixed,411353352379,19,multi_prime_family,19*157*137899213
1000000000000000,999999999632891,11,999999999632893,13,7->19->13,mixed,174855743947,7,multi_prime_family,71*5741*428977
1000000000000000,999999999632489,29,999999999632491,1,11->13->13,mixed,537923614649,29,multi_prime_family,2267*7873*30139
1000000000000000,999999999631211,11,999999999631213,13,7->23->29,mixed,25988201347,7,multi_prime_family,359*2693*26881
10000000000000000,9999999999999917,17,9999999999999919,19,7->13->29,mixed,737517516041,11,multi_prime_family,769*1429*671141
10000000000000000,9999999999998909,29,9999999999998911,1,7->7->17,mixed,12004801920767,17,multi_prime_family,29*70373*5882351
10000000000000000,9999999999993911,11,9999999999993913,13,7->7->13,mixed,15698587127149,19,multi_prime_family,17*47*277*70930663
10000000000000000,9999999999993287,17,9999999999993289,19,11->13->19,mixed,3680529996317,17,multi_prime_family,787*26987*173293
10000000000000000,9999999999988139,29,9999999999988141,1,11->13->11,mixed,1705611461707,7,multi_prime_family,1973*8741*98899
10000000000000000,9999999999985511,11,9999999999985513,13,7->29->1,mixed,1589067217541,11,multi_prime_family,401*12919*306739
10000000000000000,9999999999981977,17,9999999999981979,19,13->17->1,mixed,1459640928329,29,multi_prime_family,293*39989*124577
10000000000000000,9999999999978467,17,9999999999978469,19,13->19->13,mixed,941530929289,19,multi_prime_family,43*421*2473*21031
10000000000000000,9999999999975851,11,9999999999975853,13,7->19->11,mixed,72044552351,11,multi_prime_family,1019*6481*10909
10000000000000000,9999999999975347,17,9999999999975349,19,7->13->17,mixed,6464124111167,17,multi_prime_family,41*59*17207*155299
10000000000000000,9999999999974717,17,9999999999974719,19,7->23->7,mixed,1678697330867,17,multi_prime_family,389*16787*257069
10000000000000000,9999999999973337,17,9999999999973339,19,19->23->23,mixed,202507037119,19,multi_prime_family,1997*3923*25849
10000000000000000,9999999999964217,17,9999999999964219,19,7->7->7,repeated_7,29154518950333,13,multi_prime_family,7*19*219206909401
10000000000000000,9999999999957497,17,9999999999957499,19,7->17->29,mixed,2897710808449,19,multi_prime_family,163*11239*1581757
10000000000000000,9999999999954641,11,9999999999954643,13,7->17->19,mixed,4422821760263,23,multi_prime_family,457*24781*390539
10000000000000000,9999999999951239,29,9999999999951241,1,7->11->1,mixed,230749705793,23,multi_prime_family,157*181*8120129
10000000000000000,9999999999948929,29,9999999999948931,1,7->7->17,mixed,12004801920707,17,multi_prime_family,61*113*191*1613*5653
10000000000000000,9999999999947057,17,9999999999947059,19,29->11->19,mixed,42263461969,19,multi_prime_family,419*743*135757
10000000000000000,9999999999940871,11,9999999999940873,13,13->17->1,mixed,1459640928323,23,multi_prime_family,83*163*107889787
10000000000000000,9999999999935831,11,9999999999935833,13,19->19->19,repeated_19,1457938474987,7,multi_prime_family,431*487*587*11833
10000000000000000,9999999999929897,17,9999999999929899,19,1->17->1,mixed,112515048887,17,multi_prime_family,443*9257*27437
10000000000000000,9999999999923177,17,9999999999923179,19,19->7->11,mixed,59965340033,23,multi_prime_family,197*199*1529611
10000000000000000,9999999999918941,11,9999999999918943,13,7->7->7,repeated_7,29154518950201,1,multi_prime_family,17^2*89*97*11685473
10000000000000000,9999999999917471,11,9999999999917473,13,7->7->13,mixed,15698587127029,19,multi_prime_family,2203*15289*466087
10000000000000000,9999999999915539,29,9999999999915541,1,7->11->19,mixed,6835269993107,17,multi_prime_family,67*881*115799041
10000000000000000,9999999999904847,17,9999999999904849,19,11->1->13,mixed,5877882293,23,multi_prime_family,997*1889*3121
10000000000000000,9999999999903359,29,9999999999903361,1,7->7->1,mixed,308746796749,19,multi_prime_family,1009*13859*22079
10000000000000000,9999999999903131,11,9999999999903133,13,11->11->11,repeated_11,7513148008943,23,multi_prime_family,17*43*59*174201767
10000000000000000,9999999999897521,11,9999999999897523,13,7->11->17,mixed,7639419404047,7,multi_prime_family,137*179*11681*26669
10000000000000000,9999999999896681,11,9999999999896683,13,7->13->29,mixed,123504057107,17,multi_prime_family,811*2689*56633
10000000000000000,9999999999894677,17,9999999999894679,19,19->19->19,repeated_19,1457938474981,1,multi_prime_family,23*37991*1668517
10000000000000000,9999999999892901,11,9999999999892903,13,7->11->13,mixed,9990009989903,23,multi_prime_family,79*5953*21242369
10000000000000000,9999999999891779,29,9999999999891781,1,11->23->13,mixed,919202132539,19,multi_prime_family,53*71*4243*57571
10000000000000000,9999999999889337,17,9999999999889339,19,11->11->1,mixed,456600155239,19,multi_prime_family,191*5527*432527
10000000000000000,9999999999881981,11,9999999999881983,13,7->13->23,mixed,4777830864731,11,multi_prime_family,29*71*229^2*44249
10000000000000000,9999999999881909,29,9999999999881911,1,19->1->29,mixed,113945830151,11,multi_prime_family,331*18353*18757
10000000000000000,9999999999879899,29,9999999999879901,1,11->11->11,repeated_11,2015722636541,11,multi_prime_family,3889*4721*109789
10000000000000000,9999999999874757,17,9999999999874759,19,7->11->29,mixed,94927997113,13,multi_prime_family,491*1871*103333
10000000000000000,9999999999871019,29,9999999999871021,1,7->7->29,mixed,7037297677601,11,multi_prime_family,3331*22571*93601
10000000000000000,9999999999868889,29,9999999999868891,1,1->1->13,mixed,142545578947,7,multi_prime_family,97*167*701*12553
10000000000000000,9999999999867491,11,9999999999867493,13,7->7->7,repeated_7,29154518950051,1,multi_prime_family,11*23*37*659*1069*4421
10000000000000000,9999999999865289,29,9999999999865291,1,13->13->17,mixed,3480682213667,17,multi_prime_family,67*241*313*688697
10000000000000000,9999999999863417,17,9999999999863419,19,7->13->11,mixed,2680246582649,29,multi_prime_family,173*193*80273341
10000000000000000,9999999999861821,11,9999999999861823,13,7->17->1,mixed,2710761724007,17,multi_prime_family,61*3559*12486293
10000000000000000,9999999999858251,11,9999999999858253,13,7->11->17,mixed,7639419404017,7,multi_prime_family,17*41*431*3329*7639
10000000000000000,9999999999856007,17,9999999999856009,19,11->13->17,mixed,4113533525239,19,multi_prime_family,3373*10667*114329
10000000000000000,9999999999855599,29,9999999999855601,1,17->1->1,mixed,158085271193,23,multi_prime_family,137*18451*62539
10000000000000000,9999999999853967,17,9999999999853969,19,7->7->17,mixed,12004801920593,23,multi_prime_family,23*29*54851*328129
10000000000000000,9999999999852839,29,9999999999852841,1,11->19->7,mixed,1293159187877,17,multi_prime_family,37*41*852445081
10000000000000000,9999999999848051,11,9999999999848053,13,13->13->17,mixed,3480682213661,11,multi_prime_family,19*29*6317027611
10000000000000000,9999999999847919,29,9999999999847921,1,7->11->13,mixed,810307106381,11,multi_prime_family,89*359*25360931
10000000000000000,9999999999847037,17,9999999999847039,19,7->13->13,mixed,8453085376033,13,multi_prime_family,877*3853*2501593
10000000000000000,9999999999846911,11,9999999999846913,13,7->7->7,repeated_7,29154518949991,1,multi_prime_family,19*672499*2281711
10000000000000000,9999999999844307,17,9999999999844309,19,7->13->23,mixed,4777830864713,23,multi_prime_family,43*2221*50028071
10000000000000000,9999999999834479,29,9999999999834481,1,7->13->29,mixed,3789314134079,29,multi_prime_family,31*733*166761173
10000000000000000,9999999999834269,29,9999999999834271,1,7->7->11,mixed,2874389192249,29,multi_prime_family,163*15667*1125569
10000000000000000,9999999999832841,11,9999999999832843,13,7->11->13,mixed,9990009989843,23,multi_prime_family,13^2*359*164658733
10000000000000000,9999999999831749,29,9999999999831751,1,7->13->19,mixed,5783689994119,19,multi_prime_family,23*37*6796345469
10000000000000000,9999999999827531,11,9999999999827533,13,19->19->7,mixed,748671108769,19,multi_prime_family,47*9371*1699837
10000000000000000,9999999999823997,17,9999999999823999,19,11->11->19,mixed,4349717268301,1,multi_prime_family,383*659*17233633
10000000000000000,9999999999820157,17,9999999999820159,19,7->7->7,repeated_7,29154518949913,13,multi_prime_family,7*23*31*5841418343
10000000000000000,9999999999819359,29,9999999999819361,1,7->11->23,mixed,242418365611,1,multi_prime_family,157*257*6008039
10000000000000000,9999999999815879,29,9999999999815881,1,11->23->1,mixed,1275022312867,7,multi_prime_family,89*5867*2441809
10000000000000000,9999999999814277,17,9999999999814279,19,7->7->13,mixed,15698587126867,7,multi_prime_family,47*59*89*421*151091
10000000000000000,9999999999813107,17,9999999999813109,19,11->11->13,mixed,6357279084433,13,multi_prime_family,107*487*3049*40013
10000000000000000,9999999999800561,11,9999999999800563,13,23->13->11,mixed,45465085087,7,multi_prime_family,3089*3257*4519
10000000000000000,9999999999796637,17,9999999999796639,19,7->7->19,mixed,10741138560469,19,multi_prime_family,251*52369*817151
10000000000000000,9999999999795419,29,9999999999795421,1,7->11->17,mixed,7639419403969,19,multi_prime_family,31*199*229*5407669
10000000000000000,9999999999785171,11,9999999999785173,13,7->7->7,repeated_7,29154518949811,1,multi_prime_family,103*162017*1747061
10000000000000000,9999999999783701,11,9999999999783703,13,7->7->13,mixed,15698587126819,19,multi_prime_family,31*197*269*9556093
10000000000000000,9999999999783341,11,9999999999783343,13,11->11->11,repeated_11,7513148008853,23,multi_prime_family,53*127*463*641*3761
10000000000000000,9999999999777377,17,9999999999777379,19,23->1->29,mixed,24648937507,7,multi_prime_family,1409*1439*12157
10000000000000000,9999999999774881,11,9999999999774883,13,7->7->7,repeated_7,29154518949781,1,multi_prime_family,887*1367*24044389
10000000000000000,9999999999771857,17,9999999999771859,19,7->11->17,mixed,7639419403951,1,multi_prime_family,23*307*1081917491
10000000000000000,9999999999770867,17,9999999999770869,19,11->1->1,mixed,945984296639,29,multi_prime_family,1283*1607*458819
10000000000000000,9999999999769589,29,9999999999769591,1,7->7->7,repeated_7,5515719801307,7,multi_prime_family,61*119849*754463
10000000000000000,9999999999764717,17,9999999999764719,19,7->17->19,mixed,4422821760179,29,multi_prime_family,19*59*3945425299
10000000000000000,9999999999761231,11,9999999999761233,13,7->11->23,mixed,5646527385523,13,multi_prime_family,43*277*421*1126033
10000000000000000,9999999999758711,11,9999999999758713,13,7->7->7,repeated_7,5515719801301,1,multi_prime_family,293*6203*3034819
10000000000000000,9999999999757877,17,9999999999757879,19,19->13->17,mixed,260423448521,11,multi_prime_family,61*269*15870769
10000000000000000,9999999999756947,17,9999999999756949,19,7->7->13,mixed,15698587126777,7,multi_prime_family,53*229*1583*817087
10000000000000000,9999999999748289,29,9999999999748291,1,13->11->17,mixed,399185661241,1,multi_prime_family,127*11411*275453
10000000000000000,9999999999747041,11,9999999999747043,13,11->11->13,mixed,6357279084391,1,multi_prime_family,43*227*14683*44357
10000000000000000,9999999999744011,11,9999999999744013,13,7->7->7,repeated_7,29154518949691,1,multi_prime_family,17*538147*3186809
10000000000000000,9999999999737081,11,9999999999737083,13,7->23->29,mixed,416857726447,7,multi_prime_family,1103*11927*31687
10000000000000000,9999999999734897,17,9999999999734899,19,7->7->11,mixed,18552875695241,11,multi_prime_family,2129*4019*2168291
10000000000000000,9999999999733907,17,9999999999733909,19,11->23->29,mixed,1362954886157,17,multi_prime_family,47*647*44820773
10000000000000000,9999999999731369,29,9999999999731371,1,7->7->17,mixed,4342162396757,17,multi_prime_family,997*64609*67409
10000000000000000,9999999999726977,17,9999999999726979,19,11->17->13,mixed,732547066129,19,multi_prime_family,461*859*967*1913
10000000000000000,9999999999726839,29,9999999999726841,1,13->29->19,mixed,119612932547,17,multi_prime_family,257*5827*79873
10000000000000000,9999999999726791,11,9999999999726793,13,7->13->19,mixed,14464056097,7,multi_prime_family,523*977*28307
10000000000000000,9999999999724607,17,9999999999724609,19,7->7->13,mixed,1981375074247,7,multi_prime_family,179*433*25563821
10000000000000000,9999999999716879,29,9999999999716881,1,7->11->17,mixed,7639419403909,19,multi_prime_family,53*593*243069121
10000000000000000,9999999999715787,17,9999999999715789,19,7->7->1,mixed,3345600535201,1,multi_prime_family,311*40543*265337
10000000000000000,9999999999715199,29,9999999999715201,1,7->7->7,repeated_7,29154518949607,7,multi_prime_family,37*103703*7598237
10000000000000000,9999999999708101,11,9999999999708103,13,7->11->23,mixed,5646527385493,13,multi_prime_family,61*21377*4330169
10000000000000000,9999999999707441,11,9999999999707443,13,11->1->1,mixed,945984296633,23,multi_prime_family,997*1481*640669
10000000000000000,9999999999702191,11,9999999999702193,13,13->17->17,mixed,2661698163349,19,multi_prime_family,17*32309*4846033
10000000000000000,9999999999695441,11,9999999999695443,13,7->13->13,mixed,86100755101,1,multi_prime_family,569*5749*26321
10000000000000000,9999999999692561,11,9999999999692563,13,7->7->7,repeated_7,29154518949541,1,multi_prime_family,31*227*1187*1789*1951
10000000000000000,9999999999686057,17,9999999999686059,19,11->11->19,mixed,4349717268241,1,multi_prime_family,29*10069*14896241
10000000000000000,9999999999678797,17,9999999999678799,19,11->11->1,mixed,2665955745049,19,multi_prime_family,73*1693*21571141
10000000000000000,9999999999675821,11,9999999999675823,13,1->13->23,mixed,7173400457,17,multi_prime_family,449*2113*7561
10000000000000000,9999999999673031,11,9999999999673033,13,7->1->29,mixed,781066937411,11,multi_prime_family,419*27059*68891
10000000000000000,9999999999667247,17,9999999999667249,19,11->13->19,mixed,3680529996197,17,multi_prime_family,19*37*55213*94823
10000000000000000,9999999999661697,17,9999999999661699,19,17->29->7,mixed,548215558339,19,multi_prime_family,41*97*137846507
10000000000000000,9999999999661319,29,9999999999661321,1,13->19->23,mixed,1760253476441,11,multi_prime_family,151*521*22374871
10000000000000000,9999999999657809,29,9999999999657811,1,11->13->29,mixed,1185255422503,13,multi_prime_family,101*269*43625287
10000000000000000,9999999999653039,29,9999999999653041,1,7->23->7,mixed,1678697330813,23,multi_prime_family,127*907*14573417
10000000000000000,9999999999632879,29,9999999999632881,1,7->7->7,repeated_7,29154518949367,7,multi_prime_family,7*353*11798672177
10000000000000000,9999999999630947,17,9999999999630949,19,7->11->11,mixed,3167564143057,7,multi_prime_family,113*86257*324977
10000000000000000,9999999999630269,29,9999999999630271,1,23->7->23,mixed,39666326857,7,multi_prime_family,397*1399*71419
10000000000000000,9999999999626201,11,9999999999626203,13,7->17->29,mixed,2897710808353,13,multi_prime_family,29*113*4657*189877
10000000000000000,9999999999625799,29,9999999999625801,1,11->11->13,mixed,1132118193097,7,multi_prime_family,179*379*883*18899
10000000000000000,9999999999625529,29,9999999999625531,1,7->7->11,mixed,2874389192189,29,multi_prime_family,269*7883*1355507
10000000000000000,9999999999624059,29,9999999999624061,1,7->7->17,mixed,12004801920317,17,multi_prime_family,23^2*41^2*13499933
10000000000000000,9999999999620531,11,9999999999620533,13,7->7->7,repeated_7,29154518949331,1,multi_prime_family,503*5387*10759471
10000000000000000,9999999999617297,17,9999999999617299,19,7->7->23,mixed,8873114462837,17,multi_prime_family,37*107*2241251443
10000000000000000,9999999999617087,17,9999999999617089,19,7->11->11,mixed,11806375442287,7,multi_prime_family,19*2543*244352411
10000000000000000,9999999999614189,29,9999999999614191,1,7->7->19,mixed,488734665931,1,multi_prime_family,643*1459*520963
10000000000000000,9999999999611081,11,9999999999611083,13,7->11->7,mixed,3510003509867,17,multi_prime_family,59*109*2777*196541
10000000000000000,9999999999608747,17,9999999999608749,19,13->13->13,repeated_13,4551661356217,7,multi_prime_family,439*19853*522251
10000000000000000,9999999999601979,29,9999999999601981,1,23->1->7,mixed,379060687601,11,multi_prime_family,67*4457*1269379
10000000000000000,9999999999601169,29,9999999999601171,1,7->29->7,mixed,249619330511,11,multi_prime_family,317*6491*121313
10000000000000000,9999999999600389,29,9999999999600391,1,11->11->13,mixed,802375030057,7,multi_prime_family,449*2699*662107
10000000000000000,9999999999599741,11,9999999999599743,13,7->23->1,mixed,81572056673,23,multi_prime_family,461*6163*28711
100000000000000000,99999999999999251,11,99999999999999253,13,7->7->7,repeated_7,291545189504371,1,multi_prime_family,11*317*146647*570139
100000000000000000,99999999999995717,17,99999999999995719,19,13->7->23,mixed,790495087073,23,multi_prime_family,1753*8597*52453
100000000000000000,99999999999995387,17,99999999999995389,19,7->17->7,mixed,4536587578823,23,multi_prime_family,131*5503*6293011
100000000000000000,99999999999994547,17,99999999999994549,19,7->7->13,mixed,156985871271577,7,multi_prime_family,359*5261*83118523
100000000000000000,99999999999994139,29,99999999999994141,1,23->23->29,mixed,61455978161,11,multi_prime_family,337*7823*23311
100000000000000000,99999999999992849,29,99999999999992851,1,11->29->17,mixed,6669779230307,17,multi_prime_family,281*99317*238991
100000000000000000,99999999999984797,17,99999999999984799,19,11->13->13,mixed,53792361484661,11,multi_prime_family,109*4561*108201689
100000000000000000,99999999999981509,29,99999999999981511,1,17->19->7,mixed,8367500627561,11,multi_prime_family,277*2617*11542829
100000000000000000,99999999999979847,17,99999999999979849,19,7->7->11,mixed,185528756957291,11,multi_prime_family,11*277*21503*2831651
100000000000000000,99999999999977747,17,99999999999977749,19,7->19->29,mixed,12743723716067,17,multi_prime_family,97*787*166935953
100000000000000000,99999999999973709,29,99999999999973711,1,11->29->1,mixed,5139010226629,19,multi_prime_family,61*83*149*6812167
100000000000000000,99999999999973301,11,99999999999973303,13,19->23->1,mixed,1084516359929,29,multi_prime_family,229*503*9415267
100000000000000000,99999999999972497,17,99999999999972499,19,7->7->7,repeated_7,291545189504293,13,multi_prime_family,631*821*562773143
100000000000000000,99999999999970229,29,99999999999970231,1,7->29->23,mixed,9294544102609,19,multi_prime_family,53*22573*7768961
100000000000000000,99999999999965147,17,99999999999965149,19,7->7->1,mixed,65832784726771,1,multi_prime_family,1423*9491*4874447
100000000000000000,99999999999962837,17,99999999999962839,19,7->13->7,mixed,2615952075757,7,multi_prime_family,937*16573*168457
100000000000000000,99999999999960149,29,99999999999960151,1,7->7->7,repeated_7,291545189504257,7,multi_prime_family,13*829319*27042131
100000000000000000,99999999999959519,29,99999999999959521,1,7->11->11,mixed,118063754427343,13,multi_prime_family,151*193*271*14949031
100000000000000000,99999999999957209,29,99999999999957211,1,7->7->11,mixed,185528756957249,29,multi_prime_family,463*31253*12821491
100000000000000000,99999999999944117,17,99999999999944119,19,19->29->1,mixed,590768649089,29,multi_prime_family,1321*5443*82163
100000000000000000,99999999999939569,29,99999999999939571,1,7->7->7,repeated_7,291545189504197,7,multi_prime_family,71*6761*607346587
100000000000000000,99999999999932447,17,99999999999932449,19,17->17->7,mixed,9351912466093,13,multi_prime_family,137*163*418786103
100000000000000000,99999999999930887,17,99999999999930889,19,1->29->17,mixed,110296996723,13,multi_prime_family,313*1553*226907
100000000000000000,99999999999929069,29,99999999999929071,1,7->19->19,mixed,39572615749873,13,multi_prime_family,2053*4733*4072577
100000000000000000,99999999999925001,11,99999999999925003,13,11->17->23,mixed,23250406882103,23,multi_prime_family,59*277*2531*562091
100000000000000000,99999999999918461,11,99999999999918463,13,1->7->13,mixed,2027533910503,13,multi_prime_family,659*16339*188303
100000000000000000,99999999999917411,11,99999999999917413,13,11->11->23,mixed,35932446999611,11,multi_prime_family,251*1039*137783599
100000000000000000,99999999999915299,29,99999999999915301,1,11->13->1,mixed,22558087074197,17,multi_prime_family,47*2939*163307009
100000000000000000,99999999999913271,11,99999999999913273,13,13->17->23,mixed,19673421207931,1,multi_prime_family,1151*51059*334759
100000000000000000,99999999999913067,17,99999999999913069,19,7->17->1,mixed,27107617240421,11,multi_prime_family,103*3581*73493647
100000000000000000,99999999999903701,11,99999999999903703,13,7->7->13,mixed,27956388034639,19,multi_prime_family,109*179*1432852649
100000000000000000,99999999999903677,17,99999999999903679,19,13->13->13,repeated_13,45516613563907,7,multi_prime_family,137*102433*3243467
100000000000000000,99999999999902507,17,99999999999902509,19,13->19->23,mixed,17602534764989,29,multi_prime_family,71*388991*637349
100000000000000000,99999999999902441,11,99999999999902443,13,7->11->1,mixed,2307497057939,29,multi_prime_family,191*18793*642853
100000000000000000,99999999999900479,29,99999999999900481,1,13->7->29,mixed,1161453675419,29,multi_prime_family,229*28307*179173
100000000000000000,99999999999899777,17,99999999999899779,19,13->1->19,mixed,1156911970567,7,multi_prime_family,293*347*11378977
100000000000000000,99999999999893537,17,99999999999893539,19,7->13->13,mixed,84530853761533,13,multi_prime_family,23*31*11311*10481531
100000000000000000,99999999999892991,11,99999999999892993,13,7->11->13,mixed,99900099899993,23,multi_prime_family,137*631*1949*592931
100000000000000000,99999999999886061,11,99999999999886063,13,7->7->7,repeated_7,291545189504041,1,multi_prime_family,11*59*83*389*13913407
100000000000000000,99999999999885347,17,99999999999885349,19,7->13->11,mixed,8388558006869,29,multi_prime_family,569*1249*11803549
100000000000000000,99999999999882497,17,99999999999882499,19,11->23->7,mixed,10682619378259,19,multi_prime_family,1289*16091*515041
100000000000000000,99999999999879599,29,99999999999879601,1,23->23->23,repeated_23,3566715411773,23,multi_prime_family,653*1759*3105199
100000000000000000,99999999999878357,17,99999999999878359,19,23->29->17,mixed,3189894414491,11,multi_prime_family,1129*29209*96731
100000000000000000,99999999999876149,29,99999999999876151,1,7->23->13,mixed,14444604940037,17,multi_prime_family,59*1741*140622523
100000000000000000,99999999999874889,29,99999999999874891,1,7->7->11,mixed,49776007964099,29,multi_prime_family,61*40771*20014229
100000000000000000,99999999999872537,17,99999999999872539,19,7->7->13,mixed,47460844802977,7,multi_prime_family,619*205759*372637
100000000000000000,99999999999867167,17,99999999999867169,19,17->19->7,mixed,3191727043499,29,multi_prime_family,911*1319*2656211
100000000000000000,99999999999864011,11,99999999999864013,13,7->7->19,mixed,10255358424763,13,multi_prime_family,1637*15193*412343
100000000000000000,99999999999863291,11,99999999999863293,13,11->17->19,mixed,28145229383581,1,multi_prime_family,1291*35267*618173
100000000000000000,99999999999863129,29,99999999999863131,1,7->7->17,mixed,43421623968677,17,multi_prime_family,67*457*1418126783
100000000000000000,99999999999862961,11,99999999999862963,13,7->11->11,mixed,118063754427229,19,multi_prime_family,13*37*245454790909
100000000000000000,99999999999860057,17,99999999999860059,19,11->11->1,mixed,26659557451309,19,multi_prime_family,227*2333*50339899
100000000000000000,99999999999855701,11,99999999999855703,13,11->11->11,repeated_11,20157226365623,23,multi_prime_family,149*3413*4513*8783
100000000000000000,99999999999854621,11,99999999999854623,13,17->23->7,mixed,758915358169,19,multi_prime_family,569*4177*319313
100000000000000000,99999999999849641,11,99999999999849643,13,1->7->19,mixed,380715974461,1,multi_prime_family,251*16333*92867
100000000000000000,99999999999847289,29,99999999999847291,1,7->29->17,mixed,1427664841,1,multi_prime_family,743*1181*1627
100000000000000000,99999999999846959,29,99999999999846961,1,7->7->7,repeated_7,291545189503927,7,multi_prime_family,137*357703*5949257
100000000000000000,99999999999845447,17,99999999999845449,19,7->13->13,mixed,4551039912613,13,multi_prime_family,89*5653*9045689
100000000000000000,99999999999840851,11,99999999999840853,13,11->17->17,mixed,11377858686977,17,multi_prime_family,61*113*1650639589
100000000000000000,99999999999835037,17,99999999999835039,19,13->17->11,mixed,11036309458099,19,multi_prime_family,577*1427*13403681
100000000000000000,99999999999828407,17,99999999999828409,19,13->17->17,mixed,26616981634237,7,multi_prime_family,19*61*173*132748391
100000000000000000,99999999999825539,29,99999999999825541,1,7->11->23,mixed,24503798088661,1,multi_prime_family,907*53117*508619
100000000000000000,99999999999823229,29,99999999999823231,1,7->11->1,mixed,41893590280613,23,multi_prime_family,41*79*15991*808837
100000000000000000,99999999999821567,17,99999999999821569,19,19->11->19,mixed,533302046279,29,multi_prime_family,3259*4243*38567
100000000000000000,99999999999821381,11,99999999999821383,13,7->7->11,mixed,185528756956997,17,multi_prime_family,211*2237*393063571
100000000000000000,99999999999818441,11,99999999999818443,13,7->7->19,mixed,2375804803873,13,multi_prime_family,1789*3391*391627
100000000000000000,99999999999816551,11,99999999999816553,13,7->13->19,mixed,57836899942057,7,multi_prime_family,43*131837*10202327
100000000000000000,99999999999810761,11,99999999999810763,13,17->23->11,mixed,178021152473,23,multi_prime_family,233*281*2719001
100000000000000000,99999999999805379,29,99999999999805381,1,7->19->11,mixed,10589854918967,17,multi_prime_family,439*28151*856903
100000000000000000,99999999999803447,17,99999999999803449,19,7->7->13,mixed,156985871271277,7,multi_prime_family,2161*123341*588977
100000000000000000,99999999999800249,29,99999999999800251,1,13->13->19,mixed,31142946122641,1,multi_prime_family,23^2*4127*14264927
100000000000000000,99999999999798317,17,99999999999798319,19,17->23->29,mixed,8819119851821,11,multi_prime_family,479*2389*2633*2927
100000000000000000,99999999999795677,17,99999999999795679,19,7->11->17,mixed,1004126961811,1,multi_prime_family,2221*4423*102217
100000000000000000,99999999999788159,29,99999999999788161,1,7->7->13,mixed,156985871271253,13,multi_prime_family,313*149689*3350629
100000000000000000,99999999999787691,11,99999999999787693,13,13->23->23,mixed,873232795129,19,multi_prime_family,4241*7873*26153
100000000000000000,99999999999784571,11,99999999999784573,13,13->29->29,mixed,2980359431341,1,multi_prime_family,701*5081*836761
100000000000000000,99999999999780431,11,99999999999780433,13,7->13->19,mixed,1669476952867,7,multi_prime_family,1249*11273*118571
100000000000000000,99999999999779549,29,99999999999779551,1,7->17->23,mixed,36536353671823,13,multi_prime_family,449*3221*25263187
100000000000000000,99999999999779339,29,99999999999779341,1,7->7->11,mixed,185528756956919,29,multi_prime_family,331*401*1397780149
100000000000000000,99999999999778457,17,99999999999778459,19,7->7->11,mixed,49776007964051,11,multi_prime_family,947*1453*4967*7283
100000000000000000,99999999999778121,11,99999999999778123,13,7->17->17,mixed,49431537320701,1,multi_prime_family,17*97*1297*23112317
100000000000000000,99999999999774857,17,99999999999774859,19,17->23->23,mixed,11119759813163,23,multi_prime_family,223^2*347*644401
100000000000000000,99999999999774029,29,99999999999774031,1,19->23->11,mixed,5581291510843,13,multi_prime_family,139*389*1039*99347
100000000000000000,99999999999772409,29,99999999999772411,1,7->11->17,mixed,76394194041079,19,multi_prime_family,61*751*26717*62417
100000000000000000,99999999999765059,29,99999999999765061,1,7->23->7,mixed,16786973308673,23,multi_prime_family,503*42793*779887
100000000000000000,99999999999763631,11,99999999999763633,13,7->11->11,mixed,18291567587299,19,multi_prime_family,337*44851*1210177
100000000000000000,99999999999760781,11,99999999999760783,13,13->17->17,mixed,26616981634219,19,multi_prime_family,23*346397*3340849
100000000000000000,99999999999758129,29,99999999999758131,1,7->13->17,mixed,64641241111673,23,multi_prime_family,31*743*1049*2675369
100000000000000000,99999999999749771,11,99999999999749773,13,7->11->29,mixed,44782803403381,1,multi_prime_family,59*6971*108884029
100000000000000000,99999999999749357,17,99999999999749359,19,17->19->29,mixed,52960295137,7,multi_prime_family,2293*4217*5477
100000000000000000,99999999999744059,29,99999999999744061,1,7->7->7,repeated_7,291545189503627,7,multi_prime_family,1201*59221*4099087
100000000000000000,99999999999742859,29,99999999999742861,1,7->23->19,mixed,49080260459,29,multi_prime_family,1069*5119*8969
100000000000000000,99999999999738221,11,99999999999738223,13,7->11->29,mixed,3617552364061,1,multi_prime_family,1193*38677*78401
100000000000000000,99999999999733871,11,99999999999733873,13,13->23->23,mixed,1435399830619,19,multi_prime_family,277*829*6250843
100000000000000000,99999999999731717,17,99999999999731719,19,1->11->17,mixed,1674004385887,7,multi_prime_family,59*569*49864597
100000000000000000,99999999999729569,29,99999999999729571,1,7->17->17,mixed,49431537320677,7,multi_prime_family,19*89*29232133247
100000000000000000,99999999999729377,17,99999999999729379,19,11->11->13,mixed,11321181931363,13,multi_prime_family,79*38953*3678949
100000000000000000,99999999999724211,11,99999999999724213,13,19->23->7,mixed,6184674376877,17,multi_prime_family,83*107*696393917
100000000000000000,99999999999721001,11,99999999999721003,13,7->13->17,mixed,64641241111649,29,multi_prime_family,47*107*12853696781
100000000000000000,99999999999718397,17,99999999999718399,19,7->19->13,mixed,7299802905301,1,multi_prime_family,103*2251*31484617
100000000000000000,99999999999717101,11,99999999999717103,13,11->13->13,mixed,53792361484517,17,multi_prime_family,53*128813*7879253
100000000000000000,99999999999713777,17,99999999999713779,19,7->7->7,repeated_7,55157198014183,13,multi_prime_family,661*4091*20397233
100000000000000000,99999999999712811,11,99999999999712813,13,7->11->13,mixed,99900099899813,23,multi_prime_family,19*10223*514320649
100000000000000000,99999999999712577,17,99999999999712579,19,13->13->13,repeated_13,4160252943367,7,multi_prime_family,839*10589*468277
100000000000000000,99999999999711089,29,99999999999711091,1,7->17->11,mixed,288909626179,19,multi_prime_family,1483*2693*72341
100000000000000000,99999999999708707,17,99999999999708709,19,19->29->13,mixed,4220655889913,23,multi_prime_family,59*211*233*1455089
100000000000000000,99999999999708359,29,99999999999708361,1,7->29->1,mixed,8075587498967,17,multi_prime_family,67*2677*45024713
100000000000000000,99999999999706721,11,99999999999706723,13,7->7->17,mixed,120048019207331,11,multi_prime_family,547*323087*679279
100000000000000000,99999999999705857,17,99999999999705859,19,19->23->1,mixed,691338223397,17,multi_prime_family,5527*5737*21803
100000000000000000,99999999999703967,17,99999999999703969,19,11->11->17,mixed,48614487117017,17,multi_prime_family,61*1867*9349*45659
100000000000000000,99999999999689687,17,99999999999689689,19,17->17->17,repeated_17,20354162426153,23,multi_prime_family,199*1399*73110953
100000000000000000,99999999999685469,29,99999999999685471,1,7->11->17,mixed,7413447994639,19,multi_prime_family,127*1123*51980059
100000000000000000,99999999999677909,29,99999999999677911,1,7->7->29,mixed,70372976776691,11,multi_prime_family,59*359*3322457711
100000000000000000,99999999999677237,17,99999999999677239,19,7->11->19,mixed,16439256945533,23,multi_prime_family,89*373*495203089
100000000000000000,99999999999667961,11,99999999999667963,13,13->17->23,mixed,4004324670631,1,multi_prime_family,149*17977*1494947
100000000000000000,99999999999667619,29,99999999999667621,1,7->7->13,mixed,27956388034573,13,multi_prime_family,773*15263*2369527
100000000000000000,99999999999667337,17,99999999999667339,19,11->13->7,mixed,1278429066359,29,multi_prime_family,557*10343*221909
100000000000000000,99999999999665159,29,99999999999665161,1,11->19->7,mixed,12931591878917,17,multi_prime_family,617*90239*232259
100000000000000000,99999999999664991,11,99999999999664993,13,13->19->1,mixed,69433981129,19,multi_prime_family,197*10477*33641
100000000000000000,99999999999654899,29,99999999999654901,1,19->1->29,mixed,2877615032651,11,multi_prime_family,607*25373*186841
100000000000000000,99999999999654389,29,99999999999654391,1,7->7->13,mixed,156985871271043,13,multi_prime_family,2011*9857*7919609
100000000000000000,99999999999651431,11,99999999999651433,13,11->13->19,mixed,1520981945939,29,multi_prime_family,809*3191*589181
100000000000000000,99999999999651071,11,99999999999651073,13,7->23->23,mixed,27005130974791,1,multi_prime_family,89*283*15607*68699
100000000000000000,99999999999648761,11,99999999999648763,13,7->1->11,mixed,3517782389969,29,multi_prime_family,151*37589*619771
100000000000000000,99999999999646157,17,99999999999646159,19,7->7->1,mixed,65832784726561,1,multi_prime_family,73*11701*77071957
100000000000000000,99999999999644279,29,99999999999644281,1,23->29->13,mixed,113001883741,1,multi_prime_family,2711*4099*10169
100000000000000000,99999999999633809,29,99999999999633811,1,7->7->11,mixed,185528756956649,29,multi_prime_family,19*41*12157*19590583
100000000000000000,99999999999628811,11,99999999999628813,13,7->7->7,repeated_7,291545189503291,1,multi_prime_family,467*208799*2989927
100000000000000000,99999999999626921,11,99999999999626923,13,7->23->11,mixed,15149219815123,13,multi_prime_family,43*3821*4793*19237
100000000000000000,99999999999624107,17,99999999999624109,19,7->7->11,mixed,185528756956631,11,multi_prime_family,11*1380763*12215167
100000000000000000,99999999999623891,11,99999999999623893,13,13->19->7,mixed,4173796903027,7,multi_prime_family,113*557*66312847
100000000000000000,99999999999623309,29,99999999999623311,1,7->13->7,mixed,3425009418763,13,multi_prime_family,263*8231*1582171
100000000000000000,99999999999622091,11,99999999999622093,13,7->23->7,mixed,16786973308649,29,multi_prime_family,337*2333*21351469
100000000000000000,99999999999622049,29,99999999999622051,1,7->7->19,mixed,4089812277601,1,multi_prime_family,593*3049*2261993
100000000000000000,99999999999615659,29,99999999999615661,1,11->23->19,mixed,861942646333,13,multi_prime_family,977*7741*113969
100000000000000000,99999999999602561,11,99999999999602563,13,7->17->19,mixed,692372136173,23,multi_prime_family,599*12143*95189
100000000000000000,99999999999599621,11,99999999999599623,13,7->11->17,mixed,76394194040947,7,multi_prime_family,71*577*1864773941
100000000000000000,99999999999595187,17,99999999999595189,19,13->11->13,mixed,4363192111331,11,multi_prime_family,467*92861*100613
100000000000000000,99999999999594341,11,99999999999594343,13,11->11->11,repeated_11,75131480089853,23,multi_prime_family,11*37*863*1097*194989
100000000000000000,99999999999593867,17,99999999999593869,19,7->29->11,mixed,4877335024123,13,multi_prime_family,269*911*3739*5323
100000000000000000,99999999999592691,11,99999999999592693,13,7->11->13,mixed,99900099899693,23,multi_prime_family,47*697733*3046343
100000000000000000,99999999999590849,29,99999999999590851,1,17->17->19,mixed,449961978211,1,multi_prime_family,1259*1283*278563
100000000000000000,99999999999587651,11,99999999999587653,13,7->7->7,repeated_7,291545189503171,1,multi_prime_family,79*363773*10144913
100000000000000000,99999999999587381,11,99999999999587383,13,17->17->1,mixed,11161960040137,7,multi_prime_family,103*443*244624253
100000000000000000,99999999999585797,17,99999999999585799,19,23->29->17,mixed,123297112751,11,multi_prime_family,269*853*537343
100000000000000000,99999999999585341,11,99999999999585343,13,7->17->29,mixed,28977108084493,13,multi_prime_family,151*523*1277*287333
100000000000000000,99999999999576191,11,99999999999576193,13,11->11->11,repeated_11,11640088464623,23,multi_prime_family,1733*12301*546031
100000000000000000,99999999999574127,17,99999999999574129,19,7->7->13,mixed,156985871270917,7,multi_prime_family,13^2*34649*26809157
1000000000000000000,999999999999999989,29,999999999999999991,1,23->11->7,mixed,1994690134861,1,multi_prime_family,2251*6257*141623
1000000000000000000,999999999999998021,11,999999999999998023,13,13->19->29,mixed,139606310205221,11,multi_prime_family,47*1113157*2668399
1000000000000000000,999999999999996791,11,999999999999996793,13,7->7->29,mixed,345901072293323,23,multi_prime_family,281*1061*3571*324893
1000000000000000000,999999999999996119,29,999999999999996121,1,7->19->29,mixed,3369192775103,23,multi_prime_family,11789*16759*17053
1000000000000000000,999999999999991079,29,999999999999991081,1,7->13->23,mixed,63520294734167,17,multi_prime_family,191*417793*796009
1000000000000000000,999999999999989441,11,999999999999989443,13,7->7->7,repeated_7,2915451895043701,1,multi_prime_family,13^2*6701*2574420929
1000000000000000000,999999999999984449,29,999999999999984451,1,13->29->19,mixed,33576201188597,17,multi_prime_family,389*1663*4007*12953
1000000000000000000,999999999999984149,29,999999999999984151,1,7->7->1,mixed,658327847267929,19,multi_prime_family,131*163*30830695793
1000000000000000000,999999999999983267,17,999999999999983269,19,7->7->7,repeated_7,2915451895043683,13,multi_prime_family,43*2528717*26812493
1000000000000000000,999999999999981719,29,999999999999981721,1,13->19->7,mixed,109421162052739,19,multi_prime_family,43*683*1601*2327131
1000000000000000000,999999999999976721,11,999999999999976723,13,11->11->17,mixed,49487801256989,29,multi_prime_family,359*547*252009193
1000000000000000000,999999999999974717,17,999999999999974719,19,7->11->17,mixed,359922098461,1,multi_prime_family,181*33083*60107
1000000000000000000,999999999999962201,11,999999999999962203,13,11->11->1,mixed,266595574513453,13,multi_prime_family,4567*101537*574907
1000000000000000000,999999999999958571,11,999999999999958573,13,7->7->7,repeated_7,2915451895043611,1,multi_prime_family,7*11^2*17*21617*9366517
1000000000000000000,999999999999953621,11,999999999999953623,13,11->23->1,mixed,3061633749001,1,multi_prime_family,2281*6829*196549
1000000000000000000,999999999999946139,29,999999999999946141,1,7->13->17,mixed,3997010236343,23,multi_prime_family,467*7907*1082447
1000000000000000000,999999999999945341,11,999999999999945343,13,7->7->23,mixed,887311446317609,29,multi_prime_family,43*175003*117913121
1000000000000000000,999999999999944051,11,999999999999944053,13,11->11->13,mixed,192196809532951,1,multi_prime_family,163*86753*13591709
1000000000000000000,999999999999941537,17,999999999999941539,19,17->7->23,mixed,19154519508877,7,multi_prime_family,283*41479*1631761
1000000000000000000,999999999999935639,29,999999999999935641,1,7->7->17,mixed,190730497806587,17,multi_prime_family,167*20807*54890123
1000000000000000000,999999999999935009,29,999999999999935011,1,7->11->17,mixed,763941940412479,19,multi_prime_family,45341*50263*335213
1000000000000000000,999999999999925949,29,999999999999925951,1,13->7->13,mixed,15727474324897,7,multi_prime_family,127*443*1087*257171
1000000000000000000,999999999999925469,29,999999999999925471,1,23->13->19,mixed,1340390938421,11,multi_prime_family,397*30829*109517
1000000000000000000,999999999999923921,11,999999999999923923,13,7->11->13,mixed,999000999000923,23,multi_prime_family,19*401*131119700617
1000000000000000000,999999999999921467,17,999999999999921469,19,23->1->11,mixed,34207915711693,13,multi_prime_family,179*3301*4679*12373
1000000000000000000,999999999999916067,17,999999999999916069,19,7->11->29,mixed,447828034034893,13,multi_prime_family,71*283*9391*2373311
1000000000000000000,999999999999915479,29,999999999999915481,1,7->1->13,mixed,4242483380071,1,multi_prime_family,3089*31151*44089
1000000000000000000,999999999999913631,11,999999999999913633,13,7->29->19,mixed,2899416347489,29,multi_prime_family,6959*15583*26737
1000000000000000000,999999999999911237,17,999999999999911239,19,7->7->7,repeated_7,2915451895043473,13,multi_prime_family,31*545939*172266197
1000000000000000000,999999999999909959,29,999999999999909961,1,13->17->23,mixed,6362011158967,7,multi_prime_family,139*36293*1261121
1000000000000000000,999999999999905357,17,999999999999905359,19,7->7->13,mixed,1569858712715707,7,multi_prime_family,179*977*8053*1114693
1000000000000000000,999999999999902009,29,999999999999902011,1,11->23->11,mixed,55669988309297,17,multi_prime_family,863*238291*270709
1000000000000000000,999999999999901577,17,999999999999901579,19,7->19->7,mixed,203210729526499,19,multi_prime_family,47*1447*25469*117319
1000000000000000000,999999999999898697,17,999999999999898699,19,17->23->1,mixed,41926963230049,19,multi_prime_family,173*181*7907*169339
1000000000000000000,999999999999893597,17,999999999999893599,19,7->7->17,mixed,1200480192076703,23,multi_prime_family,19*97*1451*3191*140681
1000000000000000000,999999999999887759,29,999999999999887761,1,7->17->29,mixed,51517180979851,1,multi_prime_family,67*156059*4927067
1000000000000000000,999999999999887027,17,999999999999887029,19,11->13->13,mixed,537923614846631,11,multi_prime_family,13*41*593*1701918299
1000000000000000000,999999999999883877,17,999999999999883879,19,29->29->1,mixed,356083381909,19,multi_prime_family,1811*3001*65519
1000000000000000000,999999999999881051,11,999999999999881053,13,17->1->23,mixed,2251790736583,13,multi_prime_family,523*983*4379987
1000000000000000000,999999999999879317,17,999999999999879319,19,7->17->7,mixed,125423303649803,23,multi_prime_family,449*6661*41936527
1000000000000000000,999999999999878777,17,999999999999878779,19,11->19->19,mixed,251825736590249,29,multi_prime_family,43*103*56858373581
1000000000000000000,999999999999876269,29,999999999999876271,1,11->19->1,mixed,154344806297249,29,multi_prime_family,37^2*3449*32688529
1000000000000000000,999999999999874109,29,999999999999874111,1,7->11->7,mixed,3936868378679,29,multi_prime_family,773*14867*342569
1000000000000000000,999999999999873809,29,999999999999873811,1,17->1->23,mixed,11618315111941,1,multi_prime_family,97*2357*3733*13613
1000000000000000000,999999999999872891,11,999999999999872893,13,7->17->23,mixed,365363536718989,19,multi_prime_family,59*307*20171343053
1000000000000000000,999999999999868061,11,999999999999868063,13,7->19->23,mixed,326904217064357,17,multi_prime_family,67*18059*270179269
1000000000000000000,999999999999860087,17,999999999999860089,19,1->19->23,mixed,1010053058087,17,multi_prime_family,709*19483*73121
1000000000000000000,999999999999848741,11,999999999999848743,13,7->23->1,mixed,200360649168473,23,multi_prime_family,37*181*257*116412337
1000000000000000000,999999999999846641,11,999999999999846643,13,7->29->13,mixed,47826294896927,17,multi_prime_family,673*6287*11303377
1000000000000000000,999999999999844127,17,999999999999844129,19,11->13->17,mixed,411353352529759,19,multi_prime_family,97*1997*2123563451
1000000000000000000,999999999999843137,17,999999999999843139,19,11->11->7,mixed,123350191192777,7,multi_prime_family,691*829*215331343
1000000000000000000,999999999999841319,29,999999999999841321,1,13->17->7,mixed,720058007873,23,multi_prime_family,521*3691*374443
1000000000000000000,999999999999839207,17,999999999999839209,19,7->7->7,repeated_7,2915451895043263,13,multi_prime_family,53*101*277*641*3067403
1000000000000000000,999999999999828617,17,999999999999828619,19,11->11->11,repeated_11,751314800901449,29,multi_prime_family,19*1229*6701*4801499
1000000000000000000,999999999999826607,17,999999999999826609,19,7->1->11,mixed,64905562406687,17,multi_prime_family,79*20287*40498319
1000000000000000000,999999999999823289,29,999999999999823291,1,7->19->17,mixed,16900170691721,11,multi_prime_family,977*51361*336793
1000000000000000000,999999999999822281,11,999999999999822283,13,7->11->29,mixed,447828034034851,1,multi_prime_family,211*911*3391*687041
1000000000000000000,999999999999813551,11,999999999999813553,13,13->23->23,mixed,40294959100609,19,multi_prime_family,197*26993*7577629
1000000000000000000,999999999999811919,29,999999999999811921,1,11->11->29,mixed,46170183295619,29,multi_prime_family,251*367*501212407
1000000000000000000,999999999999807299,29,999999999999807301,1,11->19->19,mixed,251825736590231,11,multi_prime_family,131*44647*43056283
1000000000000000000,999999999999804347,17,999999999999804349,19,7->13->17,mixed,646412411118167,17,multi_prime_family,2161*2287*130794281
1000000000000000000,999999999999803339,29,999999999999803341,1,7->7->11,mixed,1855287569572919,29,multi_prime_family,23*67*239*1289*3908029
1000000000000000000,999999999999802481,11,999999999999802483,13,11->11->17,mixed,60324546057779,29,multi_prime_family,257*347*676443401
1000000000000000000,999999999999800567,17,999999999999800569,19,7->11->1,mixed,418935902806787,17,multi_prime_family,37*550189*20579459
1000000000000000000,999999999999798521,11,999999999999798523,13,11->19->1,mixed,154344806297237,17,multi_prime_family,1117*2441*56607121
1000000000000000000,999999999999795947,17,999999999999795949,19,7->11->11,mixed,1180637544273667,7,multi_prime_family,157*1697*3413*1298371
1000000000000000000,999999999999793049,29,999999999999793051,1,7->7->19,mixed,1074113856068521,1,multi_prime_family,29*443*83608146343
1000000000000000000,999999999999792317,17,999999999999792319,19,11->11->11,repeated_11,201572263656479,29,multi_prime_family,331*761*24859*32191
1000000000000000000,999999999999791831,11,999999999999791833,13,7->29->13,mixed,114560659869377,17,multi_prime_family,107*971*1102636841
1000000000000000000,999999999999790991,11,999999999999790993,13,7->7->11,mixed,47350726833647,17,multi_prime_family,2399*15733*1254541
1000000000000000000,999999999999790697,17,999999999999790699,19,7->7->13,mixed,1569858712715527,7,multi_prime_family,13*139*379*16417*139627
1000000000000000000,999999999999789059,29,999999999999789061,1,7->13->19,mixed,578368999421509,19,multi_prime_family,47*661*71647*259841
1000000000000000000,999999999999786641,11,999999999999786643,13,11->13->13,mixed,537923614846577,17,multi_prime_family,23*8641*2706629239
1000000000000000000,999999999999778061,11,999999999999778063,13,11->13->1,mixed,225580870742111,11,multi_prime_family,47*353*431*31546591
1000000000000000000,999999999999776807,17,999999999999776809,19,11->17->7,mixed,79814829595321,1,multi_prime_family,67*103*563*20542967
1000000000000000000,999999999999764669,29,999999999999764671,1,17->1->11,mixed,18787457493373,13,multi_prime_family,137*977*1289*108893
1000000000000000000,999999999999763241,11,999999999999763243,13,13->17->19,mixed,4355040305897,17,multi_prime_family,4013*19891*54559
1000000000000000000,999999999999762221,11,999999999999762223,13,7->11->17,mixed,763941940412347,7,multi_prime_family,251*3719*11239*72817
1000000000000000000,999999999999760247,17,999999999999760249,19,7->19->1,mixed,8570228739403,13,multi_prime_family,271*9349*3382657
1000000000000000000,999999999999759071,11,999999999999759073,13,7->23->13,mixed,36923531366531,11,multi_prime_family,127*367*21799*36341
1000000000000000000,999999999999749519,29,999999999999749521,1,23->13->13,mixed,23514473158223,23,multi_prime_family,101*809*287783147
1000000000000000000,999999999999735719,29,999999999999735721,1,7->7->23,mixed,887311446317423,23,multi_prime_family,1201*208699*3540077
1000000000000000000,999999999999729887,17,999999999999729889,19,17->29->1,mixed,65432179545883,13,multi_prime_family,83*488833*1612697
1000000000000000000,999999999999729167,17,999999999999729169,19,7->29->23,mixed,9206492418451,1,multi_prime_family,269*21961*1558439
1000000000000000000,999999999999726899,29,999999999999726901,1,7->7->23,mixed,245881485124103,23,multi_prime_family,113*10357*210093883
1000000000000000000,999999999999726017,17,999999999999726019,19,7->7->7,repeated_7,2915451895042933,13,multi_prime_family,19*109*241*5841289603
1000000000000000000,999999999999723851,11,999999999999723853,13,13->19->23,mixed,176025347650013,23,multi_prime_family,179*181*5433048787
1000000000000000000,999999999999720431,11,999999999999720433,13,7->7->19,mixed,1074113856068443,13,multi_prime_family,79*101*42457*3170681
1000000000000000000,999999999999719717,17,999999999999719719,19,7->11->11,mixed,1180637544273577,7,multi_prime_family,13^2*170669*40933157
1000000000000000000,999999999999714551,11,999999999999714553,13,7->7->23,mixed,385059684250949,29,multi_prime_family,131*17959*163672081
1000000000000000000,999999999999712109,29,999999999999712111,1,19->13->7,mixed,7796115975019,19,multi_prime_family,491*569*27905161
1000000000000000000,999999999999712037,17,999999999999712039,19,17->17->17,repeated_17,203541624262103,23,multi_prime_family,61*179*461*40436117
1000000000000000000,999999999999707141,11,999999999999707143,13,17->23->23,mixed,259719144911,11,multi_prime_family,1579*8731*18839
1000000000000000000,999999999999706319,29,999999999999706321,1,7->7->11,mixed,1855287569572739,29,multi_prime_family,691*43159*62210231
1000000000000000000,999999999999703217,17,999999999999703219,19,11->19->1,mixed,26434745829911,11,multi_prime_family,19051*19699*70439
1000000000000000000,999999999999699557,17,999999999999699559,19,7->7->7,repeated_7,551571980143243,13,multi_prime_family,103*811*1699*3886429
1000000000000000000,999999999999699011,11,999999999999699013,13,7->23->23,mixed,270051309748771,1,multi_prime_family,31*83*2621*5869*6823
1000000000000000000,999999999999695399,29,999999999999695401,1,7->11->1,mixed,3347874267233,23,multi_prime_family,1487*1871*1203329
1000000000000000000,999999999999689489,29,999999999999689491,1,11->23->23,mixed,171850833476489,29,multi_prime_family,23*41*1543*118106561
1000000000000000000,999999999999688169,29,999999999999688171,1,11->17->19,mixed,281452293836107,7,multi_prime_family,19*5023*2949089911
1000000000000000000,999999999999684857,17,999999999999684859,19,7->7->7,repeated_7,2915451895042813,13,multi_prime_family,7*1061*392547717119
1000000000000000000,999999999999679859,29,999999999999679861,1,7->7->13,mixed,1569858712715353,13,multi_prime_family,43*3391*30319*355099
1000000000000000000,999999999999678479,29,999999999999678481,1,17->19->13,mixed,42410619619139,29,multi_prime_family,73*24077*24129559
1000000000000000000,999999999999677081,11,999999999999677083,13,11->11->29,mixed,14386626192287,17,multi_prime_family,499*523*55126031
1000000000000000000,999999999999673979,29,999999999999673981,1,7->7->11,mixed,1855287569572679,29,multi_prime_family,11*79*647*3299796653
1000000000000000000,999999999999668897,17,999999999999668899,19,7->11->11,mixed,1180637544273517,7,multi_prime_family,11*365641*293541167
1000000000000000000,999999999999668099,29,999999999999668101,1,7->7->23,mixed,887311446317363,23,multi_prime_family,139*499*1279*10002077
1000000000000000000,999999999999662219,29,999999999999662221,1,7->7->7,repeated_7,2915451895042747,7,multi_prime_family,2659*291443*3762131
1000000000000000000,999999999999661061,11,999999999999661063,13,13->23->29,mixed,37578445003933,13,multi_prime_family,271*307*5471*82559
1000000000000000000,999999999999659459,29,999999999999659461,1,11->11->29,mixed,92859132695669,29,multi_prime_family,619*4651*32254301
1000000000000000000,999999999999653651,11,999999999999653653,13,7->11->11,mixed,1180637544273499,19,multi_prime_family,13*71*1993*641811641
1000000000000000000,999999999999652979,29,999999999999652981,1,7->17->29,mixed,289771080846031,1,multi_prime_family,1163*3347*74442271
1000000000000000000,999999999999647177,17,999999999999647179,19,13->11->29,mixed,21080591099767,7,multi_prime_family,2689*14437*543019
1000000000000000000,999999999999646787,17,999999999999646789,19,11->13->19,mixed,368052999631817,17,multi_prime_family,5237*93901*748441
1000000000000000000,999999999999646739,29,999999999999646741,1,17->13->13,mixed,297078559157,17,multi_prime_family,257*12893*89657
1000000000000000000,999999999999642731,11,999999999999642733,13,7->13->29,mixed,45979125477017,17,multi_prime_family,281*809*1063*190271
1000000000000000000,999999999999641639,29,999999999999641641,1,7->7->7,repeated_7,2915451895042687,7,multi_prime_family,7*11*13^2*761*2917*100927
1000000000000000000,999999999999640517,17,999999999999640519,19,11->19->19,mixed,251825736590189,29,multi_prime_family,157*1153*4547*305947
1000000000000000000,999999999999634709,29,999999999999634711,1,7->11->29,mixed,447828034034767,7,multi_prime_family,43*179*37189*1564499
1000000000000000000,999999999999634289,29,999999999999634291,1,7->7->23,mixed,887311446317333,23,multi_prime_family,37*250543*95717663
1000000000000000000,999999999999632231,11,999999999999632233,13,7->7->1,mixed,32342572528207,7,multi_prime_family,3917*17389*474839
1000000000000000000,999999999999628241,11,999999999999628243,13,7->11->11,mixed,1180637544273469,19,multi_prime_family,1481*641549*1242601
1000000000000000000,999999999999627251,11,999999999999627253,13,11->23->11,mixed,96404126096561,11,multi_prime_family,103*720971*1298197
1000000000000000000,999999999999623411,11,999999999999623413,13,7->7->7,repeated_7,551571980143201,1,multi_prime_family,38447*56569*253607
1000000000000000000,999999999999614381,11,999999999999614383,13,7->11->1,mixed,418935902806709,29,multi_prime_family,53*101*773*1279*79159
1000000000000000000,999999999999613037,17,999999999999613039,19,7->23->13,mixed,144446049400493,23,multi_prime_family,103*2467*18919*30047
1000000000000000000,999999999999607619,29,999999999999607621,1,7->13->19,mixed,42053913116599,19,multi_prime_family,163*331*3253*239611
1000000000000000000,999999999999602897,17,999999999999602899,19,11->17->19,mixed,281452293836083,13,multi_prime_family,41*83*4057*20386273
1000000000000000000,999999999999602411,11,999999999999602413,13,7->23->19,mixed,56983303891937,17,multi_prime_family,1741*3163*10347839
1000000000000000000,999999999999599909,29,999999999999599911,1,13->29->29,mixed,91466203237867,7,multi_prime_family,83*42967*25647647
1000000000000000000,999999999999592079,29,999999999999592081,1,7->29->13,mixed,7661132775089,29,multi_prime_family,10859*16519*42709
1000000000000000000,999999999999590819,29,999999999999590821,1,7->11->23,mixed,564652738565551,1,multi_prime_family,229*32647*75527077
1000000000000000000,999999999999587507,17,999999999999587509,19,13->19->23,mixed,176025347649989,29,multi_prime_family,151*26687*43681597
1000000000000000000,999999999999586367,17,999999999999586369,19,7->7->19,mixed,1074113856068299,19,multi_prime_family,19*139*3769*107908531
1000000000000000000,999999999999586337,17,999999999999586339,19,13->29->7,mixed,71689726862111,11,multi_prime_family,4751*6247*2415463
1000000000000000000,999999999999583217,17,999999999999583219,19,7->13->11,mixed,268024658268449,29,multi_prime_family,53*233*21704158901
1000000000000000000,999999999999583031,11,999999999999583033,13,11->29->19,mixed,22552490922613,13,multi_prime_family,1847*21107*578497
1000000000000000000,999999999999580529,29,999999999999580531,1,7->1->13,mixed,107169649555201,1,multi_prime_family,139*997*773324647
1000000000000000000,999999999999580487,17,999999999999580489,19,7->7->13,mixed,1569858712715197,7,multi_prime_family,59*83*467657*685493
1000000000000000000,999999999999579599,29,999999999999579601,1,11->11->1,mixed,266595574513351,1,multi_prime_family,547*2447*6959*28621
1000000000000000000,999999999999573431,11,999999999999573433,13,7->7->23,mixed,887311446317279,29,multi_prime_family,233*859*4433298757
1000000000000000000,999999999999572591,11,999999999999572593,13,7->29->1,mixed,80755874989871,11,multi_prime_family,67*604441*1994093
1000000000000000000,999999999999571499,29,999999999999571501,1,7->23->13,mixed,144446049400487,17,multi_prime_family,131*137*6977*1153573
1000000000000000000,999999999999569567,17,999999999999569569,19,7->11->13,mixed,999000999000569,29,multi_prime_family,23*829*77351*677357
1000000000000000000,999999999999567461,11,999999999999567463,13,13->19->29,mixed,935678643041,11,multi_prime_family,2393*10141*38557
1000000000000000000,999999999999562547,17,999999999999562549,19,13->13->23,mixed,111644523836057,17,multi_prime_family,557*45131*4441271
1000000000000000000,999999999999560789,29,999999999999560791,1,7->7->11,mixed,1855287569572469,29,multi_prime_family,113*421*38998750753
1000000000000000000,999999999999559697,17,999999999999559699,19,7->1->7,mixed,124548511645231,1,multi_prime_family,163*269*2840525273
1000000000000000000,999999999999550559,29,999999999999550561,1,11->11->11,repeated_11,116400884646671,11,multi_prime_family,347*16319*20555747
1000000000000000000,999999999999549827,17,999999999999549829,19,7->13->13,mixed,77261840377003,13,multi_prime_family,53*3833*380321047
1000000000000000000,999999999999547307,17,999999999999547309,19,7->17->17,mixed,494315373207883,13,multi_prime_family,97*677*7527377807
1000000000000000000,999999999999540797,17,999999999999540799,19,7->7->7,repeated_7,2915451895042393,13,multi_prime_family,7*43*809*54647*219091
1000000000000000000,999999999999540167,17,999999999999540169,19,7->17->1,mixed,271076172404321,11,multi_prime_family,41*107^2*577483969
1000000000000000000,999999999999538697,17,999999999999538699,19,7->23->1,mixed,12774491894579,29,multi_prime_family,1381*7331*1261789
