p,q,gap_len,w,tau_w,frac_pos,budget,packet
3,5,2,4,3,0.5,0.6931471805599453,d3_prime_square
23,29,6,25,3,0.3333333333333333,24.361941827854157,d3_prime_square
59,61,2,60,12,0.5,20.471722811110503,d8_plus
97,101,4,98,6,0.25,34.478270308568646,d6
137,139,2,138,8,0.5,14.781761055471616,d8_plus
179,181,2,180,18,0.5,41.54365480712168,d8_plus
227,229,2,228,12,0.5,27.146728144772204,d8_plus
263,269,6,265,4,0.3333333333333333,78.1310850937775,d4_semiprime
311,313,2,312,16,0.5,40.201022314666375,d8_plus
359,367,8,361,3,0.25,138.46559989744392,d3_prime_square
409,419,10,411,4,0.2,132.58312419528804,d4_semiprime
457,461,4,458,4,0.25,55.17015226171153,d4_semiprime
503,509,6,505,4,0.3333333333333333,118.27049228826213,d4_semiprime
569,571,2,570,16,0.5,44.41945452580018,d8_plus
607,613,6,611,4,0.6666666666666666,128.27566130373282,d4_semiprime
653,659,6,655,4,0.3333333333333333,84.32158327672838,d4_semiprime
709,719,10,713,4,0.4,151.11478903239103,d4_semiprime
761,769,8,763,4,0.25,139.45559928209934,d4_semiprime
823,827,4,824,8,0.25,73.86921284196475,d8_plus
877,881,4,878,4,0.25,74.57572865857055,d4_semiprime
929,937,8,933,4,0.5,184.65076775515217,d4_semiprime
983,991,8,985,4,0.25,213.74886429742327,d4_semiprime
1033,1039,6,1037,4,0.6666666666666666,118.02920620720664,d4_semiprime
1091,1093,2,1092,24,0.5,76.95342771935336,d8_plus
1151,1153,2,1152,24,0.5,77.54180325381421,d8_plus
1213,1217,4,1214,4,0.25,85.23410512564936,d4_semiprime
1277,1279,2,1278,12,0.5,35.7652581746874,d8_plus
1303,1307,4,1306,4,0.75,64.56409113608014,d4_semiprime
1381,1399,18,1382,4,0.05555555555555555,354.624273937246,d4_semiprime
1447,1451,4,1448,8,0.25,94.6235546075135,d8_plus
1489,1493,4,1492,6,0.75,58.45694670264014,d6
1553,1559,6,1555,4,0.3333333333333333,110.24359797354323,d4_semiprime
1607,1609,2,1608,16,0.5,51.679225148172385,d8_plus
1663,1667,4,1665,12,0.5,126.09766347537474,d8_plus
1721,1723,2,1722,16,0.5,52.15869179491373,d8_plus
1783,1787,4,1784,8,0.25,97.33325708322538,d8_plus
1861,1867,6,1865,4,0.6666666666666666,120.48391923362782,d4_semiprime
1907,1913,6,1909,4,0.3333333333333333,151.09402220494903,d4_semiprime
1987,1993,6,1991,4,0.6666666666666666,159.5136814545841,d4_semiprime
2029,2039,10,2031,4,0.2,205.66965250872957,d4_semiprime
2087,2089,2,2088,24,0.5,84.08358143902782,d8_plus
2141,2143,2,2142,24,0.5,84.36444776108463,d8_plus
2221,2237,16,2227,4,0.375,400.8857211906641,d4_semiprime
2281,2287,6,2283,4,0.3333333333333333,92.80595090444974,d4_semiprime
2341,2347,6,2342,4,0.16666666666666666,131.91855655890683,d4_semiprime
2389,2393,4,2391,4,0.5,85.57580870772865,d4_semiprime
2447,2459,12,2449,4,0.16666666666666666,343.3988459666849,d4_semiprime
2531,2539,8,2533,4,0.25,195.95108027328263,d4_semiprime
2593,2609,16,2594,4,0.0625,404.9822098301695,d4_semiprime
2663,2671,8,2669,4,0.75,260.3221518771671,d4_semiprime
2707,2711,4,2708,6,0.25,79.04371722011105,d6
2753,2767,14,2757,4,0.2857142857142857,388.2085098240597,d4_semiprime
2819,2833,14,2823,4,0.2857142857142857,397.3262162180012,d4_semiprime
2887,2897,10,2893,4,0.6,231.11689530363194,d4_semiprime
2953,2957,4,2956,6,0.75,63.929692742930754,d6
3019,3023,4,3022,4,0.75,72.11876423883729,d4_semiprime
3083,3089,6,3085,4,0.3333333333333333,128.55474240976815,d4_semiprime
3169,3181,12,3173,4,0.3333333333333333,322.5319393899394,d4_semiprime
3229,3251,22,3233,4,0.18181818181818182,699.2100693802375,d4_semiprime
3307,3313,6,3309,4,0.3333333333333333,186.41603165503594,d4_semiprime
3347,3359,12,3349,4,0.16666666666666666,316.5757625505484,d4_semiprime
3413,3433,20,3415,4,0.1,642.9453298471235,d4_semiprime
3491,3499,8,3493,4,0.25,228.4553345187217,d4_semiprime
3541,3547,6,3543,4,0.3333333333333333,138.94006164057683,d4_semiprime
3607,3613,6,3611,4,0.6666666666666666,212.9799755153809,d4_semiprime
3671,3673,2,3672,32,0.5,123.12737627610571,d8_plus
3727,3733,6,3729,8,0.3333333333333333,148.03547791117163,d8_plus
3793,3797,4,3794,8,0.25,123.62212207894208,d8_plus
3853,3863,10,3859,4,0.6,247.73815609352877,d4_semiprime
3919,3923,4,3921,4,0.5,148.93103008154432,d4_semiprime
4001,4003,2,4002,16,0.5,58.06184660600575,d8_plus
4051,4057,6,4054,4,0.5,149.53821290216476,d4_semiprime
4127,4129,2,4128,24,0.5,91.58103137877538,d8_plus
4201,4211,10,4207,4,0.6,191.91957097942247,d4_semiprime
4243,4253,10,4247,4,0.4,275.6905963824906,d4_semiprime
4297,4327,30,4299,4,0.06666666666666667,945.7409671847657,d4_semiprime
4391,4397,6,4393,4,0.3333333333333333,192.92161322586787,d4_semiprime
4457,4463,6,4461,4,0.6666666666666666,126.04311154089612,d4_semiprime
4519,4523,4,4521,8,0.5,143.08030394153315,d8_plus
4597,4603,6,4601,4,0.6666666666666666,244.58053461588696,d4_semiprime
4651,4657,6,4652,6,0.16666666666666666,202.69458317134436,d6
4723,4729,6,4727,4,0.6666666666666666,203.06002591147612,d4_semiprime
4793,4799,6,4798,4,0.8333333333333334,177.9842018985599,d4_semiprime
4877,4889,12,4881,4,0.3333333333333333,382.20857647909025,d4_semiprime
4943,4951,8,4946,4,0.375,314.7464986476677,d4_semiprime
4999,5003,4,5001,4,0.5,110.72491122847775,d4_semiprime
5059,5077,18,5062,4,0.16666666666666666,622.7488631561844,d4_semiprime
5113,5119,6,5114,4,0.16666666666666666,136.64205010652316,d4_semiprime
5197,5209,12,5199,4,0.16666666666666666,453.5252977629483,d4_semiprime
5279,5281,2,5280,48,0.5,197.14867166410704,d8_plus
5351,5381,30,5353,4,0.06666666666666667,1013.362125574852,d4_semiprime
5419,5431,12,5422,4,0.25,378.3474867578043,d4_semiprime
5479,5483,4,5482,4,0.75,129.13454785177998,d4_semiprime
5531,5557,26,5533,4,0.07692307692307693,887.9090352475431,d4_semiprime
5623,5639,16,5627,4,0.25,496.5589204714645,d4_semiprime
5669,5683,14,5671,4,0.14285714285714285,527.2731833278659,d4_semiprime
5741,5743,2,5742,24,0.5,95.21119146749109,d8_plus
5813,5821,8,5815,4,0.25,277.393275042981,d4_semiprime
5861,5867,6,5862,8,0.16666666666666666,164.85583926162985,d8_plus
5927,5939,12,5933,4,0.5,395.30702669626015,d4_semiprime
6029,6037,8,6031,4,0.25,287.26167192520603,d4_semiprime
6089,6091,2,6090,32,0.5,130.71605041055912,d8_plus
6151,6163,12,6155,4,0.3333333333333333,471.1762524776825,d4_semiprime
6221,6229,8,6227,4,0.75,262.0898596529472,d4_semiprime
6287,6299,12,6289,4,0.16666666666666666,367.3740037952174,d4_semiprime
6343,6353,10,6347,4,0.4,341.47675386286943,d4_semiprime
6397,6421,24,6401,4,0.16666666666666666,802.0338590016435,d4_semiprime
6481,6491,10,6483,4,0.2,263.3266611484036,d4_semiprime
6569,6571,2,6570,24,0.5,96.69296022626521,d8_plus
6653,6659,6,6658,4,0.8333333333333334,167.2616044576694,d4_semiprime
6703,6709,6,6707,4,0.6666666666666666,211.45968071677893,d4_semiprime
6781,6791,10,6782,4,0.1,370.5499089033893,d4_semiprime
6841,6857,16,6843,4,0.125,459.25704155854123,d4_semiprime
6911,6917,6,6913,4,0.3333333333333333,291.7615719217846,d4_semiprime
6971,6977,6,6973,4,0.3333333333333333,256.64795162901623,d4_semiprime
7027,7039,12,7031,4,0.3333333333333333,425.20239924036133,d4_semiprime
7121,7127,6,7123,4,0.3333333333333333,168.5541101519946,d4_semiprime
7207,7211,4,7209,10,0.5,159.89553930458848,d8_plus
7253,7283,30,7255,4,0.06666666666666667,1093.6206101106065,d4_semiprime
7349,7351,2,7350,36,0.5,151.341745067517,d8_plus
7451,7457,6,7453,4,0.3333333333333333,249.6605596112406,d4_semiprime
7507,7517,10,7509,4,0.2,258.80531592610276,d4_semiprime
7559,7561,2,7560,64,0.5,276.8494205443809,d8_plus
7607,7621,14,7609,4,0.14285714285714285,527.3313499418948,d4_semiprime
7687,7691,4,7689,8,0.5,98.42274598584626,d8_plus
7753,7757,4,7754,4,0.25,116.42972572931805,d4_semiprime
7841,7853,12,7846,4,0.4166666666666667,367.6843658533156,d4_semiprime
7901,7907,6,7903,4,0.3333333333333333,242.32860718084132,d4_semiprime
7963,7993,30,7967,4,0.13333333333333333,1096.1130028159657,d4_semiprime
8069,8081,12,8071,4,0.16666666666666666,404.8437626308227,d4_semiprime
8123,8147,24,8129,4,0.25,828.3559690644778,d4_semiprime
8219,8221,2,8220,24,0.5,99.15758036855249,d8_plus
8273,8287,14,8278,4,0.35714285714285715,518.7406265752779,d4_semiprime
8329,8353,24,8331,4,0.08333333333333333,875.821491777195,d4_semiprime
8423,8429,6,8425,6,0.3333333333333333,307.3260212914578,d6
8513,8521,8,8518,4,0.625,325.7943201668858,d4_semiprime
8581,8597,16,8583,4,0.125,525.3777732950599,d4_semiprime
8647,8663,16,8651,4,0.25,530.350080105608,d4_semiprime
8707,8713,6,8709,4,0.3333333333333333,281.2417940256272,d4_semiprime
8761,8779,18,8765,4,0.2222222222222222,699.103873602247,d4_semiprime
8831,8837,6,8833,6,0.3333333333333333,277.13203924687946,d6
8893,8923,30,8894,4,0.03333333333333333,1045.8886780174714,d4_semiprime
8971,8999,28,8977,4,0.21428571428571427,928.533315446593,d4_semiprime
9043,9049,6,9046,4,0.5,318.8529486591851,d4_semiprime
9133,9137,4,9134,4,0.25,145.9182238782613,d4_semiprime
9199,9203,4,9201,4,0.5,164.28601852744845,d4_semiprime
9277,9281,4,9278,4,0.25,146.16943814316124,d4_semiprime
9337,9341,4,9339,8,0.5,137.12910266215977,d8_plus
9403,9413,10,9409,3,0.6,407.1430047379882,d3_prime_square
9461,9463,2,9462,16,0.5,64.08527339333764,d8_plus
9521,9533,12,9523,4,0.16666666666666666,329.825449104996,d4_semiprime
9619,9623,4,9621,6,0.5,146.746424223758,d6
9679,9689,10,9683,4,0.4,394.66059712399266,d4_semiprime
9743,9749,6,9745,4,0.3333333333333333,275.53528804237214,d4_semiprime
9811,9817,6,9813,4,0.3333333333333333,174.64035021791486,d4_semiprime
9871,9883,12,9874,4,0.25,450.70641409539013,d4_semiprime
9941,9949,8,9943,4,0.25,285.34998265679496,d4_semiprime
10061,10067,6,10063,4,0.3333333333333333,285.71732539048537,d4_semiprime
10111,10133,22,10113,4,0.09090909090909091,820.7987174358003,d4_semiprime
10177,10181,4,10178,8,0.25,138.42142724613527,d8_plus
10253,10259,6,10254,8,0.16666666666666666,147.76989072396205,d8_plus
10313,10321,8,10315,4,0.25,369.6659048085087,d4_semiprime
10391,10399,8,10393,4,0.25,305.21887652760745,d4_semiprime
10463,10477,14,10466,4,0.21428571428571427,583.1446743786906,d4_semiprime
10559,10567,8,10561,4,0.25,398.3939712382662,d4_semiprime
10631,10639,8,10637,4,0.75,241.069078122894,d4_semiprime
10709,10711,2,10710,48,0.5,213.41546275916124,d8_plus
10771,10781,10,10774,4,0.3,399.2619162534561,d4_semiprime
10859,10861,2,10860,24,0.5,102.22125752836719,d8_plus
10937,10939,2,10938,8,0.5,27.899994731720152,d8_plus
11003,11027,24,11006,4,0.125,1037.7400349227148,d4_semiprime
11087,11093,6,11089,4,0.3333333333333333,363.23383534873034,d4_semiprime
11161,11171,10,11162,4,0.1,270.2997548755714,d4_semiprime
11243,11251,8,11246,4,0.375,335.80559690647937,d4_semiprime
11311,11317,6,11314,4,0.5,252.01284995774864,d4_semiprime
11393,11399,6,11395,8,0.3333333333333333,252.20677560386957,d8_plus
11471,11483,12,11474,4,0.25,495.4475718306998,d4_semiprime
11549,11551,2,11550,48,0.5,215.15213646684862,d8_plus
11633,11657,24,11639,4,0.25,954.993187657755,d4_semiprime
11719,11731,12,11721,4,0.16666666666666666,459.108968960806,d4_semiprime
11801,11807,6,11806,4,0.8333333333333334,178.14666424428063,d4_semiprime
11863,11867,4,11864,8,0.25,121.95752617399813,d8_plus
11933,11939,6,11937,8,0.6666666666666666,309.7790265083296,d8_plus
11987,12007,20,11989,4,0.1,845.3181426972171,d4_semiprime
12073,12097,24,12074,4,0.041666666666666664,1099.7826421733482,d4_semiprime
12149,12157,8,12151,4,0.25,423.23727601339976,d4_semiprime
12239,12241,2,12240,60,0.5,272.9614721259232,d8_plus
12281,12289,8,12283,4,0.25,395.4785347561382,d4_semiprime
12377,12379,2,12378,8,0.5,28.271027946897917,d8_plus
12437,12451,14,12439,4,0.14285714285714285,575.170711677374,d4_semiprime
12503,12511,8,12509,4,0.75,330.1921708701012,d4_semiprime
12569,12577,8,12571,4,0.25,302.05861675679586,d4_semiprime
12637,12641,4,12638,8,0.25,160.55785627865092,d8_plus
12697,12703,6,12701,4,0.6666666666666666,226.78488935675458,d4_semiprime
12781,12791,10,12783,4,0.2,359.33179630429447,d4_semiprime
12853,12889,36,12854,4,0.027777777777777776,1466.7434623249987,d4_semiprime
12923,12941,18,12929,4,0.3333333333333333,776.3320346320027,d4_semiprime
13001,13003,2,13002,16,0.5,66.31000929535091,d8_plus
13063,13093,30,13067,4,0.13333333333333333,1232.2258766322966,d4_semiprime
13151,13159,8,13153,4,0.25,369.8984900828784,d4_semiprime
13217,13219,2,13218,8,0.5,28.468004448091193,d8_plus
13297,13309,12,13301,4,0.3333333333333333,446.2954963629968,d4_semiprime
13381,13397,16,13382,4,0.0625,617.6481661202929,d4_semiprime
13457,13463,6,13459,4,0.3333333333333333,142.61231255911636,d4_semiprime
13537,13553,16,13539,4,0.125,608.8869897990886,d4_semiprime
13627,13633,6,13631,4,0.6666666666666666,285.60202943885747,d4_semiprime
13693,13697,4,13694,8,0.25,161.92165543959393,d8_plus
13751,13757,6,13753,4,0.3333333333333333,276.34302769947465,d4_semiprime
13829,13831,2,13830,16,0.5,66.74216797261163,d8_plus
13901,13903,2,13902,16,0.5,66.77851595562302,d8_plus
13967,13997,30,13969,4,0.06666666666666667,1240.9117132580682,d4_semiprime
14057,14071,14,14059,4,0.14285714285714285,649.4925496820109,d4_semiprime
14153,14159,6,14158,4,0.8333333333333334,200.71527607350893,d4_semiprime
14243,14249,6,14247,6,0.6666666666666666,229.54148433334828,d6
14327,14341,14,14333,4,0.42857142857142855,574.22449050456,d4_semiprime
14411,14419,8,14414,4,0.375,316.0099217215618,d4_semiprime
14479,14489,10,14483,4,0.4,325.745468959776,d4_semiprime
14551,14557,6,14554,8,0.5,277.98218865635283,d8_plus
14629,14633,4,14631,4,0.5,220.59010358508561,d4_semiprime
14713,14717,4,14714,8,0.25,143.94947580727296,d8_plus
14753,14759,6,14757,4,0.6666666666666666,201.58737063066448,d4_semiprime
14821,14827,6,14822,4,0.16666666666666666,211.28866793008547,d4_semiprime
14887,14891,4,14888,8,0.25,86.47540166476708,d8_plus
14957,14969,12,14959,4,0.16666666666666666,499.89011709535646,d4_semiprime
15073,15077,4,15074,4,0.25,105.82878956594055,d4_semiprime
15137,15139,2,15138,18,0.5,76.9997073429529,d8_plus
15217,15227,10,15221,4,0.4,414.1128168903815,d4_semiprime
15271,15277,6,15273,6,0.3333333333333333,269.75012484132344,d6
15329,15331,2,15330,32,0.5,144.5635045779879,d8_plus
15391,15401,10,15395,4,0.4,511.02198602289974,d4_semiprime
15467,15473,6,15469,4,0.3333333333333333,279.7531449190279,d4_semiprime
15559,15569,10,15563,4,0.4,415.0654950406522,d4_semiprime
15641,15643,2,15642,24,0.5,106.23486371477712,d8_plus
15679,15683,4,15681,4,0.5,212.5232997822599,d4_semiprime
15761,15767,6,15763,4,0.3333333333333333,164.31259592215352,d4_semiprime
15817,15823,6,15819,4,0.3333333333333333,222.38820115549322,d4_semiprime
15907,15913,6,15909,4,0.3333333333333333,357.9662779919514,d4_semiprime
15991,16001,10,15997,4,0.6,406.56663424044797,d4_semiprime
16069,16073,4,16070,8,0.25,164.64161640128435,d8_plus
16139,16141,2,16140,24,0.5,106.57961536006333,d8_plus
16223,16229,6,16228,6,0.8333333333333334,329.6066135774633,d6
16319,16333,14,16321,4,0.14285714285714285,679.0288254081329,d4_semiprime
16411,16417,6,16413,4,0.3333333333333333,359.1203633281112,d4_semiprime
16477,16481,4,16479,6,0.5,194.1970851402483,d6
16561,16567,6,16563,4,0.3333333333333333,213.72959192587007,d4_semiprime
16649,16651,2,16650,36,0.5,165.24281342194604,d8_plus
16703,16729,26,16706,4,0.11538461538461539,1157.1702198691794,d4_semiprime
16811,16823,12,16817,4,0.5,476.77683402929136,d4_semiprime
16889,16901,12,16894,4,0.4166666666666667,618.1610140395431,d4_semiprime
16963,16979,16,16969,4,0.375,633.049094080002,d4_semiprime
17029,17033,4,17031,8,0.5,126.6560415108336,d8_plus
17107,17117,10,17111,4,0.4,506.87083893757836,d4_semiprime
17191,17203,12,17194,4,0.25,526.6369717682747,d4_semiprime
17291,17293,2,17292,24,0.5,107.33799170366274,d8_plus
17351,17359,8,17354,4,0.375,312.3714851007567,d4_semiprime
17417,17419,2,17418,8,0.5,29.295778299758055,d8_plus
17483,17489,6,17485,8,0.3333333333333333,253.99736545876377,d8_plus
17569,17573,4,17571,4,0.5,127.06195238850425,d4_semiprime
17627,17657,30,17635,4,0.26666666666666666,1349.3618745749202,d4_semiprime
17729,17737,8,17734,4,0.625,361.9762893161343,d4_semiprime
17791,17807,16,17795,4,0.25,616.5729148670902,d4_semiprime
17891,17903,12,17893,4,0.16666666666666666,528.7871274890582,d4_semiprime
17957,17959,2,17958,16,0.5,68.57053683956528,d8_plus
18041,18043,2,18042,16,0.5,68.6032035655161,d8_plus
18097,18119,22,18098,4,0.045454545454545456,754.9151272724648,d4_semiprime
18169,18181,12,18173,4,0.3333333333333333,637.5088540046543,d4_semiprime
18229,18233,4,18230,8,0.25,127.54164276190716,d8_plus
18301,18307,6,18302,4,0.16666666666666666,284.6323552571537,d4_semiprime
18371,18379,8,18373,4,0.25,284.74396976606823,d4_semiprime
18443,18451,8,18449,4,0.75,491.1332307690066,d4_semiprime
18521,18523,2,18522,32,0.5,147.40071740595323,d8_plus
18617,18637,20,18619,4,0.1,934.0721627267725,d4_semiprime
18719,18731,12,18721,4,0.16666666666666666,659.11100500081,d4_semiprime
18793,18797,4,18794,4,0.25,127.93771284204449,d4_semiprime
18913,18917,4,18916,6,0.75,137.86778890487474,d6
19009,19013,4,19011,4,0.5,118.23353944631026,d4_semiprime
19081,19087,6,19083,4,0.3333333333333333,187.27519130617904,d4_semiprime
19183,19207,24,19187,4,0.16666666666666666,1144.040391410115,d4_semiprime
19259,19267,8,19262,4,0.375,463.69872800378624,d4_semiprime
19373,19379,6,19378,4,0.8333333333333334,187.56370915932715,d4_semiprime
19421,19423,2,19422,24,0.5,108.6157789546973,d8_plus
19463,19469,6,19466,4,0.5,227.1577664821553,d4_semiprime
19531,19541,10,19534,4,0.3,405.0808888586394,d4_semiprime
19597,19603,6,19601,4,0.6666666666666666,420.04062623624696,d4_semiprime
19709,19717,8,19711,4,0.25,464.7831582745746,d4_semiprime
19777,19793,16,19781,4,0.25,672.6995154986058,d4_semiprime
19853,19861,8,19857,4,0.5,326.57839216441016,d4_semiprime
19937,19949,12,19939,4,0.16666666666666666,415.8260543814746,d4_semiprime
19997,20011,14,19999,4,0.14285714285714285,752.6814503512835,d4_semiprime
20071,20089,18,20073,4,0.1111111111111111,812.4183019773117,d4_semiprime
20143,20147,4,20146,8,0.75,138.74990991802252,d8_plus
20219,20231,12,20221,4,0.16666666666666666,525.4779087843096,d4_semiprime
20323,20327,4,20326,4,0.75,79.35680627120502,d4_semiprime
20359,20369,10,20362,4,0.3,347.2542205213964,d4_semiprime
20441,20443,2,20442,8,0.5,29.776040660667064,d8_plus
20533,20543,10,20534,4,0.1,426.99157518116806,d4_semiprime
20627,20639,12,20633,4,0.5,486.79673372930387,d4_semiprime
20719,20731,12,20721,4,0.16666666666666666,606.28205530341,d4_semiprime
20773,20789,16,20777,4,0.25,566.6793431566756,d4_semiprime
20887,20897,10,20891,4,0.4,368.0434027097074,d4_semiprime
20947,20959,12,20949,4,0.16666666666666666,507.45322860710684,d4_semiprime
21017,21019,2,21018,16,0.5,69.67194144697879,d8_plus
21101,21107,6,21103,4,0.3333333333333333,219.0592670524625,d4_semiprime
21169,21179,10,21171,4,0.2,338.6575706604178,d4_semiprime
21247,21269,22,21251,4,0.18181818181818182,996.443207576197,d4_semiprime
21341,21347,6,21343,4,0.3333333333333333,209.33913859543986,d4_semiprime
21401,21407,6,21403,4,0.3333333333333333,239.31171398196676,d4_semiprime
21493,21499,6,21494,8,0.16666666666666666,149.63433222196787,d8_plus
21559,21563,4,21561,4,0.5,249.4650147667631,d4_semiprime
21611,21613,2,21612,12,0.5,49.90501997481978,d8_plus
21701,21713,12,21703,4,0.16666666666666666,449.3449020588637,d4_semiprime
21773,21787,14,21778,4,0.35714285714285715,669.2440545340942,d4_semiprime
21851,21859,8,21857,4,0.75,309.75695724551315,d4_semiprime
21929,21937,8,21932,6,0.375,369.8418870031525,d6
22013,22027,14,22019,4,0.42857142857142855,619.9796621796319,d4_semiprime
22073,22079,6,22075,6,0.3333333333333333,230.05180129441453,d6
22133,22147,14,22138,4,0.35714285714285715,700.3575798534229,d4_semiprime
22229,22247,18,22233,4,0.2222222222222222,890.8453365249559,d4_semiprime
22291,22303,12,22297,4,0.5,480.5885567553709,d4_semiprime
22391,22397,6,22394,4,0.5,220.36357231424608,d4_semiprime
22469,22481,12,22471,4,0.16666666666666666,571.1476304198942,d4_semiprime
22549,22567,18,22551,4,0.1111111111111111,771.8342052447967,d4_semiprime
22639,22643,4,22641,4,0.5,110.30234135944511,d4_semiprime
22709,22717,8,22711,4,0.25,361.1054222963646,d4_semiprime
22777,22783,6,22779,6,0.3333333333333333,220.7400850842399,d6
22861,22871,10,22863,4,0.2,391.4591980153403,d4_semiprime
22943,22961,18,22947,4,0.2222222222222222,933.8282155769647,d4_semiprime
23021,23027,6,23026,8,0.8333333333333334,241.06275765991256,d8_plus
23063,23071,8,23065,8,0.25,371.70742353485986,d8_plus
23159,23167,8,23164,6,0.625,482.415424518008,d6
23227,23251,24,23231,4,0.16666666666666666,1166.2189045852012,d4_semiprime
23321,23327,6,23323,4,0.3333333333333333,311.7738681741066,d4_semiprime
23417,23431,14,23419,4,0.14285714285714285,674.1241177913673,d4_semiprime
23531,23537,6,23533,4,0.3333333333333333,261.7208130618952,d4_semiprime
23581,23593,12,23587,4,0.5,432.94326500774855,d4_semiprime
23633,23663,30,23637,4,0.13333333333333333,1389.8022356420731,d4_semiprime
23741,23743,2,23742,12,0.5,50.3750045530674,d8_plus
23801,23813,12,23803,4,0.16666666666666666,453.4976937430763,d4_semiprime
23873,23879,6,23878,4,0.8333333333333334,211.6927911693495,d4_semiprime
23929,23957,28,23935,4,0.21428571428571427,1320.9277799852475,d4_semiprime
24007,24019,12,24011,4,0.3333333333333333,554.7487845015787,d4_semiprime
24077,24083,6,24082,4,0.8333333333333334,282.49570858101094,d4_semiprime
24121,24133,12,24127,4,0.5,534.8278499575669,d4_semiprime
24203,24223,20,24207,4,0.2,908.5179196435726,d4_semiprime
24329,24337,8,24331,4,0.25,479.73208787305657,d4_semiprime
24413,24419,6,24417,6,0.6666666666666666,262.6774736376982,d6
24481,24499,18,24482,4,0.05555555555555555,717.5292261208056,d4_semiprime
24571,24593,22,24573,4,0.09090909090909091,839.1141409487194,d4_semiprime
24683,24691,8,24685,4,0.25,364.10406057693996,d4_semiprime
24781,24793,12,24782,4,0.08333333333333333,414.8418652083124,d4_semiprime
24859,24877,18,24861,4,0.1111111111111111,799.5824133868516,d4_semiprime
24953,24967,14,24958,4,0.35714285714285715,764.4401514921512,d4_semiprime
25033,25037,4,25034,4,0.25,91.15243089440307,d4_semiprime
25117,25121,4,25119,6,0.5,162.10239544688278,d6
25183,25189,6,25187,4,0.6666666666666666,233.0827636965914,d4_semiprime
25261,25301,40,25267,4,0.15,1992.0916328032592,d4_semiprime
25349,25357,8,25351,4,0.25,365.0622220784679,d4_semiprime
25439,25447,8,25442,4,0.375,405.7655182906555,d4_semiprime
25537,25541,4,25539,4,0.5,81.18381325845408,d4_semiprime
25603,25609,6,25607,4,0.6666666666666666,334.9698300621715,d4_semiprime
25667,25673,6,25669,8,0.3333333333333333,335.0504922048607,d8_plus
25747,25759,12,25751,4,0.3333333333333333,609.3791604013047,d4_semiprime
25841,25847,6,25843,4,0.3333333333333333,233.67578916363811,d4_semiprime
25919,25931,12,25923,4,0.3333333333333333,726.6467643870917,d4_semiprime
25997,25999,2,25998,16,0.5,71.16042423677575,d8_plus
26083,26099,16,26086,4,0.1875,508.46709304792637,d4_semiprime
26153,26161,8,26155,4,0.25,417.0485918184563,d4_semiprime
26227,26237,10,26231,4,0.4,437.51422840028044,d4_semiprime
26297,26309,12,26302,4,0.4166666666666667,498.6932587622326,d4_semiprime
26387,26393,6,26389,4,0.3333333333333333,305.4219097053283,d4_semiprime
26449,26459,10,26453,4,0.4,315.6769458988685,d4_semiprime
26557,26561,4,26558,12,0.25,234.30415210582197,d8_plus
26647,26669,22,26651,4,0.18181818181818182,1039.4640055702098,d4_semiprime
26701,26711,10,26707,4,0.6,366.93434340958504,d4_semiprime
26759,26777,18,26761,4,0.1111111111111111,835.988485957237,d4_semiprime
26849,26861,12,26851,4,0.16666666666666666,571.0996456584552,d4_semiprime
26921,26927,6,26926,4,0.8333333333333334,214.21586914031477,d4_semiprime
26993,27011,18,26995,4,0.1111111111111111,918.3293286011223,d4_semiprime
27073,27077,4,27074,4,0.25,142.88927273984174,d4_semiprime
27143,27179,36,27147,4,0.1111111111111111,1694.7724815058384,d4_semiprime
27259,27271,12,27263,4,0.3333333333333333,704.7220712310901,d4_semiprime
27361,27367,6,27362,4,0.16666666666666666,122.60394888133996,d4_semiprime
27449,27457,8,27451,4,0.25,613.2154098637413,d4_semiprime
27539,27541,2,27540,60,0.5,296.4784483961967,d8_plus
27647,27653,6,27649,4,0.3333333333333333,419.321536223377,d4_semiprime
27737,27739,2,27738,24,0.5,112.53614452537909,d8_plus
27773,27779,6,27777,8,0.6666666666666666,358.1175385794185,d8_plus
27823,27827,4,27826,4,0.75,214.90720618132963,d4_semiprime
27919,27941,22,27923,4,0.18181818181818182,1115.885028701655,d4_semiprime
27997,28001,4,27998,4,0.25,317.4384320282906,d4_semiprime
28081,28087,6,28082,8,0.16666666666666666,317.53175664040776,d8_plus
28163,28181,18,28166,4,0.16666666666666666,706.9806014192467,d4_semiprime
28279,28283,4,28281,8,0.5,215.2484307569536,d8_plus
28349,28351,2,28350,60,0.5,297.319086965521,d8_plus
28433,28439,6,28437,4,0.6666666666666666,184.59698005816287,d4_semiprime
28517,28537,20,28523,4,0.3,964.3081121918715,d4_semiprime
28579,28591,12,28583,4,0.3333333333333333,441.20775702933884,d4_semiprime
28631,28643,12,28637,4,0.5,492.59723971243574,d4_semiprime
28697,28703,6,28699,4,0.3333333333333333,277.1456845166027,d4_semiprime
28759,28771,12,28761,4,0.16666666666666666,677.6181741541174,d4_semiprime
28843,28859,16,28846,4,0.1875,564.8444958193388,d4_semiprime
28927,28933,6,28929,4,0.3333333333333333,225.99774932591788,d4_semiprime
29023,29027,4,29026,8,0.75,195.24227441389223,d8_plus
29129,29131,2,29130,16,0.5,71.95666694967437,d8_plus
29191,29201,10,29195,4,0.4,442.11766247636604,d4_semiprime
29269,29287,18,29273,4,0.2222222222222222,812.4828085813432,d4_semiprime
29339,29347,8,29343,4,0.5,442.33191351172553,d4_semiprime
29411,29423,12,29413,4,0.16666666666666666,565.9107289410359,d4_semiprime
29501,29527,26,29503,4,0.07692307692307693,1358.6310200740852,d4_semiprime
29587,29599,12,29591,4,0.3333333333333333,494.17322500074215,d4_semiprime
29671,29683,12,29677,4,0.5,638.4862030031354,d4_semiprime
29789,29803,14,29791,4,0.14285714285714285,772.6583645487106,d4_prime_cube
29873,29879,6,29878,4,0.8333333333333334,257.61986735544116,d4_semiprime
29959,29983,24,29966,4,0.2916666666666667,1123.566315562324,d4_semiprime
30071,30089,18,30077,4,0.3333333333333333,907.4195609179441,d4_semiprime
30133,30137,4,30136,8,0.75,216.58216114273284,d8_plus
30203,30211,8,30207,4,0.5,412.6339198674963,d4_semiprime
30293,30307,14,30297,4,0.2857142857142857,815.1916854225811,d4_semiprime
30389,30391,2,30390,16,0.5,72.25308220137586,d8_plus
30469,30491,22,30473,4,0.18181818181818182,929.231977018541,d4_semiprime
30553,30557,4,30554,4,0.25,144.58200336886733,d4_semiprime
30649,30661,12,30655,4,0.5,661.1576487192738,d4_semiprime
30713,30727,14,30715,4,0.14285714285714285,640.626856439574,d4_semiprime
30817,30829,12,30819,4,0.16666666666666666,537.4732440925646,d4_semiprime
30871,30881,10,30878,4,0.7,527.2249107897211,d4_semiprime
30971,30977,6,30973,4,0.3333333333333333,398.12520139383827,d4_semiprime
31051,31063,12,31054,4,0.25,486.1491380453059,d4_semiprime
31139,31147,8,31145,4,0.75,424.1991725512221,d4_semiprime
31189,31193,4,31190,8,0.25,134.52263155538083,d8_plus
31253,31259,6,31258,4,0.8333333333333334,196.64917412048945,d4_semiprime
31327,31333,6,31331,8,0.6666666666666666,367.50774812280963,d8_plus
31397,31469,72,31399,4,0.027777777777777776,3489.850991923647,d4_semiprime
31531,31541,10,31534,4,0.3,517.9452026276463,d4_semiprime
31601,31607,6,31606,4,0.8333333333333334,269.3868234464931,d4_semiprime
31687,31699,12,31693,4,0.5,590.739450169529,d4_semiprime
31769,31771,2,31770,24,0.5,114.02905499989917,d8_plus
31873,31883,10,31874,4,0.1,528.8528646440958,d4_semiprime
31991,32003,12,31999,4,0.6666666666666666,622.4021576470356,d4_semiprime
32063,32069,6,32066,4,0.5,269.76365438247853,d4_semiprime
32119,32141,22,32122,4,0.13636363636363635,1131.1495268179137,d4_semiprime
32203,32213,10,32206,4,0.3,456.7180033395862,d4_semiprime
32299,32303,4,32302,8,0.75,259.5709032793972,d8_plus
32359,32363,4,32362,8,0.75,176.53993403139103,d8_plus
32413,32423,10,32419,4,0.6,363.52685034362173,d4_semiprime
32497,32503,6,32498,4,0.16666666666666666,249.3358888292138,d4_semiprime
32569,32573,4,32570,8,0.25,197.4324358176455,d8_plus
32621,32633,12,32629,4,0.6666666666666666,478.07291445618404,d4_semiprime
32717,32719,2,32718,32,0.5,155.93520996231175,d8_plus
32801,32803,2,32802,32,0.5,155.97367152184583,d8_plus
32909,32911,2,32910,16,0.5,72.8107228935617,d8_plus
32971,32983,12,32974,4,0.25,509.77598916438615,d4_semiprime
33037,33049,12,33038,4,0.08333333333333333,707.5806000933884,d4_semiprime
33113,33119,6,33114,8,0.16666666666666666,218.56332916546592,d8_plus
33191,33199,8,33193,4,0.25,322.71448944479283,d4_semiprime
33301,33311,10,33302,4,0.1,395.7127578698457,d4_semiprime
33353,33359,6,33357,4,0.6666666666666666,239.5442980797447,d4_semiprime
33457,33461,4,33458,4,0.25,156.27144018282812,d4_semiprime
33529,33533,4,33531,4,0.5,135.46287396806437,d4_semiprime
33589,33599,10,33591,4,0.2,396.03939869235387,d4_semiprime
33629,33637,8,33631,6,0.25,416.9297471271123,d6
33739,33749,10,33742,4,0.3,594.3138002599909,d4_semiprime
33797,33809,12,33799,4,0.16666666666666666,542.2704016093322,d4_semiprime
33871,33889,18,33874,4,0.16666666666666666,897.0305412080061,d4_semiprime
33961,33967,6,33962,4,0.16666666666666666,239.96112201344488,d4_semiprime
34061,34123,62,34063,4,0.03225806451612903,2953.626769705361,d4_semiprime
34171,34183,12,34179,4,0.6666666666666666,501.08769959232194,d4_semiprime
34259,34261,2,34260,24,0.5,114.85907149065922,d8_plus
34313,34319,6,34315,4,0.3333333333333333,302.85700177315965,d4_semiprime
34381,34403,22,34382,4,0.045454545454545456,1086.3442246376746,d4_semiprime
34483,34487,4,34486,8,0.75,198.5172567918486,d8_plus
34543,34549,6,34547,4,0.6666666666666666,303.05084332644935,d4_semiprime
34631,34649,18,34633,4,0.1111111111111111,846.6706790386447,d4_semiprime
34703,34721,18,34709,4,0.3333333333333333,1097.7598306414748,d4_semiprime
34763,34781,18,34766,4,0.16666666666666666,993.3768394536039,d4_semiprime
34871,34877,6,34873,4,0.3333333333333333,292.86591163683437,d4_semiprime
34961,34963,2,34962,8,0.5,31.38605110911339,d8_plus
35069,35081,12,35071,4,0.16666666666666666,659.308797646813,d4_semiprime
35129,35141,12,35135,4,0.5,628.0184927828268,d4_semiprime
35227,35251,24,35229,4,0.08333333333333333,1193.5729386135313,d4_semiprime
35311,35317,6,35314,4,0.5,261.80143543792025,d4_semiprime
35393,35401,8,35395,4,0.25,502.77184997477383,d4_semiprime
35461,35491,30,35463,4,0.06666666666666667,1508.6344180885906,d4_semiprime
35537,35543,6,35539,4,0.3333333333333333,178.13315226641163,d4_semiprime
35617,35671,54,35621,4,0.07407407407407407,2693.700299109045,d4_semiprime
35771,35797,26,35773,4,0.07692307692307693,1342.1092066828028,d4_semiprime
35851,35863,12,35857,4,0.5,650.2122051539149,d4_semiprime
35923,35933,10,35927,4,0.4,492.9957939732229,d4_semiprime
35999,36007,8,36004,6,0.625,587.5136615774057,d6
36073,36083,10,36077,4,0.4,556.1522979520826,d4_semiprime
36161,36187,26,36167,4,0.23076923076923078,1343.499195341321,d4_semiprime
36263,36269,6,36265,4,0.3333333333333333,188.9753366469789,d4_semiprime
36341,36343,2,36342,16,0.5,73.50510563346302,d8_plus
36457,36467,10,36458,4,0.1,451.67437525426993,d4_semiprime
36523,36527,4,36526,8,0.75,136.57472431603162,d8_plus
36583,36587,4,36586,8,0.75,178.62558185024588,d8_plus
36671,36677,6,36674,8,0.5,357.3336389215508,d8_plus
36739,36749,10,36742,4,0.3,357.39790225861174,d4_semiprime
36793,36809,16,36794,4,0.0625,735.9303812884964,d4_semiprime
36887,36899,12,36889,4,0.16666666666666666,736.10271689251,d4_semiprime
36931,36943,12,36937,4,0.5,662.5690491824034,d4_semiprime
37019,37021,2,37020,24,0.5,115.71134944740237,d8_plus
37117,37123,6,37119,4,0.3333333333333333,305.13563992210493,d4_semiprime
37201,37217,16,37203,4,0.125,747.2254529606022,d4_semiprime
37309,37313,4,37311,4,0.5,305.28420696778204,d4_semiprime
37369,37379,10,37371,4,0.2,389.5631642124164,d4_semiprime
37483,37489,6,37486,4,0.5,421.26939249973117,d4_semiprime
37529,37537,8,37531,4,0.25,537.1824063837826,d4_semiprime
37579,37589,10,37581,4,0.2,558.3194203163811,d4_semiprime
37657,37663,6,37659,4,0.3333333333333333,200.19072223284567,d4_semiprime
37783,37799,16,37787,4,0.25,642.9279724991954,d4_semiprime
37871,37879,8,37873,6,0.25,421.68135998805957,d6
37967,37987,20,37969,4,0.1,1001.7481801879067,d4_semiprime
38047,38053,6,38051,4,0.6666666666666666,390.2265482137527,d4_semiprime
38167,38177,10,38173,4,0.6,400.89419351967956,d4_semiprime
38237,38239,2,38238,8,0.5,31.654755193627047,d8_plus
38317,38321,4,38319,8,0.5,242.73507392111114,d8_plus
38393,38431,38,38397,4,0.10526315789473684,2158.726394847441,d4_semiprime
38543,38557,14,38546,4,0.21428571428571427,929.2565461912055,d4_semiprime
38611,38629,18,38615,4,0.2222222222222222,929.4178730666596,d4_semiprime
38677,38693,16,38679,4,0.125,813.3685572111624,d4_semiprime
38737,38747,10,38741,4,0.4,538.7992254131491,d4_semiprime
38833,38839,6,38834,4,0.16666666666666666,221.90916153299753,d4_semiprime
38917,38921,4,38919,4,0.5,243.09267591936495,d4_semiprime
38993,39019,26,38999,4,0.23076923076923078,1384.8592319878467,d4_semiprime
39097,39103,6,39099,4,0.3333333333333333,391.2340903875583,d4_semiprime
39161,39163,2,39162,16,0.5,74.02823517504291,d8_plus
39227,39229,2,39228,24,0.5,116.34860662163432,d8_plus
39313,39317,4,39316,6,0.75,84.63486579820312,d6
39373,39383,10,39374,4,0.1,518.466860771133,d4_semiprime
39461,39499,38,39467,4,0.15789473684210525,1905.03725641,d4_semiprime
39563,39569,6,39565,8,0.3333333333333333,338.7426075520242,d8_plus
39667,39671,4,39669,8,0.5,116.47152793773,d8_plus
39733,39749,16,39734,4,0.0625,762.4919975938329,d4_semiprime
39827,39829,2,39828,12,0.5,52.96162730753988,d8_plus
39877,39883,6,39881,4,0.6666666666666666,307.215527230334,d4_semiprime
39979,39983,4,39981,4,0.5,74.17301729233549,d4_semiprime
40063,40087,24,40067,4,0.16666666666666666,1282.418714816034,d4_semiprime
40151,40153,2,40152,32,0.5,159.00641297002156,d8_plus
40231,40237,6,40233,4,0.3333333333333333,243.85700535316738,d4_semiprime
40343,40351,8,40345,4,0.25,403.00059599962697,d4_semiprime
40433,40459,26,40435,4,0.07692307692307693,1241.1049030757704,d4_semiprime
40519,40529,10,40522,4,0.3,477.4348272880102,d4_semiprime
40597,40609,12,40601,4,0.3333333333333333,764.0355670387738,d4_semiprime
40709,40739,30,40711,4,0.06666666666666667,1507.264876201825,d4_semiprime
40813,40819,6,40814,4,0.16666666666666666,180.4861739795719,d4_semiprime
40867,40879,12,40871,4,0.3333333333333333,605.2385299501589,d4_semiprime
40939,40949,10,40943,4,0.4,403.55789053634976,d4_semiprime
41039,41047,8,41042,4,0.375,605.472581437927,d4_semiprime
41131,41141,10,41133,4,0.2,563.1066896338426,d4_semiprime
41189,41201,12,41191,4,0.16666666666666666,573.8083581293287,d4_semiprime
41243,41257,14,41253,4,0.7142857142857143,754.5460231562843,d4_semiprime
41351,41357,6,41353,4,0.3333333333333333,297.63802913634953,d4_semiprime
41413,41443,30,41414,4,0.03333333333333333,1371.4897197485755,d4_semiprime
41519,41521,2,41520,40,0.5,202.04467983895563,d8_plus
41603,41609,6,41605,8,0.3333333333333333,265.9001839286652,d8_plus
41651,41659,8,41653,4,0.25,436.12371600715176,d4_semiprime
41759,41761,2,41760,72,0.5,372.38929778947823,d8_plus
41849,41851,2,41850,48,0.5,244.7624827461053,d8_plus
41911,41927,16,41917,4,0.375,872.7667841331071,d4_semiprime
41969,41981,12,41977,4,0.6666666666666666,638.6898640713722,d4_semiprime
42043,42061,18,42046,4,0.16666666666666666,841.0863391317608,d4_semiprime
42139,42157,18,42145,4,0.3333333333333333,915.806635351606,d4_semiprime
42209,42221,12,42213,4,0.3333333333333333,617.7289435116495,d4_semiprime
42293,42299,6,42298,4,0.8333333333333334,308.92032411884344,d4_semiprime
42373,42379,6,42374,4,0.16666666666666666,202.4325529997045,d4_semiprime
42437,42443,6,42442,4,0.8333333333333334,255.74015327535122,d4_semiprime
42473,42487,14,42477,4,0.2857142857142857,884.5146352039393,d4_semiprime
42571,42577,6,42573,8,0.3333333333333333,266.47521029980214,d8_plus
42677,42683,6,42682,4,0.8333333333333334,309.1828511464906,d4_semiprime
42727,42737,10,42729,4,0.2,522.4727440274038,d4_semiprime
42797,42821,24,42799,4,0.08333333333333333,1173.0935068998429,d4_semiprime
42899,42901,2,42900,72,0.5,373.3319486720638,d8_plus
42961,42967,6,42962,4,0.16666666666666666,352.04895918241726,d4_semiprime
43049,43051,2,43050,48,0.5,245.41270272668515,d8_plus
43151,43159,8,43153,4,0.25,405.5559463032898,d4_semiprime
43261,43271,10,43269,4,0.8,464.3667605322807,d4_semiprime
43391,43397,6,43393,4,0.3333333333333333,331.02004766356833,d4_semiprime
43457,43481,24,43459,4,0.08333333333333333,1238.8576210755011,d4_semiprime
43577,43579,2,43578,20,0.5,96.14076943350801,d8_plus
43627,43633,6,43629,4,0.3333333333333333,331.18919582365646,d4_semiprime
43717,43721,4,43718,4,0.25,160.2832082760359,d4_semiprime
43789,43793,4,43791,8,0.5,309.9285983002929,d8_plus
43933,43943,10,43937,4,0.4,416.93085823800914,d4_semiprime
43991,43997,6,43994,4,0.5,416.9798056552293,d4_semiprime
44059,44071,12,44062,4,0.25,737.8467816202691,d4_semiprime
44129,44131,2,44130,16,0.5,74.86426571584515,d8_plus
44203,44207,4,44204,12,0.25,181.84208412271965,d8_plus
44273,44279,6,44277,4,0.6666666666666666,278.1528330474481,d4_semiprime
44383,44389,6,44386,4,0.5,385.2245028331121,d4_semiprime
44501,44507,6,44503,4,0.3333333333333333,310.3972804008816,d4_semiprime
44563,44579,16,44566,4,0.1875,781.4550198165706,d4_semiprime
44647,44651,4,44648,8,0.25,235.54509734385405,d8_plus
44711,44729,18,44713,4,0.1111111111111111,995.856933712146,d4_semiprime
44797,44809,12,44801,4,0.3333333333333333,749.7011667109616,d4_semiprime
44887,44893,6,44889,8,0.3333333333333333,396.34339233678554,d8_plus
44963,44971,8,44966,4,0.375,428.54743332826615,d4_semiprime
45077,45083,6,45079,4,0.3333333333333333,364.350350897967,d4_semiprime
45161,45179,18,45163,4,0.1111111111111111,771.7089686324301,d4_semiprime
45263,45281,18,45271,4,0.4444444444444444,1039.8834445416803,d4_semiprime
45329,45337,8,45335,4,0.75,353.81895487129236,d4_semiprime
45413,45427,14,45417,4,0.2857142857142857,729.212549491201,d4_semiprime
45523,45533,10,45527,4,0.4,482.6732647019155,d4_semiprime
45599,45613,14,45601,4,0.14285714285714285,911.8600598432574,d4_semiprime
45691,45697,6,45692,6,0.16666666666666666,525.7577702875369,d6
45779,45817,38,45781,4,0.05263157894736842,2108.835729586566,d4_semiprime
45863,45869,6,45865,4,0.3333333333333333,493.738612507844,d4_semiprime
45959,45971,12,45967,4,0.6666666666666666,687.0802377353286,d4_semiprime
46061,46073,12,46063,4,0.16666666666666666,547.630654252765,d4_semiprime
46147,46153,6,46149,4,0.3333333333333333,332.9295227805106,d4_semiprime
46229,46237,8,46231,4,0.25,354.4672148827157,d4_semiprime
46309,46327,18,46313,4,0.2222222222222222,913.1797572139362,d4_semiprime
46439,46441,2,46440,64,0.5,333.1234095101667,d8_plus
46489,46499,10,46491,4,0.2,462.1245497171603,d4_semiprime
46573,46589,16,46577,4,0.25,859.9138225361936,d4_semiprime
46649,46663,14,46651,4,0.14285714285714285,854.6699095484267,d4_semiprime
46727,46747,20,46729,4,0.1,1139.7421621958977,d4_semiprime
46817,46819,2,46818,30,0.5,150.55632232682743,d8_plus
46889,46901,12,46891,4,0.16666666666666666,720.6302415772295,d4_semiprime
47041,47051,10,47049,4,0.8,333.52544237970454,d4_semiprime
47119,47123,4,47122,4,0.75,247.49052093196377,d4_semiprime
47189,47207,18,47191,4,0.1111111111111111,1011.6341399616971,d4_semiprime
47293,47297,4,47295,12,0.5,193.75485634486083,d8_plus
47363,47381,18,47365,4,0.1111111111111111,958.1574570173615,d4_semiprime
47441,47459,18,47447,4,0.3333333333333333,678.3478029395415,d4_semiprime
47527,47533,6,47529,6,0.3333333333333333,366.15014590372397,d6
47609,47623,14,47611,4,0.14285714285714285,818.5890146726891,d4_semiprime
47681,47699,18,47683,4,0.1111111111111111,818.7064491028126,d4_semiprime
47743,47777,34,47746,4,0.08823529411764706,1756.155444607652,d4_semiprime
47837,47843,6,47839,4,0.3333333333333333,484.90232260527847,d4_semiprime
47933,47939,6,47935,4,0.3333333333333333,290.9957957974075,d4_semiprime
48017,48023,6,48019,4,0.3333333333333333,280.26352800779813,d4_semiprime
48119,48121,2,48120,32,0.5,161.72179755132925,d8_plus
48193,48197,4,48194,4,0.25,237.22625307319208,d4_semiprime
48299,48311,12,48301,4,0.16666666666666666,690.2555806637432,d4_semiprime
48397,48407,10,48401,4,0.4,523.182904991709,d4_semiprime
48479,48481,2,48480,48,0.5,248.14485227709352,d8_plus
48539,48541,2,48540,24,0.5,118.69157827208652,d8_plus
48623,48647,24,48629,4,0.25,1241.0939007987347,d4_semiprime
48733,48751,18,48742,4,0.5,906.7215296847139,d4_semiprime
48787,48799,12,48791,4,0.3333333333333333,626.1288806964005,d4_semiprime
48859,48869,10,48863,4,0.4,529.0426866713873,d4_semiprime
48973,48989,16,48979,4,0.375,766.7425543610601,d4_semiprime
49037,49043,6,49041,6,0.6666666666666666,302.4109435728831,d6
49121,49123,2,49122,12,0.5,54.01031139302251,d8_plus
49199,49201,2,49200,60,0.5,313.30581817193155,d8_plus
49277,49279,2,49278,16,0.5,75.63663109077774,d8_plus
49367,49369,2,49368,48,0.5,248.56232756002075,d8_plus
49433,49451,18,49435,4,0.1111111111111111,1102.4726042770717,d4_semiprime
49529,49531,2,49530,32,0.5,162.15500738373424,d8_plus
49613,49627,14,49615,4,0.14285714285714285,627.1050799781016,d4_semiprime
49697,49711,14,49699,4,0.14285714285714285,800.2234464225855,d4_semiprime
49787,49789,2,49788,24,0.5,118.97082197132954,d8_plus
49843,49853,10,49846,4,0.3,475.9368023099058,d4_semiprime
49937,49939,2,49938,32,0.5,162.27806272461225,d8_plus
50023,50033,10,50026,4,0.3,605.9386352172702,d4_semiprime
50093,50101,8,50097,4,0.5,573.5508496313626,d4_semiprime
50153,50159,6,50156,6,0.5,183.98900881518637,d6
50263,50273,10,50269,4,0.6,487.13041947515904,d4_semiprime
50341,50359,18,50342,4,0.05555555555555555,931.1016689565531,d4_semiprime
50417,50423,6,50419,4,0.3333333333333333,205.73472080662236,d4_semiprime
50527,50539,12,50529,4,0.16666666666666666,400.7237332343391,d4_semiprime
50593,50599,6,50597,4,0.6666666666666666,270.7908135970415,d4_semiprime
50723,50741,18,50729,4,0.3333333333333333,964.2547471362514,d4_semiprime
50833,50839,6,50837,4,0.6666666666666666,205.89095885411973,d4_semiprime
50909,50923,14,50914,4,0.35714285714285715,747.8185988666185,d4_semiprime
50989,50993,4,50990,8,0.25,108.39406386541246,d8_plus
51071,51109,38,51073,4,0.05263157894736842,2173.683842399989,d4_semiprime
51193,51197,4,51196,6,0.75,130.12066813260236,d6
51257,51263,6,51259,4,0.3333333333333333,249.42743504159674,d4_semiprime
51347,51349,2,51348,24,0.5,119.31019392825299,d8_plus
51427,51431,4,51429,16,0.5,271.1988595863574,d8_plus
51481,51487,6,51482,4,0.16666666666666666,151.8864661363595,d4_semiprime
51551,51563,12,51553,4,0.16666666666666666,651.0260336034607,d4_semiprime
51631,51637,6,51633,6,0.3333333333333333,303.85429499733897,d6
51713,51719,6,51715,4,0.3333333333333333,293.0445658062635,d4_semiprime
51803,51817,14,51806,4,0.21428571428571427,727.3087574631688,d4_semiprime
51871,51893,22,51873,4,0.09090909090909091,1042.2463491259448,d4_semiprime
51971,51973,2,51972,24,0.5,119.4430643010289,d8_plus
52057,52067,10,52058,4,0.1,466.98834919500166,d4_semiprime
52147,52153,6,52149,4,0.3333333333333333,336.7187809975397,d4_semiprime
52223,52237,14,52226,4,0.21428571428571427,771.3014512710296,d4_semiprime
52301,52313,12,52303,4,0.16666666666666666,575.8389879067669,d4_semiprime
52391,52433,42,52397,4,0.14285714285714285,2401.5812121225467,d4_semiprime
52529,52541,12,52531,4,0.16666666666666666,728.2385092704408,d4_semiprime
52583,52609,26,52586,4,0.11538461538461539,1391.4124096664234,d4_semiprime
52691,52697,6,52694,4,0.5,228.31750825203582,d4_semiprime
52757,52769,12,52759,4,0.16666666666666666,641.5412342070471,d4_semiprime
52861,52879,18,52862,4,0.05555555555555555,946.1761065349353,d4_semiprime
52951,52957,6,52952,8,0.16666666666666666,304.56127332273593,d8_plus
53017,53047,30,53021,4,0.13333333333333333,1620.9224908898054,d4_semiprime
53101,53113,12,53107,4,0.5,631.0441841278514,d4_semiprime
53173,53189,16,53177,4,0.25,696.4128189160513,d4_semiprime
53267,53269,2,53268,24,0.5,119.71400160084238,d8_plus
53353,53359,6,53357,4,0.6666666666666666,174.15568001610072,d4_semiprime
53437,53441,4,53439,8,0.5,250.38492246964205,d8_plus
53551,53569,18,53553,4,0.1111111111111111,925.5313146987005,d4_semiprime
53623,53629,6,53626,4,0.5,359.36312161229563,d4_semiprime
53699,53717,18,53701,4,0.1111111111111111,1001.9991752250955,d4_semiprime
53791,53813,22,53797,4,0.2727272727272727,1187.3437757282181,d4_semiprime
53881,53887,6,53883,6,0.3333333333333333,217.89194435408203,d6
53939,53951,12,53943,4,0.3333333333333333,762.6995116458367,d4_semiprime
54037,54049,12,54039,4,0.16666666666666666,566.6721688250516,d4_semiprime
54139,54151,12,54141,4,0.16666666666666666,762.9598885111425,d4_semiprime
54269,54277,8,54271,4,0.25,501.4812231726744,d4_semiprime
54347,54361,14,54357,4,0.7142857142857143,839.5523157957915,d4_semiprime
54409,54413,4,54410,8,0.25,119.9475745570631,d8_plus
54493,54497,4,54494,8,0.25,272.64675263318713,d8_plus
54547,54559,12,54551,4,0.3333333333333333,556.2531071552846,d4_semiprime
54623,54629,6,54627,8,0.6666666666666666,359.9724599693779,d8_plus
54713,54721,8,54719,4,0.75,698.237311712925,d4_semiprime
54799,54829,30,54803,4,0.13333333333333333,1778.6052038467108,d4_semiprime
54917,54919,2,54918,24,0.5,120.04956086874117,d8_plus
54983,55001,18,54987,4,0.2222222222222222,1167.8996640988162,d4_semiprime
55073,55079,6,55078,4,0.8333333333333334,229.24565616973285,d4_semiprime
55171,55201,30,55177,4,0.2,1867.061752806971,d4_semiprime
55249,55259,10,55253,4,0.4,447.70652304678555,d4_semiprime
55343,55351,8,55345,4,0.25,469.62007372414456,d4_semiprime
55457,55469,12,55459,4,0.16666666666666666,622.6366262142974,d4_semiprime
55579,55589,10,55582,4,0.3,491.6538122942194,d4_semiprime
55633,55639,6,55634,4,0.16666666666666666,251.31183178347266,d4_semiprime
55697,55711,14,55702,4,0.35714285714285715,721.2361750652857,d4_semiprime
55799,55807,8,55801,4,0.25,622.9847922131847,d4_semiprime
55843,55849,6,55847,4,0.6666666666666666,382.5625404023282,d4_semiprime
55927,55931,4,55928,8,0.25,229.56881902630067,d8_plus
56009,56039,30,56011,4,0.06666666666666667,1618.1624775618104,d4_semiprime
56099,56101,2,56100,72,0.5,382.72118820287756,d8_plus
56179,56197,18,56183,4,0.2222222222222222,809.2987821676741,d4_semiprime
56267,56269,2,56268,24,0.5,120.31669395765344,d8_plus
56383,56393,10,56387,4,0.4,612.640723199484,d4_semiprime
56467,56473,6,56471,4,0.6666666666666666,295.4198684121555,d4_semiprime
56519,56527,8,56521,4,0.25,536.177070445278,d4_semiprime
56599,56611,12,56605,4,0.5,875.5090910975906,d4_semiprime
56681,56687,6,56683,4,0.3333333333333333,251.74044005511684,d4_semiprime
56767,56773,6,56769,8,0.3333333333333333,394.0838661753522,d8_plus
56827,56843,16,56831,4,0.25,853.9375853109228,d4_semiprime
56911,56921,10,56915,4,0.4,569.3652522950973,d4_semiprime
56983,56989,6,56986,4,0.5,273.7639699102053,d4_semiprime
57073,57077,4,57074,4,0.25,120.47340626768086,d4_semiprime
57143,57149,6,57146,4,0.5,273.83425686841707,d4_semiprime
57203,57221,18,57206,4,0.16666666666666666,832.5428452329462,d4_semiprime
57283,57287,4,57286,4,0.75,153.3810997795543,d4_semiprime
57373,57383,10,57374,4,0.1,591.7000060014157,d4_semiprime
57487,57493,6,57489,4,0.3333333333333333,208.22813360915728,d4_semiprime
57587,57593,6,57589,8,0.3333333333333333,306.91103971430704,d8_plus
57679,57689,10,57683,4,0.4,778.3528410804594,d4_semiprime
57731,57737,6,57733,4,0.3333333333333333,274.08996904803,d4_semiprime
57803,57809,6,57805,8,0.3333333333333333,197.36722679425515,d8_plus
57899,57901,2,57900,36,0.5,186.43003528053848,d8_plus
57991,58013,22,57997,4,0.2727272727272727,1085.8533888164386,d4_semiprime
58067,58073,6,58069,4,0.3333333333333333,329.08240926628196,d4_semiprime
58153,58169,16,58154,4,0.0625,767.968058777873,d4_semiprime
58217,58229,12,58219,4,0.16666666666666666,537.6292533361003,d4_semiprime
58313,58321,8,58319,4,0.75,570.6312358953749,d4_semiprime
58393,58403,10,58397,4,0.4,559.7269856945521,d4_semiprime
58453,58477,24,58459,4,0.25,1350.071124970808,d4_semiprime
58573,58579,6,58574,4,0.16666666666666666,318.3643638627053,d4_semiprime
58679,58687,8,58681,8,0.25,538.0143740274696,d8_plus
58757,58763,6,58759,4,0.3333333333333333,307.47394651317285,d4_semiprime
58897,58901,4,58899,8,0.5,274.589688524604,d8_plus
58963,58967,4,58966,4,0.75,65.90817899949991,d4_semiprime
59023,59029,6,59027,4,0.6666666666666666,362.5286568762569,d4_semiprime
59093,59107,14,59097,4,0.2857142857142857,758.100626555499,d4_semiprime
59167,59183,16,59173,4,0.375,791.1538965957616,d4_semiprime
59239,59243,4,59242,8,0.75,230.77668460100426,d8_plus
59357,59359,2,59358,16,0.5,76.93939529185894,d8_plus
59407,59417,10,59411,6,0.4,593.581126758838,d6
59471,59473,2,59472,60,0.5,318.80456588357396,d8_plus
59567,59581,14,59569,4,0.14285714285714285,846.6120303621564,d4_semiprime
59659,59663,4,59662,8,0.75,208.93210847906082,d8_plus
59729,59743,14,59734,4,0.35714285714285715,813.8282828588319,d4_semiprime
59809,59833,24,59811,4,0.08333333333333333,1198.9073248290742,d4_semiprime
59957,59971,14,59959,4,0.14285714285714285,638.087046934162,d4_semiprime
60037,60041,4,60038,8,0.25,253.06344135863964,d8_plus
60107,60127,20,60113,4,0.3,1122.41355510004,d4_semiprime
60209,60217,8,60211,4,0.25,550.2823936009182,d4_semiprime
60293,60317,24,60299,4,0.25,1243.8090988205954,d4_semiprime
60397,60413,16,60403,4,0.375,737.5907243301681,d4_semiprime
60509,60521,12,60511,4,0.16666666666666666,732.2082514233185,d4_semiprime
60611,60617,6,60614,4,0.5,198.2210775248629,d4_semiprime
60661,60679,18,60677,4,0.8888888888888888,925.1101933549019,d4_semiprime
60757,60761,4,60758,8,0.25,341.45511461554054,d8_plus
60859,60869,10,60861,4,0.2,462.6882857711521,d4_semiprime
60919,60923,4,60922,8,0.75,165.25993266752118,d8_plus
61027,61031,4,61029,6,0.5,220.38202325537392,d6
61129,61141,12,61133,4,0.3333333333333333,606.1462386748373,d4_semiprime
61231,61253,22,61233,4,0.09090909090909091,1399.8693929721076,d4_semiprime
61339,61343,4,61342,4,0.75,143.31458341140768,d4_semiprime
61417,61441,24,61421,4,0.16666666666666666,1433.3335499984096,d4_semiprime
61507,61511,4,61508,6,0.25,132.32328167173648,d6
61583,61603,20,61591,4,0.4,1279.2854467750044,d4_semiprime
61651,61657,6,61653,4,0.3333333333333333,308.8207339044072,d4_semiprime
61723,61729,6,61727,4,0.6666666666666666,275.76164247017255,d4_semiprime
61837,61843,6,61839,6,0.3333333333333333,286.8400286116806,d6
61949,61961,12,61951,4,0.16666666666666666,739.2873788778878,d4_semiprime
62011,62017,6,62013,8,0.3333333333333333,452.4404427443086,d8_plus
62099,62119,20,62102,4,0.15,1346.4696262230984,d4_semiprime
62189,62191,2,62190,24,0.5,121.41744443507729,d8_plus
62297,62299,2,62298,12,0.5,55.19842300765754,d8_plus
62351,62383,32,62353,4,0.0625,1843.8134248294614,d4_semiprime
62477,62483,6,62479,4,0.3333333333333333,452.7463210426459,d4_semiprime
62563,62581,18,62569,4,0.3333333333333333,1016.0553707623209,d4_semiprime
62639,62653,14,62641,4,0.14285714285714285,1115.5687387163073,d4_semiprime
62743,62753,10,62747,4,0.4,784.3283020574557,d4_semiprime
62851,62861,10,62857,4,0.6,607.673251163532,d4_semiprime
62929,62939,10,62938,4,0.9,530.391931443731,d4_semiprime
62989,63029,40,63001,3,0.3,2270.9862481398523,d3_prime_square
63103,63113,10,63107,4,0.4,618.9455678840874,d4_semiprime
63211,63241,30,63214,4,0.1,1713.4479681860084,d4_semiprime
63317,63331,14,63319,4,0.14285714285714285,619.1374179838892,d4_semiprime
63389,63391,2,63390,16,0.5,77.39942979494748,d8_plus
63463,63467,4,63464,8,0.25,99.52419466565567,d8_plus
63533,63541,8,63537,4,0.5,464.49431947877974,d4_semiprime
63601,63607,6,63605,4,0.6666666666666666,243.329181636215,d4_semiprime
63667,63671,4,63669,8,0.5,121.67595232249319,d8_plus
63727,63737,10,63731,4,0.4,542.0596613920546,d4_semiprime
63803,63809,6,63807,4,0.6666666666666666,265.5262721322262,d4_semiprime
63901,63907,6,63905,4,0.6666666666666666,210.23751359334105,d4_semiprime
64013,64019,6,64018,4,0.8333333333333334,243.4712933414943,d4_semiprime
64091,64109,18,64093,4,0.1111111111111111,907.5922455737673,d4_semiprime
64189,64217,28,64191,4,0.07142857142857142,1483.3511412406096,d4_semiprime
64301,64303,2,64302,16,0.5,77.49942209758737,d8_plus
64403,64433,30,64406,4,0.1,1627.7528566568526,d4_semiprime
64513,64553,40,64514,4,0.025,2165.1484206599957,d4_semiprime
64613,64621,8,64615,4,0.25,509.50692602876967,d4_semiprime
64693,64709,16,64697,4,0.25,797.5820056343375,d4_semiprime
64793,64811,18,64795,4,0.1111111111111111,997.1176088492783,d4_semiprime
64891,64901,10,64895,4,0.4,631.5917613503011,d4_semiprime
64997,65003,6,64999,8,0.3333333333333333,432.2033132450497,d8_plus
65071,65089,18,65074,4,0.16666666666666666,1119.4202287955818,d4_semiprime
65141,65147,6,65143,4,0.3333333333333333,432.2892805073786,d4_semiprime
65213,65239,26,65215,4,0.07692307692307693,1241.5903299097754,d4_semiprime
65323,65327,4,65326,8,0.75,210.65544110030007,d8_plus
65407,65413,6,65409,4,0.3333333333333333,454.6257088067022,d4_semiprime
65497,65519,22,65498,4,0.045454545454545456,1075.7226973454317,d4_semiprime
65563,65579,16,65566,4,0.1875,820.7246885605415,d4_semiprime
65633,65647,14,65635,4,0.14285714285714285,709.8842557286941,d4_semiprime
65707,65713,6,65711,4,0.6666666666666666,310.60443790104506,d4_semiprime
65789,65809,20,65791,4,0.1,1309.1335125094752,d4_semiprime
65851,65867,16,65855,4,0.25,865.429678869611,d4_semiprime
65957,65963,6,65959,4,0.3333333333333333,366.19473687455877,d4_semiprime
66047,66067,20,66049,3,0.1,1337.3428990794948,d3_prime_square
66137,66161,24,66142,4,0.20833333333333334,1465.1563003216172,d4_semiprime
66271,66293,22,66273,4,0.09090909090909091,1087.9627495697675,d4_semiprime
66373,66377,4,66376,8,0.75,233.16453066464067,d8_plus
66463,66467,4,66466,8,0.75,277.6106489418565,d8_plus
66533,66541,8,66537,6,0.5,399.7987251097333,d6
66617,66629,12,66622,4,0.4166666666666667,533.1267518487747,d4_semiprime
66721,66733,12,66727,4,0.5,633.1771915983811,d4_semiprime
66809,66821,12,66811,4,0.16666666666666666,766.5681189962928,d4_semiprime
66889,66919,30,66893,4,0.13333333333333333,1566.6543082545365,d4_semiprime
66973,66977,4,66974,4,0.25,388.92294278254957,d4_semiprime
67061,67073,12,67063,4,0.16666666666666666,733.4881992250691,d4_semiprime
67141,67153,12,67143,4,0.16666666666666666,700.2225729562729,d4_semiprime
67213,67217,4,67214,8,0.25,111.1565320357403,d8_plus
67289,67307,18,67291,4,0.1111111111111111,889.3516808726097,d4_semiprime
67409,67411,2,67410,48,0.5,255.72661903849215,d8_plus
67477,67481,4,67478,4,0.25,211.2720700997411,d4_semiprime
67537,67547,10,67538,4,0.1,411.45877031628714,d4_semiprime
67601,67607,6,67603,4,0.3333333333333333,222.42847821504654,d4_semiprime
67723,67733,10,67726,4,0.3,711.8883766302371,d4_semiprime
67783,67789,6,67786,4,0.5,322.599483455676,d4_semiprime
67867,67883,16,67871,4,0.25,923.4092148816119,d4_semiprime
67943,67957,14,67951,4,0.5714285714285714,845.6154950843064,d4_semiprime
68041,68053,12,68047,4,0.5,467.3745937100546,d4_semiprime
68141,68147,6,68143,4,0.3333333333333333,333.8814398076978,d4_semiprime
68219,68227,8,68221,4,0.25,556.5265583358533,d4_semiprime
68351,68371,20,68353,4,0.1,1235.712536453384,d4_semiprime
68473,68477,4,68474,16,0.25,322.8925542433677,d8_plus
68531,68539,8,68533,4,0.25,256.10729637193845,d4_semiprime
68639,68659,20,68641,4,0.1,1264.0174067795433,d4_semiprime
68729,68737,8,68734,4,0.625,490.07131275739675,d4_semiprime
68813,68819,6,68815,4,0.3333333333333333,389.8717334846084,d4_semiprime
68897,68899,2,68898,8,0.5,33.42114728701273,d8_plus
68993,69001,8,68995,4,0.25,523.6665327804459,d4_semiprime
69073,69109,36,69074,4,0.027777777777777776,2039.202139355477,d4_semiprime
69191,69193,2,69192,36,0.5,189.4588889757679,d8_plus
69257,69259,2,69258,32,0.5,167.18390911264453,d8_plus
69379,69383,4,69382,8,0.75,144.91575951217456,d8_plus
69439,69457,18,69442,4,0.16666666666666666,1159.4250041264002,d4_semiprime
69497,69499,2,69498,48,0.5,256.4282248456892,d8_plus
69677,69691,14,69679,4,0.14285714285714285,925.5927424647441,d4_semiprime
69767,69779,12,69769,4,0.16666666666666666,769.5557318857475,d4_semiprime
69857,69859,2,69858,12,0.5,55.77109944632536,d8_plus
69959,69991,32,69961,4,0.0625,1929.9650973140242,d4_semiprime
70051,70061,10,70054,4,0.3,613.6382749052749,d4_semiprime
70121,70123,2,70122,32,0.5,167.3698779174182,d8_plus
70183,70199,16,70187,4,0.25,658.3794046483667,d4_semiprime
70249,70271,22,70251,4,0.09090909090909091,1026.7160434234133,d4_semiprime
70351,70373,22,70355,4,0.18181818181818182,1160.7861980242508,d4_semiprime
70451,70457,6,70453,4,0.3333333333333333,413.02026714126544,d4_semiprime
70529,70537,8,70531,4,0.25,368.40644503255845,d4_semiprime
70607,70619,12,70611,4,0.3333333333333333,658.7332312591526,d4_semiprime
70687,70709,22,70689,4,0.09090909090909091,1138.951142792,d4_semiprime
70823,70841,18,70827,4,0.2222222222222222,1105.6404548910266,d4_semiprime
70891,70901,10,70894,4,0.3,457.92783974261613,d4_semiprime
70957,70969,12,70961,4,0.3333333333333333,636.6853737019082,d4_semiprime
71023,71039,16,71031,4,0.5,714.9354072909368,d4_semiprime
71143,71147,4,71146,4,0.75,212.27700310061783,d4_semiprime
71209,71233,24,71215,4,0.25,1396.6959349210056,d4_semiprime
71293,71317,24,71297,4,0.16666666666666666,1396.839430268369,d4_semiprime
71353,71359,6,71354,4,0.16666666666666666,223.50884634720657,d4_semiprime
71419,71429,10,71425,6,0.6,681.7594487566256,d6
71483,71503,20,71493,4,0.5,1341.2815850258382,d4_semiprime
71593,71597,4,71594,4,0.25,190.03932467707585,d4_semiprime
71707,71711,4,71709,16,0.5,279.50923276031875,d8_plus
71789,71807,18,71794,4,0.2777777777777778,905.7102851034989,d4_semiprime
71867,71879,12,71869,4,0.16666666666666666,715.6903286769824,d4_semiprime
71941,71947,6,71943,4,0.3333333333333333,301.95859196464096,d4_semiprime
72019,72031,12,72021,4,0.16666666666666666,659.9022057626848,d4_semiprime
72091,72101,10,72095,4,0.4,604.0313316585351,d4_semiprime
72173,72211,38,72179,4,0.15789473684210525,2181.4828495429038,d4_semiprime
72253,72269,16,72257,4,0.25,783.1635223422518,d4_semiprime
72341,72353,12,72343,4,0.16666666666666666,716.1116957933912,d4_semiprime
72467,72469,2,72468,48,0.5,257.3907083742057,d8_plus
72551,72559,8,72553,4,0.25,447.68433772288495,d4_semiprime
72649,72661,12,72659,4,0.8333333333333334,772.3512955478666,d4_semiprime
72719,72727,8,72721,6,0.25,626.8865356748848,d6
72823,72859,36,72827,4,0.1111111111111111,2026.4814310529357,d4_semiprime
72901,72907,6,72902,4,0.16666666666666666,235.13503910614241,d4_semiprime
72959,72973,14,72965,4,0.42857142857142855,951.8061036391097,d4_semiprime
73039,73043,4,73041,8,0.5,279.96918610046873,d8_plus
73133,73141,8,73135,4,0.25,616.005451591182,d4_semiprime
73291,73303,12,73301,4,0.8333333333333334,593.7206546570004,d4_semiprime
73369,73379,10,73373,4,0.4,593.7755124684696,d4_semiprime
73471,73477,6,73475,6,0.6666666666666666,470.59683538385195,d6
73553,73561,8,73558,4,0.625,571.4964202813427,d4_semiprime
73613,73637,24,73615,4,0.08333333333333333,1389.637135147322,d4_semiprime
73699,73709,10,73703,4,0.4,560.3897220286494,d4_semiprime
73819,73823,4,73821,8,0.5,123.30335665922695,d8_plus
73897,73907,10,73901,4,0.4,605.3664414642933,d4_semiprime
74017,74021,4,74019,8,0.5,168.18112941861577,d8_plus
74093,74099,6,74098,4,0.8333333333333334,291.5408081109118,d4_semiprime
74167,74177,10,74171,4,0.4,627.9923968353411,d4_semiprime
74231,74257,26,74233,4,0.07692307692307693,1872.9286466815151,d4_semiprime
74323,74353,30,74329,4,0.2,1671.2398221477313,d4_semiprime
74413,74419,6,74417,4,0.6666666666666666,291.6530556574251,d4_semiprime
74509,74521,12,74513,4,0.3333333333333333,875.0652950636679,d4_semiprime
74587,74597,10,74591,4,0.4,729.2862820072105,d4_semiprime
74699,74707,8,74701,4,0.25,650.8333248379001,d4_semiprime
74759,74761,2,74760,64,0.5,347.8831861086545,d8_plus
74843,74857,14,74845,4,0.14285714285714285,897.8572268627656,d4_semiprime
74903,74923,20,74909,4,0.3,1055.0627474684218,d4_semiprime
75017,75029,12,75022,4,0.4166666666666667,639.85608406841,d4_semiprime
75149,75161,12,75151,4,0.16666666666666666,752.2283270271313,d4_semiprime
75217,75223,6,75219,4,0.3333333333333333,348.07358468268325,d4_semiprime
75289,75307,18,75291,4,0.1111111111111111,999.4002783235296,d4_semiprime
75377,75389,12,75379,4,0.16666666666666666,505.3651678583979,d4_semiprime
75479,75503,24,75489,4,0.4166666666666667,1392.7348303855588,d4_semiprime
75553,75557,4,75554,8,0.25,213.41973326019152,d8_plus
75629,75641,12,75631,4,0.16666666666666666,730.1893659591975,d4_semiprime
75707,75709,2,75708,24,0.5,123.58103025574691,d8_plus
75781,75787,6,75783,4,0.3333333333333333,191.00605389858518,d4_semiprime
75883,75913,30,75889,4,0.2,1842.8896924375308,d4_semiprime
75989,75991,2,75990,32,0.5,168.57535547495746,d8_plus
76081,76091,10,76085,4,0.4,370.90760312412647,d4_semiprime
76159,76163,4,76161,8,0.5,415.90200994119004,d8_plus
76259,76261,2,76260,48,0.5,258.56378816846575,d8_plus
76369,76379,10,76371,4,0.2,393.5186804084884,d4_semiprime
76463,76471,8,76469,4,0.75,562.2299822640402,d4_semiprime
76537,76541,4,76539,8,0.5,281.13889234388046,d8_plus
76631,76649,18,76633,4,0.1111111111111111,1124.6865276467367,d4_semiprime
76733,76753,20,76737,4,0.2,1372.2822685110432,d4_semiprime
76829,76831,2,76830,32,0.5,168.7402570179252,d8_plus
76913,76919,6,76915,4,0.3333333333333333,213.75881071737277,d4_semiprime
77017,77023,6,77019,4,0.3333333333333333,236.28843628810807,d4_semiprime
77093,77101,8,77095,8,0.25,461.366020621861,d8_plus
77201,77213,12,77206,4,0.4166666666666667,450.17013998341855,d4_semiprime
77267,77269,2,77268,24,0.5,123.80538695058802,d8_plus
77351,77359,8,77353,4,0.25,416.47757633774,d4_semiprime
77447,77471,24,77449,4,0.08333333333333333,1373.415195789724,d4_semiprime
77521,77527,6,77523,4,0.3333333333333333,247.6838005655201,d4_semiprime
77569,77573,4,77570,8,0.25,281.473826254752,d8_plus
77647,77659,12,77651,4,0.3333333333333333,731.9003035014439,d4_semiprime
77719,77723,4,77722,4,0.75,213.9565544992616,d4_semiprime
77797,77801,4,77799,4,0.5,168.92836067713029,d4_semiprime
77899,77929,30,77905,4,0.2,1937.2996836678922,d4_semiprime
78007,78017,10,78009,4,0.2,709.6711865492617,d4_semiprime
78121,78137,16,78123,4,0.125,709.7652808208377,d4_semiprime
78179,78191,12,78181,4,0.16666666666666666,709.8099987308103,d4_semiprime
78277,78283,6,78278,4,0.16666666666666666,304.2373825755632,d4_semiprime
78367,78401,34,78371,4,0.11764705882352941,2315.8592866186755,d4_semiprime
78497,78509,12,78499,4,0.16666666666666666,710.0657194038943,d4_semiprime
78571,78577,6,78573,8,0.3333333333333333,281.79503063564255,d8_plus
78653,78691,38,78655,4,0.05263157894736842,2265.8823594670075,d4_semiprime
78781,78787,6,78783,4,0.3333333333333333,225.48943111666387,d4_semiprime
78839,78853,14,78847,4,0.5714285714285714,1071.1476330761573,d4_semiprime
78919,78929,10,78922,4,0.3,507.4307148817476,d4_semiprime
79043,79063,20,79045,4,0.1,1263.1217127373432,d4_semiprime
79151,79153,2,79152,40,0.5,214.3033813358823,d8_plus
79231,79241,10,79238,4,0.7,733.2121669833191,d4_semiprime
79319,79333,14,79321,4,0.14285714285714285,879.942916607482,d4_semiprime
79393,79397,4,79396,12,0.75,214.36159759478875,d8_plus
79481,79493,12,79483,4,0.16666666666666666,801.1181397045077,d4_semiprime
79589,79601,12,79595,4,0.5,835.0684986355507,d4_semiprime
79657,79669,12,79658,4,0.08333333333333333,744.8471069951555,d4_semiprime
79769,79777,8,79771,4,0.25,519.1994580445694,d4_semiprime
79841,79843,2,79842,16,0.5,79.01463472540259,d8_plus
79903,79907,4,79906,4,0.75,214.48315530281127,d4_semiprime
79987,79997,10,79991,4,0.4,632.2221868644019,d4_semiprime
80107,80111,4,80110,8,0.75,191.9494143004104,d8_plus
80177,80191,14,80183,4,0.42857142857142855,1061.4557757369687,d4_semiprime
80251,80263,12,80254,4,0.25,858.2680687033211,d4_semiprime
80341,80347,6,80345,4,0.6666666666666666,327.5281081529394,d4_semiprime
80449,80471,22,80453,4,0.18181818181818182,1197.32420196305,d4_semiprime
80537,80557,20,80539,4,0.1,1140.956632400118,d4_semiprime
80629,80651,22,80633,4,0.18181818181818182,1400.9208364233218,d4_semiprime
80687,80701,14,80689,4,0.14285714285714285,824.7852679490935,d4_semiprime
80779,80783,4,80781,4,0.5,192.0913758857067,d4_semiprime
80849,80863,14,80851,4,0.14285714285714285,915.3320315092478,d4_semiprime
80933,80953,20,80935,4,0.1,1243.1635084590373,d4_semiprime
81023,81031,8,81027,8,0.5,599.0344246332646,d8_plus
81077,81083,6,81079,4,0.3333333333333333,373.0055448182894,d4_semiprime
81173,81181,8,81177,4,0.5,666.9597337723839,d4_semiprime
81281,81283,2,81282,32,0.5,169.58519803213187,d8_plus
81353,81359,6,81355,8,0.3333333333333333,361.8105806841258,d8_plus
81457,81463,6,81461,6,0.6666666666666666,248.77297189969056,d6
81553,81559,6,81556,6,0.5,271.41723144898543,d6
81647,81649,2,81648,70,0.5,384.5458685123276,d8_plus
81703,81707,4,81706,4,0.75,169.66298374177077,d4_semiprime
81799,81817,18,81803,4,0.2222222222222222,1085.9647058489454,d4_semiprime
81901,81919,18,81905,4,0.2222222222222222,848.5040205810811,d4_semiprime
81971,81973,2,81972,60,0.5,328.1098571310756,d8_plus
82037,82039,2,82038,24,0.5,124.46431616890851,d8_plus
82153,82163,10,82154,4,0.1,577.1367640546194,d4_semiprime
82217,82219,2,82218,16,0.5,79.21990674621979,d8_plus
82279,82301,22,82281,4,0.09090909090909091,1290.2519718086573,d4_semiprime
82387,82393,6,82391,4,0.6666666666666666,350.89582409955915,d4_semiprime
82487,82493,6,82489,4,0.3333333333333333,350.9331847240581,d4_semiprime
82561,82567,6,82562,4,0.16666666666666666,339.64018577627354,d4_semiprime
82633,82651,18,82637,4,0.2222222222222222,996.3614663740238,d4_semiprime
82757,82759,2,82758,16,0.5,79.26573175712502,d8_plus
82811,82813,2,82812,24,0.5,124.56761083149462,d8_plus
82913,82939,26,82919,4,0.23076923076923078,1404.3865141496422,d4_semiprime
83047,83059,12,83051,4,0.3333333333333333,792.9061798231951,d4_semiprime
83117,83137,20,83119,4,0.1,1132.8127602307347,d4_semiprime
83231,83233,2,83232,54,0.5,294.5640663744578,d8_plus
83311,83339,28,83318,4,0.25,1722.2367127073858,d4_semiprime
83407,83417,10,83409,4,0.2,555.2456578179876,d4_semiprime
83459,83471,12,83461,4,0.16666666666666666,691.262495293416,d4_semiprime
83579,83591,12,83587,4,0.6666666666666666,748.0178605700803,d4_semiprime
83653,83663,10,83659,4,0.6,623.3966960792366,d4_semiprime
83773,83777,4,83774,4,0.25,374.084677469105,d4_semiprime
83873,83891,18,83879,4,0.3333333333333333,1156.3912991094433,d4_semiprime
83983,83987,4,83986,12,0.75,238.10621567092824,d8_plus
84061,84067,6,84062,8,0.16666666666666666,306.16205727749065,d8_plus
84163,84179,16,84166,4,0.1875,861.8854764581725,d4_semiprime
84229,84239,10,84233,4,0.4,419.63010686214847,d4_semiprime
84319,84347,28,84327,4,0.2857142857142857,1531.2379353562214,d4_semiprime
84421,84431,10,84427,6,0.6,442.40139553031185,d6
84481,84499,18,84489,4,0.4444444444444444,839.4844147652585,d4_semiprime
84559,84589,30,84562,4,0.1,1815.2608268839872,d4_semiprime
84673,84691,18,84674,4,0.05555555555555555,856.6734900801797,d4_semiprime
84751,84761,10,84757,4,0.6,590.0719141377903,d4_semiprime
84859,84869,10,84863,4,0.4,680.9282209570243,d4_semiprime
84977,84979,2,84978,12,0.5,56.75073839221226,d8_plus
85061,85081,20,85066,4,0.25,1294.0416813741563,d4_semiprime
85133,85147,14,85135,4,0.14285714285714285,919.515996419973,d4_semiprime
85229,85237,8,85231,4,0.25,351.94718122252056,d4_semiprime
85313,85331,18,85317,4,0.2222222222222222,1169.4812419625584,d4_semiprime
85427,85429,2,85428,48,0.5,261.1748714825131,d8_plus
85513,85517,4,85516,6,0.75,181.7030480045579,d6
85601,85607,6,85603,6,0.3333333333333333,238.50719804177598,d6
85667,85669,2,85668,36,0.5,193.08998886793782,d8_plus
85781,85793,12,85783,4,0.16666666666666666,715.6561288452087,d4_semiprime
85843,85847,4,85846,4,0.75,147.6838355096316,d4_semiprime
85991,85999,8,85993,4,0.25,545.3780746799247,d4_semiprime
86083,86111,28,86087,4,0.14285714285714285,1670.3950307481323,d4_semiprime
86171,86179,8,86173,8,0.25,454.5652995994047,d8_plus
86249,86257,8,86251,4,0.25,534.156815909739,d4_semiprime
86311,86323,12,86313,4,0.16666666666666666,602.3870401830574,d4_semiprime
86381,86389,8,86383,4,0.25,409.19678522028966,d4_semiprime
86461,86467,6,86465,4,0.6666666666666666,284.1870392689622,d4_semiprime
86539,86561,22,86542,4,0.13636363636363635,1227.7957842394728,d4_semiprime
86677,86689,12,86683,4,0.5,864.1223541505268,d4_semiprime
86767,86771,4,86770,8,0.75,307.01694233890163,d8_plus
86861,86869,8,86863,4,0.25,511.74531642195416,d4_semiprime
86969,86981,12,86971,4,0.16666666666666666,739.2690605374521,d4_semiprime
87071,87083,12,87077,4,0.5,750.7195749889532,d4_semiprime
87149,87151,2,87150,48,0.5,261.63387917180785,d8_plus
87251,87253,2,87252,24,0.5,125.14211338681864,d8_plus
87317,87323,6,87319,4,0.3333333333333333,557.4887872993735,d4_semiprime
87427,87433,6,87429,8,0.3333333333333333,284.46488955172765,d8_plus
87517,87523,6,87518,4,0.16666666666666666,238.97221208006997,d4_semiprime
87583,87587,4,87586,4,0.75,307.2696046072873,d4_semiprime
87641,87643,2,87642,20,0.5,102.42914052670979,d8_plus
87701,87719,18,87706,4,0.2777777777777778,887.7790747699256,d4_semiprime
87797,87803,6,87799,4,0.3333333333333333,330.1018460592627,d4_semiprime
87887,87911,24,87889,4,0.08333333333333333,1491.2961360329907,d4_semiprime
87977,87991,14,87979,4,0.14285714285714285,1024.641832267489,d4_semiprime
88079,88093,14,88081,4,0.14285714285714285,933.6574558180298,d4_semiprime
88237,88241,4,88238,4,0.25,148.04154683696188,d4_semiprime
88327,88337,10,88329,4,0.2,569.4429087122705,d4_semiprime
88463,88469,6,88465,8,0.3333333333333333,421.4435058140896,d8_plus
88589,88591,2,88590,16,0.5,79.74241984384254,d8_plus
88663,88667,4,88664,8,0.25,148.10406652466392,d8_plus
88789,88793,4,88791,8,0.5,193.69868973148488,d8_plus
88819,88843,24,88823,4,0.16666666666666666,1504.0733589193821,d4_semiprime
88903,88919,16,88906,4,0.1875,763.4913193559718,d4_semiprime
89003,89009,6,89007,4,0.6666666666666666,182.3433000514413,d4_semiprime
89071,89083,12,89074,4,0.25,786.4113905516293,d4_semiprime
89137,89153,16,89141,4,0.25,991.6288662170385,d4_semiprime
89237,89261,24,89239,4,0.08333333333333333,1470.4932254591508,d4_semiprime
89363,89371,8,89366,4,0.375,421.8189069644947,d4_semiprime
89431,89443,12,89437,4,0.5,763.886793079839,d4_semiprime
89513,89519,6,89515,4,0.3333333333333333,307.8587288232252,d4_semiprime
89591,89597,6,89593,4,0.3333333333333333,285.07615777591036,d4_semiprime
89657,89659,2,89658,24,0.5,125.44133482066393,d8_plus
89767,89779,12,89771,4,0.3333333333333333,786.9479287826774,d4_semiprime
89839,89849,10,89841,4,0.2,467.6391458756197,d4_semiprime
89923,89939,16,89926,4,0.1875,901.1373078801821,d4_semiprime
90007,90011,4,90008,8,0.25,125.48431438706979,d8_plus
90059,90067,8,90061,4,0.25,547.5962172475747,d4_semiprime
90149,90163,14,90151,4,0.14285714285714285,1038.2462954821478,d4_semiprime
90217,90227,10,90221,4,0.4,513.4511641042868,d4_semiprime
90313,90353,40,90317,4,0.1,2133.9044812210477,d4_semiprime
90403,90407,4,90406,8,0.75,285.3013492414717,d8_plus
90511,90523,12,90518,4,0.5833333333333334,730.4513347540436,d4_semiprime
90617,90619,2,90618,16,0.5,79.90085703456077,d8_plus
90679,90697,18,90682,4,0.16666666666666666,1084.4423069848667,d4_semiprime
90803,90821,18,90806,4,0.16666666666666666,1232.986945840523,d4_semiprime
90901,90907,6,90905,4,0.6666666666666666,285.43896008508364,d4_semiprime
90989,90997,8,90991,4,0.25,479.57811752137735,d4_semiprime
91099,91121,22,91101,4,0.09090909090909091,1324.6992962304005,d4_semiprime
91159,91163,4,91162,8,0.75,262.66866478320765,d8_plus
91243,91249,6,91247,4,0.6666666666666666,342.6394330424215,d4_semiprime
91331,91367,36,91334,4,0.08333333333333333,2215.9516548216566,d4_semiprime
91411,91423,12,91414,4,0.25,594.006005581784,d4_semiprime
91499,91513,14,91501,4,0.14285714285714285,1073.8709795189502,d4_semiprime
91591,91621,30,91601,4,0.3333333333333333,1736.6395009384569,d4_semiprime
91733,91753,20,91738,4,0.25,1039.8346152117097,d4_semiprime
91813,91823,10,91814,8,0.1,399.96468367712663,d8_plus
91921,91939,18,91929,4,0.4444444444444444,1165.7371946256692,d4_semiprime
91997,92003,6,91999,4,0.3333333333333333,514.3293648219701,d4_semiprime
92107,92111,4,92109,4,0.5,114.3073336563698,d4_semiprime
92189,92203,14,92195,4,0.42857142857142855,948.8282573276324,d4_semiprime
92251,92269,18,92255,4,0.2222222222222222,1051.7781448270866,d4_semiprime
92357,92363,6,92359,4,0.3333333333333333,262.9691381671634,d4_semiprime
92399,92401,2,92400,120,0.5,674.5990532001567,d8_plus
92479,92489,10,92483,4,0.4,663.2172687236903,d4_semiprime
92581,92593,12,92585,4,0.3333333333333333,697.5903289075604,d4_semiprime
92669,92671,2,92670,16,0.5,80.05760052206517,d8_plus
92723,92737,14,92731,4,0.5714285714285714,1040.8099925588144,d4_semiprime
92801,92809,8,92804,6,0.375,411.7775427029431,d6
92867,92893,26,92869,4,0.07692307692307693,1692.9794014671438,d4_semiprime
92957,92959,2,92958,8,0.5,34.31970917167304,d8_plus
93077,93083,6,93079,4,0.3333333333333333,354.6776746244876,d4_semiprime
93139,93151,12,93143,4,0.3333333333333333,800.9352844499954,d4_semiprime
93241,93251,10,93243,4,0.2,480.6064081764896,d4_semiprime
93307,93319,12,93311,4,0.3333333333333333,846.8345779210576,d4_semiprime
93407,93419,12,93409,4,0.16666666666666666,663.7964951824483,d4_semiprime
93493,93497,4,93494,4,0.25,263.25040421166705,d4_semiprime
93559,93563,4,93561,8,0.5,194.58827145167913,d8_plus
93701,93703,2,93702,32,0.5,171.7181221907385,d8_plus
93811,93827,16,93813,4,0.125,767.091773282394,d4_semiprime
93911,93913,2,93912,64,0.5,354.9535170293091,d8_plus
93979,93983,4,93981,4,0.5,217.56606778726496,d4_semiprime
94063,94079,16,94067,4,0.25,813.0777046029278,d4_semiprime
94151,94153,2,94152,16,0.5,80.1686604359025,d8_plus
94261,94273,12,94267,4,0.5,526.8793605940855,d4_semiprime
94343,94349,6,94345,4,0.3333333333333333,286.3681038610036,d4_semiprime
94433,94439,6,94436,6,0.5,229.11353152697953,d6
94529,94531,2,94530,32,0.5,171.85008785129145,d8_plus
94583,94597,14,94585,4,0.14285714285714285,675.9803330565467,d4_semiprime
94693,94709,16,94697,4,0.25,790.6345174654217,d4_semiprime
94781,94789,8,94782,8,0.125,378.15921937486127,d8_plus
94847,94849,2,94848,64,0.5,355.2609575656868,d8_plus
94951,94961,10,94957,4,0.6,584.5193403383873,d4_semiprime
95063,95071,8,95065,4,0.25,412.64393879468565,d4_semiprime
95111,95131,20,95113,4,0.1,1432.8642656830907,d4_semiprime
95213,95219,6,95218,4,0.8333333333333334,263.66964926801205,d4_semiprime
95273,95279,6,95278,4,0.8333333333333334,298.0776748340021,d4_semiprime
95369,95383,14,95371,4,0.14285714285714285,963.108626104944,d4_semiprime
95443,95461,18,95447,4,0.2222222222222222,1284.23492629711,d4_semiprime
95531,95539,8,95533,4,0.25,447.2224816868474,d4_semiprime
95617,95621,4,95618,4,0.25,149.0857532938783,d4_semiprime
95717,95723,6,95721,4,0.6666666666666666,378.48283583324087,d4_semiprime
95791,95801,10,95797,4,0.6,573.4989983529962,d4_semiprime
95873,95881,8,95878,4,0.625,722.6622070323864,d4_semiprime
95957,95959,2,95958,16,0.5,80.30166112303249,d8_plus
96043,96053,10,96046,4,0.3,791.6099639842092,d4_semiprime
96167,96179,12,96169,4,0.16666666666666666,527.7994352778796,d4_semiprime
96259,96263,4,96262,4,0.75,103.27332522799149,d4_semiprime
96331,96337,6,96335,4,0.6666666666666666,344.26763013742294,d4_semiprime
96451,96457,6,96452,6,0.16666666666666666,229.5365127335133,d6
96497,96517,20,96505,4,0.4,1251.0346422526918,d4_semiprime
96601,96643,42,96609,4,0.19047619047619047,2502.332625485364,d4_semiprime
96737,96739,2,96738,16,0.5,80.35833100534256,d8_plus
96797,96799,2,96798,32,0.5,172.205724178413,d8_plus
96893,96907,14,96895,4,0.14285714285714285,952.9589024147366,d4_semiprime
96989,96997,8,96991,4,0.25,539.6723366325258,d4_semiprime
97081,97103,22,97082,4,0.045454545454545456,1343.558716563597,d4_semiprime
97169,97171,2,97170,32,0.5,172.2632595125023,d8_plus
97283,97301,18,97285,4,0.1111111111111111,1205.9747495596403,d4_semiprime
97381,97387,6,97385,4,0.6666666666666666,379.05162400463854,d4_semiprime
97463,97499,36,97466,4,0.08333333333333333,2056.2444528469905,d4_semiprime
97561,97571,10,97562,4,0.1,528.4613876202424,d4_semiprime
97649,97651,2,97650,72,0.5,402.1200727706689,d8_plus
97777,97787,10,97778,4,0.1,471.1107159970931,d4_semiprime
97849,97859,10,97855,4,0.6,597.5438824974987,d4_semiprime
97931,97943,12,97939,4,0.6666666666666666,482.6673777494246,d4_semiprime
98017,98041,24,98018,4,0.041666666666666664,1505.5865115381264,d4_semiprime
98143,98179,36,98149,4,0.16666666666666666,2275.8870576715603,d4_semiprime
98269,98297,28,98278,4,0.32142857142857145,1942.7549291927423,d4_semiprime
98369,98377,8,98372,6,0.375,436.8676297423704,d6
98429,98443,14,98431,4,0.14285714285714285,931.270172334531,d4_semiprime
98507,98519,12,98509,4,0.16666666666666666,632.3871727987408,d4_semiprime
98621,98627,6,98623,8,0.3333333333333333,356.4711674769144,d8_plus
98713,98717,4,98715,8,0.5,241.4998765004922,d8_plus
98807,98809,2,98808,32,0.5,172.51400778176776,d8_plus
98893,98897,4,98894,8,0.25,218.5345259138892,d8_plus
98947,98953,6,98949,4,0.3333333333333333,494.6024334048033,d4_semiprime
99017,99023,6,99019,4,0.3333333333333333,241.5646802983914,d4_semiprime
99109,99119,10,99111,4,0.2,448.6564886236508,d4_semiprime
99181,99191,10,99182,8,0.1,552.2286679808701,d8_plus
99277,99289,12,99278,4,0.08333333333333333,713.3557712756309,d4_semiprime
99391,99397,6,99394,4,0.5,345.2056321958613,d4_semiprime
99497,99523,26,99503,4,0.23076923076923078,1611.1213055903122,d4_semiprime
99571,99577,6,99573,4,0.3333333333333333,379.7857805633346,d4_semiprime
99667,99679,12,99669,4,0.16666666666666666,552.4634458965942,d4_semiprime
99733,99761,28,99737,4,0.14285714285714285,1772.6025126869686,d4_semiprime
99829,99833,4,99831,8,0.5,149.64600239080414,d8_plus
99907,99923,16,99914,4,0.4375,920.9662284011761,d4_semiprime
100019,100043,24,100021,4,0.08333333333333333,1289.48264637125,d4_semiprime
100151,100153,2,100152,48,0.5,264.83221915160846,d8_plus
100213,100237,24,100222,4,0.375,1508.4884427838992,d4_semiprime
100333,100343,10,100337,4,0.4,449.13564101392836,d4_semiprime
100403,100411,8,100407,4,0.5,460.6795778234024,d4_semiprime
100501,100511,10,100505,4,0.4,437.6830623161925,d4_semiprime
100559,100591,32,100561,4,0.0625,2050.3204555161656,d4_semiprime
100693,100699,6,100697,4,0.6666666666666666,380.1553254348904,d4_semiprime
100799,100801,2,100800,126,0.5,714.2954053464031,d8_plus
100907,100913,6,100911,4,0.6666666666666666,391.7476647125048,d4_semiprime
100987,100999,12,100991,4,0.3333333333333333,610.7089516895616,d4_semiprime
101089,101107,18,101093,4,0.2222222222222222,1094.7658681443859,d4_semiprime
101159,101161,2,101160,48,0.5,265.0625501180297,d8_plus
101221,101267,46,101227,4,0.13043478260869565,2777.5937313206005,d4_semiprime
101333,101341,8,101334,8,0.125,449.52244311178157,d8_plus
101399,101411,12,101401,4,0.16666666666666666,818.4069345197554,d4_semiprime
101489,101501,12,101497,4,0.6666666666666666,829.9993720703984,d4_semiprime
101561,101573,12,101567,4,0.5,668.6516470877075,d4_semiprime
101653,101663,10,101657,4,0.4,703.2916389089862,d4_semiprime
101741,101747,6,101743,4,0.3333333333333333,415.08784308944803,d4_semiprime
101837,101839,2,101838,16,0.5,80.7179701607271,d8_plus
101921,101929,8,101923,4,0.25,495.8760515049554,d4_semiprime
101999,102001,2,102000,80,0.5,449.7763955983899,d8_plus
102061,102071,10,102062,4,0.1,449.80204401497315,d4_semiprime
102139,102149,10,102142,4,0.3,715.1163744309968,d4_semiprime
102217,102229,12,102218,4,0.08333333333333333,669.0251785273775,d4_semiprime
102299,102301,2,102300,72,0.5,403.7482733178901,d8_plus
102407,102409,2,102408,32,0.5,173.05080170303918,d8_plus
102499,102503,4,102502,8,0.75,253.82770502259734,d8_plus
102559,102563,4,102561,8,0.5,196.14954337942356,d8_plus
102653,102667,14,102658,4,0.35714285714285715,923.1342852851568,d4_semiprime
102769,102793,24,102773,4,0.16666666666666666,1350.2222401519357,d4_semiprime
102877,102881,4,102878,4,0.25,265.45020004632596,d4_semiprime
102983,103001,18,102989,4,0.3333333333333333,1038.8168749136207,d4_semiprime
103087,103091,4,103089,8,0.5,265.497022750745,d8_plus
103177,103183,6,103181,4,0.6666666666666666,427.13657979628766,d4_semiprime
103319,103333,14,103321,4,0.14285714285714285,1177.6536394828954,d4_semiprime
103409,103421,12,103413,4,0.3333333333333333,785.1618574150892,d4_semiprime
103529,103549,20,103531,4,0.1,1327.9841693570697,d4_semiprime
103591,103613,22,103594,4,0.13636363636363635,1270.3135381687803,d4_semiprime
103687,103699,12,103691,4,0.3333333333333333,565.9105070768724,d4_semiprime
103813,103837,24,103814,4,0.041666666666666664,1524.6604534198482,d4_semiprime
103913,103919,6,103915,8,0.3333333333333333,334.9886911433007,d8_plus
103991,103993,2,103992,32,0.5,173.28103878131785,d8_plus
104053,104059,6,104054,4,0.16666666666666666,311.9226927793693,d4_semiprime
104147,104149,2,104148,36,0.5,196.41066013834816,d8_plus
104233,104239,6,104237,4,0.6666666666666666,311.96908906400034,d4_semiprime
104323,104327,4,104326,4,0.75,196.43948885081957,d4_semiprime
104399,104417,18,104401,4,0.1111111111111111,1490.730420714341,d4_semiprime
104527,104537,10,104529,4,0.2,612.5343821951876,d4_semiprime
104597,104623,26,104602,4,0.19230769230769232,1629.6764014474827,d4_semiprime
104693,104701,8,104695,4,0.25,393.00043821030806,d4_semiprime
104759,104761,2,104760,64,0.5,358.3422462572711,d8_plus
104831,104849,18,104833,4,0.1111111111111111,1306.2979958367894,d4_semiprime
104933,104947,14,104939,4,0.42857142857142855,913.330283616777,d4_semiprime
105019,105023,4,105022,4,0.75,196.5524701358241,d4_semiprime
105143,105167,24,105151,4,0.3333333333333333,1607.2830929053148,d4_semiprime
105251,105253,2,105252,36,0.5,196.5899168135695,d8_plus
105337,105341,4,105338,8,0.25,242.8637949430181,d8_plus
105397,105401,4,105398,8,0.25,393.22747628481494,d8_plus
105503,105509,6,105505,4,0.3333333333333333,427.9610514802172,d4_semiprime
105563,105601,38,105566,4,0.07894736842105263,2510.094846951437,d4_semiprime
105667,105673,6,105671,4,0.6666666666666666,485.85971601498267,d4_semiprime
105761,105767,6,105766,4,0.8333333333333334,219.81034404004293,d4_semiprime
105899,105907,8,105901,4,0.25,474.3812160613681,d4_semiprime
105977,105983,6,105979,4,0.3333333333333333,266.1330550612649,d4_semiprime
106103,106109,6,106105,4,0.3333333333333333,358.7379912248611,d4_semiprime
106189,106207,18,106193,4,0.2222222222222222,1273.0358134765781,d4_semiprime
106273,106277,4,106274,8,0.25,202.54124838595993,d8_plus
106321,106331,10,106322,4,0.1,625.0107399700173,d4_semiprime
106397,106411,14,106399,4,0.14285714285714285,1007.0237372350158,d4_semiprime
106487,106501,14,106489,4,0.14285714285714285,1180.7355261768741,d4_semiprime
106621,106627,6,106622,8,0.16666666666666666,497.81378547452476,d8_plus
106681,106693,12,106687,4,0.5,625.193863518974,d4_semiprime
106751,106753,2,106752,36,0.5,196.83048232673218,d8_plus
106823,106853,30,106829,4,0.2,1644.2289413715635,d4_semiprime
106907,106921,14,106909,4,0.14285714285714285,1157.9798570466078,d4_semiprime
106993,107021,28,106999,4,0.21428571428571427,1968.7124011515025,d4_semiprime
107089,107099,10,107093,4,0.4,382.188160287078,d4_semiprime
107197,107201,4,107199,12,0.5,463.2977346093881,d8_plus
107279,107309,30,107281,4,0.06666666666666667,1772.2473114688432,d4_semiprime
107441,107449,8,107443,4,0.25,648.7454689405488,d4_semiprime
107563,107581,18,107566,4,0.16666666666666666,1239.693989811778,d4_semiprime
107671,107687,16,107681,4,0.625,834.2570918201615,d4_semiprime
107747,107761,14,107753,4,0.42857142857142855,1008.121974544821,d4_semiprime
107843,107857,14,107845,4,0.14285714285714285,1216.792426508473,d4_semiprime
107927,107941,14,107929,4,0.14285714285714285,880.7856569456301,d4_semiprime
108013,108023,10,108019,4,0.6,544.7322762730079,d4_semiprime
108107,108109,2,108108,96,0.5,544.7716423026537,d8_plus
108191,108193,2,108192,72,0.5,405.7081946927664,d8_plus
108263,108271,8,108266,4,0.375,463.69419937498,d4_semiprime
108359,108377,18,108361,4,0.1111111111111111,1379.6000035692825,d4_semiprime
108461,108463,2,108462,8,0.5,34.78246548060873,d8_plus
108541,108553,12,108551,4,0.8333333333333334,684.1015026883571,d4_semiprime
108649,108677,28,108651,4,0.07142857142857142,1762.5945071523338,d4_semiprime
108761,108769,8,108763,4,0.25,487.07228216801036,d4_semiprime
108863,108869,6,108865,4,0.3333333333333333,614.6866284978114,d4_semiprime
108917,108923,6,108921,4,0.6666666666666666,336.35260764448566,d4_semiprime
108967,108971,4,108969,8,0.5,197.17991818996023,d8_plus
109073,109097,24,109078,4,0.20833333333333334,1461.5835757121718,d4_semiprime
109147,109159,12,109149,4,0.16666666666666666,777.2341115737968,d4_semiprime
109253,109267,14,109255,4,0.14285714285714285,719.2921829862958,d4_semiprime
109331,109357,26,109333,4,0.07692307692307693,1659.1228743107206,d4_semiprime
109423,109433,10,109426,4,0.3,568.548100070438,d4_semiprime
109507,109517,10,109511,4,0.4,823.8694134396483,d4_semiprime
109583,109589,6,109587,4,0.6666666666666666,313.32027875839384,d4_semiprime
109663,109673,10,109666,4,0.3,638.2864723554075,d4_semiprime
109807,109819,12,109811,4,0.3333333333333333,649.9658148988469,d4_semiprime
109849,109859,10,109853,4,0.4,615.1661151806929,d4_semiprime
109919,109937,18,109927,4,0.4444444444444444,1160.7570604225696,d4_semiprime
110051,110059,8,110053,4,0.25,592.0456023639653,d4_semiprime
110183,110221,38,110185,4,0.05263157894736842,2670.3187868586206,d4_semiprime
110281,110291,10,110283,4,0.2,545.709334324554,d4_semiprime
110431,110437,6,110434,4,0.5,406.4257407835201,d4_semiprime
110503,110527,24,110507,4,0.16666666666666666,1347.0980629644164,d4_semiprime
110569,110573,4,110571,4,0.5,174.20126926422978,d4_semiprime
110629,110641,12,110631,4,0.16666666666666666,801.3658842798756,d4_semiprime
110749,110753,4,110752,12,0.75,220.68573656801095,d8_plus
110849,110863,14,110851,4,0.14285714285714285,847.9668052087791,d4_semiprime
110923,110927,4,110926,8,0.75,290.4152213756521,d8_plus
110989,111029,40,110991,4,0.05,2404.7955430412203,d4_semiprime
111109,111119,10,111113,4,0.4,604.1514849790433,d4_semiprime
111191,111211,20,111193,4,0.1,1278.0998901643009,d4_semiprime
111271,111301,30,111277,4,0.2,2033.477570790061,d4_semiprime
111409,111427,18,111413,4,0.2222222222222222,1022.6519769109435,d4_semiprime
111493,111497,4,111494,8,0.25,244.05654316979835,d8_plus
111593,111599,6,111597,4,0.6666666666666666,197.58476280791197,d4_semiprime
111667,111697,30,111669,4,0.06666666666666667,1975.9807621656355,d4_semiprime
111773,111779,6,111778,4,0.8333333333333334,360.35172710939884,d4_semiprime
111833,111847,14,111835,4,0.14285714285714285,848.6117366436615,d4_semiprime
111919,111949,30,111921,4,0.06666666666666667,2011.2402769588684,d4_semiprime
112031,112061,30,112033,4,0.06666666666666667,2209.0667984979787,d4_semiprime
112121,112129,8,112123,4,0.25,534.8593850620605,d4_semiprime
112213,112223,10,112219,4,0.6,593.0381330270817,d4_semiprime
112279,112289,10,112283,4,0.4,651.212141719906,d4_semiprime
112337,112339,2,112338,18,0.5,93.03413970264167,d8_plus
112459,112481,22,112467,4,0.36363636363636365,1628.262500598762,d4_semiprime
112577,112583,6,112579,4,0.3333333333333333,314.0482871613822,d4_semiprime
112663,112687,24,112666,4,0.125,1535.4585891428312,d4_semiprime
112799,112807,8,112801,4,0.25,651.4696705203655,d4_semiprime
112913,112919,6,112916,6,0.5,442.1070022931082,d6
112997,113011,14,113002,4,0.35714285714285715,826.0973899490767,d4_semiprime
113041,113051,10,113042,8,0.1,733.0404520673535,d8_plus
113117,113123,6,113121,6,0.6666666666666666,442.17569071966926,d6
113161,113167,6,113163,8,0.3333333333333333,267.6416122292793,d8_plus
113227,113233,6,113231,4,0.6666666666666666,442.2129691816495,d4_semiprime
113359,113363,4,113362,4,0.75,267.68149321738144,d4_semiprime
113467,113489,22,113471,4,0.18181818181818182,1373.4451064065038,d4_semiprime
113557,113567,10,113558,4,0.1,570.3652125520123,d4_semiprime
113717,113719,2,113718,16,0.5,81.49033884988049,d8_plus
113779,113783,4,113782,4,0.75,151.34636559755305,d4_semiprime
113899,113903,4,113901,4,0.5,221.21847317797128,d4_semiprime
113969,113983,14,113973,4,0.2857142857142857,815.0620224711416,d4_semiprime
114067,114073,6,114071,4,0.6666666666666666,512.3613239148435,d4_semiprime
114161,114167,6,114164,6,0.5,302.7801735399897,d6
114221,114229,8,114223,4,0.25,559.0047287934832,d4_semiprime
114319,114329,10,114326,4,0.7,512.4587255414307,d4_semiprime
114467,114473,6,114469,4,0.3333333333333333,314.49795989113534,d4_semiprime
114577,114593,16,114581,4,0.25,862.031201978186,d4_semiprime
114649,114659,10,114657,4,0.8,337.84043772702364,d4_semiprime
114743,114749,6,114746,4,0.5,279.6112038640289,d4_semiprime
114797,114799,2,114798,24,0.5,128.16022275224364,d8_plus
114889,114901,12,114893,4,0.3333333333333333,675.8035416581941,d4_semiprime
115013,115019,6,115015,4,0.3333333333333333,244.70930492183288,d4_semiprime
115117,115123,6,115118,4,0.16666666666666666,256.38218043859433,d4_semiprime
115201,115211,10,115202,4,0.1,501.14279345031946,d4_semiprime
115303,115309,6,115306,4,0.5,326.3495140409873,d4_semiprime
115361,115363,2,115362,48,0.5,268.084096656209,d8_plus
115471,115499,28,115474,4,0.10714285714285714,1457.1111164427364,d4_semiprime
115589,115597,8,115591,8,0.25,559.5763657253881,d8_plus
115663,115679,16,115669,4,0.375,1072.5815996227027,d4_semiprime
115763,115769,6,115766,8,0.5,361.43904282348234,d8_plus
115811,115823,12,115813,4,0.16666666666666666,582.9882023762158,d4_semiprime
115873,115877,4,115876,12,0.75,268.18613070554227,d8_plus
115933,115963,30,115937,4,0.13333333333333333,1935.7077872031555,d4_semiprime
116041,116047,6,116045,4,0.6666666666666666,314.8667567103,d4_semiprime
116141,116159,18,116146,4,0.2777777777777778,1061.2990181596606,d4_semiprime
116243,116257,14,116247,4,0.2857142857142857,909.7533594983354,d4_semiprime
116351,116359,8,116353,4,0.25,594.8842691314925,d4_semiprime
116443,116447,4,116444,12,0.25,221.638329587698,d8_plus
116533,116537,4,116534,8,0.25,198.32113223697843,d8_plus
116657,116663,6,116659,4,0.3333333333333333,315.0095644379059,d4_semiprime
116741,116747,6,116743,4,0.3333333333333333,245.02263434804811,d4_semiprime
116833,116849,16,116834,4,0.0625,945.1549789113783,d4_semiprime
116929,116933,4,116931,4,0.5,221.717480835787,d4_semiprime
117017,117023,6,117022,4,0.8333333333333334,315.09246448434664,d4_semiprime
117109,117119,10,117113,6,0.4,700.2544164301262,d6
117203,117209,6,117206,4,0.5,420.18109625590665,d4_semiprime
117269,117281,12,117277,4,0.6666666666666666,747.0256522792613,d4_semiprime
117371,117373,2,117372,12,0.5,58.36551828539247,d8_plus
117497,117499,2,117498,8,0.5,35.02252977343468,d8_plus
117563,117571,8,117569,4,0.75,466.99049547116437,d4_semiprime
117673,117679,6,117677,4,0.6666666666666666,350.2707194225892,d4_semiprime
117751,117757,6,117753,4,0.3333333333333333,303.5852114878344,d4_semiprime
117811,117833,22,117814,4,0.13636363636363635,1261.1103044480853,d4_semiprime
117883,117889,6,117886,4,0.5,362.0018090991573,d4_semiprime
117977,117979,2,117978,24,0.5,128.46078789926375,d8_plus
118057,118061,4,118058,4,0.25,151.82625100151205,d4_semiprime
118171,118189,18,118177,4,0.3333333333333333,1179.677404404684,d4_semiprime
118259,118273,14,118267,4,0.5714285714285714,1238.1537157646821,d4_semiprime
118387,118399,12,118394,4,0.5833333333333334,537.3610576756183,d4_semiprime
118457,118463,6,118459,8,0.3333333333333333,221.96424819876188,d8_plus
118583,118589,6,118585,8,0.3333333333333333,432.28526386378144,d8_plus
118673,118681,8,118679,4,0.75,747.786771226368,d4_semiprime
118751,118757,6,118753,4,0.3333333333333333,479.07726983171455,d4_semiprime
118861,118873,12,118865,4,0.3333333333333333,771.2604537617789,d4_semiprime
118927,118931,4,118929,8,0.5,163.60797260004492,d8_plus
119057,119069,12,119059,4,0.16666666666666666,689.5575868981076,d4_semiprime
119107,119129,22,119109,4,0.09090909090909091,1110.3474871315384,d4_semiprime
119227,119233,6,119231,4,0.6666666666666666,537.6857149456303,d4_semiprime
119299,119311,12,119302,4,0.25,841.6394978525936,d4_semiprime
119429,119447,18,119431,4,0.1111111111111111,923.5531766267267,d4_semiprime
119557,119563,6,119558,4,0.16666666666666666,385.8219627963657,d4_semiprime
119653,119657,4,119654,8,0.25,128.6160466909372,d8_plus
119701,119723,22,119703,4,0.09090909090909091,1268.674340564786,d4_semiprime
119783,119797,14,119785,4,0.14285714285714285,1087.4944292467371,d4_semiprime
119851,119869,18,119855,4,0.2222222222222222,1029.0786608141204,d4_semiprime
119963,119971,8,119965,4,0.25,736.7835017167274,d4_semiprime
120047,120049,2,120048,40,0.5,222.21729189392468,d8_plus
120121,120157,36,120133,4,0.3333333333333333,2117.0527930772746,d4_semiprime
120223,120233,10,120227,4,0.4,853.891501155323,d4_semiprime
120319,120331,12,120322,4,0.25,935.8363848141075,d4_semiprime
120413,120427,14,120415,4,0.14285714285714285,889.1034040357,d4_semiprime
120557,120563,6,120559,4,0.3333333333333333,386.0967437296484,d4_semiprime
120641,120647,6,120643,4,0.3333333333333333,234.01206967107754,d4_semiprime
120713,120721,8,120719,4,0.75,620.1638745303322,d4_semiprime
120811,120817,6,120812,6,0.16666666666666666,339.3583816436078,d6
120871,120877,6,120873,8,0.3333333333333333,315.9676730941785,d8_plus
120929,120937,8,120931,8,0.25,573.4464320001214,d8_plus
121007,121013,6,121012,6,0.8333333333333334,280.887000539368,d6
121081,121123,42,121083,4,0.047619047619047616,2651.0441551248045,d4_semiprime
121189,121229,40,121193,4,0.1,2516.6338650847033,d4_semiprime
121313,121321,8,121318,4,0.625,526.7777620993425,d4_semiprime
121367,121369,2,121368,32,0.5,175.59873797141893,d8_plus
121453,121469,16,121454,4,0.0625,714.148538551834,d4_semiprime
121531,121547,16,121537,4,0.375,960.0550957280767,d4_semiprime
121607,121609,2,121608,32,0.5,175.62837053735785,d8_plus
121697,121711,14,121699,4,0.14285714285714285,679.1420933683318,d4_semiprime
121853,121867,14,121855,4,0.14285714285714285,948.5603363869205,d4_semiprime
121949,121951,2,121950,36,0.5,199.09322886194911,d8_plus
122027,122029,2,122028,12,0.5,58.56002902789569,d8_plus
122069,122081,12,122071,4,0.16666666666666666,843.2926108918783,d4_semiprime
122173,122201,28,122179,4,0.21428571428571427,1850.7031446654541,d4_semiprime
122263,122267,4,122266,8,0.75,480.2716919189947,d8_plus
122347,122363,16,122351,4,0.25,984.0339607899998,d4_semiprime
122449,122453,4,122451,20,0.5,363.1794530965793,d8_plus
122509,122527,18,122513,4,0.2222222222222222,984.1447853460446,d4_semiprime
122609,122611,2,122610,32,0.5,175.7514579783965,d8_plus
122719,122741,22,122723,4,0.18181818181818182,1499.8703448445115,d4_semiprime
122827,122833,6,122831,4,0.6666666666666666,316.40120634947937,d4_semiprime
122891,122921,30,122893,4,0.06666666666666667,2015.6964919270295,d4_semiprime
123001,123007,6,123002,8,0.16666666666666666,433.6391485569148,d8_plus
123091,123113,22,123094,4,0.13636363636363635,1172.076668948103,d4_semiprime
123209,123217,8,123212,6,0.375,632.9702608402816,d6
123311,123323,12,123313,4,0.16666666666666666,820.5758109501288,d4_semiprime
123401,123407,6,123406,4,0.8333333333333334,257.9107326703614,d4_semiprime
123479,123491,12,123483,4,0.3333333333333333,1066.8713022359727,d4_semiprime
123551,123553,2,123552,96,0.5,551.0476177560063,d8_plus
123637,123653,16,123638,4,0.0625,1008.3652932503829,d4_semiprime
123727,123731,4,123729,4,0.5,269.6943969728127,d4_semiprime
123817,123821,4,123818,4,0.25,175.89872227467154,d4_semiprime
123911,123923,12,123917,4,0.5,703.6417615390046,d4_semiprime
123989,123997,8,123991,4,0.25,387.0233045215107,d4_semiprime
124123,124133,10,124129,4,0.6,774.1178327846371,d4_semiprime
124193,124199,6,124197,4,0.6666666666666666,199.4033633851288,d4_semiprime
124297,124301,4,124298,8,0.25,293.26124344134473,d8_plus
124351,124363,12,124357,4,0.5,973.6657548266681,d4_semiprime
124471,124477,6,124473,4,0.3333333333333333,457.542586855645,d4_semiprime
124543,124561,18,124546,4,0.16666666666666666,1372.7004832876332,d4_semiprime
124673,124679,6,124675,6,0.3333333333333333,305.070338992489,d6
124753,124759,6,124757,4,0.6666666666666666,328.5552070079392,d4_semiprime
124799,124819,20,124801,4,0.1,1537.222083823722,d4_semiprime
124919,124951,32,124921,4,0.0625,2276.6977309237736,d4_semiprime
125029,125053,24,125033,4,0.16666666666666666,1502.2603225152272,d4_semiprime
125119,125131,12,125123,4,0.3333333333333333,892.0166477844957,d4_semiprime
125207,125219,12,125211,4,0.3333333333333333,915.5457828052957,d4_semiprime
125299,125303,4,125301,8,0.5,316.93872147726654,d8_plus
125387,125399,12,125389,4,0.16666666666666666,810.0051424587364,d4_semiprime
125497,125507,10,125501,4,0.4,528.3034797442616,d4_semiprime
125617,125621,4,125618,8,0.25,199.59721320702448,d8_plus
125683,125687,4,125684,12,0.25,410.9537078624604,d8_plus
125737,125743,6,125738,4,0.16666666666666666,270.0654731699235,d4_semiprime
125821,125863,42,125823,4,0.047619047619047616,2830.013679729929,d4_semiprime
125933,125941,8,125938,4,0.625,446.2544241887969,d4_semiprime
126023,126031,8,126029,4,0.75,569.5960048190328,d4_semiprime
126107,126127,20,126109,4,0.1,1421.1420333507842,d4_semiprime
126223,126227,4,126226,4,0.75,505.0701736291428,d4_semiprime
126311,126317,6,126313,4,0.3333333333333333,411.12833605779383,d4_semiprime
126397,126421,24,126398,4,0.041666666666666664,1656.3678613853751,d4_semiprime
126487,126491,4,126489,8,0.5,293.6978289170948,d8_plus
126583,126601,18,126587,4,0.2222222222222222,1268.8625721979593,d4_semiprime
126691,126703,12,126694,4,0.25,669.7249074863179,d4_semiprime
126757,126761,4,126758,8,0.25,199.75076127807995,d8_plus
126859,126913,54,126865,4,0.1111111111111111,3689.830902561475,d4_semiprime
126989,127031,42,126993,4,0.09523809523809523,2867.4907387110757,d4_semiprime
127123,127133,10,127129,4,0.6,528.8825019426914,d4_semiprime
127219,127241,22,127221,4,0.09090909090909091,1398.69628533825,d4_semiprime
127291,127297,6,127294,4,0.5,658.2387789164716,d4_semiprime
127399,127403,4,127401,4,0.5,458.4484488073423,d4_semiprime
127507,127529,22,127511,4,0.18181818181818182,1410.7193962002998,d4_semiprime
127601,127607,6,127603,4,0.3333333333333333,411.48387249713613,d4_semiprime
127663,127669,6,127667,4,0.6666666666666666,317.44357045665004,d4_semiprime
127717,127727,10,127723,4,0.6,599.638082640991,d4_semiprime
127817,127819,2,127818,24,0.5,129.34198921686084,d8_plus
127877,127913,36,127879,4,0.05555555555555555,2292.999850362657,d4_semiprime
128021,128033,12,128023,4,0.16666666666666666,717.3598932816694,d4_semiprime
128147,128153,6,128149,4,0.3333333333333333,411.63345439693103,d4_semiprime
128221,128237,16,128227,4,0.375,929.1644078817617,d4_semiprime
128311,128321,10,128314,4,0.3,623.3994409590075,d4_semiprime
128389,128393,4,128391,4,0.5,176.44253361442625,d4_semiprime
128461,128467,6,128462,4,0.16666666666666666,482.29984375706994,d4_semiprime
128521,128549,28,128523,4,0.07142857142857142,1635.1906717337095,d4_semiprime
128629,128657,28,128633,4,0.14285714285714285,1917.6633917169697,d4_semiprime
128717,128747,30,128719,4,0.06666666666666667,1917.7760744434277,d4_semiprime
128831,128833,2,128832,56,0.5,317.6891417429855,d8_plus
128923,128939,16,128927,4,0.25,1082.5666708409456,d4_semiprime
128983,128987,4,128985,8,0.5,247.11651035859217,d8_plus
129061,129083,22,129067,4,0.2727272727272727,1259.1895004909236,d4_semiprime
129169,129187,18,129173,4,0.2222222222222222,847.3647031356415,d4_semiprime
129263,129277,14,129266,4,0.21428571428571427,1176.9671746828005,d4_semiprime
129347,129361,14,129351,4,0.2857142857142857,1365.3576734712765,d4_semiprime
129443,129449,6,129445,4,0.3333333333333333,459.0695279947216,d4_semiprime
129509,129517,8,129511,4,0.25,482.63305995183754,d4_semiprime
129587,129589,2,129588,12,0.5,58.860577330103794,d8_plus
129671,129707,36,129677,4,0.16666666666666666,2307.484525621357,d4_semiprime
129769,129793,24,129773,4,0.16666666666666666,1683.627231166714,d4_semiprime
129917,129919,2,129918,16,0.5,82.42261132831841,d8_plus
130021,130027,6,130022,4,0.16666666666666666,211.95865326225834,d4_semiprime
130079,130087,8,130081,4,0.25,647.67596241291,d4_semiprime
130199,130201,2,130200,96,0.5,553.5108694115604,d8_plus
130267,130279,12,130276,6,0.75,777.3073541933447,d6
130367,130369,2,130368,56,0.5,318.0091454888349,d8_plus
130447,130457,10,130451,4,0.4,647.8318341962797,d4_semiprime
130523,130531,8,130527,6,0.5,565.4081442423729,d6
130621,130631,10,130623,4,0.2,636.1249142833292,d4_semiprime
130681,130687,6,130685,8,0.6666666666666666,318.07451180623997,d8_plus
130807,130811,4,130809,8,0.5,200.28538989020956,d8_plus
130927,130957,30,130931,4,0.13333333333333333,1979.4616921358545,d4_semiprime
131023,131041,18,131027,4,0.2222222222222222,1708.5669158791395,d4_semiprime
131129,131143,14,131133,4,0.2857142857142857,1048.7746959022977,d4_semiprime
131249,131251,2,131250,48,0.5,271.051761150439,d8_plus
131317,131321,4,131319,6,0.5,377.1324340510464,d6
131437,131441,4,131438,4,0.25,318.23018685057593,d4_semiprime
131501,131507,6,131503,4,0.3333333333333333,353.6036395713697,d4_semiprime
131617,131627,10,131618,4,0.1,506.8711632781794,d4_semiprime
131711,131713,2,131712,64,0.5,365.4395629923637,d8_plus
131779,131783,4,131782,8,0.75,247.56677068254092,d8_plus
131893,131899,6,131897,4,0.6666666666666666,341.90343782384923,d4_semiprime
131947,131959,12,131951,4,0.3333333333333333,754.5724976021569,d4_semiprime
132071,132103,32,132074,4,0.09375,2122.420036362585,d4_semiprime
132173,132199,26,132177,4,0.15384615384615385,1698.043018208057,d4_semiprime
132283,132287,4,132284,6,0.25,141.51260537680787,d6
132367,132371,4,132369,4,0.5,235.8670582224345,d4_semiprime
132469,132491,22,132473,4,0.18181818181818182,1403.5081813510049,d4_semiprime
132533,132541,8,132537,4,0.5,459.99017372076065,d4_semiprime
132631,132637,6,132633,6,0.3333333333333333,353.8605298774002,d6
132701,132707,6,132703,4,0.3333333333333333,483.63091581239183,d4_semiprime
132761,132763,2,132762,32,0.5,176.9446999574848,d8_plus
132887,132893,6,132889,4,0.3333333333333333,424.7016708999476,d4_semiprime
132967,132971,4,132969,8,0.5,153.37229678279627,d8_plus
133073,133087,14,133079,4,0.42857142857142855,920.299234777528,d4_semiprime
133153,133157,4,133156,6,0.75,188.7882987645428,d6
133253,133261,8,133258,4,0.625,389.4011057929677,d4_semiprime
133321,133327,6,133324,6,0.5,271.4123858039878,d6
133403,133417,14,133405,4,0.14285714285714285,849.6855954909622,d4_semiprime
133519,133541,22,133521,4,0.09090909090909091,1310.0320219550174,d4_semiprime
133633,133649,16,133639,4,0.375,861.6127084120475,d4_semiprime
133711,133717,6,133714,8,0.5,365.90722751398584,d8_plus
133811,133813,2,133812,60,0.5,342.3215421538475,d8_plus
133949,133963,14,133953,4,0.2857142857142857,1186.4282100503895,d4_semiprime
134039,134047,8,134041,4,0.25,625.7136185131022,d4_semiprime
134093,134129,36,134097,4,0.1111111111111111,2195.9945085763834,d4_semiprime
134213,134219,6,134214,8,0.16666666666666666,236.1441218788208,d8_plus
134291,134293,2,134292,36,0.5,200.73212081430248,d8_plus
134359,134363,4,134362,4,0.75,118.08281020786121,d4_semiprime
134443,134471,28,134447,4,0.14285714285714285,1747.733461274532,d4_semiprime
134591,134593,2,134592,28,0.5,153.53004236781084,d8_plus
134683,134699,16,134689,3,0.375,1057.0606468501117,d3_prime_square
134807,134837,30,134809,4,0.06666666666666667,1984.3666874041955,d4_semiprime
134909,134917,8,134911,4,0.25,507.9323945274154,d4_semiprime
135007,135017,10,135011,4,0.4,555.2166791625385,d4_semiprime
135077,135089,12,135083,4,0.5,614.3091015541721,d4_semiprime
135193,135197,4,135194,8,0.25,129.95922284947247,d8_plus
135277,135281,4,135279,6,0.5,378.08308606324533,d6
135353,135367,14,135357,4,0.2857142857142857,1146.1222083735636,d4_semiprime
135433,135449,16,135437,4,0.25,708.9774618288637,d4_semiprime
135511,135533,22,135514,4,0.13636363636363635,1418.0262471515132,d4_semiprime
135601,135607,6,135602,4,0.16666666666666666,389.9773365314924,d4_semiprime
135649,135661,12,135653,4,0.3333333333333333,969.0667698276679,d4_semiprime
135731,135743,12,135734,4,0.25,531.8313658256193,d4_semiprime
135851,135859,8,135853,4,0.25,295.48360020606896,d4_semiprime
135937,135977,40,135941,4,0.1,2683.162764823272,d4_semiprime
136067,136069,2,136068,48,0.5,271.8809309144763,d8_plus
136177,136189,12,136181,4,0.3333333333333333,803.8798289974095,d4_semiprime
136247,136261,14,136259,4,0.8571428571428571,910.3151619301403,d4_semiprime
136333,136337,4,136334,8,0.25,165.5201925317791,d8_plus
136397,136399,2,136398,16,0.5,82.7633265306918,d8_plus
136463,136471,8,136469,4,0.75,413.8342457767287,d4_semiprime
136531,136537,6,136533,8,0.3333333333333333,366.5541680531057,d8_plus
136607,136621,14,136613,4,0.42857142857142855,1324.3918016189316,d4_semiprime
136711,136727,16,136717,4,0.375,756.8438438492575,d4_semiprime
136777,136811,34,136778,4,0.029411764705882353,2152.3750763061917,d4_semiprime
136883,136889,6,136886,4,0.5,437.59520466543233,d4_semiprime
136979,136987,8,136982,4,0.375,508.5871746985728,d4_semiprime
137089,137117,28,137091,4,0.07142857142857142,1644.1619191267407,d4_semiprime
137183,137191,8,137185,4,0.25,496.8222901547623,d4_semiprime
137273,137279,6,137278,4,0.8333333333333334,272.08411259555527,d4_semiprime
137359,137363,4,137362,8,0.75,343.080549012883,d8_plus
137437,137443,6,137441,4,0.6666666666666666,236.61884746774476,d4_semiprime
137519,137537,18,137521,4,0.1111111111111111,1313.30481217462,d4_semiprime
137633,137639,6,137635,4,0.3333333333333333,319.4737561757517,d4_semiprime
137737,137743,6,137741,4,0.6666666666666666,319.494353524673,d4_semiprime
137849,137867,18,137854,4,0.2777777777777778,1420.0777441417379,d4_semiprime
137941,137947,6,137945,8,0.6666666666666666,390.54185829674077,d8_plus
138041,138053,12,138049,4,0.6666666666666666,627.2736531302199,d4_semiprime
138113,138139,26,138119,4,0.23076923076923078,1704.3744102046667,d4_semiprime
138197,138209,12,138199,4,0.16666666666666666,745.6983007835463,d4_semiprime
138311,138319,8,138313,4,0.25,461.6538505547961,d4_semiprime
138401,138403,2,138402,32,0.5,177.5687665939252,d8_plus
138469,138493,24,138473,4,0.16666666666666666,1467.9722378681417,d4_semiprime
138569,138571,2,138570,32,0.5,177.58696338139143,d8_plus
138629,138637,8,138631,4,0.25,497.2625953792351,d4_semiprime
138731,138739,8,138733,4,0.25,556.4951119568121,d4_semiprime
138841,138863,22,138847,4,0.2727272727272727,1302.5283958494333,d4_semiprime
138923,138937,14,138926,4,0.21428571428571427,923.6545520489373,d4_semiprime
139079,139091,12,139081,4,0.16666666666666666,888.2121414404011,d4_semiprime
139187,139199,12,139189,4,0.16666666666666666,935.6456360951827,d4_semiprime
139297,139301,4,139299,8,0.5,296.1095356698431,d8_plus
139361,139367,6,139364,6,0.5,260.5866362775867,d6
139429,139439,10,139431,4,0.2,473.81387316438827,d4_semiprime
139511,139537,26,139521,4,0.38461538461538464,1907.206696642643,d4_semiprime
139619,139627,8,139621,8,0.25,556.7945988582436,d8_plus
139721,139729,8,139723,4,0.25,722.6933920933188,d4_semiprime
139813,139831,18,139817,4,0.2222222222222222,1090.0280718752424,d4_semiprime
139901,139907,6,139903,4,0.3333333333333333,272.5203417060026,d4_semiprime
139987,139991,4,139989,4,0.5,106.64385785664282,d4_semiprime
140111,140123,12,140113,4,0.16666666666666666,924.3174226782527,d4_semiprime
140197,140207,10,140198,4,0.1,426.63022267203837,d4_semiprime
140281,140297,16,140282,4,0.0625,1054.7805974990624,d4_semiprime
140381,140401,20,140383,4,0.1,1754.125984076729,d4_semiprime
140449,140453,4,140451,4,0.5,237.05230040885215,d4_semiprime
140549,140551,2,140550,24,0.5,130.38650433968147,d8_plus
140627,140629,2,140628,12,0.5,59.269366925233015,d8_plus
140689,140717,28,140701,4,0.42857142857142855,2062.668262929925,d4_semiprime
140779,140797,18,140783,4,0.2222222222222222,1078.806174890847,d4_semiprime
140867,140869,2,140868,72,0.5,414.94524962332827,d8_plus
140977,140983,6,140978,4,0.16666666666666666,343.8348545168742,d4_semiprime
141073,141079,6,141074,4,0.16666666666666666,438.7109282707075,d4_semiprime
141179,141181,2,141180,48,0.5,272.72919187183766,d8_plus
141257,141263,6,141259,4,0.3333333333333333,272.7421645539359,d4_semiprime
141319,141353,34,141326,4,0.20588235294117646,2099.0248733662697,d4_semiprime
141443,141461,18,141445,4,0.1111111111111111,1197.831739701485,d4_semiprime
141539,141551,12,141541,4,0.16666666666666666,830.2257120093659,d4_semiprime
141637,141649,12,141641,4,0.3333333333333333,913.3024352350443,d4_semiprime
141689,141697,8,141691,6,0.25,652.378548871639,d6
141769,141773,4,141770,8,0.25,213.51546572564536,d8_plus
141853,141863,10,141857,4,0.4,818.5177660303872,d4_semiprime
141959,141961,2,141960,96,0.5,557.5751285177404,d8_plus
142049,142057,8,142053,4,0.5,462.69420842619974,d4_semiprime
142151,142157,6,142153,4,0.3333333333333333,415.2633893037061,d4_semiprime
142217,142223,6,142221,4,0.6666666666666666,320.35853576424705,d4_semiprime
142327,142357,30,142331,4,0.13333333333333333,1910.4251392050091,d4_semiprime
142433,142453,20,142441,4,0.4,1459.6044714093457,d4_semiprime
142553,142559,6,142555,8,0.3333333333333333,296.68722653836113,d8_plus
142609,142619,10,142613,4,0.4,557.7911430348983,d4_semiprime
142757,142759,2,142758,48,0.5,272.9848418635281,d8_plus
142841,142867,26,142843,4,0.07692307692307693,1756.6953082345672,d4_semiprime
142939,142949,10,142942,4,0.3,581.6400350762236,d4_semiprime
143053,143063,10,143054,4,0.1,593.5501452402056,d4_semiprime
143159,143177,18,143161,4,0.1111111111111111,1175.305902779338,d4_semiprime
143263,143281,18,143266,4,0.16666666666666666,1210.9961301292956,d4_semiprime
143401,143413,12,143407,4,0.5,724.2805210811645,d4_semiprime
143489,143501,12,143491,8,0.16666666666666666,795.5622879400049,d8_plus
143551,143567,16,143554,4,0.1875,878.7132901310204,d4_semiprime
143629,143651,22,143641,3,0.5454545454545454,1846.5730008179432,d3_prime_square
143719,143729,10,143722,4,0.3,665.0365501782215,d4_semiprime
143821,143827,6,143822,8,0.16666666666666666,273.1559629078146,d8_plus
143947,143953,6,143951,4,0.6666666666666666,344.4393759020032,d4_semiprime
144037,144061,24,144038,4,0.041666666666666664,1651.0307945158693,d4_semiprime
144167,144169,2,144168,16,0.5,83.15114195638675,d8_plus
144259,144271,12,144269,4,0.8333333333333334,784.0412263900971,d4_semiprime
144341,144349,8,144346,4,0.625,487.07828484115413,d4_semiprime
144439,144451,12,144442,4,0.25,891.0494998887967,d4_semiprime
144541,144563,22,144542,4,0.045454545454545456,1200.021828276219,d4_semiprime
144629,144659,30,144631,4,0.06666666666666667,1865.4786396081981,d4_semiprime
144737,144751,14,144741,4,0.2857142857142857,1057.5616933468643,d4_semiprime
144829,144839,10,144833,6,0.4,677.3506161786743,d6
144917,144931,14,144919,4,0.14285714285714285,879.4133290811067,d4_semiprime
145009,145021,12,145011,4,0.16666666666666666,582.3452100298023,d4_semiprime
145109,145121,12,145113,4,0.3333333333333333,879.5105920942808,d4_semiprime
145219,145253,34,145221,4,0.058823529411764705,2353.450543601598,d4_semiprime
145349,145361,12,145351,4,0.16666666666666666,939.0673147298556,d4_semiprime
145441,145451,10,145443,4,0.2,392.28948536314766,d4_semiprime
145511,145513,2,145512,48,0.5,273.4243182376525,d8_plus
145577,145589,12,145581,4,0.3333333333333333,689.5330269796267,d4_semiprime
145679,145681,2,145680,40,0.5,225.8941865736283,d8_plus
145757,145759,2,145758,16,0.5,83.22792093849897,d8_plus
145829,145861,32,145833,4,0.125,2378.0648885525866,d4_semiprime
145963,145967,4,145966,8,0.75,249.71351025642025,d8_plus
146023,146033,10,146026,4,0.3,594.5774640128683,d4_semiprime
146099,146117,18,146101,4,0.1111111111111111,1034.6125165227918,d4_semiprime
146203,146213,10,146207,4,0.4,558.9608590212732,d4_semiprime
146299,146309,10,146301,4,0.2,963.3679759180761,d4_semiprime
146383,146389,6,146386,8,0.5,368.7140833336175,d8_plus
146513,146519,6,146515,4,0.3333333333333333,118.94888551407584,d4_semiprime
146603,146609,6,146606,4,0.5,535.2979116984159,d4_semiprime
146683,146701,18,146689,3,0.3333333333333333,1350.206839714829,d3_prime_square
146801,146807,6,146803,4,0.3333333333333333,297.42130019685163,d4_semiprime
146891,146893,2,146892,12,0.5,59.48726450931757,d8_plus
146983,146987,4,146986,8,0.75,202.2674317216538,d8_plus
147083,147089,6,147085,8,0.3333333333333333,511.6470505640017,d8_plus
147179,147197,18,147181,4,0.1111111111111111,1225.6441921395317,d4_semiprime
147263,147283,20,147265,4,0.1,1273.3036877020181,d4_semiprime
147341,147347,6,147346,4,0.8333333333333334,380.8167949998812,d4_semiprime
147409,147419,10,147413,4,0.4,321.32684350432,d4_semiprime
147517,147541,24,147521,4,0.16666666666666666,1499.624021251242,d4_semiprime
147613,147617,4,147614,8,0.25,249.94967324673826,d8_plus
147703,147709,6,147707,4,0.6666666666666666,511.82819567537626,d4_semiprime
147779,147787,8,147781,4,0.25,607.0783914844535,d4_semiprime
147863,147881,18,147865,4,0.1111111111111111,1107.081041736926,d4_semiprime
148021,148061,40,148027,4,0.15,2678.681345159735,d4_semiprime
148139,148147,8,148141,4,0.25,464.3311692840791,d4_semiprime
148201,148207,6,148202,4,0.16666666666666666,321.47135499872286,d4_semiprime
148331,148339,8,148334,4,0.375,654.8976758185195,d4_semiprime
148411,148429,18,148415,4,0.2222222222222222,1274.1362424298825,d4_semiprime
148513,148517,4,148514,4,0.25,107.17599811319292,d4_semiprime
148627,148633,6,148631,8,0.6666666666666666,440.64107282812057,d8_plus
148693,148711,18,148697,4,0.2222222222222222,1202.879382022088,d4_semiprime
148783,148793,10,148787,4,0.4,595.5135650320635,d4_semiprime
148873,148891,18,148877,4,0.2222222222222222,1167.269295120175,d4_prime_cube
148957,148961,4,148958,8,0.25,512.1915491322577,d8_plus
149053,149057,4,149054,4,0.25,250.15356403788533,d4_semiprime
149111,149113,2,149112,48,0.5,273.9864185494677,d8_plus
149183,149197,14,149185,4,0.14285714285714285,1084.0794431458548,d4_semiprime
149269,149287,18,149271,4,0.1111111111111111,1143.702165327368,d4_semiprime
149371,149377,6,149374,4,0.5,357.4263824080549,d4_semiprime
149423,149441,18,149426,4,0.16666666666666666,1179.5450282523504,d4_semiprime
149521,149531,10,149522,4,0.1,571.9308474053915,d4_semiprime
149603,149623,20,149605,4,0.1,1215.411342403467,d4_semiprime
149729,149731,2,149730,64,0.5,369.4142574850847,d8_plus
149803,149827,24,149806,4,0.125,1573.0651957319558,d4_semiprime
149899,149909,10,149903,6,0.4,583.9696946545859,d6
149993,150001,8,149997,4,0.5,703.1841437967581,d4_semiprime
150083,150089,6,150085,8,0.3333333333333333,417.1636110406158,d8_plus
150193,150197,4,150196,6,0.75,238.3937879180782,d6
150239,150247,8,150244,6,0.625,596.0001902158454,d6
150373,150377,4,150376,8,0.75,202.6550601053213,d8_plus
150427,150431,4,150428,6,0.25,190.74000368555556,d6
150533,150551,18,150538,4,0.2777777777777778,1186.2381029508836,d4_semiprime
150611,150617,6,150613,4,0.3333333333333333,441.1314094975726,d4_semiprime
150767,150769,2,150768,40,0.5,226.54645269848422,d8_plus
150869,150881,12,150873,4,0.3333333333333333,1037.4065355956589,d4_semiprime
150929,150959,30,150931,4,0.06666666666666667,1872.1700641948003,d4_semiprime
151009,151013,4,151010,8,0.25,274.277496342889,d8_plus
151121,151141,20,151123,4,0.1,1287.9977780014478,d4_semiprime
151201,151213,12,151205,4,0.3333333333333333,632.0993082781166,d4_semiprime
151279,151289,10,151282,4,0.3,632.1259736968116,d4_semiprime
151381,151391,10,151383,4,0.2,548.6690414718238,d4_semiprime
151477,151483,6,151479,6,0.3333333333333333,357.84622024877046,d6
151549,151553,4,151551,10,0.5,322.0742985834944,d8_plus
151607,151609,2,151608,16,0.5,83.50337464872652,d8_plus
151681,151687,6,151682,8,0.16666666666666666,345.95716507542875,d8_plus
151771,151783,12,151773,4,0.16666666666666666,847.0416636282087,d4_semiprime
151849,151871,22,151853,4,0.18181818181818182,1145.3492992605388,d4_semiprime
151939,151967,28,151941,4,0.07142857142857142,1825.4934673817284,d4_semiprime
152041,152063,22,152049,4,0.36363636363636365,1145.4697679824242,d4_semiprime
152147,152183,36,152149,4,0.05555555555555555,2279.146243022773,d4_semiprime
152231,152239,8,152237,4,0.75,393.79486976664106,d4_semiprime
152363,152377,14,152367,4,0.2857142857142857,847.3191676027875,d4_semiprime
152423,152429,6,152426,4,0.5,560.9181596086104,d4_semiprime
152531,152533,2,152532,36,0.5,202.89720471440538,d8_plus
152623,152629,6,152627,8,0.6666666666666666,596.7874585182544,d8_plus
152723,152729,6,152727,4,0.6666666666666666,465.5193933443566,d4_semiprime
152819,152821,2,152820,48,0.5,274.5513688556358,d8_plus
152857,152879,22,152861,4,0.18181818181818182,1193.732654972463,d4_semiprime
152953,152959,6,152957,4,0.6666666666666666,429.7646661597625,d4_semiprime
153071,153073,2,153072,30,0.5,167.1412914908513,d8_plus
153151,153191,40,153155,4,0.1,2722.161542114282,d4_semiprime
153287,153313,26,153298,4,0.4230769230769231,1779.0821682788937,d4_semiprime
153379,153407,28,153383,4,0.14285714285714285,1862.757633602509,d4_semiprime
153449,153457,8,153451,4,0.25,883.6447778943426,d4_semiprime
153523,153529,6,153526,8,0.5,346.30710511489804,d8_plus
153623,153641,18,153631,4,0.4444444444444444,1301.7126661673617,d4_semiprime
153743,153749,6,153746,4,0.5,418.0071179913036,d4_semiprime
153887,153889,2,153888,48,0.5,274.71154791377995,d8_plus
153953,153991,38,153961,4,0.21052631578947367,2568.0745477946493,d4_semiprime
154067,154073,6,154069,4,0.3333333333333333,489.75161632183887,d4_semiprime
154127,154153,26,154129,4,0.07692307692307693,1732.1130125585344,d4_semiprime
154229,154243,14,154237,4,0.5714285714285714,1051.2695855746017,d4_semiprime
154313,154321,8,154317,4,0.5,489.8175916994904,d4_semiprime
154409,154417,8,154412,6,0.375,501.7902619459679,d6
154523,154543,20,154526,4,0.15,1290.4012226369478,d4_semiprime
154619,154621,2,154620,36,0.5,203.12833813886593,d8_plus
154723,154727,4,154724,12,0.25,203.13989157823724,d8_plus
154789,154799,10,154793,4,0.4,525.7929559647918,d4_semiprime
154877,154883,6,154879,4,0.3333333333333333,609.4708107885305,d4_semiprime
154991,155003,12,154999,4,0.6666666666666666,800.728144568597,d4_semiprime
155083,155087,4,155086,4,0.75,203.17936096327918,d4_semiprime
155191,155201,10,155195,4,0.4,729.099335745735,d4_semiprime
155291,155299,8,155293,4,0.25,681.325920903642,d4_semiprime
155377,155381,4,155378,4,0.25,227.11889323884347,d4_semiprime
155453,155461,8,155455,4,0.25,490.1191151076554,d4_semiprime
155557,155569,12,155559,4,0.16666666666666666,645.5597914977283,d4_semiprime
155627,155653,26,155629,4,0.07692307692307693,1888.9380795243292,d4_semiprime
155707,155717,10,155711,4,0.4,705.389888002672,d4_semiprime
155777,155783,6,155779,8,0.3333333333333333,322.8174137680963,d8_plus
155851,155861,10,155858,4,0.7,573.9209814988654,d4_semiprime
156007,156011,4,156008,8,0.25,251.11104851425657,d8_plus
156109,156119,10,156113,4,0.4,633.7919098114359,d4_semiprime
156227,156229,2,156228,24,0.5,131.54978933453935,d8_plus
156319,156329,10,156323,4,0.4,550.1453346518042,d4_semiprime
156437,156467,30,156439,4,0.06666666666666667,1997.4059249562274,d4_semiprime
156577,156589,12,156581,4,0.3333333333333333,705.7192889791161,d4_semiprime
156659,156671,12,156661,4,0.16666666666666666,622.016293041259,d4_semiprime
156707,156719,12,156711,4,0.3333333333333333,610.0706896231736,d4_semiprime
156817,156823,6,156818,8,0.16666666666666666,251.2199835384492,d8_plus
156941,156943,2,156942,12,0.5,59.8181579466199,d8_plus
157037,157049,12,157039,4,0.16666666666666666,789.6420563624,d4_semiprime
157127,157133,6,157129,4,0.3333333333333333,370.9097299664368,d4_semiprime
157211,157217,6,157214,4,0.5,466.6491144393803,d4_semiprime
157253,157259,6,157254,8,0.16666666666666666,251.278249639859,d8_plus
157307,157321,14,157309,4,0.14285714285714285,1208.5674460652697,d4_semiprime
157427,157429,2,157428,18,0.5,95.73378791895225,d8_plus
157519,157523,4,157521,16,0.5,394.9212878550282,d8_plus
157637,157639,2,157638,32,0.5,179.5208481613982,d8_plus
157739,157747,8,157741,4,0.25,550.5609580476472,d4_semiprime
157831,157837,6,157835,4,0.6666666666666666,394.9868585110435,d4_semiprime
157901,157907,6,157903,4,0.3333333333333333,395.0016048961356,d4_semiprime
158009,158017,8,158011,4,0.25,622.4626021094191,d4_semiprime
158141,158143,2,158142,8,0.5,35.913745927699715,d8_plus
158233,158243,10,158237,4,0.4,873.9454394175409,d4_semiprime
158351,158357,6,158353,6,0.3333333333333333,526.7940183467076,d6
158429,158443,14,158435,4,0.42857142857142855,778.2519534415688,d4_semiprime
158551,158563,12,158557,4,0.5,634.6153193917755,d4_semiprime
158611,158617,6,158615,4,0.6666666666666666,371.2011071645013,d4_semiprime
158731,158747,16,158734,4,0.1875,778.3766222331766,d4_semiprime
158803,158843,40,158807,4,0.1,2395.1101375459216,d4_semiprime
158927,158941,14,158929,4,0.14285714285714285,1065.8848807226288,d4_semiprime
159059,159073,14,159062,4,0.21428571428571427,1042.0052039333477,d4_semiprime
159167,159169,2,159168,28,0.5,155.71030185311997,d8_plus
159223,159227,4,159226,4,0.75,227.58336024686923,d4_semiprime
159347,159349,2,159348,36,0.5,203.6403780692316,d8_plus
159437,159457,20,159439,4,0.1,1245.8653119924875,d4_semiprime
159521,159539,18,159527,4,0.3333333333333333,1221.9584446240576,d4_semiprime
159617,159623,6,159622,4,0.8333333333333334,347.4359366936131,d4_semiprime
159697,159701,4,159699,4,0.5,287.54506190571493,d4_semiprime
159773,159779,6,159778,4,0.8333333333333334,347.4642026270488,d4_semiprime
159833,159839,6,159837,4,0.6666666666666666,275.5837695625172,d4_semiprime
159931,159937,6,159934,4,0.5,599.126313153419,d4_semiprime
160033,160049,16,160037,4,0.25,790.8898493676578,d4_semiprime
160117,160141,24,160123,4,0.25,1713.67562517232,d4_semiprime
160217,160231,14,160219,4,0.14285714285714285,1066.6055017919532,d4_semiprime
160357,160367,10,160359,4,0.2,587.2740882818232,d4_semiprime
160441,160453,12,160442,4,0.08333333333333333,719.143348837427,d4_semiprime
160553,160579,26,160558,4,0.19230769230769232,1606.185630968063,d4_semiprime
160637,160639,2,160638,16,0.5,83.90836065646155,d8_plus
160697,160709,12,160703,4,0.5,839.1119440517886,d4_semiprime
160781,160789,8,160783,8,0.25,467.52503592734257,d8_plus
160877,160879,2,160878,8,0.5,35.96520477822961,d8_plus
160981,160997,16,160982,4,0.0625,1043.0515534360834,d4_semiprime
161053,161059,6,161054,4,0.16666666666666666,335.70625093048335,d4_semiprime
161149,161159,10,161151,4,0.2,479.6043801259966,d4_semiprime
161267,161281,14,161273,4,0.42857142857142855,1318.9962249950333,d4_semiprime
161363,161377,14,161366,4,0.21428571428571427,1055.247693210959,d4_semiprime
161471,161503,32,161473,4,0.0625,2002.6938858231897,d4_semiprime
161563,161569,6,161566,4,0.5,719.5606108052991,d4_semiprime
161641,161659,18,161643,4,0.1111111111111111,1115.3670949891455,d4_semiprime
161743,161753,10,161747,4,0.4,491.74538472164005,d4_semiprime
161831,161839,8,161834,4,0.375,503.7619743929122,d4_semiprime
161923,161947,24,161926,4,0.125,1535.3533973350768,d4_semiprime
162007,162011,4,162009,12,0.5,323.8759441617351,d8_plus
162119,162143,24,162121,4,0.08333333333333333,1667.4653295376352,d4_semiprime
162269,162277,8,162271,4,0.25,503.8752888023356,d4_semiprime
162389,162391,2,162390,16,0.5,83.98429289921394,d8_plus
162493,162499,6,162497,4,0.6666666666666666,431.9427980966929,d4_semiprime
162563,162577,14,162566,4,0.21428571428571427,1019.9030241996413,d4_semiprime
162649,162671,22,162651,4,0.09090909090909091,1331.9348776946326,d4_semiprime
162727,162731,4,162728,8,0.25,239.99683038963417,d8_plus
162821,162823,2,162822,16,0.5,84.00289000989048,d8_plus
162889,162901,12,162895,4,0.5,888.0639792440668,d4_semiprime
162973,162989,16,162977,4,0.25,1020.1175908864241,d4_semiprime
163063,163109,46,163066,4,0.06521739130434782,3252.549652620884,d4_semiprime
163171,163181,10,163177,4,0.6,612.1318478802388,d4_semiprime
163259,163307,48,163263,4,0.08333333333333333,3336.902946643109,d4_semiprime
163367,163393,26,163369,4,0.07692307692307693,1824.5831127952372,d4_semiprime
163477,163481,4,163479,4,0.5,228.0844299969494,d4_semiprime
163573,163601,28,163577,4,0.14285714285714285,2028.861811647618,d4_semiprime
163643,163661,18,163649,4,0.3333333333333333,1248.5718255974557,d4_semiprime
163753,163771,18,163757,4,0.2222222222222222,1164.5986059624133,d4_semiprime
163853,163859,6,163855,4,0.3333333333333333,468.26295100225434,d4_semiprime
163973,163979,6,163974,8,0.16666666666666666,252.15697024981134,d8_plus
164023,164039,16,164026,4,0.1875,1062.6905835883065,d4_semiprime
164117,164147,30,164119,4,0.06666666666666667,1921.347372961833,d4_semiprime
164209,164231,22,164213,4,0.18181818181818182,1501.1204604433606,d4_semiprime
164291,164299,8,164293,4,0.25,444.3485591063291,d4_semiprime
164377,164387,10,164378,4,0.1,468.388189226908,d4_semiprime
164449,164471,22,164453,4,0.18181818181818182,1261.0931021529486,d4_semiprime
164587,164599,12,164597,4,0.8333333333333334,768.7186163690895,d4_semiprime
164677,164683,6,164678,4,0.16666666666666666,384.376418602579,d4_semiprime
164789,164809,20,164797,4,0.4,1513.5736083654308,d4_semiprime
164893,164911,18,164897,4,0.2222222222222222,1033.1275831135392,d4_semiprime
165041,165047,6,165043,4,0.3333333333333333,348.40496930903834,d4_semiprime
165133,165161,28,165134,4,0.03571428571428571,1645.9994210214234,d4_semiprime
165247,165287,40,165251,4,0.1,2463.138848368965,d4_semiprime
165349,165367,18,165351,4,0.1111111111111111,1225.618473543886,d4_semiprime
165449,165457,8,165454,4,0.625,612.8386009816197,d4_semiprime
165533,165541,8,165535,4,0.25,612.8647164982473,d4_semiprime
165589,165601,12,165593,4,0.3333333333333333,1177.6966820761756,d4_semiprime
165703,165707,4,165705,8,0.5,252.37717951928542,d8_plus
165799,165811,12,165803,4,0.3333333333333333,733.1325318488754,d4_semiprime
165887,165901,14,165889,4,0.14285714285714285,1274.0251350864075,d4_semiprime
166021,166027,6,166024,8,0.5,540.8949797214616,d8_plus
166151,166157,6,166153,4,0.3333333333333333,601.0332525889653,d4_semiprime
166237,166247,10,166241,4,0.4,637.1235552670908,d4_semiprime
166319,166349,30,166321,4,0.06666666666666667,2560.6290799502603,d4_semiprime
166409,166417,8,166411,4,0.25,480.8889909760736,d4_semiprime
166567,166571,4,166569,8,0.5,156.301119906372,d8_plus
166627,166631,4,166629,8,0.5,252.4940023213324,d8_plus
166703,166723,20,166709,4,0.3,1418.8349599629819,d4_semiprime
166823,166841,18,166827,4,0.2222222222222222,1214.4987325060492,d4_semiprime
166867,166871,4,166869,6,0.5,264.54927568043877,d6
166979,166987,8,166981,4,0.25,661.410133819,d4_semiprime
167047,167051,4,167049,16,0.5,396.85937728512965,d8_plus
167113,167117,4,167114,4,0.25,156.3437111386056,d4_semiprime
167197,167213,16,167199,4,0.125,1154.5891046543102,d4_semiprime
167311,167317,6,167313,8,0.3333333333333333,432.9946760311845,d8_plus
167413,167423,10,167419,4,0.6,565.3276054584894,d4_semiprime
167471,167483,12,167473,4,0.16666666666666666,926.2020916706352,d4_semiprime
167611,167621,10,167613,4,0.2,769.8840089299433,d4_semiprime
167683,167711,28,167686,4,0.10714285714285714,2057.114737336808,d4_semiprime
167801,167809,8,167803,4,0.25,757.9255867890588,d4_semiprime
167899,167911,12,167901,4,0.16666666666666666,1118.8971200897952,d4_semiprime
168029,168037,8,168031,4,0.25,637.691708916809,d4_semiprime
168109,168127,18,168115,4,0.3333333333333333,1143.0797467613986,d4_semiprime
168247,168253,6,168251,4,0.6666666666666666,300.8302393961243,d4_semiprime
168331,168347,16,168339,4,0.5,1058.9687882100354,d4_semiprime
168457,168463,6,168458,4,0.16666666666666666,348.9993446989097,d4_semiprime
168541,168559,18,168547,4,0.3333333333333333,1010.9386362514567,d4_semiprime
168673,168677,4,168676,6,0.75,288.857444214619,d6
168761,168769,8,168763,4,0.25,481.4507189821558,d4_semiprime
168887,168893,6,168892,6,0.8333333333333334,312.96192130705833,d6
168991,169003,12,168997,4,0.5,746.3338138770507,d4_semiprime
169069,169079,10,169073,4,0.4,686.1709527768826,d4_semiprime
169177,169181,4,169178,4,0.25,156.50332297347424,d4_semiprime
169259,169283,24,169261,4,0.08333333333333333,1890.1617970575576,d4_semiprime
169343,169361,18,169346,4,0.16666666666666666,1468.8463539637935,d4_semiprime
169471,169483,12,169474,4,0.25,746.5094014074951,d4_semiprime
169553,169567,14,169555,4,0.14285714285714285,987.3584932300699,d4_semiprime
169649,169657,8,169651,4,0.25,758.6146044928355,d4_semiprime
169733,169751,18,169738,4,0.2777777777777778,1270.434736637866,d4_semiprime
169823,169831,8,169826,4,0.375,758.6798751248665,d4_semiprime
169913,169919,6,169914,8,0.16666666666666666,301.0765575289902,d8_plus
169991,170003,12,169997,4,0.5,855.0910844009813,d4_semiprime
170081,170099,18,170083,4,0.1111111111111111,1023.7462602228431,d4_semiprime
170189,170197,8,170193,4,0.5,614.2788363885902,d4_semiprime
170249,170263,14,170251,4,0.14285714285714285,843.1540632086211,d4_semiprime
170347,170351,4,170349,4,0.5,132.50165008068035,d4_semiprime
170393,170413,20,170398,4,0.25,1409.3728387851463,d4_semiprime
170509,170537,28,170513,4,0.14285714285714285,1867.2262899770128,d4_semiprime
170627,170633,6,170629,4,0.3333333333333333,433.7011516906367,d4_semiprime
170707,170711,4,170708,6,0.25,192.76347939297528,d6
170777,170801,24,170783,4,0.25,1566.2656205135804,d4_semiprime
170857,170873,16,170858,4,0.0625,927.7450337868172,d4_semiprime
170957,170971,14,170959,4,0.14285714285714285,927.789552806609,d4_semiprime
171053,171077,24,171055,4,0.08333333333333333,1614.673295337975,d4_semiprime
171167,171169,2,171168,24,0.5,132.55440890264074,d8_plus
171271,171293,22,171277,4,0.2727272727272727,1409.9753934588794,d4_semiprime
171401,171403,2,171402,48,0.5,277.190639934851,d8_plus
171481,171491,10,171485,4,0.4,518.2471753988281,d4_semiprime
171571,171583,12,171573,4,0.16666666666666666,554.4282564864304,d4_semiprime
171671,171673,2,171672,32,0.5,180.80011437684496,d8_plus
171757,171761,4,171758,8,0.25,301.3462834148665,d8_plus
171827,171851,24,171829,4,0.08333333333333333,1735.819824811864,d4_semiprime
171917,171923,6,171919,4,0.3333333333333333,373.6983088368813,d4_semiprime
172027,172031,4,172030,8,0.75,180.83126356743685,d8_plus
172147,172153,6,172149,4,0.3333333333333333,361.6837950928967,d4_semiprime
172217,172219,2,172218,8,0.5,36.16954918538896,d8_plus
172307,172313,6,172309,4,0.3333333333333333,397.8827231846441,d4_semiprime
172399,172411,12,172401,4,0.16666666666666666,783.7442341341448,d4_semiprime
172489,172507,18,172493,4,0.2222222222222222,1085.232404613545,d4_semiprime
172573,172583,10,172574,4,0.1,566.7541374577053,d4_semiprime
172643,172649,6,172646,4,0.5,265.2979619612306,d4_semiprime
172717,172721,4,172719,8,0.5,397.9609484075024,d8_plus
172829,172849,20,172831,4,0.1,1326.6128599032468,d4_semiprime
172933,172969,36,172934,4,0.027777777777777776,2327.7266914773477,d4_semiprime
173023,173039,16,173027,4,0.25,844.285418801078,d4_semiprime
173137,173141,4,173139,4,0.5,229.17517346504883,d4_semiprime
173209,173219,10,173211,4,0.2,470.4291680337359,d4_semiprime
173297,173309,12,173303,4,0.5,796.1446052153464,d4_semiprime
173483,173491,8,173486,4,0.375,542.8734347143178,d4_semiprime
173561,173573,12,173566,4,0.4166666666666667,844.5023452441642,d4_semiprime
173669,173671,2,173670,32,0.5,180.97368338611741,d8_plus
173741,173743,2,173742,16,0.5,84.45728703441087,d8_plus
173819,173827,8,173821,4,0.25,711.8820409573156,d4_semiprime
173909,173917,8,173911,4,0.25,627.4477698077995,d4_semiprime
174007,174017,10,174011,4,0.4,458.5415604879935,d4_semiprime
174077,174079,2,174078,24,0.5,132.7398462897444,d8_plus
174157,174169,12,174161,4,0.3333333333333333,868.8780022445197,d4_semiprime
174281,174289,8,174283,4,0.25,518.9432397519166,d4_semiprime
174367,174389,22,174371,4,0.18181818181818182,1532.760282597474,d4_semiprime
174467,174469,2,174468,48,0.5,277.5984223225468,d8_plus
174571,174583,12,174579,4,0.6666666666666666,929.3997321243783,d4_semiprime
174653,174659,6,174655,8,0.3333333333333333,362.11716231643794,d8_plus
174761,174763,2,174762,48,0.5,277.63714752712514,d8_plus
174859,174877,18,174863,4,0.2222222222222222,1243.3945829567845,d4_semiprime
174943,174959,16,174946,4,0.1875,1026.1413228842046,d4_semiprime
175061,175067,6,175063,8,0.3333333333333333,374.2601367580701,d8_plus
175211,175229,18,175213,4,0.1111111111111111,1255.6745115554102,d4_semiprime
175327,175333,6,175331,4,0.6666666666666666,495.05141003457544,d4_semiprime
175433,175447,14,175438,4,0.35714285714285715,1098.8299834402546,d4_semiprime
175523,175543,20,175529,4,0.3,1436.9943893569578,d4_semiprime
175663,175673,10,175666,4,0.3,507.2067815658981,d4_semiprime
175753,175757,4,175754,4,0.25,108.6916390877904,d4_semiprime
175837,175843,6,175839,4,0.3333333333333333,398.5519051454387,d4_semiprime
175919,175937,18,175922,4,0.16666666666666666,1304.4054233207273,d4_semiprime
175993,176017,24,175999,4,0.25,1739.2708473187415,d4_semiprime
176063,176081,18,176069,4,0.3333333333333333,1268.2577343796515,d4_semiprime
176161,176179,18,176167,4,0.3333333333333333,1280.3968919848264,d4_semiprime
176237,176243,6,176239,8,0.3333333333333333,277.83082287701825,d8_plus
176329,176333,4,176331,8,0.5,277.8426616482767,d8_plus
176389,176401,12,176395,4,0.5,1359.0556490041572,d4_semiprime
176467,176489,22,176471,4,0.18181818181818182,1558.4423639912347,d4_semiprime
176537,176549,12,176543,4,0.5,942.343019924838,d4_semiprime
176609,176611,2,176610,48,0.5,277.8790813858796,d8_plus
176713,176741,28,176717,4,0.14285714285714285,1921.0945590449228,d4_semiprime
176797,176807,10,176801,4,0.4,773.2980385736157,d4_semiprime
176899,176903,4,176901,4,0.5,350.4169865405282,d4_semiprime
176983,176989,6,176986,4,0.5,592.1076053086779,d4_semiprime
177101,177109,8,177107,4,0.75,290.0279251105825,d4_semiprime
177211,177217,6,177214,4,0.5,495.48990572398066,d4_semiprime
177319,177323,4,177321,4,0.5,398.8284894508325,d4_semiprime
177427,177431,4,177428,6,0.25,241.7265443376686,d6
177511,177533,22,177517,4,0.2727272727272727,1293.292902929657,d4_semiprime
177647,177677,30,177649,4,0.06666666666666667,2308.7384638395843,d4_semiprime
177787,177791,4,177789,4,0.5,193.41363810122166,d4_semiprime
177887,177889,2,177888,48,0.5,278.04491660832355,d8_plus
177949,177953,4,177951,8,0.5,229.69604041598768,d8_plus
178067,178069,2,178068,48,0.5,278.0681779122649,d8_plus
178151,178169,18,178153,4,0.1111111111111111,1281.5859947389936,d4_semiprime
178249,178259,10,178251,4,0.2,556.184222722346,d4_semiprime
178333,178349,16,178337,4,0.25,846.4015731122803,d4_semiprime
178439,178441,2,178440,32,0.5,181.38011533863303,d8_plus
178513,178531,18,178517,4,0.2222222222222222,1221.3399634869406,d4_semiprime
178601,178603,2,178602,24,0.5,133.02206660127135,d8_plus
178681,178691,10,178683,4,0.2,640.9495916750525,d4_semiprime
178799,178807,8,178803,6,0.5,677.265810471319,d6
178859,178873,14,178861,4,0.14285714285714285,1052.2121326516437,d4_semiprime
178921,178931,10,178927,4,0.6,610.7838467613518,d4_semiprime
179029,179033,4,179030,8,0.25,254.00166636511807,d8_plus
179107,179111,4,179108,6,0.25,120.95750396353975,d6
179209,179213,4,179210,8,0.25,181.44479858341904,d8_plus
179317,179321,4,179318,4,0.25,133.0661712977403,d4_semiprime
179393,179407,14,179395,4,0.14285714285714285,1161.3475846711906,d4_semiprime
179461,179471,10,179467,4,0.6,532.3007846746852,d4_semiprime
179549,179563,14,179551,4,0.14285714285714285,1246.1175764854174,d4_semiprime
179623,179633,10,179629,4,0.6,641.2282409470572,d4_semiprime
179693,179717,24,179698,4,0.20833333333333334,1718.068326061204,d4_semiprime
179807,179813,6,179811,6,0.6666666666666666,254.09267068536482,d6
179899,179903,4,179902,8,0.75,290.40380966471673,d8_plus
179953,179957,4,179954,4,0.25,254.10972629864642,d4_semiprime
180007,180023,16,180013,4,0.375,798.6522059050607,d4_semiprime
180137,180161,24,180142,4,0.20833333333333334,1585.3020215573424,d4_semiprime
180241,180247,6,180242,4,0.16666666666666666,266.2455465566335,d4_semiprime
180311,180317,6,180313,4,0.3333333333333333,350.97110784626256,d4_semiprime
180391,180413,22,180394,4,0.13636363636363635,1403.9421719421346,d4_semiprime
180503,180511,8,180507,4,0.5,605.1761033538497,d4_semiprime
180569,180617,48,180571,4,0.041666666666666664,3655.4080225263237,d4_semiprime
180731,180749,18,180733,4,0.1111111111111111,980.4903982222205,d4_semiprime
180811,180847,36,180813,4,0.05555555555555555,2154.7468390189124,d4_semiprime
181003,181019,16,181007,4,0.25,1004.8238255619198,d4_semiprime
181123,181141,18,181127,4,0.2222222222222222,1150.163027197581,d4_semiprime
181213,181219,6,181217,4,0.6666666666666666,278.47121221144835,d4_semiprime
181301,181303,2,181302,32,0.5,181.61879142182548,d8_plus
181421,181439,18,181423,4,0.1111111111111111,1029.232468117467,d4_semiprime
181537,181549,12,181541,4,0.3333333333333333,980.8494809617548,d4_semiprime
181667,181669,2,181668,12,0.5,60.54968062199939,d8_plus
181751,181757,6,181756,6,0.8333333333333334,363.31224908973,d6
181837,181871,34,181847,4,0.29411764705882354,1949.8639262362622,d4_semiprime
181927,181931,4,181928,8,0.25,302.7843604609297,d8_plus
182011,182027,16,182017,4,0.375,1041.6204516748433,d4_semiprime
182089,182099,10,182093,4,0.4,690.3996498453515,d4_semiprime
182141,182159,18,182143,4,0.1111111111111111,884.2186427734371,d4_semiprime
182239,182243,4,182242,4,0.75,314.94009619469404,d4_semiprime
182341,182353,12,182345,4,0.3333333333333333,787.388650950468,d4_semiprime
182453,182467,14,182458,4,0.35714285714285715,823.7714868968231,d4_semiprime
182537,182549,12,182543,4,0.5,666.3109544433158,d4_semiprime
182603,182617,14,182606,4,0.21428571428571427,811.7126309476716,d4_semiprime
182681,182687,6,182683,8,0.3333333333333333,399.81182490805753,d8_plus
182789,182803,14,182791,4,0.14285714285714285,823.8963639032718,d4_semiprime
182887,182893,6,182891,4,0.6666666666666666,205.98288268880853,d4_semiprime
182957,182969,12,182963,4,0.5,690.6712139896817,d4_semiprime
183059,183067,8,183061,4,0.25,787.6427931312128,d4_semiprime
183203,183247,44,183215,4,0.2727272727272727,2872.076221623407,d4_semiprime
183301,183307,6,183302,8,0.16666666666666666,351.44814732649905,d8_plus
183373,183377,4,183374,8,0.25,278.74366857489946,d8_plus
183461,183473,12,183463,4,0.16666666666666666,654.46853969421,d4_semiprime
183511,183523,12,183514,4,0.25,1030.2053524250323,d4_semiprime
183593,183611,18,183601,4,0.4444444444444444,1660.511741725913,d4_semiprime
183709,183713,4,183710,8,0.25,181.81679813129568,d8_plus
183871,183877,6,183873,4,0.3333333333333333,606.1003444760378,d4_semiprime
183949,183959,10,183955,4,0.6,618.2443390544325,d4_semiprime
184031,184039,8,184033,4,0.25,666.7581202090031,d4_semiprime
184117,184133,16,184123,4,0.375,1054.7334857739736,d4_semiprime
184211,184231,20,184213,4,0.1,1576.1059257040065,d4_semiprime
184309,184321,12,184313,4,0.3333333333333333,1127.5702482710433,d4_semiprime
184441,184447,6,184442,4,0.16666666666666666,206.1267633201934,d4_semiprime
184517,184523,6,184519,4,0.3333333333333333,521.3969348511275,d4_semiprime
184609,184627,18,184615,4,0.3333333333333333,1248.983436452342,d4_semiprime
184693,184703,10,184694,4,0.1,557.8181416167771,d4_semiprime
184823,184829,6,184826,4,0.5,533.5954149822915,d4_semiprime
184903,184913,10,184907,4,0.4,812.550311448554,d4_semiprime
184999,185021,22,185001,4,0.09090909090909091,1552.404761608344,d4_semiprime
185077,185089,12,185083,4,0.5,897.5136141520886,d4_semiprime
185153,185161,8,185159,4,0.75,424.5137407703132,d4_semiprime
185243,185267,24,185245,4,0.08333333333333333,1855.811513398821,d4_semiprime
185359,185363,4,185362,4,0.75,327.5115378498737,d4_semiprime
185477,185483,6,185479,4,0.3333333333333333,279.00613221928813,d4_semiprime
185543,185551,8,185545,8,0.25,521.6356765244358,d8_plus
185641,185651,10,185642,4,0.1,448.86939282958264,d4_semiprime
185707,185711,4,185709,8,0.5,230.506820325606,d8_plus
185789,185797,8,185795,4,0.75,630.8842144885209,d4_semiprime
185869,185873,4,185870,8,0.25,169.8593196716663,d8_plus
185951,185957,6,185953,4,0.3333333333333333,630.929132179326,d4_semiprime
186019,186023,4,186022,8,0.75,230.5386391353136,d8_plus
186107,186113,6,186109,8,0.3333333333333333,436.82734357899403,d8_plus
186191,186211,20,186194,4,0.15,1504.6882717643282,d4_semiprime
186259,186271,12,186262,4,0.25,825.1748650119629,d4_semiprime
186377,186379,2,186378,8,0.5,36.4065964455509,d8_plus
186479,186481,2,186480,120,0.5,716.0286771488687,d8_plus
186619,186629,10,186621,4,0.2,1001.290050583556,d4_semiprime
186701,186707,6,186703,6,0.3333333333333333,461.2166252964816,d6
186763,186773,10,186766,4,0.3,449.0921604028242,d4_semiprime
186877,186883,6,186881,4,0.6666666666666666,449.1141382939432,d4_semiprime
187009,187027,18,187019,4,0.5555555555555556,1080.3677793014824,d4_semiprime
187091,187111,20,187097,4,0.3,1529.5665855100742,d4_semiprime
187163,187171,8,187169,4,0.75,594.8480600366948,d4_semiprime
187219,187223,4,187221,8,0.5,400.6214000743718,d8_plus
187349,187361,12,187351,4,0.16666666666666666,825.5717454615999,d4_semiprime
187417,187423,6,187419,4,0.3333333333333333,218.53989525031957,d4_semiprime
187477,187507,30,187489,3,0.4,2094.407038803299,d3_prime_square
187631,187633,2,187632,30,0.5,169.99133027381183,d8_plus
187699,187711,12,187702,4,0.25,898.5541692384868,d4_semiprime
187843,187861,18,187846,4,0.16666666666666666,1190.0547092873824,d4_semiprime
187921,187927,6,187925,6,0.6666666666666666,242.87581020285654,d6
188017,188021,4,188018,4,0.25,352.1847677246345,d4_semiprime
188171,188179,8,188173,4,0.25,485.80512233652723,d4_semiprime
188281,188291,10,188283,4,0.2,412.9545124741715,d4_semiprime
188351,188359,8,188353,4,0.25,661.9612330460996,d4_semiprime
188437,188443,6,188438,4,0.16666666666666666,473.71503219397266,d4_semiprime
188533,188563,30,188537,4,0.13333333333333333,1919.2440762414424,d4_semiprime
188677,188681,4,188678,8,0.25,255.10391478534228,d8_plus
188729,188753,24,188731,4,0.08333333333333333,1749.3305807568952,d4_semiprime
188833,188843,10,188837,4,0.4,498.09442553526134,d4_semiprime
188911,188927,16,188913,4,0.125,1020.5221902570579,d4_semiprime
188999,189011,12,189001,4,0.16666666666666666,1324.2972262128822,d4_semiprime
189127,189139,12,189131,4,0.3333333333333333,558.909512090281,d4_semiprime
189229,189239,10,189233,4,0.4,352.3713539568141,d4_semiprime
189337,189347,10,189339,4,0.2,546.8091272216516,d4_semiprime
189401,189407,6,189403,4,0.3333333333333333,340.2459683604374,d4_semiprime
189467,189473,6,189469,4,0.3333333333333333,425.3194565065046,d4_semiprime
189529,189547,18,189533,4,0.2222222222222222,1348.9109440483023,d4_semiprime
189619,189643,24,189622,4,0.125,1555.5626409311317,d4_semiprime
189713,189733,20,189719,4,0.3,1604.238344487126,d4_semiprime
189823,189851,28,189827,4,0.14285714285714285,1932.4736425306146,d4_semiprime
189913,189929,16,189919,4,0.375,1227.5911322019174,d4_semiprime
189989,189997,8,189991,4,0.25,644.2013739929263,d4_semiprime
190097,190121,24,190101,4,0.16666666666666666,1543.7304720180864,d4_semiprime
190249,190261,12,190253,4,0.3333333333333333,984.6465587389824,d4_semiprime
190331,190339,8,190337,4,0.75,461.9483251727126,d4_semiprime
190409,190471,62,190415,4,0.0967741935483871,4169.884362212255,d4_semiprime
190577,190579,2,190578,16,0.5,85.10471786996547,d8_plus
190649,190657,8,190651,4,0.25,753.8089599671175,d4_semiprime
190753,190759,6,190754,8,0.16666666666666666,328.2862294384215,d8_plus
190807,190811,4,190810,8,0.75,303.97564227701713,d8_plus
190891,190901,10,190897,4,0.6,729.5692057526975,d4_semiprime
191027,191033,6,191029,6,0.3333333333333333,243.20369955030736,d6
191119,191123,4,191122,4,0.75,206.73121238467715,d4_semiprime
191227,191231,4,191229,4,0.5,121.612295563922,d4_semiprime
191339,191341,2,191340,36,0.5,206.75072289694668,d8_plus
191453,191459,6,191458,8,0.8333333333333334,401.3596074347595,d8_plus
191509,191519,10,191515,4,0.6,571.6475148154626,d4_semiprime
191579,191599,20,191581,4,0.1,1398.7570967885117,d4_semiprime
191689,191693,4,191692,12,0.75,243.27278915787508,d8_plus
191783,191791,8,191787,4,0.5,559.550319156009,d4_semiprime
191861,191899,38,191863,4,0.05263157894736842,2943.838088218695,d4_semiprime
191999,192007,8,192001,4,0.25,742.0807532478058,d4_semiprime
192053,192091,38,192057,4,0.10526315789473684,2591.278503483873,d4_semiprime
192161,192173,12,192163,4,0.16666666666666666,790.7979499014787,d4_semiprime
192251,192259,8,192253,8,0.25,559.6626091662476,d8_plus
192341,192343,2,192342,8,0.5,36.50109094939651,d8_plus
192431,192461,30,192433,4,0.06666666666666667,2104.990015626206,d4_semiprime
192553,192557,4,192554,8,0.25,377.21232299803097,d8_plus
192613,192617,4,192614,8,0.25,109.51603791232048,d8_plus
192697,192737,40,192721,3,0.6,2829.286269821342,d3_prime_square
192799,192811,12,192802,4,0.25,766.6743898105717,d4_semiprime
192883,192887,4,192886,4,0.75,219.05728465223106,d4_semiprime
192971,192977,6,192974,4,0.5,425.960896759437,d4_semiprime
193043,193051,8,193045,4,0.25,815.4368338288762,d4_semiprime
193153,193163,10,193157,4,0.4,888.5020389205498,d4_semiprime
193247,193261,14,193253,4,0.42857142857142855,1241.518956489356,d4_semiprime
193373,193379,6,193377,8,0.6666666666666666,401.688824626096,d8_plus
193447,193451,4,193449,4,0.5,182.59157921669546,d4_semiprime
193549,193559,10,193555,4,0.6,633.0120080923352,d4_semiprime
193619,193649,30,193621,4,0.06666666666666667,2325.1822089016646,d4_semiprime
193751,193757,6,193753,8,0.3333333333333333,645.2399124217598,d8_plus
193813,193841,28,193814,4,0.03571428571428571,1753.159772444796,d4_semiprime
193877,193883,6,193879,4,0.3333333333333333,304.3748466172122,d4_semiprime
193979,193993,14,193981,4,0.14285714285714285,1047.0963636586098,d4_semiprime
194083,194087,4,194086,8,0.75,267.87310693914515,d8_plus
194167,194179,12,194171,4,0.3333333333333333,681.8843405155469,d4_semiprime
194309,194323,14,194311,4,0.14285714285714285,974.1789746578355,d4_semiprime
194471,194479,8,194473,4,0.25,511.47813952463866,d4_semiprime
194581,194591,10,194585,4,0.4,657.6461062544869,d4_semiprime
194681,194683,2,194682,16,0.5,85.25385916014503,d8_plus
194749,194767,18,194757,4,0.4444444444444444,1278.8487152438734,d4_semiprime
194861,194863,2,194862,16,0.5,85.26032826294049,d8_plus
194933,194963,30,194939,4,0.2,1997.599033254887,d4_semiprime
195047,195049,2,195048,80,0.5,475.05903748294486,d8_plus
195127,195131,4,195128,8,0.25,353.261130058874,d8_plus
195197,195203,6,195198,8,0.16666666666666666,535.9983845279811,d8_plus
195281,195311,30,195287,4,0.2,2265.9018020476865,d4_semiprime
195389,195401,12,195395,4,0.5,1011.1701899892654,d4_semiprime
195479,195493,14,195485,4,0.42857142857142855,1120.8580837639336,d4_semiprime
195593,195599,6,195595,4,0.3333333333333333,255.85991786507887,d4_semiprime
195733,195737,4,195735,8,0.5,304.61288369223774,d8_plus
195791,195809,18,195793,4,0.1111111111111111,1449.9975631988511,d4_semiprime
195893,195907,14,195901,4,0.5714285714285714,804.2336215453723,d4_semiprime
195973,195977,4,195974,4,0.25,402.1295699463535,d4_semiprime
196051,196073,22,196057,4,0.2727272727272727,1230.80409358081,d4_semiprime
196169,196171,2,196170,32,0.5,182.80105363835145,d8_plus
196271,196277,6,196276,6,0.8333333333333334,511.8649457513002,d6
196379,196387,8,196381,4,0.25,694.7058400755095,d4_semiprime
196499,196501,2,196500,48,0.5,280.33360733670344,d8_plus
196579,196583,4,196582,8,0.75,280.3430761251621,d8_plus
196681,196687,6,196684,6,0.5,341.30204480907514,d6
196769,196771,2,196770,32,0.5,182.84686219433837,d8_plus
196873,196879,6,196874,8,0.16666666666666666,524.1842136125173,d8_plus
196993,197003,10,196997,4,0.4,597.3566563476488,d4_semiprime
197083,197089,6,197086,4,0.5,377.9333201673261,d4_semiprime
197159,197161,2,197160,64,0.5,377.94489668539876,d8_plus
197261,197269,8,197267,4,0.75,487.69204507597397,d4_semiprime
197339,197341,2,197340,96,0.5,573.0561201953244,d8_plus
197389,197419,30,197399,4,0.3333333333333333,2231.3196079926647,d4_semiprime
197539,197551,12,197545,4,0.5,963.3039118931935,d4_semiprime
197621,197641,20,197623,4,0.1,1621.8241270894841,d4_semiprime
197711,197713,2,197712,30,0.5,170.7239338748156,d8_plus
197779,197803,24,197781,4,0.08333333333333333,1975.5849787524226,d4_semiprime
197909,197921,12,197917,4,0.6666666666666666,829.3000662252272,d4_semiprime
197969,197971,2,197970,16,0.5,85.37109548131903,d8_plus
198083,198091,8,198087,4,0.5,597.6268004825266,d4_semiprime
198193,198197,4,198196,6,0.75,146.3640750365975,d6
198277,198281,4,198278,4,0.25,121.97433434777676,d4_semiprime
198349,198377,28,198353,4,0.14285714285714285,2317.591638068465,d4_semiprime
198439,198461,22,198443,4,0.18181818181818182,1732.1563952135427,d4_semiprime
198533,198553,20,198537,4,0.2,1378.459638154421,d4_semiprime
198637,198641,4,198638,8,0.25,353.77816774001246,d8_plus
198733,198761,28,198734,4,0.03571428571428571,1866.5672927867295,d4_semiprime
198833,198839,6,198837,6,0.6666666666666666,390.40743497114704,d6
198937,198941,4,198938,4,0.25,329.4204557357785,d4_semiprime
198977,198997,20,198979,4,0.1,1342.1103398290197,d4_semiprime
199103,199109,6,199105,4,0.3333333333333333,536.8699198112566,d4_semiprime
199247,199261,14,199249,4,0.14285714285714285,1171.4245406369153,d4_semiprime
199357,199373,16,199358,4,0.0625,1244.694658395647,d4_semiprime
199447,199453,6,199451,4,0.6666666666666666,378.3028946039105,d4_semiprime
199523,199559,36,199527,4,0.1111111111111111,2269.9017904053467,d4_semiprime
199657,199669,12,199658,4,0.08333333333333333,732.263418866019,d4_semiprime
199729,199739,10,199737,6,0.8,463.7801718678938,d6
199807,199811,4,199809,9,0.5,408.8714258387334,d8_plus
199889,199909,20,199891,4,0.1,1281.584409247276,d4_semiprime
200003,200009,6,200006,4,0.5,378.3891319979357,d4_semiprime
200087,200117,30,200089,4,0.06666666666666667,2136.1507306587273,d4_semiprime
200191,200201,10,200195,4,0.4,1159.6704852033101,d4_semiprime
200293,200297,4,200296,8,0.75,183.11317841112452,d8_plus
200371,200381,10,200373,4,0.2,781.3090160511116,d4_semiprime
200467,200483,16,200471,4,0.25,988.8844052976747,d4_semiprime
200597,200609,12,200599,4,0.16666666666666666,903.4719806075359,d4_semiprime
200723,200731,8,200726,4,0.375,488.3879126635003,d4_semiprime
200861,200867,6,200863,4,0.3333333333333333,256.41806011995254,d4_semiprime
200927,200929,2,200928,96,0.5,573.9029899539503,d8_plus
201011,201031,20,201013,4,0.1,1343.2283164328437,d4_semiprime
201121,201139,18,201127,4,0.3333333333333333,1233.3826893853504,d4_semiprime
201211,201233,22,201217,4,0.2727272727272727,1355.549787643915,d4_semiprime
201337,201359,22,201338,4,0.045454545454545456,1575.4498149220308,d4_semiprime
201451,201473,22,201459,4,0.36363636363636365,1245.7623773310906,d4_semiprime
201547,201557,10,201551,4,0.4,928.2490244035472,d4_semiprime
201629,201653,24,201631,4,0.08333333333333333,1490.1364840493677,d4_semiprime
201709,201731,22,201713,4,0.18181818181818182,1453.5418228986439,d4_semiprime
201791,201797,6,201793,4,0.3333333333333333,354.2350274110182,d4_semiprime
201847,201881,34,201851,4,0.11764705882352941,2479.7161130625946,d4_semiprime
201937,201947,10,201941,4,0.4,549.7079627289847,d4_semiprime
202021,202031,10,202029,4,0.8,451.99772109003953,d4_semiprime
202109,202121,12,202115,4,0.5,647.4794912694997,d4_semiprime
202219,202231,12,202222,4,0.25,855.200118747857,d4_semiprime
202339,202343,4,202341,4,0.5,232.1364639977316,d4_semiprime
202409,202441,32,202411,4,0.0625,2260.3537460256935,d4_semiprime
202567,202577,10,202569,4,0.2,647.5993020707652,d4_semiprime
202661,202667,6,202663,4,0.3333333333333333,549.8686233257129,d4_semiprime
202751,202753,2,202752,72,0.5,427.6908592702896,d8_plus
202859,202877,18,202861,4,0.1111111111111111,1515.3170061494222,d4_semiprime
202933,202949,16,202934,4,0.0625,1075.419385110707,d4_semiprime
203017,203023,6,203018,8,0.16666666666666666,329.96863363607173,d8_plus
203183,203207,24,203185,4,0.08333333333333333,2053.282807855106,d4_semiprime
203279,203293,14,203282,4,0.21428571428571427,1234.4578263738508,d4_semiprime
203341,203351,10,203347,4,0.6,843.3639702938681,d4_semiprime
203417,203419,2,203418,16,0.5,85.5611277797942,d8_plus
203549,203563,14,203551,4,0.14285714285714285,1014.5665285842963,d4_semiprime
203641,203653,12,203647,4,0.5,819.0174494375927,d4_semiprime
203767,203771,4,203768,8,0.25,256.7196467340703,d8_plus
203857,203869,12,203858,4,0.08333333333333333,611.2605369114357,d4_semiprime
203953,203969,16,203954,4,0.0625,843.5726230224479,d4_semiprime
204019,204023,4,204021,6,0.5,305.64948952753593,d6
204137,204143,6,204142,4,0.8333333333333334,354.5701800741393,d4_semiprime
204251,204299,48,204253,4,0.041666666666666664,3215.759085453855,d4_semiprime
204359,204361,2,204360,64,0.5,379.0567911267868,d8_plus
204437,204439,2,204438,16,0.5,85.59614021009098,d8_plus
204517,204521,4,204518,4,0.25,134.51260709356282,d4_semiprime
204613,204623,10,204617,4,0.4,476.9272018414755,d4_semiprime
204749,204751,2,204750,96,0.5,574.7886150806198,d8_plus
204857,204859,2,204858,24,0.5,134.53079568695858,d8_plus
204931,204947,16,204933,4,0.125,758.2888919919288,d4_semiprime
205043,205063,20,205046,4,0.15,1382.1060946321775,d4_semiprime
205133,205141,8,205135,8,0.25,587.1090288361775,d8_plus
205213,205223,10,205214,4,0.1,623.8231847631569,d4_semiprime
205327,205339,12,205329,4,0.16666666666666666,709.4786010824921,d4_semiprime
205423,205427,4,205426,8,0.75,354.75222299330005,d8_plus
205487,205493,6,205489,4,0.3333333333333333,440.39349539634213,d4_semiprime
205553,205559,6,205554,8,0.16666666666666666,305.83683481686546,d8_plus
205651,205657,6,205655,4,0.6666666666666666,538.2940812309726,d4_semiprime
205783,205817,34,205787,4,0.11764705882352941,2410.2273694216083,d4_semiprime
205937,205949,12,205939,4,0.16666666666666666,746.3564285344504,d4_semiprime
205993,206009,16,205999,4,0.375,1027.7931144122047,d4_semiprime
206069,206077,8,206071,4,0.25,538.3834993395376,d4_semiprime
206179,206183,4,206182,4,0.75,281.43964556176945,d4_semiprime
206237,206249,12,206239,4,0.16666666666666666,917.7608548862258,d4_semiprime
206299,206303,4,206301,4,0.5,195.79345989425494,d4_semiprime
206407,206411,4,206408,8,0.25,110.13853424654005,d8_plus
206483,206489,6,206487,6,0.6666666666666666,318.1876997325523,d6
206597,206603,6,206599,4,0.3333333333333333,305.9634668495501,d4_semiprime
206749,206779,30,206751,4,0.06666666666666667,1970.5321428725115,d4_semiprime
206821,206827,6,206825,6,0.6666666666666666,367.18858319461725,d6
206923,206933,10,206929,4,0.6,709.9271254597899,d4_semiprime
207029,207037,8,207033,4,0.5,660.9942417177605,d4_semiprime
207127,207139,12,207131,4,0.3333333333333333,869.1192242048434,d4_semiprime
207239,207241,2,207240,64,0.5,379.4906174487905,d8_plus
207329,207331,2,207330,16,0.5,85.69446904027484,d8_plus
207409,207433,24,207413,4,0.16666666666666666,1603.768691851598,d4_semiprime
207481,207491,10,207487,4,0.6,391.77016448947103,d4_semiprime
207541,207547,6,207542,8,0.16666666666666666,232.61889351559276,d8_plus
207629,207643,14,207631,4,0.14285714285714285,1052.9443802664357,d4_semiprime
207719,207721,2,207720,48,0.5,281.6107648530399,d8_plus
207821,207833,12,207826,4,0.4166666666666667,869.3567606255654,d4_semiprime
207947,207953,6,207951,4,0.6666666666666666,502.04702648503866,d4_semiprime
208003,208009,6,208006,4,0.5,502.05833537623295,d4_semiprime
208111,208121,10,208113,4,0.2,783.7348320997949,d4_semiprime
208213,208217,4,208214,4,0.25,232.68023191114452,d4_semiprime
208283,208291,8,208289,4,0.75,612.3336491711092,d4_semiprime
208387,208391,4,208389,4,0.5,257.19044587848373,d4_semiprime
208463,208469,6,208466,4,0.5,502.1487231677138,d4_semiprime
208519,208529,10,208523,4,0.4,563.3990991074866,d4_semiprime
208627,208631,4,208629,8,0.5,183.72470209532582,d8_plus
208721,208729,8,208723,4,0.25,710.4290806729393,d4_semiprime
208843,208877,34,208849,3,0.17647058823529413,2431.5079483634904,d3_prime_square
208961,208963,2,208962,48,0.5,281.74787701338664,d8_plus
209063,209071,8,209065,4,0.25,735.0246558347163,d4_semiprime
209189,209201,12,209191,4,0.16666666666666666,1004.583913419618,d4_semiprime
209249,209257,8,209255,4,0.75,661.5698051370462,d4_semiprime
209327,209333,6,209329,4,0.3333333333333333,600.3314746710201,d4_semiprime
209393,209401,8,209395,4,0.25,526.835719210179,d4_semiprime
209497,209519,22,209499,4,0.09090909090909091,1323.271361571943,d4_semiprime
209579,209581,2,209580,48,0.5,281.8157985616655,d8_plus
209669,209687,18,209681,4,0.6666666666666666,1225.3328442374957,d4_semiprime
209771,209789,18,209773,4,0.1111111111111111,955.7973132084932,d4_semiprime
209837,209851,14,209843,4,0.42857142857142855,1090.6165272927758,d4_semiprime
209939,209953,14,209941,4,0.14285714285714285,1237.715973958166,d4_semiprime
210019,210031,12,210027,4,0.6666666666666666,698.5339559339881,d4_semiprime
210113,210127,14,210115,4,0.14285714285714285,931.4131324702981,d4_semiprime
210187,210191,4,210189,8,0.5,208.34792282287984,d8_plus
210257,210263,6,210259,8,0.3333333333333333,232.8658836189714,d8_plus
210347,210359,12,210349,4,0.16666666666666666,710.8795894507944,d4_semiprime
210421,210437,16,210422,4,0.0625,857.9833315905008,d4_semiprime
210523,210527,4,210526,4,0.75,171.6030309085112,d4_semiprime
210643,210659,16,210646,4,0.1875,1189.0220888002975,d4_semiprime
210761,210773,12,210763,4,0.16666666666666666,661.9596839799111,d4_semiprime
210853,210857,4,210854,8,0.25,110.33033375183831,d8_plus
210929,210943,14,210931,4,0.14285714285714285,1103.3378664635986,d4_semiprime
211051,211061,10,211053,4,0.2,502.65515317021095,d4_semiprime
211151,211153,2,211152,40,0.5,232.94633711287563,d8_plus
211219,211229,10,211223,4,0.4,613.0335810035231,d4_semiprime
211297,211313,16,211298,4,0.0625,1177.0615314873937,d4_semiprime
211403,211427,24,211405,4,0.08333333333333333,1692.0972574021648,d4_semiprime
211501,211507,6,211502,4,0.16666666666666666,147.14401864586443,d4_semiprime
211619,211639,20,211621,4,0.1,1066.8451616539562,d4_semiprime
211691,211693,2,211692,48,0.5,282.04641634294137,d8_plus
211781,211789,8,211783,8,0.25,649.9565328244007,d8_plus
211877,211879,2,211878,24,0.5,134.9014250793951,d8_plus
211949,211969,20,211951,4,0.1,1545.283009819881,d4_semiprime
212099,212117,18,212101,4,0.1111111111111111,1484.0461805700618,d4_semiprime
212203,212207,4,212206,4,0.75,220.77554050364301,d4_semiprime
212297,212353,56,212299,4,0.03571428571428571,3802.4231357020667,d4_semiprime
212437,212447,10,212438,4,0.1,527.4562444208598,d4_semiprime
212557,212561,4,212558,4,0.25,134.93676127105329,d4_semiprime
212651,212669,18,212657,4,0.3333333333333333,1312.6167798808608,d4_semiprime
212801,212827,26,212803,4,0.07692307692307693,1533.522070921965,d4_semiprime
212881,212897,16,212882,4,0.0625,969.2140568882139,d4_semiprime
212987,212999,12,212989,4,0.16666666666666666,662.5266323970965,d4_semiprime
213079,213091,12,213082,4,0.25,723.8971232565497,d4_semiprime
213173,213181,8,213177,4,0.5,834.3522070494422,d4_semiprime
213247,213253,6,213251,4,0.6666666666666666,588.9704322767005,d4_semiprime
213329,213337,8,213331,4,0.25,601.2597768512006,d4_semiprime
213407,213449,42,213413,4,0.14285714285714285,3307.04842489769,d4_semiprime
213539,213553,14,213541,4,0.14285714285714285,736.296499521858,d4_semiprime
213637,213641,4,213638,8,0.25,404.97751108673606,d8_plus
213737,213751,14,213739,4,0.14285714285714285,1153.6186280565328,d4_semiprime
213859,213881,22,213861,4,0.09090909090909091,1497.3203537267445,d4_semiprime
213949,213953,4,213951,4,0.5,220.92301795479648,d4_semiprime
214021,214031,10,214023,4,0.2,392.7633263984746,d4_semiprime
214091,214129,38,214093,4,0.05263157894736842,2675.7856872943785,d4_semiprime
214211,214213,2,214212,12,0.5,61.37360728917776,d8_plus
214309,214351,42,214311,4,0.047619047619047616,3130.1942423781998,d4_semiprime
214433,214439,6,214437,4,0.6666666666666666,491.0305429314264,d4_semiprime
214499,214507,8,214501,4,0.25,822.4967990474626,d4_semiprime
214589,214603,14,214597,4,0.5714285714285714,1141.7156223832988,d4_semiprime
214667,214673,6,214670,8,0.5,392.8593013821848,d8_plus
214763,214771,8,214765,4,0.25,491.0923320019516,d4_semiprime
214831,214849,18,214835,4,0.2222222222222222,1154.099475389145,d4_semiprime
214939,214943,4,214941,4,0.5,233.28423955611117,d4_semiprime
215087,215123,36,215089,4,0.05555555555555555,2185.6413637717924,d4_semiprime
215191,215197,6,215193,8,0.3333333333333333,380.6581891759614,d8_plus
215309,215317,8,215311,4,0.25,331.5559069718099,d4_semiprime
215393,215399,6,215398,4,0.8333333333333334,245.60468803872092,d4_semiprime
215483,215497,14,215489,4,0.42857142857142855,1240.3479451383698,d4_semiprime
215587,215617,30,215591,4,0.13333333333333333,2124.645612063755,d4_semiprime
215693,215723,30,215697,4,0.13333333333333333,2222.9833146075875,d4_semiprime
215827,215833,6,215829,6,0.3333333333333333,491.2900250200838,d6
215909,215921,12,215911,4,0.16666666666666666,773.8063905463486,d4_semiprime
216023,216037,14,216026,4,0.21428571428571427,1031.7867964071525,d4_semiprime
216119,216127,8,216121,4,0.25,552.7621428580587,d4_semiprime
216217,216233,16,216218,4,0.0625,976.5840769711298,d4_semiprime
216347,216371,24,216355,4,0.3333333333333333,1535.586552592821,d4_semiprime
216431,216451,20,216434,4,0.15,1707.6260209872219,d4_semiprime
216569,216571,2,216570,16,0.5,85.99968369860922,d8_plus
216653,216661,8,216655,4,0.25,675.7341674579294,d4_semiprime
216757,216761,4,216758,4,0.25,110.57890042687532,d4_semiprime
216841,216851,10,216842,4,0.1,491.47780035564085,d4_semiprime
216919,216947,28,216921,4,0.07142857142857142,2101.135711663161,d4_semiprime
217027,217033,6,217031,4,0.6666666666666666,356.3458892052499,d4_semiprime
217157,217163,6,217159,4,0.3333333333333333,430.0936390801484,d4_semiprime
217229,217241,12,217231,4,0.16666666666666666,749.6128301359325,d4_semiprime
217333,217337,4,217335,8,0.5,184.3379375161004,d8_plus
217387,217397,10,217391,4,0.4,589.8941510104214,d4_semiprime
217463,217489,26,217471,4,0.3076923076923077,1966.373960658116,d4_semiprime
217577,217579,2,217578,8,0.5,36.870938057734506,d8_plus
217687,217691,4,217688,8,0.25,159.78071370478204,d8_plus
217771,217781,10,217774,4,0.3,577.6875624516557,d4_semiprime
217907,217909,2,217908,18,0.5,98.33462587478238,d8_plus
218021,218047,26,218026,4,0.19230769230769232,1806.98363323528,d4_semiprime
218111,218117,6,218113,4,0.3333333333333333,504.0035979096742,d4_semiprime
218213,218227,14,218217,4,0.2857142857142857,934.2877532723904,d4_semiprime
218371,218381,10,218377,4,0.6,749.9323454316867,d4_semiprime
218437,218447,10,218441,4,0.4,577.8308441393034,d4_semiprime
218521,218527,6,218524,6,0.5,405.7236656699493,d6
218611,218623,12,218613,4,0.16666666666666666,713.1144347642596,d4_semiprime
218681,218711,30,218683,4,0.06666666666666667,2176.292291640628,d4_semiprime
218783,218797,14,218789,4,0.42857142857142855,1340.2488053916356,d4_semiprime
218857,218873,16,218859,4,0.125,1155.8438534092666,d4_semiprime
218969,218971,2,218970,32,0.5,184.4503501967068,d8_plus
219031,219041,10,219034,4,0.3,639.443592783572,d4_semiprime
219103,219119,16,219109,4,0.375,1082.164971138233,d4_semiprime
219251,219277,26,219253,4,0.07692307692307693,1672.5318361496365,d4_semiprime
219361,219371,10,219363,4,0.2,553.4322486929453,d4_semiprime
219451,219463,12,219455,4,0.3333333333333333,824.0269855597703,d4_semiprime
219533,219547,14,219543,4,0.7142857142857143,799.4536728368383,d4_semiprime
219619,219629,10,219623,4,0.4,565.7848516689298,d4_semiprime
219707,219721,14,219709,4,0.14285714285714285,971.7064718215967,d4_semiprime
219767,219787,20,219769,4,0.1,1574.447681763418,d4_semiprime
219847,219851,4,219848,8,0.25,233.71323739188307,d8_plus
219937,219941,4,219938,8,0.25,209.1188301142977,d8_plus
219983,220009,26,219985,4,0.07692307692307693,1832.9041908930715,d4_semiprime
220141,220147,6,220145,4,0.6666666666666666,221.43664156479892,d4_semiprime
220217,220243,26,220219,4,0.07692307692307693,1943.7820833893302,d4_semiprime
220351,220357,6,220355,4,0.6666666666666666,369.0896551562581,d4_semiprime
220411,220421,10,220413,4,0.2,836.6227375138359,d4_semiprime
220537,220543,6,220538,4,0.16666666666666666,356.8112962904737,d4_semiprime
220663,220667,4,220664,8,0.25,159.95721291351987,d8_plus
220747,220757,10,220749,4,0.2,873.6403398871405,d4_semiprime
220811,220841,30,220817,4,0.2,1981.1259348225633,d4_semiprime
220897,220901,4,220898,16,0.25,326.0947377533183,d8_plus
220973,221021,48,220979,4,0.125,3285.6751500631667,d4_semiprime
221087,221093,6,221089,8,0.3333333333333333,603.0096603491511,d8_plus
221203,221209,6,221206,4,0.5,307.67132319716654,d4_semiprime
221281,221303,22,221282,4,0.045454545454545456,1181.4950873521589,d4_semiprime
221411,221413,2,221412,12,0.5,61.53890249164942,d8_plus
221489,221497,8,221491,4,0.25,713.8724156590597,d4_semiprime
221587,221603,16,221591,4,0.25,1107.774631912285,d4_semiprime
221677,221707,30,221681,4,0.13333333333333333,2067.920819752897,d4_semiprime
221747,221773,26,221755,4,0.3076923076923077,2227.99207006333,d4_semiprime
221873,221891,18,221878,4,0.2777777777777778,1120.2010800300045,d4_semiprime
221989,221999,10,221993,4,0.4,627.8306332470776,d4_semiprime
222043,222059,16,222047,4,0.25,1058.7169497978675,d4_semiprime
222137,222149,12,222141,4,0.3333333333333333,1132.618812886884,d4_semiprime
222247,222269,22,222251,4,0.18181818181818182,1588.1959870173428,d4_semiprime
222337,222347,10,222338,8,0.1,529.4149316115481,d8_plus
222419,222437,18,222421,4,0.1111111111111111,1354.3591368704874,d4_semiprime
222553,222557,4,222556,6,0.75,147.75514999931423,d6
222659,222679,20,222661,4,0.1,1317.5378111367615,d4_semiprime
222787,222791,4,222788,6,0.25,123.13980863032852,d6
222863,222877,14,222871,4,0.5714285714285714,1095.976828798296,d4_semiprime
222953,222967,14,222959,4,0.42857142857142855,849.7176155905175,d4_semiprime
223037,223049,12,223039,4,0.16666666666666666,972.8942983207733,d4_semiprime
223129,223133,4,223131,4,0.5,233.9947900428131,d4_semiprime
223241,223243,2,223242,16,0.5,86.21208164681116,d8_plus
223291,223303,12,223297,4,0.5,1034.565954371548,d4_semiprime
223361,223367,6,223363,8,0.3333333333333333,332.54711990430644,d8_plus
223463,223469,6,223466,4,0.5,332.5594019660715,d4_semiprime
223549,223577,28,223553,4,0.14285714285714285,2155.55262978895,d4_semiprime
223681,223697,16,223683,4,0.125,1059.3493917920266,d4_semiprime
223823,223829,6,223826,4,0.5,258.6910554949461,d4_semiprime
223919,223921,2,223920,60,0.5,357.25227960149067,d8_plus
224027,224033,6,224029,8,0.3333333333333333,542.059363543216,d8_plus
224113,224129,16,224117,4,0.25,1084.155116609786,d4_semiprime
224201,224209,8,224203,4,0.25,616.0159071254587,d4_semiprime
224291,224299,8,224293,4,0.25,529.7909475169218,d4_semiprime
224363,224401,38,224369,4,0.15789473684210525,3006.352034675469,d4_semiprime
224473,224491,18,224474,4,0.05555555555555555,1207.5121436672855,d4_semiprime
224591,224603,12,224593,4,0.16666666666666666,936.4768075279588,d4_semiprime
224677,224683,6,224678,4,0.16666666666666666,332.7056671576654,d4_semiprime
224759,224771,12,224761,4,0.16666666666666666,924.2109708738515,d4_semiprime
224891,224897,6,224893,4,0.3333333333333333,517.5822717828767,d4_semiprime
224969,224977,8,224971,4,0.25,517.5970583241043,d4_semiprime
225079,225089,10,225083,4,0.4,591.5627494380432,d4_semiprime
225161,225163,2,225162,24,0.5,135.57032964321996,d8_plus
225257,225263,6,225259,4,0.3333333333333333,406.72537543211246,d4_semiprime
225343,225347,4,225346,8,0.75,283.4838759472284,d8_plus
225431,225457,26,225433,4,0.07692307692307693,2218.6500701095006,d4_semiprime
225523,225527,4,225524,12,0.25,283.5022936881498,d8_plus
225613,225619,6,225614,4,0.16666666666666666,382.1242989891746,d4_semiprime
225721,225733,12,225727,4,0.5,591.7000046035323,d4_semiprime
225809,225821,12,225817,4,0.6666666666666666,813.612883832667,d4_semiprime
225919,225931,12,225921,4,0.16666666666666666,949.2529003070383,d4_semiprime
225989,226001,12,225991,4,0.16666666666666666,1158.8569675296126,d4_semiprime
226103,226123,20,226109,4,0.3,1269.8655980420074,d4_semiprime
226199,226201,2,226200,96,0.5,579.4712176052154,d8_plus
226313,226337,24,226315,4,0.08333333333333333,1861.7880310796018,d4_semiprime
226427,226433,6,226429,6,0.3333333333333333,369.9058353367948,d6
226531,226547,16,226533,4,0.125,715.1791577851908,d4_semiprime
226621,226631,10,226623,4,0.2,604.2218719815576,d4_semiprime
226691,226697,6,226693,4,0.3333333333333333,456.2602121361644,d4_semiprime
226799,226813,14,226801,4,0.14285714285714285,1615.4708997276487,d4_semiprime
226903,226907,4,226906,4,0.75,184.984274157104,d4_semiprime
227053,227081,28,227057,4,0.14285714285714285,1800.6187199428057,d4_semiprime
227153,227159,6,227155,8,0.3333333333333333,357.6683234401981,d8_plus
227231,227233,2,227232,48,0.5,283.67571642258184,d8_plus
227303,227363,60,227309,4,0.1,4464.96859418187,d4_semiprime
227419,227431,12,227429,4,0.8333333333333334,1159.4505334261728,d4_semiprime
227497,227501,4,227498,4,0.25,382.38205785170595,d4_semiprime
227569,227581,12,227573,4,0.3333333333333333,604.4266050182654,d4_semiprime
227629,227651,22,227638,4,0.4090909090909091,1455.5910750495086,d4_semiprime
227719,227729,10,227723,4,0.4,530.4432636580268,d4_semiprime
227869,227873,4,227870,8,0.25,160.37496323528586,d8_plus
228013,228023,10,228017,4,0.4,666.2077295579205,d4_semiprime
228127,228131,4,228128,12,0.25,234.41567297767745,d8_plus
228223,228233,10,228226,4,0.3,1098.0909363319684,d4_semiprime
228311,228331,20,228313,4,0.1,1628.6829873982613,d4_semiprime
228419,228421,2,228420,72,0.5,431.86294615116094,d8_plus
228479,228509,30,228481,4,0.06666666666666667,2412.3232276170406,d4_semiprime
228559,228577,18,228562,4,0.16666666666666666,1147.5817848895515,d4_semiprime
228619,228637,18,228621,4,0.1111111111111111,1480.782027778661,d4_semiprime
228737,228751,14,228742,4,0.35714285714285715,974.8887611793403,d4_semiprime
228841,228847,6,228842,8,0.16666666666666666,357.88310522132457,d8_plus
228901,228911,10,228902,4,0.1,629.394393874166,d4_semiprime
228983,228989,6,228986,4,0.5,678.7777395088899,d4_semiprime
229127,229133,6,229129,4,0.3333333333333333,271.5249595687666,d4_semiprime
229189,229199,10,229193,4,0.4,703.5122547126757,d4_semiprime
229253,229261,8,229259,4,0.75,431.9909972337146,d4_semiprime
229373,229393,20,229378,4,0.25,1444.1490878172715,d4_semiprime
229469,229487,18,229479,4,0.5555555555555556,1184.981746148927,d4_semiprime
229553,229561,8,229557,4,0.5,617.1953016861715,d4_semiprime
229631,229637,6,229633,4,0.3333333333333333,827.0640757237903,d4_semiprime
229711,229717,6,229715,4,0.6666666666666666,432.0606530483577,d4_semiprime
229769,229771,2,229770,64,0.5,382.6898567147242,d8_plus
229841,229847,6,229843,4,0.3333333333333333,395.04501250375,d4_semiprime
229961,229963,2,229962,8,0.5,37.03700807059239,d8_plus
230063,230077,14,230071,4,0.5714285714285714,1037.0762100059292,d4_semiprime
230137,230143,6,230141,4,0.6666666666666666,456.81842071041086,d4_semiprime
230233,230239,6,230234,4,0.16666666666666666,172.8560768297948,d4_semiprime
230309,230311,2,230310,32,0.5,185.20772259735082,d8_plus
230383,230387,4,230385,8,0.5,432.1626356982534,d8_plus
230471,230479,8,230473,4,0.25,703.82987246681,d4_semiprime
230567,230597,30,230569,4,0.06666666666666667,2222.70424828858,d4_semiprime
230719,230729,10,230721,4,0.2,1000.2668716684097,d4_semiprime
230807,230819,12,230809,4,0.16666666666666666,679.2147732802657,d4_semiprime
230891,230929,38,230893,4,0.05263157894736842,2531.7063651060403,d4_semiprime
230977,230999,22,230981,4,0.18181818181818182,1235.0119654430102,d4_semiprime
231067,231079,12,231069,4,0.16666666666666666,901.5857977114242,d4_semiprime
231241,231269,28,231243,4,0.07142857142857142,1988.556284767498,d4_semiprime
231323,231331,8,231326,4,0.375,506.41513371624745,d4_semiprime
231419,231431,12,231421,4,0.16666666666666666,1247.552294063675,d4_semiprime
231493,231503,10,231497,4,0.4,605.2638177152659,d4_semiprime
231563,231571,8,231566,4,0.375,654.6892899631839,d4_semiprime
231643,231661,18,231646,4,0.16666666666666666,1692.3613583320844,d4_semiprime
231809,231821,12,231811,4,0.16666666666666666,926.5272741950639,d4_semiprime
231877,231893,16,231881,4,0.25,1013.0271671496184,d4_semiprime
231967,232003,36,231969,4,0.05555555555555555,2779.7475268270614,d4_semiprime
232081,232091,10,232082,4,0.1,555.9689075430149,d4_semiprime
232187,232189,2,232188,24,0.5,135.90832934056323,d8_plus
232333,232357,24,232334,4,0.041666666666666664,1569.2099210388883,d4_semiprime
232417,232433,16,232421,4,0.25,815.5175848537754,d4_semiprime
232513,232523,10,232514,4,0.1,543.6959375162269,d4_semiprime
232621,232633,12,232627,4,0.5,988.5754476700034,d4_semiprime
232711,232741,30,232717,4,0.2,2273.8015201435474,d4_semiprime
232823,232847,24,232831,4,0.3333333333333333,1618.9083617736626,d4_semiprime
232901,232907,6,232903,8,0.3333333333333333,383.109727497352,d8_plus
233069,233071,2,233070,32,0.5,185.38641174918865,d8_plus
233161,233173,12,233165,4,0.3333333333333333,902.2447002244671,d4_semiprime
233267,233279,12,233269,4,0.16666666666666666,642.7180882982404,d4_semiprime
233347,233353,6,233349,4,0.3333333333333333,469.6913805385697,d4_semiprime
233437,233477,40,233438,4,0.025,2842.9732065748053,d4_semiprime
233599,233609,10,233601,4,0.2,828.2123124149581,d4_semiprime
233683,233687,4,233686,8,0.75,284.3197404388899,d8_plus
233777,233837,60,233785,4,0.13333333333333333,4079.542878987782,d4_semiprime
233921,233923,2,233922,16,0.5,86.5392010380702,d8_plus
234029,234043,14,234034,4,0.35714285714285715,989.0583242793329,d4_semiprime
234139,234149,10,234142,4,0.3,692.3665752681627,d4_semiprime
234197,234203,6,234199,4,0.3333333333333333,333.8261040944418,d4_semiprime
234287,234293,6,234292,6,0.8333333333333334,383.2936522668457,d6
234343,234361,18,234349,4,0.3333333333333333,1805.2301357808344,d4_semiprime
234473,234499,26,234478,4,0.19230769230769232,1817.6781975660276,d4_semiprime
234571,234587,16,234573,4,0.125,1199.4581351309564,d4_semiprime
234673,234683,10,234677,4,0.4,531.7365326257407,d4_semiprime
234769,234781,12,234777,4,0.6666666666666666,927.4794960318769,d4_semiprime
234847,234851,4,234849,4,0.5,432.83448226567,d4_semiprime
234931,234947,16,234933,4,0.125,1026.4677298270633,d4_semiprime
235003,235007,4,235006,4,0.75,259.71453537558887,d4_semiprime
235091,235099,8,235093,4,0.25,655.4903130911673,d4_semiprime
235199,235211,12,235201,4,0.16666666666666666,1261.5566591729978,d4_semiprime
235309,235337,28,235311,4,0.07142857142857142,1978.9941887220803,d4_semiprime
235483,235489,6,235487,4,0.6666666666666666,457.6681853675927,d4_semiprime
235553,235559,6,235555,4,0.3333333333333333,296.87279305923255,d4_semiprime
235661,235663,2,235662,32,0.5,185.55230781051512,d8_plus
235783,235787,4,235784,8,0.25,160.81878347374186,d8_plus
235877,235889,12,235883,4,0.5,742.2657262598235,d4_semiprime
235979,235997,18,235981,4,0.1111111111111111,1435.0967031739824,d4_semiprime
236087,236107,20,236091,4,0.2,1484.6395798218957,d4_semiprime
236209,236219,10,236211,4,0.2,569.1345548880213,d4_semiprime
236329,236333,4,236332,6,0.75,98.98390491849588,d6
236407,236429,22,236409,4,0.09090909090909091,1274.45509329732,d4_semiprime
236507,236519,12,236513,4,0.5,581.5663682652564,d4_semiprime
236641,236653,12,236647,4,0.5,829.0800782001527,d4_semiprime
236723,236729,6,236724,12,0.16666666666666666,358.8651172581117,d8_plus
236807,236813,6,236809,4,0.3333333333333333,878.6256058978837,d4_semiprime
236897,236909,12,236899,4,0.16666666666666666,779.6502014697327,d4_semiprime
237011,237019,8,237013,8,0.25,532.1628098117483,d8_plus
237091,237137,46,237093,4,0.043478260869565216,3292.0949423102747,d4_semiprime
237179,237203,24,237187,4,0.3333333333333333,1683.2196426141616,d4_semiprime
237287,237301,14,237289,4,0.14285714285714285,1014.9190960398868,d4_semiprime
237379,237401,22,237382,4,0.13636363636363635,1769.9759108539727,d4_semiprime
237571,237581,10,237574,4,0.3,668.4251392206471,d4_semiprime
237691,237701,10,237693,4,0.2,730.346226863294,d4_semiprime
237767,237781,14,237769,4,0.14285714285714285,1027.46349074289,d4_semiprime
237883,237901,18,237889,4,0.3333333333333333,1658.8633590950894,d4_semiprime
237977,237997,20,237979,4,0.1,1485.5961434878918,d4_semiprime
238079,238081,2,238080,80,0.5,482.83411919444774,d8_plus
238157,238159,2,238158,24,0.5,136.18758557732434,d8_plus
238223,238229,6,238228,6,0.8333333333333334,396.19105150361736,d6
238313,238321,8,238318,4,0.625,656.2121811119483,d4_semiprime
238373,238397,24,238379,4,0.25,2265.840807960989,d4_semiprime
238477,238481,4,238479,4,0.5,334.31503676689147,d4_semiprime
238591,238627,36,238593,4,0.05555555555555555,2600.3424056575086,d4_semiprime
238703,238709,6,238705,4,0.3333333333333333,334.34067459988074,d4_semiprime
238789,238801,12,238793,4,0.3333333333333333,903.9858645518783,d4_semiprime
238879,238883,4,238881,4,0.5,235.29067843546738,d4_semiprime
238949,238967,18,238951,4,0.1111111111111111,1448.932371131114,d4_semiprime
239081,239087,6,239084,6,0.5,520.1520669243279,d6
239201,239231,30,239203,4,0.06666666666666667,1783.4576535664332,d4_semiprime
239287,239297,10,239293,4,0.6,904.1372422263897,d4_semiprime
239389,239417,28,239398,4,0.32142857142857145,2217.076009759795,d4_semiprime
239509,239521,12,239515,4,0.5,1028.0687990363328,d4_semiprime
239579,239587,8,239583,4,0.5,718.4256337766152,d4_semiprime
239671,239689,18,239677,4,0.3333333333333333,1300.6417358920698,d4_semiprime
239779,239783,4,239782,4,0.75,185.81217758131186,d4_semiprime
239857,239873,16,239858,4,0.0625,867.1484123529682,d4_semiprime
239963,239977,14,239966,4,0.21428571428571427,1152.1097268270973,d4_semiprime
240047,240049,2,240048,30,0.5,173.44031855257512,d8_plus
240131,240139,8,240133,4,0.25,359.27978975204445,d4_semiprime
240257,240259,2,240258,16,0.5,86.72628037447775,d8_plus
240341,240347,6,240343,4,0.3333333333333333,433.64396111467323,d4_semiprime
240437,240473,36,240439,4,0.05555555555555555,2626.7424127409367,d4_semiprime
240571,240587,16,240573,4,0.125,1127.5631787604434,d4_semiprime
240659,240677,18,240661,4,0.1111111111111111,1449.7667957418498,d4_semiprime
240743,240763,20,240749,4,0.3,1499.3744010367832,d4_semiprime
240859,240869,10,240861,4,0.2,594.8154529314737,d4_semiprime
240943,240953,10,240946,4,0.3,718.7553879390157,d4_semiprime
241049,241051,2,241050,24,0.5,136.32035625817144,d8_plus
241127,241141,14,241138,4,0.7857142857142857,1003.8414056702936,d4_semiprime
241253,241259,6,241257,8,0.6666666666666666,384.20194767004733,d8_plus
241327,241333,6,241331,4,0.6666666666666666,619.6962605684789,d4_semiprime
241421,241429,8,241426,4,0.625,731.2647167941898,d4_semiprime
241513,241517,4,241514,16,0.25,272.68311510323826,d8_plus
241589,241597,8,241591,4,0.25,532.9854367129564,d4_semiprime
241667,241679,12,241669,4,0.16666666666666666,917.2546892396821,d4_semiprime
241781,241783,2,241782,16,0.5,86.77054240893195,d8_plus
241861,241867,6,241863,4,0.3333333333333333,409.0723515778044,d4_semiprime
241921,241931,10,241925,6,0.4,483.45915762370265,d6
241993,242009,16,241994,4,0.0625,1351.2399879572615,d4_semiprime
242119,242129,10,242122,4,0.3,545.4769782117032,d4_semiprime
242201,242227,26,242211,4,0.38461538461538464,1884.431281821676,d4_semiprime
242329,242357,28,242331,4,0.07142857142857142,2045.689871803812,d4_semiprime
242441,242447,6,242444,6,0.5,247.97052069677642,d6
242509,242519,10,242513,4,0.4,582.7442670812236,d4_semiprime
242621,242629,8,242623,4,0.25,508.3701404084949,d4_semiprime
242689,242713,24,242691,4,0.08333333333333333,1649.1448400876502,d4_semiprime
242789,242797,8,242791,4,0.25,557.9983781210333,d4_semiprime
242887,242911,24,242889,4,0.08333333333333333,1822.8587943372904,d4_semiprime
243031,243073,42,243037,4,0.14285714285714285,3069.254307850185,d4_semiprime
243137,243149,12,243141,4,0.3333333333333333,731.6828225342578,d4_semiprime
243227,243233,6,243229,4,0.3333333333333333,310.0441187537034,d4_semiprime
243367,243391,24,243371,4,0.16666666666666666,1947.1738232634134,d4_semiprime
243461,243469,8,243463,4,0.25,372.0819158296962,d4_semiprime
243527,243533,6,243531,6,0.6666666666666666,520.9257130775048,d6
243613,243623,10,243617,4,0.4,632.5711918867673,d4_semiprime
243703,243707,4,243706,4,0.75,285.2853917779379,d4_semiprime
243829,243839,10,243833,4,0.4,508.57387871417575,d4_semiprime
243917,243931,14,243921,4,0.2857142857142857,793.895170832053,d4_semiprime
244033,244043,10,244037,4,0.4,725.6968112232324,d4_semiprime
244147,244157,10,244151,4,0.4,731.9273522780953,d4_semiprime
244243,244247,4,244246,8,0.75,409.39551237738175,d8_plus
244313,244333,20,244317,4,0.2,1501.1556996829158,d4_semiprime
244393,244399,6,244396,6,0.5,434.22923127638427,d6
244463,244471,8,244469,4,0.75,632.7485588123953,d4_semiprime
244561,244567,6,244564,6,0.5,322.5881382538912,d6
244637,244639,2,244638,12,0.5,62.03767422925756,d8_plus
244711,244721,10,244717,4,0.6,918.1815570750593,d4_semiprime
244813,244837,24,244817,4,0.16666666666666666,1724.753030971619,d4_semiprime
244889,244897,8,244891,4,0.25,521.1601911102996,d4_semiprime
245029,245033,4,245031,4,0.5,186.1371001819052,d4_semiprime
245131,245149,18,245143,4,0.6666666666666666,1178.91067815551,d4_semiprime
245257,245261,4,245258,8,0.25,235.79133956061597,d8_plus
245339,245383,44,245341,4,0.045454545454545456,3363.238932730451,d4_semiprime
245437,245471,34,245438,4,0.029411764705882353,2221.5439580912325,d4_semiprime
245527,245533,6,245529,6,0.3333333333333333,570.9141739371527,d6
245627,245629,2,245628,18,0.5,99.29258780217226,d8_plus
245719,245723,4,245722,4,0.75,136.53144785636252,d4_semiprime
245789,245821,32,245793,4,0.125,2246.6257260039597,d4_semiprime
245909,245911,2,245910,32,0.5,186.19081341472778,d8_plus
245989,246011,22,245995,4,0.2727272727272727,1663.3538323486273,d4_semiprime
246131,246133,2,246132,48,0.5,285.5133348965078,d8_plus
246209,246217,8,246212,6,0.375,496.55799834059627,d6
246289,246317,28,246293,4,0.14285714285714285,1837.3193132416786,d4_semiprime
246391,246403,12,246395,4,0.3333333333333333,1191.8118788768943,d4_semiprime
246523,246527,4,246524,6,0.25,198.64350305155108,d6
246611,246613,2,246612,12,0.5,62.0778576516446,d8_plus
246689,246707,18,246691,4,0.1111111111111111,1030.5212870308546,d4_semiprime
246781,246787,6,246783,4,0.3333333333333333,297.9904740506592,d4_semiprime
246839,246889,50,246845,4,0.12,4010.557474707244,d4_semiprime
246931,246937,6,246933,6,0.3333333333333333,298.00506940875135,d6
247031,247067,36,247034,4,0.08333333333333333,2744.2314513139586,d4_semiprime
247193,247201,8,247199,4,0.75,807.1664234469782,d4_semiprime
247301,247309,8,247306,4,0.625,471.89830299828236,d4_semiprime
247381,247391,10,247385,4,0.4,546.4231680242023,d4_semiprime
247463,247501,38,247466,4,0.07894736842105263,2819.1355587514095,d4_semiprime
247591,247601,10,247593,4,0.2,720.3344518041033,d4_semiprime
247651,247691,40,247655,4,0.1,2943.507596600109,d4_semiprime
247759,247769,10,247763,4,0.4,621.0113759696794,d4_semiprime
247847,247853,6,247849,4,0.3333333333333333,422.29965787349676,d4_semiprime
247939,247943,4,247942,8,0.75,521.6796068686781,d8_plus
248033,248041,8,248039,4,0.75,881.915125405276,d4_semiprime
248099,248117,18,248107,4,0.4444444444444444,1217.3186622632563,d4_semiprime
248179,248189,10,248181,4,0.2,571.4085090062345,d4_semiprime
248291,248293,2,248292,72,0.5,434.78262631605907,d8_plus
248371,248389,18,248377,4,0.3333333333333333,1142.8897740434809,d4_semiprime
248473,248477,4,248476,6,0.75,124.23097113377182,d6
248569,248579,10,248573,4,0.4,708.1392080887158,d4_semiprime
248639,248641,2,248640,112,0.5,683.3068740388782,d8_plus
248737,248749,12,248739,4,0.16666666666666666,882.1166464130399,d4_semiprime
248821,248827,6,248823,6,0.3333333333333333,323.037056685543,d6
248887,248891,4,248889,4,0.5,136.6723691506561,d4_semiprime
249017,249037,20,249019,4,0.1,1279.8069113897634,d4_semiprime
249127,249131,4,249129,8,0.5,310.6431207275171,d8_plus
249211,249217,6,249213,4,0.3333333333333333,497.0429224943374,d4_semiprime
249317,249329,12,249319,4,0.16666666666666666,857.428543392404,d4_semiprime
249421,249427,6,249422,8,0.16666666666666666,559.2110334743871,d8_plus
249499,249503,4,249501,12,0.5,260.9715581976876,d8_plus
249583,249589,6,249586,4,0.5,385.2543235482603,d4_semiprime
249703,249721,18,249706,4,0.16666666666666666,1267.6622640671437,d4_semiprime
249797,249811,14,249799,4,0.14285714285714285,1106.1304701651816,d4_semiprime
249871,249881,10,249877,4,0.6,832.7240448404978,d4_semiprime
249973,249989,16,249974,4,0.0625,1441.7804184965944,d4_semiprime
250049,250051,2,250050,24,0.5,136.72357794531754,d8_plus
250153,250169,16,250157,4,0.25,1056.537699358506,d4_semiprime
250307,250343,36,250309,4,0.05555555555555555,2436.380653408987,d4_semiprime
250451,250489,38,250457,4,0.15789473684210525,2896.4462081079523,d4_semiprime
250643,250673,30,250645,4,0.06666666666666667,2026.390552766355,d4_semiprime
250727,250739,12,250729,4,0.16666666666666666,708.6319952976085,d4_semiprime
250799,250807,8,250801,4,0.25,969.7283399610944,d4_semiprime
250871,250889,18,250873,4,0.1111111111111111,1442.197016674802,d4_semiprime
250979,250993,14,250981,4,0.14285714285714285,1355.2140143315282,d4_semiprime
251071,251081,10,251077,4,0.6,733.5770710296481,d4_semiprime
251171,251177,6,251173,6,0.3333333333333333,435.18653819445694,d6
251219,251221,2,251220,48,0.5,285.9839395495486,d8_plus
251291,251297,6,251293,4,0.3333333333333333,385.4657203924467,d4_semiprime
251417,251429,12,251422,4,0.4166666666666667,882.877471388139,d4_semiprime
251483,251491,8,251486,4,0.375,621.7573845328769,d4_semiprime
251543,251561,18,251549,4,0.3333333333333333,1504.684037573168,d4_semiprime
251653,251663,10,251657,4,0.4,659.0987304196399,d4_semiprime
251789,251791,2,251790,64,0.5,385.5268712580945,d8_plus
251879,251887,8,251881,4,0.25,373.10146023419236,d4_semiprime
251947,251969,22,251949,4,0.09090909090909091,1405.3834747463507,d4_semiprime
252037,252079,42,252038,4,0.023809523809523808,2947.667176449607,d4_semiprime
252169,252173,4,252171,6,0.5,174.13006997793246,d6
252277,252283,6,252281,4,0.6666666666666666,597.038149353011,d4_semiprime
252359,252383,24,252361,4,0.08333333333333333,1293.6197565290058,d4_semiprime
252443,252449,6,252446,4,0.5,509.99715344975465,d4_semiprime
252559,252583,24,252565,4,0.25,1915.6739443308086,d4_semiprime
252691,252709,18,252695,4,0.2222222222222222,1243.9958609792782,d4_semiprime
252779,252817,38,252781,4,0.05263157894736842,2749.3163695096914,d4_semiprime
252887,252893,6,252891,6,0.6666666666666666,522.5097244540211,d6
252971,252979,8,252974,4,0.375,447.8776739130051,d4_semiprime
253103,253109,6,253107,6,0.6666666666666666,286.15590473874715,d6
253243,253247,4,253244,6,0.25,99.53690537734154,d6
253367,253369,2,253368,80,0.5,485.261331997168,d8_plus
253439,253447,8,253441,4,0.25,995.4309184992525,d4_semiprime
253537,253543,6,253541,4,0.6666666666666666,360.85499009250054,d4_semiprime
253613,253633,20,253615,4,0.1,1356.3527898094221,d4_semiprime
253703,253717,14,253705,4,0.14285714285714285,1132.398742348214,d4_semiprime
253777,253787,10,253781,4,0.4,535.1020315676597,d4_semiprime
253867,253871,4,253868,6,0.25,248.89149299363558,d6
253949,253951,2,253950,24,0.5,136.8938194385233,d8_plus
254027,254039,12,254029,4,0.16666666666666666,721.8226301953686,d4_semiprime
254141,254147,6,254143,4,0.3333333333333333,472.93488486331074,d4_semiprime
254249,254257,8,254251,4,0.25,709.4267413262862,d4_semiprime
254377,254383,6,254378,4,0.16666666666666666,360.95096596352636,d4_semiprime
254461,254489,28,254465,4,0.14285714285714285,2028.8538275795183,d4_semiprime
254627,254647,20,254629,4,0.1,1443.9213488582716,d4_semiprime
254741,254747,6,254743,4,0.3333333333333333,385.8885013043158,d4_semiprime
254827,254831,4,254829,8,0.5,261.4152925332294,d8_plus
254899,254911,12,254901,4,0.16666666666666666,883.8539198300738,d4_semiprime
254977,254987,10,254981,4,0.4,784.2835504540878,d4_semiprime
255053,255071,18,255058,4,0.2777777777777778,1406.7668021494392,d4_semiprime
255127,255133,6,255131,4,0.6666666666666666,385.9354853510296,d4_semiprime
255193,255197,4,255194,4,0.25,174.29696924752992,d4_semiprime
255259,255313,54,255261,4,0.037037037037037035,3772.395689348544,d4_semiprime
255419,255443,24,255421,4,0.08333333333333333,2079.2669896244984,d4_semiprime
255503,255511,8,255509,4,0.75,635.0014159101488,d4_semiprime
255613,255617,4,255614,4,0.25,136.9657280100453,d4_semiprime
255667,255679,12,255669,4,0.16666666666666666,896.5190033863245,d4_semiprime
255767,255803,36,255769,4,0.05555555555555555,2552.6788114824003,d4_semiprime
255877,255887,10,255883,4,0.6,672.4334120799924,d4_semiprime
255971,255973,2,255972,24,0.5,136.981056767278,d8_plus
256049,256057,8,256051,4,0.25,622.6569905672541,d4_semiprime
256147,256163,16,256153,4,0.375,1245.3537735591142,d4_semiprime
256219,256279,60,256222,4,0.05,4483.405410495105,d4_semiprime
256363,256369,6,256364,6,0.16666666666666666,647.626971706362,d6
256483,256489,6,256485,8,0.3333333333333333,261.55143218032305,d8_plus
256577,256579,2,256578,32,0.5,186.82781986399704,d8_plus
256661,256687,26,256663,4,0.07692307692307693,2192.1790344209776,d4_semiprime
256801,256813,12,256803,4,0.16666666666666666,809.6449812284504,d4_semiprime
256931,256939,8,256933,4,0.25,710.024813890723,d4_semiprime
257053,257069,16,257057,4,0.25,784.7950240160125,d4_semiprime
257161,257171,10,257167,4,0.6,597.9588837929514,d4_semiprime
257263,257273,10,257267,4,0.4,560.6042352519559,d4_semiprime
257339,257351,12,257343,4,0.3333333333333333,896.9885519912305,d4_semiprime
257437,257443,6,257441,4,0.6666666666666666,460.9660292955458,d4_semiprime
257503,257519,16,257507,4,0.25,1009.164227265954,d4_semiprime
257657,257671,14,257662,4,0.35714285714285715,1121.3473974608887,d4_semiprime
257717,257731,14,257722,4,0.35714285714285715,996.7718994677002,d4_semiprime
257863,257867,4,257864,8,0.25,161.98250463678565,d8_plus
257953,257981,28,257959,4,0.21428571428571427,1707.1002529858836,d4_semiprime
258061,258067,6,258065,4,0.6666666666666666,380.0594458018568,d4_semiprime
258131,258143,12,258133,4,0.16666666666666666,635.5232920792481,d4_semiprime
258241,258253,12,258242,4,0.08333333333333333,660.4685960760733,d4_semiprime
258331,258337,6,258333,4,0.3333333333333333,909.7269452392796,d4_semiprime
258413,258421,8,258415,4,0.25,685.4283423238285,d4_semiprime
258499,258521,22,258503,4,0.18181818181818182,1670.0005687081145,d4_semiprime
258607,258611,4,258609,16,0.5,286.6506608586633,d8_plus
258673,258677,4,258674,8,0.25,162.02326817580087,d8_plus
258737,258743,6,258739,6,0.3333333333333333,473.6160358513696,d6
258847,258871,24,258851,4,0.16666666666666666,1682.644653400952,d4_semiprime
258967,258971,4,258969,4,0.5,236.82485554302852,d4_semiprime
259033,259099,66,259081,3,0.7272727272727273,4805.195862213107,d3_prime_square
259169,259177,8,259171,4,0.25,473.6794751170517,d4_semiprime
259271,259277,6,259273,4,0.3333333333333333,461.22858234961524,d4_semiprime
259397,259411,14,259399,4,0.14285714285714285,835.2316354059388,d4_semiprime
259507,259517,10,259513,4,0.6,511.1289565144281,d4_semiprime
259619,259621,2,259620,24,0.5,137.13671732691682,d8_plus
259667,259681,14,259669,4,0.14285714285714285,1084.6452277927024,d4_semiprime
259771,259781,10,259774,4,0.3,947.5358270451295,d4_semiprime
259841,259867,26,259843,4,0.07692307692307693,1920.052255646028,d4_semiprime
259991,259993,2,259992,48,0.5,286.7733412267508,d8_plus
260081,260089,8,260083,4,0.25,411.46918934781354,d4_semiprime
260201,260207,6,260203,4,0.3333333333333333,386.54588080812607,d4_semiprime
260329,260339,10,260335,4,0.6,835.4715712109809,d4_semiprime
260417,260419,2,260418,8,0.5,37.410129934054595,d8_plus
260527,260539,12,260529,4,0.16666666666666666,648.4652677738757,d4_semiprime
260587,260609,22,260591,4,0.18181818181818182,1646.1368467347802,d4_semiprime
260717,260723,6,260719,4,0.3333333333333333,361.6648824335053,d4_semiprime
260809,260849,40,260815,4,0.15,3142.8481464919337,d4_semiprime
260921,260941,20,260923,4,0.1,1509.1130126993214,d4_semiprime
260999,261011,12,261005,4,0.5,1234.7564844979945,d4_semiprime
261071,261077,6,261073,4,0.3333333333333333,723.4081369824091,d4_semiprime
261229,261241,12,261238,4,0.75,997.8544321078273,d4_semiprime
261337,261347,10,261341,4,0.4,636.1528744507618,d4_semiprime
261433,261439,6,261437,4,0.6666666666666666,237.00492807212183,d4_semiprime
261557,261563,6,261559,4,0.3333333333333333,486.50234028467554,d4_semiprime
261631,261637,6,261633,4,0.3333333333333333,411.66507727709177,d4_semiprime
261713,261721,8,261718,4,0.625,611.2760631771629,d4_semiprime
261799,261823,24,261803,4,0.16666666666666666,1971.1086129601615,d4_semiprime
261973,261977,4,261974,4,0.25,336.85217111536207,d4_semiprime
262079,262103,24,262081,4,0.08333333333333333,2220.804320329092,d4_semiprime
262147,262151,4,262149,4,0.5,249.53342368689832,d4_semiprime
262253,262261,8,262258,4,0.625,835.9646186377089,d4_semiprime
262349,262351,2,262350,72,0.5,436.71021691902,d8_plus
262433,262459,26,262439,4,0.23076923076923078,1983.969960295052,d4_semiprime
262541,262543,2,262542,48,0.5,286.9978260089492,d8_plus
262643,262649,6,262645,4,0.3333333333333333,361.87828666439907,d4_semiprime
262723,262733,10,262726,4,0.3,910.9577588079807,d4_semiprime
262819,262853,34,262823,4,0.11764705882352941,2383.5439075367403,d4_semiprime
262949,262957,8,262954,4,0.625,486.70951574667157,d4_semiprime
263071,263077,6,263073,4,0.3333333333333333,461.7671145138467,d4_semiprime
263167,263171,4,263170,8,0.75,280.81238643371324,d8_plus
263239,263257,18,263243,4,0.2222222222222222,1372.8941346226363,d4_semiprime
263323,263369,46,263333,4,0.21739130434782608,3369.9290236439833,d4_semiprime
263429,263437,8,263431,4,0.25,611.5961629121254,d4_semiprime
263521,263533,12,263527,4,0.5,723.9508860307836,d4_semiprime
263609,263611,2,263610,48,0.5,287.091198394634,d8_plus
263723,263729,6,263727,6,0.6666666666666666,374.47997513883263,d6
263827,263843,16,263829,4,0.125,1098.5112905944916,d4_semiprime
263909,263911,2,263910,32,0.5,187.25045122372245,d8_plus
263983,264007,24,263987,4,0.16666666666666666,1835.102619877125,d4_semiprime
264083,264091,8,264085,4,0.25,436.94117041744727,d4_semiprime
264167,264169,2,264168,32,0.5,187.26510815057006,d8_plus
264289,264301,12,264293,4,0.3333333333333333,736.6044724633135,d4_semiprime
264359,264371,12,264361,4,0.16666666666666666,961.3515465730278,d4_semiprime
264527,264529,2,264528,60,0.5,362.0853691589427,d8_plus
264619,264631,12,264623,4,0.3333333333333333,986.3993987561695,d4_semiprime
264743,264749,6,264745,8,0.3333333333333333,374.5957695332746,d8_plus
264793,264811,18,264797,4,0.2222222222222222,1473.4354852075585,d4_semiprime
264893,264899,6,264895,8,0.3333333333333333,474.50936685067785,d8_plus
264977,264991,14,264981,4,0.2857142857142857,1098.893485297151,d4_semiprime
265091,265093,2,265092,12,0.5,62.439161072650926,d8_plus
265163,265169,6,265165,8,0.3333333333333333,499.5244454148666,d8_plus
265261,265271,10,265262,4,0.1,686.8668983271656,d4_semiprime
265381,265399,18,265385,4,0.2222222222222222,1273.8738000575675,d4_semiprime
265471,265483,12,265477,4,0.5,961.6748134159064,d4_semiprime
265561,265567,6,265565,4,0.6666666666666666,262.2818491117669,d4_semiprime
265621,265703,82,265627,4,0.07317073170731707,5920.251372706366,d4_semiprime
265757,265781,24,265759,4,0.08333333333333333,1736.1632754072484,d4_semiprime
265847,265861,14,265849,4,0.14285714285714285,1448.9215050315443,d4_semiprime
265961,265987,26,265963,4,0.07692307692307693,1961.111667694641,d4_semiprime
266051,266053,2,266052,12,0.5,62.45723528690105,d8_plus
266111,266117,6,266113,4,0.3333333333333333,999.3339694852502,d4_semiprime
266221,266239,18,266223,4,0.1111111111111111,924.4166311393543,d4_semiprime
266297,266333,36,266303,4,0.16666666666666666,2598.4266315861382,d4_semiprime
266411,266417,6,266413,6,0.3333333333333333,249.8561091011329,d6
266521,266549,28,266522,4,0.03571428571428571,1911.4688193391066,d4_semiprime
266663,266671,8,266666,8,0.375,587.2064629932167,d8_plus
266711,266719,8,266717,4,0.75,337.33621820078287,d4_semiprime
266839,266863,24,266843,4,0.16666666666666666,1686.7500122552597,d4_semiprime
266921,266927,6,266923,4,0.3333333333333333,287.378542811003,d4_semiprime
266983,266993,10,266986,4,0.3,712.212737481391,d4_semiprime
267133,267139,6,267137,4,0.6666666666666666,462.3340846549111,d4_semiprime
267217,267227,10,267221,4,0.4,524.8250984019636,d4_semiprime
267301,267307,6,267303,4,0.3333333333333333,362.388181466175,d4_semiprime
267401,267403,2,267402,16,0.5,87.47555896137501,d8_plus
267469,267479,10,267473,4,0.4,562.3549416511271,d4_semiprime
267521,267523,2,267522,8,0.5,37.49087125478125,d8_plus
267593,267601,8,267599,4,0.75,862.3095821458741,d4_semiprime
267649,267661,12,267653,4,0.3333333333333333,912.3140160147909,d4_semiprime
267721,267727,6,267724,6,0.5,237.45648459621796,d6
267797,267803,6,267798,8,0.16666666666666666,487.4218477136119,d8_plus
267887,267893,6,267889,4,0.3333333333333333,374.9499070294122,d4_semiprime
267959,267961,2,267960,128,0.5,787.4113586611988,d8_plus
268069,268091,22,268078,4,0.4090909090909091,1499.885341740336,d4_semiprime
268207,268211,4,268210,8,0.75,149.99425794727972,d8_plus
268297,268343,46,268301,4,0.08695652173913043,3168.733195218102,d4_semiprime
268507,268517,10,268514,4,0.7,775.0404442280949,d4_semiprime
268607,268613,6,268609,4,0.3333333333333333,275.0222729762882,d4_semiprime
268733,268747,14,268738,4,0.35714285714285715,1025.1227218516124,d4_semiprime
268783,268789,6,268787,8,0.6666666666666666,562.5751563682304,d8_plus
268843,268861,18,268847,4,0.2222222222222222,937.6438393898541,d4_semiprime
268937,268969,32,268942,4,0.15625,2562.9692713169466,d4_semiprime
269029,269039,10,269033,4,0.4,462.5960021219487,d4_semiprime
269131,269141,10,269133,8,0.2,887.7110641844315,d8_plus
269209,269219,10,269213,4,0.4,637.6664228079051,d4_semiprime
269317,269327,10,269321,4,0.4,712.709071405372,d4_semiprime
269387,269389,2,269388,36,0.5,212.56643597512,d8_plus
269461,269473,12,269462,4,0.08333333333333333,837.7818746250418,d4_semiprime
269573,269579,6,269578,4,0.8333333333333334,387.64275237436743,d4_semiprime
269683,269701,18,269687,4,0.2222222222222222,1688.1808217949651,d4_semiprime
269779,269783,4,269781,8,0.5,362.65553400009935,d8_plus
269923,269939,16,269927,4,0.25,1012.9793646587797,d4_semiprime
270029,270031,2,270030,16,0.5,87.54401840043468,d8_plus
270131,270133,2,270132,12,0.5,62.53333003701081,d8_plus
270217,270223,6,270219,4,0.3333333333333333,337.6887764669795,d4_semiprime
270299,270307,8,270301,4,0.25,662.8865346761735,d4_semiprime
270379,270407,28,270381,4,0.07142857142857142,2345.18118512709,d4_semiprime
270493,270509,16,270497,4,0.25,1213.2791620528842,d4_semiprime
270577,270583,6,270581,8,0.6666666666666666,487.82455585440084,d8_plus
270653,270659,6,270658,4,0.8333333333333334,500.34409771726035,d4_semiprime
270737,270749,12,270739,4,0.16666666666666666,813.0800639140568,d4_semiprime
270833,270841,8,270835,4,0.25,600.4453910983456,d4_semiprime
270953,270961,8,270958,4,0.625,487.87904145371226,d4_semiprime
271043,271057,14,271052,6,0.6428571428571429,963.2745552863596,d6
271163,271169,6,271165,8,0.3333333333333333,487.9090013813454,d8_plus
271253,271261,8,271255,4,0.25,713.1171483480338,d4_semiprime
271351,271357,6,271353,8,0.3333333333333333,312.7794732710456,d8_plus
271463,271471,8,271465,4,0.25,525.4870520729994,d4_semiprime
271553,271571,18,271555,4,0.1111111111111111,1326.266146722147,d4_semiprime
271651,271657,6,271655,4,0.6666666666666666,788.2742091606518,d4_semiprime
271771,271787,16,271774,4,0.1875,1038.5577689837955,d4_semiprime
271861,271867,6,271862,8,0.16666666666666666,287.8003454916052,d8_plus
271939,271967,28,271941,4,0.07142857142857142,2177.328934979858,d4_semiprime
272039,272053,14,272045,4,0.42857142857142855,1101.2082215346627,d4_semiprime
272183,272189,6,272185,4,0.3333333333333333,362.9129356820869,d4_semiprime
272257,272263,6,272258,8,0.16666666666666666,275.31926259842777,d8_plus
272333,272341,8,272339,4,0.75,700.8288555095281,d4_semiprime
272383,272399,16,272386,4,0.1875,1076.2891118041885,d4_semiprime
272477,272507,30,272479,4,0.06666666666666667,2296.5690470935583,d4_semiprime
272567,272581,14,272575,6,0.5714285714285714,1439.3021281452332,d6
272717,272719,2,272718,24,0.5,137.67812930581601,d8_plus
272809,272813,4,272810,8,0.25,187.74802523181629,d8_plus
272927,272933,6,272929,4,0.3333333333333333,362.9921043321661,d4_semiprime
273001,273029,28,273002,4,0.03571428571428571,1890.110588214661,d4_semiprime
273083,273107,24,273085,4,0.08333333333333333,1714.9083387167643,d4_semiprime
273187,273193,6,273191,4,0.6666666666666666,287.9122317846826,d4_semiprime
273283,273289,6,273287,4,0.6666666666666666,413.1031053260278,d4_semiprime
273433,273457,24,273437,4,0.16666666666666666,1627.452001534223,d4_semiprime
273569,273601,32,273571,4,0.0625,2553.9533630217115,d4_semiprime
273697,273709,12,273698,4,0.08333333333333333,1176.8607526624135,d4_semiprime
273803,273821,18,273809,4,0.3333333333333333,1164.3786221799628,d4_semiprime
273919,273929,10,273926,4,0.7,751.2360992785848,d4_semiprime
273997,274007,10,273998,4,0.1,613.5234793117125,d4_semiprime
274103,274117,14,274107,4,0.2857142857142857,1177.0005197899588,d4_semiprime
274177,274187,10,274178,4,0.1,463.29743610123637,d4_semiprime
274259,274271,12,274262,4,0.25,676.1794991248387,d4_semiprime
274361,274403,42,274363,4,0.047619047619047616,3218.226220253895,d4_semiprime
274489,274517,28,274493,4,0.14285714285714285,2241.5673339457126,d4_semiprime
274661,274667,6,274663,4,0.3333333333333333,388.22243999912126,d4_semiprime
274723,274739,16,274726,4,0.1875,1026.93067611224,d4_semiprime
274829,274831,2,274830,16,0.5,87.66735602574155,d8_plus
274871,274889,18,274874,4,0.16666666666666666,989.4025941767776,d4_semiprime
274973,274993,20,274979,4,0.3,1502.9361976937014,d4_semiprime
275083,275087,4,275084,6,0.25,175.34771405332725,d6
275167,275183,16,275173,4,0.375,926.8618460934879,d4_semiprime
275299,275309,10,275305,4,0.6,488.49949773489016,d4_semiprime
275389,275393,4,275390,8,0.25,263.0449271969886,d8_plus
275459,275461,2,275460,24,0.5,137.78817477118454,d8_plus
275549,275573,24,275551,4,0.08333333333333333,1628.4526946829724,d4_semiprime
275641,275651,10,275647,4,0.6,688.9781007785173,d4_semiprime
275729,275741,12,275731,4,0.16666666666666666,826.7945573752285,d4_semiprime
275881,275897,16,275882,4,0.0625,989.692405059298,d4_semiprime
275939,275941,2,275940,96,0.5,588.8131202988151,d8_plus
276011,276019,8,276014,4,0.375,789.277000077916,d4_semiprime
276083,276091,8,276085,4,0.25,400.91107113024475,d4_semiprime
276191,276209,18,276193,4,0.1111111111111111,1303.0028970054234,d4_semiprime
276293,276319,26,276295,4,0.07692307692307693,1916.9783856258293,d4_semiprime
276373,276389,16,276377,4,0.25,1140.1874671130402,d4_semiprime
276487,276499,12,276491,4,0.3333333333333333,664.086644499254,d4_semiprime
276581,276587,6,276583,4,0.3333333333333333,363.37780399348105,d4_semiprime
276671,276673,2,276672,56,0.5,338.3258751367372,d8_plus
276781,276817,36,276787,4,0.16666666666666666,2405.961681942698,d4_semiprime
276869,276883,14,276881,4,0.8571428571428571,914.7864708605366,d4_semiprime
276953,276961,8,276959,4,0.75,563.9229228235477,d4_semiprime
277073,277087,14,277079,4,0.42857142857142855,877.2440668353058,d4_semiprime
277183,277213,30,277187,4,0.13333333333333333,2631.8226858067032,d4_semiprime
277261,277273,12,277267,4,0.5,952.4878913889263,d4_semiprime
277373,277411,38,277377,4,0.10526315789473684,2845.033025869917,d4_semiprime
277513,277531,18,277517,4,0.2222222222222222,1328.56789972372,d4_semiprime
277601,277603,2,277602,16,0.5,87.73760598539849,d8_plus
277691,277703,12,277697,4,0.5,839.7968796205644,d4_semiprime
277793,277813,20,277798,4,0.25,1378.8127959514466,d4_semiprime
277891,277897,6,277895,4,0.6666666666666666,350.9798606996147,d4_semiprime
278029,278041,12,278033,4,0.3333333333333333,915.0921954377632,d4_semiprime
278123,278143,20,278129,4,0.3,1479.2299372130128,d4_semiprime
278219,278227,8,278221,4,0.25,727.0984702891913,d4_semiprime
278329,278347,18,278333,4,0.2222222222222222,1128.2932620604722,d4_semiprime
278459,278479,20,278461,4,0.1,2093.6875261020796,d4_semiprime
278549,278557,8,278555,4,0.75,614.3307530256089,d4_semiprime
278611,278617,6,278612,6,0.16666666666666666,601.8041581510555,d6
278689,278701,12,278693,4,0.3333333333333333,977.9540973368142,d4_semiprime
278807,278809,2,278808,16,0.5,87.76795056302994,d8_plus
278879,278881,2,278880,96,0.5,589.3112324554309,d8_plus
278981,279001,20,278983,4,0.1,1692.7572162147972,d4_semiprime
279119,279121,2,279120,40,0.5,238.24854444135246,d8_plus
279187,279203,16,279193,4,0.375,1178.7287301076854,d4_semiprime
279329,279337,8,279331,4,0.25,501.60652835600513,d4_semiprime
279443,279451,8,279445,4,0.25,940.5427378314239,d4_semiprime
279553,279557,4,279555,8,0.5,188.1143078284391,d8_plus
279619,279637,18,279623,4,0.2222222222222222,1329.3684919702505,d4_semiprime
279709,279731,22,279717,4,0.36363636363636365,1655.4839012790837,d4_semiprime
279847,279857,10,279849,4,0.2,551.8487329613122,d4_semiprime
279949,279967,18,279953,4,0.2222222222222222,1141.3577546387394,d4_semiprime
280037,280061,24,280039,4,0.08333333333333333,1755.9815383197754,d4_semiprime
280139,280183,44,280141,4,0.045454545454545456,3424.2702831969036,d4_semiprime
280243,280249,6,280246,4,0.5,351.21583876320466,d4_semiprime
280337,280339,2,280338,8,0.5,37.63125389099223,d8_plus
280487,280499,12,280491,4,0.3333333333333333,903.1895028611516,d4_semiprime
280561,280583,22,280562,4,0.045454545454545456,1505.3505281274984,d4_semiprime
280613,280627,14,280615,4,0.14285714285714285,853.0435282228524,d4_semiprime
280711,280717,6,280712,8,0.16666666666666666,288.53716463473324,d8_plus
280817,280837,20,280821,4,0.2,1455.277799902091,d4_semiprime
280909,280913,4,280911,4,0.5,213.2784910464638,d4_semiprime
280963,280967,4,280964,6,0.25,200.73579819874686,d6
281069,281081,12,281071,4,0.16666666666666666,815.5142867240305,d4_semiprime
281191,281207,16,281195,4,0.25,1267.2288479681833,d4_semiprime
281273,281279,6,281278,4,0.8333333333333334,313.67719227002937,d4_semiprime
281353,281357,4,281354,4,0.25,112.92636668233963,d4_semiprime
281509,281527,18,281513,4,0.2222222222222222,1530.8502846038145,d4_semiprime
281579,281581,2,281580,72,0.5,439.1860157305781,d8_plus
281651,281653,2,281652,36,0.5,213.32326827026222,d8_plus
281747,281761,14,281749,4,0.14285714285714285,1179.586203799009,d4_semiprime
281803,281807,4,281804,6,0.25,100.39176851947767,d6
281887,281893,6,281891,4,0.6666666666666666,476.87238273182095,d4_semiprime
281971,281989,18,281977,4,0.3333333333333333,1305.1578593135466,d4_semiprime
282071,282089,18,282073,4,0.1111111111111111,1443.2431303178791,d4_semiprime
282157,282167,10,282158,4,0.1,690.2630938859173,d4_semiprime
282287,282299,12,282297,4,0.8333333333333334,614.9843294326649,d4_semiprime
282389,282391,2,282390,16,0.5,87.85731061246562,d8_plus
282461,282481,20,282463,4,0.1,1594.0196213719319,d4_semiprime
282589,282599,10,282593,4,0.4,640.1399437710379,d4_semiprime
282691,282697,6,282694,8,0.5,364.0115034159684,d8_plus
282797,282809,12,282803,4,0.5,1029.3053853912195,d4_semiprime
282889,282907,18,282899,4,0.5555555555555556,1544.000223923124,d4_semiprime
282991,283001,10,282993,4,0.2,690.4254978000503,d4_semiprime
283093,283097,4,283094,16,0.25,313.8384452334214,d8_plus
283159,283163,4,283161,8,0.5,213.41410563063317,d8_plus
283277,283289,12,283279,4,0.16666666666666666,841.1315617732467,d4_semiprime
283463,283487,24,283469,4,0.25,1632.1332783965709,d4_semiprime
283571,283573,2,283572,18,0.5,100.44177070527547,d8_plus
283637,283639,2,283638,16,0.5,87.88817839340994,d8_plus
283769,283771,2,283770,32,0.5,188.3387899481299,d8_plus
283831,283837,6,283834,4,0.5,539.9143055953157,d4_semiprime
283957,283961,4,283958,8,0.25,313.9146707726193,d8_plus
284059,284083,24,284061,4,0.08333333333333333,1770.5341497157447,d4_semiprime
284153,284159,6,284156,6,0.5,213.47370558285314,d6
284233,284237,4,284236,6,0.75,200.92088864521568,d6
284341,284357,16,284343,4,0.125,1079.984641543951,d4_semiprime
284429,284447,18,284433,4,0.2222222222222222,1356.2934479070045,d4_semiprime
284509,284521,12,284511,4,0.16666666666666666,753.5125983257458,d4_semiprime
284591,284593,2,284592,90,0.5,552.5877216030714,d8_plus
284689,284701,12,284693,4,0.3333333333333333,1067.5300955841994,d4_semiprime
284743,284747,4,284744,8,0.25,263.7463638549748,d8_plus
284813,284819,6,284815,4,0.3333333333333333,313.9899729397612,d4_semiprime
284899,284917,18,284903,4,0.2222222222222222,1243.431329324399,d4_semiprime
285023,285031,8,285027,4,0.5,427.05150093723876,d4_semiprime
285119,285121,2,285120,140,0.5,866.685914205256,d8_plus
285221,285227,6,285223,4,0.3333333333333333,288.903678631103,d4_semiprime
285317,285343,26,285319,4,0.07692307692307693,1896.7709357838646,d4_semiprime
285469,285473,4,285470,8,0.25,263.7998382852504,d8_plus
285557,285559,2,285558,32,0.5,188.43300659714743,d8_plus
285641,285643,2,285642,24,0.5,138.18744013204906,d8_plus
285709,285721,12,285713,4,0.3333333333333333,929.6435801158311,d4_semiprime
285781,285823,42,285783,4,0.047619047619047616,2851.813401912817,d4_semiprime
285953,285977,24,285955,4,0.08333333333333333,1532.762343320846,d4_semiprime
286043,286049,6,286045,8,0.3333333333333333,489.9923737650089,d8_plus
286171,286199,28,286177,4,0.21428571428571427,1708.757124946084,d4_semiprime
286369,286381,12,286373,4,0.3333333333333333,1005.205085934251,d4_semiprime
286457,286459,2,286458,8,0.5,37.69604162259577,d8_plus
286499,286513,14,286505,4,0.42857142857142855,1118.3307156612866,d4_semiprime
286591,286609,18,286593,4,0.1111111111111111,1432.506354185693,d4_semiprime
286697,286703,6,286699,6,0.3333333333333333,402.1181084438474,d6
286771,286777,6,286774,4,0.5,389.5600845398483,d4_semiprime
286927,286973,46,286931,4,0.08695652173913043,3204.60082874902,d4_semiprime
287059,287087,28,287065,4,0.21428571428571427,1784.583308590697,d4_semiprime
287141,287149,8,287143,4,0.25,515.2774602687019,d4_semiprime
287233,287237,4,287234,4,0.25,175.95278713182097,d4_semiprime
287291,287297,6,287293,4,0.3333333333333333,395.90024330238424,d4_semiprime
287387,287393,6,287389,4,0.3333333333333333,452.4694225441799,d4_semiprime
287549,287557,8,287551,4,0.25,729.0112528574825,d4_semiprime
287681,287689,8,287683,4,0.25,414.7975204511424,d4_semiprime
287813,287821,8,287818,4,0.625,766.7753263451447,d4_semiprime
287873,287887,14,287877,4,0.2857142857142857,829.6395398390584,d4_semiprime
288049,288053,4,288051,4,0.5,289.13053501566975,d4_semiprime
288181,288191,10,288185,4,0.4,729.1391198876884,d4_semiprime
288257,288283,26,288263,4,0.23076923076923078,1697.1725825502197,d4_semiprime
288361,288383,22,288367,4,0.2727272727272727,1338.9187939546698,d4_semiprime
288467,288481,14,288469,4,0.14285714285714285,1118.9402415686338,d4_semiprime
288559,288571,12,288565,4,0.5,754.3603999493318,d4_semiprime
288661,288679,18,288663,4,0.1111111111111111,1207.0119496353643,d4_semiprime
288767,288773,6,288769,8,0.3333333333333333,515.5086932346418,d8_plus
288853,288877,24,288854,4,0.041666666666666664,2036.9417238898807,d4_semiprime
288979,288989,10,288987,4,0.8,616.132030487713,d4_semiprime
289033,289039,6,289034,8,0.16666666666666666,314.35767700907564,d8_plus
289111,289127,16,289117,4,0.375,1068.8404184851909,d4_semiprime
289171,289181,10,289178,4,0.7,691.6135550477452,d4_semiprime
289253,289273,20,289257,4,0.2,1408.409780740429,d4_semiprime
289349,289361,12,289353,4,0.3333333333333333,792.2506726466213,d4_semiprime
289453,289463,10,289457,4,0.4,616.2123776182361,d4_semiprime
289573,289577,4,289574,8,0.25,490.47062859550886,d8_plus
289669,289717,48,289671,4,0.041666666666666664,3760.395714137354,d4_semiprime
289771,289789,18,289774,4,0.16666666666666666,1295.4187684030671,d4_semiprime
289859,289871,12,289862,4,0.25,754.6302449247221,d4_semiprime
289973,289987,14,289979,4,0.42857142857142855,1194.8689424058587,d4_semiprime
290039,290041,2,290040,32,0.5,188.66661185228293,d8_plus
290137,290141,4,290138,4,0.25,188.6717654282919,d4_semiprime
290233,290243,10,290237,4,0.4,628.922917331755,d4_semiprime
290369,290383,14,290371,4,0.14285714285714285,993.7355867547922,d4_semiprime
290447,290471,24,290449,4,0.08333333333333333,1610.1400079159093,d4_semiprime
290531,290533,2,290532,48,0.5,289.3277870945951,d8_plus
290621,290623,2,290622,8,0.5,37.73933619806951,d8_plus
290677,290701,24,290679,4,0.08333333333333333,2163.762952548306,d4_semiprime
290803,290821,18,290807,4,0.2222222222222222,1434.1697176679218,d4_semiprime
290897,290923,26,290902,4,0.19230769230769232,1673.2419384029404,d4_semiprime
291007,291013,6,291009,4,0.3333333333333333,213.8789160304286,d4_semiprime
291101,291103,2,291102,32,0.5,188.7214350030203,d8_plus
291191,291199,8,291197,4,0.75,541.0150380332201,d4_semiprime
291293,291299,6,291297,8,0.6666666666666666,289.38816239629426,d8_plus
291373,291377,4,291374,4,0.25,352.30626883344644,d4_semiprime
291491,291503,12,291493,4,0.16666666666666666,931.1262129869092,d4_semiprime
291569,291619,50,291581,4,0.24,3844.143160922594,d4_semiprime
291701,291721,20,291703,4,0.1,2063.698643316085,d4_semiprime
291817,291829,12,291821,4,0.3333333333333333,868.2894256478725,d4_semiprime
291899,291901,2,291900,72,0.5,440.4458294894772,d8_plus
292027,292037,10,292031,4,0.4,931.2616578816748,d4_semiprime
292133,292141,8,292135,4,0.25,692.1739625163794,d4_semiprime
292241,292249,8,292247,4,0.75,729.9504889153889,d4_semiprime
292351,292363,12,292359,4,0.6666666666666666,742.5580226778977,d4_semiprime
292469,292471,2,292470,16,0.5,88.10282163403998,d8_plus
292531,292541,10,292533,4,0.2,629.3172396269823,d4_semiprime
292631,292661,30,292634,4,0.1,2492.170509031526,d4_semiprime
292711,292717,6,292713,4,0.3333333333333333,365.0216560858087,d4_semiprime
292807,292819,12,292811,4,0.3333333333333333,881.1101289342266,d4_semiprime
292921,292933,12,292927,4,0.5,1007.0144948118428,d4_semiprime
293081,293087,6,293086,4,0.8333333333333334,339.8818197766798,d4_semiprime
293147,293149,2,293148,36,0.5,214.0033589586951,d8_plus
293221,293257,36,293231,4,0.2777777777777778,2643.6369871622237,d4_semiprime
293351,293357,6,293353,4,0.3333333333333333,465.79798749078515,d4_semiprime
293467,293473,6,293469,8,0.3333333333333333,465.812676729239,d8_plus
293621,293633,12,293623,4,0.16666666666666666,893.8946528625542,d4_semiprime
293717,293723,6,293719,4,0.3333333333333333,415.4826742641697,d4_semiprime
293827,293831,4,293829,4,0.5,188.86127144000667,d4_semiprime
293957,293983,26,293961,4,0.15384615384615385,1737.5896879684121,d4_semiprime
294043,294053,10,294047,4,0.4,717.715409802282,d4_semiprime
294157,294167,10,294161,4,0.4,465.89976525482587,d4_semiprime
294227,294241,14,294233,4,0.42857142857142855,1045.146993324169,d4_semiprime
294311,294313,2,294312,16,0.5,88.1467699567698,d8_plus
294383,294391,8,294387,4,0.5,478.5206819085656,d4_semiprime
294467,294479,12,294473,4,0.5,717.7975921922782,d4_semiprime
294629,294641,12,294631,4,0.16666666666666666,1095.6336033905923,d4_semiprime
294751,294757,6,294753,4,0.3333333333333333,642.2888854775437,d4_semiprime
294803,294809,6,294807,4,0.6666666666666666,390.4161819221021,d4_semiprime
294911,294919,8,294913,4,0.25,617.1276126340784,d4_semiprime
294991,294997,6,294995,8,0.6666666666666666,591.9514720548116,d8_plus
295079,295081,2,295080,32,0.5,188.9250267749736,d8_plus
295199,295201,2,295200,108,0.5,667.5566437005481,d8_plus
295283,295291,8,295287,4,0.5,617.189571056427,d4_semiprime
295411,295417,6,295415,4,0.6666666666666666,592.0182867919615,d4_semiprime
295517,295541,24,295521,4,0.16666666666666666,1612.3551727776803,d4_semiprime
295693,295699,6,295694,8,0.16666666666666666,377.91268975604453,d8_plus
295787,295819,32,295791,4,0.125,2620.269588754457,d4_semiprime
295871,295873,2,295872,56,0.5,340.13741959839325,d8_plus
295937,295943,6,295939,8,0.3333333333333333,314.947746186046,d8_plus
296017,296027,10,296026,4,0.9,592.1147639648722,d4_semiprime
296129,296137,8,296131,4,0.25,491.3441226311182,d4_semiprime
296243,296249,6,296246,4,0.5,466.16087434247896,d4_semiprime
296347,296353,6,296349,8,0.3333333333333333,869.3516991925121,d8_plus
296477,296479,2,296478,48,0.5,289.79375080061334,d8_plus
296551,296557,6,296553,8,0.3333333333333333,390.5995632387585,d8_plus
296627,296651,24,296629,4,0.08333333333333333,1801.8390768313923,d4_semiprime
296719,296729,10,296722,4,0.3,655.2289899131432,d4_semiprime
296773,296797,24,296774,4,0.041666666666666664,1650.6999520191234,d4_semiprime
296909,296911,2,296910,24,0.5,138.6130277571473,d8_plus
296983,296987,4,296984,8,0.25,163.8186798489318,d8_plus
297083,297097,14,297085,4,0.14285714285714285,957.7358618692294,d4_semiprime
297191,297233,42,297193,4,0.047619047619047616,3402.593399743355,d4_semiprime
297359,297371,12,297361,4,0.16666666666666666,1298.078975688215,d4_semiprime
297457,297467,10,297461,4,0.4,693.1673508456975,d4_semiprime
297533,297581,48,297541,4,0.16666666666666666,3667.5769420701326,d4_semiprime
297629,297641,12,297631,4,0.16666666666666666,882.2536832504377,d4_semiprime
297757,297779,22,297761,4,0.18181818181818182,1436.8641744985584,d4_semiprime
297853,297881,28,297854,4,0.03571428571428571,1903.2646115133477,d4_semiprime
297953,297967,14,297961,4,0.5714285714285714,882.3300840991046,d4_semiprime
298043,298049,6,298047,4,0.6666666666666666,428.57002541867075,d4_semiprime
298159,298169,10,298163,4,0.4,630.2700112044824,d4_semiprime
298237,298247,10,298238,4,0.1,705.9169620968961,d4_semiprime
298343,298349,6,298345,4,0.3333333333333333,277.33212120342233,d4_semiprime
298451,298477,26,298453,4,0.07692307692307693,1916.1720787591707,d4_semiprime
298589,298601,12,298591,4,0.16666666666666666,1071.5815365660228,d4_semiprime
298681,298687,6,298682,4,0.16666666666666666,390.8214113407759,d4_semiprime
298759,298777,18,298762,4,0.16666666666666666,1651.5721504834742,d4_semiprime
298853,298861,8,298855,4,0.25,567.3476155407188,d4_semiprime
299017,299027,10,299021,4,0.4,844.7544800986878,d4_semiprime
299107,299113,6,299111,4,0.6666666666666666,567.3855740469561,d4_semiprime
299213,299239,26,299219,4,0.23076923076923078,1626.5549362945642,d4_semiprime
299329,299333,4,299331,12,0.5,214.35818279762205,d8_plus
299401,299417,16,299407,4,0.375,1021.3746369375486,d4_semiprime
299501,299513,12,299503,4,0.16666666666666666,756.5935473823827,d4_semiprime
299617,299623,6,299618,8,0.16666666666666666,340.47728431949406,d8_plus
299711,299723,12,299721,4,0.8333333333333334,971.015325688904,d4_semiprime
299843,299857,14,299849,4,0.42857142857142855,769.2731919537923,d4_semiprime
299941,299951,10,299942,4,0.1,630.5679568821712,d4_semiprime
300017,300023,6,300019,4,0.3333333333333333,290.06686828459505,d4_semiprime
300149,300151,2,300150,72,0.5,441.42131700379963,d8_plus
300233,300239,6,300238,8,0.8333333333333334,416.2066823413093,d8_plus
300323,300331,8,300327,4,0.5,744.1451356273892,d4_semiprime
300431,300439,8,300434,4,0.375,428.8413981316004,d4_semiprime
300511,300557,46,300515,4,0.08695652173913043,2837.9964777262544,d4_semiprime
300623,300631,8,300627,6,0.5,580.2268029503723,d6
300691,300719,28,300695,4,0.14285714285714285,1866.8536991392978,d4_semiprime
300761,300779,18,300763,4,0.1111111111111111,1463.2350796353273,d4_prime_cube
300857,300869,12,300859,4,0.16666666666666666,756.8644346266965,d4_semiprime
300961,300967,6,300962,8,0.16666666666666666,264.90969122123363,d8_plus
301051,301057,6,301053,8,0.3333333333333333,618.1374008509316,d8_plus
301159,301177,18,301163,4,0.2222222222222222,1198.4657265227934,d4_semiprime
301241,301243,2,301242,8,0.5,37.84700762225336,d8_plus
301349,301361,12,301351,4,0.16666666666666666,1097.5954914287634,d4_semiprime
301447,301459,12,301449,4,0.16666666666666666,946.2278705417806,d4_semiprime
301531,301577,46,301533,4,0.043478260869565216,3406.510296043401,d4_semiprime
301643,301649,6,301647,4,0.6666666666666666,807.4883511441398,d4_semiprime
301747,301751,4,301748,6,0.25,252.34705958112355,d6
301841,301843,2,301842,24,0.5,138.79424878707601,d8_plus
301913,301927,14,301915,4,0.14285714285714285,1135.6126154439416,d4_semiprime
301997,301999,2,301998,8,0.5,37.85452702145557,d8_plus
302171,302173,2,302172,36,0.5,214.51877840116106,d8_plus
302273,302279,6,302277,8,0.6666666666666666,340.7155266810573,d8_plus
302411,302417,6,302413,4,0.3333333333333333,492.16245054639734,d4_semiprime
302551,302563,12,302557,4,0.5,858.1619688735161,d4_semiprime
302593,302597,4,302594,8,0.25,214.54258590242324,d8_plus
302723,302747,24,302737,4,0.5833333333333334,1918.3335335778409,d4_semiprime
302833,302837,4,302836,6,0.75,201.93507759670877,d6
302909,302921,12,302911,8,0.16666666666666666,832.9995937839454,d8_plus
302983,302989,6,302987,4,0.6666666666666666,391.2646850404688,d4_semiprime
303049,303053,4,303051,8,0.5,391.27128860584884,d8_plus
303143,303151,8,303146,4,0.375,706.8306033161365,d4_semiprime
303283,303287,4,303286,4,0.75,75.73456612157209,d4_semiprime
303341,303361,20,303343,4,0.1,1615.699295830002,d4_semiprime
303421,303431,10,303423,4,0.2,593.2759793606991,d4_semiprime
303529,303539,10,303533,4,0.4,858.380899492682,d4_semiprime
303593,303613,20,303595,4,0.1,1672.6101295479632,d4_semiprime
303683,303689,6,303685,4,0.3333333333333333,568.0689142333463,d4_semiprime
303767,303781,14,303779,4,0.8571428571428571,1148.7877327437277,d4_semiprime
303871,303889,18,303874,4,0.16666666666666666,1363.434014011221,d4_semiprime
303997,304009,12,303999,4,0.16666666666666666,908.9850423434859,d4_semiprime
304067,304069,2,304068,12,0.5,63.12503319792651,d8_plus
304163,304169,6,304166,4,0.5,618.640931204452,d4_semiprime
304279,304301,22,304287,4,0.36363636363636365,1754.9778232433362,d4_semiprime
304391,304393,2,304392,32,0.5,189.39107435123063,d8_plus
304457,304459,2,304458,32,0.5,189.39432638376368,d8_plus
304523,304537,14,304529,4,0.42857142857142855,921.7361654313955,d4_semiprime
304631,304643,12,304639,4,0.6666666666666666,1022.7771447833742,d4_semiprime
304739,304751,12,304743,4,0.3333333333333333,820.7699784896138,d4_semiprime
304813,304831,18,304814,4,0.05555555555555555,1111.2188270455272,d4_semiprime
304901,304903,2,304902,24,0.5,138.90520261730802,d8_plus
304979,304981,2,304980,96,0.5,593.5160695444431,d8_plus
305047,305069,22,305053,4,0.2727272727272727,1401.7368181383238,d4_semiprime
305143,305147,4,305146,8,0.75,189.42812217823655,d8_plus
305281,305297,16,305282,4,0.0625,1022.9501427008846,d4_semiprime
305377,305401,24,305381,4,0.16666666666666666,1578.6681944657782,d4_semiprime
305449,305471,22,305455,4,0.2727272727272727,1288.216343755698,d4_semiprime
305533,305551,18,305534,4,0.05555555555555555,1540.8412138290348,d4_semiprime
305621,305633,12,305623,4,0.16666666666666666,770.4372765983774,d4_semiprime
305743,305749,6,305746,8,0.5,669.4170807868805,d8_plus
305839,305849,10,305843,4,0.4,644.1722939428728,d4_semiprime
305933,305947,14,305941,4,0.5714285714285714,959.9672008639176,d4_semiprime
306049,306083,34,306053,4,0.11764705882352941,2639.995797937254,d4_semiprime
306167,306169,2,306168,16,0.5,88.42322474920365,d8_plus
306259,306263,4,306262,8,0.75,214.747273765157,d8_plus
306359,306367,8,306361,4,0.25,846.3788144734656,d4_semiprime
306437,306457,20,306439,4,0.1,1414.8736306878363,d4_semiprime
306517,306529,12,306518,4,0.08333333333333333,909.5798102788524,d4_semiprime
306643,306653,10,306651,4,0.8,543.2385663123786,d4_semiprime
306739,306749,10,306742,4,0.3,745.3923854235338,d4_semiprime
306847,306853,6,306851,4,0.6666666666666666,694.8763586254735,d4_semiprime
306913,306919,6,306914,4,0.16666666666666666,473.787410153548,d4_semiprime
307009,307019,10,307011,4,0.2,353.7701420435211,d4_semiprime
307103,307121,18,307109,4,0.3333333333333333,1377.2114913531138,d4_semiprime
307189,307201,12,307191,4,0.16666666666666666,1263.5241291812013,d4_semiprime
307277,307283,6,307282,4,0.8333333333333334,454.8784660355756,d4_semiprime
307381,307397,16,307383,4,0.125,1162.5004626574962,d4_semiprime
307511,307523,12,307513,4,0.16666666666666666,985.6302838898285,d4_semiprime
307589,307609,20,307591,4,0.1,1238.3822488035084,d4_semiprime
307687,307691,4,307689,4,0.5,139.00530592730024,d4_semiprime
307831,307843,12,307833,4,0.16666666666666666,1124.722019877153,d4_semiprime
307939,307969,30,307941,4,0.06666666666666667,2312.6991981006177,d4_semiprime
308093,308101,8,308094,8,0.125,872.0340119955805,d8_plus
308153,308213,60,308155,4,0.03333333333333333,4549.8396164792475,d4_semiprime
308309,308311,2,308310,32,0.5,189.58291573930842,d8_plus
308383,308411,28,308387,4,0.14285714285714285,2060.179474631958,d4_semiprime
308501,308507,6,308503,8,0.3333333333333333,543.4980348950347,d8_plus
308569,308573,4,308571,8,0.5,189.59560214417422,d8_plus
308681,308701,20,308683,4,0.1,1896.015584229663,d4_semiprime
308813,308827,14,308818,4,0.35714285714285715,1049.1631848181905,d4_semiprime
308927,308929,2,308928,28,0.5,164.33122574726215,d8_plus
309011,309013,2,309012,24,0.5,139.05248929085008,d8_plus
309083,309091,8,309086,4,0.375,493.01372530331497,d4_semiprime
309167,309173,6,309169,8,0.3333333333333333,594.1572333660732,d8_plus
309271,309277,6,309273,4,0.3333333333333333,530.9634173642015,d4_semiprime
309367,309371,4,309369,4,0.5,88.4960301272121,d4_semiprime
309469,309479,10,309475,6,0.6,619.4887255981471,d6
309541,309559,18,309545,4,0.2222222222222222,998.7870984147777,d4_semiprime
309629,309637,8,309635,4,0.75,720.6592416654028,d4_semiprime
309737,309769,32,309739,4,0.0625,2857.4374536066766,d4_semiprime
309853,309857,4,309854,4,0.25,341.38424485081003,d4_semiprime
309989,310019,30,309991,4,0.06666666666666667,2187.470738402718,d4_semiprime
310091,310111,20,310094,4,0.15,1239.176129504796,d4_semiprime
310223,310229,6,310227,4,0.6666666666666666,341.4164084423928,d4_semiprime
310313,310333,20,310319,4,0.3,1226.6008029171117,d4_semiprime
310423,310433,10,310427,4,0.4,606.994103554881,d4_semiprime
310501,310507,6,310502,4,0.16666666666666666,366.73264846549694,d4_semiprime
310577,310591,14,310579,4,0.14285714285714285,1163.4519726886967,d4_semiprime
310721,310727,6,310723,4,0.3333333333333333,366.7532495491087,d4_semiprime
310789,310801,12,310798,4,0.75,1315.2771987737178,d4_semiprime
310883,310889,6,310886,4,0.5,252.94357660679043,d4_semiprime
310997,311009,12,311002,4,0.4166666666666667,771.5008930326193,d4_semiprime
311111,311123,12,311113,4,0.16666666666666666,923.2983343814118,d4_semiprime
311197,311203,6,311198,4,0.16666666666666666,645.0578346094128,d4_semiprime
311323,311329,6,311326,4,0.5,670.3757419065323,d4_semiprime
311419,311447,28,311431,4,0.42857142857142855,1909.9897561525902,d4_semiprime
311557,311561,4,311558,16,0.25,265.63622411278385,d8_plus
311677,311681,4,311679,6,0.5,303.5935238516147,d6
311743,311747,4,311744,14,0.25,252.9988197061087,d8_plus
311867,311869,2,311868,18,0.5,101.20268240277001,d8_plus
312007,312023,16,312009,4,0.125,1328.3346613213255,d4_semiprime
312083,312089,6,312085,4,0.3333333333333333,328.926885815388,d4_semiprime
312203,312209,6,312205,8,0.3333333333333333,417.49690035969263,d8_plus
312253,312269,16,312254,4,0.0625,1201.9012104511626,d4_semiprime
312343,312349,6,312347,4,0.6666666666666666,290.9929178042417,d4_semiprime
312407,312413,6,312411,8,0.6666666666666666,392.21417809376254,d8_plus
312551,312553,2,312552,32,0.5,189.78789201473472,d8_plus
312619,312623,4,312621,4,0.5,493.4570256948642,d4_semiprime
312709,312727,18,312713,4,0.2222222222222222,898.3671471792959,d4_semiprime
312839,312841,2,312840,96,0.5,594.7120163656307,d8_plus
312937,312941,4,312938,8,0.25,240.421514075635,d8_plus
313009,313031,22,313013,4,0.18181818181818182,1708.2932780556398,d4_semiprime
313129,313133,4,313132,6,0.75,303.70502992774016,d6
313219,313241,22,313223,4,0.18181818181818182,1809.62157489318,d4_semiprime
313307,313321,14,313309,4,0.14285714285714285,1316.1161522914877,d4_semiprime
313387,313399,12,313391,4,0.3333333333333333,911.1752439698206,d4_semiprime
313549,313553,4,313552,10,0.75,291.0814948314324,d8_plus
313603,313613,10,313609,4,0.6,734.0421464835381,d4_semiprime
313679,313699,20,313681,4,0.1,1582.019774390324,d4_semiprime
313763,313777,14,313765,4,0.14285714285714285,1012.5133174750268,d4_semiprime
313889,313897,8,313891,4,0.25,683.4678440130896,d4_semiprime
313969,313979,10,313977,4,0.8,544.2538529517417,d4_semiprime
314021,314059,38,314023,4,0.05263157894736842,2733.970829152259,d4_semiprime
314137,314159,22,314141,4,0.18181818181818182,1556.8870478113397,d4_semiprime
314233,314239,6,314234,8,0.16666666666666666,354.42122310367245,d8_plus
314299,314329,30,314303,4,0.13333333333333333,1987.3292754298107,d4_semiprime
314407,314423,16,314409,4,0.125,1215.2130095498273,d4_semiprime
314527,314543,16,314533,4,0.375,835.4839290035012,d4_semiprime
314603,314623,20,314605,4,0.1,1341.8648098019537,d4_semiprime
314719,314723,4,314722,8,0.75,487.38844617676716,d8_plus
314813,314827,14,314819,4,0.42857142857142855,1405.233114167131,d4_semiprime
314953,314957,4,314954,4,0.25,164.58241835617494,d4_semiprime
315047,315059,12,315049,4,0.16666666666666666,797.6113721939413,d4_semiprime
315179,315181,2,315180,72,0.5,443.1314714111622,d8_plus
315269,315281,12,315271,4,0.16666666666666666,1012.89604421994,d4_semiprime
315407,315409,2,315408,20,0.5,113.95460086025182,d8_plus
315481,315493,12,315485,4,0.3333333333333333,772.3743775596344,d4_semiprime
315559,315569,10,315563,4,0.4,886.3479536812171,d4_semiprime
315631,315643,12,315633,4,0.16666666666666666,683.7669588723852,d4_semiprime
315739,315743,4,315740,12,0.25,240.59087952287305,d8_plus
315857,315881,24,315862,4,0.20833333333333334,1772.8315292670172,d4_semiprime
315961,315967,6,315963,6,0.3333333333333333,329.24800109677534,d6
316067,316073,6,316069,8,0.3333333333333333,316.5929873308113,d8_plus
316177,316189,12,316187,4,0.8333333333333334,645.8679078679089,d4_semiprime
316243,316259,16,316247,4,0.25,1013.1430560304891,d4_semiprime
316339,316343,4,316341,6,0.5,177.3040706675863,d6
316439,316453,14,316441,4,0.14285714285714285,1165.1711782513864,d4_semiprime
316531,316567,36,316538,4,0.19444444444444445,2507.715380425732,d4_semiprime
316649,316661,12,316655,4,0.5,962.5831654051218,d4_semiprime
316717,316753,36,316718,4,0.027777777777777776,2558.495584381317,d4_semiprime
316817,316819,2,316818,16,0.5,88.66257928843093,d8_plus
316903,316907,4,316906,8,0.75,215.3280618757126,d8_plus
316991,317003,12,316993,4,0.16666666666666666,1051.3314596660834,d4_semiprime
317077,317087,10,317081,4,0.4,684.0134884987,d4_semiprime
317197,317209,12,317199,4,0.16666666666666666,1064.052844068583,d4_semiprime
317321,317323,2,317322,36,0.5,215.35042927309243,d8_plus
317399,317411,12,317401,4,0.16666666666666666,1089.4420077761401,d4_semiprime
317489,317491,2,317490,32,0.5,190.0230240113382,d8_plus
317591,317593,2,317592,48,0.5,291.3760248397829,d8_plus
317671,317693,22,317677,4,0.2727272727272727,1748.295325805544,d4_semiprime
317743,317771,28,317747,4,0.14285714285714285,2128.3988849815933,d4_semiprime
317831,317839,8,317833,4,0.25,722.1491511612289,d4_semiprime
317959,317963,4,317962,4,0.75,240.72397737162572,d4_semiprime
318023,318077,54,318026,4,0.05555555555555555,3940.359314061722,d4_semiprime
318179,318181,2,318180,24,0.5,139.37409793295154,d8_plus
318233,318247,14,318235,4,0.14285714285714285,1482.455779979124,d4_semiprime
318301,318313,12,318309,4,0.6666666666666666,950.3078326612839,d4_semiprime
318403,318407,4,318404,6,0.25,152.05296893938646,d6
318503,318523,20,318509,4,0.3,1317.827339696071,d4_semiprime
318629,318641,12,318631,4,0.16666666666666666,1051.7593634587056,d4_semiprime
318701,318713,12,318707,4,0.5,836.3540165965047,d4_semiprime
318793,318809,16,318797,4,0.25,1140.5089248037593,d4_semiprime
318881,318883,2,318882,8,0.5,38.01772922213635,d8_plus
318979,319001,22,318982,4,0.13636363636363635,1698.171200660409,d4_semiprime
319069,319093,24,319071,4,0.08333333333333333,1837.6142613476488,d4_semiprime
319159,319169,10,319163,4,0.4,633.6728987489302,d4_semiprime
319279,319289,10,319281,4,0.2,861.8207597219239,d4_semiprime
319357,319387,30,319359,4,0.06666666666666667,2116.576399641856,d4_semiprime
319439,319441,2,319440,80,0.5,494.298664927747,d8_plus
319511,319519,8,319513,4,0.25,659.0771972832678,d4_semiprime
319601,319607,6,319603,4,0.3333333333333333,354.8955330712432,d4_semiprime
319699,319727,28,319703,4,0.14285714285714285,2243.506538585699,d4_semiprime
319817,319819,2,319818,16,0.5,88.72855154083393,d8_plus
319919,319927,8,319921,6,0.25,950.6874058704358,d6
320009,320011,2,320010,16,0.5,88.73275267001347,d8_plus
320063,320081,18,320065,4,0.1111111111111111,1457.7744624664108,d4_semiprime
320143,320149,6,320146,4,0.5,456.3550796854567,d4_semiprime
320239,320267,28,320241,4,0.07142857142857142,2243.805910503738,d4_semiprime
320329,320339,10,320335,4,0.6,570.4702423840367,d4_semiprime
320449,320471,22,320453,4,0.18181818181818182,1724.1411650298905,d4_semiprime
320561,320563,2,320562,24,0.5,139.45614082809388,d8_plus
320657,320659,2,320658,16,0.5,88.74691289511229,d8_plus
320759,320767,8,320761,4,0.25,938.205413542952,d4_semiprime
320861,320867,6,320863,4,0.3333333333333333,469.1146436420623,d4_semiprime
320953,321007,54,320959,4,0.1111111111111111,3803.7406549373004,d4_semiprime
321077,321091,14,321082,4,0.35714285714285715,1293.3050574629963,d4_semiprime
321199,321203,4,321202,8,0.75,469.1533469055185,d8_plus
321311,321313,2,321312,24,0.5,139.4818468194708,d8_plus
321359,321367,8,321361,4,0.25,735.4586598792647,d4_semiprime
321443,321449,6,321446,4,0.5,278.97286038710166,d4_semiprime
321571,321577,6,321573,8,0.3333333333333333,342.38655877363954,d8_plus
321661,321679,18,321665,4,0.2222222222222222,1407.6227823368806,d4_semiprime
321757,321779,22,321758,4,0.045454545454545456,1800.785504436599,d4_semiprime
321847,321851,4,321848,8,0.25,240.95494249464056,d8_plus
321983,321991,8,321989,4,0.75,849.7115168002426,d4_semiprime
322051,322057,6,322053,4,0.3333333333333333,608.7590125762764,d4_semiprime
322111,322139,28,322117,4,0.21428571428571427,1877.0387373846306,d4_semiprime
322243,322247,4,322246,4,0.75,469.2734815638141,d4_semiprime
322349,322351,2,322350,48,0.5,291.7180433869916,d8_plus
322459,322463,4,322461,12,0.5,291.7259495817859,d8_plus
322559,322571,12,322561,4,0.16666666666666666,1331.8254820074505,d4_semiprime
322613,322627,14,322618,4,0.35714285714285715,1135.2387792689506,d4_semiprime
322747,322757,10,322753,4,0.6,723.0243588579157,d4_semiprime
322859,322871,12,322863,4,0.3333333333333333,799.1543297727733,d4_semiprime
322951,322963,12,322955,4,0.3333333333333333,913.3398080229858,d4_semiprime
323053,323077,24,323054,4,0.041666666666666664,1839.4138113170716,d4_semiprime
323137,323149,12,323138,4,0.08333333333333333,723.0935868168524,d4_semiprime
323273,323333,60,323278,4,0.08333333333333333,4402.162083381621,d4_semiprime
323377,323381,4,323378,8,0.25,520.149853693836,d8_plus
323471,323473,2,323472,40,0.5,241.05048888122803,d8_plus
323581,323591,10,323585,4,0.4,545.5504006079424,d4_semiprime
323699,323707,8,323701,8,0.25,824.6925144313152,d8_plus
323801,323803,2,323802,12,0.5,63.43943748429425,d8_plus
323927,323933,6,323929,4,0.3333333333333333,570.9726545756625,d4_semiprime
324067,324073,6,324069,4,0.3333333333333333,456.7938693222278,d4_semiprime
324131,324143,12,324133,4,0.16666666666666666,926.2913653285364,d4_semiprime
324217,324223,6,324218,4,0.16666666666666666,393.3645110461183,d4_semiprime
324329,324341,12,324331,6,0.16666666666666666,761.371855590012,d6
324431,324437,6,324433,6,0.3333333333333333,456.83407567274133,d6
324497,324503,6,324502,4,0.8333333333333334,418.77133457240643,d4_semiprime
324593,324617,24,324595,4,0.08333333333333333,1814.7222018946347,d4_semiprime
324673,324689,16,324677,4,0.25,1332.5127069162531,d4_semiprime
324773,324781,8,324778,4,0.625,444.18135409819143,d4_semiprime
324869,324871,2,324870,96,0.5,596.4854779206552,d8_plus
324953,324977,24,324959,4,0.25,1891.0300971373388,d4_semiprime
325019,325021,2,325020,24,0.5,139.60806197668,d8_plus
325093,325133,40,325097,4,0.1,2957.2207373629885,d4_semiprime
325217,325219,2,325218,16,0.5,88.84575703974258,d8_plus
325307,325309,2,325308,12,0.5,63.462638524213624,d8_plus
325421,325439,18,325423,4,0.1111111111111111,1180.4397694905156,d4_semiprime
325513,325517,4,325514,8,0.25,139.62480819177347,d8_plus
325627,325631,4,325630,8,0.75,165.0156755392876,d8_plus
325697,325709,12,325705,4,0.6666666666666666,736.2369129653553,d4_semiprime
325777,325781,4,325778,4,0.25,368.1253285045009,d4_semiprime
325883,325889,6,325885,8,0.3333333333333333,469.6892443419307,d8_plus
325951,325957,6,325953,6,0.3333333333333333,457.0024187269593,d6
326083,326087,4,326085,8,0.5,139.64404085474553,d8_plus
326147,326149,2,326148,12,0.5,63.475532725288275,d8_plus
326251,326257,6,326253,4,0.3333333333333333,330.0813292931486,d4_semiprime
326441,326449,8,326443,4,0.25,444.36066012586963,d4_semiprime
326549,326561,12,326551,4,0.16666666666666666,1180.760921629282,d4_semiprime
326609,326611,2,326610,48,0.5,292.0200077834967,d8_plus
326687,326693,6,326691,6,0.6666666666666666,685.6253408261487,d6
326831,326863,32,326834,4,0.09375,2285.5041891602327,d4_semiprime
326939,326941,2,326940,24,0.5,139.67285141485718,d8_plus
327007,327011,4,327009,8,0.5,266.65259018900144,d8_plus
327133,327163,30,327134,4,0.03333333333333333,2120.594361921952,d4_semiprime
327251,327263,12,327253,4,0.16666666666666666,546.0356684041764,d4_semiprime
327319,327331,12,327322,4,0.25,1003.1979250406288,d4_semiprime
327419,327421,2,327420,72,0.5,444.46496602929165,d8_plus
327491,327493,2,327492,36,0.5,215.88672140672892,d8_plus
327559,327571,12,327562,4,0.25,1028.6547786888943,d4_semiprime
327661,327667,6,327662,8,0.16666666666666666,342.89310250534186,d8_plus
327757,327779,22,327759,4,0.09090909090909091,1358.9063018943002,d4_semiprime
327839,327851,12,327841,4,0.16666666666666666,1028.7238530755365,d4_semiprime
327917,327923,6,327919,4,0.3333333333333333,495.3204427562614,d4_semiprime
328037,328043,6,328039,4,0.3333333333333333,571.5401910472722,d4_semiprime
328109,328121,12,328114,4,0.4166666666666667,774.7685080551638,d4_semiprime
328249,328271,22,328253,4,0.18181818181818182,1486.0821277553173,d4_semiprime
328333,328343,10,328337,4,0.4,812.9150773213663,d4_semiprime
328421,328429,8,328423,4,0.25,546.1887790916724,d4_semiprime
328543,328579,36,328547,4,0.1111111111111111,2667.5202236376404,d4_semiprime
328639,328651,12,328641,4,0.16666666666666666,1206.75958359281,d4_semiprime
328781,328787,6,328783,8,0.3333333333333333,304.8757385340382,d8_plus
328883,328891,8,328885,4,0.25,546.249322528875,d4_semiprime
328981,329009,28,328983,4,0.07142857142857142,2350.202918037392,d4_semiprime
329101,329111,10,329102,8,0.1,520.8694628154079,d8_plus
329207,329209,2,329208,64,0.5,393.8377965136169,d8_plus
329281,329293,12,329287,4,0.5,762.2812876764286,d4_semiprime
329347,329387,40,329354,4,0.175,2884.019421690222,d4_semiprime
329489,329503,14,329491,4,0.14285714285714285,1016.4253955668095,d4_semiprime
329597,329603,6,329599,4,0.3333333333333333,495.51978620732484,d4_semiprime
329671,329677,6,329673,4,0.3333333333333333,406.58747275736573,d4_semiprime
329761,329773,12,329762,4,0.08333333333333333,724.2500907296246,d4_semiprime
329873,329891,18,329879,4,0.3333333333333333,1245.236318566734,d4_semiprime
329969,329977,8,329971,4,0.25,533.6841615464158,d4_semiprime
330047,330053,6,330051,4,0.6666666666666666,749.71282741647,d4_semiprime
330139,330149,10,330143,4,0.4,787.8515750809814,d4_semiprime
330233,330241,8,330235,4,0.25,838.6996766583669,d4_semiprime
330329,330331,2,330330,96,0.5,597.2688293874601,d8_plus
330427,330431,4,330428,12,0.25,343.1199774603882,d8_plus
330563,330569,6,330565,8,0.3333333333333333,419.38247281749284,d8_plus
330653,330661,8,330659,4,0.75,673.5686259386351,d4_semiprime
330721,330731,10,330727,4,0.6,406.6894232824679,d4_semiprime
330823,330839,16,330829,4,0.375,1181.970730156057,d4_semiprime
330907,330917,10,330914,4,0.7,597.351588800089,d4_semiprime
331043,331063,20,331046,4,0.15,1741.274649593147,d4_semiprime
331159,331171,12,331163,4,0.3333333333333333,1105.8026284059647,d4_semiprime
331241,331249,8,331243,4,0.25,584.6883959211881,d4_semiprime
331333,331337,4,331334,4,0.25,241.5068374241661,d4_semiprime
331423,331447,24,331426,4,0.125,1690.5878939066263,d4_semiprime
331537,331543,6,331541,4,0.6666666666666666,444.90267330116933,d4_semiprime
331603,331609,6,331606,8,0.5,470.3330215514999,d8_plus
331711,331739,28,331714,4,0.10714285714285714,1805.1124143389948,d4_semiprime
331819,331841,22,331827,4,0.36363636363636365,1741.5957983757062,d4_semiprime
331909,331921,12,331913,4,0.3333333333333333,1042.4363019281084,d4_semiprime
331999,332009,10,332002,8,0.3,775.4868292136746,d8_plus
332113,332117,4,332114,8,0.25,190.69855462392178,d8_plus
332201,332203,2,332202,16,0.5,88.99448947628964,d8_plus
332287,332303,16,332291,4,0.25,1042.5293268469916,d4_semiprime
332441,332447,6,332443,4,0.3333333333333333,572.1400993994741,d4_semiprime
332489,332509,20,332491,4,0.1,1551.1562400345667,d4_semiprime
332617,332623,6,332621,4,0.6666666666666666,394.15744127545406,d4_semiprime
332749,332767,18,332751,4,0.1111111111111111,1487.6752274406,d4_semiprime
332881,332887,6,332884,6,0.5,228.87991251087146,d6
332989,332993,4,332991,10,0.5,495.9189739365054,d8_plus
333071,333097,26,333073,4,0.07692307692307693,1831.1249979860233,d4_semiprime
333187,333197,10,333191,4,0.4,521.3753663217127,d4_semiprime
333271,333283,12,333273,4,0.16666666666666666,534.1027367271529,d4_semiprime
333349,333367,18,333353,4,0.2222222222222222,1093.6595459200262,d4_semiprime
333449,333451,2,333450,96,0.5,597.7106657788413,d8_plus
333517,333533,16,333521,4,0.25,1170.0074386153765,d4_semiprime
333647,333667,20,333649,4,0.1,1589.7334079368468,d4_semiprime
333721,333737,16,333722,4,0.0625,992.010832811803,d4_semiprime
333793,333803,10,333797,4,0.4,826.6888655012193,d4_semiprime
333941,333959,18,333943,4,0.1111111111111111,1004.7805650080353,d4_semiprime
334049,334057,8,334051,4,0.25,712.2670228669464,d4_semiprime
334171,334177,6,334174,4,0.5,356.1437474689547,d4_semiprime
334289,334297,8,334291,4,0.25,546.9502387312515,d4_semiprime
334387,334393,6,334391,4,0.6666666666666666,356.1617950762825,d4_semiprime
334487,334493,6,334489,4,0.3333333333333333,674.1790444638739,d4_semiprime
334549,334561,12,334553,4,0.3333333333333333,1348.3794536886264,d4_semiprime
334667,334681,14,334673,4,0.42857142857142855,877.7429210633775,d4_semiprime
334753,334759,6,334757,4,0.6666666666666666,254.423113871666,d4_semiprime
334861,334877,16,334865,4,0.25,1017.7195243906887,d4_semiprime
334987,334991,4,334988,12,0.25,241.71521248478865,d8_plus
335051,335057,6,335053,4,0.3333333333333333,470.7157088518935,d4_semiprime
335123,335131,8,335129,4,0.75,674.2798696002527,d4_semiprime
335213,335221,8,335215,4,0.25,776.0745947613151,d4_semiprime
335341,335347,6,335343,4,0.3333333333333333,279.9040732552429,d4_semiprime
335453,335459,6,335458,4,0.8333333333333334,407.1437880862773,d4_semiprime
335557,335567,10,335558,4,0.1,483.4953447292028,d4_semiprime
335663,335669,6,335666,8,0.5,852.4991430115537,d8_plus
335747,335771,24,335757,4,0.4166666666666667,1743.207993934093,d4_semiprime
335843,335857,14,335845,4,0.14285714285714285,1030.6778996143757,d4_semiprime
335957,335999,42,335963,4,0.14285714285714285,3028.5021195093586,d4_semiprime
336103,336109,6,336107,6,0.6666666666666666,534.4576234694963,d6
336181,336199,18,336183,4,0.1111111111111111,1323.4449322865992,d4_semiprime
336251,336253,2,336252,24,0.5,139.98177773619477,d8_plus
336397,336403,6,336401,8,0.6666666666666666,629.9397941407501,d8_plus
336521,336527,6,336523,4,0.3333333333333333,229.07566329250199,d4_semiprime
336577,336587,10,336586,4,0.9,534.5170804718724,d4_semiprime
336653,336667,14,336659,4,0.42857142857142855,1081.7803230678246,d4_semiprime
336761,336767,6,336763,4,0.3333333333333333,407.26839941364693,d4_semiprime
336827,336829,2,336828,12,0.5,63.63663846643338,d8_plus
336911,336929,18,336913,4,0.1111111111111111,1170.9395548604364,d4_semiprime
337021,337031,10,337027,4,0.6,636.3956759020491,d4_semiprime
337121,337153,32,337123,4,0.0625,2329.268908219651,d4_semiprime
337223,337261,38,337231,4,0.21052631578947367,2927.5693656516078,d4_semiprime
337327,337339,12,337331,4,0.3333333333333333,852.8312846507262,d4_semiprime
337411,337427,16,337417,4,0.375,1018.3262800484794,d4_semiprime
337529,337537,8,337531,8,0.25,700.1182046103686,d8_plus
337633,337639,6,337637,4,0.6666666666666666,521.9186290495979,d4_semiprime
337721,337741,20,337723,4,0.1,1705.8203590233566,d4_semiprime
337837,337853,16,337843,4,0.375,1285.76456182268,d4_semiprime
337901,337903,2,337902,16,0.5,89.1135783411705,d8_plus
337999,338017,18,338003,4,0.2222222222222222,1731.3920365957022,d4_semiprime
338159,338161,2,338160,40,0.5,241.89421426957276,d8_plus
338213,338231,18,338221,4,0.4444444444444444,1069.4423575204285,d4_semiprime
338287,338293,6,338290,8,0.5,318.29148169315584,d8_plus
338347,338369,22,338354,4,0.3181818181818182,1935.242545512095,d4_semiprime
338423,338431,8,338425,6,0.25,687.5314688484751,d6
338543,338563,20,338545,4,0.1,1782.541145682682,d4_semiprime
338669,338683,14,338671,4,0.14285714285714285,1222.3483932507334,d4_semiprime
338761,338773,12,338763,4,0.16666666666666666,840.3828224382569,d4_semiprime
338867,338893,26,338869,4,0.07692307692307693,2050.0777752815175,d4_semiprime
339049,339067,18,339051,4,0.1111111111111111,1273.3934485236905,d4_semiprime
339137,339139,2,339138,24,0.5,140.0757862149158,d8_plus
339223,339239,16,339229,4,0.375,1044.2236661005038,d4_semiprime
339331,339341,10,339333,4,0.2,751.350293719791,d4_semiprime
339517,339527,10,339519,4,0.2,764.1177563691562,d4_semiprime
339617,339631,14,339627,4,0.7142857142857143,1133.4678134671879,d4_semiprime
339679,339707,28,339681,4,0.07142857142857142,2114.1420101463164,d4_semiprime
339811,339817,6,339814,8,0.5,394.8207937579901,d8_plus
339887,339907,20,339893,4,0.3,1776.7273200656387,d4_semiprime
340037,340049,12,340042,4,0.4166666666666667,738.7360044744981,d4_semiprime
340111,340117,6,340113,4,0.3333333333333333,292.9518428541722,d4_semiprime
340211,340237,26,340213,4,0.07692307692307693,1948.8163801747664,d4_semiprime
340339,340369,30,340343,4,0.13333333333333333,2738.613253913597,d4_semiprime
340447,340451,4,340449,8,0.5,242.02240928245644,d8_plus
340573,340577,4,340574,8,0.25,318.45978960548274,d8_plus
340633,340643,10,340639,4,0.6,484.0658907475073,d4_semiprime
340723,340757,34,340726,4,0.08823529411764706,2713.380052535935,d4_semiprime
340819,340849,30,340826,4,0.23333333333333334,2191.1346475781957,d4_semiprime
340913,340919,6,340916,6,0.5,280.2666106151428,d6
340979,340999,20,340981,4,0.1,1605.19061528247,d4_semiprime
341083,341087,4,341085,8,0.5,140.1387510490506,d8_plus
341219,341227,8,341221,4,0.25,942.781436297663,d4_semiprime
341293,341303,10,341294,4,0.1,637.0255285856416,d4_semiprime
341357,341423,66,341363,4,0.09090909090909091,4892.458733174442,d4_semiprime
341501,341507,6,341503,4,0.3333333333333333,649.7968365053465,d4_semiprime
341603,341617,14,341609,4,0.42857142857142855,968.3484913690961,d4_semiprime
341687,341701,14,341689,4,0.14285714285714285,1312.392404861384,d4_semiprime
341813,341821,8,341819,4,0.75,675.327812993216,d4_semiprime
341911,341927,16,341914,4,0.1875,993.9018605509617,d4_semiprime
341993,342037,44,341995,4,0.045454545454545456,3402.2760966396672,d4_semiprime
342077,342101,24,342083,4,0.25,1847.7094709806026,d4_semiprime
342197,342203,6,342201,4,0.6666666666666666,471.49654447342385,d4_semiprime
342283,342299,16,342289,4,0.375,955.7560879355715,d4_semiprime
342371,342373,2,342372,24,0.5,140.18018458625474,d8_plus
342467,342469,2,342468,60,0.5,369.5740715482145,d8_plus
342553,342569,16,342557,4,0.25,790.1407026649936,d4_semiprime
342673,342679,6,342676,6,0.5,395.0808163182883,d6
342799,342803,4,342802,4,0.75,254.89806973414696,d4_semiprime
342871,342889,18,342877,4,0.3333333333333333,1414.7104657804484,d4_semiprime
343037,343051,14,343039,4,0.14285714285714285,1159.8508796254778,d4_semiprime
343153,343163,10,343157,4,0.4,662.7892697060066,d4_semiprime
343243,343253,10,343249,4,0.6,904.9808906812299,d4_semiprime
343309,343313,4,343311,12,0.5,267.6742382639975,d8_plus
343391,343393,2,343392,72,0.5,446.13197757543986,d8_plus
343529,343531,2,343530,48,0.5,293.18168363073636,d8_plus
343589,343591,2,343590,32,0.5,191.20806547589808,d8_plus
343667,343687,20,343669,4,0.1,1784.6441838573573,d4_semiprime
343801,343813,12,343803,4,0.16666666666666666,892.3485361685364,d4_semiprime
343897,343901,4,343898,8,0.25,344.1988295015828,d8_plus
343997,344017,20,343999,4,0.1,1542.5581746103207,d4_semiprime
344153,344161,8,344158,4,0.625,701.1871483450816,d4_semiprime
344209,344213,4,344210,8,0.25,191.23515761654755,d8_plus
344257,344263,6,344261,4,0.6666666666666666,344.22712816921944,d4_semiprime
344347,344353,6,344351,4,0.6666666666666666,535.475483801147,d4_semiprime
344479,344483,4,344481,4,0.5,191.2468900094011,d4_semiprime
344611,344621,10,344614,4,0.3,612.0089905030312,d4_semiprime
344693,344719,26,344699,4,0.23076923076923078,1950.8181135512727,d4_semiprime
344807,344819,12,344809,4,0.16666666666666666,956.3067966017383,d4_semiprime
344893,344909,16,344899,4,0.375,1083.8360387577436,d4_semiprime
344969,344987,18,344978,4,0.5,1134.8600582661127,d4_semiprime
345067,345089,22,345073,4,0.2727272727272727,1721.4555019739053,d4_semiprime
345193,345221,28,345194,4,0.03571428571428571,2206.0793723059514,d4_semiprime
345311,345329,18,345313,4,0.1111111111111111,1466.5056189166896,d4_semiprime
345473,345479,6,345476,6,0.5,408.085681621582,d6
345571,345577,6,345574,4,0.5,777.9309358380426,d4_semiprime
345647,345659,12,345649,4,0.16666666666666666,867.2166842918691,d4_semiprime
345731,345733,2,345732,24,0.5,140.28761106177697,d8_plus
345803,345811,8,345809,4,0.75,484.6381571482271,d4_semiprime
345887,345889,2,345888,36,0.5,216.81579513767082,d8_plus
346013,346039,26,346015,4,0.07692307692307693,2270.2604312071303,d4_semiprime
346117,346133,16,346118,4,0.0625,1096.891498152492,d4_semiprime
346207,346217,10,346211,4,0.4,676.0046795846463,d4_semiprime
346321,346331,10,346327,4,0.6,599.4914060265285,d4_semiprime
346393,346397,4,346396,6,0.75,204.08534590775167,d6
346441,346447,6,346442,8,0.16666666666666666,318.88695789298134,d8_plus
346547,346553,6,346549,8,0.3333333333333333,318.8945481411491,d8_plus
346639,346649,10,346641,4,0.2,612.2904456601699,d4_semiprime
346721,346739,18,346727,4,0.3333333333333333,1288.386202119225,d4_semiprime
346873,346877,4,346876,6,0.75,204.10751333282172,d6
346963,347003,40,346966,4,0.075,2717.2474066389345,d4_semiprime
347069,347071,2,347070,32,0.5,191.35922651536566,d8_plus
347161,347167,6,347162,8,0.16666666666666666,395.48418727185606,d8_plus
347227,347233,6,347231,8,0.6666666666666666,395.4900513695882,d8_plus
347317,347329,12,347318,4,0.08333333333333333,1148.2212496186876,d4_semiprime
347489,347509,20,347491,4,0.1,1735.157912350844,d4_semiprime
347579,347587,8,347581,4,0.25,484.8327668745006,d4_semiprime
347707,347717,10,347709,4,0.2,574.1608020819951,d4_semiprime
347779,347801,22,347782,4,0.13636363636363635,1365.2512770015342,d4_semiprime
347891,347899,8,347897,4,0.75,472.10722560471123,d4_semiprime
347981,347983,2,347982,16,0.5,89.31934223296659,d8_plus
348031,348043,12,348034,4,0.25,1173.9261994561234,d4_semiprime
348181,348191,10,348182,4,0.1,395.5752435717481,d4_semiprime
348253,348259,6,348258,8,0.8333333333333334,421.1028385187113,d8_plus
348389,348401,12,348391,4,0.16666666666666666,1250.5868779046134,d4_semiprime
348443,348451,8,348445,8,0.25,612.5397229120379,d8_plus
348547,348553,6,348549,8,0.3333333333333333,548.7462045099767,d8_plus
348629,348637,8,348633,6,0.5,587.0417336229445,d6
348757,348763,6,348761,4,0.6666666666666666,268.0049422000037,d4_semiprime
348851,348883,32,348853,4,0.0625,2488.677585362351,d4_semiprime
348949,348989,40,348953,4,0.1,3024.7691946329687,d4_semiprime
349081,349093,12,349091,4,0.8333333333333334,676.4430549130055,d4_semiprime
349177,349183,6,349178,8,0.16666666666666666,548.8237874055519,d8_plus
349303,349313,10,349306,4,0.3,753.0587590640507,d4_semiprime
349379,349381,2,349380,48,0.5,293.57005498336207,d8_plus
349423,349471,48,349427,4,0.08333333333333333,4033.457801218166,d4_semiprime
349529,349553,24,349534,4,0.20833333333333334,1570.0177364482292,d4_semiprime
349667,349697,30,349681,4,0.4666666666666667,2642.3094402582515,d4_semiprime
349793,349801,8,349795,4,0.25,880.7928362233656,d4_semiprime
349841,349849,8,349847,4,0.75,625.4971484853605,d4_semiprime
349931,349933,2,349932,36,0.5,217.01340019088173,d8_plus
350029,350033,4,350031,8,0.5,344.6759618848058,d8_plus
350137,350159,22,350138,4,0.045454545454545456,1595.7635574251667,d4_semiprime
350257,350281,24,350258,4,0.041666666666666664,2144.765463764601,d4_semiprime
350423,350429,6,350426,8,0.5,727.7135357116686,d8_plus
350503,350521,18,350507,4,0.2222222222222222,1378.852423631897,d4_semiprime
350617,350621,4,350618,4,0.25,191.5118601631366,d4_semiprime
350719,350729,10,350722,4,0.3,842.6716987047464,d4_semiprime
350783,350789,6,350785,4,0.3333333333333333,766.0755956147606,d4_semiprime
350887,350891,4,350890,8,0.75,319.20561892828215,d8_plus
350983,350989,6,350986,4,0.5,421.36059890073216,d4_semiprime
351053,351059,6,351055,8,0.3333333333333333,523.5166626293988,d8_plus
351133,351151,18,351139,4,0.3333333333333333,1213.0496003001363,d4_semiprime
351259,351269,10,351262,4,0.3,740.6188296279374,d4_semiprime
351343,351347,4,351346,4,0.75,217.08188396713416,d4_semiprime
351413,351427,14,351418,4,0.35714285714285715,1149.2763346862203,d4_semiprime
351517,351529,12,351518,4,0.08333333333333333,1072.6826151799773,d4_semiprime
351661,351667,6,351662,8,0.16666666666666666,421.4242720806975,d8_plus
351751,351763,12,351753,4,0.16666666666666666,676.846955302439,d4_semiprime
351829,351847,18,351838,4,0.5,1226.0088479548992,d4_semiprime
351929,351931,2,351930,16,0.5,89.39831299817513,d8_plus
352049,352057,8,352051,8,0.25,651.3483705390822,d8_plus
352123,352133,10,352126,4,0.3,957.8812859401376,d4_semiprime
352249,352267,18,352255,4,0.3333333333333333,1328.3004786231947,d4_semiprime
352349,352357,8,352351,8,0.25,1111.1974787439058,d8_plus
352409,352411,2,352410,32,0.5,191.58825824229064,d8_plus
352481,352483,2,352482,16,0.5,89.4092838527061,d8_plus
352579,352589,10,352587,4,0.8,881.3399059676275,d4_semiprime
352691,352711,20,352693,4,0.1,1417.84469657859,d4_semiprime
352817,352819,2,352818,24,0.5,140.51078384443585,d8_plus
352907,352909,2,352908,18,0.5,102.1917014297427,d8_plus
353011,353021,10,353013,4,0.2,600.390638380737,d4_semiprime
353099,353117,18,353102,4,0.16666666666666666,1469.0705055364047,d4_semiprime
353179,353201,22,353181,4,0.09090909090909091,1750.1425826863383,d4_semiprime
353329,353333,4,353332,12,0.75,293.8286875329065,d8_plus
353443,353453,10,353449,4,0.6,638.7745911397518,d4_semiprime
353531,353557,26,353537,4,0.23076923076923078,2108.00120380477,d4_semiprime
353641,353653,12,353643,4,0.16666666666666666,881.5479597782739,d4_semiprime
353737,353747,10,353741,4,0.4,715.4740773562962,d4_semiprime
353813,353819,6,353817,6,0.6666666666666666,332.1898026148999,d6
353911,353917,6,353915,4,0.6666666666666666,626.0636802674958,d4_semiprime
354017,354023,6,354019,4,0.3333333333333333,293.87347156985305,d4_semiprime
354091,354097,6,354092,6,0.16666666666666666,421.6515516667859,d6
354181,354209,28,354182,4,0.03571428571428571,2184.9709294999825,d4_semiprime
354301,354307,6,354303,6,0.3333333333333333,332.22568920913,d6
354371,354373,2,354372,12,0.5,63.89051243909927,d8_plus
354439,354443,4,354441,4,0.5,140.56125768918582,d4_semiprime
354539,354551,12,354547,4,0.6666666666666666,817.829634826376,d4_semiprime
354661,354667,6,354665,8,0.6666666666666666,472.8202164788004,d8_plus
354743,354751,8,354745,4,0.25,830.6454822809246,d4_semiprime
354839,354847,8,354841,4,0.25,626.1920656837225,d4_semiprime
354961,354971,10,354962,4,0.1,536.7507926389275,d4_semiprime
355009,355027,18,355013,4,0.2222222222222222,1495.2511122259455,d4_semiprime
355073,355087,14,355078,4,0.35714285714285715,1022.4076575739367,d4_semiprime
355171,355193,22,355177,4,0.2727272727272727,1431.403199919584,d4_semiprime
355339,355343,4,355341,8,0.5,268.397485329769,d8_plus
355457,355463,6,355458,8,0.16666666666666666,293.96686409910285,d8_plus
355519,355529,10,355522,4,0.3,856.3500877973365,d4_semiprime
355609,355633,24,355613,4,0.16666666666666666,1584.9217681801842,d4_semiprime
355717,355721,4,355719,16,0.5,370.67497230723563,d8_plus
355811,355819,8,355814,4,0.375,472.94013297466444,d4_semiprime
355913,355933,20,355919,4,0.3,1380.506426343342,d4_semiprime
356039,356077,38,356042,4,0.07894736842105263,3323.53999950987,d4_semiprime
356141,356143,2,356142,8,0.5,38.34925442012585,d8_plus
356263,356287,24,356267,4,0.16666666666666666,1712.9829025637496,d4_semiprime
356387,356399,12,356393,4,0.5,575.2703572650851,d4_semiprime
356501,356509,8,356503,4,0.25,345.1708742272473,d4_semiprime
356591,356621,30,356593,4,0.06666666666666667,2377.895464237051,d4_semiprime
356749,356761,12,356753,4,0.3333333333333333,856.5820198148482,d4_semiprime
356893,356927,34,356894,4,0.029411764705882353,2403.623702424284,d4_semiprime
356981,356989,8,356987,4,0.75,473.0616594128271,d4_semiprime
357103,357107,4,357106,16,0.75,396.3593335894499,d8_plus
357197,357199,2,357198,16,0.5,89.50231870205263,d8_plus
357281,357283,2,357282,24,0.5,140.64908731399618,d8_plus
357377,357389,12,357382,4,0.4166666666666667,664.9010685185991,d4_semiprime
357517,357551,34,357519,4,0.058823529411764705,2161.000313356595,d4_semiprime
357593,357611,18,357598,4,0.2777777777777778,1412.9827540486974,d4_semiprime
357667,357671,4,357668,6,0.25,204.5978260863878,d6
357737,357739,2,357738,16,0.5,89.51289307715426,d8_plus
357809,357817,8,357814,4,0.625,549.8739565960572,d4_semiprime
357967,357977,10,357971,4,0.4,703.3516421425348,d4_semiprime
358073,358079,6,358077,4,0.6666666666666666,294.13544244929625,d4_semiprime
358201,358213,12,358203,8,0.16666666666666666,831.2762655179902,d8_plus
358279,358289,10,358286,4,0.7,971.9699291521858,d4_semiprime
358349,358373,24,358351,4,0.08333333333333333,1598.6619278348992,d4_semiprime
358459,358471,12,358465,4,0.5,818.5337243886032,d4_semiprime
358573,358591,18,358574,4,0.05555555555555555,1266.2013126734762,d4_semiprime
358669,358681,12,358671,4,0.16666666666666666,1163.906080951302,d4_semiprime
358733,358747,14,358738,4,0.35714285714285715,805.7921550001736,d4_semiprime
358847,358859,12,358849,4,0.16666666666666666,1061.6249238979974,d4_semiprime
358907,358909,2,358908,24,0.5,140.69903503940725,d8_plus
358999,359003,4,359002,8,0.75,294.19481699242215,d8_plus
359101,359111,10,359103,4,0.2,511.65489047747684,d4_semiprime
359171,359207,36,359173,4,0.05555555555555555,2635.0704527524044,d4_semiprime
359291,359297,6,359293,8,0.3333333333333333,524.4677806252142,d8_plus
359377,359389,12,359378,4,0.08333333333333333,1036.163721256345,d4_semiprime
359479,359483,4,359481,4,0.5,498.9041807759468,d4_semiprime
359581,359587,6,359585,4,0.6666666666666666,319.8175938534688,d4_semiprime
359701,359713,12,359705,4,0.3333333333333333,678.0316232987664,d4_semiprime
359767,359783,16,359769,4,0.125,933.9061459847015,d4_semiprime
359981,359987,6,359983,4,0.3333333333333333,396.60823303574574,d4_semiprime
360089,360091,2,360090,24,0.5,140.7352020710625,d8_plus
360197,360223,26,360201,4,0.15384615384615385,1637.6889142211091,d4_semiprime
360289,360293,4,360291,4,0.5,127.94665929469609,d4_semiprime
360421,360439,18,360422,4,0.05555555555555555,1215.530111127196,d4_semiprime
360541,360551,10,360543,4,0.2,652.5641051382587,d4_semiprime
360749,360769,20,360751,4,0.1,1586.6991443531797,d4_semiprime
360827,360851,24,360831,4,0.16666666666666666,1765.873716435218,d4_semiprime
360949,360953,4,360951,8,0.5,140.76146689338424,d8_plus
361003,361013,10,361006,4,0.3,780.5959848007382,d4_semiprime
361183,361211,28,361201,3,0.6428571428571429,2412.2681640309484,d3_prime_square
361271,361279,8,361273,4,0.25,396.7192473965243,d4_semiprime
361351,361357,6,361355,4,0.6666666666666666,294.34509081933385,d4_semiprime
361441,361447,6,361442,8,0.16666666666666666,319.94659316208066,d8_plus
361511,361523,12,361517,4,0.5,934.2586944703446,d4_semiprime
361643,361649,6,361645,8,0.3333333333333333,447.94478315484736,d8_plus
361747,361763,16,361751,4,0.25,1139.086824692808,d4_semiprime
361843,361871,28,361847,4,0.14285714285714285,1958.2472066196108,d4_semiprime
361927,361943,16,361937,4,0.625,1075.134232619427,d4_semiprime
362003,362027,24,362006,4,0.125,1753.5233544101202,d4_semiprime
362099,362107,8,362101,4,0.25,755.1810952666025,d4_semiprime
362203,362213,10,362207,4,0.4,1062.3977407787418,d4_semiprime
362303,362309,6,362305,4,0.3333333333333333,704.0132508608328,d4_semiprime
362371,362377,6,362374,8,0.5,614.4208239059694,d8_plus
362443,362449,6,362447,4,0.6666666666666666,486.4240136572656,d4_semiprime
362581,362599,18,362587,4,0.3333333333333333,1254.5008155331623,d4_semiprime
362723,362741,18,362731,4,0.4444444444444444,1574.5747423043028,d4_semiprime
362863,362867,4,362866,8,0.75,179.22500324960347,d8_plus
362953,362969,16,362959,4,0.375,1228.9970295690891,d4_semiprime
363043,363047,4,363046,4,0.75,192.03420354274783,d4_semiprime
363157,363161,4,363159,6,0.5,256.051953720803,d6
363269,363271,2,363270,16,0.5,89.62031146891565,d8_plus
363359,363361,2,363360,48,0.5,294.47243521880586,d8_plus
363403,363431,28,363407,4,0.14285714285714285,1920.4961687454609,d4_semiprime
363523,363529,6,363526,4,0.5,857.8418177773742,d4_semiprime
363577,363581,4,363578,4,0.25,345.70136137318735,d4_semiprime
363691,363719,28,363695,4,0.14285714285714285,1792.5735612408841,d4_semiprime
363799,363809,10,363801,4,0.2,845.088271476839,d4_semiprime
363901,363911,10,363908,6,0.7,896.3255445158608,d6
363967,363977,10,363973,4,0.6,896.3380905908817,d4_semiprime
364103,364127,24,364107,4,0.16666666666666666,1882.3678487982106,d4_semiprime
364213,364223,10,364214,4,0.1,448.1928303070596,d4_semiprime
364313,364321,8,364317,4,0.5,1075.6860255720817,d4_semiprime
364411,364417,6,364415,4,0.6666666666666666,781.1688799631838,d4_semiprime
364499,364513,14,364501,4,0.14285714285714285,1255.0167606577068,d4_semiprime
364583,364601,18,364589,4,0.3333333333333333,1331.8794853849463,d4_semiprime
364687,364691,4,364690,8,0.75,243.32918762431717,d8_plus
364759,364801,42,364765,4,0.14285714285714285,3419.4836515920083,d4_semiprime
364909,364919,10,364911,4,0.2,704.4078137823631,d4_semiprime
364997,365003,6,364999,4,0.3333333333333333,576.3443958624134,d4_semiprime
365107,365119,12,365111,4,0.3333333333333333,947.7892884945777,d4_semiprime
365201,365213,12,365203,4,0.16666666666666666,806.9180124696173,d4_semiprime
365293,365297,4,365294,8,0.25,409.87076692248786,d8_plus
365411,365413,2,365412,24,0.5,140.89658839420224,d8_plus
365473,365479,6,365476,6,0.5,281.79700774650496,d6
365537,365557,20,365543,4,0.3,1511.4797631149133,d4_semiprime
365639,365641,2,365640,64,0.5,397.0915401748004,d8_plus
365759,365773,14,365763,4,0.2857142857142857,1447.5014856112045,d4_semiprime
365851,365903,52,365853,4,0.038461538461538464,3458.713406901628,d4_semiprime
366001,366013,12,366011,4,0.8333333333333334,704.5724747603764,d4_semiprime
366103,366127,24,366107,4,0.16666666666666666,1742.256262369413,d4_semiprime
366181,366193,12,366182,4,0.08333333333333333,794.2757825866347,d4_semiprime
366259,366269,10,366262,8,0.3,704.6110915756151,d8_plus
366341,366343,2,366342,8,0.5,38.43396780692579,d8_plus
366437,366439,2,366438,16,0.5,89.68109232736366,d8_plus
366511,366517,6,366515,4,0.6666666666666666,294.6712214281056,d4_semiprime
366677,366683,6,366679,4,0.3333333333333333,474.05303077482773,d4_semiprime
366733,366787,54,366737,4,0.07407407407407407,4240.925586448962,d4_semiprime
366859,366869,10,366863,6,0.4,679.0753620544265,d6
366941,366953,12,366943,4,0.16666666666666666,717.5264958613172,d4_semiprime
367019,367021,2,367020,36,0.5,217.82391756489932,d8_plus
367123,367127,4,367124,6,0.25,281.89607687859797,d6
367207,367219,12,367217,4,0.8333333333333334,768.8219112103201,d4_semiprime
367277,367307,30,367291,4,0.4666666666666667,2473.084966867623,d4_semiprime
367397,367427,30,367399,4,0.06666666666666667,2434.705200101857,d4_semiprime
367541,367547,6,367543,4,0.3333333333333333,320.3649307511206,d4_semiprime
367621,367637,16,367627,4,0.375,1217.4090390697472,d4_semiprime
367711,367721,10,367713,8,0.2,576.6781031984325,d8_plus
367789,367819,30,367791,4,0.06666666666666667,2140.1559557765927,d4_semiprime
367867,367879,12,367871,4,0.3333333333333333,833.0072330220784,d4_semiprime
368029,368047,18,368033,4,0.2222222222222222,1486.6491510410426,d4_semiprime
368111,368117,6,368113,4,0.3333333333333333,397.30060280443115,d4_semiprime
368197,368227,30,368201,4,0.13333333333333333,2435.119118024061,d4_semiprime
368293,368323,30,368297,4,0.13333333333333333,2178.8345570555375,d4_semiprime
368443,368447,4,368444,6,0.25,410.14550879421694,d6
368521,368531,10,368527,4,0.6,743.401511132199,d4_semiprime
368633,368647,14,368635,4,0.14285714285714285,1166.3992058553424,d4_semiprime
368743,368773,30,368749,4,0.2,2281.5857136015247,d4_semiprime
368857,368873,16,368859,4,0.125,910.0913905169211,d4_semiprime
369007,369013,6,369011,4,0.6666666666666666,487.1060895892967,d4_semiprime
369097,369119,22,369101,4,0.18181818181818182,1461.3483912603185,d4_semiprime
369197,369211,14,369203,4,0.42857142857142855,1371.643960948182,d4_semiprime
369293,369301,8,369295,4,0.25,461.4969062949552,d4_semiprime
369419,369469,50,369422,4,0.06,3794.648300017565,d4_semiprime
369637,369647,10,369641,4,0.4,653.8348189125377,d4_semiprime
369739,369751,12,369743,4,0.3333333333333333,1115.3895988084123,d4_semiprime
369841,369851,10,369847,4,0.6,615.4004908304769,d4_semiprime
369961,369979,18,369969,4,0.4444444444444444,1371.866025286299,d4_semiprime
370021,370033,12,370023,4,0.16666666666666666,756.458676461035,d4_semiprime
370121,370133,12,370126,4,0.4166666666666667,833.4040144280859,d4_semiprime
370213,370217,4,370214,16,0.25,423.12071510798,d8_plus
370411,370421,10,370415,8,0.4,653.9414430490211,d8_plus
370471,370477,6,370473,4,0.3333333333333333,448.7889516745699,d4_semiprime
370561,370571,10,370567,4,0.6,615.4937901721678,d4_semiprime
370661,370663,2,370662,16,0.5,89.7613211258207,d8_plus
370759,370793,34,370763,4,0.11764705882352941,2474.906340295341,d4_semiprime
370883,370891,8,370885,4,0.25,730.9483340583965,d4_semiprime
371069,371071,2,371070,96,0.5,602.7348621427468,d8_plus
371153,371177,24,371155,4,0.08333333333333333,1628.6996019019812,d4_semiprime
371249,371251,2,371250,80,0.5,500.1606077948628,d8_plus
371321,371333,12,371323,4,0.16666666666666666,897.738719856161,d4_semiprime
371389,371417,28,371395,4,0.21428571428571427,2154.607480660912,d4_semiprime
371509,371513,4,371512,8,0.75,192.37999551900296,d8_plus
371633,371639,6,371638,4,0.8333333333333334,397.59575342076977,d4_semiprime
371797,371831,34,371801,4,0.11764705882352941,2526.7511232438633,d4_semiprime
371897,371927,30,371899,4,0.06666666666666667,2590.9350788284432,d4_semiprime
371981,371999,18,371986,4,0.2777777777777778,1141.569302385376,d4_semiprime
372067,372107,40,372073,4,0.15,3149.000425134016,d4_semiprime
372173,372179,6,372175,6,0.3333333333333333,333.5051621962182,d6
372289,372293,4,372291,4,0.5,166.7565987395156,d4_semiprime
372377,372397,20,372379,4,0.1,1359.7347645053394,d4_semiprime
372473,372481,8,372478,4,0.625,859.4715253759437,d4_semiprime
372613,372629,16,372617,4,0.25,1090.4071141993243,d4_semiprime
372707,372709,2,372708,96,0.5,602.9418758604445,d8_plus
372773,372797,24,372779,4,0.25,1796.0257479957581,d4_semiprime
372839,372847,8,372841,8,0.25,667.1032403885338,d8_plus
372941,372943,2,372942,12,0.5,64.14589095278323,d8_plus
373049,373063,14,373053,4,0.2857142857142857,1128.9945119455344,d4_semiprime
373181,373183,2,373182,24,0.5,141.12803666808983,d8_plus
373229,373231,2,373230,96,0.5,603.0076561371023,d8_plus
373343,373349,6,373348,6,0.8333333333333334,359.24726185686893,d6
373453,373459,6,373454,4,0.16666666666666666,397.7472303445846,d4_semiprime
373553,373561,8,373559,4,0.75,705.6955948540389,d4_semiprime
373661,373669,8,373663,4,0.25,346.44009838020196,d4_semiprime
373783,373823,40,373789,4,0.15,2707.4430001897717,d4_semiprime
373943,373951,8,373949,4,0.75,590.2660839307915,d4_semiprime
374029,374039,10,374037,4,0.8,680.1012927215388,d4_semiprime
374093,374111,18,374097,4,0.2222222222222222,1450.0480067950532,d4_semiprime
374173,374177,4,374174,8,0.25,282.3145567710618,d8_plus
374293,374299,6,374294,8,0.16666666666666666,346.4856595948438,d8_plus
374389,374399,10,374393,4,0.4,628.8200984981803,d4_semiprime
374531,374537,6,374533,4,0.3333333333333333,603.1715636598863,d4_semiprime
374669,374677,8,374671,4,0.25,564.6874618980246,d4_semiprime
374729,374741,12,374734,4,0.4166666666666667,975.3822269774337,d4_semiprime
374807,374819,12,374809,4,0.16666666666666666,1155.07621013998,d4_semiprime
374893,374903,10,374897,4,0.4,564.7140504672693,d4_semiprime
374987,374989,2,374988,12,0.5,64.17324652220269,d8_plus
375059,375083,24,375062,4,0.125,1976.5689343845236,d4_semiprime
375121,375127,6,375123,8,0.3333333333333333,372.2153242653116,d8_plus
375223,375227,4,375226,8,0.75,295.2114338946884,d8_plus
375281,375283,2,375282,12,0.5,64.1771651117111,d8_plus
375391,375407,16,375393,4,0.125,1103.8740129458363,d4_semiprime
375467,375481,14,375469,4,0.14285714285714285,1411.9545695516506,d4_semiprime
375559,375563,4,375561,6,0.5,308.06820718787935,d6
375647,375667,20,375653,4,0.3,1822.7725901954855,d4_semiprime
375761,375773,12,375769,3,0.6666666666666666,840.8055697579202,d3_prime_square
375899,375901,2,375900,72,0.5,449.2977450343294,d8_plus
375997,376001,4,375998,16,0.25,526.3310654660658,d8_plus
376063,376081,18,376067,4,0.2222222222222222,1745.9045810138368,d4_semiprime
376171,376183,12,376177,4,0.5,847.2957511796557,d4_semiprime
376297,376307,10,376301,4,0.4,808.8030986555369,d4_semiprime
376469,376471,2,376470,48,0.5,295.28765376076666,d8_plus
376547,376573,26,376549,4,0.07692307692307693,1912.9858828148178,d4_semiprime
376631,376633,2,376632,24,0.5,141.22926248625333,d8_plus
376721,376729,8,376723,4,0.25,500.73164447606064,d4_semiprime
376801,376807,6,376802,4,0.16666666666666666,333.8265285252887,d4_semiprime
376853,376889,36,376861,4,0.2222222222222222,2786.205847052031,d4_semiprime
376949,376963,14,376951,4,0.14285714285714285,1232.6288690547192,d4_semiprime
377099,377123,24,377101,4,0.08333333333333333,2080.127089930444,d4_semiprime
377197,377219,22,377203,4,0.2727272727272727,1733.4741116055502,d4_semiprime
377327,377329,2,377328,40,0.5,243.97653217933131,d8_plus
377393,377459,66,377395,4,0.030303030303030304,4995.198522724129,d4_semiprime
377527,377537,10,377534,4,0.7,616.3877411738845,d4_semiprime
377599,377617,18,377602,4,0.16666666666666666,1463.943380476882,d4_semiprime
377717,377737,20,377719,4,0.1,1566.7146137596694,d4_semiprime
377809,377827,18,377813,4,0.2222222222222222,1040.2156456861183,d4_semiprime
377963,377981,18,377966,4,0.16666666666666666,988.8783003312464,d4_semiprime
378083,378089,6,378085,4,0.3333333333333333,372.4433842880429,d4_semiprime
378163,378167,4,378164,6,0.25,154.1170332918872,d6
378253,378269,16,378254,4,0.0625,911.8770772859074,d4_semiprime
378379,378401,22,378381,4,0.09090909090909091,1695.3668445759947,d4_semiprime
378503,378509,6,378506,4,0.5,577.9793501946111,d4_semiprime
378583,378593,10,378589,4,0.6,706.4311626379606,d4_semiprime
378683,378691,8,378687,4,0.5,744.9789812669715,d4_semiprime
378793,378809,16,378797,4,0.25,963.3573838936629,d4_semiprime
378893,378901,8,378899,4,0.75,873.4614780722966,d4_semiprime
378977,378997,20,378979,4,0.1,1143.2280422870165,d4_semiprime
379081,379087,6,379084,6,0.5,333.98340379039746,d6
379163,379177,14,379165,4,0.14285714285714285,1310.2657842951405,d4_semiprime
379283,379289,6,379286,4,0.5,449.6116774140319,d4_semiprime
379391,379397,6,379394,4,0.5,642.3163363187821,d4_semiprime
379459,379499,40,379461,4,0.05,2954.7075779781458,d4_semiprime
379571,379573,2,379572,24,0.5,141.31479539257066,d8_plus
379667,379679,12,379669,4,0.16666666666666666,719.4356860888194,d4_semiprime
379727,379751,24,379733,4,0.25,2055.558249342239,d4_semiprime
379853,379859,6,379858,4,0.8333333333333334,282.6459926236216,d4_semiprime
379931,379963,32,379933,4,0.0625,2633.797429193896,d4_semiprime
380059,380071,12,380062,4,0.25,1104.936475186956,d4_semiprime
380179,380189,10,380183,4,0.4,732.3593898444283,d4_semiprime
380267,380269,2,380268,48,0.5,295.51852556442327,d8_plus
380329,380333,4,380332,6,0.75,179.8831477261568,d6
380447,380453,6,380449,4,0.3333333333333333,475.4170137127966,d4_semiprime
380563,380591,28,380566,4,0.10714285714285714,1747.524593404295,d4_semiprime
380707,380713,6,380711,4,0.6666666666666666,385.49385406934437,d4_semiprime
380837,380839,2,380838,8,0.5,38.55038810050989,d8_plus
380909,380917,8,380911,4,0.25,655.3666613618601,d4_semiprime
381001,381011,10,381002,8,0.1,616.8273845450808,d8_plus
381097,381103,6,381099,4,0.3333333333333333,372.67371651071767,d4_semiprime
381233,381239,6,381237,4,0.6666666666666666,501.1957762652827,d4_semiprime
381343,381347,4,381345,8,0.5,218.4747948768259,d8_plus
381413,381419,6,381415,4,0.3333333333333333,321.29111658758376,d4_semiprime
381487,381509,22,381489,4,0.09090909090909091,1670.742062116304,d4_semiprime
381569,381607,38,381571,4,0.05263157894736842,3058.798876898927,d4_semiprime
381707,381713,6,381709,4,0.3333333333333333,668.3256023266083,d4_semiprime
381793,381817,24,381802,4,0.375,1825.0788294217984,d4_semiprime
381943,381949,6,381947,4,0.6666666666666666,269.91376149732474,d4_semiprime
382037,382061,24,382039,4,0.08333333333333333,1876.5822961822646,d4_semiprime
382171,382189,18,382177,4,0.3333333333333333,1208.242860668812,d4_semiprime
382271,382303,32,382273,4,0.0625,2635.054350348929,d4_semiprime
382427,382429,2,382428,24,0.5,141.39725247159737,d8_plus
382541,382549,8,382546,8,0.625,488.47487804854586,d8_plus
382621,382631,10,382623,4,0.2,604.1762507534298,d4_semiprime
382709,382727,18,382711,4,0.1111111111111111,1529.7518167313876,d4_semiprime
382801,382807,6,382803,4,0.3333333333333333,385.65841432972206,d4_semiprime
382873,382883,10,382877,4,0.4,707.05092670404,d4_semiprime
382999,383011,12,383007,4,0.6666666666666666,822.7713839427391,d4_semiprime
383081,383083,2,383082,24,0.5,141.4160477890988,d8_plus
383153,383171,18,383161,3,0.4444444444444444,1176.343411048051,d3_prime_square
383291,383297,6,383293,4,0.3333333333333333,977.0982521949676,d4_semiprime
383417,383419,2,383418,48,0.5,295.70826430751436,d8_plus
383527,383533,6,383529,4,0.3333333333333333,347.1436951954821,d4_semiprime
383611,383623,12,383619,4,0.6666666666666666,1105.7362278333787,d4_semiprime
383683,383693,10,383687,4,0.4,874.31579051297,d4_semiprime
383791,383797,6,383793,4,0.3333333333333333,488.5987475571496,d4_semiprime
383869,383891,22,383879,4,0.45454545454545453,1581.5441823745223,d4_semiprime
383969,383983,14,383981,4,0.8571428571428571,745.7834256760916,d4_semiprime
384067,384079,12,384071,4,0.3333333333333333,874.3841111869774,d4_semiprime
384157,384173,16,384159,4,0.125,1002.9882503455584,d4_semiprime
384253,384257,4,384254,8,0.25,321.4765782760192,d8_plus
384317,384331,14,384322,4,0.35714285714285715,964.4429566278319,d4_semiprime
384437,384469,32,384439,4,0.0625,2636.2138054506327,d4_semiprime
384533,384547,14,384535,4,0.14285714285714285,1311.6998609465177,d4_semiprime
384623,384641,18,384631,4,0.4444444444444444,1183.123962891068,d4_semiprime
384737,384751,14,384739,4,0.14285714285714285,1556.1009928789301,d4_semiprime
384841,384847,6,384844,6,0.5,540.1450656397748,d6
384941,384961,20,384943,4,0.1,1659.0527032066184,d4_semiprime
385069,385079,10,385078,4,0.9,591.6147145926653,d4_semiprime
385141,385153,12,385142,4,0.08333333333333333,938.8811712125861,d4_semiprime
385261,385267,6,385262,4,0.16666666666666666,411.5739117267929,d4_semiprime
385351,385379,28,385354,4,0.10714285714285714,1749.2241923215329,d4_semiprime
385471,385481,10,385474,4,0.3,874.631955034548,d4_semiprime
385559,385571,12,385561,4,0.16666666666666666,1466.3201102097712,d4_semiprime
385621,385631,10,385622,4,0.1,707.4443419109313,d4_semiprime
385741,385771,30,385747,4,0.2,2302.470696418458,d4_semiprime
385843,385859,16,385846,4,0.1875,990.4668535565664,d4_semiprime
385943,385967,24,385949,4,0.25,1800.8861381417705,d4_semiprime
386051,386083,32,386053,4,0.0625,2701.390880411321,d4_semiprime
386149,386153,4,386151,4,0.5,270.1436849334251,d4_semiprime
386233,386237,4,386234,8,0.25,192.9630242504959,d8_plus
386329,386333,4,386332,12,0.75,244.4245409080288,d8_plus
386401,386411,10,386402,4,0.1,411.6686879065137,d4_semiprime
386501,386521,20,386509,4,0.4,1543.7899452891656,d4_semiprime
386611,386621,10,386615,4,0.4,733.3156411468022,d4_semiprime
386693,386713,20,386695,4,0.1,1723.9647740643823,d4_semiprime
386839,386851,12,386843,4,0.3333333333333333,990.6650222104223,d4_semiprime
386977,386987,10,386979,4,0.2,501.7791945757511,d4_semiprime
387071,387077,6,387073,4,0.3333333333333333,823.4475480854745,d4_semiprime
387169,387173,4,387171,6,0.5,180.1326991226801,d6
387263,387269,6,387267,4,0.6666666666666666,373.13909867779034,d4_semiprime
387397,387403,6,387401,4,0.6666666666666666,424.61802482580015,d4_semiprime
387509,387529,20,387511,4,0.1,1466.8974993755646,d4_semiprime
387631,387641,10,387635,4,0.4,733.4659694414199,d4_semiprime
387727,387743,16,387733,4,0.375,1093.7863052355979,d4_semiprime
387853,387857,4,387854,8,0.25,450.393554779279,d8_plus
387973,387977,4,387974,8,0.25,218.7678351201571,d8_plus
388109,388111,2,388110,32,0.5,193.03566125370085,d8_plus
388181,388183,2,388182,16,0.5,90.08460706553281,d8_plus
388273,388277,4,388274,8,0.25,321.73674886486225,d8_plus
388369,388373,4,388371,4,0.5,167.30630736538177,d4_semiprime
388483,388489,6,388487,4,0.6666666666666666,424.71036326545385,d4_semiprime
388621,388651,30,388627,4,0.2,2149.3570766273697,d4_semiprime
388711,388727,16,388715,4,0.25,1119.74347007846,d4_semiprime
388823,388837,14,388826,4,0.21428571428571427,1119.768170727055,d4_semiprime
388931,388933,2,388932,12,0.5,64.3557990006104,d8_plus
389027,389029,2,389028,24,0.5,141.58547259389098,d8_plus
389099,389111,12,389101,4,0.16666666666666666,810.9109709878943,d4_semiprime
389173,389189,16,389177,4,0.25,1068.3594202002225,d4_semiprime
389297,389299,2,389298,64,0.5,399.0351122809352,d8_plus
389437,389447,10,389446,4,0.9,643.6235189198853,d4_semiprime
389531,389533,2,389532,48,0.5,296.07212984317414,d8_plus
389591,389621,30,389593,4,0.06666666666666667,2638.943122209537,d4_semiprime
389699,389713,14,389703,4,0.2857142857142857,1184.3295646021966,d4_semiprime
389791,389797,6,389793,8,0.3333333333333333,502.0615937870235,d8_plus
389903,389911,8,389905,8,0.25,630.8095539130114,d8_plus
389971,389981,10,389977,4,0.6,695.1875217025926,d4_semiprime
390083,390097,14,390085,4,0.14285714285714285,1132.9243597025359,d4_semiprime
390157,390161,4,390158,8,0.25,296.10913680688697,d8_plus
390263,390281,18,390274,4,0.6111111111111112,1583.5755645621668,d4_semiprime
390353,390359,6,390358,8,0.8333333333333334,450.6184381726547,d8_plus
390419,390421,2,390420,60,0.5,373.37437248979546,d8_plus
390491,390493,2,390492,18,0.5,103.00130209197062,d8_plus
390647,390653,6,390649,4,0.3333333333333333,450.64480933254487,d4_semiprime
390737,390739,2,390738,8,0.5,38.62737761291823,d8_plus
390821,390829,8,390823,4,0.25,540.7926063699874,d4_semiprime
390953,390959,6,390955,4,0.3333333333333333,218.8979295328782,d4_semiprime
391019,391021,2,391020,96,0.5,605.1961574620607,d8_plus
391103,391117,14,391107,4,0.2857142857142857,1171.7832734300234,d4_semiprime
391217,391219,2,391218,8,0.5,38.63106068506262,d8_plus
391301,391331,30,391303,4,0.06666666666666667,2124.749997134739,d4_semiprime
391393,391397,4,391394,4,0.25,128.77472814702818,d4_semiprime
391519,391537,18,391522,4,0.16666666666666666,1390.8037628523246,d4_semiprime
391631,391639,8,391633,4,0.25,631.0261261762575,d4_semiprime
391733,391739,6,391735,4,0.3333333333333333,270.44516081759684,d4_semiprime
391823,391847,24,391826,4,0.125,1828.7605125911446,d4_semiprime
391907,391921,14,391909,4,0.14285714285714285,1094.698269471263,d4_semiprime
392033,392053,20,392039,4,0.3,1918.9897768416129,d4_semiprime
392113,392131,18,392123,4,0.5555555555555556,1249.2951047155832,d4_semiprime
392209,392213,4,392211,6,0.5,283.35018976730487,d6
392263,392267,4,392264,8,0.25,218.95477948327272,d8_plus
392333,392339,6,392335,4,0.3333333333333333,450.79557101409625,d4_semiprime
392437,392443,6,392441,6,0.6666666666666666,231.8424983407375,d6
392531,392543,12,392537,4,0.5,862.9856940775243,d4_semiprime
392647,392663,16,392651,4,0.25,1043.3356333364545,d4_semiprime
392761,392767,6,392765,4,0.6666666666666666,347.7860589027066,d4_semiprime
392849,392851,2,392850,60,0.5,373.55431101951507,d8_plus
392927,392929,2,392928,24,0.5,141.69519834756264,d8_plus
393013,393017,4,393014,16,0.25,373.5664886837513,d8_plus
393097,393103,6,393098,4,0.16666666666666666,231.8727628685803,d4_semiprime
393181,393187,6,393182,8,0.16666666666666666,463.75320489121424,d8_plus
393271,393287,16,393277,4,0.375,1069.228516622257,d4_semiprime
393377,393383,6,393379,4,0.3333333333333333,450.8886072363241,d4_semiprime
393479,393487,8,393481,4,0.25,785.8502699535368,d4_semiprime
393571,393577,6,393573,8,0.3333333333333333,579.7362091236477,d8_plus
393637,393649,12,393639,4,0.16666666666666666,1030.6561146102674,d4_semiprime
393713,393721,8,393719,4,0.75,824.5369242833526,d4_semiprime
393847,393853,6,393851,6,0.6666666666666666,515.3489831974044,d6
393929,393931,2,393930,32,0.5,193.25892761281742,d8_plus
394019,394039,20,394021,4,0.1,1494.5643403909714,d4_semiprime
394129,394153,24,394133,4,0.16666666666666666,1559.0203688547742,d4_semiprime
394241,394249,8,394246,4,0.625,309.2334956395359,d4_semiprime
394363,394367,4,394364,12,0.25,244.8156160236115,d8_plus
394489,394501,12,394491,4,0.16666666666666666,1095.2559865939204,d4_semiprime
394579,394601,22,394583,4,0.18181818181818182,1675.1283365046827,d4_semiprime
394699,394717,18,394705,4,0.3333333333333333,1572.080146260996,d4_semiprime
394747,394759,12,394751,4,0.3333333333333333,1030.881305874076,d4_semiprime
394837,394861,24,394838,4,0.041666666666666664,1713.8723807338824,d4_semiprime
394969,394981,12,394973,4,0.3333333333333333,914.9471975258932,d4_semiprime
395069,395089,20,395077,4,0.4,1739.723429372875,d4_semiprime
395141,395147,6,395146,4,0.8333333333333334,270.62709597670306,d4_semiprime
395243,395251,8,395247,4,0.5,721.6870848682588,d4_semiprime
395321,395323,2,395322,16,0.5,90.21219131168912,d8_plus
395443,395449,6,395446,8,0.5,399.52082480022045,d8_plus
395537,395543,6,395539,8,0.3333333333333333,451.0802165657034,d8_plus
395671,395677,6,395673,4,0.3333333333333333,502.64560203833497,d4_semiprime
395767,395803,36,395771,4,0.1111111111111111,2783.942666008686,d4_semiprime
395909,395921,12,395911,4,0.16666666666666666,1082.672194833554,d4_semiprime
396041,396043,2,396042,16,0.5,90.22492881653055,d8_plus
396157,396173,16,396161,4,0.25,1288.9586196273667,d4_semiprime
396239,396247,8,396241,4,0.25,1005.4028168236135,d4_semiprime
396323,396349,26,396327,4,0.15384615384615385,2088.182697224038,d4_semiprime
396437,396443,6,396442,4,0.8333333333333334,580.0625690339104,d4_semiprime
396541,396547,6,396545,4,0.6666666666666666,489.8406320436416,d4_semiprime
396629,396631,2,396630,64,0.5,399.6135331903398,d8_plus
396713,396719,6,396715,8,0.3333333333333333,360.94732627596136,d8_plus
396887,396919,32,396889,4,0.0625,2765.2142761377154,d4_semiprime
396983,396997,14,396985,4,0.14285714285714285,1108.6828796300733,d4_semiprime
397073,397093,20,397079,4,0.3,1353.6496341177208,d4_semiprime
397211,397217,6,397213,4,0.3333333333333333,554.3659348372084,d4_semiprime
397297,397301,4,397298,8,0.25,296.52625700850723,d8_plus
397379,397427,48,397381,4,0.041666666666666664,3958.0596378768564,d4_semiprime
397517,397519,2,397518,32,0.5,193.39493242605218,d8_plus
397589,397591,2,397590,32,0.5,193.3976490381425,d8_plus
397721,397723,2,397722,16,0.5,90.25455983421324,d8_plus
397799,397807,8,397801,4,0.25,1147.5398818662359,d4_semiprime
397921,397939,18,397927,4,0.3333333333333333,1457.0259691762062,d4_semiprime
398029,398033,4,398031,8,0.5,180.5199848523921,d8_plus
398113,398117,4,398116,6,0.75,180.52294410969907,d6
398213,398219,6,398217,4,0.6666666666666666,322.3687211533789,d4_semiprime
398287,398303,16,398289,4,0.125,967.1209805970233,d4_semiprime
398357,398369,12,398359,4,0.16666666666666666,825.2875612413374,d4_semiprime
398467,398471,4,398469,8,0.5,296.593819462213,d8_plus
398549,398557,8,398551,4,0.25,541.6149795638472,d4_semiprime
398627,398669,42,398639,4,0.2857142857142857,3417.39603915167,d4_semiprime
398759,398771,12,398761,4,0.16666666666666666,812.4558726398569,d4_semiprime
398863,398887,24,398869,4,0.25,1766.8070351577915,d4_semiprime
398977,398989,12,398978,4,0.08333333333333333,722.213761483397,d4_semiprime
399079,399097,18,399083,4,0.2222222222222222,1470.2511140200306,d4_semiprime
399163,399173,10,399166,4,0.3,1392.8908071415262,d4_semiprime
399263,399271,8,399269,4,0.75,593.2796770550256,d4_semiprime
399391,399401,10,399394,4,0.3,941.532879214349,d4_semiprime
399491,399493,2,399492,42,0.5,257.95898037913344,d8_plus
399571,399577,6,399574,8,0.5,309.5557147189397,d8_plus
399647,399667,20,399649,4,0.1,1380.1244367656948,d4_semiprime
399739,399757,18,399743,4,0.2222222222222222,1638.120564988887,d4_semiprime
399853,399871,18,399862,4,0.5,1199.5951181995417,d4_semiprime
399953,399979,26,399957,4,0.15384615384615385,2128.3572306823253,d4_semiprime
400067,400069,2,400068,18,0.5,103.19511849313405,d8_plus
400187,400199,12,400189,4,0.16666666666666666,890.0794674618905,d4_semiprime
400249,400261,12,400251,4,0.16666666666666666,1019.0889975303239,d4_semiprime
400331,400339,8,400333,4,0.25,606.3026828475093,d4_semiprime
400457,400471,14,400462,4,0.35714285714285715,1148.1338795290892,d4_semiprime
400607,400619,12,400613,4,0.5,1032.059635436907,d4_semiprime
400711,400721,10,400713,4,0.2,490.23834752255897,d4_semiprime
400849,400853,4,400852,6,0.75,154.8161333099016,d6
400943,400949,6,400947,4,0.6666666666666666,335.4410829986669,d4_semiprime
401057,401069,12,401059,4,0.16666666666666666,838.6216150584161,d4_semiprime
401173,401179,6,401174,4,0.16666666666666666,232.2387967366044,d4_semiprime
401287,401309,22,401293,4,0.2727272727272727,1535.3926068742749,d4_semiprime
401381,401393,12,401383,4,0.16666666666666666,928.9931577723822,d4_semiprime
401519,401537,18,401521,4,0.1111111111111111,1419.3331843253914,d4_semiprime
401629,401651,22,401631,4,0.09090909090909091,1703.2369811214778,d4_semiprime
401743,401771,28,401747,4,0.14285714285714285,2245.226706748488,d4_semiprime
401867,401887,20,401873,4,0.3,1677.5073746342064,d4_semiprime
401959,401981,22,401963,4,0.18181818181818182,1703.3450885248828,d4_semiprime
402049,402053,4,402051,16,0.5,529.0776733872024,d8_plus
402137,402139,2,402138,32,0.5,193.5682588841238,d8_plus
402277,402299,22,402278,4,0.045454545454545456,1471.1611754093508,d4_semiprime
402359,402361,2,402360,64,0.5,400.0581771666965,d8_plus
402443,402487,44,402445,4,0.045454545454545456,3536.0709646496384,d4_semiprime
402551,402559,8,402553,4,0.25,580.7514354334546,d4_semiprime
402631,402691,60,402635,4,0.06666666666666667,4426.7069342327095,d4_semiprime
402767,402769,2,402768,30,0.5,180.68562389889146,d8_plus
402859,402863,4,402861,4,0.5,116.15711685001497,d4_semiprime
402991,403001,10,402994,4,0.3,903.4679449906107,d4_semiprime
403061,403063,2,403062,32,0.5,193.6026851287434,d8_plus
403163,403181,18,403169,4,0.3333333333333333,1497.2257566229628,d4_semiprime
403289,403301,12,403292,6,0.25,929.334639313437,d6
403387,403391,4,403388,6,0.25,361.4144180323942,d6
403547,403549,2,403548,12,0.5,64.54025359362437,d8_plus
403621,403649,28,403631,4,0.35714285714285715,2000.7817495426077,d4_semiprime
403721,403729,8,403723,4,0.25,645.4245334350438,d4_semiprime
403831,403849,18,403838,4,0.3888888888888889,1381.2389954868975,d4_semiprime
403951,403957,6,403953,8,0.3333333333333333,529.2714167749596,d8_plus
404017,404021,4,404018,8,0.25,322.73043458874764,d8_plus
404123,404161,38,404126,4,0.07894736842105263,3227.3803751839037,d4_semiprime
404221,404249,28,404223,4,0.07142857142857142,2143.019269638191,d4_semiprime
404321,404323,2,404322,16,0.5,90.36976808430728,d8_plus
404423,404429,6,404428,6,0.8333333333333334,516.408853477147,d6
404497,404507,10,404503,6,0.6,645.5206350739329,d6
404597,404671,74,404599,4,0.02702702702702703,5654.902436281771,d4_semiprime
404819,404827,8,404821,4,0.25,748.849709706321,d4_semiprime
404959,404969,10,404962,4,0.3,658.4891964823711,d4_semiprime
405037,405047,10,405038,4,0.1,916.7339395259208,d4_semiprime
405157,405179,22,405161,4,0.18181818181818182,1523.6225176309583,d4_semiprime
405241,405247,6,405242,4,0.16666666666666666,413.1918899730278,d4_semiprime
405341,405343,2,405342,24,0.5,142.03735077609554,d8_plus
405439,405473,34,405443,4,0.11764705882352941,2840.8074400744777,d4_semiprime
405529,405541,12,405533,4,0.3333333333333333,1136.3408914577217,d4_semiprime
405659,405667,8,405661,4,0.25,606.924097678609,d4_semiprime
405709,405719,10,405718,4,0.9,477.7958798479043,d4_semiprime
405817,405827,10,405823,8,0.6,916.8705297356767,d8_plus
405893,405901,8,405898,4,0.625,968.5394187354777,d4_semiprime
405991,405997,6,405995,4,0.6666666666666666,322.85235628205163,d4_semiprime
406117,406123,6,406121,4,0.6666666666666666,632.8057990338501,d4_semiprime
406253,406267,14,406261,4,0.5714285714285714,1149.4128617030822,d4_semiprime
406349,406361,12,406357,6,0.6666666666666666,1214.0077932632707,d6
406499,406501,2,406500,48,0.5,297.05280178331003,d8_plus
406561,406573,12,406564,6,0.25,710.3527774512081,d6
406633,406649,16,406634,4,0.0625,1511.1352239708383,d4_semiprime
406739,406789,50,406741,4,0.04,3861.881358202264,d4_semiprime
406883,406907,24,406891,4,0.3333333333333333,1937.4463137288535,d4_semiprime
407059,407083,24,407062,4,0.125,1407.9251279970713,d4_semiprime
407191,407203,12,407193,4,0.16666666666666666,736.2720763413702,d4_semiprime
407263,407273,10,407269,4,0.6,839.6195111877846,d4_semiprime
407321,407347,26,407323,4,0.07692307692307693,2028.0300486246006,d4_semiprime
407437,407471,34,407441,4,0.11764705882352941,2441.4418164505137,d4_semiprime
407527,407567,40,407534,4,0.175,3022.7913180290116,d4_semiprime
407639,407651,12,407641,4,0.16666666666666666,994.6975206633957,d4_semiprime
407723,407741,18,407731,4,0.4444444444444444,1408.101992620187,d4_semiprime
407821,407833,12,407822,4,0.08333333333333333,723.441514610675,d4_semiprime
407917,407923,6,407921,4,0.6666666666666666,245.45769585584543,d4_semiprime
407993,408011,18,407998,4,0.2777777777777778,1537.363921947539,d4_semiprime
408127,408131,4,408129,4,0.5,219.6287313559169,d4_semiprime
408211,408217,6,408214,4,0.5,478.0232423487122,d4_semiprime
408283,408311,28,408286,4,0.10714285714285714,2015.4811549174528,d4_semiprime
408403,408413,10,408407,4,0.4,1124.0418952818015,d4_semiprime
408479,408491,12,408481,4,0.16666666666666666,1072.3769086386078,d4_semiprime
408607,408623,16,408613,4,0.375,1188.6885618994472,d4_semiprime
408691,408701,10,408693,8,0.2,658.9571688720062,d8_plus
408773,408787,14,408781,4,0.5714285714285714,1072.4374326487032,d4_semiprime
408911,408913,2,408912,40,0.5,245.5038498060639,d8_plus
408997,409007,10,408999,4,0.2,620.2308351584252,d4_semiprime
409081,409099,18,409083,4,0.1111111111111111,994.9701996162246,d4_semiprime
409237,409259,22,409243,4,0.2727272727272727,1822.012479206102,d4_semiprime
409327,409333,6,409329,6,0.3333333333333333,478.1243475229618,d6
409397,409429,32,409399,4,0.0625,2455.2714028932155,d4_semiprime
409499,409517,18,409501,4,0.1111111111111111,2028.8646799159294,d4_semiprime
409597,409609,12,409601,4,0.3333333333333333,1027.3739649383201,d4_semiprime
409723,409729,6,409727,4,0.6666666666666666,659.0855425591787,d4_semiprime
409817,409823,6,409819,4,0.3333333333333333,348.9337795828796,d4_semiprime
409891,409897,6,409894,4,0.5,297.2440682550352,d4_semiprime
409961,409967,6,409963,4,0.3333333333333333,374.790860605011,d4_semiprime
410087,410093,6,410092,6,0.8333333333333334,491.1169693248329,d6
410173,410203,30,410177,4,0.13333333333333333,2546.100849279539,d4_semiprime
410281,410299,18,410282,4,0.05555555555555555,1150.291240808401,d4_semiprime
410383,410387,4,410386,8,0.75,245.5721548063466,d8_plus
410477,410489,12,410479,4,0.16666666666666666,943.5314477764776,d4_semiprime
410551,410561,10,410554,8,0.3,840.1422733541372,d8_plus
410659,410671,12,410667,4,0.6666666666666666,1124.5217355604905,d4_semiprime
410749,410759,10,410753,4,0.4,685.0645724786563,d4_semiprime
410857,410899,42,410881,3,0.5714285714285714,3354.310136571111,d3_prime_square
411007,411011,4,411009,8,0.5,426.5701839759349,d8_plus
411083,411101,18,411085,4,0.1111111111111111,1240.9508471428803,d4_semiprime
411193,411197,4,411196,12,0.75,245.60962897289787,d8_plus
411259,411287,28,411261,4,0.07142857142857142,2417.3506919171227,d4_semiprime
411409,411421,12,411413,4,0.3333333333333333,736.8593460813477,d4_semiprime
411503,411527,24,411505,4,0.08333333333333333,2029.6334441647464,d4_semiprime
411589,411611,22,411591,4,0.09090909090909091,1900.3876608643714,d4_semiprime
411683,411703,20,411694,4,0.55,1641.8598672362264,d4_semiprime
411743,411751,8,411745,4,0.25,762.7618576517132,d4_semiprime
411841,411883,42,411847,4,0.14285714285714285,2831.3299929445993,d4_semiprime
411967,411991,24,411973,4,0.25,1745.3781777333404,d4_semiprime
412039,412051,12,412042,4,0.25,956.7380160757696,d4_semiprime
412127,412133,6,412129,8,0.3333333333333333,711.1000597211387,d8_plus
412201,412211,10,412207,4,0.6,594.7468451180551,d4_semiprime
412289,412303,14,412297,4,0.5714285714285714,1409.3152500624083,d4_semiprime
412457,412463,6,412458,8,0.16666666666666666,323.24736760781195,d8_plus
412567,412571,4,412569,6,0.5,155.16189522657015,d6
412637,412639,2,412638,16,0.5,90.51228181984496,d8_plus
412793,412807,14,412795,4,0.14285714285714285,1435.30955893676,d4_semiprime
412939,412943,4,412941,8,0.5,271.55225040983385,d8_plus
413053,413069,16,413054,4,0.0625,995.7138091846917,d4_semiprime
413113,413129,16,413121,4,0.5,1228.4922759653953,d4_semiprime
413201,413207,6,413203,4,0.3333333333333333,323.29241257771884,d4_semiprime
413293,413299,6,413297,4,0.6666666666666666,375.0256361494432,d4_semiprime
413477,413521,44,413479,4,0.045454545454545456,3595.2099970664262,d4_semiprime
413587,413597,10,413591,4,0.4,827.6887243146188,d4_semiprime
413713,413719,6,413717,4,0.6666666666666666,297.45750078820646,d4_semiprime
413827,413849,22,413833,4,0.2727272727272727,1551.9874976219946,d4_semiprime
413923,413951,28,413927,4,0.14285714285714285,1914.1536804280543,d4_semiprime
414053,414061,8,414055,4,0.25,530.2842318293639,d4_semiprime
414109,414131,22,414113,4,0.18181818181818182,1965.9548297274316,d4_semiprime
414221,414241,20,414223,4,0.1,1552.1016547448712,d4_semiprime
414329,414331,2,414330,32,0.5,194.01627055110126,d8_plus
414413,414431,18,414415,4,0.1111111111111111,1655.6333071826227,d4_semiprime
414503,414521,18,414509,4,0.3333333333333333,1565.1173308123412,d4_semiprime
414611,414629,18,414614,4,0.16666666666666666,1319.3817852448058,d4_semiprime
414683,414691,8,414686,4,0.375,620.893456933413,d4_semiprime
414737,414763,26,414741,4,0.15384615384615385,1810.9602823113285,d4_semiprime
414809,414833,24,414811,4,0.08333333333333333,1849.791070531677,d4_semiprime
414923,414929,6,414926,4,0.5,297.5246348400272,d4_semiprime
415031,415039,8,415033,4,0.25,633.8698800751831,d4_semiprime
415111,415133,22,415113,4,0.09090909090909091,1565.2957808139215,d4_semiprime
415189,415201,12,415199,4,0.8333333333333334,983.1746180177846,d4_semiprime
415319,415343,24,415321,4,0.08333333333333333,1862.903804317866,d4_semiprime
415469,415477,8,415475,6,0.75,672.7329335129914,d6
415559,415567,8,415561,4,0.25,452.80857496807204,d4_semiprime
415643,415651,8,415649,4,0.75,750.3804006476613,d4_semiprime
415717,415721,4,415718,8,0.25,323.4441496214562,d8_plus
415819,415823,4,415821,8,0.5,271.6982037022297,d8_plus
415949,415951,2,415950,48,0.5,297.5813678133768,d8_plus
415999,416011,12,416002,4,0.25,1203.275986966271,d4_semiprime
416149,416153,4,416151,8,0.5,426.9804755393153,d8_plus
416249,416257,8,416251,8,0.25,866.9161840715433,d8_plus
416389,416393,4,416391,4,0.5,297.60575925074755,d4_semiprime
416441,416443,2,416442,32,0.5,194.09253712784667,d8_plus
416503,416513,10,416506,4,0.3,556.4054183659638,d4_semiprime
416621,416623,2,416622,16,0.5,90.5795423040483,d8_plus
416797,416821,24,416803,4,0.25,1721.0707232563739,d4_semiprime
416887,416947,60,416893,4,0.1,4632.749144192589,d4_semiprime
417023,417037,14,417026,4,0.21428571428571427,1177.6228665168835,d4_semiprime
417161,417169,8,417167,4,0.75,698.8268252960627,d4_semiprime
417227,417239,12,417233,4,0.5,802.36664068259,d4_semiprime
417331,417337,6,417334,4,0.5,401.19090632173396,d4_semiprime
417437,417451,14,417442,4,0.35714285714285715,1203.5975063517665,d4_semiprime
417523,417541,18,417527,4,0.2222222222222222,1294.211764053539,d4_semiprime
417623,417631,8,417629,4,0.75,543.5784131593587,d4_semiprime
417727,417731,4,417729,8,0.5,297.67951368213187,d8_plus
417811,417821,10,417814,4,0.3,711.8538607169345,d4_semiprime
417931,417941,10,417939,4,0.8,543.6094461649475,d4_semiprime
418007,418009,2,418008,16,0.5,90.6027909505581,d8_plus
418073,418079,6,418078,4,0.8333333333333334,375.35912253009695,d4_semiprime
418181,418189,8,418183,6,0.25,362.42302709002746,d6
418289,418303,14,418291,4,0.14285714285714285,1048.4596078063487,d4_semiprime
418351,418357,6,418354,8,0.5,388.32248294935897,d8_plus
418459,418471,12,418461,4,0.16666666666666666,1203.8244661744966,d4_semiprime
418603,418631,28,418609,3,0.21428571428571427,2375.3537488365855,d3_prime_square
418709,418721,12,418711,4,0.16666666666666666,841.4214754725105,d4_semiprime
418793,418799,6,418797,8,0.6666666666666666,375.40902744682364,d8_plus
418861,418867,6,418862,4,0.16666666666666666,323.63255342127263,d4_semiprime
418933,418939,6,418937,4,0.6666666666666666,478.98254124620047,d4_semiprime
419051,419053,2,419052,24,0.5,142.403253258374,d8_plus
419171,419183,12,419173,4,0.16666666666666666,880.3311196874428,d4_semiprime
419281,419291,10,419285,4,0.4,686.1543909710492,d4_semiprime
419383,419401,18,419387,4,0.2222222222222222,1462.9619253757064,d4_semiprime
419467,419473,6,419469,8,0.3333333333333333,504.92318239940306,d8_plus
419557,419561,4,419559,8,0.5,323.67400503316185,d8_plus
419603,419609,6,419605,4,0.3333333333333333,427.2533818378202,d4_semiprime
419743,419753,10,419747,4,0.4,867.4764715756968,d4_semiprime
419827,419831,4,419829,4,0.5,116.52842011660823,d4_semiprime
419933,419953,20,419935,4,0.1,1450.1619345327626,d4_semiprime
420047,420073,26,420053,4,0.23076923076923078,1838.6377933187555,d4_semiprime
420221,420241,20,420226,4,0.25,1799.8501341041544,d4_semiprime
420313,420317,4,420314,4,0.25,246.02645826549795,d4_semiprime
420361,420367,6,420362,8,0.16666666666666666,220.13089678690275,d8_plus
420467,420479,12,420477,4,0.8333333333333334,854.6428509729861,d4_semiprime
420569,420571,2,420570,24,0.5,142.4430283433376,d8_plus
420683,420691,8,420685,4,0.25,543.8850848581736,d4_semiprime
420781,420799,18,420782,4,0.05555555555555555,1528.0867896599266,d4_semiprime
420859,420899,40,420863,4,0.1,3069.1736711115695,d4_semiprime
421009,421019,10,421013,4,0.4,440.31430270039283,d4_semiprime
421103,421121,18,421105,4,0.1111111111111111,1502.2761855160975,d4_semiprime
421181,421189,8,421183,4,0.25,388.5248257560956,d4_semiprime
421331,421339,8,421333,4,0.25,323.7795832706488,d4_semiprime
421417,421423,6,421418,4,0.16666666666666666,297.88188425085696,d4_semiprime
421493,421501,8,421495,4,0.25,945.4646208731012,d4_semiprime
421639,421643,4,421642,8,0.75,297.8938905010485,d8_plus
421709,421711,2,421710,16,0.5,90.66451207095746,d8_plus
421807,421831,24,421809,4,0.08333333333333333,1929.8981253655859,d4_semiprime
421987,421997,10,421989,4,0.2,608.7788284308026,d4_semiprime
422077,422083,6,422078,4,0.16666666666666666,427.4473880697762,d4_semiprime
422129,422137,8,422131,4,0.25,854.9032976614884,d4_semiprime
422243,422249,6,422245,4,0.3333333333333333,453.36697502528807,d4_semiprime
422339,422353,14,422341,4,0.14285714285714285,1204.6831539773045,d4_semiprime
422453,422459,6,422458,4,0.8333333333333334,220.21526142642287,d4_semiprime
422567,422573,6,422570,8,0.5,375.6691635195917,d8_plus
422707,422711,4,422709,8,0.5,272.04321537568853,d8_plus
422797,422803,6,422801,4,0.6666666666666666,660.687404833555,d4_semiprime
422881,422893,12,422882,4,0.08333333333333333,738.4271590852703,d4_semiprime
422987,423001,14,422989,4,0.14285714285714285,1580.5243300097081,d4_semiprime
423083,423091,8,423086,4,0.375,557.0793946642509,d4_semiprime
423173,423179,6,423175,6,0.3333333333333333,336.8441508933407,d6
423257,423259,2,423258,32,0.5,194.33605801762934,d8_plus
423323,423341,18,423326,4,0.16666666666666666,1489.9297925443623,d4_semiprime
423431,423439,8,423433,4,0.25,505.2900188514906,d4_semiprime
423503,423509,6,423505,4,0.3333333333333333,634.8597353430017,d4_semiprime
423601,423617,16,423602,4,0.0625,1217.9172973187474,d4_semiprime
423749,423751,2,423750,40,0.5,246.18107981585916,d8_plus
423823,423847,24,423831,4,0.3333333333333333,1723.294581316153,d4_semiprime
423949,423961,12,423953,4,0.3333333333333333,829.2724602278805,d4_semiprime
424007,424019,12,424009,4,0.16666666666666666,1010.6862320863704,d4_semiprime
424117,424121,4,424118,8,0.25,272.1131847533834,d8_plus
424187,424199,12,424189,4,0.16666666666666666,751.5606613673914,d4_semiprime
424271,424273,2,424272,20,0.5,116.62317034171956,d8_plus
424423,424429,6,424427,4,0.6666666666666666,660.8830366171425,d4_semiprime
424537,424547,10,424543,4,0.6,634.9796060102382,d4_semiprime
424639,424661,22,424643,4,0.18181818181818182,1736.5086822429885,d4_semiprime
424727,424729,2,424728,48,0.5,298.06169758944,d8_plus
424819,424829,10,424822,4,0.3,609.0931343951686,d4_semiprime
424891,424903,12,424894,4,0.25,764.6166254229594,d4_semiprime
425003,425027,24,425009,4,0.25,1892.1422587013499,d4_semiprime
425107,425123,16,425114,4,0.4375,881.2877305781118,d4_semiprime
425237,425251,14,425239,4,0.14285714285714285,1386.7652627133982,d4_semiprime
425317,425329,12,425319,4,0.16666666666666666,907.2422041530713,d4_semiprime
425417,425419,2,425418,24,0.5,142.56910243367182,d8_plus
425501,425519,18,425507,4,0.3333333333333333,1322.0262229337227,d4_semiprime
425609,425641,32,425611,4,0.0625,2397.84309589261,d4_semiprime
425791,425801,10,425793,4,0.2,829.5499698820155,d4_semiprime
425861,425869,8,425863,4,0.25,712.9033096189856,d4_semiprime
425977,425987,10,425983,4,0.6,842.5399792237154,d4_semiprime
426077,426089,12,426079,4,0.16666666666666666,764.7811038090124,d4_semiprime
426197,426211,14,426199,4,0.14285714285714285,907.3871837938253,d4_semiprime
426319,426331,12,426323,4,0.3333333333333333,1024.0736200204583,d4_semiprime
426427,426469,42,426433,4,0.14285714285714285,2942.6574527550183,d4_semiprime
426583,426611,28,426589,4,0.21428571428571427,2229.738923341552,d4_semiprime
426707,426709,2,426708,36,0.5,220.38553869810536,d8_plus
426763,426773,10,426766,4,0.3,648.1996831636999,d4_semiprime
426863,426871,8,426865,8,0.25,842.6750204608867,d8_plus
426941,426971,30,426947,4,0.2,1931.7008197442376,d4_semiprime
427067,427069,2,427068,18,0.5,103.7175882409377,d8_plus
427169,427181,12,427171,4,0.16666666666666666,1102.0208373128949,d4_semiprime
427279,427283,4,427281,4,0.5,401.9210462865666,d4_semiprime
427379,427381,2,427380,48,0.5,298.20486300261047,d8_plus
427439,427447,8,427442,4,0.375,726.0720323176399,d4_semiprime
427523,427529,6,427526,8,0.5,388.97306708476026,d8_plus
427681,427711,30,427693,4,0.4,2256.1139910805414,d4_semiprime
427787,427789,2,427788,48,0.5,298.2268095691611,d8_plus
427913,427919,6,427916,6,0.5,337.1337417077994,d6
427991,427993,2,427992,32,0.5,194.50289674200687,d8_plus
428041,428047,6,428042,4,0.16666666666666666,350.10847568173415,d4_semiprime
428149,428161,12,428153,4,0.3333333333333333,920.6743599254486,d4_semiprime
428249,428251,2,428250,32,0.5,194.51193624279549,d8_plus
428369,428401,32,428371,4,0.0625,2943.687810446482,d4_semiprime
428509,428531,22,428511,4,0.09090909090909091,1452.426479323255,d4_semiprime
428579,428629,50,428581,4,0.04,3812.677013713809,d4_semiprime
428683,428693,10,428691,4,0.8,726.2351736503954,d4_semiprime
428807,428809,2,428808,32,0.5,194.5314681792167,d8_plus
428899,428951,52,428902,4,0.057692307692307696,4344.626922347206,d4_semiprime
429101,429109,8,429103,4,0.25,453.93094570314713,d4_semiprime
429197,429211,14,429199,4,0.14285714285714285,1335.8777119234603,d4_semiprime
429277,429281,4,429278,4,0.25,168.60823366511352,d4_semiprime
429389,429397,8,429391,4,0.25,687.4166882133813,d4_semiprime
429467,429469,2,429468,24,0.5,142.6733276363136,d8_plus
429529,429547,18,429531,4,0.1111111111111111,1089.5189499529117,d4_semiprime
429599,429631,32,429601,4,0.0625,2814.6296007849423,d4_semiprime
429683,429701,18,429689,4,0.3333333333333333,1258.1699815141014,d4_semiprime
429797,429817,20,429799,4,0.1,1323.051238015611,d4_semiprime
429889,429899,10,429893,4,0.4,726.3925260880993,d4_semiprime
429937,429943,6,429941,4,0.6666666666666666,583.7130377853031,d4_semiprime
430013,430019,6,430015,8,0.3333333333333333,389.1472750763069,d8_plus
430121,430139,18,430123,4,0.1111111111111111,1647.4234270017218,d4_semiprime
430289,430303,14,430291,4,0.14285714285714285,998.8614877633346,d4_semiprime
430427,430433,6,430429,4,0.3333333333333333,557.8192194840083,d4_semiprime
430543,430553,10,430546,4,0.3,505.9397543451953,d4_semiprime
430663,430691,28,430667,4,0.14285714285714285,2270.294815279819,d4_semiprime
430747,430751,4,430748,6,0.25,259.4656282647691,d6
430819,430823,4,430821,6,0.5,207.5751489442758,d6
430883,430891,8,430886,4,0.375,467.0496670625753,d4_semiprime
430979,430981,2,430980,48,0.5,298.39779017882876,d8_plus
431051,431063,12,431059,4,0.6666666666666666,869.2575017807055,d4_semiprime
431153,431173,20,431157,4,0.2,1712.600122226837,d4_semiprime
431257,431267,10,431263,4,0.6,635.749077940275,d4_semiprime
431363,431369,6,431367,8,0.6666666666666666,506.01373857822534,d8_plus
431447,431449,2,431448,16,0.5,90.82431590676053,d8_plus
431581,431597,16,431587,4,0.375,1193.7213182598048,d4_semiprime
431663,431671,8,431666,4,0.375,674.7211348762928,d4_semiprime
431797,431801,4,431798,4,0.25,350.34436894124303,d4_semiprime
431867,431869,2,431868,48,0.5,298.44513109451884,d8_plus
431933,431947,14,431939,4,0.42857142857142855,1206.7717641762436,d4_semiprime
432037,432043,6,432039,4,0.3333333333333333,506.07470179913093,d4_semiprime
432121,432137,16,432122,4,0.0625,1284.67148244959,d4_semiprime
432199,432203,4,432202,8,0.75,272.5095482627698,d8_plus
432301,432317,16,432305,4,0.25,1141.9666971530064,d4_semiprime
432389,432391,2,432390,64,0.5,402.289580370103,d8_plus
432479,432491,12,432483,4,0.3333333333333333,1103.0702998525508,d4_semiprime
432559,432569,10,432563,4,0.4,869.4915378986478,d4_semiprime
432659,432661,2,432660,24,0.5,142.75478227052747,d8_plus
432749,432781,32,432751,4,0.0625,2634.5233827640695,d4_semiprime
432869,432893,24,432871,4,0.08333333333333333,1609.298936450381,d4_semiprime
432983,432989,6,432986,4,0.5,259.56918114423655,d4_semiprime
433079,433087,8,433081,4,0.25,804.6783459133638,d4_semiprime
433187,433193,6,433189,4,0.3333333333333333,558.0939665665761,d4_semiprime
433259,433261,2,433260,72,0.5,454.26826510356483,d8_plus
433337,433351,14,433339,4,0.14285714285714285,1388.7840479909944,d4_semiprime
433421,433429,8,433423,4,0.25,661.953130397739,d4_semiprime
433513,433549,36,433514,4,0.027777777777777776,2375.288662224532,d4_semiprime
433651,433661,10,433658,4,0.7,674.9603388986897,d4_semiprime
433729,433747,18,433731,4,0.1111111111111111,1103.3165330541162,d4_semiprime
433847,433859,12,433853,4,0.5,558.1598203680225,d4_semiprime
433963,433967,4,433966,8,0.75,272.5950840233508,d8_plus
434081,434087,6,434083,4,0.3333333333333333,376.4488023319749,d4_semiprime
434179,434191,12,434183,4,0.3333333333333333,1038.4981436490611,d4_semiprime
434261,434267,6,434263,8,0.3333333333333333,454.3492865185298,d8_plus
434353,434363,10,434359,4,0.6,558.209824364207,d4_semiprime
434431,434437,6,434433,8,0.3333333333333333,675.0535873158409,d8_plus
434521,434561,40,434531,4,0.25,2791.1405246414497,d4_semiprime
434659,434683,24,434661,4,0.08333333333333333,1752.617043191306,d4_semiprime
434761,434783,22,434767,4,0.2727272727272727,1570.8916693884262,d4_semiprime
434839,434849,10,434842,4,0.3,714.0508167809825,d4_semiprime
434923,434927,4,434926,4,0.75,259.6585546357533,d4_semiprime
434981,434989,8,434983,4,0.25,506.3396936007996,d4_semiprime
435131,435139,8,435133,4,0.25,843.9216808973372,d4_semiprime
435191,435221,30,435193,4,0.06666666666666667,2414.944900956226,d4_semiprime
435283,435287,4,435286,4,0.75,181.7725854539868,d4_semiprime
435397,435401,4,435399,4,0.5,350.5685354729251,d4_semiprime
435481,435503,22,435491,4,0.45454545454545453,1661.9819016813005,d4_semiprime
435571,435577,6,435572,6,0.16666666666666666,376.5482230541779,d6
435647,435649,2,435648,28,0.5,168.7996681384991,d8_plus
435739,435751,12,435745,4,0.5,1207.5877817722303,d4_semiprime
435857,435859,2,435858,8,0.5,38.955215343629696,d8_plus
435923,435947,24,435929,4,0.25,1830.919980251271,d4_semiprime
436027,436061,34,436039,4,0.35294117647058826,2687.997935131407,d4_semiprime
436151,436157,6,436153,4,0.3333333333333333,402.55825704336394,d4_semiprime
436279,436283,4,436281,8,0.5,324.6510269167873,d8_plus
436399,436417,18,436405,4,0.3333333333333333,1519.4009130667794,d4_semiprime
436483,436507,24,436487,4,0.16666666666666666,1779.155167897389,d4_semiprime
436591,436607,16,436593,4,0.125,1077.902037525102,d4_semiprime
436687,436693,6,436691,4,0.6666666666666666,480.5181873175692,d4_semiprime
436801,436811,10,436802,4,0.1,467.5409463422293,d4_semiprime
436913,436957,44,436921,3,0.18181818181818182,3318.315796827388,d3_prime_square
437011,437033,22,437015,4,0.18181818181818182,1493.5901491814793,d4_semiprime
437137,437141,4,437139,6,0.5,363.664172886062,d6
437237,437243,6,437239,4,0.3333333333333333,506.54126794786174,d4_semiprime
437321,437351,30,437323,4,0.06666666666666667,2389.8765398250594,d4_semiprime
437467,437471,4,437469,4,0.5,233.7977299686233,d4_semiprime
437533,437539,6,437537,4,0.6666666666666666,506.56762441977196,d4_semiprime
437653,437677,24,437659,4,0.25,2078.273366774362,d4_semiprime
437753,437771,18,437761,4,0.4444444444444444,1532.752626306574,d4_semiprime
437881,437909,28,437882,4,0.03571428571428571,2156.295852178453,d4_semiprime
438017,438029,12,438019,4,0.16666666666666666,701.4612979380308,d4_semiprime
438143,438169,26,438145,4,0.07692307692307693,2260.3169158931105,d4_semiprime
438259,438271,12,438266,4,0.5833333333333334,857.3781908285526,d4_semiprime
438377,438391,14,438389,4,0.8571428571428571,844.4052676737981,d4_semiprime
438479,438499,20,438481,4,0.1,2182.50196912733,d4_semiprime
438569,438589,20,438571,4,0.1,1429.042493990136,d4_semiprime
438667,438671,4,438670,8,0.75,298.80450513141676,d8_plus
438793,438827,34,438797,4,0.11764705882352941,2403.4867337817313,d4_semiprime
438877,438887,10,438881,4,0.4,805.5031645314087,d4_semiprime
438967,438979,12,438969,4,0.16666666666666666,805.5160504741914,d4_semiprime
439123,439133,10,439129,4,0.6,844.5154998300184,d4_semiprime
439217,439253,36,439219,4,0.05555555555555555,2728.4864662729296,d4_semiprime
439357,439367,10,439358,4,0.1,675.640082827859,d4_semiprime
439459,439463,4,439462,4,0.75,454.76559886251465,d4_semiprime
439559,439567,8,439563,4,0.5,1117.4437581522047,d4_semiprime
439639,439661,22,439643,4,0.18181818181818182,1715.1730736463712,d4_semiprime
439729,439753,24,439733,4,0.16666666666666666,1715.200415263648,d4_semiprime
439811,439823,12,439813,4,0.16666666666666666,649.7055049770155,d4_semiprime
439903,439919,16,439906,4,0.1875,857.6254426342451,d4_semiprime
440009,440023,14,440015,4,0.42857142857142855,1286.4621386931801,d4_semiprime
440159,440171,12,440161,4,0.16666666666666666,1065.5817321654706,d4_semiprime
440221,440227,6,440225,6,0.6666666666666666,311.88096928766254,d6
440329,440333,4,440331,4,0.5,129.9528086029467,d4_semiprime
440399,440431,32,440403,4,0.125,2534.1171167565385,d4_semiprime
440509,440527,18,440511,4,0.1111111111111111,1143.6218958200718,d4_semiprime
440579,440581,2,440580,48,0.5,298.9044883524954,d8_plus
440683,440711,28,440689,4,0.21428571428571427,2105.3703328058696,d4_semiprime
440807,440809,2,440808,16,0.5,90.97455279833537,d8_plus
440903,440911,8,440909,4,0.75,818.7852949846633,d4_semiprime
440989,441011,22,440999,4,0.45454545454545453,2118.4782550923974,d4_semiprime
441101,441107,6,441103,4,0.3333333333333333,272.93775957411503,d4_semiprime
441179,441187,8,441181,4,0.25,1000.7853309795324,d4_semiprime
441263,441281,18,441267,4,0.2222222222222222,1559.6901112880514,d4_semiprime
441421,441443,22,441431,4,0.45454545454545453,1663.7164461273524,d4_semiprime
441523,441527,4,441526,8,0.75,402.93766948044646,d8_plus
441613,441619,6,441614,4,0.16666666666666666,350.9513102548415,d4_semiprime
441737,441751,14,441739,4,0.14285714285714285,1273.8516363182353,d4_semiprime
441839,441841,2,441840,80,0.5,506.9494210784277,d8_plus
441953,441971,18,441957,4,0.2222222222222222,1429.8877600675232,d4_semiprime
442033,442061,28,442037,4,0.14285714285714285,2092.86656691889,d4_semiprime
442151,442157,6,442154,4,0.5,688.9688349632769,d4_semiprime
442207,442217,10,442213,4,0.6,688.9758818232278,d4_semiprime
442319,442327,8,442324,6,0.625,935.9850503812829,d6
442447,442457,10,442451,4,0.4,572.0038621711512,d4_semiprime
442531,442537,6,442534,8,0.5,325.0068144157661,d8_plus
442619,442633,14,442621,4,0.14285714285714285,1183.04355364075,d4_semiprime
442753,442763,10,442759,4,0.6,481.0288000668288,d4_semiprime
442823,442829,6,442826,4,0.5,442.03172399851394,d4_semiprime
442903,442919,16,442906,4,0.1875,1027.088656928401,d4_semiprime
442997,443011,14,442999,4,0.14285714285714285,1105.1133199069857,d4_semiprime
443077,443089,12,443078,4,0.08333333333333333,1196.13921890489,d4_semiprime
443161,443167,6,443162,4,0.16666666666666666,299.03900727652393,d4_semiprime
443237,443243,6,443239,4,0.3333333333333333,377.05411517944833,d4_semiprime
443341,443347,6,443342,4,0.16666666666666666,416.0672767737548,d4_semiprime
443413,443419,6,443414,4,0.16666666666666666,429.07470079018816,d4_semiprime
443501,443533,32,443503,4,0.0625,2990.5733357445156,d4_semiprime
443591,443603,12,443594,4,0.25,871.1788914703671,d4_semiprime
443711,443731,20,443713,4,0.1,1703.3864828058092,d4_semiprime
443791,443837,46,443797,4,0.13043478260869565,3562.866032545624,d4_semiprime
443893,443899,6,443894,8,0.16666666666666666,507.1305587097654,d8_plus
443987,443999,12,443991,4,0.3333333333333333,858.2350352860919,d4_semiprime
444079,444089,10,444082,4,0.3,1001.289984290173,d4_semiprime
444167,444173,6,444172,6,0.8333333333333334,494.15049518551166,d6
444281,444287,6,444283,6,0.3333333333333333,286.0928398401778,d6
444349,444401,52,444359,4,0.19230769230769232,4213.4331045267545,d4_semiprime
444469,444473,4,444471,4,0.5,247.0881527097889,d4_semiprime
444547,444553,6,444551,4,0.6666666666666666,429.15896535227665,d4_semiprime
444637,444641,4,444638,8,0.25,403.1556028551085,d8_plus
444767,444791,24,444769,4,0.08333333333333333,2080.8526580466237,d4_semiprime
444859,444863,4,444861,6,0.5,416.1765129233427,d6
444929,444937,8,444931,4,0.25,507.22151199756956,d4_semiprime
445021,445031,10,445022,4,0.1,533.2414433950526,d4_semiprime
445141,445157,16,445143,4,0.125,1079.5116893534678,d4_semiprime
445271,445279,8,445273,4,0.25,416.20631962107177,d4_semiprime
445363,445427,64,445367,4,0.0625,5189.680515664586,d4_semiprime
445507,445537,30,445513,4,0.2,2991.6118616876806,d4_semiprime
445619,445631,12,445621,8,0.16666666666666666,1001.5567623881778,d8_plus
445741,445747,6,445742,8,0.16666666666666666,338.1950176585102,d8_plus
445847,445853,6,445849,4,0.3333333333333333,559.3327051879106,d4_semiprime
445943,445967,24,445945,4,0.08333333333333333,1782.0920949187982,d4_semiprime
446087,446111,24,446089,4,0.08333333333333333,1691.0785100415574,d4_semiprime
446191,446197,6,446195,8,0.6666666666666666,585.3829415064462,d8_plus
446279,446293,14,446287,4,0.5714285714285714,1404.941765715297,d4_semiprime
446389,446399,10,446393,4,0.4,728.501507380865,d4_semiprime
446477,446503,26,446482,4,0.19230769230769232,2185.5412256627237,d4_semiprime
446609,446647,38,446617,4,0.21052631578947367,2692.9623539677077,d4_semiprime
446767,446773,6,446771,4,0.6666666666666666,403.3037796697578,d4_semiprime
446891,446893,2,446892,24,0.5,143.1107945703136,d8_plus
446983,447001,18,446986,4,0.16666666666666666,1665.317902858091,d4_semiprime
447107,447119,12,447113,4,0.5,910.7394879731379,d4_semiprime
447211,447217,6,447215,4,0.6666666666666666,663.5505653979598,d4_semiprime
447311,447319,8,447313,4,0.25,442.3745939329031,d4_semiprime
447439,447443,4,447441,16,0.5,689.5988265968396,d8_plus
447521,447527,6,447523,4,0.3333333333333333,611.5398785539033,d4_semiprime
447637,447641,4,447639,4,0.5,403.3640496157487,d4_semiprime
447757,447779,22,447763,4,0.2727272727272727,1717.5876869481208,d4_semiprime
447841,447859,18,447842,4,0.05555555555555555,1392.3069526035683,d4_semiprime
447961,447983,22,447969,4,0.36363636363636365,1340.286067892649,d4_semiprime
448067,448073,6,448069,4,0.3333333333333333,351.34302376448886,d4_semiprime
448159,448169,10,448163,4,0.4,845.8394881546197,d4_semiprime
448249,448303,54,448251,4,0.037037037037037035,4021.0669094502155,d4_semiprime
448367,448373,6,448369,4,0.3333333333333333,429.4413485523826,d4_semiprime
448531,448561,30,448534,4,0.1,2837.0019617176204,d4_semiprime
448687,448697,10,448689,4,0.2,702.761003863028,d4_semiprime
448801,448807,6,448802,4,0.16666666666666666,351.3872440181277,d4_semiprime
448873,448879,6,448874,8,0.16666666666666666,689.7685681990516,d8_plus
448997,448999,2,448998,16,0.5,91.1034159866004,d8_plus
449093,449107,14,449095,4,0.14285714285714285,1236.425170675305,d4_semiprime
449171,449173,2,449172,24,0.5,143.16677283553844,d8_plus
449261,449263,2,449262,24,0.5,143.16897667021814,d8_plus
449333,449347,14,449335,4,0.14285714285714285,1015.2118616390745,d4_semiprime
449419,449437,18,449422,4,0.16666666666666666,1262.5260482283802,d4_semiprime
449563,449567,4,449566,8,0.75,299.3688172850301,d8_plus
449663,449671,8,449669,4,0.75,611.7643371786708,d4_semiprime
449741,449759,18,449747,4,0.3333333333333333,1392.7599386233428,d4_semiprime
449833,449851,18,449839,4,0.3333333333333333,1301.6651777828179,d4_semiprime
449963,449971,8,449969,4,0.75,676.8803064458702,d4_semiprime
450067,450071,4,450069,8,0.5,143.1887135727975,d8_plus
450137,450161,24,450139,4,0.08333333333333333,2017.6865306860113,d4_semiprime
450227,450239,12,450231,4,0.3333333333333333,572.770762314245,d4_semiprime
450301,450311,10,450308,6,0.7,768.0433018560725,d6
450383,450391,8,450389,4,0.75,637.8751599806988,d4_semiprime
450479,450481,2,450480,40,0.5,247.34331023864152,d8_plus
450563,450581,18,450571,4,0.4444444444444444,1432.0102390870354,d4_semiprime
450649,450677,28,450651,4,0.07142857142857142,2069.937802213006,d4_semiprime
450787,450797,10,450793,4,0.6,637.9193088592194,d4_semiprime
450839,450841,2,450840,96,0.5,611.8867860527328,d8_plus
450893,450899,6,450897,4,0.6666666666666666,286.4178549000521,d4_semiprime
450991,450997,6,450995,4,0.6666666666666666,716.0566143009505,d4_semiprime
451097,451103,6,451099,8,0.3333333333333333,481.71940449666374,d8_plus
451207,451249,42,451211,4,0.09523809523809523,3619.486119735277,d4_semiprime
451331,451337,6,451333,8,0.3333333333333333,533.8183645421523,d8_plus
451441,451481,40,451442,4,0.025,2564.988415606991,d4_semiprime
451579,451601,22,451589,4,0.45454545454545453,1881.4659735476912,d4_semiprime
451667,451669,2,451668,48,0.5,299.4761615400188,d8_plus
451747,451753,6,451749,4,0.3333333333333333,481.77275998488915,d4_semiprime
451837,451859,22,451838,4,0.045454545454545456,1601.5956323898474,d4_semiprime
451921,451933,12,451922,4,0.08333333333333333,677.1064595861087,d4_semiprime
452017,452027,10,452021,4,0.4,807.3322175009198,d4_semiprime
452159,452161,2,452160,84,0.5,533.8934465176103,d8_plus
452239,452269,30,452243,4,0.13333333333333333,2213.739606774203,d4_semiprime
452377,452393,16,452378,4,0.0625,898.5380157628775,d4_semiprime
452531,452533,2,452532,24,0.5,143.2487513363912,d8_plus
452611,452629,18,452614,4,0.16666666666666666,1406.4638004094234,d4_semiprime
452759,452773,14,452761,4,0.14285714285714285,1484.6361991206802,d4_semiprime
452869,452873,4,452871,10,0.5,338.60740982304793,d8_plus
453029,453053,24,453031,4,0.08333333333333333,1888.4421864849219,d4_semiprime
453143,453157,14,453147,4,0.2857142857142857,1497.757502609068,d4_semiprime
453227,453239,12,453229,4,0.16666666666666666,651.2080236837425,d4_semiprime
453317,453329,12,453319,4,0.16666666666666666,833.5590114704743,d4_semiprime
453451,453461,10,453457,4,0.6,1041.9723698641963,d4_semiprime
453601,453617,16,453603,4,0.125,885.6993286209233,d4_semiprime
453671,453683,12,453673,4,0.16666666666666666,872.6844448186282,d4_semiprime
453799,453823,24,453802,4,0.125,1680.2812843446573,d4_semiprime
453907,453913,6,453909,4,0.3333333333333333,508.00044406111243,d4_semiprime
453991,454009,18,453997,4,0.3333333333333333,1524.0245239448911,d4_semiprime
454079,454109,30,454081,4,0.06666666666666667,2917.8365294607265,d4_semiprime
454213,454219,6,454217,4,0.6666666666666666,273.5528776212635,d4_semiprime
454303,454313,10,454306,4,0.3,742.5123181186465,d4_semiprime
454409,454417,8,454413,4,0.5,885.8195440734943,d4_semiprime
454541,454543,2,454542,32,0.5,195.40568396356687,d8_plus
454627,454637,10,454628,6,0.1,677.4167409177359,d6
454759,454763,4,454761,8,0.5,221.46796384841232,d8_plus
454859,454889,30,454861,4,0.06666666666666667,2318.942687263265,d4_semiprime
454967,454969,2,454968,48,0.5,299.6435944131587,d8_plus
455053,455093,40,455057,4,0.1,3152.8270179270658,d4_semiprime
455177,455201,24,455179,4,0.08333333333333333,1850.0423785656792,d4_semiprime
455263,455269,6,455267,4,0.6666666666666666,534.1741008769427,d4_semiprime
455341,455353,12,455342,4,0.08333333333333333,703.5560277820357,d4_semiprime
455437,455443,6,455438,4,0.16666666666666666,247.55139235693917,d4_semiprime
455513,455527,14,455519,4,0.42857142857142855,1342.0070266592625,d4_semiprime
455599,455603,4,455601,8,0.5,482.08673742428726,d8_plus
455701,455711,10,455703,4,0.2,586.3321502444254,d4_semiprime
455827,455831,4,455828,6,0.25,208.47797925966702,d6
455933,455941,8,455934,8,0.125,925.1379930166675,d8_plus
456007,456013,6,456009,4,0.3333333333333333,547.2713517237432,d4_semiprime
456109,456119,10,456117,4,0.8,612.4333648413273,d4_semiprime
456241,456283,42,456243,4,0.047619047619047616,3296.79799872196,d4_semiprime
456403,456409,6,456406,4,0.5,430.0275729551233,d4_semiprime
456503,456517,14,456509,4,0.42857142857142855,977.3523997202103,d4_semiprime
456571,456581,10,456577,4,0.6,886.1427674957213,d4_semiprime
456641,456647,6,456643,4,0.3333333333333333,364.8864580603283,d4_semiprime
456737,456763,26,456747,4,0.38461538461538464,2150.262209269406,d4_semiprime
456871,456877,6,456873,8,0.3333333333333333,899.2193422120964,d8_plus
456979,456991,12,456983,4,0.3333333333333333,977.4303772205593,d4_semiprime
457057,457087,30,457063,4,0.2,2554.389377190012,d4_semiprime
457153,457183,30,457154,4,0.03333333333333333,2254.6754996114464,d4_semiprime
457253,457267,14,457257,4,0.2857142857142857,1016.574383171178,d4_semiprime
457339,457363,24,457343,4,0.16666666666666666,1655.2169407903943,d4_semiprime
457411,457421,10,457414,4,0.3,586.5006755672532,d4_semiprime
457547,457553,6,457551,6,0.6666666666666666,482.2446483148544,d6
457651,457661,10,457657,4,0.6,834.1678689660536,d4_semiprime
457739,457757,18,457741,4,0.1111111111111111,1433.7477177075352,d4_semiprime
457871,457889,18,457873,4,0.1111111111111111,1681.4328264321039,d4_semiprime
457987,458009,22,457991,4,0.18181818181818182,1472.9117389910894,d4_semiprime
458069,458119,50,458071,4,0.04,3806.1702692499216,d4_semiprime
458207,458219,12,458209,4,0.16666666666666666,1029.7718045111421,d4_semiprime
458357,458363,6,458359,4,0.3333333333333333,338.920640695363,d4_semiprime
458483,458501,18,458491,4,0.4444444444444444,1681.6052431624078,d4_semiprime
458593,458599,6,458596,6,0.5,495.36517339906476,d6
458663,458669,6,458665,4,0.3333333333333333,560.5513130760933,d4_semiprime
458791,458797,6,458792,8,0.16666666666666666,482.3452765282277,d8_plus
458897,458917,20,458899,4,0.1,1434.0262442137991,d4_semiprime
458971,458977,6,458974,4,0.5,495.3965431678491,d4_semiprime
459029,459031,2,459030,64,0.5,404.14299623790305,d8_plus
459167,459169,2,459168,24,0.5,143.40888578662947,d8_plus
459271,459293,22,459274,4,0.13636363636363635,1395.00387521141,d4_semiprime
459343,459353,10,459349,4,0.6,717.0659854431096,d4_semiprime
459443,459463,20,459449,4,0.3,1734.0265400382016,d4_semiprime
459593,459607,14,459598,4,0.35714285714285715,1069.1252392694162,d4_semiprime
459671,459677,6,459673,4,0.3333333333333333,469.37780634809843,d4_semiprime
459817,459829,12,459821,4,0.3333333333333333,899.6632739029964,d4_semiprime
459937,459961,24,459939,4,0.08333333333333333,1916.7139255552904,d4_semiprime
460081,460087,6,460084,6,0.5,391.1749308145344,d6
460157,460171,14,460162,4,0.35714285714285715,1082.2649467681772,d4_semiprime
460267,460289,22,460273,4,0.2727272727272727,1877.7006786118516,d4_semiprime
460387,460393,6,460391,8,0.6666666666666666,378.15504782503376,d8_plus
460531,460543,12,460533,4,0.16666666666666666,573.766556956025,d4_semiprime
460633,460637,4,460634,8,0.25,456.412674189111,d8_plus
460721,460771,50,460723,4,0.04,4029.5463078555576,d4_semiprime
460841,460843,2,460842,16,0.5,91.28567371030536,d8_plus
460937,460949,12,460939,4,0.16666666666666666,1017.2002643676607,d4_semiprime
460991,461009,18,460993,4,0.1111111111111111,1551.8969568030109,d4_semiprime
461101,461119,18,461102,4,0.05555555555555555,1017.2284601697618,d4_semiprime
461233,461239,6,461236,6,0.5,221.70829622622108,d6
461317,461323,6,461319,8,0.3333333333333333,456.46465285175,d8_plus
461411,461413,2,461412,36,0.5,221.71479274716089,d8_plus
461507,461521,14,461509,4,0.14285714285714285,1134.6775644883267,d4_semiprime
461627,461639,12,461631,4,0.3333333333333333,704.2962720528039,d4_semiprime
461717,461801,84,461722,4,0.05952380952380952,7264.835988352141,d4_semiprime
461917,461921,4,461918,4,0.25,195.64719409904987,d4_semiprime
462041,462067,26,462043,4,0.07692307692307693,2099.9932302587995,d4_semiprime
462131,462149,18,462134,4,0.16666666666666666,1408.7112335952531,d4_semiprime
462271,462307,36,462283,4,0.3333333333333333,2634.876834028374,d4_semiprime
462377,462401,24,462379,4,0.08333333333333333,2458.824717968937,d4_semiprime
462481,462491,10,462482,4,0.1,560.9079816276343,d4_semiprime
462569,462571,2,462570,32,0.5,195.66829763750263,d8_plus
462653,462659,6,462655,8,0.3333333333333333,286.9842596798119,d8_plus
462727,462733,6,462729,4,0.3333333333333333,221.76327451908347,d4_semiprime
462871,462881,10,462873,4,0.2,808.8034726664071,d4_semiprime
462947,462953,6,462949,4,0.3333333333333333,469.6334782513911,d4_semiprime
463157,463181,24,463159,4,0.08333333333333333,1591.5934714474479,d4_semiprime
463247,463249,2,463248,30,0.5,182.64424957541036,d8_plus
463319,463321,2,463320,160,0.5,1030.6476858846563,d8_plus
463447,463451,4,463448,16,0.25,482.71874466983434,d8_plus
463513,463523,10,463517,4,0.4,574.0504391789046,d4_semiprime
463633,463643,10,463637,4,0.4,769.7647191581308,d4_semiprime
463717,463741,24,463718,4,0.041666666666666664,1826.5883113933835,d4_semiprime
463823,463829,6,463825,6,0.3333333333333333,534.9378530397764,d6
463891,463907,16,463894,4,0.1875,1356.932098208446,d4_semiprime
463993,464003,10,463997,4,0.4,1030.763331146684,d4_semiprime
464089,464119,30,464097,4,0.26666666666666666,2648.7157406637116,d4_semiprime
464173,464197,24,464179,4,0.25,1748.4369078521534,d4_semiprime
464279,464281,2,464280,64,0.5,404.4955360219593,d8_plus
464371,464381,10,464374,4,0.3,978.633781658285,d4_semiprime
464467,464479,12,464469,4,0.16666666666666666,704.6276348487594,d4_semiprime
464561,464587,26,464567,4,0.23076923076923078,2166.113369617969,d4_semiprime
464687,464699,12,464689,4,0.16666666666666666,1096.1269627882277,d4_semiprime
464773,464777,4,464774,8,0.25,300.13412583836663,d8_plus
464857,464879,22,464861,4,0.18181818181818182,1552.891591338814,d4_semiprime
464939,464941,2,464940,120,0.5,769.930154995177,d8_plus
465007,465011,4,465009,4,0.5,365.39477795754703,d4_semiprime
465077,465079,2,465078,8,0.5,39.149881237313615,d8_plus
465163,465167,4,465166,8,0.75,247.95278454820644,d8_plus
465271,465277,6,465274,8,0.5,561.1664843851391,d8_plus
465337,465373,36,465338,4,0.027777777777777776,2910.274296936707,d4_semiprime
465469,465523,54,465473,4,0.07407407407407407,4215.428235199717,d4_semiprime
465611,465631,20,465617,4,0.3,1827.158031451992,d4_semiprime
465739,465743,4,465742,4,0.75,339.3359618431369,d4_semiprime
465833,465841,8,465838,4,0.625,717.8376202843153,d4_semiprime
465947,465977,30,465949,4,0.06666666666666667,2466.801765414406,d4_semiprime
466061,466069,8,466063,4,0.25,365.45824443688565,d4_semiprime
466153,466171,18,466159,4,0.3333333333333333,1239.967473252119,d4_semiprime
466267,466273,6,466269,4,0.3333333333333333,456.838265107016,d4_semiprime
466357,466369,12,466359,4,0.16666666666666666,926.7432445515465,d4_semiprime
466517,466537,20,466523,4,0.3,1461.943952345028,d4_semiprime
466603,466619,16,466607,4,0.25,1005.1003776946308,d4_semiprime
466729,466733,4,466731,6,0.5,261.07017564138204,d6
466853,466859,6,466855,4,0.3333333333333333,430.77456542755635,d4_semiprime
466997,467003,6,466999,4,0.3333333333333333,404.6766120707661,d4_semiprime
467083,467101,18,467087,4,0.2222222222222222,1383.7542328329228,d4_semiprime
467197,467209,12,467198,4,0.08333333333333333,1279.3430696800965,d4_semiprime
467317,467329,12,467319,4,0.16666666666666666,1187.9847395108818,d4_semiprime
467437,467447,10,467438,8,0.1,587.4764177982852,d8_plus
467503,467507,4,467506,8,0.75,248.0481282998614,d8_plus
467591,467611,20,467597,4,0.3,1775.530880627988,d4_semiprime
467657,467669,12,467659,4,0.16666666666666666,665.8306861139735,d4_semiprime
467729,467737,8,467732,6,0.375,417.7808692586699,d6
467833,467867,34,467834,4,0.029411764705882353,2944.106340477282,d4_semiprime
467903,467927,24,467905,4,0.08333333333333333,1605.893023286506,d4_semiprime
468019,468029,10,468021,4,0.2,861.7142814891057,d4_semiprime
468109,468113,4,468110,8,0.25,195.84692371141074,d8_plus
468187,468191,4,468189,6,0.5,208.90602034532705,d6
468289,468319,30,468298,4,0.3,2389.408110394647,d4_semiprime
468421,468439,18,468422,4,0.05555555555555555,1188.1999479219648,d4_semiprime
468509,468527,18,468511,4,0.1111111111111111,1579.9365920861142,d4_semiprime
468613,468619,6,468617,4,0.6666666666666666,326.43847798608806,d4_semiprime
468683,468691,8,468686,4,0.375,665.9422085409564,d4_semiprime
468761,468773,12,468766,4,0.4166666666666667,770.4137550151873,d4_semiprime
468859,468869,10,468862,4,0.3,1214.400211309695,d4_semiprime
468913,468953,40,468914,4,0.025,3355.9616808003034,d4_semiprime
469069,469099,30,469073,4,0.13333333333333333,2376.6546924277495,d4_semiprime
469207,469219,12,469211,4,0.3333333333333333,927.1756848230959,d4_semiprime
469283,469303,20,469289,4,0.3,1554.0192643812245,d4_semiprime
469379,469397,18,469387,4,0.4444444444444444,1632.3984868565362,d4_semiprime
469529,469541,12,469531,4,0.16666666666666666,1266.7711687707426,d4_semiprime
469631,469649,18,469633,4,0.1111111111111111,1436.569276643517,d4_semiprime
469723,469747,24,469726,4,0.125,1932.8688966393293,d4_semiprime
469811,469823,12,469814,4,0.25,1136.228385336255,d4_semiprime
469919,469939,20,469921,4,0.1,1723.9640492394012,d4_semiprime
470059,470077,18,470069,4,0.5555555555555556,1319.1238055689423,d4_semiprime
470153,470161,8,470157,4,0.5,783.6494346088981,d4_semiprime
470219,470227,8,470221,4,0.25,600.8041884586137,d4_semiprime
470303,470317,14,470309,4,0.42857142857142855,1358.3590842495485,d4_semiprime
470411,470413,2,470412,36,0.5,222.04319115256936,d8_plus
470471,470473,2,470472,16,0.5,91.43044207554858,d8_plus
470551,470579,28,470555,4,0.14285714285714285,1880.8826755800576,d4_semiprime
470647,470651,4,470648,8,0.25,195.9280223332129,d8_plus
470731,470749,18,470737,4,0.3333333333333333,1319.2681815581545,d4_semiprime
470863,470867,4,470865,8,0.5,182.87258027917042,d8_plus
470933,470941,8,470937,4,0.5,979.6859364808487,d4_semiprime
471041,471061,20,471043,4,0.1,1541.400799854027,d4_semiprime
471161,471173,12,471167,4,0.5,1136.478340948038,d4_semiprime
471253,471259,6,471256,8,0.5,378.8315457428385,d8_plus
471353,471389,36,471358,4,0.1388888888888889,2808.6311269850153,d4_semiprime
471481,471487,6,471483,6,0.3333333333333333,365.78194309903705,d6
471571,471589,18,471574,4,0.16666666666666666,1502.3420516331528,d4_semiprime
471649,471659,10,471651,4,0.2,587.8800722029969,d4_semiprime
471719,471721,2,471720,32,0.5,195.9621130230586,d8_plus
471841,471847,6,471842,8,0.16666666666666666,352.73892113283364,d8_plus
471929,471931,2,471930,16,0.5,91.45210163939262,d8_plus
472051,472057,6,472053,4,0.3333333333333333,692.4370682070659,d4_semiprime
472133,472139,6,472135,4,0.3333333333333333,248.23540363408006,d4_semiprime
472247,472249,2,472248,48,0.5,300.5009696571252,d8_plus
472319,472331,12,472321,4,0.16666666666666666,1411.065290049713,d4_semiprime
472411,472421,10,472414,4,0.3,1188.9711173814078,d4_semiprime
472559,472561,2,472560,80,0.5,509.5708800772636,d8_plus
472687,472691,4,472690,8,0.75,352.78719684694386,d8_plus
472763,472793,30,472769,4,0.2,2378.0812601185535,d4_semiprime
472883,472907,24,472889,4,0.25,1803.1948263436432,d4_semiprime
472993,473009,16,472999,4,0.375,1424.2870821576792,d4_semiprime
473147,473159,12,473149,4,0.16666666666666666,993.1051097919001,d4_semiprime
473219,473227,8,473221,8,0.25,875.5104059603505,d8_plus
473327,473351,24,473329,4,0.08333333333333333,2228.0197226277073,d4_semiprime
473441,473443,2,473442,16,0.5,91.47449284417675,d8_plus
473507,473513,6,473509,4,0.3333333333333333,483.51333904840817,d4_semiprime
473597,473611,14,473601,4,0.2857142857142857,1189.1993157512366,d4_semiprime
473723,473729,6,473727,8,0.6666666666666666,392.05152279009667,d8_plus
473857,473861,4,473859,12,0.5,561.9526156695973,d8_plus
473929,473939,10,473933,4,0.4,548.890570169362,d4_semiprime
474017,474029,12,474022,4,0.4166666666666667,692.6575388717259,d4_semiprime
474101,474119,18,474106,4,0.2777777777777778,1019.3973275505459,d4_semiprime
474197,474211,14,474203,4,0.42857142857142855,1359.2170775369752,d4_semiprime
474311,474319,8,474313,4,0.25,470.5066097864552,d4_semiprime
474391,474413,22,474401,4,0.45454545454545453,1555.307550899627,d4_semiprime
474499,474503,4,474501,8,0.5,379.03050898123223,d8_plus
474581,474583,2,474582,32,0.5,196.05284543384207,d8_plus
474707,474709,2,474708,48,0.5,300.6204686143697,d8_plus
474809,474811,2,474810,96,0.5,614.3214901407856,d8_plus
474917,474923,6,474919,4,0.3333333333333333,313.7016416522714,d4_semiprime
474977,474983,6,474979,4,0.3333333333333333,692.7644617202292,d4_semiprime
475103,475109,6,475105,4,0.3333333333333333,718.9210132216334,d4_semiprime
475219,475229,10,475221,4,0.2,588.2194876244815,d4_semiprime
475301,475327,26,475307,4,0.23076923076923078,2052.2614594483994,d4_semiprime
475381,475403,22,475382,4,0.045454545454545456,1725.4904205294652,d4_semiprime
475469,475483,14,475471,4,0.14285714285714285,1045.765583490593,d4_semiprime
475613,475619,6,475614,12,0.16666666666666666,483.67755355310794,d8_plus
475679,475681,2,475680,48,0.5,300.66751467933426,d8_plus
475753,475759,6,475754,4,0.16666666666666666,379.1071430978312,d4_semiprime
475831,475837,6,475833,4,0.3333333333333333,457.54883904161204,d4_semiprime
475903,475907,4,475905,8,0.5,418.33510474177615,d8_plus
475997,476009,12,475999,4,0.16666666666666666,1255.025167003052,d4_semiprime
476081,476087,6,476083,4,0.3333333333333333,352.9804430831337,d4_semiprime
476143,476167,24,476149,4,0.25,1856.4369512829317,d4_semiprime
476279,476299,20,476281,4,0.1,2157.172711542372,d4_semiprime
476401,476407,6,476402,4,0.16666666666666666,418.3687807658388,d4_semiprime
476507,476513,6,476509,4,0.3333333333333333,274.55912794960284,d4_semiprime
476611,476633,22,476614,4,0.13636363636363635,1660.4589361614917,d4_semiprime
476713,476719,6,476717,4,0.6666666666666666,418.38965952755336,d4_semiprime
476831,476849,18,476834,4,0.16666666666666666,1529.7674927743583,d4_semiprime
476911,476921,10,476915,4,0.4,679.9050054453975,d4_semiprime
477017,477019,2,477018,12,0.5,65.37654752503778,d8_plus
477149,477163,14,477151,4,0.14285714285714285,1333.7111175705709,d4_semiprime
477313,477317,4,477314,4,0.25,143.83525960223065,d4_semiprime
477439,477461,22,477443,4,0.18181818181818182,1765.2889098792268,d4_semiprime
477551,477553,2,477552,20,0.5,117.68785500147526,d8_plus
477637,477671,34,477643,4,0.17647058823529413,2746.0951067123974,d4_semiprime
477767,477769,2,477768,32,0.5,196.15320807002817,d8_plus
477839,477847,8,477842,4,0.375,823.8531452095353,d4_semiprime
477947,477973,26,477949,4,0.07692307692307693,2210.0610645586175,d4_semiprime
478069,478087,18,478073,4,0.2222222222222222,1700.078807787255,d4_semiprime
478171,478189,18,478174,4,0.16666666666666666,1320.8520729346124,d4_semiprime
478259,478271,12,478263,4,0.3333333333333333,1111.6232757093048,d4_semiprime
478391,478399,8,478393,4,0.25,510.04945154600176,d4_semiprime
478441,478451,10,478444,6,0.3,614.6800920814491,d6
478531,478571,40,478535,4,0.1,3086.529952459532,d4_semiprime
478637,478651,14,478649,4,0.8571428571428571,1085.5331780970937,d4_semiprime
478741,478747,6,478745,12,0.6666666666666666,510.0779176507689,d8_plus
478823,478831,8,478829,4,0.75,719.3502053122701,d4_semiprime
478901,478913,12,478903,4,0.16666666666666666,902.4691994993935,d4_semiprime
478967,478991,24,478969,4,0.08333333333333333,1818.0378927510708,d4_semiprime
479131,479137,6,479134,4,0.5,758.6248476956662,d4_semiprime
479221,479231,10,479222,4,0.1,640.9164890489752,d4_semiprime
479309,479317,8,479311,4,0.25,614.7650988513286,d4_semiprime
479429,479431,2,479430,48,0.5,300.8481230766871,d8_plus
479513,479533,20,479517,4,0.2,1831.2762261339053,d4_semiprime
479623,479629,6,479627,4,0.6666666666666666,379.34209963251124,d4_semiprime
479771,479777,6,479773,4,0.3333333333333333,575.5671701680699,d4_semiprime
479861,479879,18,479863,4,0.1111111111111111,1425.8582358283163,d4_semiprime
479953,479957,4,479954,4,0.25,222.3846180184192,d4_semiprime
480047,480049,2,480048,40,0.5,248.55118617980375,d8_plus
480113,480133,20,480118,4,0.25,1674.4702281792834,d4_semiprime
480287,480299,12,480289,4,0.16666666666666666,719.5184095210172,d4_semiprime
480367,480373,6,480371,4,0.6666666666666666,379.3870248416447,d4_semiprime
480449,480451,2,480450,24,0.5,143.90726288075956,d8_plus
480521,480527,6,480523,4,0.3333333333333333,510.2226282512519,d4_semiprime
480587,480647,60,480589,4,0.03333333333333333,5036.887244499026,d4_semiprime
480761,480773,12,480769,4,0.6666666666666666,928.9026769990651,d4_semiprime
480911,480919,8,480913,4,0.25,484.0873996254617,d4_semiprime
480989,481001,12,480991,4,0.16666666666666666,1164.4418392974885,d4_semiprime
481067,481073,6,481069,4,0.3333333333333333,693.43959954542,d4_semiprime
481141,481147,6,481142,4,0.16666666666666666,327.09805532803296,d4_semiprime
481207,481211,4,481209,4,0.5,248.59705741961508,d4_semiprime
481343,481363,20,481345,4,0.1,1635.5444129165503,d4_semiprime
481447,481469,22,481449,4,0.09090909090909091,1700.9949262737932,d4_semiprime
481577,481589,12,481583,4,0.5,915.9383399861562,d4_semiprime
481681,481693,12,481682,4,0.08333333333333333,824.3583286777442,d4_semiprime
481769,481787,18,481771,4,0.1111111111111111,1321.6088187125256,d4_semiprime
481849,481861,12,481853,4,0.3333333333333333,811.2947724423819,d4_semiprime
481997,482017,20,482003,4,0.3,1400.1710840006604,d4_semiprime
482093,482099,6,482095,4,0.3333333333333333,300.9756623478659,d4_semiprime
482213,482227,14,482215,4,0.14285714285714285,1295.5293976575756,d4_semiprime
482323,482347,24,482327,4,0.16666666666666666,2185.426790142028,d4_semiprime
482399,482401,2,482400,108,0.5,693.586032992941,d8_plus
482501,482507,6,482506,4,0.8333333333333334,458.0360032601521,d4_semiprime
482593,482597,4,482594,8,0.25,222.47787879374707,d8_plus
482683,482687,4,482686,4,0.75,130.87119338788656,d4_semiprime
482743,482753,10,482751,6,0.8,706.711596312549,d6
482827,482837,10,482831,4,0.4,772.1579959337575,d4_semiprime
482941,482947,6,482943,4,0.3333333333333333,562.7691907418513,d4_semiprime
483071,483097,26,483073,4,0.07692307692307693,2329.6536560747004,d4_semiprime
483211,483221,10,483213,4,0.2,536.6170674600236,d4_semiprime
483289,483317,28,483293,4,0.14285714285714285,2120.32047886885,d4_semiprime
483397,483407,10,483403,4,0.6,759.1391452888258,d4_semiprime
483499,483503,4,483501,4,0.5,196.33211338587077,d4_semiprime
483611,483619,8,483613,4,0.25,667.5412610093264,d4_semiprime
483709,483719,10,483711,4,0.2,706.8195052556117,d4_semiprime
483773,483787,14,483779,4,0.42857142857142855,1348.2069604117485,d4_semiprime
483863,483869,6,483866,8,0.5,405.77647019029746,d8_plus
483991,484019,28,483995,4,0.14285714285714285,2251.454069767053,d4_semiprime
484111,484117,6,484114,4,0.5,248.7114175515124,d4_semiprime
484193,484201,8,484199,4,0.75,981.768641969275,d4_semiprime
484303,484327,24,484307,4,0.16666666666666666,1531.5872997559788,d4_semiprime
484411,484417,6,484413,4,0.3333333333333333,634.8988344785358,d4_semiprime
484493,484531,38,484499,4,0.15789473684210525,3482.1781036583393,d4_semiprime
484621,484639,18,484629,4,0.4444444444444444,1282.9318708766893,d4_semiprime
484763,484769,6,484765,4,0.3333333333333333,484.3825324213118,d4_semiprime
484951,484987,36,484957,4,0.16666666666666666,2696.9185719122866,d4_semiprime
485063,485081,18,485066,4,0.16666666666666666,1440.1258244783867,d4_semiprime
485167,485171,4,485169,8,0.5,288.0295790547759,d8_plus
485347,485351,4,485349,4,0.5,222.5746118412849,d4_semiprime
485423,485437,14,485426,4,0.21428571428571427,995.0520746821255,d4_semiprime
485567,485587,20,485578,4,0.55,1872.3121685459296,d4_semiprime
485689,485701,12,485693,4,0.3333333333333333,942.7202242841515,d4_semiprime
485827,485831,4,485828,12,0.25,222.59140793162805,d8_plus
485959,485977,18,485963,4,0.2222222222222222,1112.9813513103336,d4_semiprime
486053,486061,8,486055,8,0.25,536.857353066253,d8_plus
486163,486179,16,486169,4,0.375,1283.2429666910434,d4_semiprime
486281,486293,12,486289,4,0.6666666666666666,955.9025661154992,d4_semiprime
486349,486377,28,486357,4,0.2857142857142857,2330.857959606301,d4_semiprime
486443,486449,6,486445,8,0.3333333333333333,314.2771194804276,d8_plus
486539,486559,20,486547,4,0.4,2042.8337784147675,d4_semiprime
486641,486643,2,486642,32,0.5,196.42926028200566,d8_plus
486683,486697,14,486686,4,0.21428571428571427,1060.7259452588164,d4_semiprime
486797,486817,20,486799,4,0.1,1597.6661994236874,d4_semiprime
486929,486943,14,486931,4,0.14285714285714285,798.849141926253,d4_semiprime
487013,487021,8,487019,4,0.75,641.7066282899782,d4_semiprime
487099,487111,12,487106,4,0.5833333333333334,1008.4100917575839,d4_semiprime
487219,487247,28,487223,4,0.14285714285714285,2108.5358877500967,d4_semiprime
487363,487381,18,487367,4,0.2222222222222222,1401.3557573564212,d4_semiprime
487429,487447,18,487433,4,0.2222222222222222,1427.564095409253,d4_semiprime
487489,487507,18,487493,4,0.2222222222222222,1466.8684473576516,d4_semiprime
487649,487651,2,487650,24,0.5,144.07088535840177,d8_plus
487727,487733,6,487731,4,0.6666666666666666,563.193180370708,d4_semiprime
487811,487819,8,487813,8,0.25,851.3498992492038,d8_plus
487897,487933,36,487901,4,0.1111111111111111,2920.8303739430785,d4_semiprime
488009,488011,2,488010,16,0.5,91.68663823500026,d8_plus
488149,488153,4,488151,12,0.5,406.04979015340473,d8_plus
488227,488231,4,488230,8,0.75,275.0693201925034,d8_plus
488303,488309,6,488305,8,0.3333333333333333,497.75049413749247,d8_plus
488347,488353,6,488351,8,0.6666666666666666,445.3587777418603,d8_plus
488441,488459,18,488443,4,0.1111111111111111,1309.899063036523,d4_semiprime
488603,488611,8,488606,4,0.375,694.2637113752689,d4_semiprime
488651,488687,36,488657,4,0.16666666666666666,2763.9821423649323,d4_semiprime
488743,488749,6,488747,4,0.6666666666666666,432.2867735380923,d4_semiprime
488833,488861,28,488837,4,0.14285714285714285,2135.267590934311,d4_semiprime
488959,488981,22,488962,4,0.13636363636363635,1716.1073087945454,d4_semiprime
489061,489101,40,489063,4,0.05,2934.4642991564274,d4_semiprime
489179,489191,12,489183,4,0.3333333333333333,877.7331515703229,d4_semiprime
489283,489299,16,489287,4,0.25,1427.977649795976,d4_semiprime
489389,489407,18,489395,4,0.3333333333333333,1493.5062446514496,d4_semiprime
489479,489487,8,489481,4,0.25,497.84195364533497,d4_semiprime
489571,489613,42,489574,4,0.07142857142857142,3393.244330160139,d4_semiprime
489689,489691,2,489690,24,0.5,144.1168059849781,d8_plus
489803,489817,14,489805,4,0.14285714285714285,1270.8716939218828,d4_semiprime
489887,489901,14,489889,4,0.14285714285714285,1637.7429501971526,d4_semiprime
489961,489977,16,489963,4,0.125,1218.4953033688344,d4_semiprime
490057,490097,40,490058,4,0.025,2515.644642218599,d4_semiprime
490169,490183,14,490174,4,0.35714285714285715,1310.2520217661904,d4_semiprime
490267,490271,4,490269,12,0.5,262.0541879411618,d8_plus
490393,490417,24,490397,4,0.16666666666666666,1729.594581480843,d4_semiprime
490499,490519,20,490502,4,0.15,1952.3763679381775,d4_semiprime
490573,490577,4,490576,10,0.75,288.27332981764977,d8_plus
490643,490661,18,490645,4,0.1111111111111111,1742.7637765592312,d4_semiprime
490783,490829,46,490787,4,0.08695652173913043,3564.2352847285524,d4_semiprime
490921,490927,6,490923,6,0.3333333333333333,366.9132714486987,d6
490991,490993,2,490992,40,0.5,248.97947915393308,d8_plus
491129,491137,8,491131,4,0.25,773.1636426994426,d4_semiprime
491219,491251,32,491221,4,0.0625,2817.5058579345805,d4_semiprime
491329,491333,4,491332,6,0.75,157.25846959237833,d6
491377,491417,40,491401,3,0.6,3662.8501708956833,d3_prime_square
491501,491503,2,491502,24,0.5,144.1574341651078,d8_plus
491593,491611,18,491597,4,0.2222222222222222,1402.280565586148,d4_semiprime
491677,491707,30,491681,4,0.13333333333333333,2241.0590997036406,d4_semiprime
491789,491797,8,491791,4,0.25,747.0313062533122,d4_semiprime
491873,491899,26,491879,4,0.23076923076923078,1952.7941600456857,d4_semiprime
492007,492013,6,492011,4,0.6666666666666666,432.50642509500125,d4_semiprime
492067,492077,10,492069,4,0.2,799.4893035428961,d4_semiprime
492257,492281,24,492259,4,0.08333333333333333,1848.0560028028885,d4_semiprime
492403,492409,6,492406,4,0.5,668.4600180265121,d4_semiprime
492491,492511,20,492493,4,0.1,1717.049415368171,d4_semiprime
492619,492629,10,492623,4,0.4,747.1275846190857,d4_semiprime
492707,492719,12,492715,4,0.6666666666666666,773.3531281543461,d4_semiprime
492769,492781,12,492773,4,0.3333333333333333,878.2233970896145,d4_semiprime
492901,492911,10,492907,4,0.6,445.67455063008936,d4_semiprime
493043,493049,6,493046,4,0.5,301.4921999690342,d4_semiprime
493127,493133,6,493131,4,0.6666666666666666,458.7984230120843,d4_semiprime
493201,493211,10,493205,4,0.4,576.7821168377036,d4_semiprime
493279,493291,12,493282,4,0.25,1337.1022429868067,d4_semiprime
493397,493399,2,493398,16,0.5,91.76350000694026,d8_plus
493481,493523,42,493483,4,0.047619047619047616,3749.254503782066,d4_semiprime
493607,493621,14,493609,4,0.14285714285714285,1310.9509316769875,d4_semiprime
493721,493729,8,493723,4,0.25,957.0106075083964,d4_semiprime
493813,493817,4,493814,4,0.25,196.6487556318214,d4_semiprime
493931,493937,6,493933,8,0.3333333333333333,393.30473576567374,d8_plus
494029,494041,12,494031,4,0.16666666666666666,1088.1602309976245,d4_semiprime
494101,494107,6,494103,4,0.3333333333333333,275.32051516361156,d4_semiprime
494237,494251,14,494239,4,0.14285714285714285,996.4197430048637,d4_semiprime
494327,494341,14,494329,4,0.14285714285714285,1297.9861140971905,d4_semiprime
494407,494413,6,494409,8,0.3333333333333333,380.2224838417285,d8_plus
494539,494561,22,494545,4,0.2727272727272727,1756.9281629382765,d4_semiprime
494621,494639,18,494623,4,0.1111111111111111,1180.0406554858246,d4_semiprime
494699,494713,14,494701,4,0.14285714285714285,1402.9535571507158,d4_semiprime
494749,494759,10,494757,6,0.8,629.3671311582959,d6
494873,494899,26,494878,4,0.19230769230769232,1743.9067218301318,d4_semiprime
494987,495017,30,494993,4,0.2,2884.7096610269773,d4_semiprime
495113,495119,6,495115,4,0.3333333333333333,406.48898828061056,d4_semiprime
495199,495211,12,495202,4,0.25,931.003676404809,d4_semiprime
495307,495323,16,495309,4,0.125,1258.84331929963,d4_semiprime
495377,495389,12,495379,4,0.16666666666666666,957.2550425214171,d4_semiprime
495449,495457,8,495452,6,0.375,786.7936684916607,d6
495563,495569,6,495565,8,0.3333333333333333,485.19787351021847,d8_plus
495619,495629,10,495622,4,0.3,721.2465836245578,d4_semiprime
495713,495749,36,495721,4,0.2222222222222222,3212.8777884953347,d4_semiprime
495797,495799,2,495798,8,0.5,39.341771594071375,d8_plus
495899,495923,24,495901,4,0.08333333333333333,1809.7519358206457,d4_semiprime
495973,495983,10,495977,4,0.4,721.2856678673222,d4_semiprime
496079,496123,44,496081,4,0.045454545454545456,3593.380839680586,d4_semiprime
496231,496259,28,496234,4,0.10714285714285714,2032.7981343730219,d4_semiprime
496333,496339,6,496334,4,0.16666666666666666,406.56524414904385,d4_semiprime
496459,496471,12,496462,4,0.25,1154.1438411036354,d4_semiprime
496549,496579,30,496553,4,0.13333333333333333,1888.6273767488826,d4_semiprime
496703,496711,8,496707,4,0.5,747.5979520887646,d4_semiprime
496817,496841,24,496819,4,0.08333333333333333,1875.5883017819033,d4_semiprime
496901,496913,12,496907,4,0.5,1049.292741732842,d4_semiprime
497017,497041,24,497018,4,0.041666666666666664,2131.416285786401,d4_semiprime
497117,497137,20,497121,4,0.2,1587.1085928722532,d4_semiprime
497257,497261,4,497258,8,0.25,380.3891507411998,d8_plus
497309,497323,14,497311,4,0.14285714285714285,1010.0073939428225,d4_semiprime
497423,497449,26,497429,4,0.23076923076923078,2124.99054662972,d4_semiprime
497509,497521,12,497512,8,0.25,1114.9774561565735,d8_plus
497597,497603,6,497599,4,0.3333333333333333,472.23185749597775,d4_semiprime
497701,497711,10,497702,4,0.1,524.7106450484026,d4_semiprime
497801,497813,12,497803,4,0.16666666666666666,944.4937549516634,d4_semiprime
497899,497929,30,497903,4,0.13333333333333333,2479.3357617144306,d4_semiprime
497999,498013,14,498001,4,0.14285714285714285,1259.3629213986565,d4_semiprime
498103,498119,16,498107,4,0.25,1128.197375824767,d4_semiprime
498257,498259,2,498258,16,0.5,91.83211305899981,d8_plus
498391,498397,6,498395,4,0.6666666666666666,432.93183689789953,d4_semiprime
498469,498493,24,498471,4,0.08333333333333333,2112.210737562091,d4_semiprime
498577,498583,6,498581,4,0.6666666666666666,432.9441822445986,d4_semiprime
498679,498689,10,498682,4,0.3,944.6202569447347,d4_semiprime
498779,498781,2,498780,72,0.5,459.1972138513616,d8_plus
498859,498881,22,498863,4,0.18181818181818182,1587.5322412755331,d4_semiprime
498973,498977,4,498975,12,0.5,301.7671673017961,d8_plus
499067,499099,32,499071,4,0.125,2453.5386446014604,d4_semiprime
499151,499157,6,499153,4,0.3333333333333333,380.4994243794051,d4_semiprime
499253,499267,14,499259,4,0.42857142857142855,1167.7585190118182,d4_semiprime
499361,499363,2,499362,8,0.5,39.363259687869444,d8_plus
499459,499481,22,499461,4,0.09090909090909091,1836.9819916911993,d4_semiprime
499559,499571,12,499561,4,0.16666666666666666,1010.3546606392357,d4_semiprime
499649,499661,12,499651,4,0.16666666666666666,1089.0989586159267,d4_semiprime
499693,499711,18,499697,4,0.2222222222222222,1390.9072551258255,d4_semiprime
499801,499819,18,499803,4,0.1111111111111111,866.0510902122517,d4_semiprime
499943,499957,14,499945,4,0.14285714285714285,1325.3486246124153,d4_semiprime
500057,500069,12,500059,4,0.16666666666666666,761.1042894397226,d4_semiprime
500153,500167,14,500161,4,0.5714285714285714,1167.9187960373006,d4_semiprime
500233,500237,4,500234,8,0.25,144.35116993498306,d8_plus
500321,500333,12,500323,4,0.16666666666666666,852.9960996456242,d4_semiprime
500417,500431,14,500419,4,0.14285714285714285,1036.733656435846,d4_semiprime
500509,500519,10,500513,4,0.4,564.3057785514168,d4_semiprime
500671,500677,6,500673,8,0.3333333333333333,367.46391711824367,d8_plus
500741,500777,36,500749,4,0.2222222222222222,2979.1203919826394,d4_semiprime
500861,500873,12,500863,4,0.16666666666666666,997.4312765735519,d4_semiprime
500923,500933,10,500924,6,0.1,590.5898085460187,d6
501019,501029,10,501023,4,0.4,1023.703818298065,d4_semiprime
501121,501131,10,501127,4,0.6,708.7290677122389,d4_semiprime
501197,501203,6,501199,4,0.3333333333333333,669.3627975733482,d4_semiprime
501271,501287,16,501283,4,0.75,1010.6187544143652,d4_semiprime
501383,501401,18,501386,4,0.16666666666666666,1509.391689040859,d4_semiprime
501503,501511,8,501506,4,0.375,643.1432653875921,d4_semiprime
501637,501659,22,501639,4,0.09090909090909091,1640.7066410215534,d4_semiprime
501769,501779,10,501773,4,0.4,656.2952449399493,d4_semiprime
501863,501889,26,501869,4,0.23076923076923078,1968.916203599982,d4_semiprime
501997,502001,4,501999,8,0.5,380.6642726969388,d8_plus
502081,502087,6,502085,4,0.6666666666666666,341.28963640809553,d4_semiprime
502181,502217,36,502187,4,0.16666666666666666,3019.153591840195,d4_semiprime
502321,502339,18,502323,4,0.1111111111111111,1352.0824283460026,d4_semiprime
502487,502499,12,502489,4,0.16666666666666666,1010.8048406460483,d4_semiprime
502591,502597,6,502594,4,0.5,472.5913906554373,d4_semiprime
502687,502699,12,502693,4,0.5,735.1530921290613,d4_semiprime
502787,502807,20,502791,4,0.2,1667.2484600290122,d4_semiprime
502919,502921,2,502920,96,0.5,617.0247603632346,d8_plus
503039,503053,14,503045,4,0.42857142857142855,1404.7425928322066,d4_semiprime
503197,503207,10,503201,4,0.4,853.3684648892358,d4_semiprime
503287,503297,10,503291,4,0.4,603.9306800713972,d4_semiprime
503381,503383,2,503382,32,0.5,196.93656906285995,d8_plus
503453,503483,30,503465,4,0.4,2428.9164319598553,d4_semiprime
503599,503609,10,503601,8,0.2,945.3273650919588,d8_plus
503663,503707,44,503665,4,0.045454545454545456,3715.7069450789795,d4_semiprime
503791,503803,12,503794,4,0.25,945.3549151671957,d4_semiprime
503879,503911,32,503881,4,0.0625,2954.2767417541363,d4_semiprime
503969,503983,14,503971,4,0.14285714285714285,1523.1130565509623,d4_semiprime
504073,504103,30,504074,4,0.03333333333333333,2435.7087987451628,d4_semiprime
504181,504187,6,504182,8,0.16666666666666666,459.57440339350273,d8_plus
504299,504307,8,504301,4,0.25,840.3796737252369,d4_semiprime
504359,504377,18,504362,4,0.16666666666666666,1365.630197364886,d4_semiprime
504479,504521,42,504481,4,0.047619047619047616,3663.6388507673664,d4_semiprime
504607,504617,10,504611,4,0.4,643.4456780015869,d4_semiprime
504683,504727,44,504685,4,0.045454545454545456,3519.303614213196,d4_semiprime
504851,504853,2,504852,12,0.5,65.66010297998682,d8_plus
504937,504943,6,504941,4,0.6666666666666666,249.51171477954838,d4_semiprime
505027,505031,4,505028,6,0.25,105.05897103888472,d6
505073,505091,18,505081,4,0.4444444444444444,1589.029493750802,d4_semiprime
505157,505159,2,505158,16,0.5,91.92838571427428,d8_plus
505277,505279,2,505278,20,0.5,118.19577646656168,d8_plus
505339,505357,18,505343,4,0.2222222222222222,1510.2950651524447,d4_semiprime
505447,505459,12,505451,4,0.3333333333333333,1011.2570257157114,d4_semiprime
505523,505537,14,505534,4,0.7857142857142857,1168.8692849048066,d4_semiprime
505619,505633,14,505621,4,0.14285714285714285,1379.0230745273857,d4_semiprime
505693,505709,16,505697,4,0.25,1142.6319475266687,d4_semiprime
505811,505819,8,505813,8,0.25,827.4374893681158,d8_plus
505927,505949,22,505929,4,0.09090909090909091,1576.1001791115893,d4_semiprime
506101,506113,12,506105,4,0.3333333333333333,958.818881707922,d4_semiprime
506201,506213,12,506203,4,0.16666666666666666,761.8127127079671,d4_semiprime
506329,506333,4,506332,6,0.75,367.77847489393827,d6
506393,506417,24,506395,4,0.08333333333333333,2035.939482799025,d4_semiprime
506501,506507,6,506503,4,0.3333333333333333,538.5468388309449,d4_semiprime
506591,506593,2,506592,36,0.5,223.30284082284956,d8_plus
506687,506689,2,506688,112,0.5,722.4607889692109,d8_plus
506791,506797,6,506795,4,0.6666666666666666,433.4833565840935,d4_semiprime
506893,506899,6,506894,4,0.16666666666666666,538.5785814322531,d4_semiprime
506993,506999,6,506995,4,0.3333333333333333,262.72516983226654,d4_semiprime
507103,507109,6,507106,4,0.5,617.414273636435,d4_semiprime
507163,507193,30,507167,4,0.13333333333333333,2259.49810558645,d4_semiprime
507329,507347,18,507333,4,0.2222222222222222,1274.282513945914,d4_semiprime
507421,507431,10,507427,4,0.6,696.2666721482298,d4_semiprime
507557,507571,14,507559,4,0.14285714285714285,972.1660811316602,d4_semiprime
507667,507673,6,507671,4,0.6666666666666666,459.8156087935682,d4_semiprime
507757,507779,22,507758,4,0.045454545454545456,1234.9511951862319,d4_semiprime
507839,507883,44,507841,4,0.045454545454545456,3731.180628822852,d4_semiprime
507961,507971,10,507963,4,0.2,670.0467068010294,d4_semiprime
508073,508087,14,508078,4,0.35714285714285715,1182.4555109603148,d4_semiprime
508187,508213,26,508189,4,0.07692307692307693,2378.0922802458153,d4_semiprime
508273,508297,24,508279,4,0.25,1800.0148924704004,d4_semiprime
508373,508393,20,508379,4,0.3,1721.20760594695,d4_semiprime
508489,508499,10,508498,4,0.9,551.8467769887117,d4_semiprime
508577,508579,2,508578,16,0.5,91.97561712526414,d8_plus
508693,508709,16,508697,4,0.25,1103.7278541514236,d4_semiprime
508841,508847,6,508843,4,0.3333333333333333,407.33676434851975,d4_semiprime
508931,508943,12,508933,4,0.16666666666666666,880.3851625051967,d4_semiprime
509023,509027,4,509024,12,0.25,302.22580936457854,d8_plus
509123,509137,14,509127,4,0.2857142857142857,1327.185904903549,d4_semiprime
509263,509281,18,509273,4,0.5555555555555556,1379.7775667269984,d4_semiprime
509363,509389,26,509365,4,0.07692307692307693,1892.2960070783438,d4_semiprime
509477,509513,36,509479,4,0.05555555555555555,2707.0818956613703,d4_semiprime
509573,509581,8,509577,4,0.5,906.7522796615733,d4_semiprime
509659,509681,22,509662,4,0.13636363636363635,1576.9825446331781,d4_semiprime
509737,509741,4,509738,4,0.25,328.54139588425545,d4_semiprime
509837,509843,6,509839,4,0.3333333333333333,459.9647927442385,d4_semiprime
509939,509947,8,509941,4,0.25,433.68771911719,d4_semiprime
510049,510061,12,510053,4,0.3333333333333333,893.6746310590117,d4_semiprime
510121,510127,6,510122,8,0.16666666666666666,381.1298877832794,d8_plus
510227,510233,6,510229,8,0.3333333333333333,578.275170309407,d8_plus
510311,510319,8,510313,4,0.25,446.85457693002814,d4_semiprime
510449,510451,2,510450,48,0.5,302.2901032777347,d8_plus
510553,510569,16,510557,4,0.25,1038.317931353358,d4_semiprime
510619,510677,58,510621,4,0.034482758620689655,4403.050069820566,d4_semiprime
510773,510793,20,510779,4,0.3,1603.5311407217823,d4_semiprime
510907,510919,12,510911,4,0.3333333333333333,749.2054396173945,d4_semiprime
511019,511033,14,511022,4,0.21428571428571427,1301.273213198527,d4_semiprime
511123,511151,28,511127,4,0.14285714285714285,2103.1024998190023,d4_semiprime
511193,511201,8,511199,4,0.75,933.2605139481223,d4_semiprime
511279,511289,10,511282,4,0.3,972.7061468182198,d4_semiprime
511387,511391,4,511389,6,0.5,184.02840555926306,d6
511463,511477,14,511465,4,0.14285714285714285,920.1531143629786,d4_semiprime
511559,511573,14,511561,4,0.14285714285714285,1735.169858614107,d4_semiprime
511633,511669,36,511637,4,0.1111111111111111,2629.0803625279846,d4_semiprime
511793,511801,8,511795,4,0.25,644.1385931281342,d4_semiprime
511873,511891,18,511877,4,0.2222222222222222,1748.3979283717927,d4_semiprime
511991,511997,6,511993,4,0.3333333333333333,617.8651617350423,d4_semiprime
512101,512137,36,512103,4,0.05555555555555555,2800.1647461359867,d4_semiprime
512287,512311,24,512293,4,0.25,1985.1461355117458,d4_semiprime
512443,512467,24,512447,4,0.16666666666666666,2129.808937068248,d4_semiprime
512543,512569,26,512549,4,0.23076923076923078,2576.8444889298257,d4_semiprime
512609,512621,12,512611,4,0.16666666666666666,1012.3406751235618,d4_semiprime
512711,512713,2,512712,24,0.5,144.62216519298,d8_plus
512797,512803,6,512801,4,0.6666666666666666,565.3485670369788,d4_semiprime
512903,512917,14,512909,4,0.42857142857142855,1235.8981132480917,d4_semiprime
512999,513001,2,513000,128,0.5,828.3259608216331,d8_plus
513059,513067,8,513061,4,0.25,696.8520955813044,d4_semiprime
513157,513167,10,513158,4,0.1,670.5656958983982,d4_semiprime
513269,513277,8,513273,4,0.5,552.2396053873744,d4_semiprime
513347,513353,6,513349,4,0.3333333333333333,460.2049798251309,d4_semiprime
513431,513439,8,513433,4,0.25,617.9972763763957,d4_semiprime
513533,513593,60,513537,4,0.06666666666666667,5022.967095742073,d4_semiprime
513691,513697,6,513693,6,0.3333333333333333,368.1827581132055,d6
513767,513769,2,513768,16,0.5,92.04668956472618,d8_plus
513899,513917,18,513901,4,0.1111111111111111,1656.8747420450256,d4_semiprime
514001,514009,8,514006,4,0.625,775.8494753618027,d4_semiprime
514079,514081,2,514080,192,0.5,1249.2627465632202,d8_plus
514177,514187,10,514181,4,0.4,736.4186373857317,d4_semiprime
514271,514277,6,514273,4,0.3333333333333333,486.5688624004891,d4_semiprime
514361,514379,18,514363,4,0.1111111111111111,1538.6316014776817,d4_semiprime
514513,514519,6,514517,4,0.6666666666666666,368.22745910942643,d4_semiprime
514621,514637,16,514622,4,0.0625,1249.364067781694,d4_semiprime
514681,514711,30,514687,4,0.2,2722.326358396409,d4_semiprime
514769,514783,14,514771,4,0.14285714285714285,946.9071435487065,d4_semiprime
514853,514859,6,514857,8,0.6666666666666666,381.3976100304314,d8_plus
514949,514967,18,514951,4,0.1111111111111111,1433.550666731905,d4_semiprime
515153,515173,20,515157,4,0.2,1736.095371622934,d4_semiprime
515293,515311,18,515297,4,0.2222222222222222,1446.7760343784041,d4_semiprime
515377,515381,4,515378,4,0.25,170.9845712103068,d4_semiprime
515563,515579,16,515566,4,0.1875,1302.1498409775181,d4_semiprime
515653,515663,10,515657,4,0.4,881.2643507930642,d4_semiprime
515741,515761,20,515751,4,0.5,1762.5530430141973,d4_semiprime
515839,515843,4,515841,4,0.5,486.68142681358023,d4_semiprime
515929,515941,12,515939,4,0.8333333333333334,683.9943394724862,d4_semiprime
516053,516077,24,516062,4,0.375,1959.943966714916,d4_semiprime
516163,516169,6,516167,4,0.6666666666666666,618.2466919338481,d4_semiprime
516233,516247,14,516237,4,0.2857142857142857,1289.124055027901,d4_semiprime
516323,516349,26,516331,4,0.3076923076923077,2104.7223658710036,d4_semiprime
516421,516431,10,516422,4,0.1,776.1266311576662,d4_semiprime
516499,516517,18,516506,4,0.3888888888888889,1565.4272324719047,d4_semiprime
516599,516611,12,516601,4,0.16666666666666666,1644.378676164564,d4_semiprime
516679,516689,10,516683,4,0.4,670.9144970540027,d4_semiprime
516757,516793,36,516761,4,0.1111111111111111,2986.26743979393,d4_semiprime
516877,516883,6,516881,4,0.6666666666666666,802.4895232426875,d4_semiprime
516973,516977,4,516974,4,0.25,276.27076119947856,d4_semiprime
517073,517079,6,517078,4,0.8333333333333334,434.1461743008185,d4_semiprime
517177,517183,6,517181,4,0.6666666666666666,328.9036447828609,d4_semiprime
517243,517249,6,517246,4,0.5,697.2825147054374,d4_semiprime
517337,517343,6,517339,8,0.3333333333333333,407.85010744087856,d8_plus
517411,517417,6,517414,4,0.5,302.60174862792024,d4_semiprime
517499,517501,2,517500,90,0.5,578.8976513813531,d8_plus
517571,517577,6,517573,4,0.3333333333333333,486.80556887440235,d4_semiprime
517637,517639,2,517638,48,0.5,302.61172301049913,d8_plus
517747,517817,70,517749,4,0.02857142857142857,5881.315289808345,d4_semiprime
517919,517927,8,517921,4,0.25,999.9760090895809,d4_semiprime
517999,518017,18,518002,4,0.16666666666666666,1921.0308761510378,d4_semiprime
518113,518123,10,518117,4,0.4,447.37060517415875,d4_semiprime
518179,518191,12,518183,4,0.3333333333333333,828.9595381179215,d4_semiprime
518261,518291,30,518263,4,0.06666666666666667,1934.2647788254221,d4_semiprime
518411,518417,6,518413,8,0.3333333333333333,447.390019903667,d8_plus
518509,518521,12,518515,4,0.5,1210.6029247680196,d4_semiprime
518621,518657,36,518627,4,0.16666666666666666,2816.0177349644173,d4_semiprime
518741,518743,2,518742,48,0.5,302.6607243605918,d8_plus
518803,518807,4,518806,8,0.75,486.8934692330433,d8_plus
518911,518933,22,518917,4,0.2727272727272727,1723.8957880796984,d4_semiprime
519037,519067,30,519041,4,0.13333333333333333,2579.313056019098,d4_semiprime
519121,519131,10,519127,4,0.6,618.5154705453291,d4_semiprime
519247,519257,10,519251,4,0.4,842.2491557608332,d4_semiprime
519349,519353,4,519352,8,0.75,407.97035374862475,d8_plus
519427,519433,6,519431,4,0.6666666666666666,513.2590137848672,d4_semiprime
519527,519539,12,519529,4,0.16666666666666666,802.8018491636728,d4_semiprime
519619,519643,24,519621,4,0.08333333333333333,1658.2701636681284,d4_semiprime
519733,519737,4,519734,4,0.25,144.77182934235427,d4_semiprime
519863,519881,18,519866,4,0.16666666666666666,1381.940576346126,d4_semiprime
519943,519947,4,519946,8,0.75,223.7451236743191,d8_plus
520031,520043,12,520033,4,0.16666666666666666,763.375946339445,d4_semiprime
520129,520151,22,520133,4,0.18181818181818182,1868.983718246716,d4_semiprime
520307,520309,2,520308,36,0.5,223.75699578938418,d8_plus
520369,520379,10,520378,4,0.9,644.9528193297423,d4_semiprime
520433,520447,14,520435,4,0.14285714285714285,934.5325373195509,d4_semiprime
520589,520607,18,520593,4,0.2222222222222222,1408.4122234291258,d4_semiprime
520691,520699,8,520697,4,0.75,802.9381077762708,d4_semiprime
520763,520787,24,520771,4,0.3333333333333333,1882.31978698968,d4_semiprime
520913,520921,8,520915,4,0.25,579.1873161016913,d4_semiprime
521009,521021,12,521011,4,0.16666666666666666,1026.7556280358363,d4_semiprime
521107,521119,12,521113,4,0.5,987.2792427617491,d4_semiprime
521179,521201,22,521187,4,0.36363636363636365,1921.9247384168643,d4_semiprime
521309,521317,8,521311,6,0.25,566.0565828214386,d6
521377,521393,16,521383,4,0.375,1105.796514213361,d4_semiprime
521491,521497,6,521494,4,0.5,408.09806750125716,d4_semiprime
521551,521557,6,521553,4,0.3333333333333333,460.75991402061146,d4_semiprime
521669,521671,2,521670,16,0.5,92.15353338130957,d8_plus
521767,521777,10,521769,4,0.2,658.2492918249142,d4_semiprime
521861,521869,8,521863,4,0.25,460.78076277475043,d4_semiprime
521929,521981,52,521931,4,0.038461538461538464,4041.758489368107,d4_semiprime
522059,522061,2,522060,96,0.5,618.7802767310418,d8_plus
522161,522167,6,522163,4,0.3333333333333333,276.48048069924715,d4_semiprime
522239,522251,12,522241,4,0.16666666666666666,1224.4276230495,d4_semiprime
522337,522371,34,522338,4,0.029411764705882353,2988.7047241048344,d4_semiprime
522449,522469,20,522451,4,0.1,1856.4482921899798,d4_semiprime
522553,522569,16,522559,4,0.375,1105.9857539416785,d4_semiprime
522673,522677,4,522674,4,0.25,381.8347580465961,d4_semiprime
522749,522757,8,522751,4,0.25,1013.8484636015658,d4_semiprime
522839,522853,14,522843,4,0.2857142857142857,1198.2009207614624,d4_semiprime
522943,522947,4,522946,8,0.75,184.3412363131473,d8_plus
523049,523093,44,523051,4,0.045454545454545456,3436.709941039659,d4_semiprime
523213,523219,6,523214,8,0.16666666666666666,697.8907396088035,d8_plus
523357,523387,30,523361,4,0.13333333333333333,2370.2487268251316,d4_semiprime
523463,523487,24,523465,4,0.08333333333333333,1764.5447681356172,d4_semiprime
523553,523571,18,523555,4,0.1111111111111111,1409.0200958062194,d4_semiprime
523639,523657,18,523643,4,0.2222222222222222,1698.7460962626958,d4_semiprime
523741,523759,18,523747,4,0.3333333333333333,1488.0708977607749,d4_semiprime
523847,523867,20,523851,4,0.2,1593.4453530978665,d4_semiprime
523969,523987,18,523973,4,0.2222222222222222,1435.4434055435088,d4_semiprime
524081,524087,6,524083,4,0.3333333333333333,381.91281423424863,d4_semiprime
524171,524189,18,524177,4,0.3333333333333333,1455.2393880036957,d4_semiprime
524243,524257,14,524245,4,0.14285714285714285,1185.2751935354854,d4_semiprime
524351,524353,2,524352,28,0.5,171.20894041551932,d8_plus
524453,524497,44,524455,4,0.045454545454545456,3529.602233343378,d4_semiprime
524599,524633,34,524603,4,0.11764705882352941,2818.469908888378,d4_semiprime
524743,524789,46,524747,4,0.08695652173913043,3608.7733761641384,d4_semiprime
524863,524869,6,524866,4,0.5,460.98142423931284,d4_semiprime
524941,524947,6,524945,8,0.6666666666666666,566.3549848968258,d8_plus
524983,524999,16,524989,4,0.375,1159.059875449803,d4_semiprime
525127,525137,10,525131,4,0.4,724.4272906619664,d4_semiprime
525199,525209,10,525201,4,0.2,816.6353968832697,d4_semiprime
525313,525353,40,525314,4,0.025,2910.965594532377,d4_semiprime
525397,525409,12,525401,4,0.3333333333333333,1145.9571305797783,d4_semiprime
525467,525491,24,525478,4,0.4583333333333333,1870.433088782835,d4_semiprime
525583,525593,10,525587,4,0.4,698.1304416543858,d4_semiprime
525697,525709,12,525701,4,0.3333333333333333,922.0744756074921,d4_semiprime
525773,525781,8,525779,4,0.75,737.667584428053,d4_semiprime
525893,525913,20,525898,4,0.25,1435.8431918841527,d4_semiprime
525979,525983,4,525981,4,0.5,513.747733567615,d4_semiprime
526069,526073,4,526070,16,0.25,382.02255244435514,d8_plus
526159,526189,30,526166,4,0.23333333333333334,2634.677530696493,d4_semiprime
526271,526283,12,526273,4,0.16666666666666666,843.1093062192452,d4_semiprime
526381,526387,6,526382,4,0.16666666666666666,487.43012594102856,d4_semiprime
526459,526483,24,526463,4,0.16666666666666666,1962.9185820659777,d4_semiprime
526573,526583,10,526574,4,0.1,974.8874551293416,d4_semiprime
526651,526657,6,526655,4,0.6666666666666666,606.0178215672453,d4_semiprime
526717,526733,16,526719,4,0.125,1080.3035089654536,d4_semiprime
526829,526831,2,526830,32,0.5,197.61949792257016,d8_plus
526931,526937,6,526933,4,0.3333333333333333,750.9651799932111,d4_semiprime
527053,527057,4,527054,8,0.25,184.45084450698278,d8_plus
527129,527143,14,527134,4,0.35714285714285715,1396.5728131996432,d4_semiprime
527209,527237,28,527213,4,0.14285714285714285,2042.1837352014645,d4_semiprime
527347,527353,6,527349,4,0.3333333333333333,632.4298614740133,d4_semiprime
527411,527419,8,527417,4,0.75,368.9208114133459,d4_semiprime
527557,527563,6,527559,4,0.3333333333333333,724.6810441630788,d4_semiprime
527633,527671,38,527635,4,0.05263157894736842,2911.9397390053205,d4_semiprime
527789,527803,14,527791,4,0.14285714285714285,1594.3525490915654,d4_semiprime
527897,527909,12,527899,4,0.16666666666666666,1106.8401264433187,d4_semiprime
527993,528001,8,527999,4,0.75,1225.446981313996,d4_semiprime
528107,528127,20,528109,4,0.1,1752.5510707764224,d4_semiprime
528197,528217,20,528202,4,0.25,1594.4462987855984,d4_semiprime
528317,528329,12,528319,4,0.16666666666666666,1041.0193819057977,d4_semiprime
528419,528433,14,528421,4,0.14285714285714285,1120.10110125298,d4_semiprime
528559,528611,52,528566,4,0.1346153846153846,3768.8957677614003,d4_semiprime
528679,528691,12,528681,4,0.16666666666666666,777.510751281123,d4_semiprime
528799,528811,12,528803,4,0.3333333333333333,1172.875274914258,d4_semiprime
528881,528883,2,528882,16,0.5,92.2496443650353,d8_plus
528991,529003,12,528997,4,0.5,882.9754524424209,d4_semiprime
529051,529097,46,529054,4,0.06521739130434782,3690.0873590896817,d4_semiprime
529157,529181,24,529162,4,0.20833333333333334,1713.2782107359437,d4_semiprime
529271,529273,2,529272,24,0.5,144.97183532029158,d8_plus
529357,529381,24,529363,4,0.25,2345.9408851637277,d4_semiprime
529513,529517,4,529514,4,0.25,382.2118052799781,d4_semiprime
529603,529619,16,529607,4,0.25,1001.6721935506786,d4_semiprime
529691,529693,2,529692,24,0.5,144.98056082983155,d8_plus
529811,529813,2,529812,18,0.5,105.44222004496179,d8_plus
529939,529957,18,529943,4,0.2222222222222222,1344.414636039078,d4_semiprime
530017,530021,4,530018,8,0.25,250.43269831834,d8_plus
530129,530137,8,530133,4,0.5,685.4059658790889,d4_semiprime
530227,530237,10,530231,4,0.4,645.8724603010675,d4_semiprime
530293,530297,4,530295,8,0.5,224.080208485718,d8_plus
530389,530393,4,530391,4,0.5,197.72054624073562,d4_semiprime
530513,530527,14,530515,4,0.14285714285714285,883.1680724061332,d4_semiprime
530599,530603,4,530601,8,0.5,382.27116486179074,d8_plus
530701,530711,10,530709,4,0.8,830.463668749118,d4_semiprime
530773,530797,24,530777,4,0.16666666666666666,2069.5918888501183,d4_semiprime
530857,530861,4,530858,8,0.25,435.0143447066545,d8_plus
530983,530989,6,530986,4,0.5,355.9272401658596,d4_semiprime
531103,531121,18,531107,4,0.2222222222222222,1463.283082580804,d4_semiprime
531203,531229,26,531211,4,0.3076923076923077,2109.26796566348,d4_semiprime
531331,531337,6,531332,6,0.16666666666666666,659.1573993209789,d6
531481,531497,16,531485,4,0.25,1094.225395978822,d4_semiprime
531589,531611,22,531593,4,0.18181818181818182,1740.241316218664,d4_semiprime
531673,531689,16,531677,4,0.25,1305.1959883853294,d4_semiprime
531827,531833,6,531829,8,0.3333333333333333,725.1242489640609,d8_plus
531901,531911,10,531903,4,0.2,580.1058308437293,d4_semiprime
532009,532027,18,532011,4,0.1111111111111111,1173.4145636320318,d4_semiprime
532153,532159,6,532157,4,0.6666666666666666,316.4326257934989,d4_semiprime
532249,532261,12,532255,4,0.5,764.7229902893366,d4_semiprime
532331,532333,2,532332,60,0.5,382.36565638105833,d8_plus
532417,532421,4,532419,4,0.5,197.77780581052542,d4_semiprime
532523,532529,6,532526,8,0.5,487.85929652732204,d8_plus
532607,532619,12,532613,4,0.5,1107.5858867014374,d4_semiprime
532691,532709,18,532693,4,0.1111111111111111,1318.571429358489,d4_semiprime
532783,532789,6,532787,4,0.6666666666666666,540.6208386924576,d4_semiprime
532907,532919,12,532909,4,0.16666666666666666,1028.5167806674915,d4_semiprime
533003,533009,6,533006,8,0.5,382.402369604883,d8_plus
533089,533111,22,533093,4,0.18181818181818182,1410.9517948193284,d4_semiprime
533213,533219,6,533217,4,0.6666666666666666,408.787111848593,d4_semiprime
533297,533303,6,533299,4,0.3333333333333333,342.8578505628624,d4_semiprime
533389,533399,10,533391,4,0.2,712.0987021874143,d4_semiprime
533549,533573,24,533551,4,0.08333333333333333,1806.6643237339752,d4_semiprime
533711,533713,2,533712,20,0.5,118.68850481950027,d8_plus
533801,533809,8,533807,4,0.75,791.2672859695166,d4_semiprime
533893,533909,16,533894,4,0.0625,1200.104980522401,d4_semiprime
533989,533993,4,533992,8,0.75,224.19827499497072,d8_plus
534047,534049,2,534048,24,0.5,145.07065101697444,d8_plus
534137,534167,30,534139,4,0.06666666666666667,2334.3527426668684,d4_semiprime
534253,534283,30,534257,4,0.13333333333333333,2492.655870566501,d4_semiprime
534367,534371,4,534369,8,0.5,145.07725705319336,d8_plus
534491,534511,20,534493,4,0.1,1648.635769530242,d4_semiprime
534607,534617,10,534613,4,0.6,817.7363848051302,d4_semiprime
534661,534671,10,534669,4,0.8,606.7122733726551,d4_semiprime
534839,534841,2,534840,32,0.5,197.84584373592904,d8_plus
534931,534943,12,534937,4,0.5,870.5337242822061,d4_semiprime
535061,535099,38,535063,4,0.05263157894736842,3495.396179531395,d4_semiprime
535169,535181,12,535174,4,0.4166666666666667,712.2788463224938,d4_semiprime
535273,535303,30,535274,4,0.03333333333333333,2479.8256330629647,d4_semiprime
535391,535399,8,535393,4,0.25,1200.3589572878927,d4_semiprime
535529,535547,18,535531,4,0.1111111111111111,1266.3385781490263,d4_semiprime
535637,535663,26,535639,4,0.07692307692307693,1714.8607114091858,d4_semiprime
535741,535751,10,535742,8,0.1,725.5278047946646,d8_plus
535859,535861,2,535860,72,0.5,461.7069874167096,d8_plus
535957,535967,10,535961,4,0.4,672.7827157895066,d4_semiprime
536057,536059,2,536058,24,0.5,145.11197407469396,d8_plus
536147,536149,2,536148,36,0.5,224.2668138628136,d8_plus
536233,536243,10,536236,6,0.3,633.2320055541468,d6
536311,536323,12,536317,4,0.5,1174.1306651951008,d4_semiprime
536441,536443,2,536442,16,0.5,92.34899608970476,d8_plus
536479,536491,12,536483,4,0.3333333333333333,1200.5441313907188,d4_semiprime
536593,536609,16,536594,4,0.0625,1174.177979164412,d4_semiprime
536699,536717,18,536709,4,0.5555555555555556,1583.1850015187097,d4_semiprime
536777,536779,2,536778,24,0.5,145.1267386821252,d8_plus
536867,536869,2,536868,30,0.5,184.70910546506448,d8_plus
536947,536953,6,536951,4,0.6666666666666666,461.7781314233162,d4_semiprime
537023,537029,6,537025,6,0.3333333333333333,409.0078238170429,d6
537091,537127,36,537094,4,0.08333333333333333,2995.0276052050217,d4_semiprime
537197,537221,24,537203,4,0.25,2045.091751962547,d4_semiprime
537331,537343,12,537333,4,0.16666666666666666,897.2180073719828,d4_semiprime
537497,537527,30,537501,4,0.13333333333333333,2652.1357113031368,d4_semiprime
537637,537661,24,537638,4,0.041666666666666664,2018.8295821624329,d4_semiprime
537749,537769,20,537751,4,0.1,1992.4703308114347,d4_semiprime
537847,537853,6,537851,4,0.6666666666666666,567.3994714969562,d4_semiprime
537941,537991,50,537946,4,0.1,3800.3186976425172,d4_semiprime
538093,538117,24,538097,4,0.16666666666666666,1715.4549118951334,d4_semiprime
538159,538163,4,538161,8,0.5,461.8569084681071,d8_plus
538283,538297,14,538287,4,0.2857142857142857,963.3191899663161,d4_semiprime
538367,538397,30,538369,4,0.06666666666666667,2546.890374038388,d4_semiprime
538487,538511,24,538491,4,0.16666666666666666,1953.0878442355186,d4_semiprime
538561,538567,6,538562,4,0.16666666666666666,224.3432660597285,d4_semiprime
538697,538709,12,538702,4,0.4166666666666667,1042.5567547715007,d4_semiprime
538771,538777,6,538773,4,0.3333333333333333,501.48801885093764,d4_semiprime
538841,538871,30,538843,4,0.06666666666666667,2085.1582142378147,d4_semiprime
538987,539003,16,538991,4,0.25,1583.6956800879493,d4_semiprime
539107,539111,4,539108,6,0.25,422.32557673843786,d6
539171,539207,36,539173,4,0.05555555555555555,2929.915834281623,d4_semiprime
539269,539293,24,539281,4,0.5,1966.5006893254633,d4_semiprime
539347,539351,4,539348,6,0.25,422.3398192787688,d6
539503,539507,4,539506,16,0.75,356.3569942427759,d8_plus
539639,539641,2,539640,48,0.5,303.5691231797133,d8_plus
539723,539729,6,539727,4,0.6666666666666666,475.157435556569,d4_semiprime
539843,539849,6,539846,4,0.5,461.966401381861,d4_semiprime
539993,540041,48,539995,4,0.041666666666666664,4197.394037076257,d4_semiprime
540139,540149,10,540142,4,0.3,1135.1647895398592,d4_semiprime
540203,540217,14,540205,4,0.14285714285714285,1385.969959681474,d4_semiprime
540307,540343,36,540313,4,0.16666666666666666,2785.184432580414,d4_semiprime
540389,540391,2,540390,16,0.5,92.4003246606,d8_plus
540517,540539,22,540521,4,0.18181818181818182,1108.8251556537118,d4_semiprime
540611,540613,2,540612,18,0.5,105.60365688109113,d8_plus
540691,540697,6,540695,4,0.6666666666666666,356.4164832584676,d4_semiprime
540781,540803,22,540789,4,0.36363636363636365,2098.9259315936692,d4_semiprime
540901,540907,6,540902,4,0.16666666666666666,435.6329188561601,d4_semiprime
541061,541087,26,541063,4,0.07692307692307693,2085.80758968192,d4_semiprime
541193,541201,8,541199,4,0.75,1161.7357211268304,d4_semiprime
541283,541301,18,541297,6,0.7777777777777778,1571.0042004039176,d6
541381,541391,10,541389,4,0.8,633.6905625338293,d4_semiprime
541507,541511,4,541509,4,0.5,198.0317097132003,d4_semiprime
541549,541571,22,541553,4,0.18181818181818182,1755.8938011852654,d4_semiprime
541661,541669,8,541666,4,0.625,488.48884853177026,d4_semiprime
541763,541771,8,541769,4,0.75,646.9268961114577,d4_semiprime
541859,541889,30,541862,4,0.1,2455.7182334401996,d4_semiprime
541993,541999,6,541997,4,0.6666666666666666,435.69944764028344,d4_semiprime
542081,542083,2,542082,16,0.5,92.42220792343903,d8_plus
542131,542141,10,542134,4,0.3,699.7734084856855,d4_semiprime
542207,542219,12,542209,4,0.16666666666666666,752.5944429650431,d4_semiprime
542299,542323,24,542303,4,0.16666666666666666,2178.5926965416634,d4_semiprime
542483,542489,6,542485,4,0.3333333333333333,488.5449754385767,d4_semiprime
542557,542567,10,542558,4,0.1,699.8151104025502,d4_semiprime
542693,542713,20,542699,4,0.3,1822.1956309107752,d4_semiprime
542783,542791,8,542785,4,0.25,792.268322508796,d4_semiprime
542911,542921,10,542917,4,0.6,1095.9909835613787,d4_semiprime
542987,542999,12,542989,4,0.16666666666666666,858.3154788506382,d4_semiprime
543131,543139,8,543137,4,0.75,620.6402166740348,d4_semiprime
543203,543217,14,543206,4,0.21428571428571427,1175.267366218204,d4_semiprime
543281,543287,6,543282,8,0.16666666666666666,382.9562664413628,d8_plus
543349,543353,4,543351,8,0.5,198.0826656646963,d8_plus
543463,543497,34,543467,4,0.11764705882352941,2588.327240650866,d4_semiprime
543601,543607,6,543603,4,0.3333333333333333,435.7972810916454,d4_semiprime
543679,543689,10,543682,4,0.3,620.687748131521,d4_semiprime
543791,543793,2,543792,20,0.5,118.85689889803241,d8_plus
543859,543871,12,543863,4,0.3333333333333333,1096.1358057903349,d4_semiprime
543929,543967,38,543934,4,0.13157894736842105,2456.429037222234,d4_semiprime
544021,544031,10,544022,4,0.1,515.0633477860238,d4_semiprime
544133,544139,6,544135,4,0.3333333333333333,303.7599460244645,d4_semiprime
544273,544277,4,544276,6,0.75,290.5586162446029,d6
544451,544471,20,544454,4,0.15,1730.1890971069165,d4_semiprime
544549,544601,52,544553,4,0.07692307692307693,3988.7445366803126,d4_semiprime
544717,544721,4,544718,4,0.25,303.784615964568,d4_semiprime
544793,544807,14,544795,4,0.14285714285714285,1334.025658176331,d4_semiprime
544883,544889,6,544885,8,0.3333333333333333,449.0832746570632,d8_plus
544963,544979,16,544967,4,0.25,1228.3893472359862,d4_semiprime
545089,545093,4,545092,6,0.75,317.00896892316075,d6
545203,545213,10,545206,4,0.3,528.3569024196543,d4_semiprime
545371,545387,16,545381,4,0.625,1598.3174737697689,d4_semiprime
545483,545497,14,545485,4,0.14285714285714285,1664.3896434357846,d4_semiprime
545579,545599,20,545591,4,0.6,1651.2021141262571,d4_semiprime
545651,545663,12,545653,4,0.16666666666666666,752.9554475982608,d4_semiprime
545773,545789,16,545774,4,0.0625,1136.057528738288,d4_semiprime
545899,545911,12,545901,4,0.16666666666666666,1254.9690381096532,d4_semiprime
546001,546017,16,546002,4,0.0625,1241.7768630764535,d4_semiprime
546097,546101,4,546099,8,0.5,356.6850183499049,d8_plus
546179,546197,18,546181,4,0.1111111111111111,1492.8112108159653,d4_semiprime
546283,546289,6,546287,4,0.6666666666666666,462.3814677206398,d4_semiprime
546361,546367,6,546362,4,0.16666666666666666,515.2306055742873,d4_semiprime
546523,546547,24,546527,4,0.16666666666666666,2127.028053098226,d4_semiprime
546619,546631,12,546622,4,0.25,1400.420987995682,d4_semiprime
546709,546719,10,546713,4,0.4,541.6788699290807,d4_semiprime
546869,546881,12,546873,8,0.3333333333333333,964.4742433906786,d8_plus
546967,546977,10,546971,4,0.4,911.638725044666,d4_semiprime
547093,547097,4,547094,8,0.25,171.76091794319802,d8_plus
547229,547237,8,547231,4,0.25,964.5218877067051,d4_semiprime
547321,547357,36,547327,4,0.16666666666666666,2827.544769099886,d4_semiprime
547399,547411,12,547401,4,0.16666666666666666,1559.127100697505,d4_semiprime
547499,547501,2,547500,60,0.5,383.180414479511,d8_plus
547583,547601,18,547585,4,0.1111111111111111,1830.040129311789,d4_semiprime
547663,547681,18,547667,4,0.2222222222222222,1823.4540677314694,d4_semiprime
547763,547769,6,547765,8,0.3333333333333333,528.5441624300623,d8_plus
547853,547871,18,547858,4,0.2777777777777778,1361.0190938974497,d4_semiprime
548003,548039,36,548011,4,0.2222222222222222,2510.6729369292448,d4_semiprime
548123,548143,20,548133,4,0.5,1664.9983658542617,d4_semiprime
548239,548243,4,548241,4,0.5,541.7932109486957,d4_semiprime
548363,548371,8,548365,4,0.25,607.8762588221094,d4_semiprime
548441,548453,12,548446,4,0.4166666666666667,1017.5432348271427,d4_semiprime
548521,548533,12,548531,4,0.8333333333333334,819.3295032840626,d4_semiprime
548629,548657,28,548633,4,0.14285714285714285,2286.229747841888,d4_semiprime
548749,548753,4,548752,10,0.75,237.87719207085746,d8_plus
548833,548837,4,548836,6,0.75,317.1732514063265,d6
548903,548909,6,548906,4,0.5,224.66659132140828,d4_semiprime
549013,549019,6,549014,8,0.16666666666666666,383.2606176264128,d8_plus
549097,549121,24,549103,4,0.25,2577.1311544973705,d4_semiprime
549193,549203,10,549197,4,0.4,872.2701117640348,d4_semiprime
549313,549319,6,549317,4,0.6666666666666666,726.9036795372875,d4_semiprime
549431,549443,12,549433,4,0.16666666666666666,1017.6820017141475,d4_semiprime
549533,549547,14,549539,4,0.42857142857142855,1229.1657281915082,d4_semiprime
549623,549641,18,549629,4,0.3333333333333333,1850.3807558500416,d4_semiprime
549707,549713,6,549709,8,0.3333333333333333,594.7716092884167,d8_plus
549751,549767,16,549761,4,0.625,1176.3340144382719,d4_semiprime
549911,549937,26,549914,4,0.11538461538461539,2418.809552008514,d4_semiprime
550027,550049,22,550029,4,0.09090909090909091,1533.2582414372691,d4_semiprime
550129,550139,10,550131,4,0.2,753.4212637994881,d4_semiprime
550213,550241,28,550217,4,0.14285714285714285,2075.2397568229135,d4_semiprime
550351,550369,18,550353,4,0.1111111111111111,1824.129951784107,d4_semiprime
550457,550469,12,550461,4,0.3333333333333333,1176.447811457643,d4_semiprime
550553,550577,24,550559,4,0.25,2148.0386602215926,d4_semiprime
550657,550661,4,550659,8,0.5,277.5962987213713,d8_plus
550733,550757,24,550741,4,0.3333333333333333,1903.5399383931533,d4_semiprime
550841,550843,2,550842,8,0.5,39.65760988695857,d8_plus
550951,550961,10,550957,4,0.6,885.7005253488368,d4_semiprime
551027,551039,12,551029,4,0.16666666666666666,912.1489593315288,d4_semiprime
551107,551113,6,551111,4,0.6666666666666666,290.83318440219375,d4_semiprime
551231,551233,2,551232,112,0.5,727.0951078681865,d8_plus
551347,551363,16,551351,4,0.25,1216.2523140465587,d4_semiprime
551483,551489,6,551487,4,0.6666666666666666,423.05190267828175,d4_semiprime
551569,551581,12,551579,4,0.8333333333333334,766.7910358980972,d4_semiprime
551689,551693,4,551692,12,0.75,343.73932440852025,d8_plus
551753,551767,14,551757,4,0.2857142857142857,1454.2953045540912,d4_semiprime
551849,551861,12,551851,4,0.16666666666666666,978.356910880477,d4_semiprime
551959,551963,4,551962,4,0.75,145.43354850613633,d4_semiprime
552053,552059,6,552054,8,0.16666666666666666,304.0923241871542,d8_plus
552137,552179,42,552139,4,0.047619047619047616,3318.6191133979773,d4_semiprime
552271,552283,12,552274,4,0.25,1018.0789985198321,d4_semiprime
552401,552403,2,552402,12,0.5,66.11015660537764,d8_plus
552511,552523,12,552514,4,0.25,912.3345169570948,d4_semiprime
552649,552659,10,552652,6,0.3,608.2343808936245,d6
552751,552757,6,552753,6,0.3333333333333333,423.12540300957966,d6
552841,552847,6,552845,4,0.6666666666666666,357.01643724483085,d4_semiprime
552971,552983,12,552973,4,0.16666666666666666,1203.2993970479379,d4_semiprime
553067,553073,6,553069,8,0.3333333333333333,568.5992920579409,d8_plus
553141,553153,12,553145,4,0.3333333333333333,1269.4446797768487,d4_semiprime
553229,553249,20,553235,4,0.3,1758.7318331356212,d4_semiprime
553369,553411,42,553379,4,0.23809523809523808,3848.1319386551304,d4_semiprime
553471,553481,10,553477,4,0.6,1097.5897567723366,d4_semiprime
553561,553573,12,553562,4,0.08333333333333333,753.7758791174513,d4_semiprime
553643,553649,6,553645,4,0.3333333333333333,581.8682456092839,d4_semiprime
553733,553747,14,553738,4,0.35714285714285715,991.8337942217877,d4_semiprime
553849,553867,18,553853,4,0.2222222222222222,1467.9374157303955,d4_semiprime
553933,553961,28,553937,4,0.14285714285714285,2367.2438048205577,d4_semiprime
554051,554077,26,554053,4,0.07692307692307693,2049.880839091254,d4_semiprime
554167,554171,4,554168,16,0.25,277.7297244405685,d8_plus
554263,554269,6,554267,4,0.6666666666666666,912.5527259409712,d4_semiprime
554383,554417,34,554387,4,0.11764705882352941,3094.800308362629,d4_semiprime
554527,554531,4,554529,4,0.5,410.00207704362373,d4_semiprime
554633,554639,6,554635,4,0.3333333333333333,277.7474137557145,d4_semiprime
554711,554731,20,554713,4,0.1,1666.503836076883,d4_semiprime
554791,554797,6,554793,8,0.3333333333333333,568.7332074529609,d8_plus
554849,554887,38,554851,4,0.05263157894736842,3280.168232119274,d4_semiprime
554959,554969,10,554966,4,0.7,806.8260691630369,d4_semiprime
555077,555083,6,555081,4,0.6666666666666666,330.67168455894205,d4_semiprime
555209,555221,12,555211,4,0.16666666666666666,1269.8026745160053,d4_semiprime
555293,555301,8,555297,4,0.5,846.5445960498255,d4_semiprime
555419,555421,2,555420,24,0.5,145.50227849618244,d8_plus
555557,555589,32,555559,4,0.0625,2539.729379728675,d4_semiprime
555691,555697,6,555694,4,0.5,502.66307353221896,d4_semiprime
555827,555829,2,555828,48,0.5,304.2489259756736,d8_plus
555967,556007,40,555969,4,0.05,3862.721937194386,d4_semiprime
556069,556093,24,556077,4,0.3333333333333333,2116.5869085213035,d4_semiprime
556211,556219,8,556217,4,0.75,489.4697093592938,d4_semiprime
556273,556279,6,556277,4,0.6666666666666666,383.64161168860437,d4_semiprime
556351,556373,22,556354,4,0.13636363636363635,1587.501092821774,d4_semiprime
556487,556513,26,556489,4,0.07692307692307693,2857.5559535124153,d4_semiprime
556601,556607,6,556603,4,0.3333333333333333,621.7917060543052,d4_semiprime
556687,556691,4,556689,16,0.5,304.2845227449562,d8_plus
556741,556753,12,556747,4,0.5,780.5622906065388,d4_semiprime
556811,556817,6,556813,8,0.3333333333333333,396.89960671639767,d8_plus
556867,556883,16,556873,4,0.375,1217.1687960028987,d4_semiprime
556981,556987,6,556982,4,0.16666666666666666,436.5996435380297,d4_semiprime
557057,557059,2,557058,16,0.5,92.61297249926582,d8_plus
557201,557261,60,557203,4,0.03333333333333333,4855.681007551538,d4_semiprime
557329,557339,10,557335,4,0.6,529.2368422670004,d4_semiprime
557449,557461,12,557455,4,0.5,1032.028889919594,d4_semiprime
557551,557567,16,557561,4,0.625,1032.043289715566,d4_semiprime
557671,557693,22,557677,4,0.2727272727272727,1521.6276944018216,d4_semiprime
557759,557761,2,557760,112,0.5,727.7426222722586,d8_plus
557861,557863,2,557862,16,0.5,92.62306829264215,d8_plus
558007,558017,10,558013,4,0.6,1025.4904119330708,d4_semiprime
558113,558121,8,558115,4,0.25,568.9899741474176,d4_semiprime
558203,558209,6,558205,4,0.3333333333333333,608.6942895824789,d4_semiprime
558307,558319,12,558309,4,0.16666666666666666,754.2624544179929,d4_semiprime
558457,558469,12,558463,4,0.5,860.1414301284843,d4_semiprime
558529,558533,4,558531,12,0.5,410.2250202931896,d8_plus
558611,558629,18,558617,4,0.3333333333333333,1707.0861448440153,d4_semiprime
558757,558769,12,558759,4,0.16666666666666666,860.1763558638764,d4_semiprime
558829,558863,34,558835,4,0.17647058823529413,2514.388847172013,d4_semiprime
558947,558973,26,558949,4,0.07692307692307693,1998.3086296841163,d4_semiprime
559081,559093,12,559082,4,0.08333333333333333,966.0864252669246,d4_semiprime
559201,559211,10,559204,6,0.3,714.6507921117039,d6
559277,559297,20,559282,4,0.25,1548.4270086855345,d4_semiprime
559397,559421,24,559407,4,0.4166666666666667,1985.1954347435303,d4_semiprime
559523,559529,6,559525,6,0.3333333333333333,344.1059503601382,d6
559577,559583,6,559579,4,0.3333333333333333,410.2832059432158,d4_semiprime
559667,559673,6,559669,8,0.3333333333333333,277.9371546692325,d8_plus
559777,559781,4,559778,8,0.25,225.00006910468937,d8_plus
559859,559877,18,559861,4,0.1111111111111111,1852.9635937418268,d4_semiprime
559973,559991,18,559979,4,0.3333333333333333,1733.8715530038596,d4_semiprime
560083,560089,6,560085,8,0.3333333333333333,463.25461106556105,d8_plus
560149,560159,10,560153,4,0.4,569.1465427954508,d4_semiprime
560213,560221,8,560219,4,0.75,542.6792768437115,d4_semiprime
560281,560293,12,560283,4,0.16666666666666666,688.2826572056268,d4_semiprime
560393,560411,18,560397,4,0.2222222222222222,1403.0592921541008,d4_semiprime
560489,560491,2,560490,64,0.5,410.33356708378176,d8_plus
560597,560617,20,560603,4,0.3,1667.833872171193,d4_semiprime
560689,560701,12,560695,4,0.5,1429.58900214109,d4_semiprime
560771,560783,12,560777,4,0.5,780.9875482970824,d4_semiprime
560873,560887,14,560877,4,0.2857142857142857,1350.2007110786703,d4_semiprime
560969,560977,8,560971,4,0.25,1019.2820529304867,d4_semiprime
561083,561091,8,561089,4,0.75,781.0202617311395,d4_semiprime
561181,561191,10,561182,4,0.1,635.4147401455949,d4_semiprime
561343,561347,4,561346,4,0.75,317.7141494026484,d4_semiprime
561419,561439,20,561422,4,0.15,1456.2065174441025,d4_semiprime
561559,561599,40,561563,4,0.1,3190.479454824512,d4_semiprime
561767,561787,20,561773,4,0.3,1443.0357070460968,d4_semiprime
561923,561931,8,561926,4,0.375,887.0213213483901,d4_semiprime
562007,562019,12,562009,4,0.16666666666666666,807.5961350212247,d4_semiprime
562169,562181,12,562171,4,0.16666666666666666,1244.5193773188487,d4_semiprime
562283,562291,8,562285,8,0.25,556.0702618992999,d8_plus
562337,562349,12,562339,4,0.16666666666666666,648.7533874109878,d4_semiprime
562417,562421,4,562418,8,0.25,489.8801031238419,d8_plus
562517,562519,2,562518,32,0.5,198.60267618823084,d8_plus
562613,562621,8,562619,4,0.75,463.41242147389687,d4_semiprime
562691,562693,2,562692,24,0.5,145.64536456968384,d8_plus
562759,562763,4,562762,4,0.75,304.5340121478869,d4_semiprime
562897,562901,4,562899,4,0.5,331.02140513854,d4_semiprime
562967,562973,6,562969,8,0.3333333333333333,635.5670715633898,d8_plus
563039,563041,2,563040,144,0.5,940.1185226314342,d8_plus
563117,563119,2,563118,16,0.5,92.68871133644393,d8_plus
563249,563263,14,563253,4,0.2857142857142857,940.145671814641,d4_semiprime
563401,563411,10,563403,8,0.2,701.8131488468646,d8_plus
563489,563501,12,563491,4,0.16666666666666666,1244.7401505897656,d4_semiprime
563599,563623,24,563603,4,0.16666666666666666,1827.4124855374882,d4_semiprime
563777,563809,32,563779,4,0.0625,2569.034403044624,d4_semiprime
563881,563887,6,563883,8,0.3333333333333333,357.55028227924197,d8_plus
563999,564013,14,564001,3,0.14285714285714285,1370.6314557260725,d3_prime_square
564097,564103,6,564101,4,0.6666666666666666,662.1494508957487,d4_semiprime
564197,564227,30,564199,4,0.06666666666666667,2516.2046681197658,d4_semiprime
564299,564301,2,564300,144,0.5,940.2772325809634,d8_plus
564367,564371,4,564370,8,0.75,251.62579723412404,d8_plus
564437,564449,12,564439,4,0.16666666666666666,927.0515906148696,d4_semiprime
564533,564593,60,564537,4,0.06666666666666667,5125.353499601102,d4_semiprime
564679,564701,22,564683,4,0.18181818181818182,1840.920766178387,d4_semiprime
564797,564827,30,564803,4,0.2,2450.185524265494,d4_semiprime
564937,564959,22,564941,4,0.18181818181818182,1430.4045981692993,d4_semiprime
565039,565049,10,565042,8,0.3,728.4561430074958,d8_plus
565163,565171,8,565167,4,0.5,582.7745200599173,d4_semiprime
565247,565259,12,565249,4,0.16666666666666666,1205.2973036449632,d4_semiprime
565333,565337,4,565336,8,0.75,278.148641774803,d8_plus
565393,565427,34,565394,4,0.029411764705882353,2715.287594849978,d4_semiprime
565489,565507,18,565493,4,0.2222222222222222,1688.7967033668742,d4_semiprime
565567,565571,4,565569,8,0.5,211.92940309627207,d8_plus
565651,565661,10,565654,4,0.3,993.4306243384152,d4_semiprime
565787,565793,6,565789,8,0.3333333333333333,304.65750006281166,d8_plus
565909,565919,10,565913,4,0.4,649.0636762404799,d4_semiprime
566023,566047,24,566031,4,0.3333333333333333,1828.0050219543111,d4_semiprime
566149,566161,12,566157,4,0.6666666666666666,1152.4563554370875,d4_semiprime
566231,566233,2,566232,16,0.5,92.72731417036262,d8_plus
566413,566417,4,566414,4,0.25,211.9533221614513,d4_semiprime
566453,566521,68,566459,4,0.08823529411764706,5537.33324062753,d4_semiprime
566563,566567,4,566564,12,0.25,357.67838914762444,d8_plus
566681,566693,12,566683,4,0.16666666666666666,794.8538129442065,d4_semiprime
566759,566767,8,566761,4,0.25,662.3848517610973,d4_semiprime
566911,566939,28,566915,4,0.14285714285714285,2291.900607831536,d4_semiprime
567011,567013,2,567012,12,0.5,66.2406787325355,d8_plus
567107,567121,14,567109,4,0.14285714285714285,1656.039544275966,d4_semiprime
567257,567263,6,567262,4,0.8333333333333334,317.96573688777534,d4_semiprime
567389,567401,12,567391,4,0.16666666666666666,953.914389458069,d4_semiprime
567493,567499,6,567497,4,0.6666666666666666,198.73482764926615,d4_semiprime
567631,567649,18,567634,4,0.16666666666666666,1828.396039640614,d4_semiprime
567719,567737,18,567722,4,0.16666666666666666,2133.1528216565266,d4_semiprime
567829,567841,12,567833,4,0.3333333333333333,1430.9558884674425,d4_semiprime
567899,567937,38,567907,4,0.21052631578947367,3206.4359048403207,d4_semiprime
567991,567997,6,567992,8,0.16666666666666666,516.7448496595299,d8_plus
568097,568109,12,568099,4,0.16666666666666666,1258.755441421281,d4_semiprime
568187,568189,2,568188,24,0.5,145.7522839174053,d8_plus
568273,568279,6,568274,8,0.16666666666666666,437.26198697667616,d8_plus
568391,568433,42,568393,4,0.047619047619047616,3816.173142145114,d4_semiprime
568523,568541,18,568527,4,0.2222222222222222,1325.0812949365425,d4_semiprime
568643,568657,14,568649,4,0.42857142857142855,1351.6042980795162,d4_semiprime
568751,568783,32,568753,4,0.0625,2491.2296578512055,d4_semiprime
568891,568903,12,568894,4,0.25,689.075674863751,d4_semiprime
568991,568999,8,568993,4,0.25,649.3297650546369,d4_semiprime
569071,569077,6,569073,4,0.3333333333333333,463.8118261094027,d4_semiprime
569159,569161,2,569160,128,0.5,834.8707627255566,d8_plus
569243,569249,6,569246,4,0.5,516.8305800587765,d4_semiprime
569323,569369,46,569329,4,0.13043478260869565,3525.0966147200297,d4_semiprime
569479,569497,18,569482,4,0.16666666666666666,1418.0167763219051,d4_semiprime
569603,569609,6,569605,4,0.3333333333333333,304.8120934391286,d4_semiprime
569711,569713,2,569712,80,0.5,516.8625637096114,d8_plus
569773,569797,24,569783,4,0.4166666666666667,1948.193106192679,d4_semiprime
569851,569861,10,569854,4,0.3,901.2134626728482,d4_semiprime
569939,569957,18,569941,4,0.1111111111111111,1683.1685692459648,d4_semiprime
570043,570047,4,570046,4,0.75,357.8436882272071,d4_semiprime
570107,570109,2,570108,48,0.5,304.83236519758265,d8_plus
570191,570217,26,570199,4,0.3076923076923077,2200.122496271481,d4_semiprime
570379,570389,10,570382,4,0.3,941.0385552784408,d4_semiprime
570461,570463,2,570462,16,0.5,92.77941286479216,d8_plus
570511,570527,16,570523,4,0.75,1060.3440980785979,d4_semiprime
570587,570601,14,570593,4,0.42857142857142855,1285.6802449629822,d4_semiprime
570671,570677,6,570673,4,0.3333333333333333,569.9466245464023,d4_semiprime
570781,570821,40,570783,4,0.05,2597.9406653336564,d4_semiprime
570881,570887,6,570883,4,0.3333333333333333,397.64822195227754,d4_semiprime
570967,570991,24,570971,4,0.16666666666666666,1749.6741862336494,d4_semiprime
571093,571099,6,571094,8,0.16666666666666666,622.9996992321783,d8_plus
571201,571211,10,571209,4,0.8,583.2422442985938,d4_semiprime
571279,571303,24,571282,4,0.125,2266.7169479829613,d4_semiprime
571399,571409,10,571403,4,0.4,649.5367366854748,d4_semiprime
571579,571583,4,571582,8,0.75,172.3300957988673,d8_plus
571679,571699,20,571681,4,0.1,1683.5561477627132,d4_semiprime
571777,571783,6,571781,8,0.6666666666666666,676.0819746391841,d8_plus
571853,571861,8,571855,4,0.25,861.6819804627465,d4_semiprime
571939,571969,30,571947,4,0.26666666666666666,2571.822183628572,d4_semiprime
572053,572059,6,572057,4,0.6666666666666666,437.4807450290744,d4_semiprime
572161,572177,16,572167,4,0.375,1206.4042400202343,d4_semiprime
572269,572281,12,572273,4,0.3333333333333333,1100.362248003468,d4_semiprime
572357,572387,30,572361,4,0.13333333333333333,2028.4042193780433,d4_semiprime
572461,572471,10,572465,4,0.4,689.4009375356862,d4_semiprime
572567,572573,6,572569,4,0.3333333333333333,609.8630261264739,d4_semiprime
572629,572633,4,572630,16,0.25,278.4179329930885,d8_plus
572687,572699,12,572689,4,0.16666666666666666,928.0672016235587,d4_semiprime
572807,572813,6,572809,4,0.3333333333333333,517.0740333263325,d4_semiprime
572881,572903,22,572885,4,0.18181818181818182,1524.7220056433728,d4_semiprime
572969,572993,24,572971,4,0.08333333333333333,2227.446010032402,d4_semiprime
573119,573143,24,573121,4,0.08333333333333333,1909.2765248947178,d4_semiprime
573263,573277,14,573266,4,0.21428571428571427,1392.2068652725654,d4_semiprime
573343,573371,28,573346,4,0.10714285714285714,2201.037315771479,d4_semiprime
573473,573479,6,573477,8,0.6666666666666666,437.562541140284,d8_plus
573523,573527,4,573526,4,0.75,185.63378831770575,d4_semiprime
573679,573691,12,573681,4,0.16666666666666666,901.6687817953713,d4_semiprime
573787,573791,4,573789,8,0.5,251.94033368293793,d8_plus
573871,573883,12,573877,4,0.5,1021.0330171616802,d4_semiprime
573953,573967,14,573959,4,0.42857142857142855,1047.5650006612295,d4_semiprime
574061,574081,20,574063,4,0.1,1856.471978796579,d4_semiprime
574169,574181,12,574174,4,0.4166666666666667,848.6841406309876,d4_semiprime
574289,574297,8,574291,4,0.25,636.5229198556401,d4_semiprime
574423,574429,6,574426,8,0.5,570.2284037943576,d8_plus
574507,574529,22,574511,4,0.18181818181818182,1538.3094251447612,d4_semiprime
574631,574643,12,574633,4,0.16666666666666666,915.0429549722452,d4_semiprime
574711,574723,12,574713,6,0.16666666666666666,1060.930770734245,d6
574813,574817,4,574814,8,0.25,384.5923371312814,d8_plus
574963,574967,4,574964,12,0.25,225.4550956221328,d8_plus
575077,575087,10,575079,4,0.2,649.851121041156,d4_semiprime
575173,575177,4,575174,8,0.25,198.9364512739076,d8_plus
575251,575257,6,575252,6,0.16666666666666666,450.9273079770468,d6
575401,575417,16,575402,4,0.0625,888.610188069863,d4_semiprime
575489,575503,14,575493,4,0.2857142857142857,795.7793229025752,d4_semiprime
575591,575593,2,575592,32,0.5,198.94731533037168,d8_plus
575689,575693,4,575691,8,0.5,198.9498915868876,d8_plus
575777,575791,14,575779,4,0.14285714285714285,915.1807168231057,d4_semiprime
575893,575903,10,575894,8,0.1,676.4480299660122,d8_plus
575987,576001,14,575993,4,0.42857142857142855,1485.5518992378386,d4_semiprime
576049,576089,40,576053,4,0.1,3044.084430942795,d4_semiprime
576179,576193,14,576181,4,0.14285714285714285,1498.8527077713559,d4_semiprime
576287,576293,6,576291,4,0.6666666666666666,1034.6204071330235,d4_semiprime
576391,576421,30,576395,4,0.13333333333333333,2493.7387935314596,d4_semiprime
576493,576509,16,576494,4,0.0625,1392.7968728091869,d4_semiprime
576577,576581,4,576579,4,0.5,198.9730285218373,d4_semiprime
576671,576677,6,576673,4,0.3333333333333333,504.0712275222748,d4_semiprime
576727,576731,4,576729,6,0.5,371.4236120828886,d6
576791,576881,90,576799,4,0.08888888888888889,7959.186734349859,d4_semiprime
576977,577007,30,576979,4,0.06666666666666667,2241.883581338856,d4_semiprime
577081,577097,16,577091,4,0.625,1008.1972686825457,d4_semiprime
577177,577193,16,577183,4,0.375,1246.9963879860525,d4_semiprime
577327,577331,4,577329,8,0.5,185.7263512272113,d8_plus
577399,577427,28,577403,4,0.14285714285714285,2321.604773479953,d4_semiprime
577513,577517,4,577516,6,0.75,212.26381953703756,d6
577573,577589,16,577579,4,0.375,1446.0597428361066,d4_semiprime
577721,577739,18,577723,4,0.1111111111111111,1605.2901630780968,d4_semiprime
577831,577849,18,577833,4,0.1111111111111111,1114.432423736838,d4_semiprime
577919,577931,12,577921,4,0.16666666666666666,1366.52108813145,d4_semiprime
578029,578041,12,578031,4,0.16666666666666666,941.9846998001524,d4_semiprime
578131,578167,36,578134,4,0.08333333333333333,3356.6998765408753,d4_semiprime
578267,578297,30,578269,4,0.06666666666666667,2414.7427568641056,d4_semiprime
578363,578371,8,578369,4,0.75,623.5943652739841,d4_semiprime
578467,578477,10,578471,4,0.4,676.6755168572818,d4_semiprime
578537,578563,26,578541,4,0.15384615384615385,2348.485908855596,d4_semiprime
578621,578647,26,578623,4,0.07692307692307693,2003.5325876369477,d4_semiprime
578729,578741,12,578738,4,0.75,1021.6821818385705,d4_semiprime
578821,578827,6,578822,8,0.16666666666666666,451.1376633716611,d8_plus
578923,578957,34,578926,4,0.08823529411764706,3025.3222225686686,d4_semiprime
579053,579079,26,579055,4,0.07692307692307693,2096.529504419227,d4_semiprime
579197,579199,2,579198,16,0.5,92.88579766906305,d8_plus
579283,579287,4,579286,4,0.75,278.66054022695613,d4_semiprime
579427,579433,6,579431,4,0.6666666666666666,345.01483644835156,d4_semiprime
579521,579529,8,579526,4,0.625,424.63890237330156,d4_semiprime
579571,579583,12,579578,4,0.5833333333333334,1141.224597991979,d4_semiprime
579643,579653,10,579647,4,0.4,809.4807233517181,d4_semiprime
579757,579763,6,579758,8,0.16666666666666666,437.9222281217795,d8_plus
579877,579881,4,579878,8,0.25,504.28188840849265,d8_plus
579967,579973,6,579971,8,0.6666666666666666,544.0999806964866,d8_plus
580093,580133,40,580094,4,0.025,3092.1378529846647,d4_semiprime
580213,580219,6,580214,4,0.16666666666666666,358.3212011816185,d4_semiprime
580339,580343,4,580341,4,0.5,119.44233682087854,d4_semiprime
580417,580471,54,580418,4,0.018518518518518517,4432.697785897379,d4_semiprime
580561,580577,16,580565,4,0.25,1008.654002301402,d4_semiprime
580673,580687,14,580677,4,0.2857142857142857,1061.7564810936822,d4_semiprime
580757,580759,2,580758,16,0.5,92.90462598079844,d8_plus
580843,580859,16,580857,4,0.875,1021.9631136616015,d4_semiprime
580919,580927,8,580921,6,0.25,716.7080380074611,d6
581047,581069,22,581051,4,0.18181818181818182,1805.0742212382718,d4_semiprime
581149,581171,22,581161,4,0.5454545454545454,1964.3713043010916,d4_semiprime
581237,581239,2,581238,36,0.5,225.63956503865805,d8_plus
581333,581341,8,581338,4,0.625,637.1080854567231,d4_semiprime
581411,581429,18,581413,4,0.1111111111111111,1393.6889996320376,d4_semiprime
581527,581549,22,581531,4,0.18181818181818182,1791.9129595080972,d4_semiprime
581617,581639,22,581619,4,0.09090909090909091,1791.9339402191897,d4_semiprime
581729,581731,2,581730,16,0.5,92.91633191081341,d8_plus
581821,581843,22,581827,4,0.2727272727272727,1712.3378934366417,d4_semiprime
581921,581941,20,581923,4,0.1,1592.893249631023,d4_semiprime
582017,582031,14,582019,4,0.14285714285714285,942.4731949091948,d4_semiprime
582157,582161,4,582158,8,0.25,331.8624996158346,d8_plus
582221,582223,2,582222,16,0.5,92.92224968097081,d8_plus
582371,582391,20,582377,4,0.3,1685.9099544024186,d4_semiprime
582469,582499,30,582473,4,0.13333333333333333,2801.037194422022,d4_semiprime
582601,582623,22,582609,4,0.36363636363636365,1526.6567439119756,d4_semiprime
582721,582727,6,582723,6,0.3333333333333333,491.1923936765566,d6
582781,582793,12,582789,4,0.6666666666666666,809.8102410440437,d4_semiprime
582899,582931,32,582907,4,0.25,3305.673201179394,d4_semiprime
582983,583007,24,582989,4,0.25,1925.0104344745682,d4_semiprime
583127,583139,12,583131,4,0.3333333333333333,1115.1979368592467,d4_semiprime
583207,583213,6,583211,4,0.6666666666666666,544.3284582978222,d4_semiprime
583291,583301,10,583293,4,0.2,1022.2867622555349,d4_semiprime
583403,583409,6,583405,4,0.3333333333333333,464.6823620158604,d4_semiprime
583493,583501,8,583499,4,0.75,597.4558250705852,d4_semiprime
583603,583613,10,583607,4,0.4,716.9570491669695,d4_semiprime
583669,583673,4,583670,8,0.25,172.60220570970776,d8_plus
583783,583789,6,583787,4,0.6666666666666666,385.04140293262276,d4_semiprime
583879,583903,24,583883,4,0.16666666666666666,1925.2329019639276,d4_semiprime
584011,584027,16,584013,4,0.125,1168.436631126639,d4_semiprime
584141,584153,12,584143,4,0.16666666666666666,650.6174480944958,d4_semiprime
584281,584303,22,584282,4,0.045454545454545456,1673.0476715266714,d4_semiprime
584393,584399,6,584396,6,0.5,318.6800016292383,d6
584509,584531,22,584513,4,0.18181818181818182,1513.754408967842,d4_semiprime
584609,584621,12,584615,4,0.5,810.0011711826677,d4_semiprime
584707,584713,6,584711,4,0.6666666666666666,411.6450403653318,d4_semiprime
584791,584809,18,584795,4,0.2222222222222222,1606.7622289314695,d4_semiprime
584911,584917,6,584914,12,0.5,571.006464594844,d8_plus
584999,585019,20,585017,4,0.9,1872.3921528152775,d4_semiprime
585049,585061,12,585053,4,0.3333333333333333,1049.0776521717376,d4_semiprime
585131,585149,18,585133,4,0.1111111111111111,1354.5201413176803,d4_semiprime
585283,585289,6,585287,4,0.6666666666666666,464.79501443833624,d4_semiprime
585391,585413,22,585393,4,0.09090909090909091,1726.406755738454,d4_semiprime
585517,585547,30,585518,4,0.03333333333333333,2297.4875423844287,d4_semiprime
585601,585619,18,585602,4,0.05555555555555555,1274.9193184295186,d4_semiprime
585727,585733,6,585731,4,0.6666666666666666,756.9949963986155,d4_semiprime
585791,585799,8,585793,4,0.25,783.5626455209135,d4_semiprime
585877,585881,4,585878,8,0.25,332.0217345469343,d8_plus
585919,585953,34,585929,4,0.29411764705882354,2536.664529766853,d4_semiprime
586067,586073,6,586069,4,0.3333333333333333,318.7486427741021,d4_semiprime
586147,586153,6,586151,4,0.6666666666666666,650.7852569493497,d4_semiprime
586301,586309,8,586303,4,0.25,610.9533326197848,d4_semiprime
586387,586403,16,586393,4,0.375,1128.9486499244238,d4_semiprime
586493,586499,6,586497,8,0.6666666666666666,544.5587593839936,d8_plus
586589,586601,12,586591,4,0.16666666666666666,889.900150240419,d4_semiprime
586679,586693,14,586681,4,0.14285714285714285,1142.2731188009827,d4_semiprime
586801,586811,10,586805,4,0.4,637.5576738384087,d4_semiprime
586897,586903,6,586901,4,0.6666666666666666,292.2174242071642,d4_semiprime
586961,586973,12,586966,4,0.4166666666666667,850.0944117460556,d4_semiprime
587051,587053,2,587052,36,0.5,225.80876757559557,d8_plus
587123,587131,8,587127,4,0.5,677.4327259437022,d4_semiprime
587201,587219,18,587203,4,0.1111111111111111,1647.1089764823255,d4_semiprime
587303,587341,38,587309,4,0.15789473684210525,3599.782828900575,d4_semiprime
587437,587441,4,587438,8,0.25,332.088219482402,d8_plus
587527,587533,6,587531,4,0.6666666666666666,385.2268086544938,d4_semiprime
587599,587603,4,587602,8,0.75,518.0682893318589,d8_plus
587677,587687,10,587679,4,0.2,664.1970734220988,d4_semiprime
587753,587771,18,587757,4,0.2222222222222222,1461.2483692158185,d4_semiprime
587863,587887,24,587869,4,0.25,1740.2397930039267,d4_semiprime
587969,587971,2,587970,48,0.5,305.54191771893335,d8_plus
588043,588061,18,588046,4,0.16666666666666666,1634.0028048610993,d4_semiprime
588131,588151,20,588134,4,0.15,1647.3054269389634,d4_semiprime
588229,588239,10,588233,4,0.4,677.5288786514469,d4_semiprime
588359,588361,2,588360,32,0.5,199.2764142664992,d8_plus
588463,588481,18,588469,4,0.3333333333333333,1527.8078424360547,d4_semiprime
588569,588571,2,588570,32,0.5,199.28176717624476,d8_plus
588673,588683,10,588674,4,0.1,597.8535071108493,d4_semiprime
588779,588811,32,588781,4,0.0625,2564.1657949379155,d4_semiprime
588911,588937,26,588917,4,0.23076923076923078,2205.4848990188766,d4_semiprime
589021,589027,6,589023,6,0.3333333333333333,332.15556880253735,d6
589159,589163,4,589161,4,0.5,465.0258694224256,d4_semiprime
589231,589241,10,589233,8,0.2,730.7620609010619,d8_plus
589331,589349,18,589333,4,0.1111111111111111,1448.2566373568432,d4_semiprime
589471,589481,10,589477,4,0.6,690.9233631219562,d4_semiprime
589591,589601,10,589597,4,0.6,916.8165431042581,d4_semiprime
589711,589717,6,589714,8,0.5,438.48398778428754,d8_plus
589807,589811,4,589809,16,0.5,358.76396232663467,d8_plus
589903,589921,18,589906,4,0.16666666666666666,1634.3906513393867,d4_semiprime
590041,590071,30,590043,4,0.06666666666666667,2405.1235837892223,d4_semiprime
590137,590141,4,590138,12,0.25,305.6266179382271,d8_plus
590263,590267,4,590264,8,0.25,225.9015567489443,d8_plus
590357,590363,6,590361,8,0.6666666666666666,411.9430946759824,d8_plus
590431,590437,6,590434,8,0.5,863.7599895078392,d8_plus
590599,590609,10,590603,8,0.4,903.645215248523,d8_plus
590713,590717,4,590714,4,0.25,305.6490728569897,d4_semiprime
590813,590819,6,590815,4,0.3333333333333333,491.7025659368705,d4_semiprime
590929,590959,30,590939,4,0.3333333333333333,2458.552832778308,d4_semiprime
591067,591079,12,591069,4,0.16666666666666666,1089.755087626092,d4_semiprime
591161,591163,2,591162,48,0.5,305.66644352153725,d8_plus
591287,591289,2,591288,32,0.5,199.3508773100418,d8_plus
591403,591407,4,591406,4,0.75,172.77332566787015,d4_semiprime
591509,591523,14,591511,4,0.14285714285714285,970.202406105631,d4_semiprime
591623,591649,26,591631,4,0.3076923076923077,2379.024908985514,d4_semiprime
591743,591749,6,591746,4,0.5,691.1231856283754,d4_semiprime
591847,591863,16,591853,4,0.375,1541.7577636111225,d4_semiprime
591959,591973,14,591961,4,0.14285714285714285,863.9282100988072,d4_semiprime
592087,592099,12,592091,4,0.3333333333333333,744.3194148029951,d4_semiprime
592217,592219,2,592218,32,0.5,199.37445133986725,d8_plus
592309,592321,12,592313,4,0.3333333333333333,1036.7600921376934,d4_semiprime
592387,592391,4,592390,8,0.75,252.54644355604393,d8_plus
592483,592489,6,592486,4,0.5,571.5596362554452,d4_semiprime
592589,592597,8,592591,4,0.25,1129.8424210188732,d4_semiprime
592649,592661,12,592651,4,0.16666666666666666,957.0503713078612,d4_semiprime
592747,592759,12,592751,4,0.3333333333333333,903.8922652942864,d4_semiprime
592873,592877,4,592874,4,0.25,465.24587707824065,d4_semiprime
592973,592987,14,592978,4,0.35714285714285715,996.9686001683771,d4_semiprime
593071,593081,10,593077,4,0.6,757.7053959367963,d4_semiprime
593171,593179,8,593174,4,0.375,531.7297948195212,d4_semiprime
593233,593251,18,593237,4,0.2222222222222222,1236.2826443599247,d4_semiprime
593321,593323,2,593322,8,0.5,39.8804775968824,d8_plus
593429,593447,18,593431,4,0.1111111111111111,1329.3687685476184,d4_semiprime
593507,593513,6,593509,4,0.3333333333333333,172.8195147075499,d4_semiprime
593603,593627,24,593609,4,0.25,1954.2157599659236,d4_semiprime
593707,593711,4,593709,8,0.5,199.41217205836412,d8_plus
593869,593899,30,593871,4,0.06666666666666667,2552.5329740069815,d4_semiprime
593987,593993,6,593989,6,0.3333333333333333,292.48160257472944,d6
594119,594137,18,594121,4,0.1111111111111111,1568.7924387555663,d4_semiprime
594203,594211,8,594205,8,0.25,784.4039983262405,d8_plus
594299,594311,12,594302,4,0.25,1183.267974354945,d4_semiprime
594401,594403,2,594402,16,0.5,93.06717795982303,d8_plus
594499,594511,12,594502,4,0.25,1356.1394278623172,d4_semiprime
594571,594577,6,594574,8,0.5,452.0504426082043,d8_plus
594679,594697,18,594683,4,0.2222222222222222,1409.3541389403367,d4_semiprime
594793,594821,28,594794,4,0.03571428571428571,2087.471052460472,d4_semiprime
594911,594917,6,594913,4,0.3333333333333333,332.40429332105805,d4_semiprime
594989,595003,14,595001,4,0.8571428571428571,1529.0756489672972,d4_semiprime
595081,595087,6,595082,8,0.16666666666666666,305.81853057373723,d8_plus
595141,595157,16,595147,4,0.375,1010.5392504747991,d4_semiprime
595247,595253,6,595249,8,0.3333333333333333,465.38579179200656,d8_plus
595303,595313,10,595307,4,0.4,784.5132613360166,d4_semiprime
595379,595381,2,595380,24,0.5,146.26650649749976,d8_plus
595523,595547,24,595529,4,0.25,1954.690830897955,d4_semiprime
595687,595703,16,595691,4,0.25,1369.6410153369793,d4_semiprime
595807,595817,10,595811,4,0.4,970.7307541447998,d4_semiprime
595949,595951,2,595950,48,0.5,305.85197714794964,d8_plus
596009,596021,12,596017,4,0.6666666666666666,744.6891907450313,d4_semiprime
596083,596093,10,596086,4,0.3,877.6775337242076,d4_semiprime
596209,596227,18,596213,4,0.2222222222222222,1489.4165820591365,d4_semiprime
596279,596291,12,596283,4,0.3333333333333333,1023.9825162839865,d4_semiprime
596419,596423,4,596422,4,0.75,226.0779184661504,d4_semiprime
596573,596579,6,596577,4,0.6666666666666666,611.7521696424986,d4_semiprime
596653,596663,10,596654,4,0.1,545.2630873277013,d4_semiprime
596741,596749,8,596746,4,0.625,505.3713045564941,d4_semiprime
596839,596851,12,596842,8,0.25,1303.3425327105024,d8_plus
596927,596929,2,596928,28,0.5,172.89417316712496,d8_plus
597031,597049,18,597041,4,0.5555555555555556,1223.5760089690823,d4_semiprime
597137,597169,32,597143,4,0.1875,2713.1863453357096,d4_semiprime
597271,597301,30,597277,4,0.2,2447.228254985584,d4_semiprime
597391,597403,12,597397,4,0.5,1236.9316859202936,d4_semiprime
597451,597473,22,597453,4,0.09090909090909091,1622.6543036394696,d4_semiprime
597577,597581,4,597579,4,0.5,119.70577929141609,d4_semiprime
597659,597671,12,597665,4,0.5,877.8516688452063,d4_semiprime
597761,597767,6,597763,4,0.3333333333333333,372.4266332279378,d4_semiprime
597853,597859,6,597857,4,0.6666666666666666,438.9364682962393,d4_semiprime
597967,597997,30,597971,4,0.13333333333333333,2660.263494105891,d4_semiprime
598093,598099,6,598097,4,0.6666666666666666,438.9496962566819,d4_semiprime
598187,598189,2,598188,24,0.5,146.31826401275856,d8_plus
598333,598363,30,598337,4,0.13333333333333333,2075.100805848877,d4_semiprime
598439,598447,8,598441,4,0.25,678.406397918496,d4_semiprime
598541,598571,30,598543,4,0.06666666666666667,2314.596077544917,d4_semiprime
598681,598687,6,598685,4,0.6666666666666666,465.5871317413561,d4_semiprime
598783,598789,6,598786,4,0.5,465.59306424996396,d4_semiprime
598877,598883,6,598879,8,0.3333333333333333,731.6548419811069,d8_plus
598973,598981,8,598979,4,0.75,891.2996031715365,d4_semiprime
599069,599087,18,599077,4,0.4444444444444444,1509.9070106019576,d4_semiprime
599213,599231,18,599217,4,0.2222222222222222,1237.2148303667268,d4_semiprime
599321,599341,20,599323,4,0.1,1809.2854431275043,d4_semiprime
599407,599413,6,599411,4,0.6666666666666666,492.23700305900616,d4_semiprime
599519,599537,18,599527,4,0.4444444444444444,1569.8598406052927,d4_semiprime
599611,599623,12,599614,4,0.25,984.4994684024878,d4_semiprime
599701,599713,12,599707,4,0.5,665.2098774381678,d4_semiprime
599831,599843,12,599833,4,0.16666666666666666,971.222229184806,d4_semiprime
599939,599941,2,599940,96,0.5,625.3154916723037,d8_plus
600053,600071,18,600055,4,0.1111111111111111,1742.927175684779,d4_semiprime
600203,600217,14,600205,4,0.14285714285714285,1543.3840785834248,d4_semiprime
600269,600283,14,600274,4,0.35714285714285715,1144.2422953160296,d4_semiprime
600337,600359,22,600347,4,0.45454545454545453,1423.6633249667027,d4_semiprime
600421,600433,12,600427,4,0.5,904.7670099376647,d4_semiprime
600529,600557,28,600531,4,0.07142857142857142,2168.8107595176066,d4_semiprime
600659,600673,14,600662,4,0.21428571428571427,1237.4386618602548,d4_semiprime
600791,600823,32,600793,4,0.0625,2528.14538428298,d4_semiprime
600883,600889,6,600884,6,0.16666666666666666,385.8786631592643,d6
600961,600973,12,600962,4,0.08333333333333333,944.7469732052963,d4_semiprime
601043,601061,18,601045,4,0.1111111111111111,1290.7245427086748,d4_semiprime
601189,601193,4,601192,8,0.75,199.60001284686197,d8_plus
601259,601267,8,601261,4,0.25,691.9529066481865,d4_semiprime
601333,601339,6,601334,4,0.16666666666666666,572.1971023748733,d4_semiprime
601451,601457,6,601453,4,0.3333333333333333,345.98472543466266,d4_semiprime
601591,601607,16,601595,4,0.25,1330.7345874066318,d4_semiprime
601747,601751,4,601748,12,0.25,518.9962486773425,d8_plus
601819,601823,4,601820,12,0.25,226.23116406724702,d8_plus
601903,601943,40,601906,4,0.075,3233.8159537659467,d4_semiprime
602039,602047,8,602045,6,0.75,771.8687611247693,d6
602111,602137,26,602113,4,0.07692307692307693,1942.999386307994,d4_semiprime
602221,602227,6,602222,8,0.16666666666666666,545.6437945983727,d8_plus
602297,602309,12,602299,4,0.16666666666666666,1038.0642085473605,d4_semiprime
602377,602383,6,602381,4,0.6666666666666666,292.7901609363172,d4_semiprime
602479,602489,10,602482,4,0.3,665.4407513466243,d4_semiprime
602597,602603,6,602599,4,0.3333333333333333,731.99554291536,d4_semiprime
602689,602711,22,602695,4,0.2727272727272727,1770.1202005506743,d4_semiprime
602773,602779,6,602777,4,0.6666666666666666,519.0627064369792,d4_semiprime
602887,602891,4,602890,8,0.75,545.6889771025766,d8_plus
602977,602983,6,602978,4,0.16666666666666666,545.6952447827217,d4_semiprime
603091,603101,10,603093,4,0.2,944.9980947844604,d4_semiprime
603203,603209,6,603205,4,0.3333333333333333,519.0904946104378,d4_semiprime
603349,603389,40,603353,4,0.1,3207.7780201343053,d4_semiprime
603487,603503,16,603489,4,0.125,931.7346052046747,d4_semiprime
603563,603569,6,603565,4,0.3333333333333333,678.841137827818,d4_semiprime
603679,603689,10,603682,4,0.3,1291.147972351815,d4_semiprime
603781,603791,10,603787,4,0.6,652.2378068644955,d4_semiprime
603853,603859,6,603854,4,0.16666666666666666,678.8656263724104,d4_semiprime
603917,603919,2,603918,24,0.5,146.4231307672222,d8_plus
604001,604007,6,604003,4,0.3333333333333333,439.2740681018071,d4_semiprime
604171,604189,18,604177,4,0.3333333333333333,1464.279113372783,d4_semiprime
604291,604309,18,604297,4,0.3333333333333333,1730.53723987898,d4_semiprime
604361,604369,8,604363,4,0.25,612.3490200135342,d4_semiprime
604477,604481,4,604479,4,0.5,226.30609409580083,d4_semiprime
604603,604609,6,604607,4,0.6666666666666666,812.0522727045433,d4_semiprime
604699,604711,12,604703,4,0.3333333333333333,918.5623093580267,d4_semiprime
604787,604801,14,604793,4,0.42857142857142855,2036.8351378455934,d4_semiprime
604861,604867,6,604862,8,0.16666666666666666,359.4444874890055,d8_plus
604973,604997,24,604983,4,0.4166666666666667,2143.3869617780874,d4_semiprime
605069,605071,2,605070,56,0.5,359.45368468558115,d8_plus
605177,605191,14,605179,4,0.14285714285714285,1038.43636922577,d4_semiprime
605261,605309,48,605263,4,0.041666666666666664,4040.6324697726914,d4_semiprime
605401,605411,10,605405,4,0.4,812.1329231580465,d4_semiprime
605509,605531,22,605513,4,0.18181818181818182,1957.1350491559701,d4_semiprime
605599,605603,4,605602,4,0.75,266.27950622711916,d4_semiprime
605687,605707,20,605695,4,0.4,1744.151700034823,d4_semiprime
605861,605867,6,605863,8,0.3333333333333333,572.5196519447982,d8_plus
605933,605947,14,605937,4,0.2857142857142857,905.388273576827,d4_semiprime
606031,606037,6,606035,8,0.6666666666666666,545.9023081808297,d8_plus
606091,606113,22,606093,4,0.09090909090909091,2050.4797395219443,d4_semiprime
606247,606251,4,606248,8,0.25,252.98588855908974,d8_plus
606379,606383,4,606381,4,0.5,119.83737072502316,d4_semiprime
606497,606503,6,606499,8,0.3333333333333333,412.77925363306707,d8_plus
606587,606589,2,606588,12,0.5,66.57802545823637,d8_plus
606721,606731,10,606722,4,0.1,692.4233693418736,d4_semiprime
606829,606833,4,606831,4,0.5,359.5321713210927,d4_semiprime
606919,606943,24,606926,4,0.2916666666666667,1704.4699037985063,d4_semiprime
607003,607007,4,607006,8,0.75,412.8050582295634,d8_plus
607091,607093,2,607092,12,0.5,66.58217811815473,d8_plus
607151,607153,2,607152,80,0.5,519.3448435716618,d8_plus
607249,607253,4,607252,6,0.75,266.33392846465097,d6
607331,607337,6,607333,4,0.3333333333333333,705.7921679786676,d4_semiprime
607423,607471,48,607426,4,0.0625,3981.788839497698,d4_semiprime
607619,607627,8,607621,8,0.25,945.528802318463,d8_plus
607723,607727,4,607726,16,0.75,546.016571541035,d8_plus
607837,607843,6,607839,4,0.3333333333333333,492.753671250847,d4_semiprime
607933,607939,6,607934,8,0.16666666666666666,519.3951707977037,d8_plus
608029,608033,4,608031,6,0.5,186.45173276154654,d6
608131,608147,16,608134,4,0.1875,1185.3161783665803,d4_semiprime
608273,608297,24,608287,4,0.5833333333333334,2037.7148455894526,d4_semiprime
608369,608371,2,608370,32,0.5,199.7780779273023,d8_plus
608429,608431,2,608430,32,0.5,199.77955721724433,d8_plus
608521,608527,6,608523,4,0.3333333333333333,492.7953298191708,d4_semiprime
608653,608659,6,608657,4,0.6666666666666666,306.3372059711667,d4_semiprime
608749,608759,10,608753,4,0.4,652.6391949816448,d4_semiprime
608857,608863,6,608858,4,0.16666666666666666,239.7481903609404,d4_semiprime
608947,608953,6,608951,4,0.6666666666666666,386.2652518038696,d4_semiprime
609067,609071,4,609069,4,0.5,346.3118923387508,d4_semiprime
609163,609173,10,609171,4,0.8,852.4703203276928,d4_semiprime
609233,609241,8,609239,4,0.75,626.0382470592791,d4_semiprime
609313,609337,24,609317,4,0.16666666666666666,2197.8185636026915,d4_semiprime
609403,609407,4,609405,8,0.5,306.36549846613036,d8_plus
609509,609517,8,609514,4,0.625,532.8165779673844,d4_semiprime
609599,609601,2,609600,84,0.5,546.1428896175375,d8_plus
609683,609701,18,609685,4,0.1111111111111111,1918.1823333819993,d4_semiprime
609781,609803,22,609787,4,0.2727272727272727,1558.542107982253,d4_semiprime
609911,609913,2,609912,48,0.5,306.38460915929494,d8_plus
610031,610063,32,610034,4,0.09375,3050.5756364266927,d4_semiprime
610199,610217,18,610201,4,0.1111111111111111,1798.4094125700076,d4_semiprime
610301,610327,26,610303,4,0.07692307692307693,2038.2244742681776,d4_semiprime
610439,610447,8,610441,4,0.25,546.1995024167151,d4_semiprime
610553,610559,6,610556,6,0.5,346.3752511553702,d6
610639,610651,12,610647,4,0.6666666666666666,1292.2604101991944,d4_semiprime
610733,610739,6,610735,4,0.3333333333333333,466.2846957682416,d4_semiprime
610817,610823,6,610819,4,0.3333333333333333,426.321802134773,d4_semiprime
610877,610879,2,610878,32,0.5,199.839788183231,d8_plus
610969,610993,24,610971,4,0.08333333333333333,2038.3914627260506,d4_semiprime
611081,611101,20,611089,4,0.4,2025.096782276884,d4_semiprime
611207,611213,6,611209,4,0.3333333333333333,546.2509950018803,d4_semiprime
611323,611333,10,611326,4,0.3,1105.8411232403994,d4_semiprime
611453,611459,6,611458,8,0.8333333333333334,519.6203197314761,d8_plus
611551,611557,6,611553,8,0.3333333333333333,626.216697054412,d8_plus
611671,611693,22,611678,4,0.3181818181818182,1718.7919368757412,d4_semiprime
611827,611833,6,611831,4,0.6666666666666666,759.4800339253344,d4_semiprime
611921,611927,6,611924,6,0.5,346.4334737871568,d6
611977,611993,16,611981,4,0.25,1159.228295273075,d4_semiprime
612049,612061,12,612057,4,0.6666666666666666,799.4746652092824,d4_semiprime
612133,612137,4,612134,8,0.25,386.41655524020354,d8_plus
612223,612229,6,612226,8,0.5,466.36998710293153,d8_plus
612331,612341,10,612334,4,0.3,679.5768677506865,d4_semiprime
612407,612439,32,612411,4,0.125,2678.3602055790575,d4_semiprime
612611,612613,2,612612,144,0.5,946.1095813897558,d8_plus
612713,612719,6,612718,4,0.8333333333333334,359.79271434696744,d4_semiprime
612809,612811,2,612810,48,0.5,306.4936349637043,d8_plus
612877,612889,12,612881,4,0.3333333333333333,919.4891010713258,d4_semiprime
613007,613009,2,613008,100,0.5,652.9805300048034,d8_plus
613153,613163,10,613154,4,0.1,759.603555084344,d4_semiprime
613219,613229,10,613221,8,0.2,972.8335277191625,d8_plus
613279,613289,10,613281,4,0.2,759.6152409202545,d4_semiprime
613421,613427,6,613423,8,0.3333333333333333,413.1311385156451,d8_plus
613471,613493,22,613478,4,0.3181818181818182,1692.517022553299,d4_semiprime
613577,613597,20,613579,4,0.1,1519.2866133057653,d4_semiprime
613667,613673,6,613671,4,0.6666666666666666,386.4891492020195,d4_semiprime
613807,613813,6,613810,8,0.5,399.8231888061209,d8_plus
613889,613903,14,613891,4,0.14285714285714285,1292.775237735991,d4_semiprime
613999,614041,42,614001,4,0.047619047619047616,3971.6799832957304,d4_semiprime
614129,614143,14,614134,4,0.35714285714285715,986.2699304427374,d4_semiprime
614219,614267,48,614227,4,0.16666666666666666,4291.662880205842,d4_semiprime
614377,614387,10,614378,4,0.1,1026.2847542489355,d4_semiprime
614527,614531,4,614529,6,0.5,213.25778239541162,d6
614617,614623,6,614621,4,0.6666666666666666,306.56146129358154,d4_semiprime
614687,614693,6,614689,4,0.3333333333333333,573.1415119526664,d4_semiprime
614749,614753,4,614751,4,0.5,173.27664037444455,d4_semiprime
614863,614881,18,614867,4,0.2222222222222222,1879.4136409479988,d4_semiprime
614983,615019,36,614987,4,0.1111111111111111,3025.7687583795823,d4_semiprime
615107,615137,30,615113,4,0.2,2599.267437255017,d4_semiprime
615259,615269,10,615262,4,0.3,906.4268506605672,d4_semiprime
615367,615379,12,615371,4,0.3333333333333333,906.4387550775269,d4_semiprime
615431,615437,6,615433,8,0.3333333333333333,386.5724066798422,d8_plus
615509,615521,12,615513,4,0.3333333333333333,999.7660328670567,d4_semiprime
615623,615661,38,615633,4,0.2631578947368421,3145.979817525864,d4_semiprime
615743,615749,6,615746,4,0.5,479.9011912881274,d4_semiprime
615821,615827,6,615823,8,0.3333333333333333,759.8508787542039,d8_plus
615919,615941,22,615921,4,0.09090909090909091,1906.3173084118223,d4_semiprime
616069,616073,4,616071,4,0.5,306.6156894135773,d4_semiprime
616139,616141,2,616140,96,0.5,626.5677860027586,d8_plus
616211,616219,8,616214,4,0.375,533.2540661544534,d4_semiprime
616307,616313,6,616309,4,0.3333333333333333,879.8792354898782,d4_semiprime
616393,616409,16,616397,4,0.25,1359.828535100175,d4_semiprime
616489,616501,12,616498,4,0.75,1239.858082624517,d4_semiprime
616547,616579,32,616549,4,0.0625,2626.3871925167036,d4_semiprime
616703,616717,14,616705,4,0.14285714285714285,1666.5191131123922,d4_semiprime
616783,616787,4,616786,8,0.75,253.3132301276397,d8_plus
616849,616871,22,616853,4,0.18181818181818182,1866.5355511246648,d4_semiprime
616961,616991,30,616963,4,0.06666666666666667,2813.1751944923108,d4_semiprime
617053,617059,6,617054,4,0.16666666666666666,559.9740860214415,d4_semiprime
617147,617153,6,617149,8,0.3333333333333333,693.309010048331,d8_plus
617249,617257,8,617252,6,0.375,799.9820382265372,d6
617333,617339,6,617335,8,0.3333333333333333,413.3282434389382,d8_plus
617411,617429,18,617413,4,0.1111111111111111,1066.6643908503495,d4_semiprime
617509,617521,12,617511,4,0.16666666666666666,973.3427688746582,d4_semiprime
617657,617677,20,617659,4,0.1,1413.3726248289702,d4_semiprime
617719,617723,4,617722,8,0.75,226.67446055383675,d8_plus
617801,617809,8,617803,4,0.25,573.358975309781,d4_semiprime
617917,617951,34,617921,4,0.11764705882352941,2586.8220441999147,d4_semiprime
618031,618041,10,618038,4,0.7,733.3865203021315,d4_semiprime
618173,618199,26,618179,4,0.23076923076923078,2280.207303811374,d4_semiprime
618287,618301,14,618289,4,0.14285714285714285,1346.806856664851,d4_semiprime
618361,618377,16,618367,4,0.375,1026.7829124503646,d4_semiprime
618509,618521,12,618511,4,0.16666666666666666,1346.842774863903,d4_semiprime
618589,618593,4,618591,4,0.5,253.36879867905284,d4_semiprime
618707,618719,12,618711,4,0.3333333333333333,760.1175945781449,d4_semiprime
618857,618859,2,618858,12,0.5,66.67815561544148,d8_plus
618979,618991,12,618983,4,0.3333333333333333,853.4935324760968,d4_semiprime
619057,619061,4,619058,16,0.25,333.3989030151156,d8_plus
619169,619181,12,619177,4,0.6666666666666666,773.4963684654093,d4_semiprime
619273,619277,4,619274,4,0.25,306.7350246608353,d4_semiprime
619373,619391,18,619379,4,0.3333333333333333,1573.7042432120104,d4_semiprime
619543,619561,18,619547,4,0.2222222222222222,1613.7471495970688,d4_semiprime
619621,619657,36,619622,4,0.027777777777777776,3147.5067349506976,d4_semiprime
619741,619753,12,619747,4,0.5,1333.7070078359388,d4_semiprime
619819,619831,12,619823,4,0.3333333333333333,1066.975470942257,d4_semiprime
619967,619979,12,619973,4,0.5,1040.3195083866683,d4_semiprime
620051,620099,48,620054,4,0.0625,3481.111750023942,d4_semiprime
620197,620201,4,620198,12,0.25,440.14728624062104,d8_plus
620261,620297,36,620263,4,0.05555555555555555,2494.1917316583513,d4_semiprime
620363,620377,14,620371,4,0.5714285714285714,1213.7644157679945,d4_semiprime
620441,620461,20,620443,4,0.1,1667.2753163488435,d4_semiprime
620561,620567,6,620563,4,0.3333333333333333,360.13635889656575,d4_semiprime
620657,620663,6,620659,4,0.3333333333333333,413.49466769170954,d4_semiprime
620759,620771,12,620761,4,0.16666666666666666,933.7093815700848,d4_semiprime
620849,620869,20,620853,4,0.2,1747.3908268647242,d4_semiprime
620947,620957,10,620951,4,0.4,706.9674642469092,d4_semiprime
621031,621043,12,621037,4,0.5,920.4010859930343,d4_semiprime
621143,621217,74,621149,4,0.08108108108108109,6216.148693117416,d4_semiprime
621301,621317,16,621307,4,0.375,1040.487533262357,d4_semiprime
621389,621419,30,621391,4,0.06666666666666667,2707.966246956251,d4_semiprime
621521,621527,6,621523,4,0.3333333333333333,480.23742150928035,d4_semiprime
621629,621631,2,621630,24,0.5,146.74110373361162,d8_plus
621721,621739,18,621722,4,0.05555555555555555,1347.366515685314,d4_semiprime
621833,621869,36,621835,4,0.05555555555555555,2681.4317768239207,d4_semiprime
621941,621983,42,621947,4,0.14285714285714285,3348.499031351869,d4_semiprime
622067,622073,6,622069,4,0.3333333333333333,240.134550338092,d4_semiprime
622151,622157,6,622153,6,0.3333333333333333,440.25110863684176,d6
622247,622249,2,622248,32,0.5,200.1164100912367,d8_plus
622337,622351,14,622343,4,0.42857142857142855,1013.9350021511556,d4_semiprime
622483,622493,10,622487,4,0.4,747.1228078744516,d4_semiprime
622571,622577,6,622574,8,0.5,506.98147065997244,d8_plus
622639,622663,24,622641,4,0.08333333333333333,2254.754280642719,d4_semiprime
622781,622793,12,622783,4,0.16666666666666666,960.621086377218,d4_semiprime
622927,622943,16,622929,4,0.125,1267.508638153841,d4_semiprime
623017,623023,6,623019,4,0.3333333333333333,173.45034069974602,d4_semiprime
623171,623209,38,623173,4,0.05263157894736842,2841.975492811195,d4_semiprime
623291,623299,8,623293,4,0.25,667.1388097826938,d4_semiprime
623383,623387,4,623386,8,0.75,280.20130485639885,d8_plus
623477,623521,44,623479,4,0.045454545454545456,3989.58752050829,d4_semiprime
623633,623641,8,623639,4,0.75,733.8828061017842,d4_semiprime
623699,623717,18,623701,4,0.1111111111111111,2468.535139491804,d4_semiprime
623767,623771,4,623769,4,0.5,413.64962263216205,d4_semiprime
623881,623893,12,623885,4,0.3333333333333333,613.811336909287,d4_semiprime
623977,623983,6,623981,4,0.6666666666666666,386.972318244919,d4_semiprime
624067,624089,22,624071,4,0.18181818181818182,1828.1322921515978,d4_semiprime
624191,624199,8,624193,4,0.25,680.5550845754756,d4_semiprime
624259,624271,12,624263,4,0.3333333333333333,1214.3338785337207,d4_semiprime
624347,624391,44,624353,4,0.13636363636363635,3923.2814832515633,d4_semiprime
624469,624479,10,624475,6,0.6,573.8205314450239,d6
624541,624577,36,624545,4,0.1111111111111111,2802.4084780753756,d4_semiprime
624667,624683,16,624669,4,0.125,1481.293713365977,d4_semiprime
624763,624769,6,624766,4,0.5,493.76992017573946,d4_semiprime
624839,624847,8,624843,6,0.5,760.6794675108462,d6
624983,624997,14,624989,4,0.42857142857142855,1294.512636071746,d4_semiprime
625109,625111,2,625110,32,0.5,200.18524369848532,d8_plus
625187,625199,12,625193,4,0.5,867.4779744812143,d4_semiprime
625283,625307,24,625286,4,0.125,1895.1288753126585,d4_semiprime
625409,625451,42,625411,4,0.047619047619047616,3163.048170775033,d4_semiprime
625543,625589,46,625546,4,0.06521739130434782,3389.9884847291933,d4_semiprime
625643,625657,14,625649,4,0.42857142857142855,1321.3080317022159,d4_semiprime
625789,625811,22,625793,4,0.18181818181818182,1828.5096124031502,d4_semiprime
625883,625909,26,625886,4,0.11538461538461539,2015.388090083166,d4_semiprime
625997,626009,12,625999,4,0.16666666666666666,720.7438983940872,d4_semiprime
626147,626159,12,626149,4,0.16666666666666666,787.4935878378685,d4_semiprime
626239,626251,12,626243,4,0.3333333333333333,1348.0971661280214,d4_semiprime
626363,626377,14,626369,4,0.42857142857142855,1027.7725912832025,d4_semiprime
626533,626539,6,626534,4,0.16666666666666666,734.137854527203,d4_semiprime
626621,626623,2,626622,16,0.5,93.43669136901386,d8_plus
626693,626701,8,626695,4,0.25,814.2413477415563,d4_semiprime
626771,626783,12,626774,4,0.25,1241.396241030405,d4_semiprime
626917,626921,4,626918,8,0.25,280.3200442592103,d8_plus
627017,627041,24,627023,4,0.25,1655.2448149624436,d4_semiprime
627101,627119,18,627103,4,0.1111111111111111,1214.7475069807156,d4_semiprime
627217,627227,10,627221,4,0.4,560.6603589539092,d4_semiprime
627301,627329,28,627307,4,0.21428571428571427,2015.7301485140215,d4_semiprime
627433,627449,16,627434,4,0.0625,1508.4828135217526,d4_semiprime
627559,627593,34,627563,4,0.11764705882352941,3110.461585067959,d4_semiprime
627661,627667,6,627663,4,0.3333333333333333,347.09378296298195,d4_semiprime
627787,627791,4,627789,4,0.5,213.59934883481426,d4_semiprime
627911,627919,8,627917,4,0.75,934.5110069458095,d4_semiprime
628021,628037,16,628027,4,0.375,1027.9763383862971,d4_semiprime
628097,628127,30,628099,4,0.06666666666666667,2336.332996319213,d4_semiprime
628213,628217,4,628214,4,0.25,307.06467765245395,d4_semiprime
628319,628357,38,628321,4,0.05263157894736842,3618.073958982315,d4_semiprime
628427,628447,20,628431,4,0.2,1428.5560612742615,d4_semiprime
628583,628591,8,628585,4,0.25,680.9127126528277,d4_semiprime
628709,628721,12,628714,4,0.4166666666666667,1201.6290635760154,d4_semiprime
628799,628801,2,628800,84,0.5,547.4143093239825,d8_plus
628909,628913,4,628911,8,0.5,253.68315877355798,d8_plus
629003,629009,6,629007,4,0.6666666666666666,507.3719872417966,d4_semiprime
629137,629143,6,629138,4,0.16666666666666666,413.91542300559246,d4_semiprime
629281,629311,30,629282,4,0.03333333333333333,2123.025329212376,d4_semiprime
629401,629411,10,629403,4,0.2,774.4469363444103,d4_semiprime
629509,629513,4,629511,4,0.5,413.93363138490025,d4_semiprime
629609,629611,2,629610,32,0.5,200.29283788589365,d8_plus
629701,629711,10,629702,4,0.1,774.474457312187,d4_semiprime
629779,629803,24,629781,4,0.08333333333333333,1789.3216845289771,d4_semiprime
629891,629897,6,629893,8,0.3333333333333333,373.8925880715984,d8_plus
629963,629977,14,629966,4,0.21428571428571427,1375.4028731008461,d4_semiprime
630067,630101,34,630073,4,0.17647058823529413,2577.2461446678694,d4_semiprime
630181,630193,12,630185,4,0.3333333333333333,881.3491217855062,d4_semiprime
630299,630307,8,630303,4,0.5,894.7149651529522,d4_semiprime
630467,630473,6,630469,4,0.3333333333333333,387.272360295726,d4_semiprime
630577,630583,6,630579,4,0.3333333333333333,360.5686670202022,d4_semiprime
630677,630689,12,630687,4,0.8333333333333334,747.8552440939216,d4_semiprime
630797,630803,6,630799,4,0.3333333333333333,734.5108988386122,d4_semiprime
630899,630901,2,630900,54,0.5,347.2274689093314,d8_plus
631003,631013,10,631007,4,0.4,1055.0507747067297,d4_semiprime
631151,631153,2,631152,50,0.5,320.52724799987544,d8_plus
631247,631249,2,631248,20,0.5,120.1990868212487,d8_plus
631357,631361,4,631358,16,0.25,414.02453695919877,d8_plus
631457,631459,2,631458,12,0.5,66.77893355123683,d8_plus
631529,631531,2,631530,32,0.5,200.3385108837383,d8_plus
631597,631613,16,631599,4,0.125,1135.2616682714647,d4_semiprime
631711,631717,6,631714,4,0.5,440.75433095688044,d4_semiprime
631817,631819,2,631818,24,0.5,146.91992322670058,d8_plus
631889,631901,12,631893,4,0.3333333333333333,1335.647633615626,d4_semiprime
631987,631991,4,631990,8,0.75,200.34940585409143,d8_plus
632087,632089,2,632088,24,0.5,146.9246229433649,d8_plus
632189,632209,20,632191,4,0.1,1776.4756036028346,d4_semiprime
632273,632297,24,632278,4,0.20833333333333334,1682.9940561800768,d4_semiprime
632347,632351,4,632348,12,0.25,200.35795103855003,d8_plus
632447,632459,12,632449,4,0.16666666666666666,1228.8768957206323,d4_semiprime
632557,632561,4,632559,4,0.5,173.64788357152233,d4_semiprime
632669,632677,8,632673,6,0.5,520.9506533798228,d6
632773,632777,4,632774,16,0.25,601.1041710892841,d8_plus
632897,632911,14,632899,4,0.14285714285714285,1028.5718141354175,d4_semiprime
632993,633001,8,632998,4,0.625,948.4337672751441,d4_semiprime
633091,633133,42,633103,4,0.2857142857142857,3192.658360558933,d4_semiprime
633253,633257,4,633254,8,0.25,333.96571790677103,d8_plus
633359,633377,18,633361,4,0.1111111111111111,2244.2788282141614,d4_semiprime
633461,633463,2,633462,16,0.5,93.51268704910669,d8_plus
633569,633571,2,633570,48,0.5,307.2598927071602,d8_plus
633653,633667,14,633657,4,0.2857142857142857,1188.974641152853,d4_semiprime
633791,633793,2,633792,28,0.5,173.67318935045267,d8_plus
633883,633923,40,633887,4,0.1,3420.070764005928,d4_semiprime
633991,634003,12,633999,4,0.6666666666666666,1055.424094374885,d4_semiprime
634103,634141,38,634107,4,0.10526315789473684,3046.079617983641,d4_semiprime
634199,634211,12,634209,4,0.8333333333333334,1202.411103552287,d4_semiprime
634273,634279,6,634274,8,0.16666666666666666,374.0867130407117,d8_plus
634367,634373,6,634369,4,0.3333333333333333,895.1458849035157,d4_semiprime
634493,634499,6,634497,4,0.6666666666666666,280.5722957401487,d4_semiprime
634573,634577,4,634574,8,0.25,227.13209241696603,d8_plus
634679,634681,2,634680,96,0.5,627.9611820508572,d8_plus
634747,634757,10,634749,4,0.2,1055.5181949852963,d4_semiprime
634859,634861,2,634860,36,0.5,227.13971627914648,d8_plus
634939,634943,4,634941,6,0.5,481.0063638655539,d6
635057,635087,30,635059,4,0.06666666666666667,2231.369425005961,d4_semiprime
635207,635249,42,635209,3,0.047619047619047616,3053.1566427856096,d3_prime_square
635293,635309,16,635297,4,0.25,975.4153694004868,d4_semiprime
635359,635363,4,635361,16,0.5,654.7354383239734,d8_plus
635449,635461,12,635451,4,0.16666666666666666,1215.9510699210655,d4_semiprime
635563,635567,4,635566,4,0.75,173.70949910501955,d4_semiprime
635689,635707,18,635693,4,0.2222222222222222,1469.8728002431965,d4_semiprime
635801,635809,8,635806,4,0.625,628.0444997879636,d4_semiprime
635891,635893,2,635892,24,0.5,146.99062418240123,d8_plus
635977,635981,4,635978,8,0.25,146.99213219674922,d8_plus
636061,636071,10,636067,4,0.6,668.1528207835888,d4_semiprime
636193,636211,18,636199,4,0.3333333333333333,1269.5107108784457,d4_semiprime
636283,636287,4,636284,12,0.25,307.3582458118433,d8_plus
636359,636403,44,636362,4,0.06818181818181818,3781.88542742692,d4_semiprime
636499,636533,34,636501,4,0.058823529411764705,2940.028188070362,d4_semiprime
636613,636619,6,636617,8,0.6666666666666666,681.559974296203,d8_plus
636731,636739,8,636733,4,0.25,614.7489451799437,d4_semiprime
636817,636821,4,636819,8,0.5,280.6490620259605,d8_plus
636931,636947,16,636934,4,0.1875,1122.6122181505975,d4_semiprime
637067,637073,6,637069,4,0.3333333333333333,441.0329647114699,d4_semiprime
637171,637199,28,637178,4,0.25,2125.005415557399,d4_semiprime
637283,637291,8,637289,4,0.75,735.0736962520275,d4_semiprime
637339,637349,10,637341,4,0.2,574.6977480424297,d4_semiprime
637459,637463,4,637462,8,0.75,253.93971603832603,d8_plus
637531,637543,12,637535,4,0.3333333333333333,895.4796130815666,d4_semiprime
637657,637669,12,637661,4,0.3333333333333333,748.4715748940067,d4_semiprime
637727,637729,2,637728,96,0.5,628.1863555392546,d8_plus
637817,637829,12,637822,4,0.4166666666666667,922.2413402997395,d4_semiprime
637937,637939,2,637938,48,0.5,307.4179167151919,d8_plus
638117,638123,6,638119,4,0.3333333333333333,842.0756832920852,d4_semiprime
638201,638233,32,638207,4,0.1875,2713.3864185595216,d4_semiprime
638359,638371,12,638366,4,0.5833333333333334,1082.699952417059,d4_semiprime
638489,638501,12,638497,4,0.6666666666666666,1096.0833354778094,d4_semiprime
638633,638663,30,638635,4,0.06666666666666667,2352.610697995086,d4_semiprime
638767,638801,34,638769,4,0.058823529411764705,2967.5455248170324,d4_semiprime
638933,638959,26,638938,4,0.19230769230769232,1991.7685892349423,d4_semiprime
639043,639049,6,639047,4,0.6666666666666666,494.6060454081288,d4_semiprime
639157,639167,10,639161,4,0.4,748.6030497075403,d4_semiprime
639263,639269,6,639266,8,0.5,548.0911253232326,d8_plus
639371,639391,20,639374,4,0.15,1430.403386215316,d4_semiprime
639493,639511,18,639494,4,0.05555555555555555,1470.5288404274004,d4_semiprime
639589,639599,10,639593,4,0.4,614.9550946891693,d4_semiprime
639679,639689,10,639683,4,0.4,708.5425928826805,d4_semiprime
639739,639757,18,639741,4,0.1111111111111111,1791.4230169352456,d4_semiprime
639911,639937,26,639913,4,0.07692307692307693,2754.0356115826266,d4_semiprime
640009,640019,10,640011,4,0.2,775.4161947708373,d4_semiprime
640099,640109,10,640103,4,0.4,842.2711862495978,d4_semiprime
640163,640193,30,640165,4,0.06666666666666667,2205.967954305243,d4_semiprime
640259,640261,2,640260,36,0.5,227.2837035882573,d8_plus
640369,640411,42,640379,4,0.23809523809523808,3329.0880708466357,d4_semiprime
640529,640531,2,640530,48,0.5,307.5111784654793,d8_plus
640649,640663,14,640658,4,0.6428571428571429,1096.3603958474644,d4_semiprime
640741,640771,30,640747,4,0.2,2647.340527350583,d4_semiprime
640873,640891,18,640877,4,0.2222222222222222,962.6832439117317,d4_semiprime
640949,640957,8,640954,4,0.625,601.6820041013327,d4_semiprime
641077,641083,6,641078,4,0.16666666666666666,681.916389308165,d4_semiprime
641167,641197,30,641177,4,0.3333333333333333,2620.7294321496065,d4_semiprime
641287,641299,12,641293,4,0.5,708.6758147946306,d4_semiprime
641419,641437,18,641423,4,0.2222222222222222,1617.9453678113991,d4_semiprime
641513,641519,6,641518,4,0.8333333333333334,334.28971640101423,d4_semiprime
641623,641633,10,641629,4,0.6,1056.3693384769963,d4_semiprime
641761,641789,28,641771,4,0.35714285714285715,2139.51926414077,d4_semiprime
641833,641843,10,641837,4,0.4,762.2092054514626,d4_semiprime
641909,641923,14,641911,4,0.14285714285714285,1190.1270765556226,d4_semiprime
642049,642071,22,642053,4,0.18181818181818182,1818.6516425128427,d4_semiprime
642151,642157,6,642153,4,0.3333333333333333,280.82426447319716,d4_semiprime
642233,642241,8,642235,8,0.25,869.2264794780322,d8_plus
642373,642403,30,642374,4,0.03333333333333333,2888.5574060779645,d4_semiprime
642527,642529,2,642528,72,0.5,468.0607986098967,d8_plus
642623,642673,50,642626,4,0.06,4025.378977021997,d4_semiprime
642791,642797,6,642793,4,0.3333333333333333,307.5923458656862,d4_semiprime
642877,642881,4,642878,8,0.25,655.3119375593034,d8_plus
642973,642977,4,642974,8,0.25,254.1033737642327,d8_plus
643051,643061,10,643053,4,0.2,842.5613298108113,d4_semiprime
643129,643183,54,643138,4,0.16666666666666666,3931.997133617612,d4_semiprime
643273,643301,28,643277,4,0.14285714285714285,2367.259074626597,d4_semiprime
643439,643453,14,643441,4,0.14285714285714285,1310.710046184689,d4_semiprime
643547,643553,6,643549,4,0.3333333333333333,708.8621083957622,d4_semiprime
643649,643651,2,643650,48,0.5,307.6229387190189,d8_plus
643723,643729,6,643727,4,0.6666666666666666,347.750741219882,d4_semiprime
643873,643879,6,643877,4,0.6666666666666666,508.259881913286,d4_semiprime
643961,643969,8,643963,4,0.25,976.4043363710101,d4_semiprime
644057,644089,32,644063,4,0.1875,2354.1001614744414,d4_semiprime
644141,644143,2,644142,8,0.5,40.1270234330251,d8_plus
644227,644239,12,644231,4,0.3333333333333333,842.6763668397691,d4_semiprime
644353,644359,6,644357,4,0.6666666666666666,575.1682951489663,d4_semiprime
644431,644443,12,644433,4,0.16666666666666666,1123.5951000269147,d4_semiprime
644519,644531,12,644522,4,0.25,1043.3487795062338,d4_semiprime
644599,644617,18,644601,4,0.1111111111111111,1538.2857587137464,d4_semiprime
644701,644717,16,644702,4,0.0625,896.229174311989,d4_semiprime
644789,644797,8,644794,4,0.625,387.92385225598355,d4_semiprime
644869,644881,12,644879,4,0.8333333333333334,1056.7682142413046,d4_semiprime
644977,644999,22,644979,4,0.09090909090909091,1658.746292297518,d4_semiprime
645049,645067,18,645053,4,0.2222222222222222,1404.5949142707902,d4_semiprime
645137,645149,12,645142,4,0.4166666666666667,708.9929588581184,d4_semiprime
645347,645353,6,645349,4,0.3333333333333333,361.1937827795656,d4_semiprime
645433,645443,10,645439,4,0.6,709.0172409735541,d4_semiprime
645521,645527,6,645523,4,0.3333333333333333,575.2461845554664,d4_semiprime
645611,645629,18,645613,4,0.1111111111111111,1658.8679249035017,d4_semiprime
645703,645713,10,645707,4,0.4,588.6365359843835,d4_semiprime
645787,645803,16,645793,4,0.375,1458.2277335863794,d4_semiprime
645893,645901,8,645899,4,0.75,682.2981864651168,d4_semiprime
646013,646027,14,646018,4,0.35714285714285715,1337.8584116688237,d4_semiprime
646157,646159,2,646158,8,0.5,40.13639800470831,d8_plus
646237,646253,16,646241,4,0.25,1297.756471085266,d4_semiprime
646307,646309,2,646308,36,0.5,227.44353463855796,d8_plus
646423,646433,10,646427,4,0.4,802.7529441354151,d4_semiprime
646549,646571,22,646553,4,0.18181818181818182,1873.1190364623735,d4_semiprime
646643,646669,26,646649,4,0.23076923076923078,2609.016110004796,d4_semiprime
646831,646837,6,646834,8,0.5,374.63567466980385,d8_plus
646897,646909,12,646901,4,0.3333333333333333,1177.435820022094,d4_semiprime
646991,646993,2,646992,30,0.5,187.32124892104625,d8_plus
647081,647099,18,647083,4,0.1111111111111111,1578.8682241180927,d4_semiprime
647189,647201,12,647191,4,0.16666666666666666,1458.4636740503827,d4_semiprime
647303,647321,18,647305,4,0.1111111111111111,1204.2524171398543,d4_semiprime
647371,647399,28,647389,4,0.6428571428571429,1833.1554708765345,d4_semiprime
647489,647503,14,647491,4,0.14285714285714285,1445.1338129601058,d4_semiprime
647587,647593,6,647589,4,0.3333333333333333,521.8595679813587,d4_semiprime
647663,647687,24,647665,4,0.08333333333333333,2060.6964053527413,d4_semiprime
647753,647771,18,647758,4,0.2777777777777778,1512.084595651435,d4_semiprime
647839,647851,12,647846,4,0.5833333333333334,883.1729102756416,d4_semiprime
647953,647963,10,647959,4,0.6,1057.144815829191,d4_semiprime
648059,648061,2,648060,48,0.5,307.7799869637332,d8_plus
648133,648173,40,648134,4,0.025,2903.8684730237774,d4_semiprime
648239,648257,18,648247,4,0.4444444444444444,1699.5173475741399,d4_semiprime
648331,648341,10,648337,4,0.6,923.3694024990468,d4_semiprime
648433,648437,4,648434,4,0.25,133.82317200629242,d4_semiprime
648617,648619,2,648618,16,0.5,93.67819457186175,d8_plus
648689,648709,20,648691,4,0.1,1793.2849581701298,d4_semiprime
648859,648863,4,648862,4,0.75,120.4467580091768,d4_semiprime
648937,648953,16,648938,4,0.0625,1124.1806310847671,d4_semiprime
649063,649069,6,649067,4,0.6666666666666666,441.64855653775993,d4_semiprime
649141,649147,6,649142,8,0.16666666666666666,414.8856992155681,d8_plus
649277,649279,2,649278,24,0.5,147.21977880807674,d8_plus
649379,649381,2,649380,48,0.5,307.8267868318967,d8_plus
649471,649483,12,649477,4,0.5,936.8745229745593,d4_semiprime
649541,649559,18,649546,4,0.2777777777777778,1191.179134177351,d4_semiprime
649633,649639,6,649637,4,0.6666666666666666,729.4371679554929,d4_semiprime
649717,649739,22,649721,4,0.18181818181818182,1780.1129523433472,d4_semiprime
649793,649799,6,649795,4,0.3333333333333333,334.6103344277298,d4_semiprime
649867,649871,4,649868,12,0.25,254.30599865640397,d8_plus
649969,649981,12,649972,6,0.25,1271.5456736059846,d6
650099,650107,8,650102,4,0.375,1110.9454655532456,d4_semiprime
650269,650281,12,650271,4,0.16666666666666666,762.9536719880098,d4_semiprime
650387,650401,14,650389,4,0.14285714285714285,1137.7535599784717,d4_semiprime
650537,650543,6,650542,4,0.8333333333333334,481.8800550280446,d4_semiprime
650609,650623,14,650611,4,0.14285714285714285,843.2975300750777,d4_semiprime
650779,650813,34,650789,4,0.29411764705882354,2824.436063194245,d4_semiprime
650869,650873,4,650872,8,0.75,307.8795166952258,d8_plus
650987,651017,30,650989,4,0.06666666666666667,3145.7727449373306,d4_semiprime
651103,651109,6,651107,4,0.6666666666666666,736.2534977442433,d4_semiprime
651191,651193,2,651192,32,0.5,200.79839712874082,d8_plus
651271,651281,10,651277,4,0.6,870.1348699090835,d4_semiprime
651397,651401,4,651399,8,0.5,281.1244365106373,d8_plus
651487,651503,16,651489,4,0.125,1204.8322178476421,d4_semiprime
651649,651667,18,651653,4,0.2222222222222222,1552.9238698462266,d4_semiprime
651767,651769,2,651768,32,0.5,200.8116592404907,d8_plus
651841,651853,12,651842,4,0.08333333333333333,950.5171809331895,d4_semiprime
651913,651943,30,651914,4,0.03333333333333333,2396.3961734594636,d4_semiprime
652079,652081,2,652080,160,0.5,1057.6458800886987,d8_plus
652207,652217,10,652213,4,0.6,937.1686999026502,d4_semiprime
652283,652291,8,652285,4,0.25,816.682721465902,d4_semiprime
652361,652369,8,652363,4,0.25,656.0296461683732,d4_semiprime
652451,652453,2,652452,12,0.5,66.94246426127344,d8_plus
652559,652567,8,652565,4,0.75,575.7124155599919,d4_semiprime
652621,652627,6,652622,8,0.16666666666666666,441.82899311389923,d8_plus
652733,652739,6,652735,4,0.3333333333333333,468.61246909522265,d4_semiprime
652811,652831,20,652819,4,0.4,1379.0731545859294,d4_semiprime
652913,652921,8,652915,8,0.25,843.5199182381141,d8_plus
652991,652997,6,652994,4,0.5,696.2447431131745,d4_semiprime
653117,653143,26,653119,4,0.07692307692307693,2570.7898170832805,d4_semiprime
653267,653273,6,653269,4,0.3333333333333333,656.0974614928706,d4_semiprime
653431,653461,30,653435,4,0.13333333333333333,2262.9125250494694,d4_semiprime
653519,653537,18,653533,4,0.7777777777777778,1633.5969505586115,d4_semiprime
653621,653623,2,653622,16,0.5,93.73199137184524,d8_plus
653707,653711,4,653710,8,0.75,254.41792173062169,d8_plus
653797,653801,4,653799,4,0.5,415.1072370286098,d4_semiprime
653903,653927,24,653907,4,0.16666666666666666,2115.735404310471,d4_semiprime
653993,654001,8,653998,4,0.625,950.7510005828046,d4_semiprime
654067,654089,22,654077,4,0.45454545454545453,1861.34635725303,d4_semiprime
654167,654169,2,654168,32,0.5,200.86679217277612,d8_plus
654233,654257,24,654239,4,0.25,2289.9013969417147,d4_semiprime
654371,654397,26,654377,4,0.23076923076923078,2169.4144844679904,d4_semiprime
654509,654527,18,654513,4,0.2222222222222222,1191.8572584210133,d4_semiprime
654593,654601,8,654599,4,0.75,589.2381667171119,d4_semiprime
654697,654701,4,654699,4,0.5,160.70317804121507,d4_semiprime
654781,654799,18,654785,4,0.2222222222222222,1178.5020309516979,d4_semiprime
654853,654877,24,654859,4,0.25,1941.8668078052408,d4_semiprime
654991,655001,10,654998,4,0.7,897.2897186755075,d4_semiprime
655069,655087,18,655071,4,0.1111111111111111,1593.708771140329,d4_semiprime
655219,655223,4,655222,8,0.75,241.06909389018364,d8_plus
655283,655289,6,655285,8,0.3333333333333333,522.3202065272245,d8_plus
655379,655387,8,655381,4,0.25,1031.2589771378869,d4_semiprime
655507,655511,4,655509,8,0.5,227.68383210089596,d8_plus
655579,655583,4,655581,4,0.5,120.53949124837405,d4_semiprime
655657,655687,30,655658,4,0.03333333333333333,2263.4874163461895,d4_semiprime
655847,655849,2,655848,24,0.5,147.3305276713695,d8_plus
655943,655961,18,655951,4,0.4444444444444444,1593.8675529371237,d4_semiprime
656119,656129,10,656122,4,0.3,1084.9225293192064,d4_semiprime
656263,656267,4,656264,16,0.25,281.2807189451455,d8_plus
656321,656323,2,656322,8,0.5,40.18322040346654,d8_plus
656407,656423,16,656413,4,0.375,1138.5366764795808,d4_semiprime
656527,656561,34,656529,4,0.058823529411764705,2665.554308329788,d4_semiprime
656657,656671,14,656661,4,0.2857142857142857,1111.7792454741063,d4_semiprime
656741,656749,8,656743,4,0.25,616.1723731761504,d4_semiprime
656833,656839,6,656837,4,0.6666666666666666,482.2268729590262,d4_semiprime
656977,656989,12,656979,4,0.16666666666666666,1004.6559883795308,d4_semiprime
657061,657071,10,657065,4,0.4,482.2394248775749,d4_semiprime
657131,657187,56,657133,4,0.03571428571428571,4514.344028847926,d4_semiprime
657289,657299,10,657291,4,0.2,616.2107966821794,d4_semiprime
657403,657413,10,657407,4,0.4,1031.49661928791,d4_semiprime
657493,657497,4,657494,8,0.25,388.48959896589827,d8_plus
657583,657589,6,657587,4,0.6666666666666666,334.9082495339293,d4_semiprime
657661,657703,42,657667,4,0.14285714285714285,3724.2207054056503,d4_semiprime
657827,657841,14,657829,4,0.14285714285714285,1111.926813367712,d4_semiprime
657959,657973,14,657961,4,0.14285714285714285,1245.9126596232632,d4_semiprime
658079,658111,32,658081,4,0.0625,2558.8463116265793,d4_semiprime
658169,658187,18,658171,4,0.1111111111111111,1326.3256377967343,d4_semiprime
658277,658279,2,658278,12,0.5,66.98691306741944,d8_plus
658351,658367,16,658353,4,0.125,1058.4029512396646,d4_semiprime
658447,658453,6,658451,4,0.6666666666666666,549.3033924776964,d4_semiprime
658579,658589,10,658583,4,0.4,924.4513520725467,d4_semiprime
658643,658649,6,658645,8,0.3333333333333333,495.7238503721542,d8_plus
658807,658817,10,658811,4,0.4,1031.6609322814134,d4_semiprime
658897,658907,10,658901,4,0.4,870.891480279237,d4_semiprime
658979,658991,12,658981,4,0.16666666666666666,978.0870853776145,d4_semiprime
659069,659077,8,659071,4,0.25,710.125223529385,d4_semiprime
659177,659189,12,659179,4,0.16666666666666666,964.710392907096,d4_semiprime
659317,659327,10,659326,4,0.9,723.5441772811469,d4_semiprime
659453,659467,14,659455,4,0.14285714285714285,1272.921713052738,d4_semiprime
659539,659563,24,659541,4,0.08333333333333333,1916.1020273084605,d4_semiprime
659629,659639,10,659633,4,0.4,723.5698339387557,d4_semiprime
659713,659723,10,659717,4,0.4,790.57442752094,d4_semiprime
659831,659843,12,659839,4,0.6666666666666666,1165.778001030437,d4_semiprime
659941,659947,6,659943,6,0.3333333333333333,455.59699890935457,d6
660029,660047,18,660031,4,0.1111111111111111,1500.8057798585037,d4_semiprime
660103,660119,16,660106,4,0.1875,1340.0164660217633,d4_semiprime
660199,660217,18,660206,4,0.3888888888888889,1447.233554809735,d4_semiprime
660299,660329,30,660301,4,0.06666666666666667,2385.2832846207334,d4_semiprime
660391,660403,12,660397,4,0.5,1112.249614234574,d4_semiprime
660521,660529,8,660523,4,0.25,844.249934263859,d4_semiprime
660599,660601,2,660600,72,0.5,469.03163271785894,d8_plus
660683,660719,36,660685,4,0.05555555555555555,2318.382537776455,d4_semiprime
660791,660799,8,660793,4,0.25,562.8503416318855,d4_semiprime
660887,660893,6,660889,4,0.3333333333333333,522.6523195345451,d4_semiprime
660973,660983,10,660979,4,0.6,603.0663762816789,d4_semiprime
661093,661097,4,661094,8,0.25,335.04132680407486,d8_plus
661139,661183,44,661141,4,0.045454545454545456,3618.472977536726,d4_semiprime
661253,661259,6,661256,8,0.5,495.8701432540421,d8_plus
661393,661417,24,661394,4,0.041666666666666664,1715.4720763101682,d4_semiprime
661513,661517,4,661516,6,0.75,107.21830199244891,d6
661621,661663,42,661627,4,0.14285714285714285,3511.449249427774,d4_semiprime
661777,661823,46,661781,4,0.08695652173913043,3712.552835541395,d4_semiprime
661889,661897,8,661891,4,0.25,871.185916875574,d4_semiprime
661987,661993,6,661989,4,0.3333333333333333,402.09017942487213,d4_semiprime
662083,662107,24,662086,4,0.125,1809.4270666221164,d4_semiprime
662227,662231,4,662229,8,0.5,281.4706945873704,d8_plus
662323,662327,4,662326,8,0.75,254.6667092904189,d8_plus
662407,662443,36,662411,4,0.1111111111111111,2667.3286551168985,d4_semiprime
662531,662537,6,662533,4,0.3333333333333333,522.7492168328088,d4_semiprime
662639,662647,8,662645,4,0.75,871.2592920670968,d4_semiprime
662719,662743,24,662721,4,0.08333333333333333,1916.7895134255089,d4_semiprime
662839,662843,4,662842,8,0.75,308.29866158834324,d8_plus
662947,662951,4,662950,12,0.75,522.7736532307198,d8_plus
663037,663049,12,663038,4,0.08333333333333333,1112.5813017641738,d4_semiprime
663163,663167,4,663164,12,0.25,281.50037029415915,d8_plus
663269,663281,12,663277,4,0.6666666666666666,898.1313518179306,d4_semiprime
663359,663371,12,663361,4,0.16666666666666666,1219.8622030752545,d4_semiprime
663539,663541,2,663540,24,0.5,147.45878859027206,d8_plus
663583,663587,4,663584,24,0.25,549.621907583485,d8_plus
663661,663683,22,663667,4,0.2727272727272727,1849.9648922109354,d4_semiprime
663821,663823,2,663822,32,0.5,201.0865398034742,d8_plus
663907,663937,30,663909,4,0.06666666666666667,3043.144830630337,d4_semiprime
663979,663983,4,663981,4,0.5,120.65407631017858,d4_semiprime
664067,664091,24,664073,4,0.25,1823.2374311488925,d4_semiprime
664141,664151,10,664142,8,0.1,978.6567877402293,d8_plus
664271,664273,2,664272,60,0.5,388.7869625108808,d8_plus
664381,664403,22,664382,4,0.045454545454545456,1850.1148126512944,d4_semiprime
664511,664529,18,664513,4,0.1111111111111111,1488.1570903822699,d4_semiprime
664589,664597,8,664591,4,0.25,509.4633514066583,d4_semiprime
664661,664663,2,664662,8,0.5,40.22110175924392,d8_plus
664711,664739,28,664721,4,0.35714285714285715,1944.0338375417025,d4_semiprime
664843,664847,4,664844,12,0.25,308.3681208491961,d8_plus
664973,664997,24,664977,4,0.16666666666666666,1877.0527442548128,d4_semiprime
665053,665069,16,665059,4,0.375,1059.203020367454,d4_semiprime
665141,665153,12,665143,4,0.16666666666666666,1032.3977777828084,d4_semiprime
665233,665239,6,665234,4,0.16666666666666666,442.4606418259923,d4_semiprime
665303,665311,8,665309,4,0.75,656.9921864884852,d4_semiprime
665429,665447,18,665435,4,0.3333333333333333,1488.3102230735658,d4_semiprime
665557,665563,6,665558,4,0.16666666666666666,294.9844540591087,d4_semiprime
665633,665659,26,665639,4,0.23076923076923078,2118.5452254005936,d4_semiprime
665773,665783,10,665774,4,0.1,643.618133881399,d4_semiprime
665897,665921,24,665902,4,0.20833333333333334,2078.3808035614393,d4_semiprime
665993,666013,20,665997,4,0.2,1957.7209139773477,d4_semiprime
666079,666089,10,666082,4,0.3,764.3226427635378,d4_semiprime
666173,666187,14,666177,4,0.2857142857142857,965.4706796851405,d4_semiprime
666301,666329,28,666305,4,0.14285714285714285,2266.2083719188313,d4_semiprime
666439,666461,22,666443,4,0.18181818181818182,1676.2149580939881,d4_semiprime
666557,666559,2,666558,24,0.5,147.50870680227183,d8_plus
666667,666671,4,666668,6,0.25,160.92059489816344,d6
666737,666749,12,666741,4,0.3333333333333333,1086.2229194105948,d4_semiprime
666829,666857,28,666833,4,0.14285714285714285,2252.9324285927064,d4_semiprime
666979,666983,4,666982,4,0.75,174.33671290637477,d4_semiprime
667103,667123,20,667109,4,0.3,1676.3394516518158,d4_semiprime
667229,667241,12,667235,4,0.5,1139.9262259257177,d4_semiprime
667351,667361,10,667358,4,0.7,1072.8864256345728,d4_semiprime
667423,667427,4,667426,4,0.75,227.99009316449443,d4_semiprime
667519,667531,12,667529,4,0.8333333333333334,1475.2463176673734,d4_semiprime
667631,667643,12,667633,4,0.16666666666666666,938.8049609597608,d4_semiprime
667699,667727,28,667703,4,0.14285714285714285,2199.504524178892,d4_semiprime
667819,667829,10,667822,4,0.3,844.9421904249565,d4_semiprime
667921,667949,28,667929,4,0.2857142857142857,2132.499222536917,d4_semiprime
668033,668047,14,668037,4,0.2857142857142857,1153.4408146097308,d4_semiprime
668141,668153,12,668147,4,0.5,992.5076373159934,d4_semiprime
668243,668273,30,668245,4,0.06666666666666667,2642.2483928387137,d4_semiprime
668513,668527,14,668517,4,0.2857142857142857,1301.0436945000988,d4_semiprime
668581,668599,18,668585,4,0.2222222222222222,1153.5117527108007,d4_semiprime
668687,668699,12,668689,4,0.16666666666666666,617.001649276456,d4_semiprime
668791,668803,12,668793,4,0.16666666666666666,1247.431054140756,d4_semiprime
668879,668903,24,668881,4,0.08333333333333333,1944.9392275912953,d4_semiprime
668989,668999,10,668993,4,0.4,818.2253585765695,d4_semiprime
669107,669113,6,669111,4,0.6666666666666666,496.30697598393965,d4_semiprime
669241,669247,6,669244,6,0.5,268.2780858984889,d6
669329,669359,30,669331,4,0.06666666666666667,2213.3182653777417,d4_semiprime
669419,669433,14,669421,4,0.14285714285714285,979.2347068215056,d4_semiprime
669551,669577,26,669554,4,0.11538461538461539,2106.0575356390664,d4_semiprime
669661,669667,6,669665,8,0.6666666666666666,389.02139488525614,d8_plus
669733,669763,30,669741,4,0.26666666666666666,2776.834728268919,d4_semiprime
669859,669863,4,669862,4,0.75,147.56307460733467,d4_semiprime
669937,669943,6,669939,4,0.3333333333333333,684.1621748977547,d4_semiprime
670039,670049,10,670042,4,0.3,509.7737028463536,d4_semiprime
670177,670193,16,670178,4,0.0625,939.0716753720062,d4_semiprime
670249,670261,12,670253,4,0.3333333333333333,925.663502761816,d4_semiprime
670343,670349,6,670346,4,0.5,684.1929563876281,d4_semiprime
670471,670487,16,670477,4,0.375,1354.9902811199777,d4_semiprime
670543,670559,16,670546,4,0.1875,1167.1792901779042,d4_semiprime
670639,670669,30,670641,4,0.06666666666666667,2428.2972780666405,d4_semiprime
670763,670777,14,670765,4,0.14285714285714285,1207.4564440439021,d4_semiprime
670877,670897,20,670883,4,0.3,2213.6986290986165,d4_semiprime
670991,671003,12,670993,4,0.16666666666666666,1274.5693619872236,d4_semiprime
671081,671087,6,671083,4,0.3333333333333333,295.1663149189386,d4_semiprime
671189,671201,12,671191,4,0.16666666666666666,925.7602339475521,d4_semiprime
671287,671299,12,671291,4,0.3333333333333333,764.766823662248,d4_semiprime
671383,671401,18,671386,4,0.16666666666666666,1730.8073085342878,d4_semiprime
671501,671519,18,671503,4,0.1111111111111111,1435.6495598880206,d4_semiprime
671609,671633,24,671611,4,0.08333333333333333,2106.53930509221,d4_semiprime
671729,671743,14,671731,4,0.14285714285714285,952.651128193427,d4_semiprime
671851,671887,36,671855,4,0.1111111111111111,2710.3996625136774,d4_semiprime
671939,671941,2,671940,36,0.5,228.1047136066815,d8_plus
672029,672041,12,672033,4,0.3333333333333333,1167.3716059141268,d4_semiprime
672107,672127,20,672109,4,0.1,1610.1825953029547,d4_semiprime
672181,672193,12,672185,4,0.3333333333333333,885.6073784417251,d4_semiprime
672283,672289,6,672286,4,0.5,429.3901144478037,d4_semiprime
672349,672377,28,672355,4,0.21428571428571427,2388.5023626855655,d4_semiprime
672521,672557,36,672526,4,0.1388888888888889,2643.506683629941,d4_semiprime
672653,672667,14,672661,4,0.5714285714285714,1140.614527472512,d4_semiprime
672787,672799,12,672794,4,0.5833333333333334,1019.8587306431242,d4_semiprime
672869,672871,2,672870,32,0.5,201.28961137552471,d8_plus
672953,672967,14,672955,4,0.14285714285714285,1248.0081389095633,d4_semiprime
673073,673091,18,673077,4,0.2222222222222222,1610.3546397552611,d4_semiprime
673129,673157,28,673133,4,0.14285714285714285,2388.708663053408,d4_semiprime
673247,673271,24,673249,4,0.08333333333333333,1945.8833145334975,d4_semiprime
673349,673381,32,673357,4,0.25,3234.2308932238902,d4_semiprime
673429,673441,12,673433,4,0.3333333333333333,1194.3933942089918,d4_semiprime
673499,673513,14,673503,4,0.2857142857142857,1637.2708718003169,d4_semiprime
673609,673613,4,673611,8,0.5,201.30611811006196,d8_plus
673667,673669,2,673668,18,0.5,107.3639414954712,d8_plus
673811,673817,6,673813,4,0.3333333333333333,872.3461428318553,d4_semiprime
673961,673979,18,673963,4,0.1111111111111111,1154.2009081323479,d4_semiprime
674099,674117,18,674113,4,0.7777777777777778,1744.7484284690286,d4_semiprime
674189,674227,38,674194,4,0.13157894736842105,3127.1612479963437,d4_semiprime
674299,674321,22,674303,4,0.18181818181818182,1972.952271564547,d4_semiprime
674431,674449,18,674434,4,0.16666666666666666,1516.644897814925,d4_semiprime
674551,674563,12,674554,4,0.25,979.7923965457497,d4_semiprime
674699,674701,2,674700,72,0.5,469.7708199315431,d8_plus
674759,674761,2,674760,32,0.5,201.3316852661137,d8_plus
674833,674837,4,674834,8,0.25,201.33335539661078,d8_plus
674941,674953,12,674945,4,0.3333333333333333,724.8090376131561,d4_semiprime
675079,675083,4,675082,4,0.75,308.71950240280086,d4_semiprime
675161,675163,2,675162,16,0.5,93.95895558741492,d8_plus
675239,675247,8,675245,4,0.75,872.4837397816666,d4_semiprime
675319,675341,22,675322,4,0.13636363636363635,1771.8299682551215,d4_semiprime
675457,675463,6,675461,4,0.6666666666666666,281.886121760077,d4_semiprime
675559,675569,10,675562,4,0.3,644.3185613544902,d4_semiprime
675629,675643,14,675634,4,0.35714285714285715,1396.0348062497226,d4_semiprime
675817,675823,6,675821,4,0.6666666666666666,442.9814779697259,d4_semiprime
675877,675881,4,675879,8,0.5,335.5942454594368,d8_plus
675977,675979,2,675978,8,0.5,40.271747430350466,d8_plus
676057,676061,4,676059,4,0.5,362.44899157491204,d4_semiprime
676171,676211,40,676177,4,0.15,3624.542613011491,d4_semiprime
676289,676297,8,676293,4,0.5,711.4923332379077,d4_semiprime
676391,676409,18,676393,4,0.1111111111111111,1463.274718562321,d4_semiprime
676523,676573,50,676526,4,0.06,3718.659106980174,d4_semiprime
676679,676703,24,676681,4,0.08333333333333333,1812.3709973351774,d4_semiprime
676763,676771,8,676765,4,0.25,738.3795250415517,d4_semiprime
676903,676909,6,676905,8,0.3333333333333333,429.60921508445426,d8_plus
676967,676979,12,676973,4,0.5,926.3516137061195,d4_semiprime
677041,677057,16,677045,4,0.25,953.2105774525708,d4_semiprime
677147,677167,20,677149,4,0.1,2228.6596125273322,d4_semiprime
677309,677311,2,677310,32,0.5,201.38826524400193,d8_plus
677387,677423,36,677389,4,0.05555555555555555,2497.2404088607914,d4_semiprime
677531,677533,2,677532,24,0.5,147.68833269402188,d8_plus
677639,677647,8,677641,4,0.25,711.5979422769325,d4_semiprime
677767,677779,12,677773,4,0.5,1194.9643661849016,d4_semiprime
677927,677947,20,677929,4,0.1,1342.680995197596,d4_semiprime
678061,678077,16,678065,4,0.25,1288.992311127143,d4_semiprime
678179,678191,12,678182,4,0.25,1007.0380275193984,d4_semiprime
678253,678289,36,678254,4,0.027777777777777776,2846.5883772556685,d4_semiprime
678383,678401,18,678387,4,0.2222222222222222,1718.7175145488106,d4_semiprime
678463,678479,16,678467,4,0.25,1127.9180004786951,d4_semiprime
678563,678577,14,678567,4,0.2857142857142857,1248.780031293906,d4_semiprime
678637,678641,4,678638,8,0.25,335.6961386002064,d8_plus
678731,678739,8,678733,4,0.25,469.97949114207603,d4_semiprime
678773,678779,6,678778,4,0.8333333333333334,792.2547025528098,d4_semiprime
678883,678901,18,678887,4,0.2222222222222222,1705.3838639171395,d4_semiprime
678989,679033,44,678991,4,0.045454545454545456,3612.2373990838673,d4_semiprime
679123,679127,4,679125,16,0.5,295.42832917228486,d8_plus
679219,679223,4,679222,8,0.75,174.57312087442142,d8_plus
679319,679333,14,679321,4,0.14285714285714285,1826.3240506346526,d4_semiprime
679403,679409,6,679405,8,0.3333333333333333,376.0112560414517,d8_plus
679501,679517,16,679502,4,0.0625,1074.3301135793267,d4_semiprime
679607,679633,26,679619,4,0.46153846153846156,2269.5499663391997,d4_semiprime
679733,679741,8,679735,8,0.25,496.89006579219824,d8_plus
679823,679829,6,679827,4,0.6666666666666666,389.458131512535,d4_semiprime
679891,679897,6,679893,4,0.3333333333333333,765.4925779594042,d4_semiprime
679961,679969,8,679963,4,0.25,725.2091181584586,d4_semiprime
680039,680059,20,680041,4,0.1,1678.7397608041192,d4_semiprime
680159,680161,2,680160,96,0.5,631.213917148853,d8_plus
680249,680263,14,680254,4,0.35714285714285715,1302.7317830770996,d4_semiprime
680341,680347,6,680345,4,0.6666666666666666,443.20169702019234,d4_semiprime
680417,680431,14,680422,4,0.35714285714285715,1168.451098105051,d4_semiprime
680509,680531,22,680513,4,0.18181818181818182,2041.4529046262332,d4_semiprime
680623,680633,10,680627,4,0.4,987.1615414450994,d4_semiprime
680759,680767,8,680761,4,0.25,980.4606182983028,d4_semiprime
680873,680879,6,680877,6,0.6666666666666666,322.34723250809475,d6
680989,680993,4,680990,8,0.25,228.33218602372034,d8_plus
681061,681067,6,681062,8,0.16666666666666666,470.09944571758734,d8_plus
681167,681179,12,681169,4,0.16666666666666666,1114.8203436963229,d4_semiprime
681271,681293,22,681277,4,0.2727272727272727,1517.7857496429394,d4_semiprime
681371,681403,32,681374,4,0.09375,2995.309812300687,d4_semiprime
681481,681487,6,681484,6,0.5,295.50462301833477,d6
681563,681589,26,681567,4,0.15384615384615385,1974.527751576958,d4_semiprime
681677,681689,12,681683,4,0.5,993.9917606490552,d4_semiprime
681787,681809,22,681791,4,0.18181818181818182,1907.413369742439,d4_semiprime
681913,681931,18,681914,4,0.05555555555555555,1302.969141178489,d4_semiprime
681997,682001,4,681998,4,0.25,577.609744952115,d4_semiprime
682079,682141,62,682081,4,0.03225806451612903,5803.030710419713,d4_semiprime
682229,682237,8,682235,4,0.75,470.1594340876748,d4_semiprime
682307,682321,14,682309,4,0.14285714285714285,1303.024816262683,d4_semiprime
682417,682421,4,682419,4,0.5,201.50099848817877,d4_semiprime
682489,682511,22,682491,4,0.09090909090909091,2028.4612165472086,d4_semiprime
682657,682673,16,682661,4,0.25,1544.8824402804312,d4_semiprime
682739,682751,12,682741,4,0.16666666666666666,967.2391206206163,d4_semiprime
682901,682933,32,682909,4,0.25,2525.6163614175853,d4_semiprime
683047,683071,24,683051,4,0.16666666666666666,1934.544527455984,d4_semiprime
683159,683201,42,683161,4,0.047619047619047616,3721.3610178955096,d4_semiprime
683317,683323,6,683318,4,0.16666666666666666,416.47628383250714,d4_semiprime
683407,683437,30,683411,4,0.13333333333333333,2727.278504908223,d4_semiprime
683483,683489,6,683486,4,0.5,685.183086729508,d4_semiprime
683603,683651,48,683607,4,0.08333333333333333,4138.032252032966,d4_semiprime
683713,683719,6,683717,4,0.6666666666666666,497.1060488377197,d4_semiprime
683789,683807,18,683797,4,0.4444444444444444,1585.3792806977654,d4_semiprime
683861,683863,2,683862,16,0.5,94.04857995304498,d8_plus
683933,683939,6,683934,8,0.16666666666666666,523.9891712225101,d8_plus
684091,684109,18,684094,4,0.16666666666666666,1276.4066970960403,d4_semiprime
684191,684217,26,684193,4,0.07692307692307693,2418.4827224352844,d4_semiprime
684293,684311,18,684295,4,0.1111111111111111,1316.742980282782,d4_semiprime
684407,684419,12,684409,4,0.16666666666666666,913.6695741404492,d4_semiprime
684493,684527,34,684499,4,0.17647058823529413,2673.8548550261785,d4_semiprime
684599,684617,18,684601,4,0.1111111111111111,1907.9969200641428,d4_semiprime
684731,684751,20,684737,4,0.3,1961.7723683982865,d4_semiprime
684799,684809,10,684803,4,0.4,806.2131277464977,d4_semiprime
684949,684961,12,684953,4,0.3333333333333333,1088.4058113516708,d4_semiprime
685031,685039,8,685037,4,0.75,980.9173615619989,d4_semiprime
685099,685103,4,685101,8,0.5,658.4287209985316,d8_plus
685231,685247,16,685241,4,0.625,1061.5642409896732,d4_semiprime
685339,685361,22,685346,4,0.3181818181818182,2015.6528556119858,d4_semiprime
685429,685453,24,685433,4,0.16666666666666666,2512.8719416015,d4_semiprime
685537,685541,4,685538,16,0.25,349.38698323258006,d8_plus
685631,685637,6,685633,6,0.3333333333333333,483.7715739772411,d6
685733,685739,6,685735,4,0.3333333333333333,335.9561648257362,d4_semiprime
685849,685859,10,685851,4,0.2,752.5513962902116,d4_semiprime
685991,686003,12,685997,4,0.5,1384.1787535288122,d4_semiprime
686051,686057,6,686053,8,0.3333333333333333,739.1290575182009,d8_plus
686143,686149,6,686146,4,0.5,497.237273856828,d4_semiprime
686269,686293,24,686271,4,0.08333333333333333,2257.759139299737,d4_semiprime
686359,686363,4,686361,8,0.5,174.70906126783058,d8_plus
686479,686503,24,686486,4,0.2916666666666667,1908.3875171168615,d4_semiprime
686639,686669,30,686643,4,0.13333333333333333,2768.554949669158,d4_semiprime
686761,686773,12,686762,4,0.08333333333333333,752.6260127627947,d4_semiprime
686879,686891,12,686881,4,0.16666666666666666,1518.7108258653138,d4_semiprime
686971,686977,6,686975,6,0.6666666666666666,456.96176883209864,d6
687023,687031,8,687025,6,0.25,712.3267355914231,d6
687107,687109,2,687108,12,0.5,67.20123382044606,d8_plus
687179,687223,44,687182,4,0.06818181818181818,3722.9856276261935,d4_semiprime
687317,687331,14,687319,4,0.14285714285714285,1249.9723982808896,d4_semiprime
687403,687413,10,687404,6,0.1,631.7121622312607,d6
687473,687481,8,687479,4,0.75,860.2102134566289,d4_semiprime
687559,687581,22,687563,4,0.18181818181818182,1827.9649035112304,d4_semiprime
687679,687683,4,687682,8,0.75,470.43777723106393,d8_plus
687773,687779,6,687777,8,0.6666666666666666,443.56019829096306,d8_plus
687893,687901,8,687899,4,0.75,658.6283632199959,d4_semiprime
688003,688013,10,688007,4,0.4,725.8440654483252,d4_semiprime
688097,688111,14,688099,4,0.14285714285714285,1115.6606564019326,d4_semiprime
688217,688223,6,688219,4,0.3333333333333333,336.0465842068357,d4_semiprime
688339,688357,18,688342,4,0.16666666666666666,1747.4663988425057,d4_semiprime
688423,688433,10,688426,4,0.3,833.4143031917984,d4_semiprime
688543,688561,18,688546,4,0.16666666666666666,1976.025083078451,d4_semiprime
688657,688661,4,688659,4,0.5,201.63753422638834,d4_semiprime
688741,688747,6,688742,4,0.16666666666666666,470.4918811906779,d4_semiprime
688861,688867,6,688862,8,0.16666666666666666,631.8115945606124,d8_plus
688969,688979,10,688972,6,0.3,900.6782956543434,d6
689077,689081,4,689079,4,0.5,524.2813717206667,d4_semiprime
689141,689167,26,689147,4,0.23076923076923078,2043.3694921044498,d4_semiprime
689267,689279,12,689269,4,0.16666666666666666,766.2733576672282,d4_semiprime
689369,689383,14,689371,4,0.14285714285714285,1102.3704218913224,d4_semiprime
689461,689467,6,689463,6,0.3333333333333333,241.986068789457,d6
689599,689603,4,689602,4,0.75,322.65281521053157,d4_semiprime
689723,689761,38,689726,4,0.07894736842105263,3804.672254789123,d4_semiprime
689807,689827,20,689809,4,0.1,1425.0831651609271,d4_semiprime
689891,689893,2,689892,48,0.5,309.2186778794206,d8_plus
689959,689963,4,689961,8,0.5,443.6648816567861,d8_plus
690103,690119,16,690111,6,0.5,1210.014843788345,d6
690259,690269,10,690265,4,0.6,484.01382551450183,d4_semiprime
690377,690397,20,690379,4,0.1,1425.1706986828183,d4_semiprime
690467,690491,24,690469,4,0.08333333333333333,2070.5516558323134,d4_semiprime
690553,690583,30,690559,4,0.2,2346.1996085033884,d4_semiprime
690689,690719,30,690691,4,0.06666666666666667,2904.2198052809285,d4_semiprime
690841,690869,28,690843,4,0.07142857142857142,1989.9613677321734,d4_semiprime
690997,691001,4,690999,12,0.5,416.82270911138664,d8_plus
691121,691129,8,691123,4,0.25,766.4264034129985,d4_semiprime
691193,691199,6,691195,4,0.3333333333333333,416.83151973715877,d4_semiprime
691333,691337,4,691336,16,0.75,443.73052149489536,d8_plus
691409,691433,24,691411,4,0.08333333333333333,2272.4591064778247,d4_semiprime
691573,691583,10,691582,4,0.9,726.123472973435,d4_semiprime
691681,691687,6,691683,4,0.3333333333333333,268.9377012240471,d4_semiprime
691729,691739,10,691738,4,0.9,591.6660081458831,d4_semiprime
691837,691841,4,691839,6,0.5,484.0959482203635,d6
691907,691919,12,691913,4,0.5,766.4912172537312,d4_semiprime
691991,691997,6,691993,4,0.3333333333333333,403.4199191171816,d4_semiprime
692089,692099,10,692093,4,0.4,645.4789163875498,d4_semiprime
692221,692239,18,692222,4,0.05555555555555555,1459.072415413542,d4_semiprime
692299,692309,10,692301,4,0.2,1116.1656960025439,d4_semiprime
692389,692399,10,692396,6,0.7,672.395536279025,d6
692453,692459,6,692457,4,0.6666666666666666,336.19997921003073,d4_semiprime
692567,692581,14,692569,4,0.14285714285714285,1452.4027263347348,d4_semiprime
692663,692689,26,692669,4,0.23076923076923078,2393.799893938007,d4_semiprime
692761,692771,10,692767,4,0.6,591.7317503269594,d4_semiprime
692917,692927,10,692919,6,0.2,672.4336431017374,d6
693019,693037,18,693023,4,0.2222222222222222,1640.7569625541087,d4_semiprime
693127,693137,10,693131,4,0.4,887.632413017668,d4_semiprime
693257,693283,26,693263,4,0.23076923076923078,2151.86780413988,d4_semiprime
693373,693397,24,693377,4,0.16666666666666666,2313.2869790412924,d4_semiprime
693487,693493,6,693491,4,0.6666666666666666,336.23728805567873,d4_semiprime
693571,693601,30,693577,4,0.2,3241.3615737479336,d4_semiprime
693683,693689,6,693685,8,0.3333333333333333,349.69411016119636,d8_plus
693739,693743,4,693741,8,0.5,174.84810162280317,d8_plus
693829,693851,22,693831,4,0.09090909090909091,1923.3496485322287,d4_semiprime
693967,693989,22,693969,4,0.09090909090909091,1452.6209567871895,d4_semiprime
694079,694081,2,694080,84,0.5,551.4640427714465,d8_plus
694207,694223,16,694211,4,0.25,1156.74615086965,d4_semiprime
694319,694327,8,694322,4,0.375,914.6469579535168,d4_semiprime
694373,694381,8,694377,6,0.5,914.6524278209889,d6
694481,694483,2,694482,16,0.5,94.15645066039866,d8_plus
694559,694567,8,694561,4,0.25,874.3174480623976,d4_semiprime
694649,694651,2,694650,48,0.5,309.37675821327116,d8_plus
694783,694789,6,694787,4,0.6666666666666666,632.2138202323636,d4_semiprime
694901,694919,18,694907,4,0.3333333333333333,1264.444418253948,d4_semiprime
695003,695017,14,695011,4,0.5714285714285714,1197.1999165158015,d4_semiprime
695089,695099,10,695092,6,0.3,793.6563353483434,d6
695239,695243,4,695242,4,0.75,457.3684269684348,d4_semiprime
695309,695323,14,695311,4,0.14285714285714285,1264.4990972696637,d4_semiprime
695377,695389,12,695381,4,0.3333333333333333,928.2031261112169,d4_semiprime
695491,695503,12,695494,4,0.25,847.5000990512036,d4_semiprime
695599,695603,4,695602,4,0.75,443.93349921628663,d4_semiprime
695687,695689,2,695688,64,0.5,417.0323534514136,d8_plus
695791,695801,10,695797,4,0.6,1049.3195038077267,d4_semiprime
695881,695899,18,695883,4,0.1111111111111111,1547.0890493653876,d4_semiprime
696061,696067,6,696062,4,0.16666666666666666,349.7831421032616,d4_semiprime
696119,696149,30,696121,4,0.06666666666666667,2273.60698740243,d4_semiprime
696281,696313,32,696283,4,0.0625,2704.1604722133707,d4_semiprime
696373,696379,6,696374,8,0.16666666666666666,470.87758156051297,d8_plus
696491,696497,6,696494,4,0.5,470.8835002750865,d4_semiprime
696607,696611,4,696610,8,0.75,336.34947743396185,d8_plus
696691,696719,28,696695,4,0.14285714285714285,2556.281547269589,d4_semiprime
696809,696811,2,696810,16,0.5,94.17987639016441,d8_plus
696887,696889,2,696888,24,0.5,147.99817986981657,d8_plus
696991,697009,18,696997,4,0.3333333333333333,1816.3631451921885,d4_semiprime
697079,697087,8,697082,8,0.375,982.1901197665364,d8_plus
697157,697181,24,697163,4,0.25,2220.038932116976,d4_semiprime
697271,697303,32,697273,4,0.0625,2556.441113715492,d4_semiprime
697397,697399,2,697398,16,0.5,94.18578081797436,d8_plus
697457,697481,24,697461,4,0.16666666666666666,2058.648156838446,d4_semiprime
697579,697583,4,697581,6,0.5,215.28597117126276,d6
697681,697687,6,697685,4,0.6666666666666666,444.03223718621564,d4_semiprime
697757,697759,2,697758,8,0.5,40.36688285027226,d8_plus
697909,697913,4,697911,8,0.5,228.7493967296604,d8_plus
697999,698017,18,698007,4,0.4444444444444444,1803.1019897780438,d4_semiprime
698111,698171,60,698123,4,0.2,5194.083326997753,d4_semiprime
698263,698273,10,698266,4,0.3,740.0996442720793,d4_semiprime
698359,698371,12,698366,4,0.5833333333333334,1332.1930821374244,d4_semiprime
698447,698471,24,698457,4,0.4166666666666667,1668.6223008548945,d4_semiprime
698539,698543,4,698541,4,0.5,255.67822818389277,d4_semiprime
698701,698713,12,698703,4,0.16666666666666666,915.0752015061289,d4_semiprime
698849,698891,42,698851,4,0.047619047619047616,4010.2519019182337,d4_semiprime
699001,699007,6,699005,4,0.6666666666666666,578.6687822300236,d4_semiprime
699089,699113,24,699097,4,0.3333333333333333,1897.5147811083527,d4_semiprime
699191,699197,6,699196,6,0.8333333333333334,726.7148100752976,d6
699287,699289,2,699288,16,0.5,94.20472567469294,d8_plus
699379,699383,4,699381,8,0.5,430.65439710094665,d8_plus
699469,699493,24,699473,4,0.16666666666666666,1924.5075592868652,d4_semiprime
699557,699571,14,699569,4,0.8571428571428571,1170.86463305186,d4_semiprime
699697,699709,12,699698,4,0.08333333333333333,1049.756095164181,d4_semiprime
699793,699817,24,699797,4,0.16666666666666666,1655.402542897637,d4_semiprime
699961,699967,6,699962,4,0.16666666666666666,296.09328348102633,d4_semiprime
700087,700099,12,700093,4,0.5,847.9150988297897,d4_semiprime
700201,700211,10,700209,6,0.8,780.6295788025304,d6
700303,700307,4,700305,8,0.5,336.48175798817334,d8_plus
700387,700391,4,700390,8,0.75,174.97208240590618,d8_plus
700471,700499,28,700474,4,0.10714285714285714,2409.2554777246614,d4_semiprime
700591,700597,6,700593,8,0.3333333333333333,538.3874129738458,d8_plus
700703,700717,14,700709,4,0.42857142857142855,1049.8680736925899,d4_semiprime
700831,700837,6,700835,4,0.6666666666666666,444.1808261962632,d4_semiprime
700919,700933,14,700921,4,0.14285714285714285,1655.5989578450915,d4_semiprime
701023,701033,10,701027,4,0.4,767.2372172525684,d4_semiprime
701179,701209,30,701183,4,0.13333333333333333,2840.1734444605704,d4_semiprime
701291,701299,8,701293,4,0.25,767.2590795414976,d4_semiprime
701399,701401,2,701400,96,0.5,632.6591799843461,d8_plus
701473,701479,6,701474,4,0.16666666666666666,336.52354913839633,d4_semiprime
701549,701579,30,701553,4,0.13333333333333333,2719.1353811000727,d4_semiprime
701629,701653,24,701637,4,0.3333333333333333,1844.1809967466688,d4_semiprime
701731,701741,10,701733,4,0.2,619.2204254703868,d4_semiprime
701863,701881,18,701867,4,0.2222222222222222,1292.3046461646875,d4_semiprime
702011,702017,6,702013,4,0.3333333333333333,471.15981614864074,d4_semiprime
702137,702139,2,702138,8,0.5,40.38565573465493,d8_plus
702239,702257,18,702241,4,0.1111111111111111,2147.1947341769837,d4_semiprime
702329,702337,8,702331,4,0.25,848.1163357499654,d4_semiprime
702407,702413,6,702409,8,0.3333333333333333,605.8021910836801,d8_plus
702503,702511,8,702509,4,0.75,713.507681599559,d4_semiprime
702557,702587,30,702561,4,0.13333333333333333,2786.7380813432123,d4_semiprime
702679,702683,4,702682,4,0.75,255.79048774302646,d4_semiprime
702773,702787,14,702777,4,0.2857142857142857,1400.1312296937306,d4_semiprime
702853,702869,16,702854,4,0.0625,1359.754374218693,d4_semiprime
702991,703013,22,702993,4,0.09090909090909091,1817.520613890889,d4_semiprime
703127,703139,12,703129,4,0.16666666666666666,996.2843690019537,d4_semiprime
703229,703231,2,703230,32,0.5,201.95158929838715,d8_plus
703309,703321,12,703313,4,0.3333333333333333,861.6678567143264,d4_semiprime
703411,703441,30,703414,4,0.1,2571.5705258708517,d4_semiprime
703531,703537,6,703533,4,0.3333333333333333,282.7413153810101,d4_semiprime
703673,703679,6,703676,6,0.5,376.9940155051467,d6
703753,703763,10,703759,4,0.6,727.0662363966476,d4_semiprime
703883,703897,14,703887,4,0.2857142857142857,1656.11839129697,d4_semiprime
703981,703991,10,703982,4,0.1,767.4773944661636,d4_semiprime
704059,704069,10,704063,4,0.4,982.9174820616496,d4_semiprime
704153,704161,8,704155,4,0.25,1171.4339766167416,d4_semiprime
704243,704251,8,704246,4,0.375,632.8496645730255,d4_semiprime
704309,704321,12,704315,4,0.5,1104.1285282438855,d4_semiprime
704449,704453,4,704451,8,0.5,336.62935137566734,d8_plus
704551,704567,16,704553,4,0.125,969.5036617539415,d4_semiprime
704617,704647,30,704618,4,0.03333333333333333,2383.3812301841917,d4_semiprime
704731,704747,16,704734,4,0.1875,1009.9187327383326,d4_semiprime
704801,704807,6,704806,4,0.8333333333333334,377.0388667586986,d4_semiprime
704863,704867,4,704866,8,0.75,309.7125133667835,d8_plus
704993,704999,6,704994,8,0.16666666666666666,417.44437532234355,d8_plus
705073,705079,6,705074,8,0.16666666666666666,659.8369886657805,d8_plus
705161,705163,2,705162,16,0.5,94.26327989841984,d8_plus
705247,705259,12,705253,4,0.5,983.0406625069382,d4_semiprime
705403,705409,6,705407,4,0.6666666666666666,929.1905072231727,d4_semiprime
705499,705521,22,705503,4,0.18181818181818182,2114.2680113273286,d4_semiprime
705713,705737,24,705721,4,0.3333333333333333,1481.36779374377,d4_semiprime
705821,705827,6,705823,4,0.3333333333333333,565.6190887148842,d4_semiprime
705899,705919,20,705902,4,0.15,1818.0774916688115,d4_semiprime
706001,706003,2,706002,32,0.5,202.01060023998835,d8_plus
706067,706099,32,706073,4,0.1875,2572.2903522810752,d4_semiprime
706159,706183,24,706162,4,0.125,2276.0263758149626,d4_semiprime
706267,706283,16,706271,4,0.25,1171.6950852864697,d4_semiprime
706357,706369,12,706358,4,0.08333333333333333,915.8163432581301,d4_semiprime
706487,706499,12,706489,4,0.16666666666666666,1144.7859108048851,d4_semiprime
706613,706621,8,706619,4,0.75,579.1344611522001,d4_semiprime
706703,706709,6,706708,6,0.8333333333333334,592.6082665893545,d6
706763,706787,24,706765,4,0.08333333333333333,1548.8738898890201,d4_semiprime
706883,706897,14,706886,4,0.21428571428571427,1023.616013791747,d4_semiprime
706973,706987,14,706978,4,0.35714285714285715,1064.031919882703,d4_semiprime
707099,707111,12,707101,4,0.16666666666666666,808.1359919679228,d4_semiprime
707191,707197,6,707195,4,0.6666666666666666,377.1336984691862,d4_semiprime
707299,707321,22,707305,4,0.2727272727272727,1777.9373954928972,d4_semiprime
707437,707459,22,707439,4,0.09090909090909091,1845.3105125458064,d4_semiprime
707573,707627,54,707593,4,0.37037037037037035,5320.506134305211,d4_semiprime
707683,707689,6,707684,6,0.16666666666666666,350.21366984106095,d6
707789,707797,8,707791,4,0.25,484.9166603433483,d4_semiprime
707869,707873,4,707871,8,0.5,282.87036585711354,d8_plus
707951,707953,2,707952,80,0.5,525.3351313769283,d8_plus
708011,708017,6,708013,4,0.3333333333333333,713.9216401871241,d4_semiprime
708061,708091,30,708062,4,0.03333333333333333,2721.0019585446335,d4_semiprime
708163,708179,16,708167,6,0.25,1037.2239087804485,d6
708283,708287,4,708286,4,0.75,175.11781819520365,d4_semiprime
708359,708361,2,708360,32,0.5,202.06061577034103,d8_plus
708481,708493,12,708485,4,0.3333333333333333,862.1369310448333,d4_semiprime
708583,708593,10,708589,6,0.6,835.2038242043922,d6
708689,708703,14,708691,4,0.14285714285714285,1225.8776624258878,d4_semiprime
708859,708893,34,708861,4,0.058823529411764705,3031.0729496157373,d4_semiprime
708959,708979,20,708961,4,0.1,2175.6577330669857,d4_semiprime
709117,709123,6,709119,6,0.3333333333333333,511.92765999164845,d6
709211,709217,6,709213,8,0.3333333333333333,471.5169464138521,d8_plus
709307,709321,14,709309,4,0.14285714285714285,1535.8140748249095,d4_semiprime
709417,709421,4,709418,8,0.25,229.02743854754073,d8_plus
709519,709531,12,709521,4,0.16666666666666666,1158.622134800866,d4_semiprime
709609,709649,40,709613,4,0.1,3395.0694739884416,d4_semiprime
709703,709729,26,709705,4,0.07692307692307693,2142.1466956310574,d4_semiprime
709817,709823,6,709822,4,0.8333333333333334,363.76469514994113,d4_semiprime
709879,709901,22,709881,4,0.09090909090909091,1818.8367812819206,d4_semiprime
709967,709981,14,709977,4,0.7142857142857143,902.6898341001511,d4_semiprime
710053,710081,28,710054,4,0.03571428571428571,2411.6878490848485,d4_semiprime
710257,710261,4,710258,8,0.25,229.04755577440417,d8_plus
710341,710351,10,710342,4,0.1,552.4138168865007,d4_semiprime
710443,710449,6,710445,8,0.3333333333333333,660.2088331981677,d8_plus
710519,710527,8,710521,4,0.25,741.0565284208494,d4_semiprime
710603,710609,6,710607,4,0.6666666666666666,431.1639433661978,d4_semiprime
710693,710713,20,710699,4,0.3,2250.159547764175,d4_semiprime
710839,710849,10,710841,4,0.2,821.9266935463957,d4_semiprime
710909,710911,2,710910,32,0.5,202.11451677742028,d8_plus
710977,710987,10,710979,4,0.2,633.2969546192954,d4_semiprime
711049,711089,40,711055,4,0.15,2991.3447589739108,d4_semiprime
711173,711181,8,711175,6,0.25,727.6326557531148,d6
711307,711317,10,711311,4,0.4,1064.5144874202674,d4_semiprime
711427,711437,10,711429,4,0.2,889.3524373447306,d4_semiprime
711523,711539,16,711526,4,0.1875,1131.9145019733705,d4_semiprime
711649,711653,4,711651,4,0.5,188.65478797689957,d4_semiprime
711727,711731,4,711728,10,0.25,215.60724421448745,d8_plus
711829,711839,10,711831,4,0.2,579.4507979272786,d4_semiprime
711923,711929,6,711925,6,0.3333333333333333,336.893220073014,d6
712007,712021,14,712009,4,0.14285714285714285,1401.4883624590982,d4_semiprime
712133,712157,24,712135,4,0.08333333333333333,2088.7857943635754,d4_semiprime
712279,712289,10,712282,4,0.3,687.2878706604889,d4_semiprime
712357,712409,52,712363,4,0.11538461538461539,4204.628122081822,d4_semiprime
712483,712489,6,712486,4,0.5,444.72502691497283,d4_semiprime
712571,712573,2,712572,48,0.5,309.9626334889741,d8_plus
712687,712693,6,712689,4,0.3333333333333333,619.9329118857743,d4_semiprime
712819,712837,18,712821,4,0.1111111111111111,1024.2515872049783,d4_semiprime
712891,712909,18,712893,4,0.1111111111111111,1805.9312970942942,d4_semiprime
712973,712981,8,712979,4,0.75,943.4044062311357,d4_semiprime
713129,713147,18,713131,4,0.1111111111111111,1495.9946853096772,d4_semiprime
713191,713227,36,713197,4,0.16666666666666666,2628.118229355582,d4_semiprime
713287,713309,22,713289,4,0.09090909090909091,1334.2877864508296,d4_semiprime
713381,713389,8,713383,4,0.25,633.455572399043,d4_semiprime
713477,713491,14,713485,4,0.5714285714285714,1091.7112296704886,d4_semiprime
713597,713599,2,713598,16,0.5,94.34652540287398,d8_plus
713743,713747,4,713746,8,0.75,363.91357952981934,d8_plus
713861,713863,2,713862,12,0.5,67.39222472665165,d8_plus
713941,713957,16,713945,4,0.25,1523.0779823189316,d4_semiprime
714107,714113,6,714109,4,0.3333333333333333,336.96983528381173,d4_semiprime
714223,714227,4,714226,8,0.75,377.4106774951242,d8_plus
714361,714377,16,714365,4,0.25,1186.165685671889,d4_semiprime
714509,714517,8,714513,4,0.5,620.0503402714328,d4_semiprime
714577,714601,24,714583,4,0.25,2183.6733536908473,d4_semiprime
714751,714773,22,714754,4,0.13636363636363635,1765.841101141538,d4_semiprime
714841,714851,10,714842,4,0.1,727.9105040746239,d4_semiprime
714911,714919,8,714913,8,0.25,822.2750353597818,d8_plus
715031,715049,18,715033,4,0.1111111111111111,1294.0890335240056,d4_semiprime
715123,715151,28,715126,4,0.10714285714285714,2143.356539379866,d4_semiprime
715223,715229,6,715226,4,0.5,431.3712758432415,d4_semiprime
715303,715313,10,715306,4,0.3,754.9063323580068,d4_semiprime
715423,715439,16,715427,4,0.25,1442.4283492706256,d4_semiprime
715537,715549,12,715541,4,0.3333333333333333,930.174971640237,d4_semiprime
715639,715643,4,715641,4,0.5,148.290267569683,d4_semiprime
715727,715739,12,715733,4,0.5,1213.2954282152618,d4_semiprime
715823,715843,20,715826,4,0.15,1860.4057888726204,d4_semiprime
715889,715903,14,715892,6,0.21428571428571427,1226.797317343734,d6
715969,715973,4,715971,4,0.5,121.33255727436448,d4_semiprime
716117,716123,6,716119,4,0.3333333333333333,444.8929139430257,d4_semiprime
716257,716279,22,716263,4,0.2727272727272727,1658.2625177403097,d4_semiprime
716399,716411,12,716402,4,0.25,1253.825875573033,d4_semiprime
716477,716479,2,716478,24,0.5,148.30313103060277,d8_plus
716563,716581,18,716569,4,0.3333333333333333,1523.4924640241238,d4_semiprime
716671,716687,16,716679,6,0.5,1361.720609333017,d6
716747,716783,36,716753,4,0.16666666666666666,3168.3880646823677,d4_semiprime
716869,716897,28,716873,4,0.14285714285714285,2656.0849983965104,d4_semiprime
716981,716987,6,716983,4,0.3333333333333333,660.6576174549982,d4_semiprime
717109,717113,4,717110,8,0.25,391.0066083939327,d8_plus
717161,717191,30,717163,4,0.06666666666666667,2440.4365569606402,d4_semiprime
717323,717331,8,717329,4,0.75,687.6475910240172,d4_semiprime
717449,717463,14,717454,4,0.35714285714285715,1065.1939186050784,d4_semiprime
717551,717559,8,717553,4,0.25,957.3358237507356,d4_semiprime
717667,717679,12,717671,4,0.3333333333333333,1065.2177143800598,d4_semiprime
717811,717817,6,717814,4,0.5,310.13125012967805,d4_semiprime
717919,717923,4,717921,6,0.5,377.555186937164,d6
718051,718087,36,718054,4,0.08333333333333333,3236.2377199885364,d4_semiprime
718183,718187,4,718184,16,0.25,391.049991775242,d8_plus
718337,718343,6,718339,4,0.3333333333333333,391.0562527171604,d4_semiprime
718411,718423,12,718414,4,0.25,755.1491405240403,d4_semiprime
718511,718513,2,718512,20,0.5,121.36443917240814,d8_plus
718633,718657,24,718639,4,0.25,2076.7090921769627,d4_semiprime
718741,718747,6,718742,8,0.16666666666666666,445.0136278755551,d8_plus
718871,718897,26,718873,4,0.07692307692307693,2319.4980258366463,d4_semiprime
718999,719009,10,719002,4,0.3,782.1660417010644,d4_semiprime
719101,719119,18,719105,4,0.2222222222222222,1436.2345752714539,d4_semiprime
719183,719189,6,719185,8,0.3333333333333333,418.0621286102693,d8_plus
719281,719297,16,719282,4,0.0625,957.5074305005633,d4_semiprime
719413,719419,6,719414,8,0.16666666666666666,472.0168378964015,d8_plus
719567,719569,2,719568,60,0.5,391.10578301668596,d8_plus
719671,719681,10,719674,4,0.3,755.2472939957177,d4_semiprime
719731,719749,18,719735,4,0.2222222222222222,1321.6913158624743,d4_semiprime
719821,719833,12,719822,4,0.08333333333333333,728.2854837024333,d4_semiprime
719951,719959,8,719953,4,0.25,512.5038090793655,d4_semiprime
720059,720089,30,720061,4,0.06666666666666667,2292.8082775894222,d4_semiprime
720173,720179,6,720177,4,0.6666666666666666,512.5154941434712,d4_semiprime
720253,720257,4,720254,8,0.25,283.2345891548392,d8_plus
720319,720359,40,720323,4,0.1,3048.1690367177807,d4_semiprime
720413,720439,26,720417,4,0.15384615384615385,1901.7513113883729,d4_semiprime
720571,720607,36,720574,4,0.08333333333333333,3398.9316167787333,d4_semiprime
720683,720697,14,720691,4,0.5714285714285714,930.6694787725527,d4_semiprime
720791,720793,2,720792,64,0.5,418.1312824795017,d8_plus
720887,720899,12,720893,4,0.5,1079.0596314689421,d4_semiprime
720971,720983,12,720973,4,0.16666666666666666,1025.1155969573526,d4_semiprime
721051,721057,6,721052,6,0.16666666666666666,836.2852220023839,d6
721139,721141,2,721140,96,0.5,633.9636628922198,d8_plus
721207,721213,6,721211,4,0.6666666666666666,310.2397613084696,d4_semiprime
721283,721291,8,721289,4,0.75,458.61894975905705,d4_semiprime
721351,721363,12,721355,4,0.3333333333333333,876.7778468279864,d4_semiprime
721481,721499,18,721483,4,0.1111111111111111,1214.0167692499292,d4_semiprime
721613,721619,6,721615,4,0.3333333333333333,499.1021943275478,d4_semiprime
721703,721709,6,721705,4,0.3333333333333333,229.31934048514108,d4_semiprime
721859,721883,24,721861,4,0.08333333333333333,2158.3360124516894,d4_semiprime
721991,721997,6,721993,4,0.3333333333333333,553.0806536410226,d4_semiprime
722077,722093,16,722081,4,0.25,1429.9294077445581,d4_semiprime
722159,722167,8,722161,4,0.25,1079.200277699821,d4_semiprime
722287,722291,4,722289,4,0.5,175.3723396853837,d4_semiprime
722353,722363,10,722354,8,0.1,1092.7124282399484,d8_plus
722459,722467,8,722461,8,0.25,714.992360935189,d8_plus
722563,722581,18,722567,4,0.2222222222222222,1807.7364704276526,d4_semiprime
722713,722723,10,722714,4,0.1,782.4650609145557,d4_semiprime
722819,722833,14,722822,4,0.21428571428571427,1335.6015427916548,d4_semiprime
722933,722963,30,722938,4,0.16666666666666666,2239.5214575171526,d4_semiprime
723049,723053,4,723050,12,0.25,283.3159357995067,d8_plus
723113,723119,6,723116,6,0.5,350.77441501289235,d6
723181,723193,12,723183,4,0.16666666666666666,769.0111077174538,d4_semiprime
723269,723271,2,723270,16,0.5,94.44076512788018,d8_plus
723379,723391,12,723381,4,0.16666666666666666,1160.285881822467,d4_semiprime
723451,723467,16,723454,4,0.1875,1335.6881577590957,d4_semiprime
723553,723559,6,723557,8,0.6666666666666666,553.1692732231344,d8_plus
723623,723661,38,723629,4,0.15789473684210525,3413.4893405036473,d4_semiprime
723799,723803,4,723802,4,0.75,742.0748838905115,d4_semiprime
723893,723901,8,723895,4,0.25,984.9456037961991,d4_semiprime
723967,723973,6,723971,4,0.6666666666666666,526.2076544018424,d4_semiprime
724093,724099,6,724097,4,0.6666666666666666,418.2730846577186,d4_semiprime
724187,724211,24,724189,4,0.08333333333333333,2354.4971576379767,d4_semiprime
724309,724313,4,724310,8,0.25,202.39464757965922,d8_plus
724453,724459,6,724457,4,0.6666666666666666,499.24754269707205,d4_semiprime
724519,724531,12,724529,4,0.8333333333333334,944.5289641016462,d4_semiprime
724601,724609,8,724606,4,0.625,1038.9905873964253,d4_semiprime
724721,724723,2,724722,24,0.5,148.42897753228448,d8_plus
724781,724783,2,724782,16,0.5,94.45538339275808,d8_plus
724879,724901,22,724883,4,0.18181818181818182,2172.497489610654,d4_semiprime
724993,725009,16,725001,4,0.5,1443.8504343325446,d4_semiprime
725113,725119,6,725117,4,0.6666666666666666,526.2693926786188,d4_semiprime
725209,725273,64,725213,4,0.0625,5181.794783592735,d4_semiprime
725341,725357,16,725343,4,0.125,1362.9352996175442,d4_semiprime
725437,725447,10,725443,4,0.6,863.6503187794744,d4_semiprime
725537,725579,42,725541,4,0.09523809523809523,3279.2110516927596,d4_semiprime
725671,725687,16,725677,4,0.375,1376.4760404661276,d4_semiprime
725807,725827,20,725809,4,0.1,1430.4756828521581,d4_semiprime
725929,725939,10,725937,4,0.8,688.2558975935991,d4_semiprime
726013,726023,10,726017,4,0.4,688.261841317858,d4_semiprime
726109,726137,28,726118,4,0.32142857142857145,2105.2936291656874,d4_semiprime
726191,726221,30,726197,4,0.2,2321.2410890599626,d4_semiprime
726337,726367,30,726343,4,0.2,2118.8392679280455,d4_semiprime
726431,726457,26,726433,4,0.07692307692307693,2577.719553962995,d4_semiprime
726533,726559,26,726535,4,0.07692307692307693,1794.975410964986,d4_semiprime
726629,726641,12,726631,4,0.16666666666666666,944.7326027296061,d4_semiprime
726707,726751,44,726709,4,0.045454545454545456,3927.4267233116652,d4_semiprime
726841,726853,12,726851,4,0.8333333333333334,971.7460601412836,d4_semiprime
726953,726983,30,726955,4,0.06666666666666667,2591.3543564713536,d4_semiprime
727021,727049,28,727031,4,0.35714285714285715,1957.0260484574387,d4_semiprime
727159,727169,10,727162,4,0.3,1201.224773096835,d4_semiprime
727249,727261,12,727253,4,0.3333333333333333,1214.7332217702215,d4_semiprime
727327,727343,16,727333,4,0.375,1160.7541048038167,d4_semiprime
727459,727471,12,727462,4,0.25,1093.2831107429295,d4_semiprime
727577,727589,12,727579,4,0.16666666666666666,1309.2559052452225,d4_semiprime
727691,727703,12,727693,4,0.16666666666666666,1012.3229927609716,d4_semiprime
727763,727777,14,727769,4,0.42857142857142855,1336.2766635962694,d4_semiprime
727847,727877,30,727851,4,0.13333333333333333,2456.6118567984977,d4_semiprime
727997,728003,6,727999,4,0.3333333333333333,931.3658948170668,d4_semiprime
728129,728131,2,728130,32,0.5,202.4735232399812,d8_plus
728269,728281,12,728279,4,0.8333333333333334,1673.8061898679161,d4_semiprime
728383,728417,34,728386,4,0.08823529411764706,2902.2005323738704,d4_semiprime
728521,728527,6,728524,6,0.5,323.97062859933794,d6
728627,728639,12,728629,4,0.16666666666666666,701.9441442392854,d4_semiprime
728713,728723,10,728719,4,0.6,674.9521052434719,d4_semiprime
728813,728831,18,728822,4,0.5,1619.9022308382082,d4_semiprime
728873,728881,8,728879,4,0.75,688.4622903596584,d4_semiprime
728941,728947,6,728942,4,0.16666666666666666,364.4825310925311,d4_semiprime
729037,729041,4,729038,8,0.25,337.4870846342344,d8_plus
729187,729191,4,729188,6,0.25,323.9925355075657,d6
729293,729301,8,729297,8,0.5,1390.483386619276,d8_plus
729389,729403,14,729395,4,0.42857142857142855,1147.4976618820103,d4_semiprime
729503,729511,8,729506,4,0.375,810.007331179359,d4_semiprime
729577,729587,10,729583,4,0.6,729.0123071065245,d4_semiprime
729661,729671,10,729665,4,0.4,621.015734529933,d4_semiprime
729749,729761,12,729758,4,0.75,1390.547688607446,d4_semiprime
729877,729907,30,729881,4,0.13333333333333333,2592.125314081786,d4_semiprime
729977,729979,2,729978,16,0.5,94.50538772978902,d8_plus
730091,730111,20,730097,4,0.3,1525.605921646744,d4_semiprime
730253,730277,24,730255,4,0.08333333333333333,1674.1445315402839,d4_semiprime
730399,730421,22,730402,4,0.13636363636363635,1768.678016679093,d4_semiprime
730553,730559,6,730556,6,0.5,229.52652752053788,d6
730603,730619,16,730606,4,0.1875,1080.1308297170722,d4_semiprime
730747,730753,6,730749,4,0.3333333333333333,675.091413519059,d4_semiprime
730811,730819,8,730813,4,0.25,553.5785790910356,d4_semiprime
730889,730901,12,730893,4,0.3333333333333333,1053.1579446714245,d4_semiprime
730999,731033,34,731011,4,0.35294117647058826,3274.281089379,d4_semiprime
731141,731173,32,731149,4,0.25,3051.5391337254096,d4_semiprime
731233,731243,10,731237,4,0.4,985.6821033812673,d4_semiprime
731287,731299,12,731297,4,0.8333333333333334,823.656664390017,d4_semiprime
731413,731447,34,731417,4,0.11764705882352941,3375.6895803265975,d4_semiprime
731567,731587,20,731569,4,0.1,1647.360973480597,d4_semiprime
731651,731681,30,731657,4,0.2,2552.0824448238623,d4_semiprime
731741,731761,20,731743,4,0.1,1836.4345348079032,d4_semiprime
731831,731839,8,731833,4,0.25,688.6688446396302,d4_semiprime
731911,731921,10,731915,4,0.4,1053.266897899382,d4_semiprime
732029,732041,12,732031,4,0.16666666666666666,1147.8044671721389,d4_semiprime
732157,732169,12,732161,4,0.3333333333333333,1377.3831798118288,d4_semiprime
732217,732229,12,732223,4,0.5,1174.834247886209,d4_semiprime
732293,732299,6,732295,8,0.3333333333333333,472.63788104854376,d8_plus
732461,732467,6,732463,4,0.3333333333333333,513.1584317408796,d4_semiprime
732541,732601,60,732551,4,0.16666666666666666,5955.404254773021,d4_semiprime
732703,732709,6,732707,4,0.6666666666666666,351.1169841156226,d4_semiprime
732817,732827,10,732818,4,0.1,648.2236344899397,d4_semiprime
732911,732923,12,732913,4,0.16666666666666666,1107.392577037944,d4_semiprime
733009,733067,58,733013,4,0.06896551724137931,5293.941919197979,d4_semiprime
733141,733147,6,733143,4,0.3333333333333333,283.6070593445036,d4_semiprime
733273,733277,4,733276,6,0.75,175.56858768979626,d6
733331,733333,2,733332,24,0.5,148.5588919262466,d8_plus
733399,733409,10,733402,4,0.3,985.8979760819022,d4_semiprime
733517,733519,2,733518,12,0.5,67.52803708070688,d8_plus
733687,733697,10,733693,4,0.6,526.7279776019867,d4_semiprime
733813,733823,10,733814,4,0.1,742.8309085261612,d4_semiprime
733879,733883,4,733882,4,0.75,256.6159221364569,d4_semiprime
733973,733981,8,733979,4,0.75,783.3615505214646,d4_semiprime
734057,734087,30,734059,4,0.06666666666666667,2606.728075806466,d4_semiprime
734189,734197,8,734191,4,0.25,688.8329656424171,d4_semiprime
734273,734291,18,734277,4,0.2222222222222222,1296.6380858524906,d4_semiprime
734411,734423,12,734414,4,0.25,850.9303810261061,d4_semiprime
734479,734497,18,734486,4,0.3888888888888889,1458.7483646563746,d4_semiprime
734647,734653,6,734651,4,0.6666666666666666,405.2144842290635,d4_semiprime
734729,734737,8,734732,6,0.375,661.855853092278,d6
734813,734819,6,734817,4,0.6666666666666666,283.65488626281217,d4_semiprime
734911,734933,22,734914,4,0.13636363636363635,1796.5000821649714,d4_semiprime
735019,735043,24,735023,4,0.16666666666666666,2066.673360238038,d4_semiprime
735109,735113,4,735112,16,0.75,445.7566230948926,d8_plus
735187,735193,6,735191,4,0.6666666666666666,378.2207752715782,d4_semiprime
735283,735307,24,735289,4,0.25,2336.8890618641562,d4_semiprime
735367,735373,6,735368,8,0.16666666666666666,526.8170874570557,d8_plus
735443,735451,8,735445,4,0.25,742.9528647712416,d4_semiprime
735533,735557,24,735535,4,0.08333333333333333,2350.4557274809385,d4_semiprime
735689,735697,8,735695,4,0.75,1067.1769686543323,d4_semiprime
735809,735821,12,735811,4,0.16666666666666666,1067.1899757132692,d4_semiprime
735919,735937,18,735923,4,0.2222222222222222,1715.628894916123,d4_semiprime
736013,736027,14,736017,4,0.2857142857142857,1391.4282703823997,d4_semiprime
736091,736093,2,736092,72,0.5,472.8188636464708,d8_plus
736187,736243,56,736193,4,0.10714285714285714,4620.172468374078,d4_semiprime
736357,736361,4,736358,16,0.25,391.77472932956283,d8_plus
736403,736409,6,736405,8,0.3333333333333333,445.8146978984597,d8_plus
736511,736577,66,736517,4,0.09090909090909091,6025.337704609962,d4_semiprime
736717,736721,4,736718,4,0.25,175.6295145582928,d4_semiprime
736847,736867,20,736849,4,0.1,2202.1538808247096,d4_semiprime
736937,736951,14,736939,4,0.14285714285714285,1040.2906899084762,d4_semiprime
737041,737047,6,737042,4,0.16666666666666666,283.71847656974285,d4_semiprime
737129,737131,2,737130,16,0.5,94.573636824729,d8_plus
737251,737263,12,737255,4,0.3333333333333333,1215.9623344546453,d4_semiprime
737327,737339,12,737329,4,0.16666666666666666,1026.8204545094625,d4_semiprime
737479,737483,4,737481,8,0.5,283.73089141557784,d8_plus
737533,737537,4,737535,8,0.5,364.79887179847964,d8_plus
737629,737641,12,737636,6,0.5833333333333334,1161.9636476497494,d6
737729,737747,18,737731,4,0.1111111111111111,1472.7363159483527,d4_semiprime
737819,737843,24,737822,4,0.125,1783.514177963414,d4_semiprime
737927,737929,2,737928,48,0.5,310.7668353704952,d8_plus
738053,738071,18,738058,4,0.2777777777777778,1067.430772270393,d4_semiprime
738173,738197,24,738179,4,0.25,2121.376210938463,d4_semiprime
738301,738313,12,738305,4,0.3333333333333333,918.8238353228247,d4_semiprime
738383,738391,8,738389,4,0.75,554.0011792802956,d4_semiprime
738487,738499,12,738491,4,0.3333333333333333,770.2049242599323,d4_semiprime
738589,738623,34,738593,4,0.11764705882352941,2756.5542947993713,d4_semiprime
738757,738781,24,738761,4,0.16666666666666666,1837.7327156815684,d4_semiprime
738851,738863,12,738859,4,0.6666666666666666,770.2329014035059,d4_semiprime
738953,738961,8,738957,4,0.5,635.1107790727369,d4_semiprime
739031,739051,20,739033,4,0.1,2121.5578636550185,d4_semiprime
739117,739121,4,739118,8,0.25,202.6982213485132,d8_plus
739201,739217,16,739207,4,0.375,1256.7403213892044,d4_semiprime
739307,739327,20,739315,4,0.4,1945.94129576639,d4_semiprime
739379,739391,12,739387,4,0.6666666666666666,878.3822827512715,d4_semiprime
739469,739493,24,739477,4,0.3333333333333333,2040.5689919306003,d4_semiprime
739553,739579,26,739559,4,0.23076923076923078,2202.752232906005,d4_semiprime
739649,739693,44,739654,4,0.11363636363636363,3662.284266796123,d4_semiprime
739787,739799,12,739789,4,0.16666666666666666,716.2486024283279,d4_semiprime
739909,739931,22,739911,4,0.09090909090909091,1743.3445448108237,d4_semiprime
740021,740023,2,740022,16,0.5,94.60104636127714,d8_plus
740141,740143,2,740142,24,0.5,148.66057072529685,d8_plus
740237,740279,42,740239,4,0.047619047619047616,3486.8062160436507,d4_semiprime
740351,740359,8,740353,4,0.25,675.7441932119435,d4_semiprime
740477,740483,6,740482,4,0.8333333333333334,648.7225779169099,d4_semiprime
740581,740591,10,740587,4,0.6,824.4270088626205,d4_semiprime
740681,740687,6,740683,4,0.3333333333333333,378.4292302528206,d4_semiprime
740801,740849,48,740803,4,0.041666666666666664,3878.9538284335054,d4_semiprime
740951,740969,18,740953,4,0.1111111111111111,1527.274187589584,d4_semiprime
741053,741061,8,741058,4,0.625,810.9500598748223,d4_semiprime
741121,741127,6,741122,4,0.16666666666666666,446.02550172818866,d4_semiprime
741229,741233,4,741231,10,0.5,202.74100990148597,d8_plus
741373,741401,28,741374,4,0.03571428571428571,2405.897487547826,d4_semiprime
741473,741479,6,741476,6,0.5,513.623072835522,d6
741569,741593,24,741571,4,0.08333333333333333,1946.3814809147898,d4_semiprime
741683,741691,8,741687,4,0.5,797.4843597052597,d4_semiprime
741809,741827,18,741817,4,0.4444444444444444,1567.955761260678,d4_semiprime
741883,741913,30,741887,4,0.13333333333333333,2987.249323651619,d4_semiprime
742031,742037,6,742033,4,0.3333333333333333,513.6517076510092,d4_semiprime
742151,742153,2,742152,48,0.5,310.8981151172125,d8_plus
742229,742241,12,742231,4,0.16666666666666666,865.1149288038581,d4_semiprime
742327,742333,6,742331,4,0.6666666666666666,283.8685325114922,d4_semiprime
742457,742499,42,742459,4,0.047619047619047616,2919.833188606606,d4_semiprime
742541,742549,8,742547,4,0.75,500.16003120014364,d4_semiprime
742663,742673,10,742666,4,0.3,1013.850326308199,d4_semiprime
742757,742759,2,742758,16,0.5,94.62687894835767,d8_plus
742909,742913,4,742910,16,0.25,310.92162792506997,d8_plus
742999,743027,28,743003,4,0.14285714285714285,2149.43625572969,d4_semiprime
743129,743131,2,743130,48,0.5,310.92840431919694,d8_plus
743177,743179,2,743178,8,0.5,40.556072592964036,d8_plus
743269,743273,4,743271,8,0.5,337.9703891054906,d8_plus
743377,743401,24,743381,4,0.16666666666666666,2460.4540308458872,d4_semiprime
743579,743591,12,743581,4,0.16666666666666666,1541.193061700681,d4_semiprime
743711,743731,20,743713,4,0.1,1852.160758757751,d4_semiprime
743833,743837,4,743836,6,0.75,324.4697708836179,d6
743923,743933,10,743927,4,0.4,946.3789298071921,d4_semiprime
744071,744077,6,744074,4,0.5,662.474816185087,d4_semiprime
744199,744203,4,744202,8,0.75,365.0417750305611,d8_plus
744313,744353,40,744317,4,0.1,3312.4597268943135,d4_semiprime
744409,744431,22,744411,4,0.09090909090909091,1392.5972619149197,d4_semiprime
744559,744599,40,744563,4,0.1,3501.8287072004096,d4_semiprime
744677,744701,24,744679,4,0.08333333333333333,1676.5696251575923,d4_semiprime
744791,744811,20,744794,4,0.15,2230.94429448933,d4_semiprime
744893,744911,18,744897,4,0.2222222222222222,1622.5207708334497,d4_semiprime
745013,745027,14,745021,4,0.5714285714285714,987.0451322737842,d4_semiprime
745133,745141,8,745135,4,0.25,730.1514863022461,d4_semiprime
745247,745249,2,745248,48,0.5,310.9938635410909,d8_plus
745369,745379,10,745373,4,0.4,513.8223484739183,d4_semiprime
745531,745543,12,745537,4,0.5,1108.7925905971222,d4_semiprime
745631,745649,18,745634,4,0.16666666666666666,1379.2436690904751,d4_semiprime
745733,745741,8,745737,4,0.5,716.6728358622809,d4_semiprime
745859,745873,14,745861,4,0.14285714285714285,1203.484772674509,d4_semiprime
745981,745993,12,745985,4,0.3333333333333333,1068.2746690684023,d4_semiprime
746069,746099,30,746071,4,0.06666666666666667,2366.4536916287475,d4_semiprime
746171,746177,6,746173,4,0.3333333333333333,946.5899089868914,d4_semiprime
746231,746233,2,746232,64,0.5,419.20654650664585,d8_plus
746329,746353,24,746333,4,0.16666666666666666,2123.101614166996,d4_semiprime
746479,746483,4,746481,4,0.5,581.4943458453725,d4_semiprime
746561,746563,2,746562,8,0.5,40.56970184029725,d8_plus
746737,746743,6,746741,4,0.6666666666666666,419.2276292918068,d4_semiprime
746807,746813,6,746809,6,0.3333333333333333,757.3196684006501,d6
746903,746939,36,746905,4,0.05555555555555555,3340.357981263828,d4_semiprime
747037,747049,12,747041,4,0.3333333333333333,1298.2922034897765,d4_semiprime
747157,747161,4,747158,8,0.25,229.90857133240968,d8_plus
747283,747287,4,747284,12,0.25,365.15345444767775,d8_plus
747401,747407,6,747402,8,0.16666666666666666,392.20649469664966,d8_plus
747493,747497,4,747494,16,0.25,500.40586712465915,d8_plus
747583,747587,4,747584,14,0.25,324.59048030139206,d8_plus
747713,747731,18,747715,4,0.1111111111111111,1636.4991968904296,d4_semiprime
747827,747829,2,747828,18,0.5,108.19942627192636,d8_plus
747871,747889,18,747874,4,0.16666666666666666,1244.2997897360208,d4_semiprime
747991,748003,12,747997,4,0.5,1528.3424886491912,d4_semiprime
748133,748169,36,748135,4,0.05555555555555555,3016.155242633104,d4_semiprime
748249,748271,22,748253,4,0.18181818181818182,1839.4683785058867,d4_semiprime
748343,748361,18,748346,4,0.16666666666666666,1514.8705906402308,d4_semiprime
748481,748487,6,748483,4,0.3333333333333333,392.2483213685598,d4_semiprime
748589,748597,8,748591,4,0.25,595.1418131374218,d4_semiprime
748669,748687,18,748679,4,0.5555555555555556,1501.3930517715526,d4_semiprime
748763,748777,14,748767,4,0.2857142857142857,1176.7782971387735,d4_semiprime
748829,748831,2,748830,32,0.5,202.89400901168307,d8_plus
748921,748933,12,748922,4,0.08333333333333333,1068.5853948309177,d4_semiprime
749051,749069,18,749057,4,0.3333333333333333,1771.9811151312163,d4_semiprime
749149,749153,4,749150,12,0.25,365.2207958055991,d8_plus
749219,749237,18,749221,4,0.1111111111111111,1623.2159414203172,d4_semiprime
749323,749339,16,749327,4,0.25,1190.3701781841496,d4_semiprime
749429,749431,2,749430,48,0.5,311.12256852101996,d8_plus
749543,749557,14,749545,4,0.14285714285714285,1298.6139760229582,d4_semiprime
749711,749729,18,749717,4,0.3333333333333333,1149.8336993478088,d4_semiprime
749807,749809,2,749808,60,0.5,392.2996011294281,d8_plus
749899,749909,10,749901,4,0.2,662.8573073864083,d4_semiprime
750019,750037,18,750021,4,0.1111111111111111,1447.4815945414796,d4_semiprime
750131,750133,2,750132,36,0.5,229.97607599044727,d8_plus
750179,750203,24,750181,4,0.08333333333333333,1866.8756478086973,d4_semiprime
750353,750383,30,750359,4,0.2,2502.738722359354,d4_semiprime
750487,750509,22,750493,4,0.2727272727272727,1677.5330102300875,d4_semiprime
750641,750653,12,750643,4,0.16666666666666666,919.9511502397679,d4_semiprime
750713,750719,6,750718,4,0.8333333333333334,284.10442863987504,d4_semiprime
750803,750809,6,750807,6,0.6666666666666666,568.2138428925084,d6
750929,750943,14,750931,4,0.14285714285714285,838.8026685567693,d4_semiprime
751027,751057,30,751029,4,0.06666666666666667,2448.7877726721144,d4_semiprime
751141,751147,6,751142,8,0.16666666666666666,365.29255368227155,d8_plus
751207,751217,10,751209,4,0.2,906.4727304125303,d4_semiprime
751301,751307,6,751303,8,0.3333333333333333,257.0617365583175,d8_plus
751357,751363,6,751358,8,0.16666666666666666,500.59669186308054,d8_plus
751463,751481,18,751467,4,0.2222222222222222,1799.461506978566,d4_semiprime
751613,751627,14,751615,4,0.14285714285714285,1095.9289824161024,d4_semiprime
751691,751711,20,751693,4,0.1,1298.888962862607,d4_semiprime
751763,751787,24,751769,4,0.25,1840.1058677742242,d4_semiprime
751871,751879,8,751873,4,0.25,879.4710317301456,d4_semiprime
751957,751969,12,751958,4,0.08333333333333333,1136.5573078485945,d4_semiprime
752083,752093,10,752087,4,0.4,487.1018942692232,d4_semiprime
752183,752189,6,752185,8,0.3333333333333333,500.6372919120277,d8_plus
752273,752281,8,752279,4,0.75,568.2961338291591,d4_semiprime
752359,752383,24,752361,4,0.08333333333333333,1907.868899899135,d4_semiprime
752489,752503,14,752491,4,0.14285714285714285,1569.6135073689532,d4_semiprime
752603,752627,24,752613,4,0.4166666666666667,1799.6641830851154,d4_semiprime
752701,752707,6,752702,4,0.16666666666666666,527.7256979581961,d4_semiprime
752819,752821,2,752820,24,0.5,148.8473957781998,d8_plus
752903,752911,8,752907,4,0.5,473.6093708537428,d4_semiprime
753019,753023,4,753022,4,0.75,230.04140943241657,d4_semiprime
753143,753161,18,753146,4,0.16666666666666666,1353.2022504941892,d4_semiprime
753329,753341,12,753332,6,0.25,757.8068870485059,d6
753427,753437,10,753429,4,0.2,541.2957672070407,d4_semiprime
753527,753547,20,753529,4,0.1,1529.1763697496035,d4_semiprime
753619,753631,12,753622,4,0.25,947.2854074780291,d4_semiprime
753707,753719,12,753713,4,0.5,1014.9574261434179,d4_semiprime
753799,753803,4,753801,8,0.5,284.1905521084925,d8_plus
753937,753941,4,753938,4,0.25,392.4589646940158,d4_semiprime
754037,754043,6,754041,4,0.6666666666666666,419.5291923991896,d4_semiprime
754099,754109,10,754102,4,0.3,581.9312449678312,d4_semiprime
754181,754183,2,754182,48,0.5,311.2679469349822,d8_plus
754267,754279,12,754274,4,0.5833333333333334,1096.2142525167274,d4_semiprime
754343,754367,24,754345,4,0.08333333333333333,1840.5719602066936,d4_semiprime
754427,754451,24,754431,4,0.16666666666666666,1975.9246947559566,d4_semiprime
754573,754577,4,754574,4,0.25,135.33910353402715,d4_semiprime
754709,754711,2,754710,32,0.5,203.01133272724962,d8_plus
754781,754811,30,754786,4,0.16666666666666666,2530.896192560113,d4_semiprime
754921,754931,10,754927,4,0.6,622.5813047780362,d4_semiprime
754981,754991,10,754982,4,0.1,690.2571734373278,d4_semiprime
755081,755087,6,755086,4,0.8333333333333334,514.3141602727115,d4_semiprime
755203,755213,10,755207,4,0.4,852.6891387896358,d4_semiprime
755311,755317,6,755314,8,0.5,392.5117868300845,d8_plus
755393,755399,6,755397,6,0.6666666666666666,270.6999571473961,d6
755473,755483,10,755474,4,0.1,1109.8787850704146,d4_semiprime
755593,755597,4,755594,16,0.25,446.6636116057086,d8_plus
755719,755737,18,755723,4,0.2222222222222222,1583.646048940221,d4_semiprime
755813,755861,48,755815,4,0.041666666666666664,4358.456633046412,d4_semiprime
755969,755977,8,755971,4,0.25,1015.1820546440011,d4_semiprime
756127,756131,4,756128,12,0.25,230.1114463289798,d8_plus
756199,756227,28,756202,4,0.10714285714285714,2707.215349630396,d4_semiprime
756293,756319,26,756298,4,0.19230769230769232,1935.6766653108557,d4_semiprime
756433,756443,10,756437,4,0.4,582.0641378603617,d4_semiprime
756571,756593,22,756577,4,0.2727272727272727,1976.3384749035274,d4_semiprime
756673,756683,10,756676,6,0.3,893.4216823985885,d6
756773,756799,26,756779,4,0.23076923076923078,2057.5993451464733,d4_semiprime
756919,756923,4,756921,8,0.5,284.27728166715684,d8_plus
757063,757067,4,757066,4,0.75,311.3556825693108,d4_semiprime
757201,757241,40,757202,4,0.025,3100.0670244896282,d4_semiprime
757307,757319,12,757309,4,0.16666666666666666,1001.777418948043,d4_semiprime
757403,757409,6,757406,8,0.5,392.5919656466352,d8_plus
757507,757513,6,757511,4,0.6666666666666666,703.9652799632339,d4_semiprime
757607,757633,26,757609,4,0.07692307692307693,2355.601111851951,d4_semiprime
757727,757751,24,757729,4,0.08333333333333333,2057.790364585404,d4_semiprime
757819,757829,10,757821,4,0.2,825.8306434522584,d4_semiprime
757951,757993,42,757954,4,0.07142857142857142,3316.908411945781,d4_semiprime
758083,758099,16,758087,4,0.25,988.3147937571812,d4_semiprime
758189,758201,12,758193,4,0.3333333333333333,988.3248736444045,d4_semiprime
758269,758273,4,758270,16,0.25,311.39231340949,d8_plus
758363,758383,20,758365,4,0.1,1421.587717258777,d4_semiprime
758453,758491,38,758465,4,0.3157894736842105,3181.6794350452733,d4_semiprime
758573,758579,6,758578,4,0.8333333333333334,690.4990511559836,d4_semiprime
758699,758707,8,758701,4,0.25,920.6767934380829,d4_semiprime
758753,758767,14,758757,4,0.2857142857142857,1015.4580060266328,d4_semiprime
758867,758887,20,758873,4,0.3,2058.0184566073676,d4_semiprime
758969,758971,2,758970,40,0.5,257.25463306819324,d8_plus
759053,759089,36,759061,4,0.2222222222222222,2965.2274992228636,d4_semiprime
759173,759179,6,759175,6,0.3333333333333333,379.1196935311322,d6
759293,759301,8,759298,4,0.625,880.1096147656486,d4_semiprime
759401,759431,30,759403,4,0.06666666666666667,2667.4400499253647,d4_semiprime
759523,759547,24,759527,4,0.16666666666666666,2342.4994116435114,d4_semiprime
759589,759599,10,759592,8,0.3,771.8107539942918,d8_plus
759659,759673,14,759667,4,0.5714285714285714,1083.2506615895454,d4_semiprime
759727,759739,12,759729,4,0.16666666666666666,744.739691555469,d4_semiprime
759881,759893,12,759883,4,0.16666666666666666,785.3736654611962,d4_semiprime
759961,759973,12,759963,4,0.16666666666666666,880.166979393728,d4_semiprime
760117,760129,12,760118,4,0.08333333333333333,1164.5463762660402,d4_semiprime
760187,760211,24,760195,4,0.3333333333333333,2193.6961253613727,d4_semiprime
760273,760289,16,760281,4,0.5,1516.6416205002333,d4_semiprime
760411,760423,12,760414,4,0.25,744.789257721369,d4_semiprime
760489,760499,10,760493,4,0.4,893.7537997251286,d4_semiprime
760561,760567,6,760565,8,0.6666666666666666,419.79626603354507,d8_plus
760657,760693,36,760658,4,0.027777777777777776,2545.8887022562253,d4_semiprime
760813,760841,28,760819,4,0.21428571428571427,2410.5048022027563,d4_semiprime
760913,760927,14,760915,4,0.14285714285714285,1476.108694561409,d4_semiprime
761003,761009,6,761006,4,0.5,419.8142869001808,d4_semiprime
761129,761153,24,761137,4,0.3333333333333333,1828.247453142912,d4_semiprime
761207,761213,6,761209,4,0.3333333333333333,744.8464951553863,d4_semiprime
761297,761347,50,761302,4,0.1,4089.9293372132547,d4_semiprime
761393,761399,6,761396,12,0.5,446.91599269133764,d8_plus
761459,761471,12,761461,4,0.16666666666666666,1273.041627528381,d4_semiprime
761543,761561,18,761549,4,0.3333333333333333,1435.5699745221134,d4_semiprime
761633,761669,36,761637,4,0.1111111111111111,2938.88344179659,d4_semiprime
761731,761773,42,761734,4,0.07142857142857142,3819.2327136190866,d4_semiprime
761863,761869,6,761864,8,0.16666666666666666,325.04463106382906,d8_plus
761983,761993,10,761987,4,0.4,934.5143294699919,d4_semiprime
762053,762061,8,762057,6,0.5,704.2764585061318,d6
762239,762241,2,762240,64,0.5,419.8645191169795,d8_plus
762371,762373,2,762372,60,0.5,392.7815072310711,d8_plus
762479,762491,12,762481,4,0.16666666666666666,1205.4459532269234,d4_semiprime
762563,762571,8,762566,8,0.375,934.5667447736189,d8_plus
762667,762721,54,762673,4,0.1111111111111111,4659.347441232718,d4_semiprime
762821,762823,2,762822,12,0.5,67.723899967021,d8_plus
762913,762917,4,762914,8,0.25,284.4429504218215,d8_plus
763013,763027,14,763018,4,0.35714285714285715,1368.0489891241036,d4_semiprime
763111,763123,12,763115,4,0.3333333333333333,717.8938214669743,d4_semiprime
763237,763261,24,763239,4,0.08333333333333333,1598.350304747752,d4_semiprime
763349,763369,20,763355,4,0.3,1666.0944361584543,d4_semiprime
763429,763447,18,763433,4,0.2222222222222222,1246.1939525495284,d4_semiprime
763549,763559,10,763557,4,0.8,704.3783901300549,d4_semiprime
763619,763621,2,763620,96,0.5,636.6538014240649,d8_plus
763751,763753,2,763752,48,0.5,311.55796338681637,d8_plus
763843,763859,16,763847,4,0.25,1164.9669772434895,d4_semiprime
763913,763921,8,763915,4,0.25,677.3108088807539,d4_semiprime
764003,764011,8,764006,4,0.375,717.9556815092458,d4_semiprime
764081,764089,8,764084,6,0.375,1083.7147781988006,d6
764209,764233,24,764213,4,0.16666666666666666,1761.0596112143703,d4_semiprime
764321,764327,6,764326,4,0.8333333333333334,636.6970935980373,d4_semiprime
764447,764459,12,764453,4,0.5,1165.0348079877078,d4_semiprime
764587,764591,4,764588,12,0.25,257.3947831729123,d8_plus
764657,764683,26,764661,4,0.15384615384615385,2370.7598074755206,d4_semiprime
764809,764837,28,764821,4,0.42857142857142855,2208.22627619568,d4_semiprime
764899,764903,4,764902,8,0.75,216.7600205459096,d8_plus
764999,765007,8,765001,4,0.25,1192.1917039396772,d4_semiprime
765097,765103,6,765098,4,0.16666666666666666,555.4582635063674,d4_semiprime
765169,765181,12,765173,4,0.3333333333333333,1395.4297260690596,d4_semiprime
765241,765251,10,765242,4,0.1,541.918145699409,d4_semiprime
765313,765319,6,765317,4,0.6666666666666666,365.79718284420807,d4_semiprime
765437,765439,2,765438,16,0.5,94.83742448589238,d8_plus
765533,765539,6,765535,4,0.3333333333333333,392.9015775350123,d4_semiprime
765649,765659,10,765651,4,0.2,406.45460083198856,d4_semiprime
765773,765781,8,765777,4,0.5,758.7241370363678,d4_semiprime
765881,765889,8,765883,4,0.25,690.9881395950616,d4_semiprime
765949,765953,4,765951,8,0.5,447.1128508855772,d8_plus
766067,766079,12,766069,4,0.16666666666666666,555.5103281628901,d4_semiprime
766169,766177,8,766171,4,0.25,840.0481789735795,d4_semiprime
766247,766261,14,766253,4,0.42857142857142855,1598.8140666606957,d4_semiprime
766357,766361,4,766358,4,0.25,718.1185784130301,d4_semiprime
766439,766453,14,766442,4,0.21428571428571427,1165.2585538705587,d4_semiprime
766531,766541,10,766533,4,0.2,772.3293161829648,d4_semiprime
766637,766639,2,766638,16,0.5,94.84839000159494,d8_plus
766763,766769,6,766765,4,0.3333333333333333,704.5966770087006,d4_semiprime
766867,766873,6,766868,6,0.16666666666666666,460.70249100358075,d6
766943,766957,14,766947,4,0.2857142857142857,1260.166348990643,d4_semiprime
767089,767093,4,767092,6,0.75,271.00720782945166,d6
767167,767203,36,767171,4,0.1111111111111111,3211.4651078398433,d4_semiprime
767321,767323,2,767322,24,0.5,149.05727990693495,d8_plus
767423,767443,20,767435,4,0.6,1707.401564215115,d4_semiprime
767537,767539,2,767538,12,0.5,67.75471634309245,d8_plus
767623,767633,10,767626,4,0.3,826.6145536184858,d4_semiprime
767749,767759,10,767751,4,0.2,826.6246358171135,d4_semiprime
767843,767857,14,767846,4,0.21428571428571427,1395.7889181173605,d4_semiprime
767957,768013,56,767959,4,0.03571428571428571,5041.167503474578,d4_semiprime
768101,768107,6,768103,8,0.3333333333333333,447.2054616591308,d8_plus
768191,768193,2,768192,28,0.5,176.17333475150522,d8_plus
768263,768301,38,768266,4,0.07894736842105263,3374.4265269947796,d4_semiprime
768359,768371,12,768363,4,0.3333333333333333,1206.1296484434877,d4_semiprime
768431,768437,6,768433,8,0.3333333333333333,501.42803195952547,d8_plus
768563,768571,8,768567,4,0.5,894.4507314294734,d4_semiprime
768643,768653,10,768647,4,0.4,677.6193630749547,d4_semiprime
768787,768793,6,768791,8,0.6666666666666666,582.7606679719319,d8_plus
768869,768881,12,768874,4,0.4166666666666667,1043.5566568664808,d4_semiprime
769003,769007,4,769004,6,0.25,379.47989391662963,d6
769091,769117,26,769094,4,0.11538461538461539,2317.5598226576208,d4_semiprime
769231,769243,12,769237,4,0.5,853.8487475873574,d4_semiprime
769309,769319,10,769313,4,0.4,799.6420225697813,d4_semiprime
769429,769453,24,769433,4,0.16666666666666666,1897.4788262337202,d4_semiprime
769543,769547,4,769546,4,0.75,447.2672872401695,d4_semiprime
769619,769627,8,769621,4,0.25,1043.6315844578025,d4_semiprime
769733,769739,6,769735,4,0.3333333333333333,474.38304876047386,d4_semiprime
769871,769903,32,769873,4,0.0625,3008.9878534427835,d4_semiprime
769987,769997,10,769991,4,0.4,582.8278561454905,d4_semiprime
770057,770059,2,770058,24,0.5,149.09643227235273,d8_plus
770129,770167,38,770131,4,0.05263157894736842,2981.9538823342023,d4_semiprime
770233,770239,6,770234,8,0.16666666666666666,420.1880402244832,d8_plus
770359,770387,28,770365,4,0.21428571428571427,2317.8420871355797,d4_semiprime
770503,770519,16,770509,4,0.375,1125.0491462657267,d4_semiprime
770579,770587,8,770581,4,0.25,555.7509385811313,d4_semiprime
770657,770663,6,770662,4,0.8333333333333334,772.6351257028471,d4_semiprime
770801,770813,12,770806,4,0.4166666666666667,596.4284946869227,d4_semiprime
770873,770881,8,770879,4,0.75,1179.3098859253882,d4_semiprime
770981,770993,12,770983,4,0.16666666666666666,867.5473548434417,d4_semiprime
771049,771073,24,771051,4,0.08333333333333333,2277.327906629265,d4_semiprime
771181,771209,28,771182,4,0.03571428571428571,1992.687358787941,d4_semiprime
771293,771299,6,771297,4,0.6666666666666666,203.337409844825,d4_semiprime
771427,771431,4,771429,8,0.5,203.34000136309993,d8_plus
771499,771503,4,771501,8,0.5,230.4535748289249,d8_plus
771587,771607,20,771593,4,0.3,1857.2019441785997,d4_semiprime
771679,771691,12,771686,4,0.5833333333333334,1369.1892828812015,d4_semiprime
771809,771853,44,771814,4,0.11363636363636363,4107.6266701397035,d4_semiprime
771937,771941,4,771938,8,0.25,257.57656575998004,d8_plus
772019,772061,42,772021,4,0.047619047619047616,3484.094912911068,d4_semiprime
772147,772159,12,772151,4,0.3333333333333333,962.5426002983256,d4_semiprime
772273,772279,6,772277,4,0.6666666666666666,447.3842075864445,d4_semiprime
772379,772381,2,772380,72,0.5,474.5031177558607,d8_plus
772459,772477,18,772463,4,0.2222222222222222,1776.0120983262123,d4_semiprime
772591,772619,28,772594,4,0.10714285714285714,2331.8942610489753,d4_semiprime
772691,772697,6,772693,4,0.3333333333333333,610.0937352659946,d4_semiprime
772847,772853,6,772849,8,0.3333333333333333,718.5654975281392,d8_plus
772921,772949,28,772927,4,0.21428571428571427,2087.924078885765,d4_semiprime
773027,773029,2,773028,36,0.5,230.4871993401951,d8_plus
773117,773147,30,773119,4,0.06666666666666667,3037.0381440160436,d4_semiprime
773249,773251,2,773250,32,0.5,203.37536535820973,d8_plus
773371,773387,16,773373,4,0.125,1410.0863907645053,d4_semiprime
773491,773497,6,773494,4,0.5,298.2908412523335,d4_semiprime
773579,773599,20,773581,4,0.1,1396.555957362612,d4_semiprime
773681,773683,2,773682,48,0.5,311.8550729550185,d8_plus
773779,773803,24,773782,4,0.125,1816.9136436288059,d4_semiprime
773869,773879,10,773873,4,0.4,840.6681637702794,d4_semiprime
773987,773989,2,773988,12,0.5,67.79655824287855,d8_plus
774073,774083,10,774077,4,0.4,881.362897653428,d4_semiprime
774149,774161,12,774154,4,0.4166666666666667,1003.4049545902734,d4_semiprime
774233,774239,6,774236,6,0.5,271.1926299803405,d6
774343,774377,34,774346,4,0.08823529411764706,3078.0726435448796,d4_semiprime
774523,774541,18,774526,4,0.16666666666666666,1572.9618459469052,d4_semiprime
774629,774643,14,774633,4,0.2857142857142857,1383.1351194061733,d4_semiprime
774733,774757,24,774737,4,0.16666666666666666,2020.4831753794215,d4_semiprime
774811,774821,10,774812,6,0.1,786.5021467133677,d6
774929,774931,2,774930,32,0.5,203.40791972513264,d8_plus
775063,775079,16,775069,4,0.375,1315.3887974412407,d4_semiprime
775153,775157,4,775154,4,0.25,135.6081841734436,d4_semiprime
775267,775273,6,775271,4,0.6666666666666666,447.5118757292781,d4_semiprime
775393,775417,24,775397,4,0.16666666666666666,1654.4591034481396,d4_semiprime
775531,775553,22,775543,4,0.5454545454545454,1885.02330300884,d4_semiprime
775639,775661,22,775649,4,0.45454545454545453,1925.727147030547,d4_semiprime
775757,775777,20,775759,4,0.1,1776.5707199458232,d4_semiprime
775871,775889,18,775877,4,0.3333333333333333,1803.7130604211532,d4_semiprime
775987,776003,16,775991,4,0.25,1532.4948841369396,d4_semiprime
776117,776119,2,776118,32,0.5,203.4308977419119,d8_plus
776183,776201,18,776189,4,0.3333333333333333,1301.9668532653047,d4_semiprime
776287,776317,30,776289,4,0.06666666666666667,2373.4018658063505,d4_semiprime
776453,776467,14,776455,4,0.14285714285714285,1261.3123833060806,d4_semiprime
776551,776557,6,776554,4,0.5,800.1947203413475,d4_semiprime
776651,776683,32,776653,4,0.0625,2658.302376836525,d4_semiprime
776801,776813,12,776803,4,0.16666666666666666,678.1473075816549,d4_semiprime
776887,776899,12,776897,4,0.8333333333333334,949.4140923658474,d4_semiprime
777001,777011,10,777003,4,0.2,596.7810143816655,d4_semiprime
777109,777137,28,777115,4,0.21428571428571427,1953.1226785130912,d4_semiprime
777187,777191,4,777190,8,0.75,257.70533544388627,d8_plus
777269,777277,8,777275,6,0.75,583.2325110836595,d6
777383,777389,6,777386,4,0.5,746.003003830585,d4_semiprime
777451,777463,12,777453,4,0.16666666666666666,840.9546703722611,d4_semiprime
777589,777617,28,777593,4,0.14285714285714285,3092.585487230677,d4_semiprime
777683,777731,48,777685,4,0.041666666666666664,4028.5392646737914,d4_semiprime
777817,777839,22,777823,4,0.2727272727272727,1302.1690052483093,d4_semiprime
777911,777919,8,777916,6,0.625,488.3174102513363,d6
778049,778051,2,778050,144,0.5,963.0827708597836,d8_plus
778111,778121,10,778114,4,0.3,963.0888421888777,d4_semiprime
778223,778237,14,778229,4,0.42857142857142855,1153.005931602349,d4_semiprime
778333,778357,24,778334,4,0.041666666666666664,1709.1805135997972,d4_semiprime
778417,778439,22,778423,4,0.2727272727272727,1451.4584750128076,d4_semiprime
778537,778541,4,778538,4,0.25,366.2597361222321,d4_semiprime
778643,778663,20,778649,4,0.3,1600.7077727350675,d4_semiprime
778709,778717,8,778711,4,0.25,746.0968963851815,d4_semiprime
778793,778819,26,778798,4,0.19230769230769232,2496.054927393802,d4_semiprime
778907,778913,6,778909,6,0.3333333333333333,624.0199425495797,d6
779003,779011,8,779005,4,0.25,773.249241489249,d4_semiprime
779111,779131,20,779113,4,0.1,1641.4765569569602,d4_semiprime
779239,779249,10,779242,4,0.3,1424.4382651464407,d4_semiprime
779353,779357,4,779356,6,0.75,271.32443738687084,d6
779521,779531,10,779522,4,0.1,651.1892180749046,d4_semiprime
779593,779599,6,779594,4,0.16666666666666666,244.19757804177533,d4_semiprime
779693,779699,6,779698,4,0.8333333333333334,271.3331747565808,d4_semiprime
779771,779791,20,779773,4,0.1,1845.080680574886,d4_semiprime
779887,779899,12,779893,4,0.5,990.3846228725698,d4_semiprime
780029,780037,8,780033,4,0.5,814.0253903317525,d4_semiprime
780127,780163,36,780131,4,0.1111111111111111,2971.224753985762,d4_semiprime
780233,780253,20,780238,4,0.25,1573.8139013939583,d4_semiprime
780379,780383,4,780382,4,0.75,176.37798290658816,d4_semiprime
780469,780499,30,780473,4,0.13333333333333333,2537.1539591751794,d4_semiprime
780631,780649,18,780635,4,0.2222222222222222,1546.7372009860094,d4_semiprime
780719,780721,2,780720,40,0.5,257.79146514649153,d8_plus
780833,780841,8,780838,4,0.625,881.9280155316213,d4_semiprime
780889,780917,28,780893,4,0.14285714285714285,2727.209691230318,d4_semiprime
781003,781007,4,781006,4,0.75,122.11502635603881,d4_semiprime
781111,781117,6,781113,8,0.3333333333333333,529.1706199773118,d8_plus
781211,781217,6,781213,4,0.3333333333333333,284.9406949384736,d4_semiprime
781307,781309,2,781308,36,0.5,230.66832019371063,d8_plus
781387,781397,10,781391,4,0.4,990.5248291022198,d4_semiprime
781481,781483,2,781482,32,0.5,203.53421093923282,d8_plus
781531,781559,28,781535,4,0.14285714285714285,2279.5966133396255,d4_semiprime
781633,781661,28,781637,4,0.14285714285714285,2469.5871432348454,d4_semiprime
781799,781801,2,781800,48,0.5,312.0951473438428,d8_plus
781889,781897,8,781891,4,0.25,651.3346845759868,d4_semiprime
781987,781997,10,781993,4,0.6,556.3536105427213,d4_semiprime
782071,782083,12,782077,4,0.5,1261.9830241899097,d4_semiprime
782137,782141,4,782139,4,0.5,230.686384131289,d4_semiprime
782219,782231,12,782227,4,0.6666666666666666,977.032628145988,d4_semiprime
782339,782371,32,782347,4,0.25,2754.7223619027404,d4_semiprime
782461,782473,12,782462,4,0.08333333333333333,692.0806044350207,d4_semiprime
782611,782641,30,782617,4,0.2,2496.9558327123964,d4_semiprime
782711,782723,12,782713,4,0.16666666666666666,895.6546735286034,d4_semiprime
782891,782911,20,782893,4,0.1,1547.0665577015857,d4_semiprime
782993,783007,14,782997,4,0.2857142857142857,1574.2230510729607,d4_semiprime
783119,783121,2,783120,80,0.5,529.2706075774771,d8_plus
783193,783197,4,783194,8,0.25,203.56705734532622,d8_plus
783317,783323,6,783319,4,0.3333333333333333,257.85463749780007,d4_semiprime
783407,783413,6,783409,8,0.3333333333333333,529.2850267114998,d8_plus
783553,783557,4,783554,8,0.25,230.71715132432544,d8_plus
783647,783661,14,783659,4,0.8571428571428571,1357.1722722242619,d4_semiprime
783707,783719,12,783709,4,0.16666666666666666,800.7361131832253,d4_semiprime
783767,783779,12,783778,4,0.9166666666666666,1126.4654432671923,d4_semiprime
783829,783869,40,783833,4,0.1,3610.1446374690445,d4_semiprime
784081,784087,6,784085,4,0.6666666666666666,339.3067731574862,d4_semiprime
784171,784181,10,784174,4,0.3,773.6261939751174,d4_semiprime
784249,784283,34,784253,4,0.11764705882352941,2700.9282708114115,d4_semiprime
784349,784351,2,784350,96,0.5,637.9126995293663,d8_plus
784423,784447,24,784426,4,0.125,1818.7444507855685,d4_semiprime
784501,784513,12,784502,4,0.08333333333333333,1031.5338227725242,d4_semiprime
784583,784603,20,784587,4,0.2,1642.3234106378961,d4_semiprime
784723,784727,4,784726,4,0.75,108.58470766100466,d4_semiprime
784859,784867,8,784861,8,0.25,637.9433556858528,d8_plus
784981,785003,22,784991,4,0.45454545454545453,1920.6403301348723,d4_semiprime
785107,785119,12,785111,4,0.3333333333333333,800.841467065699,d4_semiprime
785203,785207,4,785206,8,0.75,257.900291885769,d8_plus
785293,785299,6,785294,4,0.16666666666666666,434.36210422369277,d4_semiprime
785347,785353,6,785348,6,0.16666666666666666,624.3987166608513,d6
785459,785461,2,785460,96,0.5,637.9791661829034,d8_plus
785569,785573,4,785571,8,0.5,203.61248926728274,d8_plus
785641,785651,10,785643,4,0.2,678.713061593854,d4_semiprime
785773,785777,4,785775,12,0.5,339.36064172695785,d8_plus
785861,785879,18,785867,4,0.3333333333333333,1710.392602176395,d4_semiprime
786001,786013,12,786007,4,0.5,814.4832878947145,d4_semiprime
786077,786109,32,786079,4,0.0625,2769.265613518006,d4_semiprime
786211,786223,12,786215,4,0.3333333333333333,1208.1739040530852,d4_semiprime
786329,786337,8,786333,4,0.5,570.1557187432834,d4_semiprime
786433,786449,16,786437,4,0.25,1086.021889482198,d4_semiprime
786589,786613,24,786593,4,0.16666666666666666,2511.462782475322,d4_semiprime
786701,786703,2,786702,16,0.5,95.02923361805482,d8_plus
786829,786833,4,786831,8,0.5,298.66689884595047,d8_plus
786937,786941,4,786939,4,0.5,529.460375243619,d4_semiprime
787043,787051,8,787047,4,0.5,991.0513119727701,d4_semiprime
787123,787139,16,787133,4,0.625,1058.9397801152522,d4_semiprime
787243,787261,18,787247,4,0.2222222222222222,1873.5295609855393,d4_semiprime
787357,787361,4,787359,8,0.5,773.8571072065239,d8_plus
787477,787483,6,787478,4,0.16666666666666666,393.72121194268584,d4_semiprime
787541,787547,6,787543,8,0.3333333333333333,638.1036974142768,d8_plus
787667,787697,30,787673,4,0.2,2552.4477626927037,d4_semiprime
787777,787783,6,787781,4,0.6666666666666666,502.34803563921025,d4_semiprime
787837,787879,42,787838,4,0.023809523809523808,3828.7352779992907,d4_semiprime
787993,787999,6,787994,4,0.16666666666666666,393.7401979497424,d4_semiprime
788077,788087,10,788078,4,0.1,692.4452870106517,d4_semiprime
788167,788173,6,788169,4,0.3333333333333333,556.676275483933,d4_semiprime
788287,788309,22,788293,4,0.2727272727272727,1765.092079670714,d4_semiprime
788369,788377,8,788374,4,0.625,787.5081685801605,d4_semiprime
788429,788449,20,788437,4,0.4,1860.1600899786924,d4_semiprime
788531,788537,6,788533,4,0.3333333333333333,665.3186271652556,d4_semiprime
788651,788659,8,788653,4,0.25,828.2631159285929,d4_semiprime
788789,788813,24,788797,4,0.3333333333333333,2240.414445284223,d4_semiprime
788891,788897,6,788893,8,0.3333333333333333,611.02742088825,d8_plus
788971,788993,22,788978,4,0.3181818181818182,1819.5189805260811,d4_semiprime
789077,789091,14,789079,4,0.14285714285714285,1099.868951272282,d4_semiprime
789149,789169,20,789151,4,0.1,1860.2851686639244,d4_semiprime
789323,789331,8,789325,6,0.25,733.2625812562035,d6
789419,789443,24,789421,4,0.08333333333333333,2281.2831779611915,d4_semiprime
789557,789571,14,789559,4,0.14285714285714285,1357.9237642506196,d4_semiprime
789653,789671,18,789655,4,0.1111111111111111,1683.8406588486746,d4_semiprime
789731,789739,8,789737,6,0.75,583.9164557842967,d6
789857,789883,26,789861,4,0.15384615384615385,2512.2308418700277,d4_semiprime
789979,790003,24,789983,4,0.16666666666666666,2064.1260645300576,d4_semiprime
790087,790093,6,790091,4,0.6666666666666666,583.9357946374658,d4_semiprime
790201,790219,18,790203,4,0.1111111111111111,1371.585758916757,d4_semiprime
790327,790331,4,790329,4,0.5,312.3446955268691,d4_semiprime
790417,790421,4,790418,8,0.25,258.026053338477,d8_plus
790519,790523,4,790522,4,0.75,149.38491491824314,d4_semiprime
790613,790633,20,790618,4,0.25,1751.894394004034,d4_semiprime
790703,790709,6,790705,4,0.3333333333333333,719.776015595949,d4_semiprime
790817,790819,2,790818,32,0.5,203.71234697669695,d8_plus
790897,790927,30,790898,4,0.03333333333333333,2593.960147470439,d4_semiprime
791003,791009,6,791005,4,0.3333333333333333,421.0128908505138,d4_semiprime
791099,791111,12,791101,4,0.16666666666666666,1181.5630236295788,d4_semiprime
791227,791233,6,791228,6,0.16666666666666666,624.7418911284194,d6
791317,791321,4,791318,8,0.25,285.2106006655692,d8_plus
791419,791431,12,791429,4,0.8333333333333334,1466.811876596343,d4_semiprime
791561,791563,2,791562,8,0.5,40.745290462547615,d8_plus
791663,791677,14,791669,4,0.42857142857142855,1127.2977196612633,d4_semiprime
791803,791827,24,791807,4,0.16666666666666666,2037.312715014689,d4_semiprime
791909,791927,18,791917,4,0.4444444444444444,1439.7143758543864,d4_semiprime
792023,792031,8,792029,4,0.75,624.7881274359903,d4_semiprime
792073,792101,28,792079,4,0.21428571428571427,2533.122768801604,d4_semiprime
792179,792223,44,792181,4,0.045454545454545456,3789.536862402727,d4_semiprime
792277,792283,6,792278,8,0.16666666666666666,502.5588028888827,d8_plus
792371,792377,6,792373,8,0.3333333333333333,529.7287776249943,d8_plus
792481,792487,6,792482,8,0.16666666666666666,502.5683260718371,d8_plus
792581,792593,12,792583,4,0.16666666666666666,855.7325151175575,d4_semiprime
792647,792667,20,792653,4,0.3,1888.0572156987155,d4_semiprime
792709,792713,4,792711,6,0.5,162.99856289825485,d6
792871,792881,10,792874,4,0.3,991.5900014338896,d4_semiprime
792973,792983,10,792977,4,0.4,882.9308042802764,d4_semiprime
793123,793129,6,793126,4,0.5,516.1820304614411,d4_semiprime
793229,793253,24,793235,4,0.25,1793.0724051821214,d4_semiprime
793343,793379,36,793349,4,0.16666666666666666,3368.839731498328,d4_semiprime
793493,793511,18,793495,4,0.1111111111111111,1630.1052548689606,d4_semiprime
793561,793591,30,793567,4,0.2,2309.332094495416,d4_semiprime
793673,793691,18,793677,4,0.2222222222222222,1263.3527510470535,d4_semiprime
793757,793769,12,793762,4,0.4166666666666667,1100.3476484222952,d4_semiprime
793853,793867,14,793855,4,0.14285714285714285,1263.373545464614,d4_semiprime
793967,793979,12,793973,4,0.5,1181.877795278289,d4_semiprime
794039,794041,2,794040,64,0.5,421.1315626206173,d8_plus
794113,794119,6,794114,4,0.16666666666666666,298.8696686745657,d4_semiprime
794179,794191,12,794183,4,0.3333333333333333,747.1790372580643,d4_semiprime
794249,794327,78,794251,4,0.02564102564102564,6670.3344348487635,d4_semiprime
794413,794449,36,794422,4,0.25,3301.2475224877085,d4_semiprime
794531,794537,6,794533,4,0.3333333333333333,557.0059609399246,d4_semiprime
794593,794641,48,794594,4,0.020833333333333332,4727.795970358974,d4_semiprime
794741,794743,2,794742,32,0.5,203.78659218995816,d8_plus
794887,794921,34,794897,4,0.29411764705882354,2880.227439645917,d4_semiprime
795007,795023,16,795009,4,0.125,1236.3366099727602,d4_semiprime
795103,795121,18,795107,4,0.2222222222222222,1399.3826544036829,d4_semiprime
795211,795217,6,795215,8,0.6666666666666666,557.0410054964315,d8_plus
795323,795329,6,795326,8,0.5,570.6333297614555,d8_plus
795467,795479,12,795469,4,0.16666666666666666,937.4817130125115,d4_semiprime
795551,795581,30,795559,4,0.26666666666666666,2567.9066138165936,d4_semiprime
795653,795659,6,795658,4,0.8333333333333334,312.49919576220293,d4_semiprime
795727,795737,10,795733,4,0.6,638.5898129542261,d4_semiprime
795803,795827,24,795805,4,0.08333333333333333,1915.7840070865877,d4_semiprime
795937,795941,4,795939,4,0.5,366.85649635002267,d4_semiprime
796009,796063,54,796011,4,0.037037037037037035,4320.7938663794475,d4_semiprime
796171,796177,6,796174,4,0.5,815.2544460903877,d4_semiprime
796259,796267,8,796261,4,0.25,856.0241180551509,d4_semiprime
796363,796373,10,796367,8,0.4,883.2080433381063,d8_plus
796459,796487,28,796463,4,0.14285714285714285,2364.3029866473407,d4_semiprime
796567,796571,4,796568,8,0.25,122.29262130223371,d8_plus
796687,796693,6,796690,8,0.5,611.4699189645278,d8_plus
796777,796781,4,796778,8,0.25,176.64832669338588,d8_plus
796853,796867,14,796857,4,0.2857142857142857,1168.6053383513506,d4_semiprime
796933,796937,4,796934,4,0.25,366.89029436827286,d4_semiprime
797021,797029,8,797023,4,0.25,529.9570468019516,d4_semiprime
797077,797119,42,797078,4,0.023809523809523808,3261.295490963801,d4_semiprime
797273,797281,8,797275,6,0.25,951.2271846046278,d6
797383,797389,6,797386,4,0.5,529.9746319806724,d4_semiprime
797509,797539,30,797513,4,0.13333333333333333,2418.889798607022,d4_semiprime
797579,797581,2,797580,96,0.5,638.6988588382159,d8_plus
797647,797681,34,797649,4,0.058823529411764705,2758.657189882802,d4_semiprime
797767,797773,6,797768,8,0.16666666666666666,502.81430023739904,d8_plus
797911,797917,6,797913,6,0.3333333333333333,679.4878764961765,d6
798043,798059,16,798046,4,0.1875,1481.3020182036837,d4_semiprime
798121,798131,10,798129,6,0.8,720.2711456935506,d6
798197,798199,2,798198,8,0.5,40.77033589786784,d8_plus
798263,798271,8,798267,4,0.5,761.0511746765284,d4_semiprime
798403,798409,6,798407,4,0.6666666666666666,625.1571709429215,d4_semiprime
798517,798521,4,798518,8,0.25,176.67668754186283,d8_plus
798647,798649,2,798648,32,0.5,203.8601336548363,d8_plus
798737,798751,14,798739,4,0.14285714285714285,1263.944135831645,d4_semiprime
798887,798911,24,798891,4,0.16666666666666666,1834.7838106827942,d4_semiprime
799021,799031,10,799027,4,0.6,679.5574657780563,d4_semiprime
799147,799151,4,799148,12,0.25,312.59996938870313,d8_plus
799301,799303,2,799302,16,0.5,95.14045888060276,d8_plus
799369,799417,48,799373,4,0.08333333333333333,3968.7493253977896,d4_semiprime
799489,799507,18,799495,4,0.3333333333333333,1658.19230334772,d4_semiprime
799613,799619,6,799618,8,0.8333333333333334,557.2673550442795,d8_plus
799679,799723,44,799681,4,0.045454545454545456,4865.932572942107,d4_semiprime
799789,799801,12,799793,4,0.3333333333333333,1481.5403214588887,d4_semiprime
799891,799921,30,799895,4,0.13333333333333333,2623.30485601783,d4_semiprime
800011,800029,18,800013,4,0.1111111111111111,1427.2012094123738,d4_semiprime
800117,800119,2,800118,40,0.5,258.25777541968716,d8_plus
800209,800213,4,800210,8,0.25,149.5189404399502,d8_plus
800291,800311,20,800293,4,0.1,1726.2785320480432,d4_semiprime
800417,800419,2,800418,8,0.5,40.77866811058341,d8_plus
800497,800509,12,800498,4,0.08333333333333333,693.2428059917129,d4_semiprime
800557,800573,16,800561,4,0.25,1277.7488851761116,d4_semiprime
800651,800659,8,800653,8,0.25,475.7615097415191,d8_plus
800711,800729,18,800713,4,0.1111111111111111,1454.4793065977951,d4_semiprime
800801,800861,60,800803,4,0.03333333333333333,4961.593095362358,d4_semiprime
800953,800959,6,800957,4,0.6666666666666666,557.3359755661442,d4_semiprime
801011,801019,8,801013,4,0.25,367.0281537038449,d4_semiprime
801107,801127,20,801109,4,0.1,2052.6577551853757,d4_semiprime
801277,801289,12,801281,4,0.3333333333333333,1019.5477503363853,d4_semiprime
801371,801379,8,801373,4,0.25,734.0805050187575,d4_semiprime
801487,801503,16,801491,4,0.25,1033.1619084839206,d4_semiprime
801607,801611,4,801609,4,0.5,203.9156435519084,d4_semiprime
801707,801709,2,801708,12,0.5,67.97249865388157,d8_plus
801817,801833,16,801823,4,0.375,1114.7608604404638,d4_semiprime
801973,801989,16,801977,4,0.25,1155.5613904559373,d4_semiprime
802103,802121,18,802106,4,0.16666666666666666,1441.0704300646,d4_semiprime
802163,802177,14,802167,4,0.2857142857142857,1237.1517712860773,d4_semiprime
802283,802297,14,802289,4,0.42857142857142855,1250.7607708157038,d4_semiprime
802453,802463,10,802457,4,0.4,611.7945433963214,d4_semiprime
802583,802589,6,802586,8,0.5,557.419316188506,d8_plus
802651,802661,10,802653,4,0.2,910.9106909108491,d4_semiprime
802759,802777,18,802761,4,0.1111111111111111,1862.6275614634064,d4_semiprime
802831,802873,42,802833,4,0.047619047619047616,3670.9010984159204,d4_semiprime
802987,803027,40,802991,4,0.1,3698.1446341019187,d4_semiprime
803119,803141,22,803123,4,0.18181818181818182,1685.9377408524533,d4_semiprime
803269,803273,4,803271,16,0.5,503.0685545557835,d8_plus
803389,803393,4,803391,4,0.5,299.12511836347244,d4_semiprime
803449,803461,12,803457,6,0.6666666666666666,1006.1541350293546,d6
803549,803587,38,803555,4,0.15789473684210525,3562.3661050117244,d4_semiprime
803659,803669,10,803661,4,0.2,761.4283671847414,d4_semiprime
803813,803819,6,803818,4,0.8333333333333334,557.4821224585414,d4_semiprime
803921,803927,6,803923,4,0.3333333333333333,489.5013668073282,d4_semiprime
804017,804031,14,804019,4,0.14285714285714285,979.0116344013022,d4_semiprime
804107,804113,6,804109,4,0.3333333333333333,530.3021702957938,d4_semiprime
804197,804203,6,804198,8,0.16666666666666666,475.91614441384814,d8_plus
804317,804329,12,804319,4,0.16666666666666666,1087.820514107521,d4_semiprime
804443,804449,6,804446,4,0.5,462.32891632004697,d4_semiprime
804541,804553,12,804547,4,0.5,1019.8525924233581,d4_semiprime
804613,804619,6,804614,4,0.16666666666666666,421.54172817133696,d4_semiprime
804751,804757,6,804753,6,0.3333333333333333,516.7350743068515,d6
804833,804847,14,804835,4,0.14285714285714285,1047.076678638571,d4_semiprime
804919,804929,10,804923,6,0.4,747.9176715677459,d6
805027,805031,4,805029,4,0.5,231.17677832327655,d4_semiprime
805097,805099,2,805098,32,0.5,203.98078932182295,d8_plus
805187,805213,26,805193,4,0.23076923076923078,2570.1816839252524,d4_semiprime
805279,805289,10,805283,4,0.4,870.3327489685514,d4_semiprime
805339,805369,30,805351,4,0.4,2583.816990666774,d4_semiprime
805463,805471,8,805465,4,0.25,856.7480665794739,d4_semiprime
805531,805537,6,805534,4,0.5,530.3711768613275,d4_semiprime
805687,805703,16,805693,4,0.375,1373.545460962473,d4_semiprime
805799,805807,8,805801,4,0.25,1223.963431061301,d4_semiprime
805877,805891,14,805883,4,0.42857142857142855,883.9801895702185,d4_semiprime
806011,806017,6,806014,8,0.5,462.3951359062372,d8_plus
806059,806087,28,806063,4,0.14285714285714285,2284.788339513032,d4_semiprime
806177,806203,26,806185,4,0.3076923076923077,2176.012126044099,d4_semiprime
806291,806297,6,806293,8,0.3333333333333333,380.80570165837105,d8_plus
806383,806389,6,806387,4,0.6666666666666666,584.813698289131,d4_semiprime
806521,806543,22,806522,4,0.045454545454545456,1523.2559546470618,d4_semiprime
806671,806719,48,806677,4,0.125,3998.6061808092695,d4_semiprime
806807,806821,14,806811,4,0.2857142857142857,1455.2911174512772,d4_semiprime
806941,806947,6,806942,8,0.16666666666666666,421.63130106990866,d8_plus
807077,807083,6,807078,8,0.16666666666666666,421.63653023502195,d8_plus
807181,807187,6,807182,4,0.16666666666666666,340.03268554420674,d4_semiprime
807251,807259,8,807253,4,0.25,448.8460286438589,d4_semiprime
807403,807407,4,807406,4,0.75,176.82054388714135,d4_semiprime
807487,807491,4,807490,8,0.75,476.0589351875399,d8_plus
807571,807607,36,807574,4,0.08333333333333333,3210.0262890399854,d4_semiprime
807707,807731,24,807711,4,0.16666666666666666,2339.5385988133667,d4_semiprime
807817,807869,52,807827,4,0.19230769230769232,4665.527307888885,d4_semiprime
807943,807949,6,807947,4,0.6666666666666666,448.8742690937137,d4_semiprime
808097,808111,14,808099,4,0.14285714285714285,1414.6546482436145,d4_semiprime
808217,808229,12,808219,4,0.16666666666666666,1020.1944496968767,d4_semiprime
808349,808351,2,808350,48,0.5,312.86325947668433,d8_plus
808399,808417,18,808403,4,0.2222222222222222,2108.4372988113873,d4_semiprime
808523,808553,30,808529,4,0.2,2652.5819735363166,d4_semiprime
808627,808637,10,808629,4,0.2,802.5829078013975,d4_semiprime
808733,808739,6,808737,4,0.6666666666666666,340.0807027685213,d4_semiprime
808837,808853,16,808838,4,0.0625,1346.7329748528527,d4_semiprime
808991,808993,2,808992,54,0.5,353.6921519882449,d8_plus
809101,809141,40,809103,4,0.05,3210.474393245289,d4_semiprime
809201,809203,2,809202,8,0.5,40.81141156754862,d8_plus
809273,809297,24,809279,4,0.25,2013.3778710112333,d4_semiprime
809383,809399,16,809386,4,0.1875,857.0543977030229,d4_semiprime
809453,809461,8,809459,4,0.75,707.4142474419257,d4_semiprime
809579,809581,2,809580,48,0.5,312.8982300940164,d8_plus
809729,809737,8,809735,4,0.75,666.6184804221532,d4_semiprime
809797,809801,4,809798,8,0.25,231.27721278999664,d8_plus
809843,809869,26,809845,4,0.07692307692307693,2367.2022427462125,d4_semiprime
809983,809993,10,809987,4,0.4,1047.5676552713446,d4_semiprime
810079,810091,12,810083,4,0.3333333333333333,1346.884398410787,d4_semiprime
810209,810223,14,810211,4,0.14285714285714285,1482.9511458801828,d4_semiprime
810319,810343,24,810331,4,0.5,2176.831538126062,d4_semiprime
810389,810391,2,810390,64,0.5,421.7633976599077,d8_plus
810443,810457,14,810449,4,0.42857142857142855,1034.0061059410693,d4_semiprime
810539,810541,2,810540,96,0.5,639.4564306460138,d8_plus
810643,810653,10,810646,4,0.3,870.7576969003848,d4_semiprime
810769,810791,22,810773,4,0.18181818181818182,1414.9982353961216,d4_semiprime
810907,810913,6,810911,4,0.6666666666666666,394.5714680975759,d4_semiprime
810989,811037,48,810991,4,0.041666666666666664,4190.660117459861,d4_semiprime
811147,811157,10,811153,4,0.6,884.4036708783918,d4_semiprime
811207,811231,24,811211,4,0.16666666666666666,1864.0624677616083,d4_semiprime
811297,811337,40,811301,4,0.1,3673.7312942876983,d4_semiprime
811457,811469,12,811462,4,0.4166666666666667,761.9692383611088,d4_semiprime
811561,811583,22,811562,4,0.045454545454545456,1972.9758686463908,d4_semiprime
811667,811691,24,811669,4,0.08333333333333333,2258.738516976793,d4_semiprime
811757,811763,6,811761,4,0.6666666666666666,503.45751786743176,d4_semiprime
811871,811879,8,811873,4,0.25,653.1408541213009,d4_semiprime
811981,811991,10,811982,4,0.1,530.6823041161588,d4_semiprime
812081,812101,20,812083,4,0.1,1619.2768674221259,d4_semiprime
812191,812213,22,812195,4,0.18181818181818182,1877.8353869853631,d4_semiprime
812297,812299,2,812298,16,0.5,95.2533578282404,d8_plus
812363,812381,18,812365,4,0.1111111111111111,1510.4561933680618,d4_semiprime
812473,812477,4,812474,8,0.25,340.1960130486551,d8_plus
812587,812597,10,812591,4,0.4,1401.6224393095376,d4_semiprime
812681,812689,8,812683,4,0.25,666.7967899774636,d4_semiprime
812761,812807,46,812762,4,0.021739130434782608,3619.7864891837603,d4_semiprime
812969,813013,44,812971,4,0.045454545454545456,3728.7228435984134,d4_semiprime
813089,813091,2,813090,16,0.5,95.2601795845703,d8_plus
813199,813203,4,813201,4,0.5,449.0881765122575,d4_semiprime
813277,813283,6,813278,8,0.16666666666666666,857.3563459955618,d8_plus
813361,813367,6,813364,6,0.5,381.05017202997135,d6
813493,813499,6,813497,4,0.6666666666666666,449.1001799823943,d4_semiprime
813583,813601,18,813587,4,0.2222222222222222,1714.7614578721207,d4_semiprime
813721,813749,28,813723,4,0.07142857142857142,2436.0806277509682,d4_semiprime
813847,813863,16,813851,4,0.25,1701.1921207025157,d4_semiprime
813991,813997,6,813992,8,0.16666666666666666,476.3398092443666,d8_plus
814043,814049,6,814046,4,0.5,530.7810648859711,d4_semiprime
814127,814129,2,814128,40,0.5,258.58758473481487,d8_plus
814213,814237,24,814217,4,0.16666666666666666,1837.3489128115887,d4_semiprime
814367,814379,12,814369,4,0.16666666666666666,1224.9155460646919,d4_semiprime
814469,814477,8,814475,6,0.75,871.0590017673251,d6
814577,814579,2,814578,16,0.5,95.27297826698184,d8_plus
814687,814699,12,814694,4,0.5833333333333334,884.6868631323326,d4_semiprime
814783,814789,6,814787,4,0.6666666666666666,503.59519626289716,d4_semiprime
814883,814889,6,814885,8,0.3333333333333333,530.8212974310156,d8_plus
814949,814991,42,814951,4,0.047619047619047616,3960.7738692443645,d4_semiprime
815141,815149,8,815146,4,0.625,626.1115511474186,d4_semiprime
815257,815261,4,815259,4,0.5,176.94639227772046,d4_semiprime
815351,815389,38,815357,4,0.15789473684210525,3729.522623284207,d4_semiprime
815459,815471,12,815467,4,0.6666666666666666,694.1871464550813,d4_semiprime
815539,815543,4,815541,8,0.5,367.5133760816445,d8_plus
815653,815663,10,815657,4,0.4,830.31678839478,d4_semiprime
815729,815809,80,815731,4,0.025,7023.734531384452,d4_semiprime
815897,815923,26,815901,4,0.15384615384615385,2164.3174990155335,d4_semiprime
816019,816037,18,816022,4,0.16666666666666666,1279.547220041905,d4_semiprime
816121,816131,10,816122,8,0.1,816.7395130945382,d8_plus
816191,816203,12,816197,4,0.5,1633.489288858495,d4_semiprime
816271,816317,46,816274,4,0.06521739130434782,3879.572063286576,d4_semiprime
816427,816443,16,816433,4,0.375,1238.7560021574561,d4_semiprime
816559,816581,22,816566,4,0.3181818181818182,1810.5113242966324,d4_semiprime
816689,816691,2,816690,32,0.5,204.19522297309825,d8_plus
816811,816817,6,816815,4,0.6666666666666666,1266.024678068705,d4_semiprime
816869,816883,14,816874,4,0.35714285714285715,1075.4460726011519,d4_semiprime
816929,816941,12,816938,4,0.75,871.252058564986,d4_semiprime
817049,817051,2,817050,48,0.5,313.1094781440384,d8_plus
817127,817147,20,817143,4,0.8,1756.149196816496,d4_semiprime
817237,817273,36,817241,4,0.1111111111111111,2749.9688714825425,d4_semiprime
817331,817337,6,817333,8,0.3333333333333333,558.1659614819002,d8_plus
817463,817483,20,817469,4,0.3,1905.956237843072,d4_semiprime
817637,817651,14,817639,4,0.14285714285714285,1184.434098499365,d4_semiprime
817721,817723,2,817722,32,0.5,204.21416556781395,d8_plus
817793,817823,30,817801,4,0.26666666666666666,2505.046230270124,d4_semiprime
817891,817897,6,817895,8,0.6666666666666666,585.4230069896253,d8_plus
817987,818011,24,817993,4,0.25,2273.640957199461,d4_semiprime
818123,818143,20,818126,4,0.15,1797.1509208300397,d4_semiprime
818249,818281,32,818263,4,0.4375,2668.528842993429,d4_semiprime
818339,818341,2,818340,48,0.5,313.14576307442644,d8_plus
818399,818413,14,818401,4,0.14285714285714285,1824.4248395456486,d4_semiprime
818579,818581,2,818580,48,0.5,313.15250744805445,d8_plus
818707,818717,10,818709,4,0.2,816.9291932009498,d4_semiprime
818887,818897,10,818891,4,0.4,1170.9509170659107,d4_semiprime
819001,819017,16,819003,4,0.125,1102.8840335589923,d4_semiprime
819101,819131,30,819103,4,0.06666666666666667,2723.196148943731,d4_semiprime
819229,819239,10,819233,4,0.4,966.7448604886517,d4_semiprime
819307,819311,4,819309,8,0.5,231.47567211362863,d8_plus
819407,819409,2,819408,40,0.5,258.7104107384842,d8_plus
819463,819473,10,819466,4,0.3,925.9159398019392,d4_semiprime
819523,819563,40,819527,4,0.1,3540.2903983043216,d4_semiprime
819647,819653,6,819649,4,0.3333333333333333,639.9817002451066,d4_semiprime
819739,819761,22,819751,4,0.5454545454545454,1647.6272473029135,d4_semiprime
819811,819823,12,819813,4,0.16666666666666666,1143.8142400652862,d4_semiprime
819937,819943,6,819939,4,0.3333333333333333,285.95671780164605,d4_semiprime
820073,820093,20,820077,4,0.2,1960.8711441877247,d4_semiprime
820187,820201,14,820189,4,0.14285714285714285,1225.5567436791566,d4_semiprime
820271,820273,2,820272,40,0.5,258.7304341595412,d8_plus
820349,820361,12,820351,4,0.16666666666666666,1198.3392114725852,d4_semiprime
820429,820441,12,820433,4,0.3333333333333333,1225.5833309958114,d4_semiprime
820577,820597,20,820579,4,0.1,1566.0441243379041,d4_semiprime
820657,820679,22,820661,4,0.18181818181818182,1416.2588683633062,d4_semiprime
820753,820759,6,820757,4,0.6666666666666666,640.0451162857327,d4_semiprime
820901,820907,6,820903,4,0.3333333333333333,476.6356191134307,d4_semiprime
820997,821003,6,820999,8,0.3333333333333333,585.5859707026166,d8_plus
821081,821089,8,821083,4,0.25,721.774280486366,d4_semiprime
821147,821153,6,821149,4,0.3333333333333333,558.3569114131486,d4_semiprime
821291,821297,6,821293,8,0.3333333333333333,422.1777267152727,d8_plus
821441,821449,8,821443,8,0.25,585.6092981131861,d8_plus
821497,821507,10,821498,4,0.1,844.3711315833034,d4_semiprime
821651,821663,12,821657,6,0.5,1062.287976894806,d6
821801,821803,2,821802,16,0.5,95.33478338377452,d8_plus
821861,821869,8,821867,4,0.75,531.153915917936,d4_semiprime
821971,821993,22,821981,4,0.45454545454545453,1893.1068317438314,d4_semiprime
822067,822079,12,822071,4,0.3333333333333333,926.1317578761965,d4_semiprime
822169,822191,22,822179,4,0.45454545454545453,1743.323407939312,d4_semiprime
822259,822277,18,822271,4,0.6666666666666666,1647.998824009028,d4_semiprime
822343,822347,4,822344,8,0.25,231.53856486238166,d8_plus
822431,822433,2,822432,48,0.5,313.26048491893323,d8_plus
822557,822571,14,822559,4,0.14285714285714285,1307.5373492800102,d4_semiprime
822631,822667,36,822649,3,0.5,3098.614762514166,d3_prime_square
822721,822727,6,822722,4,0.16666666666666666,272.4075249457845,d4_semiprime
822793,822803,10,822797,4,0.4,1116.8783121543677,d4_semiprime
822889,822893,4,822891,8,0.5,313.2733055055909,d8_plus
823001,823003,2,823002,16,0.5,95.34499736852938,d8_plus
823153,823169,16,823154,4,0.0625,1212.2607598342415,d4_semiprime
823237,823241,4,823238,8,0.25,395.00906789227435,d8_plus
823349,823351,2,823350,48,0.5,313.2861432408613,d8_plus
823457,823481,24,823467,4,0.4166666666666667,2097.6774285765714,d4_semiprime
823553,823573,20,823558,4,0.25,1403.003667825324,d4_semiprime
823651,823663,12,823661,4,0.8333333333333334,885.3981428298524,d4_semiprime
823727,823729,2,823728,30,0.5,190.70233920234273,d8_plus
823799,823819,20,823801,4,0.1,1689.0898830929182,d4_semiprime
823903,823913,10,823907,4,0.4,640.2252408772746,d4_semiprime
824017,824029,12,824023,4,0.5,776.4513645307657,d4_semiprime
824123,824137,14,824127,4,0.2857142857142857,1103.3887698508206,d4_semiprime
824231,824233,2,824232,32,0.5,204.33310983991421,d8_plus
824401,824413,12,824402,4,0.08333333333333333,858.2125767027319,d4_semiprime
824497,824501,4,824498,4,0.25,531.2787437997192,d4_semiprime
824609,824641,32,824613,4,0.125,2424.837898024423,d4_semiprime
824701,824723,22,824707,4,0.2727272727272727,1811.8311216903612,d4_semiprime
824801,824821,20,824807,4,0.3,1375.9139928755317,d4_semiprime
824921,824933,12,824926,4,0.4166666666666667,899.1212571018166,d4_semiprime
825001,825007,6,825005,4,0.6666666666666666,354.2017556007871,d4_semiprime
825073,825101,28,825074,4,0.03571428571428571,2588.41636352865,d4_semiprime
825199,825203,4,825202,8,0.75,326.9611611980443,d8_plus
825281,825283,2,825282,64,0.5,422.32789317785546,d8_plus
825353,825361,8,825359,4,0.75,844.6615332155894,d4_semiprime
825443,825467,24,825445,4,0.08333333333333333,1893.6929284863702,d4_semiprime
825551,825553,2,825552,150,0.5,1008.1617574038444,d8_plus
825661,825679,18,825662,4,0.05555555555555555,1267.0273379920716,d4_semiprime
825749,825763,14,825751,4,0.14285714285714285,1267.03708351215,d4_semiprime
825857,825883,26,825859,4,0.07692307692307693,2166.2463560847623,d4_semiprime
825983,825991,8,825989,4,0.75,940.0790022810972,d4_semiprime
826069,826087,18,826071,4,0.1111111111111111,1416.9422911870806,d4_semiprime
826171,826193,22,826174,4,0.13636363636363635,1866.5660507367143,d4_semiprime
826313,826333,20,826318,4,0.25,1621.3441737866804,d4_semiprime
826391,826393,2,826392,32,0.5,204.37236774297898,d8_plus
826541,826549,8,826547,4,0.75,463.2503048141701,d4_semiprime
826607,826613,6,826609,8,0.3333333333333333,504.1282324398829,d8_plus
826697,826699,2,826698,16,0.5,95.37636312386387,d8_plus
826783,826799,16,826787,4,0.25,1076.3992208991554,d4_semiprime
826883,826907,24,826886,4,0.125,2030.1894639351344,d4_semiprime
826979,826997,18,826981,4,0.1111111111111111,1757.6949730207232,d4_semiprime
827129,827131,2,827130,32,0.5,204.38575734497405,d8_plus
827251,827269,18,827257,4,0.3333333333333333,1539.7238470361253,d4_semiprime
827369,827389,20,827371,4,0.1,1894.0164868615946,d4_semiprime
827473,827501,28,827474,4,0.03571428571428571,2193.8099477266487,d4_semiprime
827599,827633,34,827609,4,0.29411764705882354,2984.1605833258145,d4_semiprime
827737,827741,4,827738,4,0.25,204.39680232670648,d4_semiprime
827833,827837,4,827836,12,0.75,258.90481120884584,d8_plus
827903,827923,20,827907,4,0.2,2112.1323610933537,d4_semiprime
827989,828007,18,827993,4,0.2222222222222222,2003.1347882057396,d4_semiprime
828071,828101,30,828079,4,0.26666666666666666,3277.26275739455,d4_semiprime
828199,828209,10,828202,4,0.3,803.9938188827117,d4_semiprime
828379,828383,4,828381,8,0.5,422.44406091713006,d8_plus
828523,828547,24,828527,4,0.16666666666666666,1676.1719083396638,d4_semiprime
828649,828673,24,828658,4,0.375,2057.7628075839666,d4_semiprime
828731,828743,12,828734,4,0.25,913.0531215296933,d4_semiprime
828823,828829,6,828826,4,0.5,1240.126804749118,d4_semiprime
828901,828917,16,828902,4,0.0625,953.9506623613224,d4_semiprime
829013,829057,44,829019,4,0.13636363636363635,3706.8209848640377,d4_semiprime
829123,829151,28,829133,4,0.35714285714285715,2684.7434353094845,d4_semiprime
829229,829237,8,829231,8,0.25,654.1562990414548,d8_plus
829399,829453,54,829401,4,0.037037037037037035,5069.797983606453,d4_semiprime
829537,829547,10,829538,4,0.1,749.5745671815032,d4_semiprime
829639,829643,4,829641,8,0.5,340.7186992593631,d8_plus
829727,829729,2,829728,72,0.5,477.00986253271657,d8_plus
829831,829841,10,829837,4,0.6,1376.5274673750707,d4_semiprime
829967,829979,12,829973,4,0.5,804.119741629866,d4_semiprime
830099,830111,12,830101,4,0.16666666666666666,994.9394458783304,d4_semiprime
830191,830233,42,830194,4,0.07142857142857142,4034.3130157877113,d4_semiprime
830309,830311,2,830310,32,0.5,204.4433160602576,d8_plus
830363,830383,20,830371,4,0.4,1853.629694708286,d4_semiprime
830449,830477,28,830451,4,0.07142857142857142,2208.0174598983344,d4_semiprime
830561,830567,6,830563,4,0.3333333333333333,286.2270800566015,d4_semiprime
830657,830677,20,830659,4,0.1,2126.2779050977774,d4_semiprime
830789,830801,12,830791,4,0.16666666666666666,1281.2329955204534,d4_semiprime
830887,830891,4,830890,8,0.75,286.2352764949518,d8_plus
830981,830989,8,830987,4,0.75,872.3435087346139,d4_semiprime
831073,831091,18,831077,4,0.2222222222222222,1390.3093925514727,d4_semiprime
831217,831221,4,831218,4,0.25,340.7662408927278,d4_semiprime
831361,831367,6,831365,4,0.6666666666666666,286.2472758754356,d4_semiprime
831437,831443,6,831442,4,0.8333333333333334,558.8674573901908,d4_semiprime
831553,831559,6,831557,4,0.6666666666666666,531.6111102323354,d4_semiprime
831643,831647,4,831646,4,0.75,231.72972405858326,d4_semiprime
831697,831707,10,831701,4,0.4,654.2990223770523,d4_semiprime
831769,831781,12,831773,4,0.3333333333333333,981.4549478360478,d4_semiprime
831863,831881,18,831869,4,0.3333333333333333,2031.083485526943,d4_semiprime
831967,831983,16,831973,4,0.375,1553.9976250062905,d4_semiprime
832121,832123,2,832122,12,0.5,68.15867171834464,d8_plus
832211,832217,6,832213,4,0.3333333333333333,545.2738391887526,d4_semiprime
832331,832339,8,832334,4,0.375,545.2796149239413,d4_semiprime
832411,832421,10,832413,8,0.2,1349.5766334469592,d8_plus
832493,832499,6,832497,4,0.6666666666666666,340.8045659739188,d4_semiprime
832621,832627,6,832622,8,0.16666666666666666,504.39650925206104,d8_plus
832687,832693,6,832691,4,0.6666666666666666,640.7236066587557,d4_semiprime
832757,832763,6,832758,8,0.16666666666666666,531.6675490243784,d8_plus
832879,832883,4,832882,4,0.75,368.08142184088365,d4_semiprime
832943,832957,14,832946,4,0.21428571428571427,1458.7018021123731,d4_semiprime
833033,833047,14,833039,4,0.42857142857142855,1417.8149672504444,d4_semiprime
833179,833191,12,833183,4,0.3333333333333333,1022.4758202984567,d4_semiprime
833293,833299,6,833297,4,0.6666666666666666,354.46172280310714,d4_semiprime
833429,833449,20,833437,4,0.4,1881.3979058061711,d4_semiprime
833509,833537,28,833513,4,0.14285714285714285,2563.0824517116635,d4_semiprime
833659,833669,10,833666,4,0.7,913.4501906259243,d4_semiprime
833737,833747,10,833741,4,0.4,831.6544793173966,d4_semiprime
833857,833873,16,833863,4,0.375,1377.016684056421,d4_semiprime
833947,833977,30,833951,4,0.13333333333333333,3108.5392332500323,d4_semiprime
834131,834133,2,834132,24,0.5,149.97561636418095,d8_plus
834221,834257,36,834223,4,0.05555555555555555,3149.5176300720777,d4_semiprime
834311,834341,30,834313,4,0.06666666666666667,2399.651021953318,d4_semiprime
834497,834503,6,834502,4,0.8333333333333334,559.0180561791885,d4_semiprime
834599,834607,8,834601,8,0.25,1077.1420768849948,d8_plus
834671,834703,32,834674,4,0.09375,2645.1530852855585,d4_semiprime
834797,834809,12,834807,4,0.8333333333333334,913.5417345803393,d4_semiprime
834941,834947,6,834943,4,0.3333333333333333,449.9589602739457,d4_semiprime
835013,835019,6,835018,4,0.8333333333333334,613.5842678589992,d4_semiprime
835139,835141,2,835140,48,0.5,313.6131570523385,d8_plus
835271,835313,42,835273,4,0.047619047619047616,3817.9498566417665,d4_semiprime
835399,835421,22,835403,4,0.18181818181818182,1677.188379460797,d4_semiprime
835489,835511,22,835491,4,0.09090909090909091,1949.9172524996027,d4_semiprime
835609,835633,24,835619,4,0.4166666666666667,1881.7586316798588,d4_semiprime
835721,835733,12,835723,4,0.16666666666666666,859.0715993009345,d4_semiprime
835823,835831,8,835827,4,0.5,777.2620923508588,d4_semiprime
835931,835937,6,835933,4,0.3333333333333333,368.1802549554605,d4_semiprime
835993,835997,4,835994,4,0.25,204.5456806296011,d4_semiprime
836137,836149,12,836138,4,0.08333333333333333,845.466430779312,d4_semiprime
836203,836219,16,836207,4,0.25,913.6545619523606,d4_semiprime
836317,836327,10,836321,4,0.4,968.2106194838352,d4_semiprime
836449,836471,22,836453,4,0.18181818181818182,1690.9796616831527,d4_semiprime
836569,836573,4,836571,8,0.5,531.845569178361,d8_plus
836677,836683,6,836678,4,0.16666666666666666,531.8507076784966,d4_semiprime
836749,836753,4,836751,4,0.5,368.206623323835,d4_semiprime
836861,836863,2,836862,16,0.5,95.46190122928436,d8_plus
836951,836971,20,836953,4,0.1,1636.5040307682575,d4_semiprime
837077,837079,2,837078,24,0.5,150.0143978860324,d8_plus
837203,837257,54,837205,4,0.037037037037037035,4998.272939115197,d4_semiprime
837367,837373,6,837371,4,0.6666666666666666,559.1588520808871,d4_semiprime
837451,837461,10,837455,4,0.4,954.6687053546856,d4_semiprime
837583,837601,18,837586,4,0.16666666666666666,1841.1688270532716,d4_semiprime
837677,837679,2,837678,16,0.5,95.46872340188355,d8_plus
837817,837833,16,837818,4,0.0625,1418.4107191731619,d4_semiprime
837937,837943,6,837938,8,0.16666666666666666,395.52238019942394,d8_plus
838063,838069,6,838067,4,0.6666666666666666,490.99871982722425,d4_semiprime
838141,838153,12,838142,8,0.08333333333333333,1050.199130166103,d8_plus
838249,838349,100,838259,4,0.1,8156.200344490415,d4_semiprime
838399,838403,4,838402,4,0.75,409.17752374020296,d4_semiprime
838471,838483,12,838481,4,0.8333333333333334,941.1145978490648,d4_semiprime
838589,838597,8,838594,4,0.625,736.5319697348597,d4_semiprime
838667,838687,20,838669,4,0.1,1882.2621884971682,d4_semiprime
838777,838781,4,838779,4,0.5,259.1543530655152,d4_semiprime
838897,838909,12,838898,4,0.08333333333333333,872.9504817652264,d4_semiprime
838951,838963,12,838954,4,0.25,736.5554289372196,d4_semiprime
839071,839087,16,839074,4,0.1875,1364.0060796195885,d4_semiprime
839227,839261,34,839233,4,0.17647058823529413,3260.0213109520373,d4_semiprime
839369,839381,12,839371,4,0.16666666666666666,1323.1199912838601,d4_semiprime
839471,839473,2,839472,20,0.5,122.76475561581374,d8_plus
839563,839599,36,839567,4,0.1111111111111111,3000.944993132077,d4_semiprime
839633,839651,18,839639,4,0.3333333333333333,1432.2768529660366,d4_semiprime
839771,839791,20,839773,4,0.1,2073.416607503964,d4_semiprime
839887,839897,10,839893,4,0.6,709.3334831663177,d4_semiprime
839963,839981,18,839969,4,0.3333333333333333,1609.6525972794336,d4_semiprime
840109,840137,28,840111,4,0.07142857142857142,2182.6085967967633,d4_semiprime
840197,840223,26,840199,4,0.07692307692307693,2032.569735202182,d4_semiprime
840289,840299,10,840291,4,0.2,941.2639596196008,d4_semiprime
840451,840457,6,840452,6,0.16666666666666666,572.9513497744746,d6
840557,840571,14,840559,4,0.14285714285714285,1541.5264777853351,d4_semiprime
840703,840709,6,840706,4,0.5,641.1739061235911,d4_semiprime
840767,840817,50,840773,4,0.12,4392.755462917268,d4_semiprime
840907,840911,4,840909,4,0.5,286.48702519210366,d4_semiprime
840989,840991,2,840990,48,0.5,313.77370611039333,d8_plus
841069,841079,10,841073,4,0.4,736.6914455561331,d4_semiprime
841189,841193,4,841191,8,0.5,450.2049427837955,d8_plus
841241,841259,18,841249,4,0.4444444444444444,1514.3334732231704,d4_semiprime
841327,841333,6,841331,4,0.6666666666666666,477.49587500864186,d4_semiprime
841447,841457,10,841451,8,0.4,968.6448720687335,d8_plus
841601,841637,36,841606,4,0.1388888888888889,3001.4783465467117,d4_semiprime
841741,841751,10,841747,4,0.6,859.5238061434981,d4_semiprime
841879,841889,10,841881,4,0.2,532.092467509369,d4_semiprime
841987,842003,16,841993,4,0.375,1309.7788833964714,d4_semiprime
842081,842087,6,842083,8,0.3333333333333333,313.80359904131933,d8_plus
842161,842167,6,842162,4,0.16666666666666666,559.392972364921,d4_semiprime
842279,842291,12,842285,4,0.5,955.0710864935622,d4_semiprime
842351,842353,2,842352,80,0.5,532.1141770667384,d8_plus
842417,842419,2,842418,24,0.5,150.08434767804488,d8_plus
842489,842497,8,842495,4,0.75,1077.8854160249778,d4_semiprime
842587,842599,12,842591,4,0.3333333333333333,1023.3179229552121,d4_semiprime
842747,842759,12,842749,4,0.16666666666666666,1036.9766150974874,d4_semiprime
842857,842869,12,842861,4,0.3333333333333333,1173.4320709014798,d4_semiprime
842969,842977,8,842971,4,0.25,777.747370326555,d4_semiprime
843091,843103,12,843097,4,0.5,805.0454668621237,d4_semiprime
843179,843181,2,843180,96,0.5,641.3119796541737,d8_plus
843299,843301,2,843300,54,0.5,354.77202918463104,d8_plus
843379,843383,4,843382,4,0.75,231.96795482419716,d4_semiprime
843487,843497,10,843491,6,0.4,736.8464566392605,d6
843589,843607,18,843593,4,0.2222222222222222,1692.0335332857846,d4_semiprime
843701,843737,36,843707,4,0.16666666666666666,2579.0137933671126,d4_semiprime
843811,843823,12,843814,4,0.25,955.1984595862012,d4_semiprime
843901,843907,6,843905,4,0.6666666666666666,532.1859905976071,d4_semiprime
844087,844093,6,844089,4,0.3333333333333333,436.6724632642223,d4_semiprime
844153,844157,4,844154,4,0.25,354.7983777407633,d4_semiprime
844247,844253,6,844249,4,0.3333333333333333,491.2633133492723,d4_semiprime
844369,844421,52,844373,4,0.07692307692307693,3998.388362463608,d4_semiprime
844457,844463,6,844462,4,0.8333333333333334,368.45419783387433,d4_semiprime
844511,844513,2,844512,48,0.5,313.86982716857176,d8_plus
844609,844619,10,844617,4,0.8,600.4518759437282,d4_semiprime
844717,844733,16,844726,4,0.5625,1132.6816309355363,d4_semiprime
844847,844861,14,844849,4,0.14285714285714285,1159.988162254687,d4_semiprime
844957,844999,42,844958,4,0.023809523809523808,3712.0024232692444,d4_semiprime
845083,845099,16,845087,4,0.25,1009.8927071548933,d4_semiprime
845197,845203,6,845199,6,0.3333333333333333,368.4778747969831,d6
845279,845287,8,845281,4,0.25,750.6083796060724,d4_semiprime
845371,845381,10,845373,4,0.2,1241.9259035575017,d4_semiprime
845491,845531,40,845497,4,0.15,3452.8674792423985,d4_semiprime
845683,845717,34,845689,4,0.17647058823529413,2634.0486728089313,d4_semiprime
845809,845833,24,845813,4,0.16666666666666666,2197.338144644903,d4_semiprime
845921,845927,6,845923,4,0.3333333333333333,395.79733555825095,d4_semiprime
845989,846037,48,845993,4,0.08333333333333333,4108.135433272159,d4_semiprime
846149,846161,12,846151,4,0.16666666666666666,1132.8220193741124,d4_semiprime
846259,846271,12,846266,4,0.5833333333333334,996.3467980262327,d4_semiprime
846383,846389,6,846388,6,0.8333333333333334,709.7339164962561,d6
846437,846457,20,846439,4,0.1,1951.7791468005737,d4_semiprime
846589,846647,58,846593,4,0.06896551724137931,4695.256847840064,d4_semiprime
846739,846749,10,846743,4,0.4,723.405152376846,d4_semiprime
846851,846869,18,846854,4,0.16666666666666666,1651.5641369106331,d4_semiprime
846943,846949,6,846947,4,0.6666666666666666,832.6128709347372,d4_semiprime
847009,847031,22,847018,4,0.4090909090909091,1883.6281982272924,d4_semiprime
847097,847103,6,847099,8,0.3333333333333333,778.0256677919095,d8_plus
847169,847193,24,847171,4,0.08333333333333333,1829.0556499597371,d4_semiprime
847277,847279,2,847278,24,0.5,150.14762550722006,d8_plus
847373,847393,20,847379,4,0.3,2183.985602800335,d4_semiprime
847507,847519,12,847513,4,0.5,859.9538930513457,d4_semiprime
847601,847607,6,847606,4,0.8333333333333334,627.9077163788003,d4_semiprime
847697,847703,6,847699,4,0.3333333333333333,518.7107237052965,d4_semiprime
847817,847853,36,847823,4,0.16666666666666666,3139.6012701318973,d4_semiprime
847949,847967,18,847954,4,0.2777777777777778,1733.6244850756755,d4_semiprime
848087,848101,14,848091,4,0.2857142857142857,1419.6778396652426,d4_semiprime
848201,848203,2,848202,16,0.5,95.55611865768007,d8_plus
848297,848321,24,848301,4,0.16666666666666666,2334.3210402118248,d4_semiprime
848423,848429,6,848427,4,0.6666666666666666,709.8591353255919,d4_semiprime
848537,848557,20,848541,4,0.2,2102.296953272994,d4_semiprime
848629,848633,4,848630,16,0.25,450.4955409076415,d8_plus
848713,848737,24,848717,4,0.16666666666666666,2320.7534820064166,d4_semiprime
848803,848807,4,848805,16,0.5,341.2896142108234,d8_plus
848879,848893,14,848881,4,0.14285714285714285,1624.5497977785499,d4_semiprime
848959,848983,24,848962,4,0.125,1979.5079689847219,d4_semiprime
849097,849103,6,849098,4,0.16666666666666666,395.9060468527871,d4_semiprime
849197,849203,6,849199,4,0.3333333333333333,559.7340385854469,d4_semiprime
849301,849311,10,849307,4,0.6,805.4783028639863,d4_semiprime
849427,849461,34,849437,4,0.29411764705882354,2675.8580760178515,d4_semiprime
849581,849587,6,849583,4,0.3333333333333333,532.4475982577331,d4_semiprime
849701,849703,2,849702,16,0.5,95.56848685132547,d8_plus
849767,849773,6,849769,4,0.3333333333333333,614.3724945877493,d4_semiprime
849917,849923,6,849922,4,0.8333333333333334,450.5456130045327,d4_semiprime
850009,850021,12,850013,4,0.3333333333333333,1351.647951201444,d4_semiprime
850081,850093,12,850087,4,0.5,675.8281241758573,d4_semiprime
850189,850207,18,850191,4,0.1111111111111111,1774.9192222822173,d4_semiprime
850271,850273,2,850272,48,0.5,314.02616627738064,d8_plus
850351,850373,22,850357,4,0.2727272727272727,2007.052346648225,d4_semiprime
850433,850439,6,850435,8,0.3333333333333333,368.64462218129813,d8_plus
850571,850613,42,850579,4,0.19047619047619047,3850.339992001214,d4_semiprime
850727,850753,26,850729,4,0.07692307692307693,2580.5805691250252,d4_semiprime
850891,850897,6,850893,4,0.3333333333333333,532.5077271889222,d4_semiprime
851017,851033,16,851021,4,0.25,1215.2235995825376,d4_semiprime
851113,851117,4,851114,12,0.25,314.04896532146154,d8_plus
851203,851209,6,851206,4,0.5,382.32349974373057,d4_semiprime
851293,851297,4,851294,8,0.25,395.9809153534958,d8_plus
851381,851387,6,851383,8,0.3333333333333333,587.1485549196036,d8_plus
851471,851491,20,851479,4,0.4,1857.0435166212087,d4_semiprime
851597,851603,6,851602,4,0.8333333333333334,791.9825060977648,d4_semiprime
851677,851689,12,851678,4,0.08333333333333333,887.5730567843034,d4_semiprime
851801,851803,2,851802,32,0.5,204.8266407665625,d8_plus
851881,851891,10,851883,4,0.2,669.1052104897285,d4_semiprime
852031,852037,6,852034,8,0.5,628.1475986158729,d8_plus
852151,852167,16,852153,4,0.125,1201.6865597615197,d4_semiprime
852239,852253,14,852241,4,0.14285714285714285,1625.0199258286957,d4_semiprime
852347,852367,20,852349,4,0.1,1502.1335104157672,d4_semiprime
852463,852521,58,852466,4,0.05172413793103448,5039.034387411941,d4_semiprime
852589,852613,24,852599,4,0.4166666666666667,2417.1205047679855,d4_semiprime
852689,852749,60,852693,4,0.06666666666666667,5203.006432883625,d4_semiprime
852809,852827,18,852811,4,0.1111111111111111,1843.6005629480928,d4_semiprime
852881,852889,8,852883,4,0.25,532.5988269996056,d4_semiprime
852997,853007,10,853001,4,0.4,914.9867114269556,d4_semiprime
853103,853123,20,853106,4,0.15,1925.5874228006148,d4_semiprime
853217,853241,24,853219,4,0.08333333333333333,1911.9498009818715,d4_semiprime
853387,853403,16,853393,4,0.375,1311.0699370513887,d4_semiprime
853529,853543,14,853535,4,0.42857142857142855,1010.6285304186382,d4_semiprime
853667,853669,2,853668,36,0.5,232.17405985283773,d8_plus
853759,853763,4,853761,4,0.5,587.2684498909798,d4_semiprime
853837,853843,6,853838,4,0.16666666666666666,559.9574912733644,d4_semiprime
853949,853969,20,853951,4,0.1,1556.970722630253,d4_semiprime
854041,854047,6,854043,4,0.3333333333333333,341.4434592094413,d4_semiprime
854123,854129,6,854127,6,0.6666666666666666,710.2073857110291,d6
854263,854299,36,854269,4,0.16666666666666666,3155.001483098169,d4_semiprime
854363,854383,20,854365,4,0.1,1693.6071272525758,d4_semiprime
854443,854459,16,854449,4,0.375,1133.631791199878,d4_semiprime
854587,854593,6,854591,4,0.6666666666666666,587.310217672177,d4_semiprime
854683,854713,30,854687,4,0.13333333333333333,3127.7974008946453,d4_semiprime
854869,854881,12,854871,4,0.16666666666666666,1133.6732226757815,d4_semiprime
854951,854957,6,854953,4,0.3333333333333333,532.6932821163934,d4_semiprime
855067,855079,12,855069,4,0.16666666666666666,887.8312357460815,d4_semiprime
855199,855203,4,855201,8,0.5,314.1590952137822,d8_plus
855293,855307,14,855299,4,0.42857142857142855,1393.2391936973393,d4_semiprime
855391,855397,6,855395,4,0.6666666666666666,464.4167819660253,d4_semiprime
855467,855499,32,855469,4,0.0625,2567.9708014321855,d4_semiprime
855619,855641,22,855623,4,0.18181818181818182,1973.8109803481675,d4_semiprime
855719,855721,2,855720,48,0.5,314.17306547263803,d8_plus
855787,855821,34,855793,4,0.17647058823529413,3059.794316762898,d4_semiprime
855919,855923,4,855922,12,0.75,423.457917838838,d8_plus
856043,856057,14,856046,4,0.21428571428571427,1393.3284460939662,d4_semiprime
856133,856139,6,856137,8,0.6666666666666666,368.82497739504583,d8_plus
856213,856237,24,856223,4,0.4166666666666667,1844.1386983253863,d4_semiprime
856333,856343,10,856334,4,0.1,778.6439835930179,d4_semiprime
856417,856421,4,856419,4,0.5,122.94463752741407,d4_semiprime
856519,856529,10,856523,4,0.4,1256.7785312036517,d4_semiprime
856637,856649,12,856643,4,0.5,805.9858416215367,d4_semiprime
856721,856733,12,856723,4,0.16666666666666666,956.2612985987026,d4_semiprime
856813,856831,18,856819,4,0.3333333333333333,1448.064514005306,d4_semiprime
856909,856927,18,856913,4,0.2222222222222222,1571.0263105514503,d4_semiprime
857011,857027,16,857015,4,0.25,1161.2034509403954,d4_semiprime
857083,857099,16,857089,4,0.375,1461.758899089112,d4_semiprime
857221,857249,28,857231,4,0.35714285714285715,2008.2358647124279,d4_semiprime
857333,857341,8,857335,4,0.25,888.0032062237634,d4_semiprime
857431,857453,22,857441,4,0.45454545454545453,1584.758295106371,d4_semiprime
857567,857569,2,857568,24,0.5,150.28041330686642,d8_plus
857669,857671,2,857670,64,0.5,423.52121536216254,d8_plus
857741,857743,2,857742,16,0.5,95.63441043765211,d8_plus
857867,857873,6,857869,8,0.3333333333333333,765.0836140579847,d8_plus
857959,857963,4,857962,8,0.75,314.2332062398438,d8_plus
858083,858101,18,858085,4,0.1111111111111111,1543.8587245004726,d4_semiprime
858217,858223,6,858218,4,0.16666666666666666,587.4925124579635,d4_semiprime
858269,858281,12,858271,4,0.16666666666666666,1188.6530528634369,d4_semiprime
858397,858427,30,858401,4,0.13333333333333333,2582.276433478962,d4_semiprime
858503,858527,24,858509,4,0.25,1598.5663140524928,d4_semiprime
858691,858701,10,858694,4,0.3,683.1585887827372,d4_semiprime
858769,858787,18,858773,4,0.2222222222222222,1762.5612043232786,d4_semiprime
858883,858899,16,858887,4,0.25,1161.3886518414638,d4_semiprime
858961,858989,28,858965,4,0.14285714285714285,2049.524330893392,d4_semiprime
859057,859081,24,859058,4,0.041666666666666664,1940.2320530552136,d4_semiprime
859213,859223,10,859217,4,0.4,860.8179877136625,d4_semiprime
859297,859321,24,859303,4,0.25,2937.7358694292893,d4_semiprime
859433,859447,14,859438,4,0.35714285714285715,1243.427465589786,d4_semiprime
859561,859567,6,859563,6,0.3333333333333333,286.94778833134154,d6
859657,859667,10,859659,4,0.2,696.8790392390182,d4_semiprime
859751,859783,32,859753,4,0.0625,2486.9238070574124,d4_semiprime
859853,859861,8,859857,4,0.5,860.8649443364168,d4_semiprime
859973,859981,8,859979,4,0.75,806.2150642665932,d4_semiprime
860063,860071,8,860069,4,0.75,847.2153689702709,d4_semiprime
860143,860239,96,860147,4,0.041666666666666664,8362.923963310865,d4_semiprime
860317,860323,6,860318,8,0.16666666666666666,505.60720628087165,d8_plus
860383,860393,10,860386,4,0.3,901.8990922071954,d4_semiprime
860479,860501,22,860483,4,0.18181818181818182,1803.8141785672283,d4_semiprime
860581,860593,12,860589,6,0.6666666666666666,819.9222484154222,d6
860689,860701,12,860699,4,0.8333333333333334,1120.5707572773006,d4_semiprime
860809,860813,4,860812,12,0.75,259.64697237185146,d8_plus
860917,860921,4,860919,4,0.5,150.32331737181372,d4_semiprime
860971,861001,30,860974,4,0.1,3129.4765655244637,d4_semiprime
861053,861059,6,861054,8,0.16666666666666666,505.6388460892224,d8_plus
861139,861163,24,861141,4,0.08333333333333333,1680.921065023525,d4_semiprime
861299,861317,18,861307,4,0.4444444444444444,2172.926394796042,d4_semiprime
861439,861491,52,861446,4,0.1346153846153846,4482.575249345838,d4_semiprime
861563,861571,8,861565,4,0.25,833.6569826915602,d4_semiprime
861691,861701,10,861694,4,0.3,1516.9990318602127,d4_semiprime
861797,861799,2,861798,48,0.5,314.33585221905366,d8_plus
861871,861877,6,861873,4,0.3333333333333333,669.6763586370765,d4_semiprime
861941,861947,6,861943,4,0.3333333333333333,341.6736372380885,d4_semiprime
862033,862061,28,862034,4,0.03571428571428571,2460.0719496929146,d4_semiprime
862157,862159,2,862158,16,0.5,95.67035679259092,d8_plus
862229,862231,2,862230,32,0.5,205.0091600310158,d8_plus
862289,862297,8,862291,4,0.25,1257.3961938062955,d4_semiprime
862397,862399,2,862398,12,0.5,68.33736080012359,d8_plus
862471,862481,10,862473,4,0.2,628.7079132889219,d4_semiprime
862559,862567,8,862561,8,0.25,861.0627034622017,d8_plus
862649,862651,2,862650,72,0.5,478.37175140335034,d8_plus
862783,862789,6,862786,8,0.5,943.0865322809508,d8_plus
862913,862919,6,862915,4,0.3333333333333333,533.0547931861845,d4_semiprime
862997,863003,6,862998,8,0.16666666666666666,369.0405891917501,d8_plus
863123,863131,8,863129,4,0.75,519.3960343513489,d4_semiprime
863279,863287,8,863281,4,0.25,1216.4961133449913,d4_semiprime
863479,863491,12,863483,6,0.3333333333333333,833.7926968667667,d6
863593,863609,16,863594,4,0.0625,1366.8866795584224,d4_semiprime
863729,863743,14,863734,4,0.35714285714285715,1530.930427066862,d4_semiprime
863833,863843,10,863837,4,0.4,806.4792530802865,d4_semiprime
863899,863909,10,863903,4,0.4,765.4761029638755,d4_semiprime
864011,864013,2,864012,24,0.5,150.36276130236496,d8_plus
864079,864091,12,864083,4,0.3333333333333333,1025.20691456962,d4_semiprime
864151,864167,16,864159,4,0.5,1407.9597547673022,d4_semiprime
864251,864277,26,864259,4,0.3076923076923077,2173.4719021203555,d4_semiprime
864341,864359,18,864343,4,0.1111111111111111,1462.6613631977732,d4_semiprime
864449,864491,42,864451,4,0.047619047619047616,3827.563790131053,d4_semiprime
864581,864583,2,864582,16,0.5,95.6900100248622,d8_plus
864641,864673,32,864646,4,0.15625,2556.3063477091714,d4_semiprime
864781,864793,12,864782,4,0.08333333333333333,683.5119823018537,d4_semiprime
864911,864917,6,864914,4,0.5,533.1450058774745,d4_semiprime
865001,865003,2,865002,8,0.5,41.011461294150216,d8_plus
865091,865103,12,865093,4,0.16666666666666666,1134.6595719655957,d4_semiprime
865213,865217,4,865214,16,0.25,697.2074057417547,d8_plus
865301,865307,6,865303,8,0.3333333333333333,642.5293230683526,d8_plus
865357,865363,6,865361,8,0.6666666666666666,560.5069339452515,d8_plus
865493,865499,6,865495,4,0.3333333333333333,232.4079634355189,d4_semiprime
865619,865637,18,865627,4,0.4444444444444444,1927.6404600284848,d4_semiprime
865721,865729,8,865723,4,0.25,1080.0345512225142,d4_semiprime
865783,865801,18,865786,4,0.16666666666666666,2132.7389630411994,d4_semiprime
865867,865871,4,865869,8,0.5,150.38637565501296,d8_plus
865979,865993,14,865981,4,0.14285714285714285,1257.7891870755598,d4_semiprime
866057,866081,24,866066,4,0.375,1900.3689590716347,d4_semiprime
866161,866183,22,866167,4,0.2727272727272727,1818.354701180624,d4_semiprime
866309,866311,2,866310,32,0.5,205.07997136735304,d8_plus
866443,866461,18,866447,4,0.2222222222222222,1955.1191393673284,d4_semiprime
866623,866629,6,866627,4,0.6666666666666666,861.3588996272608,d4_semiprime
866693,866707,14,866699,4,0.42857142857142855,1421.9345086773928,d4_semiprime
866783,866819,36,866785,4,0.05555555555555555,2925.9288774315005,d4_semiprime
866917,866927,10,866919,4,0.2,478.54466040252936,d4_semiprime
867007,867011,4,867010,16,0.75,669.9674041124163,d8_plus
867121,867131,10,867127,4,0.6,683.6469648571003,d4_semiprime
867227,867233,6,867229,4,0.3333333333333333,505.90322006660836,d4_semiprime
867301,867319,18,867302,4,0.05555555555555555,1422.0078450639644,d4_semiprime
867401,867409,8,867403,4,0.25,656.3165861480893,d4_semiprime
867487,867509,22,867491,4,0.18181818181818182,1791.2113810850776,d4_semiprime
867577,867589,12,867579,4,0.16666666666666666,902.4487554669066,d4_semiprime
867677,867679,2,867678,32,0.5,205.10363935612494,d8_plus
867781,867793,12,867787,4,0.5,1230.633269374981,d4_semiprime
867887,867913,26,867891,4,0.15384615384615385,3062.937906136893,d4_semiprime
868039,868051,12,868047,4,0.6666666666666666,943.5060072099321,d4_semiprime
868121,868123,2,868122,24,0.5,150.41496290437357,d8_plus
868229,868249,20,868234,4,0.25,1681.9293545816079,d4_semiprime
868331,868337,6,868333,4,0.3333333333333333,464.92729664272144,d4_semiprime
868423,868451,28,868429,4,0.21428571428571427,2488.74960184629,d4_semiprime
868531,868537,6,868533,4,0.3333333333333333,314.5149492998792,d4_semiprime
868639,868663,24,868643,4,0.16666666666666666,1928.132000463673,d4_semiprime
868741,868771,30,868747,4,0.2,2666.5898705521563,d4_semiprime
868841,868849,8,868843,4,0.25,806.8202698118374,d4_semiprime
868937,868939,2,868938,32,0.5,205.12540582990667,d8_plus
869017,869021,4,869018,4,0.25,123.07608701686956,d4_semiprime
869131,869137,6,869135,4,0.6666666666666666,423.93286028506,d4_semiprime
869251,869257,6,869255,4,0.6666666666666666,437.6125054504859,d4_semiprime
869321,869339,18,869327,4,0.3333333333333333,1299.1703714909481,d4_semiprime
869419,869437,18,869429,4,0.5555555555555556,1476.9636825175266,d4_semiprime
869521,869543,22,869522,4,0.045454545454545456,1750.490954950432,d4_semiprime
869657,869663,6,869662,4,0.8333333333333334,533.3584352775397,d4_semiprime
869773,869777,4,869774,8,0.25,164.11187918763417,d8_plus
869879,869887,8,869881,4,0.25,861.5951290452384,d4_semiprime
869983,869989,6,869987,4,0.6666666666666666,423.96319975712805,d4_semiprime
870083,870097,14,870085,4,0.14285714285714285,1244.5480385952887,d4_semiprime
870161,870169,8,870163,4,0.25,752.2040993283733,d4_semiprime
870241,870253,12,870245,4,0.3333333333333333,820.5920138958,d4_semiprime
870367,870391,24,870373,4,0.25,1860.0292437944147,d4_semiprime
870461,870479,18,870463,4,0.1111111111111111,1627.5376852920947,d4_semiprime
870589,870593,4,870591,8,0.5,314.5693410098783,d8_plus
870691,870703,12,870697,4,0.5,930.039320405876,d4_semiprime
870809,870811,2,870810,16,0.5,95.74025364378824,d8_plus
870901,870907,6,870902,4,0.16666666666666666,396.64133310280755,d4_semiprime
870977,870983,6,870979,4,0.3333333333333333,478.7080910859636,d4_semiprime
871103,871147,44,871105,4,0.045454545454545456,3692.93568455749,d4_semiprime
871249,871259,10,871253,4,0.4,834.3389498946731,d4_semiprime
871439,871459,20,871441,4,0.1,1750.7728432091849,d4_semiprime
871571,871589,18,871579,4,0.4444444444444444,1627.6894526052236,d4_semiprime
871649,871657,8,871651,4,0.25,861.7231472641777,d4_semiprime
871789,871817,28,871791,4,0.07142857142857142,2954.516782167057,d4_semiprime
871931,871957,26,871939,4,0.3076923076923077,2270.6278262993405,d4_semiprime
872033,872041,8,872035,4,0.25,902.7868861051468,d4_semiprime
872129,872141,12,872133,4,0.3333333333333333,916.4728257187783,d4_semiprime
872189,872203,14,872191,4,0.14285714285714285,1490.9859076962475,d4_semiprime
872269,872281,12,872279,4,0.8333333333333334,1272.1340139727456,d4_semiprime
872381,872383,2,872382,16,0.5,95.75287876251633,d8_plus
872441,872453,12,872447,4,0.5,971.2130430287385,d4_semiprime
872563,872567,4,872566,4,0.75,205.18787497229548,d4_semiprime
872657,872659,2,872658,12,0.5,68.39649502744666,d8_plus
872761,872789,28,872769,4,0.2857142857142857,2790.6051127191713,d4_semiprime
872953,872959,6,872954,4,0.16666666666666666,396.70958400171224,d4_semiprime
873079,873083,4,873081,12,0.5,642.9498069516607,d8_plus
873157,873209,52,873161,4,0.07692307692307693,4924.764051134788,d4_semiprime
873331,873343,12,873339,4,0.6666666666666666,1053.3659353861556,d4_semiprime
873427,873437,10,873429,4,0.2,629.2885448173508,d4_semiprime
873539,873541,2,873540,72,0.5,478.8108220103399,d8_plus
873643,873659,16,873651,4,0.5,1149.1566722821237,d4_semiprime
873727,873739,12,873733,4,0.5,957.6370337243351,d4_semiprime
873877,873913,36,873879,4,0.05555555555555555,2982.3961379604093,d4_semiprime
874037,874063,26,874039,4,0.07692307692307693,2448.8799010963194,d4_semiprime
874121,874127,6,874123,4,0.3333333333333333,547.2391351602116,d4_semiprime
874267,874271,4,874270,8,0.75,177.85486175121343,d8_plus
874351,874373,22,874363,4,0.5454545454545454,2024.8252944894875,d4_semiprime
874459,874477,18,874463,4,0.2222222222222222,1395.4999223380316,d4_semiprime
874597,874619,22,874607,4,0.45454545454545453,1970.1404939316053,d4_semiprime
874681,874693,12,874689,4,0.6666666666666666,1395.5256078457207,d4_semiprime
874763,874771,8,874765,8,0.25,779.8575955359814,d8_plus
874847,874859,12,874849,4,0.16666666666666666,1053.4993557693883,d4_semiprime
874967,874987,20,874969,4,0.1,1573.4247365473573,d4_semiprime
875117,875129,12,875119,4,0.16666666666666666,1053.523237253216,d4_semiprime
875239,875243,4,875241,12,0.5,259.96283656375704,d8_plus
875299,875317,18,875302,4,0.16666666666666666,1559.7859948408536,d4_semiprime
875377,875389,12,875386,4,0.75,971.4515231119457,d4_semiprime
875477,875491,14,875479,4,0.14285714285714285,1409.3009490585464,d4_semiprime
875579,875591,12,875587,4,0.6666666666666666,738.8629463061474,d4_semiprime
875659,875663,4,875661,4,0.5,123.14460649447362,d4_semiprime
875731,875741,10,875734,4,0.3,670.4581572227223,d4_semiprime
875821,875837,16,875827,4,0.375,1245.1461148131436,d4_semiprime
875947,875969,22,875949,4,0.09090909090909091,1915.6300281422398,d4_semiprime
876023,876041,18,876034,4,0.6111111111111112,1847.2262752586905,d4_semiprime
876121,876131,10,876124,6,0.3,848.3624672121657,d6
876203,876229,26,876207,4,0.15384615384615385,2339.855399861946,d4_semiprime
876311,876329,18,876313,4,0.1111111111111111,1464.1329018766057,d4_semiprime
876433,876443,10,876437,4,0.4,834.7008434571884,d4_semiprime
876581,876593,12,876587,4,0.5,1122.0708141130517,d4_semiprime
876653,876661,8,876658,4,0.625,848.4000257570893,d4_semiprime
876761,876769,8,876763,4,0.25,588.411747045842,d4_semiprime
876851,876853,2,876852,48,0.5,314.7341504996933,d8_plus
877003,877027,24,877007,4,0.16666666666666666,1902.1147818068225,d4_semiprime
877117,877133,16,877121,4,0.25,1354.7561098046224,d4_semiprime
877237,877267,30,877246,4,0.3,2572.6950997642916,d4_semiprime
877333,877343,10,877334,4,0.1,780.0248950708626,d4_semiprime
877403,877411,8,877405,4,0.25,862.1376805428874,d4_semiprime
877573,877577,4,877575,12,0.5,260.013436314341,d8_plus
877699,877739,40,877706,4,0.175,3571.806495000739,d4_semiprime
877853,877867,14,877859,4,0.42857142857142855,1163.2456956908636,d4_semiprime
877937,877939,2,877938,8,0.5,41.05599376526918,d8_plus
878041,878077,36,878051,4,0.2777777777777778,2613.924569299646,d4_semiprime
878131,878147,16,878133,4,0.125,1012.7314802382945,d4_semiprime
878197,878201,4,878198,8,0.25,396.88323556361695,d8_plus
878309,878359,50,878314,4,0.1,4160.477746353526,d4_semiprime
878453,878467,14,878455,4,0.14285714285714285,1204.3614950655926,d4_semiprime
878593,878597,4,878596,6,0.75,109.48863341890217,d6
878663,878677,14,878665,8,0.14285714285714285,1245.4409676293612,d8_plus
878749,878777,28,878753,4,0.14285714285714285,2299.2931928712155,d4_semiprime
878837,878851,14,878842,4,0.35714285714285715,1669.7365822831796,d4_semiprime
878953,878957,4,878954,8,0.25,314.7892488342285,d8_plus
879061,879089,28,879063,4,0.07142857142857142,1861.3812814821872,d4_semiprime
879167,879169,2,879168,56,0.5,369.54174468649165,d8_plus
879269,879271,2,879270,64,0.5,424.29226619883497,d8_plus
879353,879371,18,879365,4,0.6666666666666666,1642.4341125523342,d4_semiprime
879493,879523,30,879497,4,0.13333333333333333,2833.233556665436,d4_semiprime
879617,879623,6,879621,4,0.6666666666666666,424.3045967042396,d4_semiprime
879679,879689,10,879683,4,0.4,807.5516956257206,d4_semiprime
879743,879797,54,879745,4,0.037037037037037035,5351.779024280911,d4_semiprime
879881,879917,36,879883,4,0.05555555555555555,2970.201311685956,d4_semiprime
880001,880007,6,880003,4,0.3333333333333333,506.4442445346647,d4_semiprime
880069,880091,22,880071,4,0.09090909090909091,1834.1610753689492,d4_semiprime
880153,880199,46,880157,4,0.08695652173913043,3517.784377218724,d4_semiprime
880283,880301,18,880291,4,0.4444444444444444,1450.929014542648,d4_semiprime
880367,880409,42,880377,4,0.23809523809523808,3736.8562362509906,d4_semiprime
880519,880531,12,880521,4,0.16666666666666666,1095.0619969831778,d4_semiprime
880589,880603,14,880591,4,0.14285714285714285,1601.5375107658792,d4_semiprime
880703,880709,6,880708,6,0.8333333333333334,711.8008265862869,d6
880799,880801,2,880800,72,0.5,479.10050525367126,d8_plus
880883,880903,20,880886,4,0.15,1697.3979990972355,d4_semiprime
880981,880993,12,880987,4,0.5,1711.1001068618207,d4_semiprime
881077,881099,22,881081,4,0.18181818181818182,1711.1139711850722,d4_semiprime
881173,881191,18,881177,4,0.2222222222222222,1546.85915891616,d4_semiprime
881273,881311,38,881279,4,0.15789473684210525,3394.907106869856,d4_semiprime
881393,881407,14,881401,4,0.5714285714285714,1451.062259166357,d4_semiprime
881473,881477,4,881476,6,0.75,438.0592557570969,d6
881591,881597,6,881593,4,0.3333333333333333,602.337419570905,d4_semiprime
881711,881729,18,881713,4,0.1111111111111111,1909.7031546350431,d4_semiprime
881899,881911,12,881903,4,0.3333333333333333,1067.8075413413276,d4_semiprime
882017,882019,2,882018,24,0.5,150.58964517238343,d8_plus
882083,882103,20,882085,4,0.1,2012.4378673895694,d4_semiprime
882199,882239,40,882201,4,0.05,3011.843134761545,d4_semiprime
882289,882313,24,882293,4,0.16666666666666666,2108.3045529141073,d4_semiprime
882439,882449,10,882443,4,0.4,972.0219003635157,d4_semiprime
882551,882571,20,882553,4,0.1,1875.609989556344,d4_semiprime
882653,882659,6,882655,4,0.3333333333333333,397.0300429219784,d4_semiprime
882751,882773,22,882753,4,0.09090909090909091,2039.9306892892296,d4_semiprime
882883,882907,24,882886,4,0.125,1998.8806889971418,d4_semiprime
882967,882979,12,882971,4,0.3333333333333333,1067.901818704835,d4_semiprime
883109,883111,2,883110,16,0.5,95.83843532997072,d8_plus
883217,883229,12,883219,4,0.16666666666666666,1478.6639012774313,d4_semiprime
883279,883307,28,883283,4,0.14285714285714285,2259.0830650447097,d4_semiprime
883397,883409,12,883399,4,0.16666666666666666,1150.0890856286755,d4_semiprime
883483,883489,6,883487,4,0.6666666666666666,506.59032548947107,d4_semiprime
883621,883627,6,883622,4,0.16666666666666666,451.8289771420347,d4_semiprime
883699,883703,4,883702,8,0.75,383.3724677170843,d8_plus
883783,883807,24,883787,4,0.16666666666666666,2313.94471263636,d4_semiprime
883969,883973,4,883970,8,0.25,177.998336225986,d8_plus
884069,884077,8,884071,4,0.25,931.075909598179,d4_semiprime
884171,884183,12,884173,4,0.16666666666666666,725.697892178078,d4_semiprime
884269,884287,18,884271,4,0.1111111111111111,1150.1722544859485,d4_semiprime
884363,884369,6,884365,8,0.3333333333333333,479.2419176463595,d8_plus
884453,884483,30,884458,4,0.16666666666666666,2382.537055404738,d4_semiprime
884579,884591,12,884581,4,0.16666666666666666,1026.9654692082784,d4_semiprime
884717,884743,26,884719,4,0.07692307692307693,2382.5887251221857,d4_semiprime
884857,884881,24,884859,4,0.08333333333333333,2081.365728441293,d4_semiprime
884987,884999,12,884991,4,0.3333333333333333,1191.3199959644246,d4_semiprime
885103,885107,4,885106,8,0.75,616.2057521689442,d8_plus
885187,885217,30,885191,4,0.13333333333333333,2697.6330978744845,d4_semiprime
885289,885301,12,885293,8,0.3333333333333333,1287.2056815709705,d8_plus
885397,885403,6,885398,4,0.16666666666666666,534.0580175016883,d4_semiprime
885503,885509,6,885505,4,0.3333333333333333,424.51132954504084,d4_semiprime
885611,885623,12,885613,4,0.16666666666666666,903.8065277565639,d4_semiprime
885769,885791,22,885777,4,0.36363636363636365,2245.8527159876876,d4_semiprime
885869,885881,12,885873,4,0.3333333333333333,1109.240663988488,d4_semiprime
885931,885943,12,885939,4,0.6666666666666666,835.3585135283196,d4_semiprime
885991,886007,16,885994,4,0.1875,1287.280442627593,d4_semiprime
886097,886117,20,886099,4,0.1,1862.4648328159806,d4_semiprime
886199,886241,42,886201,4,0.047619047619047616,4396.005148034752,d4_semiprime
886337,886339,2,886338,24,0.5,150.64339011348503,d8_plus
886429,886433,4,886430,8,0.25,314.9840493038532,d8_plus
886517,886519,2,886518,16,0.5,95.86539696201154,d8_plus
886591,886607,16,886595,4,0.25,1561.2469491673003,d4_semiprime
886741,886747,6,886745,8,0.6666666666666666,671.0702709656227,d8_plus
886819,886859,40,886826,4,0.175,3423.8540881321187,d4_semiprime
886973,886979,6,886978,4,0.8333333333333334,684.778648897103,d4_semiprime
887059,887069,10,887063,4,0.4,849.1316658710032,d4_semiprime
887171,887177,6,887173,4,0.3333333333333333,712.1813580315523,d4_semiprime
887269,887291,22,887273,4,0.18181818181818182,1643.5097649907675,d4_semiprime
887401,887423,22,887402,4,0.045454545454545456,1492.8709736909718,d4_semiprime
887533,887543,10,887539,4,0.6,890.2533444302126,d4_semiprime
887629,887633,4,887631,4,0.5,232.8372959694172,d4_semiprime
887681,887693,12,887683,4,0.16666666666666666,1109.4063601073478,d4_semiprime
887819,887827,8,887821,8,0.25,588.9506878918048,d8_plus
887921,887923,2,887922,64,0.5,424.5958145886335,d8_plus
888011,888047,36,888013,4,0.05555555555555555,3259.8287033906845,d4_semiprime
888133,888143,10,888137,4,0.4,616.3597267038207,d4_semiprime
888247,888257,10,888249,4,0.2,821.8205986458548,d4_semiprime
888359,888361,2,888360,64,0.5,424.61110270197946,d8_plus
888431,888443,12,888439,4,0.6666666666666666,1095.7775045590906,d4_semiprime
888533,888541,8,888539,4,0.75,780.7479331921105,d4_semiprime
888661,888683,22,888663,4,0.09090909090909091,1821.7654350363102,d4_semiprime
888761,888773,12,888769,4,0.6666666666666666,1054.7144553676617,d4_semiprime
888857,888869,12,888859,4,0.16666666666666666,1301.281255450591,d4_semiprime
888961,888967,6,888963,8,0.3333333333333333,657.4950173959182,d8_plus
889039,889043,4,889041,4,0.5,342.4474725655219,d4_semiprime
889171,889177,6,889172,6,0.16666666666666666,356.1492649892074,d6
889289,889309,20,889297,4,0.4,1849.2554170514338,d4_semiprime
889363,889367,4,889366,8,0.75,287.66351408696164,d8_plus
889481,889489,8,889487,4,0.75,890.3959661469308,d4_semiprime
889639,889657,18,889643,4,0.2222222222222222,1657.528242539946,d4_semiprime
889747,889769,22,889751,4,0.18181818181818182,1726.0367614114516,d4_semiprime
889891,889901,10,889895,4,0.4,808.2327644399646,d4_semiprime
889963,889997,34,889969,4,0.17647058823529413,2904.1785444649563,d4_semiprime
890107,890111,4,890108,6,0.25,438.37118920076176,d6
890161,890177,16,890167,4,0.375,1465.8109622156453,d4_semiprime
890317,890333,16,890319,4,0.125,1411.0322368447364,d4_semiprime
890459,890467,8,890465,4,0.75,917.866132711688,d4_semiprime
890609,890653,44,890611,4,0.045454545454545456,3904.410711872395,d4_semiprime
890737,890761,24,890741,4,0.16666666666666666,2096.072496022077,d4_semiprime
890843,890861,18,890845,4,0.1111111111111111,1356.2932848118958,d4_semiprime
890933,890941,8,890935,4,0.25,602.8013252488511,d4_semiprime
891001,891017,16,891007,4,0.375,1000.1080473650777,d4_semiprime
891103,891133,30,891107,4,0.13333333333333333,2781.1472408502796,d4_semiprime
891251,891277,26,891253,4,0.07692307692307693,2534.573229942594,d4_semiprime
891379,891389,10,891382,4,0.3,698.7270511170238,d4_semiprime
891487,891491,4,891489,8,0.5,287.7136114396537,d8_plus
891559,891563,4,891561,8,0.5,342.51821947568527,d8_plus
891617,891629,12,891619,4,0.16666666666666666,1246.7725517024005,d4_semiprime
891707,891743,36,891713,4,0.16666666666666666,2616.874188525557,d4_semiprime
891817,891823,6,891821,4,0.6666666666666666,534.3397687867872,d4_semiprime
891893,891899,6,891895,8,0.3333333333333333,424.7342491978733,d8_plus
891997,892019,22,892006,4,0.4090909090909091,1657.8487863081077,d4_semiprime
892097,892103,6,892099,8,0.3333333333333333,561.7546605775286,d8_plus
892219,892237,18,892222,4,0.16666666666666666,1192.0283777065647,d4_semiprime
892291,892321,30,892303,4,0.4,3356.883999094834,d4_semiprime
892439,892457,18,892441,4,0.1111111111111111,1726.4168507354038,d4_semiprime
892553,892559,6,892558,4,0.8333333333333334,328.8442542934382,d4_semiprime
892657,892663,6,892659,8,0.3333333333333333,397.35686143801576,d8_plus
892777,892781,4,892778,4,0.25,287.7439992469278,d4_semiprime
892901,892919,18,892903,4,0.1111111111111111,1466.1397251495594,d4_semiprime
893003,893023,20,893005,4,0.1,1507.2592663839634,d4_semiprime
893099,893107,8,893105,4,0.75,1000.2793158729638,d4_semiprime
893161,893183,22,893167,4,0.2727272727272727,1863.5448901520479,d4_semiprime
893281,893317,36,893287,4,0.16666666666666666,2987.1838333746255,d4_semiprime
893383,893407,24,893391,4,0.3333333333333333,1644.334217434717,d4_semiprime
893489,893509,20,893491,4,0.1,1836.1885744701663,d4_semiprime
893653,893657,4,893654,4,0.25,260.3584331130506,d4_semiprime
893743,893777,34,893747,4,0.11764705882352941,3631.346154160547,d4_semiprime
893881,893897,16,893887,4,0.375,1288.1137556017673,d4_semiprime
893999,894011,12,894001,4,0.16666666666666666,1247.0153574923775,d4_semiprime
894119,894137,18,894121,4,0.1111111111111111,1425.1747908535708,d4_semiprime
894193,894203,10,894202,4,0.9,918.146762579254,d4_semiprime
894247,894259,12,894253,4,0.5,972.9658002416496,d4_semiprime
894371,894391,20,894373,4,0.1,1699.282048698422,d4_semiprime
894431,894449,18,894433,4,0.1111111111111111,1945.961047716912,d4_semiprime
894547,894559,12,894548,6,0.08333333333333333,918.1734526783391,d6
894667,894689,22,894669,4,0.09090909090909091,1795.252589835037,d4_semiprime
894779,894791,12,894781,4,0.16666666666666666,1247.0947509101472,d4_semiprime
894923,894947,24,894926,4,0.125,1644.5407106326195,d4_semiprime
895049,895051,2,895050,120,0.5,808.5734568354819,d8_plus
895157,895159,2,895158,48,0.5,315.20937691375025,d8_plus
895247,895253,6,895249,4,0.3333333333333333,548.1943315143599,d4_semiprime
895333,895343,10,895337,4,0.4,616.7230594843368,d4_semiprime
895423,895457,34,895427,4,0.11764705882352941,3494.7930257483545,d4_semiprime
895571,895579,8,895574,8,0.375,507.0931850988698,d8_plus
895667,895669,2,895668,24,0.5,150.7585759633521,d8_plus
895729,895757,28,895737,4,0.2857142857142857,2658.849657240932,d4_semiprime
895801,895813,12,895802,4,0.08333333333333333,1041.6164969403146,d4_semiprime
895903,895913,10,895907,8,0.4,726.3964026413415,d8_plus
896047,896069,22,896051,4,0.18181818181818182,1726.9257506738095,d4_semiprime
896167,896191,24,896169,4,0.08333333333333333,2055.884086333673,d4_semiprime
896323,896327,4,896326,8,0.75,507.1241500025754,d8_plus
896443,896447,4,896444,12,0.25,315.24242330142573,d8_plus
896531,896537,6,896533,8,0.3333333333333333,644.1956691074731,d8_plus
896587,896617,30,896591,4,0.13333333333333333,2672.742035298025,d4_semiprime
896719,896723,4,896721,8,0.5,342.6624835539429,d8_plus
896897,896921,24,896899,4,0.08333333333333333,1644.8053374362196,d4_semiprime
897011,897019,8,897013,4,0.25,411.2048236363074,d4_semiprime
897103,897119,16,897113,4,0.625,1069.140760061453,d4_semiprime
897229,897241,12,897236,6,0.5833333333333334,1110.2729259528694,d6
897307,897317,10,897311,4,0.4,849.843892331927,d4_semiprime
897433,897443,10,897437,4,0.4,1096.5838962654548,d4_semiprime
897517,897527,10,897521,4,0.4,767.6139774221037,d4_semiprime
897593,897601,8,897595,4,0.25,1562.6525829027667,d4_semiprime
897703,897707,4,897706,4,0.75,123.3683688417627,d4_semiprime
897829,897847,18,897833,4,0.2222222222222222,1836.8378874616158,d4_semiprime
897947,897971,24,897949,4,0.08333333333333333,1727.1928553168614,d4_semiprime
898067,898069,2,898068,24,0.5,150.78801175072985,d8_plus
898153,898171,18,898154,4,0.05555555555555555,1850.5946300875773,d4_semiprime
898231,898241,10,898234,4,0.3,781.3668296583951,d4_semiprime
898307,898319,12,898316,6,0.75,945.8708726191608,d6
898427,898439,12,898429,4,0.16666666666666666,863.6296870976971,d4_semiprime
898523,898543,20,898526,4,0.15,1521.6454201530619,d4_semiprime
898661,898663,2,898662,16,0.5,95.96063588618082,d8_plus
898753,898763,10,898757,4,0.4,726.564717223131,d4_semiprime
898867,898873,6,898869,4,0.3333333333333333,575.7735998363634,d4_semiprime
898987,899009,22,898991,4,0.18181818181818182,2207.1547947136246,d4_semiprime
899159,899161,2,899160,64,0.5,424.98570446753706,d8_plus
899233,899237,4,899234,8,0.25,205.63949743688192,d8_plus
899401,899413,12,899407,4,0.5,945.954865706376,d4_semiprime
899491,899519,28,899495,4,0.14285714285714285,2783.0486111071746,d4_semiprime
899681,899687,6,899683,4,0.3333333333333333,356.4547483780008,d4_semiprime
899779,899791,12,899785,4,0.5,850.0144864078651,d4_semiprime
899891,899893,2,899892,36,0.5,233.0705105967998,d8_plus
900007,900019,12,900017,4,0.8333333333333334,973.4217429949708,d4_semiprime
900139,900143,4,900142,4,0.75,123.39275582656761,d4_semiprime
900233,900241,8,900239,4,0.75,1357.3310673840308,d4_semiprime
900307,900329,22,900311,4,0.18181818181818182,2029.1545070161324,d4_semiprime
900481,900491,10,900485,4,0.4,630.6917307994621,d4_semiprime
900577,900583,6,900579,4,0.3333333333333333,342.76986364199695,d4_semiprime
900659,900671,12,900661,4,0.16666666666666666,904.9185948257981,d4_semiprime
900751,900761,10,900754,4,0.3,836.3703888344887,d4_semiprime
900863,900869,6,900868,6,0.8333333333333334,959.7777106876605,d6
900973,900997,24,900974,4,0.041666666666666664,1960.70789266982,d4_semiprime
901079,901093,14,901081,4,0.14285714285714285,1192.8879104649363,d4_semiprime
901177,901183,6,901181,4,0.6666666666666666,452.47818750451364,d4_semiprime
901253,901273,20,901259,4,0.3,1768.790393916704,d4_semiprime
901403,901423,20,901405,4,0.1,1919.640459385893,d4_semiprime
901471,901489,18,901473,4,0.1111111111111111,1864.8038066098868,d4_semiprime
901567,901591,24,901574,4,0.2916666666666667,1864.8189109371,d4_semiprime
901709,901717,8,901711,4,0.25,918.7074061657045,d4_semiprime
901819,901841,22,901823,4,0.18181818181818182,2399.6316352057092,d4_semiprime
901937,901963,26,901939,4,0.07692307692307693,1974.5733007285135,d4_semiprime
902039,902047,8,902042,8,0.375,809.0326218462681,d8_plus
902179,902191,12,902183,4,0.3333333333333333,1069.580974585904,d4_semiprime
902303,902311,8,902309,4,0.75,946.1769234712739,d4_semiprime
902413,902437,24,902414,4,0.041666666666666664,1906.0850761255106,d4_semiprime
902507,902521,14,902509,4,0.14285714285714285,1275.303634381132,d4_semiprime
902611,902639,28,902617,4,0.21428571428571427,2221.515914163843,d4_semiprime
902723,902753,30,902729,4,0.2,2386.0948155071055,d4_semiprime
902821,902827,6,902822,4,0.16666666666666666,562.2446280073467,d4_semiprime
902971,902977,6,902974,8,0.5,617.1051956836469,d8_plus
903079,903103,24,903081,4,0.08333333333333333,2015.8960955359642,d4_semiprime
903211,903223,12,903218,4,0.5833333333333334,836.5368580729378,d4_semiprime
903337,903347,10,903338,4,0.1,781.6898425393761,d4_semiprime
903421,903443,22,903423,4,0.09090909090909091,1673.102851816671,d4_semiprime
903541,903547,6,903542,4,0.16666666666666666,479.9928539671452,d4_semiprime
903673,903677,4,903674,4,0.25,109.71380159826738,d4_semiprime
903781,903803,22,903787,4,0.2727272727272727,1481.1503196140486,d4_semiprime
903919,903949,30,903922,4,0.1,2688.044060009594,d4_semiprime
904067,904069,2,904068,48,0.5,315.43717672903836,d8_plus
904121,904147,26,904123,4,0.07692307692307693,2290.3602800762665,d4_semiprime
904219,904261,42,904223,4,0.09523809523809523,3799.0136487708155,d4_semiprime
904369,904399,30,904373,4,0.13333333333333333,2441.271890357183,d4_semiprime
904513,904517,4,904516,6,0.75,219.44246115101666,d6
904619,904627,8,904621,8,0.25,726.9095164359488,d8_plus
904679,904681,2,904680,96,0.5,644.6208187427061,d8_plus
904759,904769,10,904762,8,0.3,946.3645898586535,d8_plus
904823,904847,24,904831,4,0.3333333333333333,1865.3087320454995,d4_semiprime
904907,904919,12,904909,6,0.16666666666666666,891.5135879277781,d6
905053,905059,6,905054,8,0.16666666666666666,507.48287186725935,d8_plus
905143,905147,4,905144,8,0.25,123.44265387757906,d8_plus
905209,905213,4,905211,12,0.5,315.46624134644895,d8_plus
905299,905329,30,905305,4,0.2,2976.380010572823,d4_semiprime
905461,905477,16,905462,4,0.0625,1755.6746329935975,d4_semiprime
905599,905617,18,905601,4,0.1111111111111111,1769.4107079449059,d4_semiprime
905683,905687,4,905686,8,0.75,260.61248779828077,d8_plus
905767,905783,16,905771,4,0.25,1207.0558953382383,d4_semiprime
905917,905923,6,905921,4,0.6666666666666666,589.818367871219,d4_semiprime
906013,906023,10,906021,6,0.8,1015.0441999406345,d6
906121,906133,12,906127,4,0.5,864.1669180566936,d4_semiprime
906233,906259,26,906238,4,0.19230769230769232,2523.9402089850287,d4_semiprime
906331,906343,12,906333,4,0.16666666666666666,919.050127715941,d4_semiprime
906421,906427,6,906422,8,0.16666666666666666,452.6696768470746,d8_plus
906517,906523,6,906519,4,0.3333333333333333,452.6731717134701,d4_semiprime
906617,906641,24,906619,4,0.08333333333333333,2112.4931734134143,d4_semiprime
906713,906727,14,906721,4,0.5714285714285714,1330.6060839044453,d4_semiprime
906793,906809,16,906799,4,0.375,1220.8732364005753,d4_semiprime
906901,906911,10,906902,4,0.1,809.3498819102031,d4_semiprime
907019,907021,2,907020,36,0.5,233.20463625270375,d8_plus
907139,907141,2,907140,48,0.5,315.5151976606529,d8_plus
907217,907223,6,907219,4,0.3333333333333333,315.51721049226893,d4_semiprime
907301,907321,20,907303,4,0.1,1742.2164870612564,d4_semiprime
907393,907397,4,907394,8,0.25,233.21167212755043,d8_plus
907471,907481,10,907474,4,0.3,1015.1633423386045,d4_semiprime
907583,907589,6,907585,8,0.3333333333333333,589.8973288015799,d8_plus
907693,907703,10,907694,4,0.1,768.245352175764,d4_semiprime
907793,907807,14,907799,4,0.42857142857142855,1385.5967096594457,d4_semiprime
907891,907909,18,907897,4,0.3333333333333333,1879.487870759451,d4_semiprime
907999,908003,4,908002,8,0.75,425.28900149961345,d8_plus
908101,908113,12,908107,4,0.5,1015.2146778934116,d4_semiprime
908213,908221,8,908218,4,0.625,576.2080108534992,d4_semiprime
908359,908363,4,908360,16,0.25,507.61771237365934,d8_plus
908459,908471,12,908462,4,0.25,1385.6704269722625,d4_semiprime
908533,908539,6,908536,8,0.5,315.5505520030781,d8_plus
908603,908617,14,908605,4,0.14285714285714285,1234.770403731859,d4_semiprime
908723,908731,8,908727,4,0.5,699.7098263093106,d4_semiprime
908807,908813,6,908809,4,0.3333333333333333,452.75639629802504,d4_semiprime
908863,908879,16,908867,4,0.25,1289.6759236540308,d4_semiprime
908959,908993,34,908963,4,0.11764705882352941,3320.2574310054856,d4_semiprime
909061,909071,10,909065,4,0.4,658.5682545321041,d4_semiprime
909151,909173,22,909154,4,0.13636363636363635,2016.8811111245657,d4_semiprime
909281,909287,6,909283,4,0.3333333333333333,480.21443544849706,d4_semiprime
909329,909331,2,909330,32,0.5,205.80695015372268,d8_plus
909409,909437,28,909413,4,0.14285714285714285,2373.6578694684245,d4_semiprime
909539,909541,2,909540,72,0.5,480.2242989663742,d8_plus
909637,909679,42,909641,4,0.09523809523809523,3498.8106456845644,d4_semiprime
909761,909767,6,909763,8,0.3333333333333333,507.6748118455555,d8_plus
909833,909859,26,909835,4,0.07692307692307693,2222.8067208075067,d4_semiprime
909911,909917,6,909913,4,0.3333333333333333,370.4698251682402,d4_semiprime
910051,910069,18,910055,4,0.2222222222222222,1605.3880580575808,d4_semiprime
910127,910139,12,910131,4,0.3333333333333333,905.6087550234469,d4_semiprime
910213,910219,6,910216,8,0.5,370.47878717175945,d8_plus
910421,910447,26,910423,4,0.07692307692307693,2277.7983752162495,d4_semiprime
910561,910577,16,910573,4,0.75,1440.7918127570158,d4_semiprime
910643,910661,18,910645,4,0.1111111111111111,2072.0093022727797,d4_semiprime
910781,910787,6,910786,4,0.8333333333333334,535.1603720120305,d4_semiprime
910883,910909,26,910885,4,0.07692307692307693,1879.9390599887922,d4_semiprime
911033,911039,6,911037,4,0.6666666666666666,315.61375155978914,d4_semiprime
911129,911147,18,911137,4,0.4444444444444444,1523.1918339499057,d4_semiprime
911201,911219,18,911203,4,0.1111111111111111,1276.195310760914,d4_semiprime
911293,911303,10,911294,4,0.1,974.3063719904893,d4_semiprime
911363,911371,8,911366,4,0.375,590.0761430067092,d4_semiprime
911503,911507,4,911505,16,0.5,370.5170158749933,d8_plus
911657,911663,6,911662,4,0.8333333333333334,507.75179342272753,d4_semiprime
911723,911737,14,911726,4,0.21428571428571427,1523.2642527462071,d4_semiprime
911837,911839,2,911838,16,0.5,96.06252335189414,d8_plus
911903,911917,14,911906,4,0.21428571428571427,1523.2857218912554,d4_semiprime
912031,912047,16,912039,4,0.5,1001.8109258475439,d4_semiprime
912167,912173,6,912169,4,0.3333333333333333,809.691267227174,d4_semiprime
912239,912251,12,912243,4,0.3333333333333333,1523.3265090658335,d4_semiprime
912391,912397,6,912393,6,0.3333333333333333,521.5054300575684,d6
912467,912469,2,912468,12,0.5,68.6195414766536,d8_plus
912523,912533,10,912529,4,0.6,645.0267627644079,d4_semiprime
912727,912763,36,912731,4,0.1111111111111111,2991.877827588359,d4_semiprime
912839,912851,12,912841,4,0.16666666666666666,850.9079307377913,d4_semiprime
912941,912953,12,912943,4,0.16666666666666666,1097.954719798111,d4_semiprime
913013,913027,14,913015,4,0.14285714285714285,1029.3385565536637,d4_semiprime
913151,913177,26,913153,4,0.07692307692307693,2456.7158807489595,d4_semiprime
913321,913327,6,913324,6,0.5,411.7454053975736,d6
913433,913441,8,913435,4,0.25,960.7480236869649,d4_semiprime
913573,913579,6,913574,8,0.16666666666666666,370.57828989155456,d8_plus
913739,913753,14,913741,4,0.14285714285714285,1921.5433299065812,d4_semiprime
913889,913907,18,913893,4,0.2222222222222222,1784.3116980435807,d4_semiprime
914027,914041,14,914029,4,0.14285714285714285,1290.2085753450606,d4_semiprime
914213,914219,6,914217,4,0.6666666666666666,233.33896554988556,d4_semiprime
914321,914327,6,914323,4,0.3333333333333333,329.4225687489258,d4_semiprime
914371,914429,58,914377,4,0.10344827586206896,5174.710023469298,d4_semiprime
914513,914519,6,914514,8,0.16666666666666666,425.510648771515,d8_plus
914591,914597,6,914593,8,0.3333333333333333,672.5855147258137,d8_plus
914701,914713,12,914703,4,0.16666666666666666,823.5815761676553,d4_semiprime
914791,914801,10,914794,4,0.3,658.8699111573219,d4_semiprime
914867,914873,6,914869,8,0.3333333333333333,809.8656982018916,d8_plus
914981,915007,26,914983,4,0.07692307692307693,2223.72118600379,d4_semiprime
915071,915113,42,915073,4,0.047619047619047616,3665.0495180421603,d4_semiprime
915199,915203,4,915202,8,0.75,919.7021778488751,d8_plus
915283,915301,18,915286,4,0.16666666666666666,1839.4180590989824,d4_semiprime
915437,915451,14,915441,4,0.2857142857142857,1139.3547517114216,d4_semiprime
915557,915587,30,915563,4,0.2,2306.1871199646116,d4_semiprime
915641,915659,18,915643,4,0.1111111111111111,1715.9234833688379,d4_semiprime
915757,915763,6,915758,8,0.16666666666666666,535.3728984468136,d8_plus
915911,915917,6,915913,4,0.3333333333333333,700.1115850445175,d4_semiprime
916031,916033,2,916032,56,0.5,370.650777593685,d8_plus
916103,916109,6,916106,4,0.5,741.3058168790207,d4_semiprime
916183,916187,4,916186,8,0.75,233.3755466356663,d8_plus
916273,916291,18,916277,4,0.2222222222222222,1249.2552741982313,d4_semiprime
916411,916417,6,916413,4,0.3333333333333333,755.0523583363649,d4_semiprime
916477,916501,24,916478,4,0.041666666666666664,2347.5405815266795,d4_semiprime
916613,916621,8,916618,4,0.625,453.03870237911184,d4_semiprime
916771,916781,10,916779,4,0.8,1125.7467202555788,d4_semiprime
916871,916879,8,916873,4,0.25,1015.9257011297556,d4_semiprime
916973,916999,26,916981,4,0.3076923076923077,2402.548078493297,d4_semiprime
917089,917093,4,917091,12,0.5,315.7661299695991,d8_plus
917159,917173,14,917161,4,0.14285714285714285,1317.988223849642,d4_semiprime
917243,917251,8,917247,4,0.5,933.5809230846394,d4_semiprime
917363,917381,18,917365,4,0.1111111111111111,1620.0537469209148,d4_semiprime
917513,917519,6,917515,4,0.3333333333333333,343.23560627864674,d4_semiprime
917611,917617,6,917614,4,0.5,343.238338509622,d4_semiprime
917689,917713,24,917698,4,0.375,2347.766149043377,d4_semiprime
917773,917783,10,917777,4,0.4,631.5666526001311,d4_semiprime
917843,917849,6,917845,4,0.3333333333333333,370.7042075406136,d4_semiprime
917971,917993,22,917974,4,0.13636363636363635,1757.4312652080032,d4_semiprime
918103,918109,6,918107,4,0.6666666666666666,398.1719779873915,d4_semiprime
918161,918173,12,918163,4,0.16666666666666666,1125.871019513625,d4_semiprime
918263,918283,20,918271,4,0.4,1798.662727482698,d4_semiprime
918361,918371,10,918362,4,0.1,521.7533835967266,d4_semiprime
918469,918481,12,918471,4,0.16666666666666666,1235.7425102442726,d4_semiprime
918587,918613,26,918601,4,0.5384615384615384,2512.7011500633994,d4_semiprime
918733,918737,4,918734,8,0.25,398.19185449775074,d8_plus
918823,918829,6,918826,8,0.5,411.92556576863126,d8_plus
918913,918943,30,918917,4,0.13333333333333333,2773.6539848136244,d4_semiprime
919019,919021,2,919020,72,0.5,480.5872107360329,d8_plus
919111,919129,18,919115,4,0.2222222222222222,1606.5473097443648,d4_semiprime
919229,919231,2,919230,32,0.5,205.96937463089733,d8_plus
919337,919349,12,919339,4,0.16666666666666666,1029.8559998029634,d4_semiprime
919423,919427,4,919426,8,0.75,562.9916408472374,d8_plus
919571,919591,20,919573,4,0.1,1963.6295293260205,d4_semiprime
919703,919729,26,919715,4,0.46153846153846156,2059.773034114022,d4_semiprime
919817,919823,6,919819,8,0.3333333333333333,590.4731135467395,d8_plus
919927,919937,10,919929,4,0.2,672.8706988031331,d4_semiprime
920021,920039,18,920026,4,0.2777777777777778,1373.2160231131095,d4_semiprime
920167,920197,30,920173,4,0.2,2719.0008432135005,d4_semiprime
920267,920273,6,920269,8,0.3333333333333333,508.0996282164484,d8_plus
920357,920371,14,920362,4,0.35714285714285715,1318.3223770191817,d4_semiprime
920441,920443,2,920442,8,0.5,41.19782780530797,d8_plus
920539,920561,22,920541,4,0.09090909090909091,2252.167350837558,d4_semiprime
920701,920707,6,920702,8,0.16666666666666666,370.7881389367204,d8_plus
920789,920791,2,920790,48,0.5,315.8587073528117,d8_plus
920891,920921,30,920893,4,0.06666666666666667,2856.4881471811364,d4_semiprime
921001,921007,6,921002,8,0.16666666666666666,508.12914473064257,d8_plus
921091,921121,30,921093,4,0.06666666666666667,3021.333278782628,d4_semiprime
921197,921199,2,921198,8,0.5,41.20029082753534,d8_plus
921287,921293,6,921289,8,0.3333333333333333,508.1405978429787,d8_plus
921457,921463,6,921461,4,0.6666666666666666,425.7451736116952,d4_semiprime
921563,921581,18,921567,4,0.2222222222222222,2375.9534790519892,d4_semiprime
921647,921667,20,921653,4,0.3,1661.804957493505,d4_semiprime
921749,921751,2,921750,32,0.5,206.01043974144588,d8_plus
921871,921887,16,921874,4,0.1875,1304.746130442745,d4_semiprime
921959,921989,30,921962,4,0.1,2980.3368879053446,d4_semiprime
922067,922069,2,922068,36,0.5,233.48436229302072,d8_plus
922169,922211,42,922171,4,0.047619047619047616,3928.0688595438014,d4_semiprime
922289,922291,2,922290,32,0.5,206.0192248005894,d8_plus
922357,922367,10,922363,4,0.6,563.1224259002252,d4_semiprime
922487,922489,2,922488,96,0.5,645.5369933940601,d8_plus
922561,922601,40,922567,4,0.15,3419.9978016515524,d4_semiprime
922643,922667,24,922646,4,0.125,1799.286391360079,d4_semiprime
922741,922781,40,922749,4,0.2,4120.5376895820555,d4_semiprime
922931,922973,42,922933,4,0.047619047619047616,3749.7453704716772,d4_semiprime
923053,923107,54,923057,4,0.07407407407407407,4834.886423163791,d4_semiprime
923177,923179,2,923178,16,0.5,96.14904141007236,d8_plus
923239,923249,10,923245,4,0.6,879.0815351183714,d4_semiprime
923371,923387,16,923374,4,0.1875,1249.9573059346496,d4_semiprime
923453,923467,14,923459,4,0.42857142857142855,1153.8139756820296,d4_semiprime
923551,923561,10,923555,4,0.4,1167.5588188572128,d4_semiprime
923617,923641,24,923619,4,0.08333333333333333,1895.57738056434,d4_semiprime
923743,923773,30,923749,4,0.2,2321.4188227995587,d4_semiprime
923861,923869,8,923863,4,0.25,590.6618434576184,d4_semiprime
923959,923963,4,923961,8,0.5,178.573522516038,d8_plus
924031,924037,6,924033,8,0.3333333333333333,343.41260366205705,d8_plus
924101,924109,8,924107,4,0.75,700.5656126928984,d4_semiprime
924269,924281,12,924271,4,0.16666666666666666,947.8367928347146,d4_semiprime
924383,924397,14,924387,4,0.2857142857142857,1250.0569839828481,d4_semiprime
924463,924493,30,924467,4,0.13333333333333333,2664.9751410736653,d4_semiprime
924551,924557,6,924553,8,0.3333333333333333,398.3749224243185,d8_plus
924683,924697,14,924689,4,0.42857142857142855,1291.298183919437,d4_semiprime
924751,924757,6,924754,4,0.5,590.7032051164017,d4_semiprime
924827,924829,2,924828,12,0.5,68.68681526629263,d8_plus
924961,924967,6,924962,4,0.16666666666666666,357.1752863019427,d4_semiprime
925063,925073,10,925069,4,0.6,1002.846507191042,d4_semiprime
925117,925121,4,925118,8,0.25,673.1462462623365,d8_plus
925189,925193,4,925191,12,0.5,261.01735415163915,d8_plus
925291,925307,16,925297,4,0.375,1030.340375575376,d4_semiprime
925399,925409,10,925401,4,0.2,1057.8249101652193,d4_semiprime
925513,925517,4,925516,6,0.75,274.7621069639928,d6
925619,925621,2,925620,24,0.5,151.12040968457444,d8_plus
925721,925733,12,925723,4,0.16666666666666666,906.7299531979288,d4_semiprime
925843,925849,6,925844,6,0.16666666666666666,851.7848151806196,d6
925949,925961,12,925951,6,0.16666666666666666,1126.563665378016,d6
926077,926087,10,926081,4,0.4,810.5843354596267,d4_semiprime
926153,926161,8,926155,8,0.25,1140.320396373395,d8_plus
926251,926273,22,926257,4,0.2727272727272727,1648.669526021008,d4_semiprime
926377,926389,12,926378,4,0.08333333333333333,879.2987585592844,d4_semiprime
926489,926503,14,926491,4,0.14285714285714285,1332.6989646998018,d4_semiprime
926567,926581,14,926569,4,0.14285714285714285,1085.4006419179707,d4_semiprime
926669,926671,2,926670,64,0.5,425.91993661755083,d8_plus
926777,926797,20,926781,4,0.2,1621.2585607191293,d4_semiprime
926899,926903,4,926902,4,0.75,563.3236470704709,d4_semiprime
927001,927007,6,927002,4,0.16666666666666666,233.57512155456396,d4_semiprime
927137,927149,12,927139,4,0.16666666666666666,975.530329267749,d4_semiprime
927259,927287,28,927266,4,0.25,2418.240368268405,d4_semiprime
927373,927397,24,927377,4,0.16666666666666666,2115.979286783343,d4_semiprime
927529,927533,4,927530,8,0.25,261.0653505818873,d8_plus
927643,927649,6,927646,4,0.5,398.4717846026475,d4_semiprime
927743,927763,20,927746,4,0.15,1566.419196934591,d4_semiprime
927841,927847,6,927842,4,0.16666666666666666,412.21857329223997,d4_semiprime
928001,928043,42,928003,4,0.047619047619047616,3421.4618063605176,d4_semiprime
928111,928139,28,928113,4,0.07142857142857142,2706.9612777105385,d4_semiprime
928223,928231,8,928229,4,0.75,865.6848891486807,d4_semiprime
928313,928331,18,928321,4,0.4444444444444444,1580.2304864703876,d4_semiprime
928429,928453,24,928437,4,0.3333333333333333,2061.189508876068,d4_semiprime
928559,928561,2,928560,80,0.5,535.9142208436576,d8_plus
928649,928651,2,928650,48,0.5,316.0542055451562,d8_plus
928787,928793,6,928789,4,0.3333333333333333,371.0242115335661,d4_semiprime
928859,928871,12,928861,4,0.16666666666666666,879.4698874048312,d4_semiprime
929003,929009,6,929006,8,0.5,508.44920547142755,d8_plus
929063,929069,6,929065,4,0.3333333333333333,261.0967639759831,d4_semiprime
929153,929161,8,929155,4,0.25,975.6844787797917,d4_semiprime
929261,929281,20,929263,4,0.1,2088.808105591831,d4_semiprime
929389,929393,4,929391,4,0.5,563.433653617251,d4_semiprime
929497,929501,4,929498,4,0.25,590.9232800215449,d4_semiprime
929573,929581,8,929578,8,0.625,714.6092052356299,d8_plus
929641,929647,6,929644,6,0.5,329.82136360474396,d6
929749,929777,28,929753,4,0.14285714285714285,2940.9346790411573,d4_semiprime
929869,929881,12,929878,4,0.75,1841.5363149608133,d4_semiprime
929983,930011,28,929986,4,0.10714285714285714,2872.2737651366588,d4_semiprime
930101,930113,12,930103,4,0.16666666666666666,824.5832915106961,d4_semiprime
930191,930197,6,930196,6,0.8333333333333334,384.80815002441517,d6
930287,930289,2,930288,20,0.5,123.68924545147775,d8_plus
930437,930467,30,930439,4,0.06666666666666667,2391.356262130113,d4_semiprime
930551,930569,18,930554,4,0.16666666666666666,1676.7119082191339,d4_semiprime
930653,930667,14,930659,4,0.42857142857142855,1140.7228653512575,d4_semiprime
930773,930779,6,930777,8,0.6666666666666666,508.5196331060499,d8_plus
930889,930911,22,930893,4,0.18181818181818182,1855.4275776452807,d4_semiprime
931003,931013,10,931009,4,0.6,865.8734347649483,d4_semiprime
931153,931163,10,931157,4,0.4,838.39524365832,d4_semiprime
931241,931267,26,931243,4,0.07692307692307693,2638.90336010225,d4_semiprime
931363,931387,24,931367,4,0.16666666666666666,2199.1067102416846,d4_semiprime
931537,931543,6,931538,8,0.16666666666666666,398.59324431914666,d8_plus
931657,931691,34,931659,4,0.058823529411764705,2955.1188282963362,d4_semiprime
931757,931781,24,931759,4,0.08333333333333333,2529.0507315084674,d4_semiprime
931859,931873,14,931862,4,0.21428571428571427,1415.7292056205836,d4_semiprime
931933,931943,10,931937,4,0.4,522.3108378197111,d4_semiprime
932039,932051,12,932041,4,0.16666666666666666,1099.6108113527032,d4_semiprime
932153,932177,24,932158,4,0.20833333333333334,1951.8279018756398,d4_semiprime
932227,932231,4,932228,12,0.25,398.61469010455346,d8_plus
932357,932413,56,932359,4,0.03571428571428571,5566.927957695616,d4_semiprime
932471,932473,2,932472,40,0.5,261.1662936615532,d8_plus
932557,932563,6,932559,8,0.3333333333333333,563.5732310567425,d8_plus
932647,932651,4,932649,4,0.5,261.16990415076106,d4_semiprime
932779,932783,4,932781,4,0.5,123.71332938616821,d4_semiprime
932887,932917,30,932891,4,0.13333333333333333,2515.5282424727893,d4_semiprime
932969,932983,14,932977,4,0.5714285714285714,1594.5515545259484,d4_semiprime
933067,933073,6,933071,4,0.6666666666666666,439.8795661303465,d4_semiprime
933217,933221,4,933219,12,0.5,371.15266983227417,d8_plus
933313,933319,6,933316,6,0.5,522.3669920800179,d6
933421,933433,12,933427,4,0.5,1058.489695031126,d4_semiprime
933563,933601,38,933567,4,0.10526315789473684,3656.6447151023112,d4_semiprime
933703,933707,4,933706,4,0.75,178.70989925344094,d4_semiprime
933811,933817,6,933815,4,0.6666666666666666,701.0986988009018,d4_semiprime
933893,933923,30,933897,4,0.13333333333333333,2914.392218298384,d4_semiprime
933979,934001,22,933983,4,0.18181818181818182,2309.5329274042992,d4_semiprime
934067,934069,2,934068,12,0.5,68.7365225985,d8_plus
934159,934187,28,934162,4,0.10714285714285714,2625.7566904537643,d4_semiprime
934291,934301,10,934294,4,0.3,563.6495079778757,d4_semiprime
934429,934441,12,934436,6,0.5833333333333334,1099.8158851879725,d6
934517,934523,6,934522,4,0.8333333333333334,398.68584807573046,d4_semiprime
934579,934597,18,934585,4,0.3333333333333333,1484.7690479279897,d4_semiprime
934693,934721,28,934697,4,0.14285714285714285,2144.6863675265918,d4_semiprime
934799,934811,12,934801,4,0.16666666666666666,1264.824286223319,d4_semiprime
934891,934897,6,934894,4,0.5,453.6902161450513,d4_semiprime
934961,934979,18,934963,4,0.1111111111111111,1512.3095967102274,d4_semiprime
935071,935093,22,935089,3,0.8181818181818182,2289.1071504073143,d3_prime_square
935189,935197,8,935191,4,0.25,508.6947800263802,d4_semiprime
935303,935339,36,935309,4,0.16666666666666666,2570.9965971818724,d4_semiprime
935413,935423,10,935417,4,0.4,701.1861379507491,d4_semiprime
935531,935537,6,935533,4,0.3333333333333333,508.70828173561557,d4_semiprime
935639,935651,12,935643,4,0.3333333333333333,1264.9070504718172,d4_semiprime
935717,935719,2,935718,16,0.5,96.24348599609723,d8_plus
935827,935839,12,935831,4,0.3333333333333333,714.957972895333,d4_semiprime
935999,936007,8,936001,4,0.25,1471.1827872868748,d4_semiprime
936151,936161,10,936157,4,0.6,976.2171068475423,d4_semiprime
936233,936253,20,936239,4,0.3,2021.1956104260457,d4_semiprime
936361,936379,18,936363,4,0.1111111111111111,1306.227904463752,d4_semiprime
936469,936487,18,936473,4,0.2222222222222222,1361.2381353185713,d4_semiprime
936557,936577,20,936559,4,0.1,1924.9968756970648,d4_semiprime
936673,936679,6,936677,4,0.6666666666666666,453.75305112029133,d4_semiprime
936739,936769,30,936742,4,0.1,2722.535599027258,d4_semiprime
936889,936907,18,936893,4,0.2222222222222222,1512.5363051194056,d4_semiprime
936967,937003,36,936971,4,0.1111111111111111,3176.3477142175775,d4_semiprime
937121,937127,6,937123,4,0.3333333333333333,660.0274304505593,d4_semiprime
937231,937241,10,937238,4,0.7,591.2796614709091,d4_semiprime
937379,937421,42,937381,4,0.047619047619047616,3685.2317725737594,d4_semiprime
937511,937537,26,937513,4,0.07692307692307693,2241.4127555390724,d4_semiprime
937627,937633,6,937630,8,0.5,701.3066240574415,d8_plus
937681,937693,12,937682,4,0.08333333333333333,1237.6055327038978,d4_semiprime
937801,937813,12,937803,4,0.16666666666666666,948.8396353838247,d4_semiprime
937891,937901,10,937897,4,0.6,701.3211597091739,d4_semiprime
937991,938017,26,937993,4,0.07692307692307693,2722.7983976076034,d4_semiprime
938059,938071,12,938062,4,0.25,1223.8901217936195,d4_semiprime
938129,938183,54,938131,4,0.037037037037037035,4015.4884723255886,d4_semiprime
938263,938279,16,938267,4,0.25,1251.413267256614,d4_semiprime
938359,938369,10,938363,4,0.4,756.3541607844727,d4_semiprime
938491,938507,16,938495,4,0.25,1595.2362521094883,d4_semiprime
938611,938617,6,938612,6,0.16666666666666666,632.5993990424685,d6
938803,938807,4,938805,16,0.5,343.8090724615751,d8_plus
938881,938921,40,938887,4,0.15,3410.611855524448,d4_semiprime
938981,938983,2,938982,32,0.5,206.2882738301639,d8_plus
939091,939109,18,939093,4,0.1111111111111111,1320.2570031044995,d4_semiprime
939193,939203,10,939197,4,0.4,756.4030113460441,d4_semiprime
939347,939349,2,939348,36,0.5,233.80000204154265,d8_plus
939431,939439,8,939434,4,0.375,811.4289985435099,d4_semiprime
939581,939599,18,939586,4,0.2777777777777778,1402.8261919425427,d4_semiprime
939707,939713,6,939709,8,0.3333333333333333,852.706161691452,d8_plus
939773,939791,18,939779,4,0.3333333333333333,1402.8469286869304,d4_semiprime
939881,939901,20,939883,4,0.1,2104.2886339738598,d4_semiprime
940001,940003,2,940002,16,0.5,96.27546097332448,d8_plus
940127,940157,30,940129,4,0.06666666666666667,2324.389643421331,d4_semiprime
940241,940249,8,940243,4,0.25,508.89419624510424,d4_semiprime
940327,940349,22,940331,4,0.18181818181818182,1733.0032234540254,d4_semiprime
940421,940469,48,940426,4,0.10416666666666667,4002.4456684787506,d4_semiprime
940543,940547,4,940546,8,0.75,398.8722114191619,d8_plus
940669,940691,22,940679,4,0.45454545454545453,2173.1886258015356,d4_semiprime
940781,940783,2,940782,8,0.5,41.26340016987122,d8_plus
940871,940879,8,940873,8,0.25,756.5010958499712,d8_plus
940957,940981,24,940967,4,0.4166666666666667,1801.8611898892798,d4_semiprime
941093,941099,6,941097,4,0.6666666666666666,729.0043612917364,d4_semiprime
941159,941167,8,941163,4,0.5,1265.448040613637,d4_semiprime
941251,941263,12,941254,4,0.25,1114.152701717552,d4_semiprime
941359,941383,24,941363,4,0.16666666666666666,2255.835201641722,d4_semiprime
941467,941471,4,941468,12,0.25,261.3487394310901,d8_plus
941537,941557,20,941539,4,0.1,1829.4522688534366,d4_semiprime
941641,941653,12,941649,4,0.6666666666666666,839.0785858939898,d4_semiprime
941737,941741,4,941739,8,0.5,206.33224955281963,d8_plus
941839,941861,22,941845,4,0.2727272727272727,2145.873662398806,d4_semiprime
941971,941981,10,941973,4,0.2,1127.9703101641876,d4_semiprime
942041,942043,2,942042,8,0.5,41.267415415655506,d8_plus
942143,942163,20,942146,4,0.15,1898.3172815461837,d4_semiprime
942247,942257,10,942251,4,0.4,839.1177461395164,d4_semiprime
942367,942371,4,942369,8,0.5,481.4653247587262,d8_plus
942479,942509,30,942481,4,0.06666666666666667,3507.851347313847,d4_semiprime
942593,942607,14,942595,4,0.14285714285714285,1004.2170215189866,d4_semiprime
942719,942727,8,942721,8,0.25,949.2003422281662,d8_plus
942847,942853,6,942849,6,0.3333333333333333,550.2664770132533,d6
942901,942917,16,942902,4,0.0625,1100.5380416327687,d4_semiprime
943031,943043,12,943037,4,0.5,976.7371738714515,d4_semiprime
943127,943139,12,943133,4,0.5,880.4456302043095,d4_semiprime
943219,943231,12,943221,4,0.16666666666666666,990.5084398619681,d4_semiprime
943307,943321,14,943309,4,0.14285714285714285,1251.9011896802615,d4_semiprime
943403,943409,6,943405,4,0.3333333333333333,522.7755445721552,d4_semiprime
943541,943543,2,943542,32,0.5,206.3609423685497,d8_plus
943651,943693,42,943661,4,0.23809523809523808,3576.958779703005,d4_semiprime
943769,943777,8,943771,4,0.25,894.2467316889067,d4_semiprime
943841,943843,2,943842,8,0.5,41.273142174713634,d8_plus
943931,943951,20,943933,4,0.1,2256.2825895336023,d4_semiprime
944077,944123,46,944079,4,0.043478260869565216,3852.237039210124,d4_semiprime
944191,944233,42,944197,4,0.14285714285714285,3549.5915323325294,d4_semiprime
944329,944369,40,944331,4,0.05,2737.8921057851453,d4_semiprime
944431,944453,22,944437,4,0.2727272727272727,1939.9273201997066,d4_semiprime
944527,944533,6,944529,8,0.3333333333333333,550.3376858381986,d8_plus
944591,944609,18,944593,4,0.1111111111111111,1472.161286676597,d4_semiprime
944701,944711,10,944705,4,0.4,949.3453978887445,d4_semiprime
944821,944833,12,944822,4,0.08333333333333333,1348.3584486901696,d4_semiprime
944929,944953,24,944933,4,0.16666666666666666,1967.5196693595856,d4_semiprime
945089,945103,14,945095,4,0.42857142857142855,1389.6632650895579,d4_semiprime
945233,945289,56,945241,4,0.14285714285714285,5641.278978941193,d4_semiprime
945377,945389,12,945379,4,0.16666666666666666,1086.988211654175,d4_semiprime
945463,945473,10,945467,4,0.4,798.0473354040947,d4_semiprime
945589,945601,12,945597,4,0.6666666666666666,1210.842270908062,d4_semiprime
945701,945731,30,945707,4,0.2,2862.017164592958,d4_semiprime
945811,945817,6,945814,4,0.5,343.99502182578726,d4_semiprime
945907,945929,22,945911,4,0.18181818181818182,1609.909642073078,d4_semiprime
946003,946021,18,946007,4,0.2222222222222222,1541.1212114003442,d4_semiprime
946093,946109,16,946097,4,0.25,1087.048293599805,d4_semiprime
946207,946223,16,946211,4,0.25,1472.3442098647624,d4_semiprime
946367,946369,2,946368,84,0.5,564.1758579280596,d8_plus
946469,946487,18,946471,4,0.1111111111111111,1816.3864083897736,d4_semiprime
946579,946607,28,946581,4,0.07142857142857142,2311.7847239838084,d4_semiprime
946717,946727,10,946721,4,0.4,825.645637777483,d4_semiprime
946819,946823,4,946822,4,0.75,206.41296948359454,d4_semiprime
946901,946919,18,946906,4,0.2777777777777778,1486.1835527979822,d4_semiprime
946993,946997,4,946994,4,0.25,247.6988847177883,d4_semiprime
947171,947183,12,947173,4,0.16666666666666666,908.2418999804277,d4_semiprime
947341,947351,10,947347,4,0.6,674.3095574839114,d4_semiprime
947407,947411,4,947409,4,0.5,371.56011389983166,d4_semiprime
947501,947509,8,947503,4,0.25,550.4635176605553,d4_semiprime
947641,947647,6,947643,4,0.3333333333333333,646.8015657081417,d4_semiprime
947729,947741,12,947731,4,0.16666666666666666,784.4243069863136,d4_semiprime
947819,947833,14,947821,4,0.14285714285714285,1045.9064750194561,d4_semiprime
947917,947927,10,947923,4,0.6,963.3419080767243,d4_semiprime
948041,948049,8,948047,4,0.75,495.43765145140804,d4_semiprime
948139,948149,10,948143,4,0.4,481.67914995757917,d4_semiprime
948263,948281,18,948265,4,0.1111111111111111,1789.1117492789704,d4_semiprime
948377,948391,14,948379,4,0.14285714285714285,1334.9639931197228,d4_semiprime
948449,948457,8,948455,4,0.75,674.3667861362143,d4_semiprime
948557,948581,24,948559,4,0.08333333333333333,1857.9657666549358,d4_semiprime
948749,948767,18,948751,4,0.1111111111111111,1816.7036296179513,d4_semiprime
948887,948901,14,948889,4,0.14285714285714285,1252.4377155232671,d4_semiprime
948989,949001,12,948991,4,0.16666666666666666,1417.6054247530271,d4_semiprime
949111,949121,10,949114,4,0.3,674.401062613915,d4_semiprime
949211,949213,2,949212,96,0.5,646.8792099473767,d8_plus
949381,949387,6,949385,4,0.6666666666666666,261.50779137215625,d4_semiprime
949451,949453,2,949452,48,0.5,316.563725865783,d8_plus
949583,949589,6,949587,8,0.6666666666666666,564.3150028449327,d8_plus
949649,949651,2,949650,48,0.5,316.5685218167288,d8_plus
949759,949771,12,949763,4,0.3333333333333333,1486.508684303213,d4_semiprime
949891,949903,12,949898,4,0.5833333333333334,1252.5339483496193,d4_semiprime
949961,949967,6,949966,4,0.8333333333333334,440.4537113577315,d4_semiprime
950029,950039,10,950033,4,0.4,481.7488652549565,d4_semiprime
950161,950177,16,950162,4,0.0625,1225.0312729251712,d4_semiprime
950239,950251,12,950249,4,0.8333333333333334,1142.4515427203867,d4_semiprime
950363,950393,30,950371,4,0.26666666666666666,2408.8075609855664,d4_semiprime
950479,950483,4,950482,16,0.75,495.53003687963405,d8_plus
950531,950557,26,950539,4,0.3076923076923077,2491.426813005956,d4_semiprime
950671,950681,10,950673,4,0.2,688.2464652374603,d4_semiprime
950743,950753,10,950749,4,0.6,798.3703421933549,d4_semiprime
950839,950867,28,950842,4,0.10714285714285714,2312.5391506033043,d4_semiprime
950953,950959,6,950957,4,0.6666666666666666,316.6001454095015,d4_semiprime
951053,951059,6,951058,4,0.8333333333333334,399.1944838318395,d4_semiprime
951109,951131,22,951113,4,0.18181818181818182,1706.9089641421108,d4_semiprime
951277,951281,4,951278,4,0.25,646.9814856192958,d4_semiprime
951367,951373,6,951369,4,0.3333333333333333,674.517277090228,d4_semiprime
951469,951479,10,951477,4,0.8,660.7568214990837,d4_semiprime
951583,951589,6,951586,4,0.5,729.5919737396569,d4_semiprime
951689,951697,8,951695,4,0.75,702.0659163425976,d4_semiprime
951851,951859,8,951853,4,0.25,619.477555403769,d4_semiprime
951967,951997,30,951969,4,0.06666666666666667,2519.2332234741953,d4_semiprime
952087,952097,10,952089,4,0.2,674.5544283394327,d4_semiprime
952163,952169,6,952165,8,0.3333333333333333,440.5278440895289,d8_plus
952253,952277,24,952257,4,0.16666666666666666,2202.6558941815674,d4_semiprime
952379,952381,2,952380,144,0.5,977.4370769593983,d8_plus
952507,952513,6,952509,4,0.3333333333333333,977.4468328987671,d4_semiprime
952619,952649,30,952631,4,0.4,2684.5623433341434,d4_semiprime
952691,952709,18,952693,4,0.1111111111111111,1720.881917209924,d4_semiprime
952813,952823,10,952814,4,0.1,867.3323224619444,d4_semiprime
952921,952927,6,952922,8,0.16666666666666666,481.85518818203036,d8_plus
952981,952997,16,952989,4,0.5,1115.1561201501002,d4_semiprime
953093,953111,18,953101,4,0.4444444444444444,1665.864614083561,d4_semiprime
953237,953243,6,953239,4,0.3333333333333333,509.40197366367806,d4_semiprime
953347,953399,52,953349,4,0.038461538461538464,4281.773792366662,d4_semiprime
953497,953501,4,953499,8,0.5,399.26891180728705,d8_plus
953567,953593,26,953569,4,0.07692307692307693,2767.3629344895276,d4_semiprime
953699,953707,8,953702,4,0.375,1046.3760377634223,d4_semiprime
953851,953861,10,953858,4,0.7,1184.0710602054648,d4_semiprime
953969,953977,8,953973,6,0.5,495.66205704356634,d6
954067,954097,30,954069,4,0.06666666666666667,2960.228709793138,d4_semiprime
954181,954203,22,954182,4,0.045454545454545456,1707.309026979673,d4_semiprime
954259,954263,4,954262,4,0.75,454.36684823958376,d4_semiprime
954367,954377,10,954373,6,0.6,702.2092085233089,d6
954469,954491,22,954473,4,0.18181818181818182,2010.262506827521,d4_semiprime
954619,954623,4,954621,12,0.5,316.6885984971081,d8_plus
954719,954727,8,954721,4,0.25,1583.4550270006205,d4_semiprime
954851,954853,2,954852,24,0.5,151.46242796994312,d8_plus
954923,954929,6,954925,6,0.3333333333333333,537.0061467307186,d6
955039,955051,12,955041,4,0.16666666666666666,1087.791512067429,d4_semiprime
955139,955147,8,955142,4,0.375,592.0934966164667,d4_semiprime
955243,955261,18,955246,4,0.16666666666666666,1748.7560509383727,d4_semiprime
955319,955333,14,955321,4,0.14285714285714285,1886.4637607436334,d4_semiprime
955441,955457,16,955442,4,0.0625,1018.9753227061627,d4_semiprime
955541,955601,60,955543,4,0.03333333333333333,5342.784933957754,d4_semiprime
955697,955709,12,955699,4,0.16666666666666666,688.5100713976849,d4_semiprime
955793,955807,14,955798,4,0.35714285714285715,1432.1115977251984,d4_semiprime
955891,955901,10,955894,4,0.3,784.913134462548,d4_semiprime
955967,955987,20,955973,4,0.3,1996.7208845566445,d4_semiprime
956107,956113,6,956111,4,0.6666666666666666,358.0363428197813,d4_semiprime
956261,956269,8,956264,8,0.375,619.6855929513234,d8_plus
956357,956377,20,956359,4,0.1,1886.6129551379581,d4_semiprime
956429,956477,48,956433,4,0.08333333333333333,4145.066970507434,d4_semiprime
956633,956689,56,956639,4,0.10714285714285714,4833.693075550295,d4_semiprime
956801,956831,30,956803,4,0.06666666666666667,2960.8437339764737,d4_semiprime
956929,956941,12,956933,4,0.3333333333333333,1211.8912056382278,d4_semiprime
957037,957041,4,957038,8,0.25,344.2900022671158,d8_plus
957109,957119,10,957111,4,0.2,895.1590142712151,d4_semiprime
957193,957211,18,957197,4,0.2222222222222222,1239.459227141892,d4_semiprime
957331,957337,6,957335,4,0.6666666666666666,495.7886992765674,d4_semiprime
957431,957433,2,957432,64,0.5,426.93230935638604,d8_plus
957587,957599,12,957589,4,0.16666666666666666,785.0141133425516,d4_semiprime
957703,957709,6,957706,4,0.5,509.5749669000591,d4_semiprime
957821,957823,2,957822,16,0.5,96.40692065152058,d8_plus
957949,957953,4,957951,12,0.5,674.8550163222643,d8_plus
958039,958043,4,958042,16,0.75,509.5878882302984,d8_plus
958141,958159,18,958147,4,0.3333333333333333,1404.821454194801,d4_semiprime
958289,958313,24,958291,4,0.08333333333333333,1969.527002575768,d4_semiprime
958357,958361,4,958359,4,0.5,537.1461563488124,d4_semiprime
958459,958481,22,958462,4,0.13636363636363635,1762.9558220998126,d4_semiprime
958543,958547,4,958546,8,0.75,482.0610063457976,d8_plus
958667,958669,2,958668,12,0.5,68.86650049987291,d8_plus
958739,958777,38,958741,4,0.05263157894736842,3732.5897371801457,d4_semiprime
958871,958877,6,958873,8,0.3333333333333333,344.33787395927476,d8_plus
958957,958963,6,958961,4,0.6666666666666666,495.8497473305339,d4_semiprime
959131,959143,12,959135,4,0.3333333333333333,1322.2838956876228,d4_semiprime
959219,959227,8,959221,4,0.25,853.9804424516923,d4_semiprime
959333,959339,6,959335,8,0.3333333333333333,426.9938880423076,d8_plus
959389,959449,60,959393,4,0.06666666666666667,5840.210903141665,d4_semiprime
959489,959533,44,959493,4,0.09090909090909091,4035.834564214811,d4_semiprime
959659,959677,18,959663,4,0.2222222222222222,1267.2394975312707,d4_semiprime
959773,959779,6,959774,8,0.16666666666666666,592.301586226899,d8_plus
959873,959879,6,959878,4,0.8333333333333334,316.81486176677504,d4_semiprime
959953,959969,16,959957,4,0.25,1294.8168811342694,d4_semiprime
960077,960119,42,960079,4,0.047619047619047616,3126.877390212996,d4_semiprime
960173,960191,18,960182,4,0.5,1570.336148340949,d4_semiprime
960299,960329,30,960301,4,0.06666666666666667,2755.0023824315244,d4_semiprime
960419,960467,48,960423,4,0.08333333333333333,3870.8170106109205,d4_semiprime
960569,960581,12,960571,4,0.16666666666666666,1170.8993595649933,d4_semiprime
960649,960667,18,960653,4,0.2222222222222222,1501.515880848969,d4_semiprime
960793,960803,10,960797,4,0.4,757.6535540950854,d4_semiprime
960931,960937,6,960935,4,0.6666666666666666,344.39152309701177,d4_semiprime
961003,961021,18,961006,4,0.16666666666666666,1391.3501927473822,d4_semiprime
961091,961097,6,961094,8,0.5,647.4638591079591,d8_plus
961141,961151,10,961145,4,0.4,881.6564474653892,d4_semiprime
961241,961243,2,961242,8,0.5,41.32794443181183,d8_plus
961393,961397,4,961396,6,0.75,220.41824493809222,d6
961487,961507,20,961489,4,0.1,1970.0032627910557,d4_semiprime
961567,961601,34,961574,4,0.20588235294117646,3278.768303344559,d4_semiprime
961657,961661,4,961658,8,0.25,234.199066667169,d8_plus
961733,961739,6,961735,4,0.3333333333333333,399.5183688863052,d4_semiprime
961811,961813,2,961812,18,0.5,110.21259427483385,d8_plus
961879,961927,48,961881,4,0.041666666666666664,4229.437723323317,d4_semiprime
961993,962009,16,961997,4,0.25,1529.2213703434998,d4_semiprime
962099,962119,20,962101,4,0.1,1997.6480048795584,d4_semiprime
962237,962243,6,962239,4,0.3333333333333333,509.7497116934136,d4_semiprime
962413,962417,4,962414,4,0.25,371.9844465009532,d4_semiprime
962477,962497,20,962485,4,0.4,1680.827595157707,d4_semiprime
962587,962603,16,962593,4,0.375,1419.0709495815834,d4_semiprime
962671,962677,6,962673,8,0.3333333333333333,936.8680712229835,d8_plus
962783,962789,6,962785,4,0.3333333333333333,564.8810296571963,d4_semiprime
962867,962869,2,962868,12,0.5,68.88835804866997,d8_plus
962971,962993,22,962977,4,0.2727272727272727,1928.8905873984074,d4_semiprime
963121,963143,22,963127,4,0.2727272727272727,1488.018083182813,d4_semiprime
963223,963227,4,963226,8,0.75,289.3388843226152,d8_plus
963311,963323,12,963313,4,0.16666666666666666,1019.5820499570544,d4_semiprime
963397,963419,22,963398,4,0.045454545454545456,1708.5008293415797,d4_semiprime
963559,963581,22,963561,4,0.09090909090909091,1598.2942500302183,d4_semiprime
963659,963667,8,963663,4,0.5,923.159343946312,d4_semiprime
963731,963751,20,963733,4,0.1,1942.7793752409673,d4_semiprime
963817,963839,22,963818,4,0.045454545454545456,1846.3413847580468,d4_semiprime
963901,963913,12,963903,4,0.16666666666666666,647.6012970427391,d4_semiprime
964039,964049,10,964042,4,0.3,1143.647972993886,d4_semiprime
964207,964213,6,964209,4,0.3333333333333333,399.5928715220019,d4_semiprime
964283,964289,6,964285,8,0.3333333333333333,730.2946253939143,d8_plus
964351,964357,6,964354,8,0.5,413.3764055612118,d8_plus
964499,964501,2,964500,48,0.5,316.9253975605422,d8_plus
964577,964583,6,964579,8,0.3333333333333333,372.0450891215247,d8_plus
964697,964703,6,964699,4,0.3333333333333333,537.403300716949,d4_semiprime
964823,964829,6,964826,4,0.5,427.1707770288515,d4_semiprime
964913,964927,14,964919,4,0.42857142857142855,1708.6953128307143,d4_semiprime
964981,965023,42,964983,4,0.047619047619047616,3596.5502876330215,d4_semiprime
965117,965131,14,965119,4,0.14285714285714285,1750.0613623632955,d4_semiprime
965191,965197,6,965194,4,0.5,744.1245801980758,d4_semiprime
965303,965317,14,965309,4,0.42857142857142855,1529.6026930160701,d4_semiprime
965411,965423,12,965414,4,0.25,744.1369224145329,d4_semiprime
965507,965519,12,965509,4,0.16666666666666666,826.8248472166308,d4_semiprime
965623,965639,16,965627,4,0.25,1254.0288282946706,d4_semiprime
965759,965773,14,965761,4,0.14285714285714285,1502.0937878016239,d4_semiprime
965857,965893,36,965861,4,0.1111111111111111,3307.389824313421,d4_semiprime
966011,966013,2,966012,24,0.5,151.5902468902552,d8_plus
966157,966191,34,966163,4,0.17647058823529413,3114.5282728685256,d4_semiprime
966241,966257,16,966247,4,0.375,1240.3059645967778,d4_semiprime
966337,966347,10,966341,4,0.4,785.5325473777792,d4_semiprime
966409,966419,10,966413,4,0.4,937.1316363110714,d4_semiprime
966499,966509,10,966502,4,0.3,895.793638279844,d4_semiprime
966617,966619,2,966618,24,0.5,151.5971452621303,d8_plus
966751,966781,30,966754,4,0.1,2577.180402114461,d4_semiprime
966893,966907,14,966895,4,0.14285714285714285,1281.7120169604734,d4_semiprime
966991,966997,6,966993,8,0.3333333333333333,468.5862153001081,d8_plus
967139,967171,32,967141,4,0.0625,3004.500724587414,d4_semiprime
967297,967319,22,967298,4,0.045454545454545456,1736.566204377831,d4_semiprime
967391,967397,6,967394,4,0.5,675.3356915859761,d4_semiprime
967493,967501,8,967496,8,0.375,1130.1624292427673,d8_plus
967627,967663,36,967633,4,0.16666666666666666,2480.8716900446366,d4_semiprime
967751,967753,2,967752,24,0.5,151.61004248595924,d8_plus
967843,967847,4,967845,16,0.5,454.83330270540785,d8_plus
967937,967951,14,967942,4,0.35714285714285715,1199.1150370915377,d4_semiprime
968021,968027,6,968023,4,0.3333333333333333,372.1413159057545,d4_semiprime
968117,968137,20,968119,4,0.1,1957.2030869822045,d4_semiprime
968237,968239,2,968238,12,0.5,68.91616601903391,d8_plus
968311,968321,10,968313,4,0.2,1006.1820345490203,d4_semiprime
968419,968423,4,968421,4,0.5,372.1524032351747,d4_semiprime
968503,968519,16,968509,4,0.375,1088.897661402118,d4_semiprime
968641,968647,6,968644,6,0.5,358.37496329198234,d6
968729,968731,2,968730,48,0.5,317.02604792833165,d8_plus
968857,968879,22,968861,4,0.18181818181818182,1847.040410260729,d4_semiprime
968963,968971,8,968965,4,0.25,813.2551993281953,d4_semiprime
969097,969109,12,969103,4,0.5,1171.6507913716925,d4_semiprime
969233,969239,6,969235,4,0.3333333333333333,372.1750966281617,d4_semiprime
969343,969347,4,969346,8,0.75,289.4718890313237,d8_plus
969431,969433,2,969432,32,0.5,206.76698417936908,d8_plus
969503,969509,6,969508,6,0.8333333333333334,413.5362479575171,d6
969641,969667,26,969643,4,0.07692307692307693,2343.3979929549364,d4_semiprime
969743,969757,14,969747,4,0.2857142857142857,1268.2009201331778,d4_semiprime
969851,969863,12,969853,4,0.16666666666666666,827.094202021009,d4_semiprime
969923,969929,6,969926,8,0.5,399.7642663982723,d8_plus
970061,970063,2,970062,16,0.5,96.4958068617389,d8_plus
970147,970201,54,970149,4,0.037037037037037035,5527.879981489917,d4_semiprime
970259,970261,2,970260,48,0.5,317.062345183401,d8_plus
970391,970421,30,970397,4,0.2,2605.4538020818136,d4_semiprime
970481,970493,12,970483,4,0.16666666666666666,882.275403112883,d4_semiprime
970633,970643,10,970637,4,0.4,882.2853962852695,d4_semiprime
970777,970787,10,970778,4,0.1,868.5091073184825,d4_semiprime
970847,970859,12,970849,4,0.16666666666666666,951.2291454276051,d4_semiprime
970909,970927,18,970913,4,0.2222222222222222,1971.3977696914824,d4_semiprime
970997,970999,2,970998,32,0.5,206.79119531308658,d8_plus
971063,971077,14,971071,4,0.5714285714285714,1144.2507487633993,d4_semiprime
971153,971171,18,971161,4,0.4444444444444444,1433.7699482433866,d4_semiprime
971273,971279,6,971277,4,0.6666666666666666,427.37738460121494,d4_semiprime
971371,971381,10,971378,4,0.7,1033.9851841197678,d4_semiprime
971441,971473,32,971447,4,0.1875,2867.6029576989113,d4_semiprime
971549,971561,12,971551,4,0.16666666666666666,1213.2253586549486,d4_semiprime
971683,971693,10,971687,4,0.4,661.7658480264577,d4_semiprime
971783,971821,38,971786,4,0.07894736842105263,3736.2516184909077,d4_semiprime
971917,971921,4,971918,4,0.25,330.88867415041716,d4_semiprime
971989,972001,12,971991,6,0.16666666666666666,1668.2400892432584,d6
972091,972113,22,972093,4,0.09090909090909091,1682.0403179705634,d4_semiprime
972161,972163,2,972162,40,0.5,261.958276988216,d8_plus
972263,972271,8,972266,4,0.375,868.6053569760951,d4_semiprime
972347,972353,6,972349,8,0.3333333333333333,551.4988090704237,d8_plus
972443,972469,26,972446,4,0.11538461538461539,2068.1371377212563,d4_semiprime
972581,972599,18,972583,4,0.1111111111111111,1461.498103056786,d4_semiprime
972679,972683,4,972682,4,0.75,151.66591984097496,d4_semiprime
972823,972827,4,972826,8,0.75,455.0026590211987,d8_plus
972941,972943,2,972942,16,0.5,96.51655824955294,d8_plus
973033,973051,18,973039,4,0.3333333333333333,1627.0056243585843,d4_semiprime
973129,973151,22,973138,4,0.4090909090909091,1778.688491162282,d4_semiprime
973279,973283,4,973281,4,0.5,675.6329304705301,d4_semiprime
973387,973397,10,973391,4,0.4,730.7927466876806,d4_semiprime
973523,973529,6,973526,8,0.5,399.8717042526232,d8_plus
973631,973657,26,973633,4,0.07692307692307693,2330.307241735625,d4_semiprime
973781,973787,6,973783,4,0.3333333333333333,317.1457199494508,d4_semiprime
973891,973897,6,973894,4,0.5,992.8122830637797,d4_semiprime
974041,974053,12,974042,4,0.08333333333333333,1365.1324823134346,d4_semiprime
974147,974159,12,974153,4,0.5,717.0447530425464,d4_semiprime
974249,974261,12,974257,4,0.6666666666666666,1089.3647990142777,d4_semiprime
974359,974383,24,974366,4,0.2916666666666667,2054.6428150395163,d4_semiprime
974431,974437,6,974433,4,0.3333333333333333,372.31951969465143,d4_semiprime
974513,974531,18,974517,4,0.2222222222222222,1199.7041146899282,d4_semiprime
974591,974599,8,974593,4,0.25,965.2843017974816,d4_semiprime
974737,974747,10,974741,4,0.4,703.2862838345268,d4_semiprime
974837,974849,12,974839,4,0.16666666666666666,1034.252485036333,d4_semiprime
974891,974923,32,974893,4,0.0625,2909.7106333871684,d4_semiprime
974977,974983,6,974978,4,0.16666666666666666,455.0756940759193,d4_semiprime
975071,975083,12,975073,4,0.16666666666666666,1020.4800509640586,d4_semiprime
975193,975199,6,975197,4,0.6666666666666666,606.7773477978928,d4_semiprime
975287,975313,26,975293,4,0.23076923076923078,2289.2233444466683,d4_semiprime
975421,975427,6,975423,8,0.3333333333333333,551.625111341714,d8_plus
975521,975523,2,975522,16,0.5,96.53509593929712,d8_plus
975643,975649,6,975644,6,0.16666666666666666,634.3793323054927,d6
975739,975743,4,975742,8,0.75,206.8642848701649,d8_plus
975857,975869,12,975859,4,0.16666666666666666,896.420042782902,d4_semiprime
975967,975977,10,975971,4,0.4,992.9656770588072,d4_semiprime
976093,976103,10,976099,4,0.6,1034.3488169907137,d4_semiprime
976193,976211,18,976199,4,0.3333333333333333,1558.4310712723188,d4_semiprime
976307,976309,2,976308,12,0.5,68.95766694691396,d8_plus
976453,976457,4,976454,4,0.25,344.7921129697627,d4_semiprime
976513,976537,24,976522,4,0.375,2358.3905784109056,d4_semiprime
976621,976637,16,976622,4,0.0625,1255.0593857973647,d4_semiprime
976727,976777,50,976729,4,0.04,4523.772107372044,d4_semiprime
976909,976919,10,976918,4,0.9,758.5683981059505,d4_semiprime
977047,977057,10,977051,4,0.4,565.4841442905997,d4_semiprime
977183,977191,8,977187,4,0.5,1158.5642214176592,d4_semiprime
977257,977269,12,977259,4,0.16666666666666666,1144.7784140149015,d4_semiprime
977369,977407,38,977371,4,0.05263157894736842,3392.989726730993,d4_semiprime
977521,977539,18,977527,4,0.3333333333333333,1627.5485509693096,d4_semiprime
977671,977681,10,977673,4,0.2,979.2984026134975,d4_semiprime
977803,977813,10,977807,4,0.4,772.4118769720988,d4_semiprime
977923,977927,4,977924,6,0.25,386.20927227344464,d6
978037,978041,4,978038,4,0.25,400.00586243413017,d4_semiprime
978077,978079,2,978078,32,0.5,206.90017050656928,d8_plus
978181,978203,22,978189,4,0.36363636363636365,1572.4547633033849,d4_semiprime
978277,978283,6,978281,4,0.6666666666666666,620.7098431410716,d4_semiprime
978359,978389,30,978361,4,0.06666666666666667,2662.1738756640675,d4_semiprime
978473,978479,6,978477,4,0.6666666666666666,179.31875671035075,d4_semiprime
978611,978617,6,978613,4,0.3333333333333333,537.961820210081,d4_semiprime
978713,978727,14,978715,4,0.14285714285714285,1200.0781332963443,d4_semiprime
978821,978839,18,978823,4,0.1111111111111111,1779.4404470588806,d4_semiprime
978917,978931,14,978919,4,0.14285714285714285,1448.392081505822,d4_semiprime
979037,979061,24,979039,4,0.08333333333333333,2262.27113051289,d4_semiprime
979163,979171,8,979169,4,0.75,869.050807521047,d4_semiprime
979229,979261,32,979231,4,0.0625,2814.0856849114443,d4_semiprime
979337,979343,6,979338,8,0.16666666666666666,427.6336710387992,d8_plus
979423,979439,16,979435,4,0.75,938.0413212872605,d4_semiprime
979543,979549,6,979547,4,0.6666666666666666,372.4607906971669,d4_semiprime
979747,979757,10,979751,4,0.4,965.6538534308224,d4_semiprime
979889,979907,18,979897,4,0.4444444444444444,1655.4245751122587,d4_semiprime
980047,980069,22,980051,4,0.18181818181818182,2014.1235847116993,d4_semiprime
980149,980159,10,980156,6,0.7,662.1823048120077,d6
980293,980299,6,980297,4,0.6666666666666666,400.07269165044096,d4_semiprime
980401,980417,16,980402,4,0.0625,1131.2493988830531,d4_semiprime
980491,980503,12,980493,4,0.16666666666666666,1034.6861515870858,d4_semiprime
980599,980621,22,980601,4,0.09090909090909091,1793.4709076571783,d4_semiprime
980719,980729,10,980725,6,0.6,1214.0519720346072,d6
980851,980887,36,980853,4,0.05555555555555555,3200.717218810422,d4_semiprime
980957,980963,6,980962,4,0.8333333333333334,455.277441235381,d4_semiprime
981061,981067,6,981062,8,0.16666666666666666,400.0954064961461,d8_plus
981139,981151,12,981142,4,0.25,951.9569118656602,d4_semiprime
981263,981271,8,981269,4,0.75,607.0503831917482,d4_semiprime
981373,981377,4,981374,8,0.25,565.6651355999024,d8_plus
981451,981467,16,981455,4,0.25,1531.4442618557248,d4_semiprime
981569,981577,8,981571,4,0.25,593.2672321962617,d4_semiprime
981683,981691,8,981685,4,0.25,896.8067499068818,d4_semiprime
981769,981797,28,981773,4,0.14285714285714285,2414.4972116926247,d4_semiprime
981913,981919,6,981914,4,0.16666666666666666,482.9041467228446,d4_semiprime
982021,982057,36,982027,4,0.16666666666666666,3104.4123373402285,d4_semiprime
982103,982117,14,982109,4,0.42857142857142855,1365.9483848460632,d4_semiprime
982211,982213,2,982212,48,0.5,317.3439363496235,d8_plus
982337,982339,2,982338,32,0.5,206.96536085451393,d8_plus
982453,982489,36,982457,4,0.1111111111111111,3366.669762162348,d4_semiprime
982589,982603,14,982591,4,0.14285714285714285,1172.8260471165709,d4_semiprime
982697,982703,6,982699,4,0.3333333333333333,510.5281931513553,d4_semiprime
982801,982819,18,982805,4,0.2222222222222222,1007.2664848165589,d4_semiprime
982903,982909,6,982907,4,0.6666666666666666,952.0805389511193,d4_semiprime
983069,983083,14,983074,4,0.35714285714285715,1490.2315206153721,d4_semiprime
983153,983173,20,983159,4,0.3,1517.8382319480208,d4_semiprime
983243,983261,18,983249,4,0.3333333333333333,1862.813781514945,d4_semiprime
983347,983363,16,983351,4,0.25,1200.4891975305227,d4_semiprime
983443,983447,4,983445,8,0.5,400.16567244646706,d8_plus
983531,983533,2,983532,24,0.5,151.7879599845411,d8_plus
983699,983701,2,983700,54,0.5,358.7759825390221,d8_plus
983803,983809,6,983805,8,0.3333333333333333,924.5454257224894,d8_plus
983911,983923,12,983921,4,0.8333333333333334,1145.3416810181925,d4_semiprime
984017,984037,20,984019,4,0.1,1559.3331897172416,d4_semiprime
984127,984149,22,984129,4,0.09090909090909091,1642.143200217337,d4_semiprime
984301,984307,6,984303,6,0.3333333333333333,206.9953520870923,d6
984359,984367,8,984363,4,0.5,689.9874273783464,d4_semiprime
984427,984437,10,984433,4,0.6,648.5915692711851,d4_semiprime
984541,984563,22,984547,4,0.2727272727272727,2249.3905755480055,d4_semiprime
984689,984701,12,984691,4,0.16666666666666666,1435.209088926995,d4_semiprime
984761,984817,56,984767,4,0.10714285714285714,4885.2653788705475,d4_semiprime
984913,984917,4,984914,8,0.25,262.20590384890164,d8_plus
985013,985027,14,985015,4,0.14285714285714285,1311.039578461124,d4_semiprime
985129,985151,22,985137,4,0.36363636363636365,2166.6846864401787,d4_semiprime
985279,985291,12,985282,4,0.25,828.0411213422478,d4_semiprime
985399,985403,4,985401,12,0.5,483.02812179971306,d8_plus
985483,985487,4,985484,6,0.25,110.4071144927976,d6
985547,985571,24,985549,4,0.08333333333333333,2056.3436896960047,d4_semiprime
985667,985679,12,985669,4,0.16666666666666666,662.4518734306848,d4_semiprime
985781,985783,2,985782,32,0.5,207.01785770707366,d8_plus
985903,985921,18,985909,4,0.3333333333333333,2222.013049252004,d4_semiprime
985991,985993,2,985992,32,0.5,207.02105279942393,d8_plus
986113,986131,18,986127,4,0.7777777777777778,1821.8027189961772,d4_semiprime
986189,986191,2,986190,32,0.5,207.02406469184558,d8_plus
986281,986287,6,986285,4,0.6666666666666666,469.25780142988265,d4_semiprime
986429,986437,8,986434,4,0.625,966.1296037244356,d4_semiprime
986533,986543,10,986541,4,0.8,841.9193784650635,d4_semiprime
986599,986617,18,986602,4,0.16666666666666666,1532.0252583795275,d4_semiprime
986719,986729,10,986723,4,0.4,772.9200912055426,d4_semiprime
986813,986819,6,986815,8,0.3333333333333333,455.4738667447297,d8_plus
986927,986929,2,986928,40,0.5,262.24469498110335,d8_plus
986989,987013,24,987001,4,0.5,2857.1026873094797,d4_semiprime
987079,987083,4,987081,4,0.5,124.22256035872596,d4_semiprime
987193,987199,6,987197,4,0.6666666666666666,483.0918216275239,d4_semiprime
987313,987353,40,987314,4,0.025,3216.044087811162,d4_semiprime
987473,987491,18,987487,4,0.7777777777777778,1490.7145730270547,d4_semiprime
987587,987593,6,987589,4,0.3333333333333333,427.8936839094372,d4_semiprime
987739,987793,54,987743,4,0.07407407407407407,4831.120207051384,d4_semiprime
987911,987913,2,987912,24,0.5,151.83683794330955,d8_plus
987997,988007,10,987999,4,0.2,1076.6682289864123,d4_semiprime
988093,988109,16,988099,4,0.375,1118.0868056455356,d4_semiprime
988217,988219,2,988218,96,0.5,648.7719542077148,d8_plus
988313,988319,6,988315,8,0.3333333333333333,483.1315217277013,d8_plus
988417,988439,22,988419,4,0.09090909090909091,1891.1303442070619,d4_semiprime
988541,988549,8,988543,4,0.25,538.3556065275025,d4_semiprime
988643,988649,6,988646,8,0.5,289.8859157017147,d8_plus
988733,988759,26,988738,4,0.19230769230769232,2167.2583147372534,d4_semiprime
988859,988861,2,988860,24,0.5,151.8473884780191,d8_plus
988979,989011,32,988981,4,0.0625,3768.6136789683114,d4_semiprime
989123,989171,48,989126,4,0.0625,3782.4599677981387,d4_semiprime
989279,989293,14,989281,4,0.14285714285714285,1283.8405096499803,d4_semiprime
989353,989377,24,989354,4,0.041666666666666664,1711.7976542367458,d4_semiprime
989477,989479,2,989478,24,0.5,151.85426091358988,d8_plus
989623,989629,6,989627,4,0.6666666666666666,648.8388371725243,d4_semiprime
989743,989749,6,989746,4,0.5,427.961326474592,d4_semiprime
989827,989831,4,989829,12,0.5,538.4061995935165,d8_plus
989909,989917,8,989911,4,0.25,731.6846713595378,d4_semiprime
989977,989981,4,989979,4,0.5,179.47070510668854,d4_semiprime
990053,990137,84,990057,4,0.047619047619047616,7206.499834449385,d4_semiprime
990239,990259,20,990247,4,0.4,1863.7709388800422,d4_semiprime
990313,990323,10,990317,4,0.4,938.7931017074933,d4_semiprime
990377,990383,6,990381,8,0.6666666666666666,400.3694675408487,d8_plus
990503,990511,8,990509,6,0.75,717.9105570551715,d6
990593,990599,6,990597,4,0.6666666666666666,331.3454793731404,d4_semiprime
990733,990761,28,990737,4,0.14285714285714285,2595.5689062021484,d4_semiprime
990881,990887,6,990883,4,0.3333333333333333,427.99694543433463,d4_semiprime
990967,990973,6,990971,4,0.6666666666666666,358.96742805041515,d4_semiprime
991057,991063,6,991061,4,0.6666666666666666,345.1632649636888,d4_semiprime
991147,991171,24,991149,4,0.08333333333333333,1850.0885233758463,d4_semiprime
991261,991273,12,991271,4,0.8333333333333334,1063.119007317057,d4_semiprime
991387,991409,22,991391,4,0.18181818181818182,1477.335290635681,d4_semiprime
991499,991511,12,991502,4,0.25,1118.3653047155874,d4_semiprime
991607,991619,12,991609,4,0.16666666666666666,1090.7599245897177,d4_semiprime
991703,991717,14,991707,4,0.2857142857142857,1339.2970162490913,d4_semiprime
991817,991867,50,991819,4,0.04,4114.581494881037,d4_semiprime
991927,991931,4,991929,4,0.5,207.11110216686677,d4_semiprime
991979,991981,2,991980,96,0.5,648.950536564352,d8_plus
992087,992111,24,992091,4,0.16666666666666666,2015.9062206999356,d4_semiprime
992219,992231,12,992221,4,0.16666666666666666,1159.847110741119,d4_semiprime
992317,992357,40,992323,4,0.15,3590.032594275564,d4_semiprime
992437,992441,4,992438,16,0.25,510.89307872274526,d8_plus
992561,992591,30,992566,4,0.16666666666666666,2388.7939666704765,d4_semiprime
992701,992707,6,992702,8,0.16666666666666666,579.9439324266714,d8_plus
992819,992843,24,992821,4,0.08333333333333333,1781.272778443027,d4_semiprime
992917,992923,6,992918,4,0.16666666666666666,483.294214339556,d4_semiprime
993037,993049,12,993039,4,0.16666666666666666,1146.1080784028627,d4_semiprime
993169,993197,28,993173,4,0.14285714285714285,2223.195949085664,d4_semiprime
993247,993253,6,993249,8,0.3333333333333333,510.92330600755827,d8_plus
993367,993397,30,993371,4,0.13333333333333333,2830.8187067819695,d4_semiprime
993479,993481,2,993480,64,0.5,428.0780455075464,d8_plus
993611,993617,6,993613,4,0.3333333333333333,566.1732894311382,d4_semiprime
993779,993781,2,993780,36,0.5,234.75760926396234,d8_plus
993869,993887,18,993877,4,0.4444444444444444,1491.411735899487,d4_semiprime
993977,993983,6,993979,8,0.3333333333333333,483.3315086195234,d8_plus
994069,994073,4,994071,16,0.5,400.477345390392,d8_plus
994193,994199,6,994195,4,0.3333333333333333,538.5778440190359,d4_semiprime
994271,994297,26,994273,4,0.07692307692307693,2527.189566044679,d4_semiprime
994339,994363,24,994341,4,0.08333333333333333,2264.8147322459504,d4_semiprime
994457,994471,14,994459,4,0.14285714285714285,1118.606653156452,d4_semiprime
994579,994583,4,994582,4,0.75,193.3410684687814,d4_semiprime
994699,994709,10,994702,4,0.3,1671.0342505747374,d4_semiprime
994811,994813,2,994812,48,0.5,317.63710823199057,d8_plus
994879,994901,22,994885,4,0.2727272727272727,2126.7998483351957,d4_semiprime
994963,994991,28,994967,4,0.14285714285714285,2623.9903456265074,d4_semiprime
995117,995119,2,995118,16,0.5,96.67431621451775,d8_plus
995243,995273,30,995245,4,0.06666666666666667,2209.7209566501856,d4_semiprime
995363,995369,6,995365,8,0.3333333333333333,511.0020180703743,d8_plus
995447,995461,14,995453,4,0.42857142857142855,1726.3692239558231,d4_semiprime
995567,995573,6,995569,4,0.3333333333333333,552.442804550687,d4_semiprime
995651,995663,12,995653,4,0.16666666666666666,1077.2701931776967,d4_semiprime
995737,995747,10,995738,4,0.1,787.2409037224821,d4_semiprime
995903,995909,6,995905,4,0.3333333333333333,1367.329256688877,d4_semiprime
995989,996001,12,995991,4,0.16666666666666666,1394.9614539833833,d4_semiprime
996119,996143,24,996122,4,0.125,2486.094161844359,d4_semiprime
996197,996209,12,996199,4,0.16666666666666666,1008.2545621669251,d4_semiprime
996301,996311,10,996305,4,0.4,870.1440242969537,d4_semiprime
996407,996409,2,996408,64,0.5,428.16927482850156,d8_plus
996551,996563,12,996553,4,0.16666666666666666,994.4684103482497,d4_semiprime
996637,996647,10,996641,4,0.4,787.2924138466083,d4_semiprime
996803,996811,8,996806,4,0.375,552.4925090136163,d4_semiprime
996883,996887,4,996884,12,0.25,234.81064384254435,d8_plus
997013,997019,6,997015,4,0.3333333333333333,290.0629700540939,d4_semiprime
997091,997097,6,997093,4,0.3333333333333333,414.37801383206886,d4_semiprime
997123,997141,18,997127,4,0.2222222222222222,1422.701799162949,d4_semiprime
997219,997247,28,997222,4,0.10714285714285714,2334.352824615925,d4_semiprime
997319,997327,8,997321,4,0.25,925.459678069931,d4_semiprime
997427,997433,6,997429,4,0.3333333333333333,317.6975407051833,d4_semiprime
997553,997573,20,997558,4,0.25,2223.904321862202,d4_semiprime
997649,997651,2,997650,48,0.5,317.7026292247556,d8_plus
997741,997751,10,997748,6,0.7,801.1687528501354,d6
997813,997877,64,997814,4,0.015625,5138.566643832623,d4_semiprime
997961,997963,2,997962,16,0.5,96.69429334891467,d8_plus
998069,998071,2,998070,64,0.5,428.2209394865479,d8_plus
998167,998197,30,998171,4,0.13333333333333333,2596.9739028560734,d4_semiprime
998281,998287,6,998282,4,0.16666666666666666,428.2275876058584,d4_semiprime
998411,998419,8,998413,4,0.25,718.3240165524408,d4_semiprime
998513,998527,14,998519,4,0.42857142857142855,1491.9151127585399,d4_semiprime
998629,998633,4,998630,16,0.25,345.3535155006843,d8_plus
998737,998743,6,998741,4,0.6666666666666666,372.98472559168033,d4_semiprime
998839,998843,4,998841,4,0.5,207.21526328705852,d4_semiprime
998941,998947,6,998942,8,0.16666666666666666,649.2793620254931,d8_plus
999023,999029,6,999026,8,0.5,538.7668812240009,d8_plus
999133,999149,16,999139,4,0.375,1091.3574499205745,d4_semiprime
999233,999239,6,999235,8,0.3333333333333333,428.25711823272934,d8_plus
999371,999377,6,999373,4,0.3333333333333333,732.1888611767187,d4_semiprime
999499,999521,22,999503,4,0.18181818181818182,2086.0680260864247,d4_semiprime
999613,999623,10,999619,4,0.6,828.9077371094883,d4_semiprime
999727,999749,22,999731,4,0.18181818181818182,1975.5806899171373,d4_semiprime
999883,999907,24,999886,4,0.125,2169.018835749223,d4_semiprime
